Rank,Name,Platform,Genre,Publisher,NA_Sales,EU_Sales,JP_Sales,Other_Sales,Global_Sales
3,Mario Kart Wii,Wii,Racing,Nintendo,15.85,12.88,3.79,3.31,35.82
40,Super Smash Bros. Brawl,Wii,Fighting,Nintendo,6.75,2.61,2.66,1.02,13.04
52,Grand Theft Auto IV,X360,Action,Take-Two Interactive,6.76,3.1,0.14,1.03,11.02
57,Grand Theft Auto IV,PS3,Action,Take-Two Interactive,4.76,3.76,0.44,1.62,10.57
89,Pokémon Platinum Version,DS,Role-Playing,Nintendo,2.82,1.78,2.69,0.55,7.84
99,Call of Duty: World at War,X360,Shooter,Activision,4.79,1.9,0,0.69,7.37
119,Gears of War 2,X360,Shooter,Microsoft Game Studios,4.15,1.92,0.06,0.64,6.76
145,Metal Gear Solid 4: Guns of the Patriots,PS3,Action,Konami Digital Entertainment,2.63,1.74,0.83,0.83,6.03
149,LittleBigPlanet,PS3,Platform,Sony Computer Entertainment,2.8,2.05,0.17,0.9,5.92
162,Monster Hunter Freedom Unite,PSP,Role-Playing,Capcom,0.47,0.57,4.13,0.34,5.5
167,Call of Duty: World at War,PS3,Shooter,Activision,2.72,1.87,0,0.84,5.43
190,Mario & Sonic at the Olympic Games,DS,Sports,Sega,1.64,2.48,0.44,0.58,5.14
209,Fallout 3,X360,Role-Playing,Bethesda Softworks,3.39,1.03,0.09,0.44,4.96
227,Animal Crossing: City Folk,Wii,Simulation,Nintendo,1.87,1.12,1.32,0.37,4.68
260,Fable II,X360,Role-Playing,Microsoft Game Studios,2.51,1.27,0.11,0.41,4.31
300,Fallout 3,PS3,Role-Playing,Bethesda Softworks,2.15,1.2,0.07,0.59,4.01
325,LEGO Indiana Jones: The Original Adventures,X360,Action,Activision,2.4,1.03,0,0.36,3.78
344,Guitar Hero: World Tour,Wii,Misc,Activision,2.33,0.97,0,0.35,3.65
370,Left 4 Dead,X360,Shooter,Electronic Arts,2.66,0.5,0.05,0.3,3.52
381,Guitar Hero: On Tour,DS,Misc,Activision,2.11,1.01,0.01,0.35,3.48
395,LEGO Batman: The Videogame,X360,Action,Warner Bros. Interactive Entertainment,2.03,1.03,0,0.32,3.38
400,Professor Layton and the Unwound Future,DS,Puzzle,Nintendo,0.65,1.61,0.82,0.28,3.36
413,Wii Music,Wii,Misc,Nintendo,1.36,1.13,0.46,0.32,3.27
426,God of War: Chains of Olympus,PSP,Action,Sony Computer Entertainment,1.48,1.01,0.04,0.66,3.19
433,Rhythm Heaven,DS,Misc,Nintendo,0.58,0.51,1.93,0.14,3.17
435,Club Penguin: Elite Penguin Force,DS,Adventure,Disney Interactive Studios,1.88,0.98,0,0.3,3.16
437,LEGO Batman: The Videogame,DS,Action,Warner Bros. Interactive Entertainment,1.79,1.06,0,0.29,3.15
459,Kung Fu Panda,X360,Action,Activision,1.91,0.84,0,0.29,3.05
462,Saints Row 2,X360,Action,THQ,1.94,0.8,0.02,0.27,3.03
482,Kirby Super Star Ultra,DS,Platform,Nintendo,1.57,0.04,1.19,0.15,2.96
497,Sega Superstars Tennis,X360,Sports,Sega,1.75,0.86,0,0.28,2.9
526,Star Wars: The Force Unleashed,X360,Action,LucasArts,1.74,0.8,0,0.26,2.8
567,Guitar Hero: World Tour,X360,Misc,Activision,1.78,0.64,0,0.25,2.67
586,Style Savvy,DS,Simulation,Nintendo,0.63,0.84,0.96,0.19,2.61
590,FIFA Soccer 09,PS3,Sports,Electronic Arts,0.48,1.63,0.04,0.43,2.59
606,Deca Sports,Wii,Sports,Konami Digital Entertainment,1.13,0.87,0.29,0.25,2.54
607,Madden NFL 09,X360,Sports,Electronic Arts,2.21,0.12,0,0.2,2.54
615,PES 2009: Pro Evolution Soccer,PS2,Sports,Konami Digital Entertainment,0.13,0.07,0.26,2.05,2.5
621,Resistance 2,PS3,Shooter,Sony Computer Entertainment,1.15,0.85,0.1,0.39,2.48
622,Pure,X360,Racing,Disney Interactive Studios,1.38,0.85,0,0.25,2.48
629,Midnight Club: Los Angeles,PS3,Racing,Take-Two Interactive,1.55,0.54,0.05,0.31,2.45
637,Tom Clancy's Rainbow Six: Vegas 2,X360,Shooter,Ubisoft,1.56,0.61,0.02,0.23,2.42
676,Midnight Club: Los Angeles,X360,Racing,Take-Two Interactive,1.68,0.46,0.01,0.2,2.35
679,My Fitness Coach,Wii,Sports,Ubisoft,1.2,0.9,0,0.24,2.34
694,Pokemon Ranger: Shadows of Almia,DS,Role-Playing,Nintendo,0.95,0.54,0.62,0.18,2.3
703,FIFA Soccer 09,PS2,Sports,Electronic Arts,0.38,0.07,0.01,1.82,2.28
704,Star Wars: The Force Unleashed,PS3,Action,LucasArts,1.01,0.9,0,0.37,2.28
721,Dissidia: Final Fantasy,PSP,Fighting,Square Enix,0.51,0.51,0.91,0.32,2.25
725,LEGO Indiana Jones: The Original Adventures,DS,Action,Activision,1.42,0.61,0,0.21,2.23
735,Rock Band 2,X360,Misc,Electronic Arts,1.78,0.24,0,0.18,2.2
740,Sonic Unleashed,Wii,Platform,Sega,1.28,0.68,0.02,0.21,2.2
781,PES 2009: Pro Evolution Soccer,PS3,Sports,Konami Digital Entertainment,0.11,1.34,0.4,0.26,2.11
803,Need For Speed: Undercover,PS3,Racing,Electronic Arts,0.63,1.02,0.05,0.39,2.08
824,Carnival Games,DS,Misc,Take-Two Interactive,1.23,0.64,0,0.19,2.05
833,Rayman Raving Rabbids: TV Party,Wii,Misc,Ubisoft,0.73,1.09,0,0.23,2.04
842,Dead Space,PS3,Action,Electronic Arts,1.05,0.67,0,0.3,2.02
852,Mortal Kombat vs. DC Universe,PS3,Fighting,Midway Games,1.48,0.3,0,0.22,2
863,Call of Duty: World at War,Wii,Shooter,Activision,1.2,0.59,0,0.19,1.97
865,Burnout Paradise,PS3,Racing,Electronic Arts,1.01,0.64,0.02,0.3,1.97
879,FIFA Soccer 09,X360,Sports,Electronic Arts,0.49,1.26,0.01,0.18,1.94
888,Guitar Hero: World Tour,PS3,Misc,Activision,1.1,0.56,0,0.27,1.93
892,Mortal Kombat vs. DC Universe,X360,Fighting,Midway Games,1.53,0.24,0,0.16,1.93
894,Mario Super Sluggers,Wii,Sports,Nintendo,1.51,0,0.29,0.12,1.93
898,Monopoly,Wii,Misc,Electronic Arts,0.87,0.85,0,0.2,1.92
905,Star Wars: The Force Unleashed,Wii,Action,LucasArts,1.14,0.57,0,0.19,1.91
906,Game Party 2,Wii,Misc,Midway Games,1.3,0.44,0,0.17,1.91
912,Madden NFL 09,PS3,Sports,Electronic Arts,1.56,0.15,0,0.18,1.89
964,Guitar Hero: World Tour,PS2,Misc,Activision,1,0.03,0,0.77,1.8
1014,Dance Dance Revolution X,PS2,Simulation,Konami Digital Entertainment,0.85,0.66,0.01,0.22,1.75
1037,Call of Duty: World at War Final Fronts,PS2,Shooter,Activision,0.61,0.18,0,0.94,1.72
1038,Imagine: Teacher,DS,Simulation,Ubisoft,0.7,0.83,0,0.19,1.72
1053,We Ski,Wii,Sports,Namco Bandai Games,0.99,0.42,0.14,0.15,1.7
1061,Saints Row 2,PS3,Action,THQ,0.88,0.54,0.02,0.25,1.69
1069,Need For Speed: Undercover,X360,Racing,Electronic Arts,0.79,0.71,0.01,0.18,1.69
1081,Star Wars The Clone Wars: Lightsaber Duels,Wii,Action,LucasArts,1.23,0.3,0,0.14,1.68
1084,Shaun White Snowboarding: Road Trip,Wii,Sports,Ubisoft,0.94,0.57,0,0.17,1.67
1086,Big Beach Sports,Wii,Sports,THQ,0.45,1.02,0,0.2,1.67
1113,Army of Two,X360,Shooter,Electronic Arts,1.09,0.38,0.02,0.16,1.65
1150,Dance Dance Revolution: Hottest Party 2,Wii,Simulation,Konami Digital Entertainment,0.95,0.48,0.01,0.15,1.6
1153,Far Cry 2,X360,Action,Ubisoft,0.71,0.69,0.02,0.18,1.6
1157,Dragon Quest V: Hand of the Heavenly Bride,DS,Role-Playing,Square Enix,0.19,0.02,1.36,0.02,1.6
1164,Devil May Cry 4,PS3,Action,Capcom,0.58,0.46,0.34,0.21,1.59
1167,SoulCalibur IV,X360,Fighting,Ubisoft,0.92,0.44,0.07,0.15,1.59
1171,Carnival Games: Mini Golf,Wii,Sports,Take-Two Interactive,0.87,0.56,0,0.15,1.58
1172,Guitar Hero: On Tour Decades,DS,Misc,Activision,0.85,0.58,0,0.16,1.58
1173,MySims Kingdom,DS,Simulation,Electronic Arts,0.81,0.6,0.01,0.17,1.58
1177,High School Musical 3: Senior Year,DS,Misc,Disney Interactive Studios,0.64,0.76,0,0.17,1.58
1200,Active Life: Outdoor Challenge,Wii,Sports,Atari,0.79,0.44,0.19,0.14,1.55
1216,Disney Fairies: Tinker Bell,DS,Adventure,Disney Interactive Studios,0.86,0.52,0.01,0.15,1.54
1221,MySims Kingdom,Wii,Simulation,Electronic Arts,0.71,0.65,0.01,0.17,1.53
1266,Rock Band 2,PS3,Misc,MTV Games,1.13,0.2,0,0.16,1.5
1271,Madden NFL 09,PS2,Sports,Electronic Arts,1.22,0,0,0.27,1.49
1272,Drawn To Life: SpongeBob SquarePants Edition,DS,Adventure,THQ,1,0.36,0,0.13,1.49
1275,007: Quantum of Solace,X360,Action,Activision,0.82,0.52,0.01,0.14,1.49
1289,SoulCalibur IV,PS3,Fighting,Ubisoft,0.72,0.41,0.14,0.2,1.47
1294,Chrono Trigger,DS,Role-Playing,Square Enix,0.69,0.2,0.49,0.09,1.47
1296,The House of the Dead 2 & 3 Return,Wii,Shooter,Sega,0.78,0.5,0.03,0.15,1.47
1302,Battlefield: Bad Company,X360,Shooter,Electronic Arts,0.81,0.46,0.04,0.15,1.46
1304,Wall-E,DS,Platform,THQ,0.46,0.83,0,0.17,1.46
1320,BioShock,PS3,Shooter,Take-Two Interactive,0.75,0.49,0.01,0.21,1.45
1330,Hasbro Family Game Night,Wii,Puzzle,Electronic Arts,0.97,0.34,0,0.13,1.45
1351,Tiger Woods PGA Tour 09 All-Play,Wii,Sports,Electronic Arts,0.81,0.48,0,0.14,1.43
1364,Dead Space,X360,Action,Electronic Arts,0.89,0.4,0,0.13,1.42
1383,Need For Speed: Undercover,PS2,Racing,Electronic Arts,0.38,0.08,0.03,0.93,1.4
1385,Far Cry 2,PS3,Action,Ubisoft,0.43,0.7,0.01,0.27,1.4
1414,LEGO Indiana Jones: The Original Adventures,PS2,Action,LucasArts,0.6,0.01,0,0.76,1.37
1419,MotorStorm: Pacific Rift,PS3,Racing,Sony Computer Entertainment,0.43,0.67,0.02,0.26,1.37
1427,Burnout Paradise,X360,Racing,Electronic Arts,0.63,0.58,0.01,0.15,1.36
1428,SingStar Abba,PS2,Misc,Sony Computer Entertainment,0.23,0.04,0,1.09,1.36
1440,FIFA Soccer 09,PSP,Sports,Electronic Arts,0.23,0.73,0.02,0.37,1.35
1445,Battlefield: Bad Company,PS3,Shooter,Electronic Arts,0.76,0.36,0.05,0.18,1.35
1449,Devil May Cry 4,X360,Action,Capcom,0.79,0.34,0.08,0.13,1.35
1450,Tom Clancy's Rainbow Six: Vegas 2,PS3,Shooter,Ubisoft,0.66,0.45,0.04,0.21,1.35
1486,LEGO Batman: The Videogame,PS3,Action,Warner Bros. Interactive Entertainment,0.72,0.42,0,0.19,1.32
1488,World of Warcraft: Wrath of the Lich King,PC,Role-Playing,Activision,0.01,0.13,0,1.18,1.32
1512,High School Musical 3: Senior Year DANCE!,Wii,Misc,Disney Interactive Studios,0.68,0.49,0,0.13,1.31
1513,Gold's Gym: Cardio Workout,Wii,Sports,Ubisoft,1.11,0.04,0.06,0.09,1.31
1536,Guitar Hero: Aerosmith,Wii,Misc,Activision,1.04,0.14,0,0.1,1.29
1537,Mystery Case Files: MillionHeir,DS,Adventure,Nintendo,0.76,0.4,0,0.12,1.29
1538,Valkyria Chronicles,PS3,Role-Playing,Sega,0.71,0.2,0.24,0.13,1.29
1542,Imagine: Wedding Designer,DS,Simulation,Ubisoft,0.55,0.59,0,0.14,1.28
1552,Tomb Raider: Underworld,PS3,Action,Eidos Interactive,0.45,0.56,0.05,0.22,1.27
1555,LEGO Batman: The Videogame,PS2,Action,Warner Bros. Interactive Entertainment,0.72,0.03,0,0.52,1.27
1559,NBA 2K9,X360,Sports,Take-Two Interactive,1,0.16,0,0.11,1.27
1564,Jillian Michaels' Fitness Ultimatum 2009,Wii,Sports,Deep Silver,0.96,0.2,0,0.11,1.27
1571,Kung Fu Panda,DS,Action,Activision,0.56,0.57,0,0.14,1.26
1584,SOCOM: U.S. Navy SEALs Confrontation,PS3,Shooter,Sony Computer Entertainment,0.94,0.17,0.02,0.13,1.25
1586,Star Wars: The Force Unleashed,PS2,Action,LucasArts,0.49,0,0.01,0.75,1.25
1609,WWE SmackDown vs. Raw 2009,PS2,Fighting,THQ,0.69,0,0,0.55,1.24
1620,Guitar Hero: Aerosmith,X360,Misc,Activision,1,0.14,0,0.1,1.23
1631,Boom Blox,Wii,Puzzle,Electronic Arts,0.72,0.38,0,0.12,1.23
1673,Disney Sing It,Wii,Misc,Disney Interactive Studios,0.77,0.31,0,0.12,1.2
1692,Pro Evolution Soccer 2008,Wii,Sports,Konami Digital Entertainment,0.09,0.84,0.11,0.15,1.19
1709,LEGO Indiana Jones: The Original Adventures,PSP,Action,LucasArts,0.4,0.49,0,0.29,1.18
1719,Spore,PC,Strategy,Electronic Arts,0.03,1.06,0,0.09,1.17
1722,Army of Two,PS3,Shooter,Electronic Arts,0.74,0.26,0.02,0.15,1.17
1725,Wario Land: Shake It!,Wii,Platform,Nintendo,0.6,0.31,0.15,0.11,1.17
1738,Mirror's Edge,X360,Platform,Electronic Arts,0.51,0.51,0.01,0.13,1.17
1741,007: Quantum of Solace,PS3,Action,Activision,0.43,0.52,0.02,0.2,1.16
1763,Worldwide Soccer Manager 2009,PC,Simulation,Sega,0,1.14,0,0.01,1.15
1775,High School Musical 2: Work This Out!,DS,Misc,Disney Interactive Studios,0.5,0.52,0,0.13,1.15
1790,Mirror's Edge,PS3,Platform,Electronic Arts,0.31,0.59,0.02,0.22,1.14
1836,GRID,PS3,Racing,Codemasters,0.31,0.57,0.03,0.2,1.11
1864,NERF N-Strike,Wii,Shooter,Electronic Arts,0.92,0.09,0,0.09,1.1
1872,Star Wars: The Force Unleashed,PSP,Action,LucasArts,0.43,0.41,0,0.25,1.09
1873,Imagine: Babysitters,DS,Simulation,Ubisoft,0.63,0.36,0,0.1,1.09
1896,Prince of Persia,PS3,Action,Ubisoft,0.47,0.41,0.03,0.18,1.08
1908,Tomb Raider: Underworld,X360,Action,Eidos Interactive,0.53,0.43,0.01,0.11,1.08
1912,Spore Creatures,DS,Simulation,Electronic Arts,0.67,0.3,0,0.11,1.08
1917,Naruto: Ultimate Ninja Storm,PS3,Fighting,Namco Bandai Games,0.49,0.35,0.09,0.16,1.08
1922,Imagine: Fashion Designer New York,DS,Simulation,Ubisoft,0.65,0.32,0,0.1,1.07
1924,Bully: Scholarship Edition,X360,Action,Take-Two Interactive,0.53,0.4,0.03,0.11,1.07
1943,Junior Brain Trainer,DS,Misc,GSP,0.23,0.74,0,0.1,1.06
1948,Sega Superstars Tennis,Wii,Sports,Sega,0.28,0.65,0,0.13,1.06
1951,Mercenaries 2: World in Flames,X360,Shooter,Electronic Arts,0.65,0.3,0.01,0.1,1.06
1954,LEGO Indiana Jones: The Original Adventures,PS3,Action,Activision,0.44,0.44,0,0.18,1.06
1990,Guinness World Records: The Videogame,Wii,Action,Warner Bros. Interactive Entertainment,0.46,0.47,0,0.11,1.04
2016,Sonic Unleashed,PS3,Platform,Sega,0.56,0.33,0.01,0.14,1.03
2025,Rock Band 2,Wii,Misc,MTV Games,0.94,0.01,0,0.08,1.03
2036,Wall-E,Wii,Platform,THQ,0.51,0.4,0,0.11,1.02
2044,Prince of Persia,X360,Action,Ubisoft,0.54,0.35,0.02,0.1,1.01
2047,Ninja Gaiden II,X360,Action,Tecmo Koei,0.65,0.22,0.05,0.1,1.01
2059,PES 2009: Pro Evolution Soccer,X360,Sports,Konami Digital Entertainment,0.13,0.76,0.03,0.09,1
2067,Haze,PS3,Shooter,Ubisoft,0.49,0.33,0.02,0.15,1
2081,Puzzler Collection,DS,Puzzle,Ubisoft,0.17,0.78,0,0.04,1
2087,Littlest Pet Shop: Winter,DS,Simulation,Electronic Arts,0.59,0.31,0,0.1,0.99
2098,Midnight Club: LA Remix,PSP,Racing,Take-Two Interactive,0.52,0.28,0,0.19,0.99
2100,Guitar Hero: Aerosmith,PS3,Misc,Activision,0.73,0.15,0,0.11,0.99
2105,Fallout 3,PC,Role-Playing,Bethesda Softworks,0.02,0.88,0,0.08,0.99
2107,Pro Evolution Soccer 2008,PSP,Sports,Konami Digital Entertainment,0.02,0.53,0.19,0.25,0.98
2131,de Blob,Wii,Platform,THQ,0.5,0.37,0,0.1,0.97
2161,Sonic Unleashed,X360,Platform,Sega,0.54,0.33,0,0.09,0.96
2165,My Weight Loss Coach,DS,Sports,Ubisoft,0.3,0.54,0,0.11,0.96
2180,Ben 10: Alien Force,DS,Action,Koch Media,0.65,0.22,0,0.09,0.95
2181,SingStar Abba,PS3,Misc,Sony Computer Entertainment,0.27,0.51,0,0.17,0.95
2191,WWE SmackDown vs. Raw 2009,PS3,Fighting,THQ,0.51,0.31,0.01,0.13,0.95
2217,Phantasy Star Portable,PSP,Role-Playing,Sega,0.19,0.06,0.63,0.05,0.94
2228,White Knight Chronicles: International Edition,PS3,Role-Playing,Sony Computer Entertainment,0.33,0.16,0.36,0.08,0.93
2230,Sonic Riders: Zero Gravity,Wii,Racing,Sega,0.5,0.32,0.02,0.1,0.93
2242,Brothers in Arms: Hell's Highway,PS3,Shooter,Ubisoft,0.44,0.34,0,0.15,0.93
2255,WWE SmackDown vs. Raw 2009,X360,Fighting,THQ,0.58,0.26,0,0.08,0.92
2259,Kung Fu Panda,Wii,Action,Activision,0.5,0.32,0,0.09,0.92
2262,Assassin's Creed,PC,Adventure,Ubisoft,0.01,0.83,0,0.08,0.92
2280,Tom Clancy's EndWar,X360,Strategy,Ubisoft,0.58,0.24,0.01,0.09,0.91
2290,Call of Duty: World at War,DS,Shooter,Activision,0.57,0.26,0,0.08,0.91
2302,Buzz! Quiz TV,PS3,Misc,Sony Computer Entertainment,0.28,0.48,0,0.14,0.9
2303,We Ski & Snowboard,Wii,Sports,Atari,0.38,0.29,0.15,0.08,0.9
2305,TouchMaster 2,DS,Puzzle,Midway Games,0.3,0.49,0,0.1,0.9
2312,Star Wars: The Force Unleashed,DS,Action,LucasArts,0.51,0.29,0,0.09,0.9
2316,Samba De Amigo,Wii,Misc,Sega,0.42,0.37,0.01,0.1,0.9
2318,Pure,PS3,Racing,Disney Interactive Studios,0.42,0.33,0,0.14,0.9
2319,FIFA Soccer 09 All-Play,Wii,Sports,Electronic Arts,0.29,0.52,0,0.09,0.9
2320,Fossil Fighters,DS,Role-Playing,Nintendo,0.84,0,0,0.06,0.9
2333,Sonic Chronicles: The Dark Brotherhood,DS,Role-Playing,Sega,0.51,0.29,0.01,0.09,0.89
2340,CSI: Hard Evidence,Wii,Adventure,Ubisoft,0.36,0.43,0,0.1,0.89
2359,Grand Theft Auto IV,PC,Action,Take-Two Interactive,0.01,0.79,0,0.08,0.88
2360,Peppa Pig: The Game,DS,Misc,Pinnacle,0,0.82,0,0.06,0.88
2371,Cooking Mama: World Kitchen,Wii,Simulation,505 Games,0.51,0.28,0.01,0.08,0.88
2374,GRID,X360,Racing,Codemasters,0.33,0.44,0.01,0.09,0.88
2385,Mercenaries 2: World in Flames,PS3,Shooter,Electronic Arts,0.29,0.4,0.02,0.16,0.87
2387,Kingdom Hearts Re: Chain of Memories,PS2,Role-Playing,Square Enix,0.73,0.03,0,0.12,0.87
2392,Beijing 2008,PS3,Sports,Sega,0.14,0.54,0.01,0.18,0.87
2397,Buzz! Master Quiz,PSP,Misc,Sony Computer Entertainment,0.2,0.44,0,0.23,0.87
2398,Brothers in Arms: Hell's Highway,X360,Shooter,Ubisoft,0.47,0.31,0,0.09,0.87
2423,Dragon Ball Z: Burst Limit,PS3,Fighting,Atari,0.22,0.34,0.18,0.12,0.86
2425,The Legendary Starfy,DS,Platform,Nintendo,0.61,0,0.2,0.05,0.86
2434,Madden NFL 09 All-Play,Wii,Sports,Electronic Arts,0.78,0.01,0,0.07,0.85
2462,Petz Dogz Fashion,DS,Simulation,Ubisoft,0.46,0.3,0,0.09,0.84
2482,WWE SmackDown vs. Raw 2009,Wii,Fighting,THQ,0.44,0.31,0,0.08,0.83
2485,Battle of Giants: Dinosaurs,DS,Strategy,Ubisoft,0.38,0.37,0,0.09,0.83
2497,The Price is Right,Wii,Misc,Ubisoft,0.77,0,0,0.06,0.83
2498,Sid Meier's Civilization Revolution,X360,Strategy,Take-Two Interactive,0.58,0.17,0,0.07,0.83
2527,Imagine: Rock Star,DS,Simulation,Ubisoft,0.4,0.33,0,0.09,0.82
2528,Shin Megami Tensei: Persona 4,PS2,Role-Playing,Atlus,0.34,0.04,0.36,0.08,0.82
2529,SingStar Vol. 2,PS3,Misc,Sony Computer Entertainment,0.29,0.4,0,0.13,0.82
2558,Ben 10: Alien Force,Wii,Action,Koch Media,0.52,0.21,0,0.07,0.81
2580,All Star Cheer Squad,Wii,Sports,THQ,0.43,0.29,0,0.08,0.8
2602,Guitar Hero: Aerosmith,PS2,Misc,Activision,0.61,0,0,0.18,0.79
2610,Star Wars The Clone Wars: Jedi Alliance,DS,Action,LucasArts,0.62,0.11,0,0.07,0.79
2622,Too Human,X360,Role-Playing,Microsoft Game Studios,0.38,0.3,0.03,0.08,0.79
2623,Sid Meier's Civilization Revolution,PS3,Strategy,Take-Two Interactive,0.49,0.19,0.01,0.1,0.79
2626,Personal Trainer: Walking,DS,Sports,Nintendo,0.22,0.32,0.17,0.07,0.79
2632,Lips,X360,Misc,Microsoft Game Studios,0.12,0.56,0,0.1,0.78
2639,My Little Pony: Pinkie Pie's Party,DS,Adventure,THQ,0.72,0,0,0.06,0.78
2651,Need for Speed: ProStreet,PSP,Racing,Electronic Arts,0.24,0.33,0.01,0.2,0.78
2656,Banjo-Kazooie: Nuts & Bolts,X360,Platform,Microsoft Game Studios,0.32,0.36,0,0.09,0.78
2667,Need For Speed: Undercover,PSP,Racing,Electronic Arts,0.23,0.32,0.03,0.19,0.77
2678,My Baby Girl,DS,Simulation,Nobilis,0.61,0.1,0,0.06,0.77
2688,Sonic Unleashed,PS2,Platform,Sega,0.37,0.04,0,0.36,0.76
2728,Harvest Moon: Animal Parade,Wii,Simulation,Rising Star Games,0.6,0.09,0.02,0.05,0.76
2733,Wall-E,PS2,Platform,THQ,0.21,0,0,0.54,0.75
2734,WWE SmackDown vs. Raw 2009,PSP,Fighting,THQ,0.41,0.21,0,0.14,0.75
2741,Turok,X360,Action,Touchstone,0.46,0.21,0.01,0.07,0.75
2752,Tales of Vesperia,X360,Role-Playing,Atari,0.32,0.18,0.19,0.05,0.75
2754,Madagascar: Escape 2 Africa,DS,Action,Activision,0.42,0.26,0,0.07,0.75
2762,Sega Superstars Tennis,DS,Sports,Sega,0.29,0.37,0,0.08,0.75
2822,Imagine: Interior Designer,DS,Simulation,Ubisoft,0.34,0.31,0,0.08,0.73
2876,Madden NFL 09,PSP,Sports,Electronic Arts,0.65,0,0,0.06,0.71
2899,NCAA Football 09,X360,Sports,Electronic Arts,0.65,0,0,0.05,0.71
2900,NBA Live 09,X360,Sports,Electronic Arts,0.5,0.14,0,0.07,0.71
2907,Infinite Undiscovery,X360,Role-Playing,Square Enix,0.34,0.18,0.12,0.06,0.7
2910,The Sims 2: Apartment Pets,DS,Simulation,Electronic Arts,0.32,0.31,0,0.07,0.7
2938,MLB 08: The Show,PS3,Sports,Sony Computer Entertainment,0.64,0,0,0.05,0.7
2969,The Last Remnant,X360,Role-Playing,Square Enix,0.25,0.2,0.18,0.06,0.69
2980,Iron Man,PS3,Action,Sega,0.32,0.25,0,0.11,0.68
3003,Mass Effect,PC,Role-Playing,Electronic Arts,0,0.59,0,0.09,0.68
3006,Turok,PS3,Action,Touchstone,0.35,0.22,0.01,0.1,0.68
3008,100 Classic Books,DS,Misc,Nintendo,0.13,0.52,0,0.02,0.67
3026,Need For Speed: Undercover,Wii,Racing,Electronic Arts,0.27,0.32,0,0.07,0.67
3027,Taiko no Tatsujin Wii,Wii,Misc,Namco Bandai Games,0,0,0.67,0,0.67
3034,Summer Sports: Paradise Island (Others sales),Wii,Sports,Ubisoft,0,0.66,0,0.01,0.67
3038,TV Show King Party,Wii,Puzzle,Ubisoft,0.18,0.41,0,0.08,0.67
3040,007: Quantum of Solace,Wii,Action,Activision,0.3,0.29,0.01,0.07,0.67
3042,Command & Conquer: Red Alert 3,PC,Strategy,Electronic Arts,0.01,0.64,0,0.02,0.67
3055,Shaun White Snowboarding,PS3,Sports,Ubisoft,0.31,0.24,0.01,0.1,0.66
3080,Tiger Woods PGA Tour 09,PS3,Sports,Electronic Arts,0.34,0.22,0,0.1,0.66
3083,New Play Control! Pikmin,Wii,Strategy,Nintendo,0.29,0.14,0.19,0.04,0.66
3094,Scene It? Box Office Smash,X360,Misc,Microsoft Game Studios,0.33,0.25,0,0.07,0.66
3098,Kung Fu Panda,PS2,Action,Activision,0.24,0,0,0.41,0.65
3099,Tom Clancy's EndWar,PS3,Strategy,Ubisoft,0.32,0.22,0.01,0.1,0.65
3101,Tiger Woods PGA Tour 09,X360,Sports,Electronic Arts,0.35,0.23,0,0.07,0.65
3105,Wall-E,PSP,Platform,THQ,0.29,0.22,0,0.14,0.65
3116,Fire Emblem: Shadow Dragon,DS,Role-Playing,Nintendo,0.31,0.03,0.27,0.03,0.65
3132,Meccha! Taiko no Tatsujin Master DS: 7-tsu no Shima no Daibouken,DS,Misc,Namco Bandai Games,0,0,0.65,0,0.65
3148,Lost Planet: Extreme Condition,PS3,Shooter,Capcom,0.31,0.17,0.07,0.09,0.64
3181,Okami,Wii,Action,Capcom,0.45,0.1,0.04,0.05,0.64
3202,Iron Man,PSP,Action,Sega,0.46,0.09,0,0.09,0.63
3209,Condemned 2: Bloodshot,X360,Action,Sega,0.38,0.19,0,0.06,0.63
3258,Bolt,DS,Adventure,Disney Interactive Studios,0.35,0.21,0,0.06,0.62
3278,Wall-E,X360,Platform,THQ,0.29,0.26,0,0.07,0.62
3286,NBA 2K9,PS3,Sports,Take-Two Interactive,0.56,0,0,0.05,0.61
3287,SingStar Singalong With Disney,PS2,Misc,Sony Computer Entertainment,0,0.04,0,0.57,0.61
3306,New Play Control! Donkey Kong Jungle Beat,Wii,Platform,Nintendo,0.24,0.17,0.14,0.05,0.61
3309,Littlest Pet Shop: Garden,DS,Simulation,Electronic Arts,0.31,0.24,0,0.06,0.61
3314,Major League Baseball 2K8,X360,Sports,Bethesda Softworks,0.56,0,0,0.05,0.61
3317,Petz: Dogz Pack,DS,Simulation,Ubisoft,0.56,0,0,0.05,0.61
3326,Disney TH!NK Fast: The Ultimate Trivia Showdown,Wii,Misc,Disney Interactive Studios,0.37,0.16,0.01,0.06,0.61
3331,Littlest Pet Shop: Jungle,DS,Simulation,Electronic Arts,0.34,0.2,0,0.06,0.61
3366,Disney Sing It! High School Musical 3: Senior Year,Wii,Misc,Disney Interactive Studios,0.32,0.23,0,0.04,0.6
3377,Monopoly,X360,Misc,Electronic Arts,0.34,0.2,0,0.06,0.6
3384,Dead Space,PC,Action,Electronic Arts,0,0.53,0,0.06,0.59
3388,Beijing 2008,X360,Sports,Sega,0.15,0.38,0,0.07,0.59
3397,Iron Man,Wii,Action,Sega,0.31,0.22,0,0.06,0.59
3402,Rock Band 2,PS2,Misc,MTV Games,0.29,0.23,0,0.08,0.59
3406,Naruto: The Broken Bond,X360,Action,Ubisoft,0.24,0.28,0,0.07,0.59
3412,Go Diego Go! Great Dinosaur Rescue,Wii,Action,Take-Two Interactive,0.53,0.02,0,0.04,0.59
3424,Skate it,Wii,Sports,Electronic Arts,0.51,0.04,0,0.05,0.59
3427,Lost: Via Domus,X360,Action,Ubisoft,0.18,0.34,0,0.07,0.59
3431,Ben 10: Alien Force,PSP,Action,Koch Media,0.35,0.14,0,0.1,0.59
3440,Top Spin 3,Wii,Action,Take-Two Interactive,0.15,0.37,0,0.07,0.58
3442,SpongeBob SquarePants featuring Nicktoons: Globs of Doom,PS2,Action,THQ,0.29,0.22,0,0.07,0.58
3452,Harvest Moon: Sunshine Islands,DS,Simulation,Rising Star Games,0.35,0.03,0.17,0.03,0.58
3454,The Legend of Spyro: Dawn of the Dragon,Wii,Platform,Vivendi Games,0.35,0.18,0,0.05,0.58
3460,NCAA Football 09,PS3,Sports,Electronic Arts,0.54,0,0,0.04,0.58
3502,Ratchet & Clank: Quest for Booty,PS3,Platform,Sony Computer Entertainment,0,0.53,0,0.04,0.58
3505,Top Spin 3,PS3,Action,Take-Two Interactive,0.08,0.37,0,0.12,0.57
3512,Hasbro Family Game Night,PS2,Puzzle,Electronic Arts,0.28,0.22,0,0.07,0.57
3517,Iron Man,X360,Action,Sega,0.27,0.24,0,0.06,0.57
3521,SpongeBob SquarePants featuring Nicktoons: Globs of Doom,DS,Action,THQ,0.53,0,0,0.04,0.57
3523,Ben 10: Alien Force,PS2,Action,Koch Media,0.22,0.02,0,0.33,0.57
3529,Petz Wild Animals: Tigerz,DS,Simulation,Ubisoft,0.52,0.01,0,0.04,0.57
3542,Dora The Explorer: Dora Saves the Snow Princess,Wii,Platform,Take-Two Interactive,0.5,0.03,0,0.04,0.57
3557,Bolt,Wii,Adventure,Disney Interactive Studios,0.19,0.31,0,0.06,0.57
3558,Top Spin 3,X360,Action,Take-Two Interactive,0.09,0.4,0,0.07,0.57
3599,Frontlines: Fuel of War,X360,Shooter,THQ,0.34,0.15,0.01,0.05,0.56
3603,Viva Pinata: Pocket Paradise,DS,Simulation,THQ,0.27,0.23,0,0.06,0.56
3608,Madagascar: Escape 2 Africa,Wii,Action,Activision,0.32,0.18,0,0.05,0.56
3614,DS Bimoji Training,DS,Misc,Nintendo,0,0,0.56,0,0.56
3616,Petz Catz Clan,DS,Simulation,Ubisoft,0.48,0.04,0,0.04,0.56
3657,Secret Agent Clank(US sales),PSP,Platform,Sony Computer Entertainment,0.33,0.22,0,0,0.55
3661,Barbie Horse Adventures: Riding Camp,DS,Sports,Activision,0.51,0,0,0.04,0.55
3662,CrossworDS,DS,Puzzle,Deep Silver,0.51,0,0,0.04,0.55
3677,Summer Sports: Paradise Island,Wii,Sports,Ubisoft,0.49,0.02,0,0.04,0.55
3684,Are You Smarter than a 5th Grader? Make the Grade,Wii,Misc,THQ,0.51,0,0,0.04,0.55
3690,Iron Man,PS2,Action,Sega,0.36,0,0,0.19,0.54
3691,SingStar Summer Party,PS2,Misc,Sony Computer Entertainment,0,0.06,0,0.48,0.54
3700,System 3 presents Ferrari Challenge Trofeo Pirelli,Wii,Racing,System 3 Arcade Software,0.07,0.4,0,0.07,0.54
3710,Inazuma Eleven,DS,Role-Playing,Nintendo,0,0.14,0.38,0.02,0.54
3727,Let's Draw!,DS,Misc,Ubisoft,0.24,0.23,0,0.06,0.54
3733,Rune Factory 2: A Fantasy Harvest Moon,DS,Role-Playing,Rising Star Games,0.33,0.03,0.15,0.03,0.54
3741,Hello Kitty: Big City Dreams,DS,Puzzle,Empire Interactive,0.42,0.08,0,0.04,0.54
3751,Magician's Quest: Mysterious Times,DS,Role-Playing,Konami Digital Entertainment,0.04,0.01,0.48,0,0.54
3754,Tales of Symphonia: Dawn of the New World,Wii,Role-Playing,Namco Bandai Games,0.22,0.05,0.24,0.03,0.54
3763,SpongeBob SquarePants featuring Nicktoons: Globs of Doom,Wii,Action,THQ,0.49,0,0,0.04,0.53
3777,NASCAR 09,PS2,Racing,Electronic Arts,0.26,0.2,0,0.07,0.53
3797,We Cheer,Wii,Simulation,505 Games,0.48,0,0,0.04,0.53
3815,Go Diego Go! Safari Rescue,Wii,Action,Take-Two Interactive,0.48,0.01,0,0.04,0.53
3826,Guinness World Records: The Videogame,DS,Action,Warner Bros. Interactive Entertainment,0.47,0.01,0,0.04,0.52
3830,Spectrobes: Beyond the Portals,DS,Role-Playing,Disney Interactive Studios,0.37,0.11,0,0.04,0.52
3842,Way of the Samurai 3,PS3,Action,Gamebridge,0.18,0.08,0.22,0.04,0.52
3843,NBA Live 09,PS3,Sports,Electronic Arts,0.46,0,0.02,0.04,0.52
3850,Bully: Scholarship Edition,Wii,Action,Take-Two Interactive,0.17,0.29,0,0.06,0.52
3855,Kung Fu Panda,PS3,Action,Activision,0.21,0.21,0,0.09,0.52
3874,Iron Man,DS,Action,Sega,0.35,0.12,0,0.05,0.52
3897,Jam With the Band,DS,Misc,Nintendo,0,0,0.51,0,0.51
3903,Sega Bass Fishing,Wii,Sports,Sega,0.46,0.01,0,0.04,0.51
3915,Lost: Via Domus,PS3,Action,Ubisoft,0.19,0.23,0,0.09,0.51
3922,Disgaea 3: Absence of Justice,PS3,Role-Playing,Square Enix,0.32,0.04,0.11,0.04,0.51
3936,Euro Truck Simulator,PC,Simulation,Rondomedia,0,0.42,0,0.09,0.51
3951,NHL 09,X360,Sports,Electronic Arts,0.45,0.01,0,0.04,0.5
3967,Disney Sing It,PS2,Misc,Disney Interactive Studios,0.25,0.19,0,0.06,0.5
3970,Crash: Mind Over Mutant,PS2,Platform,Vivendi Games,0.25,0.19,0,0.06,0.5
3998,The Price is Right,DS,Misc,Ubisoft,0.46,0,0,0.04,0.5
4005,Dynasty Warriors: Gundam 2,PS3,Action,Namco Bandai Games,0.09,0.07,0.32,0.03,0.5
4008,Super Robot Taisen Z,PS2,Strategy,Namco Bandai Games,0,0,0.5,0,0.5
4037,Ultimate I Spy,Wii,Adventure,Scholastic Inc.,0.45,0,0,0.03,0.49
4041,FIFA Soccer 09,DS,Sports,Electronic Arts,0.12,0.31,0,0.06,0.49
4048,Dragon Ball Z: Burst Limit,X360,Fighting,Atari,0.24,0.18,0.03,0.05,0.49
4060,Alone in the Dark,X360,Adventure,Atari,0.14,0.3,0,0.05,0.49
4063,Football Manager Handheld 2009,PSP,Sports,Sega,0,0.47,0,0.02,0.49
4064,Sniper: Art of Victory,PC,Shooter,City Interactive,0,0.45,0,0.03,0.49
4071,Jake Power: Fireman,DS,Adventure,Ubisoft,0.08,0.35,0,0.06,0.49
4078,Far Cry 2,PC,Action,Ubisoft,0.01,0.45,0,0.03,0.49
4081,Rayman Raving Rabbids: TV Party,DS,Misc,Ubisoft,0.44,0.01,0,0.04,0.49
4100,You're in the Movies,X360,Misc,Microsoft Game Studios,0.27,0.17,0,0.05,0.48
4101,Dark Sector,X360,Shooter,D3Publisher,0.22,0.2,0.01,0.05,0.48
4106,Pinball Hall of Fame: The Williams Collection,Wii,Misc,System 3 Arcade Software,0.42,0.03,0,0.04,0.48
4112,Crash: Mind Over Mutant,X360,Platform,Vivendi Games,0.22,0.21,0,0.05,0.48
4115,Go Diego Go! Great Dinosaur Rescue,DS,Action,Take-Two Interactive,0.44,0.01,0,0.03,0.48
4118,NCAA Football 09,PS2,Sports,Electronic Arts,0.4,0.02,0,0.07,0.48
4128,Viva Pinata: Trouble in Paradise,X360,Simulation,Microsoft Game Studios,0.16,0.25,0.01,0.05,0.48
4135,Tomb Raider: Underworld,Wii,Action,Eidos Interactive,0.14,0.28,0,0.06,0.48
4142,Ford Racing Off Road,Wii,Racing,Xplosiv,0.06,0.4,0,0.01,0.48
4143,SimCity Creator,Wii,Simulation,Electronic Arts,0.37,0.03,0.04,0.04,0.48
4146,Emergency Heroes,Wii,Racing,Ubisoft,0.15,0.27,0,0.06,0.48
4154,Dark Sector,PS3,Shooter,D3Publisher,0.23,0.16,0.01,0.07,0.47
4155,Unreal Tournament III,X360,Shooter,Midway Games,0.25,0.17,0.01,0.05,0.47
4174,Petz Sports,Wii,Simulation,Ubisoft,0.42,0.01,0,0.04,0.47
4220,Mega Man Star Force 3: Black Ace / Red Joker,DS,Action,Capcom,0.22,0,0.22,0.02,0.47
4228,The Legend of Spyro: Dawn of the Dragon,DS,Platform,Vivendi Games,0.26,0.15,0,0.05,0.46
4250,Sid Meier's Civilization Revolution,DS,Strategy,Take-Two Interactive,0.38,0.03,0.02,0.04,0.46
4252,Dora The Explorer: Dora Saves the Snow Princess,DS,Platform,Take-Two Interactive,0.27,0.16,0,0.04,0.46
4259,The Legend of Spyro: Dawn of the Dragon,PS3,Platform,Vivendi Games,0.19,0.19,0,0.08,0.46
4262,American Girl: Kit Mystery Challenge!,DS,Adventure,THQ,0.42,0,0,0.03,0.46
4283,Command & Conquer: Red Alert 3,X360,Strategy,Electronic Arts,0.18,0.23,0,0.05,0.46
4322,Crash: Mind Over Mutant,Wii,Platform,Vivendi Games,0.36,0.06,0,0.03,0.45
4333,Brain Challenge,DS,Misc,Ubisoft,0.41,0.01,0,0.03,0.45
4336,Karaoke Revolution Presents American Idol Encore,Wii,Misc,Konami Digital Entertainment,0.42,0,0,0.03,0.45
4338,Enemy Territory: Quake Wars,X360,Shooter,Activision,0.3,0.11,0,0.04,0.45
4345,TNA iMPACT!,X360,Fighting,Midway Games,0.26,0.15,0,0.04,0.45
4368,Eternal Sonata,PS3,Role-Playing,Atari,0.19,0.13,0.07,0.06,0.45
4379,Viking: Battle for Asgard,X360,Action,Sega,0.16,0.24,0,0.05,0.45
4386,Disney Sing It! High School Musical 3: Senior Year,PS2,Misc,Disney Interactive Studios,0.09,0.02,0,0.34,0.45
4403,Celebrity Sports Showdown,Wii,Sports,Electronic Arts,0.18,0.22,0,0.05,0.45
4407,Crash: Mind Over Mutant,PSP,Platform,Vivendi Games,0.11,0.22,0,0.12,0.45
4446,Family Fest Presents Circus Games,Wii,Misc,Ubisoft,0.1,0.29,0,0.05,0.44
4501,007: Quantum of Solace,PS2,Action,Activision,0.17,0,0,0.26,0.43
4536,Petz Bunnyz,DS,Simulation,Ubisoft,0.39,0.01,0,0.03,0.43
4548,Monopoly,PS2,Misc,Electronic Arts,0.21,0.16,0,0.05,0.43
4554,Disney Sing It,X360,Misc,Disney Interactive Studios,0.39,0.01,0,0.03,0.43
4574,Valkyrie Profile: Covenant of the Plume,DS,Role-Playing,Square Enix,0.23,0.02,0.16,0.02,0.42
4591,Crash: Mind Over Mutant,DS,Platform,Vivendi Games,0.39,0,0,0.03,0.42
4618,Mobile Suit Gundam: Gundam vs. Gundam,PSP,Fighting,Namco Bandai Games,0,0,0.42,0,0.42
4631,MLB 08: The Show,PS2,Sports,Sony Computer Entertainment,0.35,0.01,0,0.06,0.42
4638,Cabela's Legendary Adventures,PS2,Sports,Activision,0.21,0.16,0,0.05,0.42
4646,Monster Jam: Urban Assault,Wii,Racing,Activision,0.39,0,0,0.03,0.42
4651,Harvest Moon: Grand Bazaar,DS,Simulation,Rising Star Games,0.22,0.05,0.13,0.02,0.42
4709,Castlevania: Order of Ecclesia,DS,Platform,Konami Digital Entertainment,0.31,0.03,0.04,0.03,0.41
4722,Spider-Man: Web of Shadows,X360,Action,Activision,0.36,0.02,0,0.03,0.41
4732,UEFA Euro 2008 Austria-Switzerland,PS3,Sports,Electronic Arts,0.08,0.27,0,0.06,0.41
4738,Winter Sports 2: The Next Challenge,Wii,Sports,RTL,0.18,0.19,0,0.04,0.41
4757,NBA 2K9,PS2,Sports,Take-Two Interactive,0.34,0.01,0,0.06,0.41
4759,Speed Racer: The Videogame,Wii,Racing,Warner Bros. Interactive Entertainment,0.36,0.02,0,0.03,0.41
4761,Littlest Pet Shop,Wii,Simulation,Electronic Arts,0.34,0.04,0,0.03,0.41
4762,TNA iMPACT!,PS3,Fighting,Midway Games,0.22,0.12,0,0.06,0.41
4783,Disney Sing It! High School Musical 3: Senior Year,PS3,Misc,Disney Interactive Studios,0.08,0.26,0,0.07,0.4
4792,Sega Superstars Tennis,PS3,Sports,Sega,0.13,0.2,0,0.08,0.4
4795,Wall-E,PS3,Platform,THQ,0.12,0.21,0,0.08,0.4
4808,Warriors Orochi 2 (JP sales),PS2,Action,Tecmo Koei,0,0,0.4,0,0.4
4810,The Chronicles of Narnia: Prince Caspian,PS2,Action,Disney Interactive Studios,0.2,0.15,0,0.05,0.4
4826,The Legend of Spyro: Dawn of the Dragon,PS2,Platform,Vivendi Games,0.12,0.01,0,0.27,0.4
4859,Condemned 2: Bloodshot,PS3,Action,Sega,0.17,0.16,0,0.07,0.4
4890,Viking: Battle for Asgard,PS3,Action,Sega,0.14,0.18,0,0.07,0.39
4892,Monster Jam: Urban Assault,DS,Racing,Activision,0.37,0,0,0.03,0.39
4899,Naruto: Clash of Ninja Revolution 2,Wii,Fighting,Tomy Corporation,0.34,0.02,0,0.03,0.39
4900,NBA Live 09,PS2,Sports,Electronic Arts,0.32,0.01,0.01,0.05,0.39
4903,Rune Factory: Frontier,Wii,Role-Playing,Rising Star Games,0.18,0.14,0.04,0.04,0.39
4907,Ener-G: Gym Rockets,DS,Sports,Ubisoft,0.36,0,0,0.03,0.39
4909,NBA Live 09,PSP,Sports,Electronic Arts,0.23,0.07,0.03,0.06,0.39
4911,Dancing with the Stars: We Dance!,DS,Misc,Activision,0.36,0,0,0.03,0.39
4914,Are You Smarter than a 5th Grader? Make the Grade,DS,Misc,THQ,0.36,0,0,0.03,0.39
4940,Dancing with the Stars: We Dance!,Wii,Misc,Activision,0.36,0,0,0.03,0.39
4950,MotoGP 08,PS3,Racing,Capcom,0.07,0.24,0,0.08,0.39
4951,Imagine: Party Babyz,Wii,Simulation,Ubisoft,0.34,0.02,0,0.03,0.39
4968,Karaoke Revolution Presents American Idol Encore,PS2,Misc,Konami Digital Entertainment,0.19,0.15,0,0.05,0.39
4980,Phantasy Star Ø,DS,Role-Playing,Sega,0.16,0,0.2,0.01,0.38
4992,Cabela's Dangerous Hunts 2009,Wii,Sports,Activision Value,0.36,0,0,0.03,0.38
4996,Disney Sing It,PS3,Misc,Disney Interactive Studios,0.27,0.07,0,0.04,0.38
5008,Sega Superstars Tennis,PS2,Sports,Sega,0.1,0,0,0.28,0.38
5037,Dora The Explorer: Dora Saves the Snow Princess,PS2,Platform,Take-Two Interactive,0.19,0.15,0,0.05,0.38
5038,The Incredible Hulk,PS2,Action,Sega,0.32,0.01,0,0.05,0.38
5039,Mercenaries 2: World in Flames,PS2,Shooter,Electronic Arts,0.21,0,0,0.17,0.38
5061,Madagascar: Escape 2 Africa,PS2,Action,Activision,0.12,0,0,0.26,0.38
5064,Petz Rescue: Wildlife Vet,DS,Simulation,Ubisoft,0.35,0,0,0.03,0.38
5083,Petz Rescue: Ocean Patrol,DS,Adventure,Ubisoft,0.35,0,0,0.03,0.37
5085,Puppy Palace,DS,Simulation,Ubisoft,0.35,0,0,0.03,0.37
5090,Naruto Shippuden: Ninja Destiny 2,DS,Fighting,Takara Tomy,0.19,0.03,0.13,0.02,0.37
5096,Tiger Woods PGA Tour 09,PS2,Sports,Electronic Arts,0.16,0,0,0.21,0.37
5108,Hell's Kitchen: The Game,DS,Simulation,Ubisoft,0.34,0.01,0,0.03,0.37
5134,Medieval II: Total War Gold Edition,PC,Strategy,Sega,0,0.33,0,0.03,0.37
5151,Build-A-Bear Workshop: A Friend Fur All Seasons,Wii,Simulation,Game Factory,0.34,0,0,0.03,0.37
5163,The Chronicles of Narnia: Prince Caspian,Wii,Action,Disney Interactive Studios,0.31,0.02,0,0.03,0.36
5169,Dragon Ball Z: Infinite World,PS2,Fighting,Namco Bandai Games,0.08,0.06,0.21,0.02,0.36
5183,Tiger Woods PGA Tour 09,PSP,Sports,Electronic Arts,0.07,0.19,0,0.1,0.36
5186,LocoRoco 2,PSP,Platform,Sony Computer Entertainment,0.21,0.09,0.01,0.05,0.36
5199,Speed Racer: The Videogame,DS,Racing,Warner Bros. Interactive Entertainment,0.29,0.05,0,0.03,0.36
5211,North American Hunting Extravaganza,Wii,Sports,Zushi Games,0.33,0,0,0.03,0.36
5215,AMF Bowling World Lanes,Wii,Sports,Bethesda Softworks,0.33,0,0,0.03,0.36
5239,Ryu Ga Gotoku Kenzan!,PS3,Adventure,Sega,0,0,0.36,0,0.36
5255,Monopoly,PS3,Misc,Electronic Arts,0.25,0.06,0,0.04,0.36
5262,Wonder Pets! Save the Animals!,DS,Adventure,Take-Two Interactive,0.33,0,0,0.02,0.36
5301,SimCity Creator,DS,Simulation,Electronic Arts,0.3,0.03,0,0.03,0.35
5323,MotoGP 08,X360,Racing,Capcom,0.11,0.2,0,0.04,0.35
5325,Enemy Territory: Quake Wars,PS3,Shooter,Activision,0.23,0.07,0,0.04,0.35
5328,The Tale of Despereaux,PS2,Platform,Brash Entertainment,0.17,0.13,0,0.04,0.35
5332,Hello Kitty Daily,DS,Misc,Nobilis,0.32,0,0,0.03,0.35
5350,UEFA Euro 2008 Austria-Switzerland,X360,Sports,Electronic Arts,0.08,0.23,0,0.03,0.35
5357,High School Musical 3: Senior Year DANCE!,PS2,Misc,Disney Interactive Studios,0.17,0.13,0,0.04,0.34
5401,MX vs. ATV Untamed,Wii,Racing,THQ,0.29,0.03,0,0.03,0.34
5410,Smart Girl's Party Game,DS,Misc,505 Games,0.31,0,0,0.02,0.34
5413,Star Ocean: Second Evolution,PSP,Role-Playing,Square Enix,0.14,0.02,0.16,0.02,0.34
5414,My Baby Boy,DS,Simulation,Nobilis,0.3,0.02,0,0.03,0.34
5419,Imagine: Movie Star,DS,Simulation,Ubisoft,0.31,0,0,0.02,0.34
5420,NHL 09,PS3,Sports,Electronic Arts,0.29,0.02,0,0.03,0.34
5432,Dynasty Warriors: Gundam 2,PS2,Action,Namco Bandai Games,0.04,0.03,0.25,0.01,0.34
5446,Fracture,X360,Shooter,LucasArts,0.15,0.14,0,0.04,0.33
5478,Hell's Kitchen: The Game,Wii,Simulation,Ubisoft,0.3,0,0,0.03,0.33
5499,Madden NFL 09,DS,Sports,Electronic Arts,0.3,0,0,0.03,0.33
5509,FIFA Street 3,PS3,Sports,Electronic Arts,0.08,0.18,0,0.06,0.33
5520,Goosebumps HorrorLand,DS,Adventure,Scholastic Inc.,0.31,0,0,0.02,0.33
5533,MLB 08: The Show,PSP,Sports,Sony Computer Entertainment,0.3,0,0,0.02,0.33
5545,Golden Axe: Beast Rider,X360,Action,Sega,0.19,0.11,0,0.03,0.33
5565,Karaoke Revolution Presents American Idol Encore 2,Wii,Misc,Konami Digital Entertainment,0.3,0,0,0.02,0.33
5580,The Witcher: Enhanced Edition,PC,Role-Playing,Atari,0.32,0.01,0,0,0.32
5589,Golden Axe: Beast Rider,PS3,Action,Sega,0.13,0.14,0,0.06,0.32
5591,Bratz: Girlz Really Rock,DS,Action,THQ,0.18,0.11,0,0.03,0.32
5596,Momotarou Dentetsu 20-Shuunen,DS,Misc,Hudson Soft,0,0,0.32,0,0.32
5607,Bigfoot: Collision Course,Wii,Racing,Zoo Digital Publishing,0.3,0,0,0.02,0.32
5610,The Legend of Spyro: Dawn of the Dragon,X360,Platform,Vivendi Games,0.16,0.13,0,0.03,0.32
5622,"Go, Diego, Go!: Great Dinosaur Rescue",PS2,Action,Take-Two Interactive,0.16,0.12,0,0.04,0.32
5643,Shaun White Snowboarding,PSP,Sports,Ubisoft,0.26,0.03,0,0.03,0.32
5645,Gold's Gym: Cardio Workout (Others sales),Wii,Sports,Ubisoft,0,0.3,0,0.02,0.32
5662,Derby Stallion DS,DS,Sports,Enterbrain,0,0,0.32,0,0.32
5666,Monster Lab,Wii,Role-Playing,Eidos Interactive,0.28,0.02,0,0.02,0.32
5677,UEFA Euro 2008 Austria-Switzerland,PS2,Sports,Electronic Arts,0.03,0,0,0.28,0.32
5692,Quiz Magic Academy DS,DS,Misc,Konami Digital Entertainment,0,0,0.32,0,0.32
5694,Resident Evil Archives: Resident Evil,Wii,Action,Capcom,0.17,0.04,0.08,0.02,0.32
5719,Jikkyou Powerful Pro Yakyuu Portable 3,PSP,Sports,Konami Digital Entertainment,0,0,0.31,0,0.31
5721,The Incredible Hulk,Wii,Action,Sega,0.28,0.01,0,0.02,0.31
5722,Namco Museum: Virtual Arcade,X360,Misc,Atari,0.27,0.01,0.01,0.02,0.31
5766,Calvin Tucker's Redneck Jamboree,Wii,Misc,Zoo Games,0.29,0,0,0.02,0.31
5769,Shrek's Carnival Craze Party Games,Wii,Misc,Activision,0.28,0,0,0.02,0.31
5770,Harvest Moon: Magical Melody,Wii,Simulation,Rising Star Games,0.25,0.04,0,0.03,0.31
5779,Shaun White Snowboarding,PS2,Sports,Ubisoft,0.15,0.12,0,0.04,0.31
5781,Major League Baseball 2K8,PS3,Sports,Bethesda Softworks,0.28,0,0,0.02,0.31
5866,Zoo Tycoon 2 DS,DS,Strategy,THQ,0.24,0.03,0,0.02,0.3
5877,Wacky Races: Crash & Dash,Wii,Racing,Eidos Interactive,0.27,0.01,0,0.02,0.3
5882,Fossil Fighters (JP sales),DS,Role-Playing,Nintendo,0,0,0.3,0,0.3
5886,Glory of Heracles,DS,Role-Playing,Nintendo,0.2,0,0.08,0.01,0.3
5914,Dance Dance Revolution Universe 3,X360,Simulation,Konami Digital Entertainment,0.28,0,0,0.02,0.3
5950,FIFA Street 3,X360,Sports,Electronic Arts,0.12,0.14,0,0.03,0.3
5991,FlatOut: Head On,PSP,Racing,Empire Interactive,0.13,0.11,0,0.06,0.29
6001,Ratchet & Clank: Size Matters,PS2,Platform,Sony Computer Entertainment,0.13,0.1,0.03,0.03,0.29
6038,Turning Point: Fall of Liberty,X360,Shooter,Codemasters,0.23,0.04,0,0.02,0.29
6057,WWII Aces,Wii,Simulation,Destineer,0.27,0,0,0.02,0.29
6067,Neopets Puzzle Adventure,DS,Puzzle,Capcom,0.26,0,0,0.02,0.29
6071,Purr Pals,Wii,Simulation,Deep Silver,0.27,0,0,0.02,0.29
6080,Penguin no Mondai: Saikyou Penguin Densetsu! A Penguin's Troubles,DS,Adventure,Konami Digital Entertainment,0,0,0.29,0,0.29
6091,Power Pro Kun Pocket 11,DS,Sports,Konami Digital Entertainment,0,0,0.29,0,0.29
6095,Warriors Orochi 2,PSP,Action,Tecmo Koei,0.06,0,0.22,0.01,0.29
6099,Bratz: Super Babyz,DS,Action,THQ,0.26,0,0,0.02,0.29
6106,All Star Cheer Squad,DS,Sports,THQ,0.26,0,0,0.02,0.28
6110,SingStar Country,PS2,Misc,Sony Computer Entertainment,0.14,0.11,0,0.04,0.28
6137,Siren: Blood Curse,PS3,Action,Sony Computer Entertainment,0,0.17,0.09,0.02,0.28
6168,Hannah Montana: Spotlight World Tour,PS2,Action,Disney Interactive Studios,0.12,0.02,0,0.14,0.28
6224,Dynasty Warriors: Gundam,PS2,Action,Namco Bandai Games,0,0,0.28,0,0.28
6239,AC/DC LIVE: Rock Band Track Pack,Wii,Misc,MTV Games,0.25,0,0,0.02,0.28
6240,My Japanese Coach,DS,Misc,Ubisoft,0.25,0,0,0.02,0.28
6243,Tak and the Guardians of Gross,PS2,Action,THQ,0.14,0.11,0,0.04,0.28
6246,NCAA Basketball 09,PS2,Sports,Electronic Arts,0.14,0.11,0,0.04,0.28
6247,One Piece Unlimited Cruise 1: The Treasure Beneath the Waves,Wii,Adventure,Namco Bandai Games,0,0.07,0.19,0.01,0.28
6263,Kenka Bancho: Badass Rumble,PSP,Action,Spike,0.06,0,0.2,0.01,0.27
6288,Suikoden Tierkreis,DS,Role-Playing,Konami Digital Entertainment,0.09,0.01,0.15,0.01,0.27
6309,The Club,X360,Shooter,Sega,0.15,0.1,0,0.02,0.27
6340,Spider-Man: Web of Shadows,PS3,Action,Activision,0.2,0.04,0,0.03,0.27
6342,Reader Rabbit Kindergarten,DS,Misc,Nordic Games,0.25,0,0,0.02,0.27
6361,Summer Athletics: The Ultimate Challenge (US sales),Wii,Sports,DTP Entertainment,0.23,0.04,0,0,0.27
6362,Rock Revolution,X360,Misc,Konami Digital Entertainment,0.25,0,0,0.02,0.27
6363,Etrian Odyssey II: Heroes of Lagaard,DS,Role-Playing,Atlus,0.1,0,0.16,0.01,0.27
6366,The Incredible Hulk,PS3,Action,Sega,0.22,0.03,0,0.03,0.27
6386,The Incredible Hulk,X360,Action,Sega,0.22,0.03,0,0.02,0.27
6394,Cake Mania 2: Jill's Next Adventure!,DS,Puzzle,Majesco Entertainment,0.24,0,0,0.02,0.27
6430,Summer Sports 2: Island Sports Party,Wii,Sports,Ubisoft,0.24,0,0,0.02,0.27
6466,NPPL: Championship Paintball 2009,PS2,Shooter,Activision Value,0.13,0.1,0,0.03,0.26
6468,Zoo Tycoon 2: Ultimate Collection,PC,Strategy,Microsoft Game Studios,0.04,0.18,0,0.04,0.26
6478,Bolt,PS2,Adventure,Disney Interactive Studios,0.09,0.02,0,0.16,0.26
6481,Nancy Drew: The Mystery of the Clue Bender Society,DS,Adventure,Codemasters,0.24,0,0,0.02,0.26
6499,Babysitting Mania,DS,Simulation,Majesco Entertainment,0.24,0,0,0.02,0.26
6522,Gundam Battle Universe,PSP,Fighting,Namco Bandai Games,0,0,0.26,0,0.26
6551,Karaoke Joysound Wii,Wii,Misc,Hudson Soft,0.01,0,0.25,0,0.26
6559,Bratz Ponyz 2,DS,Adventure,Game Factory,0.24,0,0,0.02,0.26
6569,Legendary,X360,Shooter,Atari,0.08,0.15,0,0.03,0.26
6575,Petz: Crazy Monkeyz,Wii,Simulation,Ubisoft,0.23,0,0,0.02,0.26
6586,NASCAR 09,PS3,Racing,Electronic Arts,0.22,0.01,0,0.02,0.26
6614,Imagine: Ballet Star,DS,Simulation,Ubisoft,0.23,0.01,0,0.02,0.25
6623,NASCAR 09,X360,Racing,Electronic Arts,0.23,0,0,0.02,0.25
6627,Resident Evil Archives: Resident Evil Zero,Wii,Action,Capcom,0.14,0.04,0.06,0.02,0.25
6656,Madagascar: Escape 2 Africa,X360,Action,Activision,0.12,0.1,0,0.03,0.25
6661,Dynasty Warriors 6 (JP sales),PS2,Action,Tecmo Koei,0,0,0.25,0,0.25
6667,Spider-Man: Web of Shadows,Wii,Action,Activision,0.22,0.01,0,0.02,0.25
6674,UEFA Euro 2008 Austria-Switzerland,PSP,Sports,Electronic Arts,0.06,0.13,0,0.06,0.25
6685,Don King Presents: Prizefighter,X360,Sports,Take-Two Interactive,0.14,0.08,0,0.02,0.25
6697,The Mummy: Tomb of the Dragon Emperor,PS2,Action,Vivendi Games,0.12,0.1,0,0.03,0.25
6710,Bolt,X360,Adventure,Disney Interactive Studios,0.18,0.05,0,0.02,0.25
6715,Ultimate Band,Wii,Misc,Disney Interactive Studios,0.2,0.03,0,0.02,0.25
6728,Dynasty Warriors 6,PS2,Action,Tecmo Koei,0.12,0.09,0,0.03,0.25
6747,Cradle of Rome,DS,Puzzle,Rising Star Games,0.06,0.16,0,0.03,0.25
6755,SBK Superbike World Championship,PS3,Racing,Black Bean Games,0.12,0.11,0,0.02,0.25
6764,Turning Point: Fall of Liberty,PS3,Shooter,Codemasters,0.21,0.01,0,0.02,0.25
6770,Avatar: The Last Airbender - Into the Inferno,PS2,Adventure,THQ,0.12,0.09,0,0.03,0.25
6773,Tales of Hearts,DS,Role-Playing,Namco Bandai Games,0,0,0.24,0,0.24
6782,Avalon Code,DS,Role-Playing,Rising Star Games,0.11,0,0.12,0.01,0.24
6792,Command & Conquer 3: Kane's Wrath,X360,Strategy,Electronic Arts,0.16,0.06,0,0.02,0.24
6807,The Incredible Hulk,DS,Action,Sega,0.22,0,0,0.02,0.24
6823,AC/DC LIVE: Rock Band Track Pack,PS3,Misc,MTV Games,0.21,0.01,0,0.02,0.24
6830,"What Did I Do to Deserve This, My Lord!? 2",PSP,Role-Playing,Nippon Ichi Software,0.05,0,0.18,0.01,0.24
6831,Boogie SuperStar,Wii,Misc,Electronic Arts,0.2,0.02,0,0.02,0.24
6833,Rock Band Track Pack Volume 1,Wii,Misc,MTV Games,0.17,0.05,0,0.02,0.24
6847,PDC World Championship Darts 2008,Wii,Sports,Oxygen Interactive,0.02,0.21,0,0.01,0.24
6854,Paws & Claws: Pet Resort,DS,Simulation,THQ,0.22,0,0,0.02,0.24
6865,Jikkyou Powerful Pro Yakyuu 15,PS2,Sports,Konami Digital Entertainment,0,0,0.24,0,0.24
6875,Rock Band Track Pack Volume 2,Wii,Misc,MTV Games,0.21,0.02,0,0.02,0.24
6887,Amazing Adventures: The Forgotten Ruins,DS,Adventure,PopCap Games,0.13,0.08,0,0.02,0.24
6895,Dance Dance Revolution: Disney Channel Edition,PS2,Simulation,Konami Digital Entertainment,0.12,0.09,0,0.03,0.24
6918,Shrek's Carnival Craze Party Games,DS,Misc,Activision,0.22,0,0,0.02,0.24
6946,Sands of Destruction,DS,Role-Playing,Sega,0.09,0,0.13,0.01,0.24
6954,Madagascar: Escape 2 Africa,PS3,Action,Activision,0.12,0.08,0,0.04,0.23
6956,Need For Speed: Undercover,DS,Racing,Electronic Arts,0.18,0.03,0,0.02,0.23
6983,Cross Edge,PS3,Role-Playing,Nippon Ichi Software,0.14,0.02,0.05,0.02,0.23
6984,Hotel for Dogs,DS,Simulation,505 Games,0.22,0,0,0.02,0.23
6998,The Club,PS3,Shooter,Sega,0.14,0.07,0,0.03,0.23
7012,Pitfall: The Big Adventure,Wii,Adventure,Activision,0.2,0.02,0,0.02,0.23
7026,Shaun White Snowboarding,DS,Sports,Ubisoft,0.21,0,0,0.02,0.23
7028,Ultimate Band,DS,Misc,Disney Interactive Studios,0.19,0.02,0,0.02,0.23
7031,What's Cooking? Jamie Oliver,DS,Simulation,Atari,0.2,0.01,0,0.02,0.23
7040,Yu-Gi-Oh! GX: Tag Force 3,PSP,Strategy,Konami Digital Entertainment,0,0.03,0.18,0.01,0.23
7043,I Love Horses,DS,Simulation,GSP,0.21,0,0,0.01,0.23
7049,Luminous Arc 2,DS,Role-Playing,Rising Star Games,0.21,0,0,0.02,0.23
7060,Neopets Puzzle Adventure,Wii,Puzzle,Capcom,0.19,0.02,0,0.02,0.23
7064,Family Fest presents: Movie Games,Wii,Action,Ubisoft,0.2,0.01,0,0.02,0.23
7079,Petz Rescue: Wildlife Vet,Wii,Simulation,Ubisoft,0.21,0,0,0.02,0.23
7081,Saka-Tsuku DS: Touch and Direct,DS,Sports,Sega,0,0,0.23,0,0.23
7095,Bratz: Girlz Really Rock,PS2,Action,THQ,0.11,0.09,0,0.03,0.23
7108,Valhalla Knights 2,PSP,Role-Playing,Rising Star Games,0.09,0,0.12,0.01,0.23
7112,NCAA Football 09,PSP,Sports,Electronic Arts,0.21,0,0,0.02,0.23
7121,AC/DC LIVE: Rock Band Track Pack,X360,Misc,MTV Games,0.21,0,0,0.02,0.23
7134,Petz Monkeyz House,DS,Simulation,Ubisoft,0.2,0,0,0.02,0.23
7137,FaceBreaker K.O. Party,Wii,Fighting,Electronic Arts,0.2,0.01,0,0.02,0.22
7140,TNA iMPACT!,PS2,Fighting,Midway Games,0.1,0,0,0.12,0.22
7164,Discovery Kids: Dolphin Discovery,DS,Simulation,505 Games,0.21,0,0,0.01,0.22
7169,MotoGP 08,PS2,Racing,Capcom,0.01,0,0,0.21,0.22
7173,Ragnarok DS,DS,Role-Playing,GungHo,0.1,0,0.11,0.01,0.22
7178,Petz Rescue: Endangered Paradise,DS,Adventure,Ubisoft,0.21,0,0,0.02,0.22
7193,Petz: Horse Club,Wii,Misc,Ubisoft,0.2,0,0,0.02,0.22
7195,Rapala's Fishing Frenzy,Wii,Sports,Activision,0.2,0,0,0.02,0.22
7206,KORG DS-10 Synthesizer,DS,Misc,AQ Interactive,0.2,0.01,0,0.02,0.22
7207,Tenchu: Shadow Assassins,Wii,Action,Ubisoft,0.16,0.01,0.03,0.02,0.22
7231,Age of Empires: Mythologies,DS,Strategy,THQ,0.17,0.03,0,0.02,0.22
7238,Dragon Ball: Origins (JP & incomplete US sales),DS,Adventure,Atari,0.04,0,0.17,0,0.22
7253,NBA Live 09 All-Play,Wii,Sports,Electronic Arts,0.19,0.01,0,0.02,0.22
7257,Tamagotchi no KiraKira Omisecchi,DS,Misc,Namco Bandai Games,0,0,0.22,0,0.22
7265,NCAA Basketball 09,X360,Sports,Electronic Arts,0.2,0,0,0.02,0.22
7286,Pass the Pigs,DS,Misc,THQ,0.2,0,0,0.02,0.22
7287,J-League Winning Eleven 2008: Club Championship,PS2,Sports,Konami Digital Entertainment,0,0,0.22,0,0.22
7291,Order Up!,Wii,Misc,Zoo Digital Publishing,0.19,0.01,0,0.02,0.22
7298,Summer Athletics: The Ultimate Challenge (Others sales),Wii,Sports,DTP Entertainment,0,0.2,0,0.01,0.22
7310,Ninja Gaiden: Dragon Sword,DS,Action,Tecmo Koei,0.17,0.02,0.02,0.02,0.22
7312,Blue Dragon Plus,DS,Role-Playing,Ignition Entertainment,0.12,0.04,0.05,0.01,0.22
7316,Afrika,PS3,Adventure,Unknown,0.12,0,0.08,0.01,0.21
7336,Backyard NFL Football '09,Wii,Sports,Atari,0.2,0,0,0.02,0.21
7339,Speed Racer: The Videogame,PS2,Racing,Warner Bros. Interactive Entertainment,0.1,0.08,0,0.03,0.21
7346,Baja: Edge of Control,PS3,Racing,THQ,0.1,0.08,0,0.04,0.21
7363,Bratz: Girlz Really Rock,Wii,Action,THQ,0.19,0,0,0.02,0.21
7391,The Chronicles of Narnia: Prince Caspian,DS,Action,Disney Interactive Studios,0.19,0.01,0,0.02,0.21
7422,SBK Superbike World Championship,X360,Racing,Black Bean Games,0.06,0.14,0,0.01,0.21
7435,Spider-Man: Web of Shadows,PS2,Action,Activision,0.1,0.08,0,0.03,0.21
7451,Tony Hawk's Motion,DS,Sports,Activision,0.19,0,0,0.02,0.21
7457,Wacky Races: Crash & Dash,DS,Racing,Eidos Interactive,0.19,0,0,0.01,0.21
7467,Barbie Fashion Show: An Eye for Style,DS,Misc,Activision,0.19,0,0,0.02,0.21
7474,The Naked Brothers Band: The Video Game,Wii,Misc,THQ,0.19,0,0,0.01,0.21
7508,World Championship Cards,PSP,Misc,Crave Entertainment,0.19,0,0,0.02,0.2
7522,Buzz! The Schools Quiz,PS2,Misc,Sony Computer Entertainment,0,0.02,0,0.19,0.2
7530,Dark Messiah of Might and Magic Elements,X360,Role-Playing,Ubisoft,0.16,0.02,0.01,0.02,0.2
7542,PBR: Out of the Chute,PS2,Sports,Crave Entertainment,0.1,0.08,0,0.03,0.2
7547,Deal or No Deal: The Banker is Back!,DS,Misc,Mindscape,0,0.2,0,0,0.2
7588,Warriors Orochi,PSP,Action,Tecmo Koei,0.02,0,0.18,0,0.2
7632,Tomb Raider: Underworld,DS,Action,Eidos Interactive,0.16,0.03,0,0.02,0.2
7637,Ford Racing Off Road,PS2,Racing,Xplosiv,0.1,0.08,0,0.03,0.2
7658,The Cheetah Girls: Passport to Stardom,DS,Misc,Disney Interactive Studios,0.18,0,0,0.01,0.2
7665,My Secret World by Imagine,DS,Misc,Ubisoft,0,0.2,0,0,0.2
7668,Bleach: The 3rd Phantom,DS,Role-Playing,Sega,0.1,0.02,0.07,0.01,0.2
7676,Record of Agarest War,X360,Role-Playing,Compile Heart,0.18,0,0.01,0.01,0.2
7677,Baja: Edge of Control,X360,Racing,THQ,0.12,0.06,0,0.02,0.2
7681,High School Musical 3: Senior Year DANCE!,X360,Misc,Disney Interactive Studios,0.18,0,0,0.01,0.2
7691,Barbie Horse Adventures: Riding Camp,Wii,Sports,Activision,0.18,0,0,0.01,0.2
7700,Shiren the Wanderer,Wii,Role-Playing,Sega,0.08,0,0.11,0.01,0.2
7712,101-in-1 Explosive Megamix,DS,Puzzle,Nordcurrent,0.05,0.13,0,0.02,0.2
7729,The Naked Brothers Band: The Video Game,DS,Misc,THQ,0.18,0,0,0.01,0.2
7733,Mana Khemia 2: Fall of Alchemy,PS2,Role-Playing,Gust,0.07,0.05,0.05,0.02,0.2
7736,Nostalgia,DS,Role-Playing,Tecmo Koei,0.16,0,0.02,0.01,0.19
7738,Iron Chef America: Supreme Cuisine,DS,Simulation,Destineer,0.18,0,0,0.01,0.19
7739,Arcade Shooting Gallery,Wii,Shooter,Zoo Games,0.18,0,0,0.01,0.19
7740,The Rise of the Argonauts,PS3,Role-Playing,Codemasters,0.05,0.12,0,0.03,0.19
7750,Conflict: Denied Ops,X360,Shooter,Eidos Interactive,0.08,0.09,0,0.02,0.19
7757,Dynasty Warriors: Gundam 2,X360,Action,Namco Bandai Games,0.07,0.03,0.08,0.01,0.19
7761,The Spiderwick Chronicles,Wii,Action,Vivendi Games,0.17,0.01,0,0.01,0.19
7780,Disgaea DS,DS,Role-Playing,Square Enix,0.11,0.02,0.05,0.01,0.19
7805,Jeep Thrills,Wii,Racing,Zoo Digital Publishing,0.18,0,0,0.01,0.19
7806,Conflict: Denied Ops,PS3,Shooter,Eidos Interactive,0.05,0.1,0,0.03,0.19
7807,FaceBreaker,X360,Fighting,Electronic Arts,0.15,0.02,0,0.02,0.19
7810,Avatar: The Last Airbender - Into the Inferno,Wii,Adventure,THQ,0.17,0.01,0,0.01,0.19
7835,Armored Core: For Answer,PS3,Simulation,Ubisoft,0.06,0.02,0.1,0.01,0.19
7836,Mahjong: Journey Quest for Tikal,DS,Puzzle,Rondomedia,0.15,0.03,0,0.01,0.19
7840,SingStar Pop Vol.2,PS2,Misc,Sony Computer Entertainment,0.09,0.07,0,0.02,0.19
7841,SNK Arcade Classics Vol. 1,PS2,Misc,Ignition Entertainment,0.09,0.07,0,0.02,0.19
7870,Tottadoo! Yoiko no Mujintou Seikatsu,DS,Adventure,Namco Bandai Games,0,0,0.19,0,0.19
7876,Barbie Horse Adventures: Riding Camp,PS2,Sports,Activision,0.09,0.07,0,0.02,0.19
7882,Pro Yakyuu Team o Tsukurou!,DS,Sports,Sega,0,0,0.19,0,0.19
7924,Mushroom Men: The Spore Wars,Wii,Action,SouthPeak Games,0.17,0.01,0,0.01,0.19
7939,Bolt,PS3,Adventure,Disney Interactive Studios,0.12,0.05,0,0.02,0.19
7951,Call of Duty: World at War,PC,Shooter,Activision,0.02,0.13,0,0.03,0.19
7970,WWE SmackDown vs. Raw 2009,DS,Fighting,THQ,0.15,0.02,0,0.01,0.19
7993,NBA Ballers: Chosen One,X360,Sports,Midway Games,0.17,0,0,0.01,0.19
8016,Rock Band Track Pack Volume 2,X360,Misc,MTV Games,0.16,0.01,0,0.01,0.18
8041,Alone in the Dark,Wii,Adventure,Atari,0.09,0.08,0,0.02,0.18
8057,Summer Athletics: The Ultimate Challenge,PS2,Sports,DTP Entertainment,0,0,0,0.18,0.18
8061,Let's TAP,Wii,Misc,Sega,0.09,0.06,0.01,0.02,0.18
8070,The Chronicles of Narnia: Prince Caspian,X360,Action,Disney Interactive Studios,0.16,0.01,0,0.01,0.18
8081,Six Flags Fun Park,DS,Misc,Brash Entertainment,0.17,0,0,0.01,0.18
8125,Cabela's Legendary Adventures,Wii,Sports,Activision,0.17,0,0,0.01,0.18
8143,Pirates: Hunt For Blackbeard's Booty,Wii,Adventure,Activision,0.08,0.08,0,0.02,0.18
8152,WordJong Party,Wii,Puzzle,Destineer,0.17,0,0,0.01,0.18
8154,Cabela's Dangerous Hunts 2009,PS2,Sports,Activision Value,0.09,0.07,0,0.02,0.18
8167,Skate it,DS,Sports,Electronic Arts,0.14,0.02,0,0.01,0.18
8170,Super Robot Taisen A Portable,PSP,Strategy,Namco Bandai Games,0,0,0.18,0,0.18
8175,SimCity Creator (JP sales),DS,Simulation,Electronic Arts,0,0,0.18,0,0.18
8177,Sonic Riders: Zero Gravity,PS2,Racing,Sega,0.09,0.07,0,0.02,0.18
8186,Nancy Drew: The Hidden Staircase,DS,Adventure,THQ,0.16,0,0,0.01,0.18
8195,Madden NFL 09,XB,Sports,Electronic Arts,0.13,0.04,0,0.01,0.18
8198,Pro Yaky? Spirits 5,PS2,Sports,Konami Digital Entertainment,0,0,0.18,0,0.18
8207,Castlevania Judgment,Wii,Fighting,Konami Digital Entertainment,0.13,0.02,0.01,0.01,0.18
8233,The Chronicles of Narnia: Prince Caspian,PS3,Action,Disney Interactive Studios,0.14,0.02,0,0.02,0.17
8241,Rapala Fishing Frenzy 2009,PS3,Sports,Activision,0.16,0,0,0.01,0.17
8255,Iron Chef America: Supreme Cuisine,Wii,Simulation,Destineer,0.16,0,0,0.01,0.17
8258,FaceBreaker,PS3,Fighting,Electronic Arts,0.13,0.03,0,0.02,0.17
8260,NCAA Football 09 All-Play,Wii,Sports,Electronic Arts,0.16,0,0,0.01,0.17
8264,NHL 2K9,X360,Sports,Take-Two Interactive,0.15,0.01,0,0.01,0.17
8281,Goosebumps HorrorLand,Wii,Adventure,Scholastic Inc.,0.16,0,0,0.01,0.17
8293,Backyard NFL Football '09,PS2,Sports,Atari,0.08,0.07,0,0.02,0.17
8312,Cabela's Legendary Adventures,PSP,Sports,Activision,0.16,0,0,0.01,0.17
8317,The Rise of the Argonauts,X360,Role-Playing,Codemasters,0.03,0.12,0,0.01,0.17
8324,Professor Heinz Wolff's Gravity,Wii,Puzzle,Deep Silver,0.04,0.12,0,0.02,0.17
8327,NBA 09: The Inside,PSP,Sports,Sony Computer Entertainment,0.16,0,0,0.01,0.17
8333,Luxor 3,Wii,Puzzle,Mumbo Jumbo,0.16,0,0,0.01,0.17
8334,Bratz Kidz,Wii,Misc,Game Factory,0.16,0,0,0.01,0.17
8344,Zoo Hospital,Wii,Simulation,Majesco Entertainment,0.14,0.01,0,0.01,0.17
8349,Disney TH!NK Fast: The Ultimate Trivia Showdown,PS2,Misc,Disney Interactive Studios,0.08,0.06,0,0.02,0.17
8361,Tak: Mojo Mistake,DS,Action,THQ,0.16,0,0,0.01,0.17
8397,The Naked Brothers Band: The Video Game,PS2,Misc,THQ,0.08,0.06,0,0.02,0.17
8407,Shin Megami Tensei: Devil Summoner 2 - Raidou Kuzunoha vs. King Abaddon (JP sales),PS2,Role-Playing,Atlus,0,0,0.17,0,0.17
8412,Hellboy: The Science of Evil,PS3,Action,Konami Digital Entertainment,0.13,0.02,0,0.02,0.17
8434,TransFormers Animated: The Game,DS,Action,Activision,0.15,0.01,0,0.01,0.17
8435,Fracture,PS3,Shooter,LucasArts,0.11,0.04,0,0.02,0.17
8440,Klonoa,Wii,Platform,Namco Bandai Games,0.11,0.02,0.03,0.01,0.17
8442,NBA 09: The Inside,PS2,Sports,Sony Computer Entertainment,0.08,0.06,0,0.02,0.17
8457,NCAA Basketball 09,PS3,Sports,Electronic Arts,0.15,0,0,0.01,0.17
8473,Hamster Heroes,Wii,Puzzle,Popcorn Arcade,0.16,0,0,0,0.16
8481,Spider-Man: Web of Shadows - Amazing Allies Edition,PSP,Action,Activision,0.12,0.02,0,0.02,0.16
8550,NPPL: Championship Paintball 2009,PS3,Shooter,Activision Value,0.15,0,0,0.01,0.16
8565,Namco Classic Fighter Collection,PS2,Fighting,Namco Bandai Games,0.08,0.06,0,0.02,0.16
8567,TNA iMPACT!,Wii,Fighting,Midway Games,0.14,0.01,0,0.01,0.16
8575,Ener-G: Dance Squad,DS,Sports,Ubisoft,0.15,0,0,0.01,0.16
8601,Macross Ace Frontier,PSP,Simulation,Namco Bandai Games,0,0,0.16,0,0.16
8610,Ener-G Horse Riders,DS,Sports,Ubisoft,0.14,0.01,0,0.01,0.16
8611,Time Hollow,DS,Adventure,Konami Digital Entertainment,0.03,0.01,0.11,0,0.16
8628,Burger Island,DS,Action,Destineer,0.15,0,0,0.01,0.16
8631,Tak and the Guardians of Gross,Wii,Action,THQ,0.15,0,0,0.01,0.16
8642,Blitz: The League II,PS3,Sports,Midway Games,0.11,0.03,0,0.02,0.16
8670,Kidou Senshi Gundam: Giren no Yabou - Axis no Kyoui,PSP,Strategy,Namco Bandai Games,0,0,0.16,0,0.16
8697,Block Party,Wii,Misc,Activision,0.14,0,0,0.01,0.16
8705,AC/DC LIVE: Rock Band Track Pack,PS2,Misc,MTV Games,0.08,0.06,0,0.02,0.16
8735,The Quest Trio,DS,Puzzle,Avanquest,0.14,0.01,0,0.01,0.15
8737,Space Invaders Extreme,DS,Shooter,Square Enix,0.12,0.01,0.01,0.01,0.15
8784,Horse Life Adventures,Wii,Simulation,Deep Silver,0.13,0.01,0,0.01,0.15
8799,MLB Power Pros 2008,PS2,Sports,Konami Digital Entertainment,0.05,0.04,0.05,0.01,0.15
8815,Cake Mania: In The Mix!,Wii,Puzzle,Majesco Entertainment,0.14,0,0,0.01,0.15
8842,Samurai Shodown Anthology,PS2,Fighting,Ignition Entertainment,0.07,0.06,0,0.02,0.15
8843,NBA 09: The Inside,PS3,Sports,Sony Computer Entertainment,0.14,0,0,0.01,0.15
8860,History Civil War: Secret Missions,PS2,Shooter,Activision,0.07,0.06,0,0.02,0.15
8861,NHL 09,PS2,Sports,Electronic Arts,0.07,0.06,0,0.02,0.15
8875,Sam & Max: Season One,Wii,Adventure,JoWood Productions,0.13,0.01,0,0.01,0.15
8878,Candace Kane's Candy Factory,Wii,Action,Destineer,0.14,0,0,0.01,0.15
8899,Armored Core: For Answer,X360,Simulation,Ubisoft,0.06,0.01,0.07,0.01,0.15
8905,The Wizard of Oz: Beyond The Yellow Brick Road,DS,Role-Playing,D3Publisher,0.13,0,0,0.01,0.15
8909,Nancy Drew: The White Wolf of Icicle Creek,Wii,Adventure,Sega,0.14,0,0,0.01,0.15
8916,Rubik's World,Wii,Puzzle,Game Factory,0.13,0.01,0,0.01,0.15
8917,Gallop & Ride!,Wii,Sports,THQ,0.14,0,0,0.01,0.15
8919,Major League Baseball 2K8,PS2,Sports,Bethesda Softworks,0.07,0.06,0,0.02,0.15
8934,SNK Arcade Classics Vol. 1,PSP,Misc,Ignition Entertainment,0.13,0,0.01,0.01,0.15
8961,Shin Chan: ¡Aventuras de Cine!,DS,Platform,505 Games,0,0,0.15,0,0.15
8978,Travel Games For Dummies,DS,Misc,Electronic Arts,0.13,0,0,0.01,0.15
8993,Metal Slug 7,DS,Shooter,Ignition Entertainment,0.13,0,0.01,0.01,0.15
9030,Super Robot Taisen OG Saga: Endless Frontier (JP sales),DS,Role-Playing,Namco Bandai Games,0,0,0.14,0,0.14
9032,Dream Pinball 3D,Wii,Misc,SouthPeak Games,0.1,0.03,0,0.01,0.14
9056,Destroy All Humans! Big Willy Unleashed,Wii,Action,THQ,0.13,0,0,0.01,0.14
9058,Ford Racing Off Road,PSP,Racing,Xplosiv,0.05,0.08,0,0.02,0.14
9065,Super Dodgeball Brawlers,DS,Sports,Arc System Works,0.13,0,0,0.01,0.14
9071,Monster Lab,DS,Role-Playing,Eidos Interactive,0.12,0.01,0,0.01,0.14
9081,Class of Heroes,PSP,Role-Playing,Acquire,0.06,0,0.08,0.01,0.14
9086,Hero's Saga Laevatein Tactics,DS,Role-Playing,GungHo,0.13,0,0,0.01,0.14
9100,Pipe Mania,PS2,Puzzle,Empire Interactive,0.07,0.05,0,0.02,0.14
9111,Top Spin 3,DS,Action,D3Publisher,0.11,0.02,0,0.01,0.14
9129,NFL Head Coach 09,PS3,Sports,Electronic Arts,0.13,0,0,0.01,0.14
9133,Onimusha Essentials,PS2,Action,Capcom,0.07,0.05,0,0.02,0.14
9139,Eternal Poison,PS2,Role-Playing,Banpresto,0.07,0.05,0,0.02,0.14
9149,SingStar Vol. 3,PS3,Misc,Sony Computer Entertainment,0,0.11,0,0.03,0.14
9160,Fate/Unlimited Codes,PS2,Fighting,Capcom,0,0,0.14,0,0.14
9195,Syberia,DS,Action,Mindscape,0.1,0.02,0,0.01,0.14
9218,Ninjatown,DS,Strategy,SouthPeak Games,0.12,0,0,0.01,0.14
9260,Major League Baseball 2K8,Wii,Sports,Take-Two Interactive,0.13,0,0,0.01,0.14
9264,Alone in the Dark: Inferno,PS3,Adventure,Atari,0.09,0.03,0,0.02,0.14
9279,Pet Pals: Animal Doctor,Wii,Simulation,JoWood Productions,0.13,0,0,0.01,0.14
9283,Gourmet Chef: Cook Your Way to Fame,DS,Misc,Ubisoft,0.13,0,0,0.01,0.14
9285,Nitrobike,Wii,Racing,Ubisoft,0.11,0.01,0,0.01,0.14
9298,Wild Earth: African Safari,Wii,Simulation,Majesco Entertainment,0.11,0.02,0,0.01,0.14
9320,007: Quantum of Solace,DS,Action,Activision,0.11,0.01,0,0.01,0.14
9329,Back At The Barnyard: Slop Bucket Games,DS,Sports,THQ,0.12,0,0,0.01,0.14
9330,Quick Yoga Training,DS,Misc,Ubisoft,0.13,0,0,0.01,0.14
9332,Legendary,PS3,Shooter,Atari,0.08,0.03,0,0.02,0.13
9342,Suzumiya Haruhi no Tomadoi,PS2,Adventure,Banpresto,0,0,0.13,0,0.13
9343,MLB Power Pros 2008,Wii,Sports,Konami Digital Entertainment,0.12,0,0.01,0.01,0.13
9345,Dokapon Kingdom,Wii,Role-Playing,Sting,0.12,0,0,0.01,0.13
9358,NHL 2K9,PS3,Sports,Take-Two Interactive,0.11,0.01,0,0.01,0.13
9360,Freddi Fish: ABC under the sea,DS,Misc,Atari,0.13,0,0,0.01,0.13
9384,Monster Rancher DS,DS,Role-Playing,Tecmo Koei,0.08,0,0.05,0.01,0.13
9387,Shin Megami Tensei: Devil Summoner 2 - Raidou Kuzunoha vs. King Abaddon,PS2,Role-Playing,Atlus,0.07,0.05,0,0.02,0.13
9388,NHL 2K9,PS2,Sports,Take-Two Interactive,0.07,0.05,0,0.02,0.13
9398,History Civil War: Secret Missions,X360,Shooter,Activision,0.12,0,0,0.01,0.13
9400,My Spanish Coach,PSP,Misc,Ubisoft,0.12,0,0,0.01,0.13
9423,Destroy All Humans! Path of the Furon,X360,Action,THQ,0.08,0.04,0,0.01,0.13
9433,Cabela's Dangerous Hunts 2009,X360,Sports,Activision,0.12,0,0,0.01,0.13
9456,Eternal Poison (JP sales),PS2,Role-Playing,Banpresto,0,0,0.13,0,0.13
9468,Sally's Salon,DS,Simulation,Capcom,0.12,0,0,0.01,0.13
9471,NBA Ballers: Chosen One,PS3,Sports,Midway Games,0.12,0,0,0.01,0.13
9494,Secret Agent Clank,PSP,Platform,Sony Computer Entertainment,0.04,0.03,0.04,0.02,0.13
9520,Margot's Word Brain,Wii,Puzzle,Zoo Digital Publishing,0.12,0,0,0.01,0.13
9528,Army Men: Soldiers of Misfortune,Wii,Shooter,Zoo Games,0.12,0,0,0.01,0.13
9535,Rock Band Track Pack Volume 1,PS2,Misc,MTV Games,0.06,0.05,0,0.02,0.13
9545,Backyard Baseball '09,DS,Sports,Atari,0.12,0,0,0.01,0.13
9556,Overlord: Raising Hell,PS3,Action,Codemasters,0.07,0.04,0,0.02,0.13
9559,Cabela's Dangerous Hunts 2009,PS3,Sports,Activision Value,0.12,0,0,0.01,0.13
9561,Space Bust-A-Move,DS,Puzzle,Square Enix,0.1,0.02,0,0.01,0.13
9567,Brothers in Arms: Double Time,Wii,Shooter,Ubisoft,0.11,0,0,0.01,0.13
9572,Warriors Orochi 2,PS2,Action,Tecmo Koei,0.06,0.05,0,0.02,0.13
9579,Rock Band Track Pack Volume 2,PS3,Misc,MTV Games,0.11,0,0,0.01,0.13
9591,PBR: Out of the Chute,Wii,Sports,Crave Entertainment,0.12,0,0,0.01,0.13
9598,The Sky Crawlers: Innocent Aces,Wii,Simulation,Namco Bandai Games,0.09,0.02,0.01,0.01,0.13
9599,Avatar: The Last Airbender - Into the Inferno,DS,Adventure,THQ,0.11,0.01,0,0.01,0.13
9601,Monster Jam: Urban Assault,PS2,Racing,Activision,0.06,0.05,0,0.02,0.13
9610,428: Fuusa Sareta Shibuya de,Wii,Adventure,Sega,0,0,0.13,0,0.13
9618,Garfield's Fun Fest,DS,Platform,Zoo Digital Publishing,0.07,0.04,0,0.01,0.13
9624,Zenses: Ocean,DS,Puzzle,Game Factory,0.11,0.01,0,0.01,0.13
9628,Left Brain Right Brain 2,DS,Misc,Majesco Entertainment,0.12,0,0,0.01,0.13
9630,Kidz Sports: Crazy Golf,Wii,Sports,Data Design Interactive,0.11,0,0,0.01,0.13
9643,Dragon Ball: Origins,DS,Action,Atari,0.09,0.03,0,0.01,0.13
9653,Adventures to Go!,PSP,Role-Playing,Zushi Games,0.1,0,0.01,0.01,0.13
9663,Ninja Reflex,Wii,Action,Electronic Arts,0.11,0.01,0,0.01,0.12
9676,SCORE International Baja 1000: The Official Game,X360,Racing,Activision,0.11,0.01,0,0.01,0.12
9691,Obscure: The Aftermath,Wii,Action,Playlogic Game Factory,0.12,0,0,0.01,0.12
9703,"Hisshou Pachinko*Pachi-Slot Kouryaku Series Vol. 12: CR Shinseiki Evangelion - Shito, Futatabi",PS2,Misc,D3Publisher,0,0,0.12,0,0.12
9720,DS Yamamura Misa Suspense: Maiko Kogiku - Kisha Katherine - Sougiya Isa Akashi - Koto ni Maru Hana Sanrin: Kyoto Satujin Jinken File,DS,Adventure,Tecmo Koei,0,0,0.12,0,0.12
9723,The King of Fighters '98 Ultimate Match,PS2,Fighting,Ignition Entertainment,0.04,0.03,0.03,0.01,0.12
9724,Onechanbara: Bikini Zombie Slayers,Wii,Action,D3Publisher,0.11,0,0,0.01,0.12
9734,M&M's Kart Racing,DS,Racing,Zoo Digital Publishing,0.11,0,0,0.01,0.12
9750,Major League Baseball 2K8 Fantasy All-Stars,DS,Sports,Take-Two Interactive,0.11,0,0,0.01,0.12
9759,Rock Band Track Pack Volume 2,PS2,Misc,MTV Games,0.06,0.05,0,0.02,0.12
9766,Ferrari Challenge Trofeo Pirelli,PS2,Racing,System 3 Arcade Software,0.06,0.05,0,0.02,0.12
9779,NPPL: Championship Paintball 2009,X360,Shooter,Activision Value,0.1,0.01,0,0.01,0.12
9791,My Chinese Coach,DS,Misc,Ubisoft,0.11,0.01,0,0.01,0.12
9794,The King of Fighters Collection: The Orochi Saga,Wii,Fighting,Ignition Entertainment,0.11,0,0,0.01,0.12
9811,Chessmaster: The Art of Learning,PSP,Misc,Ubisoft,0.11,0,0,0.01,0.12
9814,My Farm Around the World,DS,Simulation,Atari,0.11,0,0,0.01,0.12
9816,Zubo,DS,Misc,Electronic Arts,0.09,0.03,0,0.01,0.12
9827,Zenses: Rainforest,DS,Puzzle,Game Factory,0.1,0.01,0,0.01,0.12
9828,Dora the Explorer: Dora Saves the Mermaids,PS2,Platform,Take-Two Interactive,0.06,0.05,0,0.02,0.12
9829,Grand Theft Auto: San Andreas,X360,Action,Take-Two Interactive,0.08,0.03,0,0.01,0.12
9831,Skate City Heroes,Wii,Sports,Zoo Digital Publishing,0.11,0,0,0.01,0.12
9849,Space Chimps,PS2,Platform,Brash Entertainment,0.06,0.05,0,0.02,0.12
9856,Tom Clancy's EndWar,PSP,Strategy,Ubisoft,0.1,0.01,0,0.01,0.12
9859,Rubik's World,DS,Puzzle,Game Factory,0.1,0.01,0,0.01,0.12
9876,Tecmo Bowl: Kickoff,DS,Sports,Tecmo Koei,0.11,0,0,0.01,0.12
9915,NPPL: Championship Paintball 2009,Wii,Shooter,Activision Value,0.11,0,0,0.01,0.12
9919,USA Today Crossword Challenge,DS,Puzzle,Destineer,0.11,0,0,0.01,0.12
9925,Raiden IV,X360,Shooter,Moss,0.1,0,0.01,0.01,0.12
9941,NFL Tour,PS3,Sports,Electronic Arts,0.1,0.01,0,0.01,0.12
9954,Merv Griffin's Crosswords,Wii,Puzzle,THQ,0.11,0,0,0.01,0.12
9975,Yattaman DS: BikkuriDokkiri Daisakusen da Koron,DS,Action,Takara Tomy,0,0,0.12,0,0.12
9976,Harvey Birdman: Attorney at Law,PS2,Adventure,Capcom,0.06,0.04,0,0.01,0.12
9997,Army Men: Soldiers of Misfortune,DS,Shooter,Zoo Games,0.11,0,0,0.01,0.12
9999,Mystery P.I. - Portrait of a Thief,DS,Adventure,Unknown,0.11,0,0,0.01,0.11
10008,Warhammer: Battle March,X360,Strategy,Deep Silver,0.09,0.02,0,0.01,0.11
10013,Karaoke Revolution Presents American Idol Encore 2,PS3,Misc,Konami Digital Entertainment,0.11,0,0,0.01,0.11
10017,Mechanic Master,DS,Puzzle,Midway Games,0.1,0,0,0.01,0.11
10032,Brain Quest: Grades 5 & 6,DS,Misc,Electronic Arts,0.11,0,0,0.01,0.11
10050,NFL Head Coach 09,X360,Sports,Electronic Arts,0.11,0,0,0.01,0.11
10064,My SAT Coach with The Princeton Review,DS,Misc,Ubisoft,0.1,0,0,0.01,0.11
10082,Naruto Ultimate Collection,PS2,Misc,Namco Bandai Games,0.06,0.04,0,0.01,0.11
10107,Pimp My Ride,Wii,Racing,Activision,0.1,0,0,0.01,0.11
10120,Pro Yaky? Spirits 5,PS3,Sports,Konami Digital Entertainment,0,0,0.11,0,0.11
10148,Tokimeki Memorial: Girl's Side 2nd Season,DS,Adventure,Konami Digital Entertainment,0,0,0.11,0,0.11
10164,Pinball Hall of Fame: The Williams Collection,PSP,Misc,System 3 Arcade Software,0.09,0.01,0,0.01,0.11
10165,Space Chimps,X360,Platform,Brash Entertainment,0.1,0,0,0.01,0.11
10166,The Spiderwick Chronicles,X360,Action,Vivendi Games,0.09,0.01,0,0.01,0.11
10174,Monster Lab,PS2,Role-Playing,Eidos Interactive,0.05,0.04,0,0.01,0.11
10182,Totally Spies! Totally Party,Wii,Misc,Ubisoft,0.09,0.01,0,0.01,0.11
10185,Naruto Shippuden: Naruto vs. Sasuke,DS,Action,Takara Tomy,0.08,0,0.03,0.01,0.11
10199,Karaoke Revolution Presents American Idol Encore,X360,Misc,Konami Digital Entertainment,0.1,0,0,0.01,0.11
10203,Soma Bringer,DS,Role-Playing,Nintendo,0,0,0.11,0,0.11
10211,Trauma Center: Under the Knife 2,DS,Simulation,Atlus,0.1,0,0,0.01,0.11
10265,Death Jr.: Root of Evil,Wii,Platform,Eidos Interactive,0.1,0,0,0.01,0.11
10269,Mushroom Men: Rise of the Fungi,DS,Action,SouthPeak Games,0.1,0,0,0.01,0.11
10307,Hellboy: The Science of Evil,X360,Action,Konami Digital Entertainment,0.1,0,0,0.01,0.11
10324,Patapon 2,PSP,Misc,Sony Computer Entertainment,0,0.03,0.06,0.01,0.11
10336,My Boyfriend,DS,Simulation,DTP Entertainment,0.1,0,0,0.01,0.11
10368,Rock Revolution,DS,Misc,Konami Digital Entertainment,0.1,0,0,0.01,0.11
10411,Help Wanted: 50 Wacky Jobs,Wii,Simulation,Hudson Soft,0.06,0.04,0,0.01,0.11
10427,Princess Debut,DS,Misc,Cave,0.1,0,0,0.01,0.1
10430,Family Party: 30 Great Games,Wii,Misc,D3Publisher,0.09,0.01,0,0.01,0.1
10459,Exit DS,DS,Puzzle,Square Enix,0.09,0,0.01,0.01,0.1
10461,Universe at War: Earth Assault,X360,Action,Sega,0.09,0.01,0,0.01,0.1
10480,Corvette Evolution GT,DS,Racing,Black Bean Games,0.1,0,0,0.01,0.1
10486,Igor: The Game,Wii,Adventure,CDV Software Entertainment,0.09,0,0,0.01,0.1
10511,Blitz: The League II,X360,Sports,Midway Games,0.08,0.01,0,0.01,0.1
10520,America's Next Top Model,DS,Action,Eidos Interactive,0.1,0,0,0.01,0.1
10524,Culdcept DS,DS,Strategy,Sega,0,0,0.1,0,0.1
10538,Football Director DS,DS,Sports,Pinnacle,0,0.1,0,0,0.1
10541,Yggdra Union: We'll Never Fight Alone,PSP,Role-Playing,Sting,0.05,0,0.04,0.01,0.1
10551,Monkey Mischief! Party Time,Wii,Misc,Activision,0.09,0,0,0.01,0.1
10580,Pajama Sam: Don't Fear The Dark,Wii,Adventure,Atari,0.09,0,0,0.01,0.1
10586,Little League World Series Baseball 2008,Wii,Sports,Activision,0.09,0,0,0.01,0.1
10588,Tatsunoko vs. Capcom: Cross Generation of Heroes,Wii,Fighting,Capcom,0,0,0.1,0,0.1
10610,NFL Tour,X360,Sports,Electronic Arts,0.09,0,0,0.01,0.1
10613,Spider-Man: Web of Shadows,DS,Action,Activision,0.09,0,0,0.01,0.1
10622,SCORE International Baja 1000: The Official Game,Wii,Racing,Activision,0.09,0,0,0.01,0.1
10626,Big League Sports,Wii,Sports,Activision,0.09,0.01,0,0.01,0.1
10641,The History Channel: Civil War - Secret Missions,PS3,Shooter,Activision,0.09,0,0,0.01,0.1
10648,King of Clubs: Mini Golf,Wii,Sports,Oxygen Interactive,0.09,0,0,0.01,0.1
10650,Cate West: The Vanishing Files,DS,Adventure,Oxygen Interactive,0.08,0.01,0,0.01,0.1
10700,Lucky * Star: Ryouou Gakuen Outousai,PS2,Adventure,Kadokawa Shoten,0,0,0.1,0,0.1
10719,Horse Life Adventures,DS,Simulation,Deep Silver,0.08,0.01,0,0.01,0.1
10725,Higurashi no Nakukoru ni Kizuna: Dai-Ni-Kan - Sou,DS,Adventure,Alchemist,0,0,0.1,0,0.1
10731,Championship Pony,DS,Simulation,"Destination Software, Inc",0.09,0,0,0.01,0.1
10740,Mana Khemia: Student Alliance,PSP,Role-Playing,Nippon Ichi Software,0.05,0,0.03,0.01,0.1
10753,"Blast Works: Build, Trade, Destroy",Wii,Shooter,Eidos Interactive,0.09,0,0,0.01,0.1
10761,Ninja Reflex,DS,Action,Electronic Arts,0.09,0,0,0.01,0.1
10763,Red Bull BC One,DS,Misc,Playlogic Game Factory,0.09,0,0,0.01,0.1
10784,Touch Mechanic,DS,Simulation,Nintendo,0.09,0,0,0.01,0.1
10802,Populous DS,DS,Strategy,Rising Star Games,0.07,0,0.02,0.01,0.1
10856,FIFA Street 3,DS,Sports,Electronic Arts,0.07,0.02,0,0.01,0.09
10861,Rygar: The Battle of Argus,Wii,Action,Rising Star Games,0.09,0,0,0.01,0.09
10872,Wordmaster,DS,Strategy,Zoo Digital Publishing,0.09,0,0,0.01,0.09
10878,Raiden Fighters Aces,X360,Shooter,Valcon Games,0.06,0.03,0,0.01,0.09
10888,Harvey Birdman: Attorney at Law,PSP,Adventure,Capcom,0.08,0,0,0.01,0.09
10908,echochrome,PSP,Puzzle,Sony Computer Entertainment,0,0.01,0.08,0,0.09
10911,Championship Foosball,Wii,Sports,505 Games,0.09,0,0,0.01,0.09
10946,Tom Clancy's EndWar,DS,Strategy,Ubisoft,0.08,0.01,0,0.01,0.09
10962,Lock's Quest,DS,Strategy,THQ,0.08,0,0,0.01,0.09
10982,Space Invaders Extreme,PSP,Shooter,Square Enix,0.06,0.01,0.01,0.01,0.09
11013,Pipe Mania,DS,Puzzle,Empire Interactive,0.08,0.01,0,0.01,0.09
11015,Space Chimps,Wii,Platform,Brash Entertainment,0.08,0,0,0.01,0.09
11024,Doraemon: Nobita to Midori no Kyojinden DS,DS,Platform,Sega,0,0,0.09,0,0.09
11028,Spectral Force Genesis,DS,Role-Playing,Nobilis,0.08,0,0.01,0.01,0.09
11030,Agatha Christie: Evil Under the Sun,Wii,Adventure,The Adventure Company,0.07,0.02,0,0.01,0.09
11031,World Championship Games: A Track & Field Event,DS,Sports,Ghostlight,0.08,0,0,0.01,0.09
11046,Ratchet & Clank Future: Quest for Booty,PS3,Platform,Sony Computer Entertainment,0.01,0.06,0,0.02,0.09
11070,Supreme Commander,X360,Strategy,505 Games,0.07,0.01,0,0.01,0.09
11074,Ski and Shoot,Wii,Sports,RTL,0.04,0.04,0,0.01,0.09
11084,The Sims 2: Apartment Life,PC,Simulation,Electronic Arts,0,0.07,0,0.02,0.09
11085,MLB Superstars,Wii,Sports,Take-Two Interactive,0.08,0,0,0.01,0.09
11092,Prinny: Can I Really Be the Hero?,PSP,Platform,Tecmo Koei,0.02,0.01,0.05,0.01,0.09
11100,The Mummy: Tomb of the Dragon Emperor,Wii,Action,Vivendi Games,0.08,0,0,0.01,0.09
11103,Karaoke Revolution Presents American Idol Encore 2,X360,Misc,Konami Digital Entertainment,0.08,0,0,0.01,0.09
11111,The Mummy: Tomb of the Dragon Emperor,DS,Action,Vivendi Games,0.08,0,0,0.01,0.09
11114,Karaoke Revolution Presents American Idol Encore,PS3,Misc,Konami Digital Entertainment,0.08,0,0,0.01,0.09
11130,Knights in the Nightmare,DS,Role-Playing,Sting,0.06,0,0.02,0,0.09
11155,Harvey Birdman: Attorney at Law,Wii,Adventure,Capcom,0.08,0,0,0.01,0.09
11158,Jumper: Griffin's Story,Wii,Action,Eidos Interactive,0.08,0,0,0.01,0.09
11159,My Stop Smoking Coach: Allen Carr's EasyWay,DS,Misc,Ubisoft,0.07,0.01,0,0.01,0.09
11168,Battle Fantasia,X360,Fighting,505 Games,0.07,0,0.01,0.01,0.09
11177,Bella Sara,DS,Misc,Codemasters,0.04,0.03,0,0.01,0.09
11183,Brain Voyage,DS,Puzzle,Eidos Interactive,0.06,0.02,0,0.01,0.09
11198,My Make-Up,DS,Misc,Oxygen Interactive,0.08,0,0,0.01,0.09
11207,Midnight Play! Pack,DS,Misc,Ubisoft,0.08,0,0,0.01,0.09
11212,L: the proLogue to DEATH NOTE - Rasen no Wana,DS,Adventure,Konami Digital Entertainment,0,0,0.09,0,0.09
11227,Monster Jam: Urban Assault,PSP,Racing,Activision,0.08,0,0,0.01,0.09
11233,1 vs. 100,DS,Misc,DSI Games,0.08,0,0,0.01,0.09
11253,Guilty Gear XX Accent Core Plus,PSP,Fighting,PQube,0.03,0.01,0.04,0.01,0.08
11259,Winter Sports 2: The Next Challenge,PS2,Sports,Conspiracy Entertainment,0.04,0.03,0,0.01,0.08
11262,Ultimate Card Games DS,DS,Strategy,Telegames,0.08,0,0,0.01,0.08
11268,Bleach: Heat the Soul 5,PSP,Fighting,Sony Computer Entertainment,0,0,0.08,0,0.08
11289,SafeCracker: The Ultimate Puzzle Adventure,Wii,Puzzle,The Adventure Company,0.07,0.01,0,0.01,0.08
11295,The Spiderwick Chronicles,DS,Action,Vivendi Games,0.08,0,0,0.01,0.08
11305,Elebits: The Adventures of Kai and Zero,DS,Adventure,Konami Digital Entertainment,0.07,0,0,0.01,0.08
11315,Kidou Senshi Gundam 00,DS,Action,Namco Bandai Games,0,0,0.08,0,0.08
11324,Pac-Man Power Pack,PS2,Misc,Namco Bandai Games,0.04,0.03,0,0.01,0.08
11335,Miami Nights: Singles in the City,DS,Simulation,Ubisoft,0.08,0,0,0.01,0.08
11356,Mortal Kombat Kollection,PS2,Fighting,Midway Games,0.04,0.03,0,0.01,0.08
11390,The Sims 2: Ikea Home Stuff,PC,Simulation,Electronic Arts,0,0.07,0,0.02,0.08
11392,Super Robot Taisen OG Saga: Endless Frontier,DS,Role-Playing,Namco Bandai Games,0.08,0,0,0.01,0.08
11401,Initial D: Extreme Stage,PS3,Racing,Sega,0,0,0.08,0,0.08
11415,"Hisshou Pachinko*Pachi-Slot Kouryaku Series DS Vol. 2: Shinseiki Evangelion - Shito, Futatabi",DS,Misc,D3Publisher,0,0,0.08,0,0.08
11416,Jikkyou Powerful Pro Yakyuu 15,Wii,Sports,Konami Digital Entertainment,0,0,0.08,0,0.08
11438,Worms: A Space Oddity,Wii,Strategy,THQ,0.06,0.02,0,0.01,0.08
11446,Bangai-O Spirits,DS,Shooter,D3Publisher,0.07,0,0,0.01,0.08
11469,TrackMania DS,DS,Racing,Focus Home Interactive,0.06,0.01,0,0.01,0.08
11472,Prey the Stars,DS,Action,Tecmo Koei,0.07,0,0,0.01,0.08
11485,Tomb Raider: Underworld,PC,Action,Eidos Interactive,0,0.06,0,0.02,0.08
11488,Line Rider 2: Unbound,DS,Puzzle,Deep Silver,0.07,0,0,0.01,0.08
11494,Ultimate Shooting Collection,Wii,Shooter,Milestone,0.08,0,0,0,0.08
11497,Soul Bubbles,DS,Puzzle,Eidos Interactive,0.05,0.02,0,0.01,0.08
11541,Code Lyoko: Fall of X.A.N.A.,DS,Adventure,Game Factory,0.07,0,0,0.01,0.08
11548,Wordfish,DS,Puzzle,Ubisoft,0.07,0,0,0.01,0.08
11551,futureU: The Prep Game for SAT,DS,Misc,Aspyr,0.07,0,0,0.01,0.08
11562,New International Track & Field,DS,Sports,Konami Digital Entertainment,0.07,0,0,0.01,0.08
11565,Lost in Blue: Shipwrecked,Wii,Adventure,Konami Digital Entertainment,0.07,0,0,0.01,0.08
11569,Penny Racers Party: Turbo-Q Speedway,Wii,Racing,Takara Tomy,0.07,0,0,0.01,0.08
11572,Need For Speed: Undercover,PC,Racing,Electronic Arts,0,0.07,0,0.01,0.08
11603,Mission Runway,DS,Simulation,Eidos Interactive,0.07,0.01,0,0.01,0.08
11604,Agatha Christie: And Then There Were None,Wii,Adventure,The Adventure Company,0.06,0.01,0,0.01,0.08
11614,Nanashi no Game,DS,Adventure,Square Enix,0,0,0.08,0,0.08
11619,Backyard NFL Football '09,DS,Sports,Atari,0.07,0,0,0.01,0.08
11662,Katekyoo Hitman Reborn! DS: Flame Rumble Hyper - Moeyo Mirai,DS,Fighting,Takara Tomy,0,0,0.08,0,0.08
11676,Tokyo Beat Down,DS,Action,Success,0.07,0,0,0.01,0.08
11681,The Legend of Kage 2,DS,Action,Square Enix,0.07,0,0,0,0.08
11700,Minna no Joushiki Ryoku TV,Wii,Misc,Nintendo,0,0,0.08,0,0.08
11705,Tears to Tiara: Garland of the Earth,PS3,Strategy,Aqua Plus,0,0,0.08,0,0.08
11717,Baroque,Wii,Role-Playing,Rising Star Games,0.07,0,0,0,0.08
11722,Disaster: Day of Crisis,Wii,Action,Nintendo,0,0.03,0.04,0,0.08
11725,SCORE International Baja 1000: The Official Game,PS3,Racing,Activision,0.07,0,0,0.01,0.08
11728,My Fun Facts Coach,DS,Misc,Ubisoft,0.07,0,0,0.01,0.08
11732,Kung Fu Panda: Legendary Warriors,Wii,Action,Activision,0.07,0,0,0,0.08
11739,Kinnikuman Muscle Grand Prix Max 2: Tokumori,PS2,Fighting,Namco Bandai Games,0,0,0.07,0,0.07
11746,Naruto Shippuden: Gekito Ninja Taisen! EX 3,Wii,Fighting,Takara Tomy,0,0,0.07,0,0.07
11749,Winter Sports 2: The Next Challenge,X360,Sports,RTL,0.06,0.01,0,0.01,0.07
11760,The History Channel: Battle for the Pacific,PS3,Shooter,Activision,0.07,0,0,0.01,0.07
11792,Margot's Word Brain,DS,Puzzle,Zoo Games,0.07,0,0,0.01,0.07
11798,The Idolm@ster: Live for You!,X360,Misc,Namco Bandai Games,0,0,0.07,0,0.07
11821,Sigma Harmonics,DS,Role-Playing,Square Enix,0,0,0.07,0,0.07
11824,Summon Night,DS,Role-Playing,Banpresto,0,0,0.07,0,0.07
11825,The King of Fighters Collection: The Orochi Saga,PSP,Fighting,Ignition Entertainment,0.07,0,0,0,0.07
11838,Harukanaru Toki no Naka de 4,PS2,Adventure,Tecmo Koei,0,0,0.07,0,0.07
11857,Digimon World Championship,DS,Role-Playing,Namco Bandai Games,0,0,0.07,0,0.07
11864,Let's Ride! Friends Forever,DS,Adventure,THQ,0.07,0,0,0,0.07
11872,Goosebumps HorrorLand,PS2,Adventure,Scholastic Inc.,0.04,0.03,0,0.01,0.07
11877,Code Geass: Hangyaku no Lelouch - Lost Colors,PSP,Adventure,Namco Bandai Games,0,0,0.07,0,0.07
11885,SNK Arcade Classics Vol. 1,Wii,Misc,Ignition Entertainment,0.06,0,0,0.01,0.07
11896,Robocalypse,DS,Strategy,Tecmo Koei,0.07,0,0,0,0.07
11910,"Flower, Sun, and Rain",DS,Adventure,Rising Star Games,0.07,0,0,0.01,0.07
11912,The Legend of Heroes: Trails in the Sky Third Chapter,PSP,Role-Playing,Falcom Corporation,0,0,0.07,0,0.07
11926,Jumper: Griffin's Story,PS2,Action,Eidos Interactive,0.03,0.03,0,0.01,0.07
11936,Homie Rollerz,DS,Racing,Destineer,0.07,0,0,0.01,0.07
11941,Fantasy Aquarium by DS,DS,Simulation,Mercury Games,0.07,0,0,0.01,0.07
11966,Silent Hill: Origins,PS2,Action,Konami Digital Entertainment,0.03,0.03,0,0.01,0.07
12003,NHL 2K9,Wii,Sports,Take-Two Interactive,0.06,0,0,0.01,0.07
12004,Tales of Rebirth,PSP,Role-Playing,Namco Bandai Games,0,0,0.07,0,0.07
12025,Higurashi no Nakukoru ni Kizuna: Dai-Ichi-Kan - Tatari,DS,Adventure,Alchemist,0,0,0.07,0,0.07
12027,AMF Bowling Pinbusters!,DS,Sports,Vir2L Studios,0.06,0,0,0,0.07
12033,Jake Power: Handyman,DS,Adventure,Ubisoft,0.06,0,0,0,0.07
12034,My Dress-Up,DS,Misc,Oxygen Interactive,0.06,0.01,0,0.01,0.07
12040,Target: Terror,Wii,Shooter,Konami Digital Entertainment,0.06,0,0,0.01,0.07
12044,Shrek's Carnival Craze Party Games,PS2,Misc,Activision,0.03,0.03,0,0.01,0.07
12058,San Goku Shi Taisen Ten,DS,Strategy,Sega,0,0,0.07,0,0.07
12066,My Horse & Me: Riding for Gold,DS,Sports,Atari,0.05,0.01,0,0.01,0.07
12076,Jackass the Game DS,DS,Action,Empire Interactive,0.06,0,0,0.01,0.07
12097,Secret Files: Tunguska,Wii,Adventure,Koch Media,0.05,0.02,0,0.01,0.07
12098,DS Nishimura Kyotaro Suspense 2 Shin Tantei Series: Kanazawa Hakodate - Gokkan no Kyoukoku - Fukushuu no Kage,DS,Adventure,Tecmo Koei,0,0,0.07,0,0.07
12123,Katekyoo Hitman Reborn! DS: Fate of Heat - Hono no Unmei,DS,Role-Playing,Takara Tomy,0,0,0.07,0,0.07
12130,Secret Service: Ultimate Sacrifice,PS2,Action,Activision,0.03,0.03,0,0.01,0.07
12133,Tropix,DS,Puzzle,Capcom,0.06,0,0,0,0.07
12136,Hammerin' Hero,PSP,Action,Irem Software Engineering,0.06,0,0,0.01,0.07
12142,The Tale of Despereaux,DS,Platform,Brash Entertainment,0.06,0,0,0,0.07
12148,Freddi Fish: Kelp Seed Mystery,Wii,Adventure,Majesco Entertainment,0.06,0,0,0,0.07
12153,Imagine: Gymnast,DS,Simulation,Ubisoft,0.05,0.01,0,0,0.07
12158,Pipe Mania,PSP,Puzzle,Empire Interactive,0.06,0,0,0.01,0.07
12161,Prince of Persia: The Fallen King,DS,Action,Ubisoft,0.06,0.01,0,0.01,0.07
12187,Brain Quest: Grades 3 & 4,DS,Misc,Electronic Arts,0.06,0,0,0.01,0.07
12223,Insecticide,DS,Action,Gamecock,0.06,0,0,0,0.07
12251,Chrysler Classic Racing,Wii,Racing,Zoo Games,0.06,0,0,0,0.06
12273,Bleach: Versus Crusade,Wii,Fighting,Sega,0,0,0.06,0,0.06
12277,My Pet Shop,DS,Simulation,Square Enix,0.06,0,0,0,0.06
12293,Cabela's Trophy Bucks,Wii,Sports,Activision Value,0.06,0,0,0,0.06
12297,Smart Boy's Toys Club,DS,Misc,505 Games,0.06,0,0,0,0.06
12302,Akagawa Jirou Mystery: Yasoukyoku - Hon ni Manekareta Satsujin,DS,Adventure,Marvelous Interactive,0,0,0.06,0,0.06
12304,Monster Madness: Grave Danger,PS3,Shooter,SouthPeak Games,0.05,0.01,0,0.01,0.06
12327,Crimson Gem Saga,PSP,Role-Playing,Sega,0.06,0,0,0,0.06
12330,Steambot Chronicles: Battle Tournament,PSP,Fighting,Irem Software Engineering,0.05,0,0.01,0,0.06
12332,Spy Fox in Dry Cereal,Wii,Adventure,Majesco Entertainment,0.06,0,0,0,0.06
12339,Chou Gekijouban Keroro Gunsou 3: Tenkuu Daibouken de Arimasu!,DS,Action,Namco Bandai Games,0,0,0.06,0,0.06
12358,Kuukan * Zukei: Hirameki Training - KuuTore,DS,Misc,Benesse,0,0,0.06,0,0.06
12369,From The Abyss,DS,Role-Playing,Nobilis,0.06,0,0,0,0.06
12372,Samurai Shodown Anthology,Wii,Fighting,Ignition Entertainment,0.06,0,0,0,0.06
12378,Di-Gata Defenders,DS,Role-Playing,Game Factory,0.06,0,0,0,0.06
12380,Code Geass: Hangyaku no Lelouch - Lost Colors,PS2,Adventure,Namco Bandai Games,0,0,0.06,0,0.06
12419,Alone in the Dark,PS2,Adventure,Atari,0.03,0.02,0,0.01,0.06
12420,Guilty Gear XX Accent Core Plus,PS2,Fighting,PQube,0.03,0.02,0,0.01,0.06
12422,Higurashi Daybreak Portable,PSP,Adventure,Alchemist,0,0,0.06,0,0.06
12437,Puzzler Collection,Wii,Puzzle,Ubisoft,0.05,0.01,0,0,0.06
12458,Cocoto Kart Racer,Wii,Racing,Conspiracy Entertainment,0.06,0,0,0,0.06
12459,Mobile Suit Gundam 00: Gundam Meisters,PS2,Action,Namco Bandai Games,0,0,0.06,0,0.06
12469,Kirarin * Revolution: Minna de Odorou Furi Furi Debut!,DS,Simulation,Konami Digital Entertainment,0,0,0.06,0,0.06
12479,Sacred 2: Fallen Angel,PC,Role-Playing,Ascaron Entertainment GmbH,0,0.05,0,0.01,0.06
12480,Winter Sports 2: The Next Challenge,DS,Sports,RTL,0.04,0.02,0,0.01,0.06
12485,DropCast,DS,Puzzle,THQ,0.06,0,0,0,0.06
12488,Summon Night 2,DS,Role-Playing,Namco Bandai Games,0,0,0.06,0,0.06
12505,D.C. II P.S.: Da Capo II Plus Situation,PS2,Adventure,Kadokawa Shoten,0,0,0.06,0,0.06
12534,Rock Blast,DS,Puzzle,UFO Interactive,0.06,0,0,0,0.06
12544,Little League World Series Baseball 2008,DS,Sports,Activision,0.06,0,0,0,0.06
12553,Fate/Tiger Colosseum Upper,PSP,Fighting,Capcom,0,0,0.06,0,0.06
12556,Theresia...,DS,Adventure,Arc System Works,0.06,0,0,0,0.06
12557,Pop Cutie! Street Fashion Simulation,DS,Simulation,Tecmo Koei,0.06,0,0,0,0.06
12574,LEGO Batman: The Videogame,PC,Action,Warner Bros. Interactive Entertainment,0.02,0.03,0,0.01,0.06
12605,Jumper: Griffin's Story,X360,Action,Eidos Interactive,0.05,0,0,0,0.06
12622,Winx Club: Mission Enchantix,DS,Adventure,Konami Digital Entertainment,0.03,0.02,0,0,0.06
12629,Gegege no Kitarou: Youkai Daigekisen,DS,Action,Namco Bandai Games,0,0,0.06,0,0.06
12630,Emblem of Gundam,DS,Strategy,Namco Bandai Games,0,0,0.06,0,0.06
12642,Warriors Orochi 2,X360,Action,Tecmo Koei,0.04,0,0.01,0,0.06
12650,Daito Giken Koushiki Pachi-Slot Simulator: Shin Yoshimune,PS2,Misc,Paon,0,0,0.06,0,0.06
12665,Cid to Chocobo no Fushigi na Dungeon: Toki Wasure no Meikyuu DS+,DS,Role-Playing,Square Enix,0,0,0.06,0,0.06
12677,MLB Power Pros 2008,DS,Sports,Take-Two Interactive,0.05,0,0,0,0.06
12678,Real Soccer 2009,DS,Sports,Ubisoft,0.05,0,0,0,0.06
12684,Vampire Rain: Altered Species,PS3,Action,Ignition Entertainment,0.05,0,0,0,0.06
12693,Aquarium by DS,DS,Simulation,Mercury Games,0.05,0,0,0,0.06
12704,PopStar Guitar,Wii,Misc,Midway Games,0.03,0.03,0,0.01,0.06
12717,Rhapsody: A Musical Adventure,DS,Role-Playing,Nippon Ichi Software,0.05,0,0,0,0.06
12778,KimiKiss (ebKore+),PS2,Adventure,Enterbrain,0,0,0.06,0,0.06
12791,Mame Goma 2: Uchi no Ko ga Ichiban!,DS,Simulation,Creative Core,0,0,0.06,0,0.06
12799,Space Chimps,DS,Platform,Brash Entertainment,0.05,0,0,0,0.06
12812,My Horse & Me: Riding for Gold,Wii,Sports,Atari,0.04,0.02,0,0,0.06
12821,Hail to the Chimp,X360,Misc,Gamecock,0.05,0,0,0,0.06
12835,Drivers Ed Portable,DS,Misc,JoWood Productions,0.05,0,0,0,0.05
12840,Unsolved Crimes,DS,Adventure,Empire Interactive,0.04,0.01,0,0,0.05
12848,Samurai Dou Portable,PSP,Action,Spike,0,0,0.05,0,0.05
12849,Princess on Ice,DS,Sports,505 Games,0.04,0.01,0,0,0.05
12854,Front Mission 2089: Border of Madness,DS,Strategy,Square Enix,0,0,0.05,0,0.05
12860,Mister Slime,DS,Action,SouthPeak Games,0.05,0,0,0,0.05
12886,Defendin' De Penguin,Wii,Strategy,Zushi Games,0.05,0,0,0,0.05
12892,Jake Power: Policeman,DS,Adventure,Ubisoft,0.05,0,0,0,0.05
12975,Zoo Quest: Puzzle Fun!,DS,Puzzle,JoWood Productions,0.05,0,0,0,0.05
12981,Dreamer Series: Puppy Trainer,DS,Simulation,DreamCatcher Interactive,0.05,0,0,0,0.05
12982,Pro Yakyuu Spirits 5 Kanzenban,PS2,Sports,Konami Digital Entertainment,0,0,0.05,0,0.05
12985,Pony Friends: Mini Breeds Edition,DS,Simulation,Eidos Interactive,0.05,0,0,0,0.05
12996,Dokapon Journey,DS,Role-Playing,Sting,0.05,0,0,0,0.05
13017,Dramatic Dungeon: Sakura Wars - Kimi Arugatame,DS,Role-Playing,Sega,0,0,0.05,0,0.05
13021,Nanostray 2,DS,Shooter,Codemasters,0.03,0.01,0,0,0.05
13033,Sengoku Basara X,PS2,Fighting,Capcom,0,0,0.05,0,0.05
13045,Bejeweled Twist,PC,Puzzle,PopCap Games,0.01,0.04,0,0.01,0.05
13055,Secret Files: Tunguska,DS,Adventure,Deep Silver,0.04,0.01,0,0,0.05
13101,Suzuki Super-Bikes II: Riding Challenge,DS,Racing,Valcon Games,0.05,0,0,0,0.05
13138,George of the Jungle and the Search for the Secret,DS,Platform,Ignition Entertainment,0.05,0,0,0,0.05
13147,Hail to the Chimp,PS3,Misc,Gamecock,0.05,0,0,0,0.05
13155,Assassin's Creed: Altair's Chronicles,DS,Platform,Ubisoft,0.03,0.01,0,0,0.05
13175,Smart Kid's Party Fun Pak,DS,Misc,UFO Interactive,0.05,0,0,0,0.05
13186,Monster Band,DS,Misc,Tivola,0.04,0,0,0,0.05
13189,Fushigi? Kagaku: Nazotoki Quiz Training - NazoTore,DS,Misc,Benesse,0,0,0.05,0,0.05
13195,Houkago Shounen,DS,Misc,Konami Digital Entertainment,0,0,0.05,0,0.05
13205,Harukanaru Toki no Naka de: Yumenoukihashi,DS,Adventure,Tecmo Koei,0,0,0.05,0,0.05
13208,Spitfire Heroes: Tales of the Royal Air Force,DS,Simulation,Destineer,0.05,0,0,0,0.05
13226,Neverland Card Battles,PSP,Role-Playing,Idea Factory,0.04,0,0,0.01,0.05
13232,Koihime Musou,PS2,Adventure,Yeti,0,0,0.05,0,0.05
13241,Katekyoo Hitman Reborn! DS: Bongole Shiki Taisen Battle Sugoroku,DS,Misc,Takara Tomy,0,0,0.05,0,0.05
13261,Secret Service,X360,Action,Activision Value,0.04,0,0,0,0.05
13266,Deadliest Catch: Alaskan Storm,X360,Sports,Navarre Corp,0.04,0,0,0,0.05
13279,Pachitte Chonmage Tatsujin 15: Pachinko Fuyu no Sonata 2,PS2,Misc,Hackberry,0,0,0.05,0,0.05
13285,Shugo Chara! 3-tsu no Tamagoto Koisuru Joker,DS,Action,Konami Digital Entertainment,0,0,0.05,0,0.05
13291,Cesar Millan's Dog Whisperer,DS,Simulation,Ubisoft,0.04,0,0,0,0.05
13296,M&M's Adventure,DS,Adventure,Zoo Digital Publishing,0.04,0,0,0,0.05
13298,Soul Eater: Plot of Medusa,DS,Action,Namco Bandai Games,0,0,0.05,0,0.05
13305,Color Cross,DS,Misc,Rising Star Games,0.04,0,0,0,0.05
13311,The Dark Spire,DS,Role-Playing,Success,0.04,0,0,0,0.05
13344,Chocobo to Mahou no Ehon: Majo to Shoujo to 5-Jin no Yuusha,DS,Role-Playing,Square Enix,0,0,0.05,0,0.05
13346,Wonder World Amusement Park,Wii,Misc,Majesco Entertainment,0.04,0,0,0,0.05
13355,Shaun the Sheep,DS,Adventure,D3Publisher,0.04,0,0,0,0.05
13371,Rapala Fishing Frenzy 2009,X360,Sports,Activision,0.04,0,0,0,0.05
13387,Professor Heinz Wolff's Gravity,DS,Puzzle,Deep Silver,0.04,0,0,0,0.05
13395,Lux-Pain,DS,Adventure,Rising Star Games,0.04,0,0,0,0.05
13400,Hiiro no Kakera DS,DS,Adventure,Idea Factory,0,0,0.05,0,0.05
13418,Bleach: Soul Carnival,PSP,Fighting,Sony Computer Entertainment,0,0,0.05,0,0.05
13431,Looney Tunes: Cartoon Conductor,DS,Misc,Eidos Interactive,0.04,0,0,0,0.05
13457,National Geographic Panda (US sales),DS,Simulation,Ubisoft,0.04,0,0,0,0.04
13465,Phoenix Wright: Revived Turnabout,DS,Misc,Capcom,0,0,0.04,0,0.04
13469,The Tale of Despereaux,Wii,Platform,Brash Entertainment,0.04,0,0,0,0.04
13481,Backyard Baseball '09,Wii,Sports,Atari,0.04,0,0,0,0.04
13493,Sekai no Gohan Shaberu! DS Oryouri Navi,DS,Misc,Nintendo,0,0,0.04,0,0.04
13497,Candace Kane's Candy Factory,DS,Action,Destineer,0.04,0,0,0,0.04
13524,Hanayori Danshi: Koi Seyo Onago,DS,Adventure,Konami Digital Entertainment,0,0,0.04,0,0.04
13566,Naruto Shippuden: Dairansen! Kage Bunshin Emaki,DS,Action,Takara Tomy,0,0,0.04,0,0.04
13569,Twilight Syndrome: Kinjiratera Toshi Densetsu,DS,Adventure,Spike,0,0,0.04,0,0.04
13578,Kanuchi: Shiroki Tsubasa no Shou,PS2,Adventure,Idea Factory,0,0,0.04,0,0.04
13581,Katekyoo Hitman Reborn! Battle Arena,PSP,Fighting,Marvelous Interactive,0,0,0.04,0,0.04
13592,SPRay,Wii,Action,Tecmo Koei,0.04,0,0,0,0.04
13594,Battle Rage,Wii,Shooter,Popcorn Arcade,0.04,0,0,0,0.04
13596,Igor: The Game,DS,Adventure,Legacy Interactive,0.04,0,0,0,0.04
13597,LEGO Indiana Jones: The Original Adventures,PC,Action,LucasArts,0.02,0.02,0,0.01,0.04
13636,Myth Makers: Trixie in Toyland,Wii,Platform,Popcorn Arcade,0.04,0,0,0,0.04
13640,Devil May Cry 4,PC,Action,Capcom,0.01,0.02,0,0.01,0.04
13661,Mazes of Fate DS,DS,Role-Playing,Graffiti,0.04,0,0,0,0.04
13662,Code Geass: Hangyaku no Lelouch R2 - Banjou no Geass Gekijou,DS,Misc,Namco Bandai Games,0,0,0.04,0,0.04
13663,Hellboy: The Science of Evil,PSP,Action,Konami Digital Entertainment,0.04,0,0,0,0.04
13665,Mortimer Beckett and the Secrets of Spooky Manor,Wii,Puzzle,Avanquest,0.04,0,0,0,0.04
13670,Ferrari Challenge Trofeo Pirelli,PS3,Racing,System 3 Arcade Software,0,0.03,0,0.01,0.04
13676,System 3 presents Ferrari Challenge Trofeo Pirelli,DS,Racing,System 3 Arcade Software,0.03,0.01,0,0,0.04
13681,Hayate no Gotoku! Ojousama Produce Daisakusen Boku Iro ni Somare! Gakkou-Hen,DS,Simulation,Konami Digital Entertainment,0,0,0.04,0,0.04
13692,12Riven: The Psi-Climinal of Integral,PS2,Adventure,CyberFront,0,0,0.04,0,0.04
13767,Sega Ages 2500 Series Vol. 33: Fantasy Zone Complete Collection,PS2,Shooter,Sega,0,0,0.04,0,0.04
13769,Motto TOEIC Test DS Training,DS,Misc,IE Institute,0,0,0.04,0,0.04
13778,Go Diego Go!: Safari Rescue,PS2,Action,Take-Two Interactive,0.02,0.02,0,0.01,0.04
13815,99 no Namida,DS,Adventure,Namco Bandai Games,0,0,0.04,0,0.04
13816,Clannad,PSP,Adventure,Prototype,0,0,0.04,0,0.04
13819,Ookami to Koushinryou: Boku to Horo no Ichinen,DS,Adventure,ASCII Media Works,0,0,0.04,0,0.04
13831,Twin Strike: Operation Thunder,Wii,Shooter,Zoo Games,0.04,0,0,0,0.04
13846,PopStar Guitar,PS2,Misc,XS Games,0.02,0.01,0,0,0.04
13884,Memories Off 6: T-Wave,PS2,Adventure,5pb,0,0,0.04,0,0.04
13899,Story Hour: Fairy Tales,Wii,Adventure,Zoo Digital Publishing,0.04,0,0,0,0.04
13942,Aquanaut's Holiday: Kakusareta Kiroku,PS3,Adventure,Sony Computer Entertainment,0,0,0.04,0,0.04
13944,Little Red Riding Hood's Zombie BBQ,DS,Shooter,Destineer,0.03,0,0,0,0.04
13953,Teenage Zombies: Invasion of the Alien Brain Thingys,DS,Adventure,Ignition Entertainment,0.03,0,0,0,0.04
13959,GoPets: Vacation Island,DS,Simulation,Konami Digital Entertainment,0.03,0,0,0,0.04
13960,Pia Carrot e Youkoso!! 2.5,DC,Adventure,NEC Interchannel,0,0,0.04,0,0.04
13984,Hisshou Pachinko*Pachi-Slot Kouryaku Series Vol. 13: Shinseiki Evangelion - Yakusoku no Toki,PS2,Misc,D3Publisher,0,0,0.04,0,0.04
13998,Fading Shadows,PSP,Puzzle,Ivolgamus,0.03,0,0,0,0.04
14001,"Minna de Jibun no Setsumeisho: B-Kata, A-Kata, AB-Kata, O-Kata",DS,Misc,GungHo,0,0,0.04,0,0.04
14013,World of Goo,PC,Puzzle,2D Boy,0,0.03,0,0.01,0.04
14023,S.T.A.L.K.E.R.: Clear Sky,PC,Shooter,Deep Silver,0,0.03,0,0.01,0.04
14044,Bratz Kidz,DS,Misc,Game Factory,0.03,0,0,0,0.04
14063,Pirates: Duels on the High Seas,DS,Action,Oxygen Interactive,0.03,0,0,0,0.04
14070,Crazy Machines,DS,Puzzle,DTP Entertainment,0,0.03,0,0,0.04
14072,"My World, My Way (US sales)",DS,Role-Playing,Global A Entertainment,0.04,0,0,0,0.04
14079,Hotel Giant 2,PC,Strategy,JoWood Productions,0,0.03,0,0.01,0.04
14104,Zenkoku Dekotora Matsuri,Wii,Racing,Jaleco,0,0,0.03,0,0.03
14113,Travel Coach: Europe 1,DS,Misc,HMH Interactive,0,0.03,0,0,0.03
14129,Tokyo Majin Gakuen: Kenfuuchou,DS,Adventure,Marvelous Interactive,0,0,0.03,0,0.03
14134,The Void,PC,Adventure,Mamba Games,0,0.03,0,0.01,0.03
14142,Clever Kids: Pirates,DS,Misc,Midas Interactive Entertainment,0,0.03,0,0,0.03
14167,Cake Mania: Baker's Challenge,PSP,Puzzle,Destineer,0.03,0,0,0,0.03
14169,Zoo Vet: Endangered Animals,DS,Simulation,505 Games,0.03,0,0,0,0.03
14191,Hayate no Gotoku! Ojousama Produce Daisakusen Boku Iro ni Somare! Oyashiki-Hen,DS,Simulation,Konami Digital Entertainment,0,0,0.03,0,0.03
14209,Crazy Chicken: Star Karts,DS,Racing,Phenomedia,0.03,0,0,0,0.03
14211,Super Dodgeball Brawlers (jp sales),DS,Sports,Arc System Works,0,0,0.03,0,0.03
14224,Shining Stars,DS,Action,"Destination Software, Inc",0.03,0,0,0,0.03
14235,Emma at the Farm,DS,Adventure,Aspyr,0.03,0,0,0,0.03
14240,Summer Athletics: The Ultimate Challenge,X360,Sports,DTP Entertainment,0.02,0.01,0,0,0.03
14255,Jewel Master: Cradle of Rome,Wii,Puzzle,Rondomedia,0.03,0,0,0,0.03
14258,Crash Time: Autobahn Pusuit,X360,Racing,RTL,0.03,0,0,0,0.03
14290,Nobunaga no Yabou: Kakushin with Power-Up Kit,PS2,Strategy,Tecmo Koei,0,0,0.03,0,0.03
14297,Custom Beat Battle: Draglade 2,DS,Fighting,Namco Bandai Games,0,0,0.03,0,0.03
14303,Toy Shop,DS,Simulation,Majesco Entertainment,0.03,0,0,0,0.03
14307,Vitamin X Evolution,DS,Adventure,D3Publisher,0,0,0.03,0,0.03
14317,BeatMania IIDX 14 Gold,PS2,Simulation,Konami Digital Entertainment,0,0,0.03,0,0.03
14325,Smart Girl's Winter Wonderland,DS,Misc,UFO Interactive,0.03,0,0,0,0.03
14327,Togainu no Chi: True Blood,PS2,Adventure,Kadokawa Shoten,0,0,0.03,0,0.03
14334,Pachinko Kamen Rider: Shocker Zenmetsu Daisakusen,PS2,Misc,Hackberry,0,0,0.03,0,0.03
14342,My Pet Shop (JP sales),DS,Simulation,Square Enix,0,0,0.03,0,0.03
14350,Pro Yakyuu Spirits 5 Kanzenban,PS3,Sports,Konami Digital Entertainment,0,0,0.03,0,0.03
14356,Montessori Music,DS,Misc,Oxygen Interactive,0.01,0.02,0,0,0.03
14381,To LoveRu Trouble: Waku Waku! Rinkangakkou-Hen,DS,Adventure,Marvelous Interactive,0,0,0.03,0,0.03
14383,Doodle Hex,DS,Puzzle,Pinnacle,0,0.03,0,0,0.03
14399,Otomedius Gorgeous,X360,Shooter,Konami Digital Entertainment,0,0,0.03,0,0.03
14420,Code Lyoko: Quest for Infinity,PSP,Action,Game Factory,0.03,0,0,0,0.03
14421,Away: Shuffle Dungeon,DS,Role-Playing,Majesco Entertainment,0.02,0,0,0,0.03
14425,Kekkaishi: Kokubourou Shuurai,DS,Action,Namco Bandai Games,0,0,0.03,0,0.03
14426,Shugo Chara! Amunonijiro Chara Change,DS,Action,Konami Digital Entertainment,0,0,0.03,0,0.03
14431,Tantei Jinguuji Saburo DS: Kienai Kokoro,DS,Adventure,Arc System Works,0,0,0.03,0,0.03
14448,Hiiro no Kakera 3: Aoikuro no Kusabi,PS2,Adventure,Idea Factory,0,0,0.03,0,0.03
14457,Who Wants to be a Millionaire: 2nd Edition,Wii,Misc,Ubisoft,0,0.03,0,0,0.03
14459,DokiDoki Majo Shinpan! 2,DS,Adventure,SNK Playmore,0,0,0.03,0,0.03
14468,Sins of a Solar Empire,PC,Strategy,Pinnacle,0,0.02,0,0.01,0.03
14477,To LoveRu Trouble: Doki Doki! Rinkaigakkou-Hen,PSP,Adventure,Marvelous Interactive,0,0,0.03,0,0.03
14492,Lux-Pain (JP sales),DS,Adventure,Rising Star Games,0,0,0.03,0,0.03
14503,GTR Evolution,PC,Racing,Atari,0,0.02,0,0.01,0.03
14507,Downstream Panic!,PSP,Action,Atari,0.03,0,0,0,0.03
14528,Story Hour: Adventures,Wii,Adventure,Zoo Digital Publishing,0.03,0,0,0,0.03
14534,Hakuouki,PS2,Adventure,Idea Factory,0,0,0.03,0,0.03
14549,Nippon no Asoko de,PSP,Misc,Sony Computer Entertainment,0,0,0.03,0,0.03
14550,007: Quantum of Solace,PC,Action,Activision,0.01,0.01,0,0,0.03
14560,BeatMania IIDX 15: DJ Troopers,PS2,Simulation,Konami Digital Entertainment,0,0,0.03,0,0.03
14571,Jack Keane,PC,Adventure,Kalypso Media,0,0.02,0,0,0.03
14573,Kung Fu Panda: Legendary Warriors,DS,Action,Activision,0.02,0,0,0,0.03
14587,Dream Pinball 3D,DS,Misc,SouthPeak Games,0.03,0,0,0,0.03
14596,Saihai no Yukue,DS,Strategy,Tecmo Koei,0,0,0.03,0,0.03
14637,Merv Griffin's Crosswords,DS,Puzzle,ValuSoft,0.03,0,0,0,0.03
14657,Totally Spies! Totally Party,PC,Misc,Ubisoft,0,0.02,0,0,0.03
14667,Wrestle Angels: Survivor 2,PS2,Fighting,Tryfirst,0,0,0.03,0,0.03
14680,Nobunaga no Yabou DS 2,DS,Strategy,Tecmo Koei,0,0,0.03,0,0.03
14687,Safari Adventures: Africa,DS,Adventure,Neko Entertainment,0.03,0,0,0,0.03
14698,Prince of Persia (2008),PC,Action,Ubisoft,0,0.02,0,0,0.03
14706,Moto Racer DS,DS,Racing,Nobilis,0,0.02,0,0,0.03
14709,Akane Iro ni Somaru Saka Parallel,PS2,Adventure,GN Software,0,0,0.03,0,0.03
14712,X3: Terran Conflict,PC,Simulation,Deep Silver,0,0.02,0,0.01,0.03
14731,MySims,PC,Simulation,Electronic Arts,0,0.02,0,0,0.03
14772,Clannad,X360,Adventure,Prototype,0,0,0.03,0,0.03
14797,Bully: Scholarship Edition,PC,Action,Take-Two Interactive,0,0.02,0,0,0.03
14808,Galileo,DS,Adventure,D3Publisher,0,0,0.03,0,0.03
14809,Cake Mania: Baker's Challenge,PS2,Puzzle,Destineer,0.01,0.01,0,0,0.03
14834,Ducati Moto,DS,Racing,Vir2L Studios,0.02,0,0,0,0.03
14836,Pop Cutie! Street Fashion Simulation (JP sales),DS,Simulation,Tecmo Koei,0,0,0.03,0,0.03
14838,Kawasaki Snowmobiles,Wii,Racing,Metro 3D,0.02,0,0,0,0.03
14845,Last Escort 2: Shinya no Amai Toge,PS2,Adventure,D3Publisher,0,0,0.03,0,0.03
14856,Hokuto no Ken: Hokuto Shinken Denshousha no Michi,DS,Action,Spike,0,0,0.03,0,0.03
14865,Pro Yakyuu Family Stadium,Wii,Sports,Namco Bandai Games,0,0,0.03,0,0.03
14900,Hisshou Pachinko*Pachi-slot Kouryaku Series DS Vol. 3: Shinseiki Evangelion - Yakusoku no Toki,DS,Misc,D3Publisher,0,0,0.03,0,0.03
14903,Shinseiki Evangelion Ayanami Ikusei Keikaku DS with Asuka Hokan Keikaku,DS,Simulation,Broccoli,0,0,0.03,0,0.03
14938,Yes! Precure 5 Go Go Zenin Shu Go! Dream Festival,DS,Action,Namco Bandai Games,0,0,0.02,0,0.02
14948,Warhammer Online: Age of Reckoning,PC,Role-Playing,GOA,0,0.02,0,0,0.02
14964,Ikki Tousen: Eloquent Fist,PSP,Fighting,Marvelous Interactive,0,0,0.02,0,0.02
14972,Pony Luv,DS,Simulation,GSP,0.02,0,0,0,0.02
14982,Vantage Master Portable,PSP,Role-Playing,Falcom Corporation,0,0,0.02,0,0.02
14987,"Hisshou Pachinko*Pachi-Slot Kouryaku Series DS Vol. 1: Shinseiki Evangelion - Magokoro o, Kimi ni",DS,Misc,D3Publisher,0,0,0.02,0,0.02
14997,Europa Universalis III Complete,PC,Strategy,Paradox Interactive,0,0.02,0,0,0.02
15007,Tom Clancy's Rainbow Six: Vegas 2,PC,Shooter,Ubisoft,0,0.02,0,0,0.02
15011,George of the Jungle and the Search for the Secret,Wii,Platform,Ignition Entertainment,0.02,0,0,0,0.02
15018,Mesaze!! Tsuri Master: Sekai ni Challenge! Hen,Wii,Sports,Hudson Soft,0,0,0.02,0,0.02
15026,Brothers in Arms: Hell's Highway,PC,Shooter,Ubisoft,0,0.02,0,0,0.02
15029,Stronghold Crusader Extreme,PC,Strategy,Gamecock,0,0.02,0,0,0.02
15035,Kung Fu Panda,PC,Action,Activision,0,0.02,0,0,0.02
15040,Major Dream: Major DS Dream Baseball,DS,Sports,Takara Tomy,0,0,0.02,0,0.02
15045,Aria: The Origination ~Aoi Wakusei no El Cielo~,PS2,Adventure,Alchemist,0,0,0.02,0,0.02
15060,Cocoto Magic Circus,Wii,Shooter,Neko Entertainment,0.02,0,0,0,0.02
15080,Line Rider 2: Unbound,Wii,Puzzle,Deep Silver,0.02,0,0,0,0.02
15092,Left 4 Dead,PC,Shooter,Electronic Arts,0,0.02,0,0,0.02
15095,Kimi ga Aruji de Shitsuji ga Ore de: Oshie Nikki,PS2,Adventure,Minato Station,0,0,0.02,0,0.02
15098,Kawasaki Jet Ski,Wii,Racing,Metro 3D,0.02,0,0,0,0.02
15108,Frontlines: Fuel of War,PC,Shooter,THQ,0,0.02,0,0,0.02
15109,D.Gray-man: Sousha no Shikaku,PS2,Adventure,Konami Digital Entertainment,0,0,0.02,0,0.02
15113,School Days LxH,PS2,Adventure,Interchannel,0,0,0.02,0,0.02
15177,Mount & Blade,PC,Role-Playing,Paradox Interactive,0,0.02,0,0,0.02
15182,Mata Hari: Betrayal is only a Kiss Away,PC,Adventure,DTP Entertainment,0,0.02,0,0,0.02
15198,Akai Ito DS,DS,Adventure,Alchemist,0,0,0.02,0,0.02
15208,FIFA Soccer 09,PC,Sports,Electronic Arts,0,0.02,0,0,0.02
15212,So Blonde,PC,Adventure,Eidos Interactive,0,0.02,0,0,0.02
15214,Koisuru Otome to Shugo no Tate: The Shield of AIGIS,PS2,Adventure,Alchemist,0,0,0.02,0,0.02
15216,Casper's Scare School: Classroom Capers,DS,Adventure,Blast! Entertainment Ltd,0.02,0,0,0,0.02
15224,Tennis no Oji-Sama: Driving Smash! Side King,DS,Sports,Konami Digital Entertainment,0,0,0.02,0,0.02
15235,Command & Conquer 3: Deluxe Edition,PC,Strategy,Electronic Arts,0,0.02,0,0,0.02
15244,Maji de Manabu: LEC de Ukaru - DS Hishou Boki 3-Kyuu,DS,Misc,Square Enix,0,0,0.02,0,0.02
15260,Spider-Man: Web of Shadows,PC,Action,Activision,0,0.02,0,0,0.02
15273,World Neverland 2in1 Portable: Olerud Kingdom & Republic of Pluto,PSP,Simulation,fonfun,0,0,0.02,0,0.02
15283,Motto Hayaku! Seikaku Ni! Suu Sense Keisan Ryuoku Up Training - SuuTore,DS,Misc,Benesse,0,0,0.02,0,0.02
15285,Jake Hunter: Detective Chronicles,DS,Adventure,Aksys Games,0.02,0,0,0,0.02
15293,Final Approach 2: 1st Priority,PS2,Adventure,Princess Soft,0,0,0.02,0,0.02
15310,The Lord of the Rings Online: Mines of Moria,PC,Role-Playing,Codemasters Online,0,0.02,0,0,0.02
15330,Commando: Steel Disaster,DS,Shooter,Lexicon Entertainment,0.02,0,0,0,0.02
15333,Katekyoo Hitman Reborn! Dream Hyper Battle! Wii,Wii,Fighting,Marvelous Interactive,0,0,0.02,0,0.02
15359,Daikaijuu Battle: Ultra Coliseum,Wii,Fighting,Namco Bandai Games,0,0,0.02,0,0.02
15362,Minna de Dokusho: Keatai Shousetsu Desu,PSP,Misc,Dorart,0,0,0.02,0,0.02
15363,Polar Bowler,DS,Sports,Mumbo Jumbo,0.02,0,0,0,0.02
15371,Meitantei Conan: Kieta Hakase to Machigai Sagashi no Tou,DS,Adventure,Namco Bandai Games,0,0,0.02,0,0.02
15399,Mushishi: Amefuru Sato,DS,Simulation,Marvelous Interactive,0,0,0.02,0,0.02
15414,Backyard Baseball '09,PS2,Sports,Atari,0.01,0.01,0,0,0.02
15422,Zwei!!,PSP,Role-Playing,Falcom Corporation,0,0,0.02,0,0.02
15426,Littlest Pet Shop,PC,Simulation,Electronic Arts,0,0.02,0,0,0.02
15429,Defendin' De Penguin,DS,Strategy,Zushi Games,0.02,0,0,0,0.02
15431,Sega Ages 2500 Series Vol. 32: Phantasy Star Complete Collection,PS2,Role-Playing,Sega,0,0,0.02,0,0.02
15446,NHL 09,PC,Sports,Electronic Arts,0,0.02,0,0,0.02
15461,Ten Pin Alley 2,Wii,Sports,XS Games,0.02,0,0,0,0.02
15462,Coded Soul: Uke Keigareshi Idea,PSP,Role-Playing,Sony Computer Entertainment,0,0,0.02,0,0.02
15465,Crysis: Warhead,PC,Shooter,Electronic Arts,0,0.02,0,0,0.02
15486,Aoishiro,PS2,Adventure,Success,0,0,0.02,0,0.02
15488,"Warhammer 40,000: Dawn of War: Soulstorm",PC,Strategy,THQ,0,0.02,0,0,0.02
15492,Mary King's Riding School,DS,Simulation,Ghostlight,0,0.02,0,0,0.02
15494,PC Engine Best Collection: Tengai Makyou Collection,PSP,Role-Playing,Hudson Soft,0,0,0.02,0,0.02
15504,Dreamer Series: Horse Trainer,DS,Simulation,DreamCatcher Interactive,0.02,0,0,0,0.02
15521,Chrysler Classic Racing,DS,Racing,Zoo Games,0.02,0,0,0,0.02
15529,Prism Ark: Awake,PS2,Adventure,5pb,0,0,0.02,0,0.02
15544,Legendary,PC,Shooter,Atari,0,0.01,0,0,0.02
15568,Pirates of the Burning Sea,PC,Role-Playing,Koch Media,0,0.01,0,0,0.02
15586,Bomberman 2,DS,Puzzle,Hudson Soft,0,0.01,0,0,0.02
15592,Peggle Nights,PC,Puzzle,PopCap Games,0,0.01,0,0,0.02
15604,Command & Conquer 3: Kane's Wrath,PC,Strategy,Electronic Arts,0,0.01,0,0,0.02
15614,Agatha Christie: Death on the Nile,PC,Adventure,Big Fish Games,0,0.01,0,0,0.02
15620,Iridium Runners,PS2,Racing,SouthPeak Games,0.01,0.01,0,0,0.02
15630,Emergency Mayhem,Wii,Racing,Codemasters,0.02,0,0,0,0.02
15638,Katekyoo Hitman Reborn! Kindan no Yami no Delta,PS2,Action,Marvelous Interactive,0,0,0.02,0,0.02
15659,Barnyard Blast: Swine of the Night,DS,Platform,Big Ben Interactive,0.02,0,0,0,0.02
15668,Moe Star: Moeru Toudai Eigojuku,DS,Misc,Mirai Shounen,0,0,0.02,0,0.02
15693,Ketsui Death Label,DS,Shooter,Arika,0,0,0.02,0,0.02
15702,Lost: Via Domus,PC,Action,Ubisoft,0,0.01,0,0,0.02
15740,Otometeki Koi Kakumei * Love Revo!! DS,DS,Adventure,GungHo,0,0,0.02,0,0.02
15765,Uchi no 3 Shimai DS,DS,Misc,Culture Brain,0,0,0.02,0,0.02
15767,Soul Eater: Monotone Princess,Wii,Action,Square Enix,0,0,0.02,0,0.02
15793,Chou!! Super Nep League DS,DS,Sports,Jaleco,0,0,0.02,0,0.02
15800,Wall-E,PC,Platform,THQ,0,0.01,0,0,0.02
15824,Farm Frenzy,PC,Strategy,Mumbo Jumbo,0.01,0,0,0,0.02
15827,A Vampyre Story,PC,Adventure,Crimson Cow,0,0.01,0,0,0.02
15830,Oshiri Kajiri Mushi no Rhythm Lesson DS: Kawai Ongaku Kyoushitsu Kanshuu,DS,Misc,Sega,0,0,0.02,0,0.02
15876,Thunder Force VI,PS2,Shooter,Sega,0,0,0.02,0,0.02
15896,Hiiro no Kakera Portable,PSP,Adventure,Idea Factory,0,0,0.02,0,0.02
15901,"Nogizaka Haruka no Himitsu Cosplay, Hajime Mashita",PS2,Adventure,ASCII Media Works,0,0,0.02,0,0.02
15907,Night Wizard the Video Game: Denial of the World,PS2,Adventure,5pb,0,0,0.02,0,0.02
15908,Sengoku Efuda Yuugi: Hototogisu Ran,PSP,Misc,Irem Software Engineering,0,0,0.02,0,0.02
15917,Moe Moe 2-ji Taisen (Ryoku) * Deluxe,PSP,Adventure,System Soft,0,0,0.02,0,0.02
15937,Katekyoo Hitman Reborn! DS: Mafia Daishuugou Bongole Festival,DS,Action,Takara Tomy,0,0,0.02,0,0.02
15940,Oyaku de Asoberu DS Ehon: Ukkari Penelope,DS,Simulation,Tecmo Koei,0,0,0.02,0,0.02
15960,Simple DS Series Vol. 42: The Haioku Byoutou,DS,Adventure,D3Publisher,0,0,0.02,0,0.02
15965,Imperium Romanum,PC,Strategy,Kalypso Media,0,0.01,0,0,0.02
15969,Yume Neko DS,DS,Simulation,Sega,0,0,0.02,0,0.02
15973,SBK Superbike World Championship,PS2,Racing,Black Bean Games,0.01,0.01,0,0,0.02
15983,Turok,PC,Action,Touchstone,0,0.01,0,0,0.01
15988,Hotel Giant DS,DS,Simulation,Nobilis,0,0.01,0,0,0.01
15994,Donkey Kong Jungle Beat,Wii,Platform,Nintendo,0,0.01,0,0,0.01
16004,Diary Girl,DS,Misc,Konami Digital Entertainment,0.01,0,0,0,0.01
16012,Kimi no Yuusha,DS,Role-Playing,SNK Playmore,0,0,0.01,0,0.01
16019,Cosmetic Paradise: Make no Kiseki,DS,Misc,Global A Entertainment,0,0,0.01,0,0.01
16032,Katekyoo Hitman Reborn Nerae!? Ring x Bongole Returns,PS2,Adventure,Marvelous Interactive,0,0,0.01,0,0.01
16033,My Little Baby,DS,Simulation,CDV Software Entertainment,0,0.01,0,0,0.01
16036,NiGHTS into dreams...,PS2,Platform,Sega,0,0,0.01,0,0.01
16041,Totally Spies! Totally Party,PS2,Misc,Ubisoft,0.01,0.01,0,0,0.01
16049,Blitzkrieg 2 Anthology,PC,Strategy,Ascaron Entertainment GmbH,0,0.01,0,0,0.01
16056,Banjo-Kazooie,X360,Platform,Microsoft Game Studios,0,0.01,0,0,0.01
16057,Samurai Shodown Anthology (JP sales),PS2,Fighting,Ignition Entertainment,0,0,0.01,0,0.01
16058,Winning Post 7 Maximum 2008,PS2,Sports,Tecmo Koei,0,0,0.01,0,0.01
16079,Fab 5 Soccer,DS,Sports,Destineer,0.01,0,0,0,0.01
16081,Best Of Tests,DS,Puzzle,Conspiracy Entertainment,0.01,0,0,0,0.01
16090,Major Dream: Major Wii Nagero! Gyroball!!,Wii,Sports,Takara Tomy,0,0,0.01,0,0.01
16097,Bakumatsu Koihana: Shinsengumi DS,DS,Adventure,D3Publisher,0,0,0.01,0,0.01
16116,Winning Post 7 Maximum 2008,PS3,Sports,Tecmo Koei,0,0,0.01,0,0.01
16133,Dr. Slump & Arale-Chan,DS,Adventure,Namco Bandai Games,0,0,0.01,0,0.01
16137,Kikiite Hajimaru: Eigo Kaiwa Training - KikiTore,DS,Misc,Benesse,0,0,0.01,0,0.01
16150,Chokkan! Asonde Relaxuma,DS,Action,Rocket Company,0,0,0.01,0,0.01
16159,PC Engine Best Collention: Ginga Ojousama Densetsu Collection,PSP,Adventure,Hudson Soft,0,0,0.01,0,0.01
16167,Rosario to Vampire: Tanabata no Miss Youkai Gakuen,DS,Adventure,Capcom,0,0,0.01,0,0.01
16179,San-X Character Channel: All-Star Daishuugou!,DS,Action,MTO,0,0,0.01,0,0.01
16209,Who Wants to be a Millionaire: 2nd Edition,DS,Misc,Ubisoft,0,0.01,0,0,0.01
16210,Duel Love: Koisuru Otome wa Shouri no Megami,DS,Adventure,Namco Bandai Games,0,0,0.01,0,0.01
16221,Family Jockey,Wii,Sports,Namco Bandai Games,0,0,0.01,0,0.01
16231,Double Sequence: The Q-Virus Invasion,DS,Puzzle,Zoo Digital Publishing,0.01,0,0,0,0.01
16235,Zero no Tsukaima: Maigo no Period to Ikusen no Symphony,PS2,Adventure,Marvelous Interactive,0,0,0.01,0,0.01
16248,FlatOut: Ultimate Carnage,PC,Racing,Empire Interactive,0,0.01,0,0,0.01
16259,Conflict: Denied Ops,PC,Shooter,Eidos Interactive,0,0.01,0,0,0.01
16262,Simple DS Series Vol. 41: The Bakudan Shori-Han,DS,Action,D3Publisher,0,0,0.01,0,0.01
16264,Naxat Soft Reachmania Vol. 1: CR Galaxy Angel,PS2,Misc,Naxat Soft,0,0,0.01,0,0.01
16313,Happy Dance Collection,Wii,Misc,Namco Bandai Games,0,0,0.01,0,0.01
16339,Nakayoshi All-Stars: Mezase Gakuen Idol,DS,Misc,Creative Core,0,0,0.01,0,0.01
16344,H2O+: Footprints in the Sand,PS2,Adventure,Kadokawa Shoten,0,0,0.01,0,0.01
16356,G1 Jockey 4 2008,PS3,Sports,Tecmo Koei,0,0.01,0,0,0.01
16387,Poker for Dummies,PC,Misc,Electronic Arts,0,0.01,0,0,0.01
16396,Alone in the Dark,PC,Adventure,Atari,0,0.01,0,0,0.01
16404,Memories Off,PSP,Adventure,5pb,0,0,0.01,0,0.01
16412,"Element Girl: Love, Fashion and Friends",DS,Adventure,DTP Entertainment,0,0.01,0,0,0.01
16447,Madagascar: Escape 2 Africa,PC,Action,Activision,0.01,0,0,0,0.01
16449,Junjou Romanchika: Koi no Doki Doki Daisakusen,PS2,Adventure,Marvelous Interactive,0,0,0.01,0,0.01
16457,Heart no Kuni no Alice,PS2,Adventure,Prototype,0,0,0.01,0,0.01
16460,Juggler DS,DS,Misc,Commseed,0,0,0.01,0,0.01
16461,Katekyoo Hitman Reborn! Kindan no Yami no Delta,Wii,Action,Marvelous Interactive,0,0,0.01,0,0.01
16466,Vitamin Y,DS,Adventure,D3Publisher,0,0,0.01,0,0.01
16468,Help Wanted: 50 Wacky Jobs (jp sales),Wii,Simulation,Hudson Soft,0,0.01,0.01,0,0.01
16476,Captain Rainbow,Wii,Adventure,Nintendo,0,0,0.01,0,0.01
16487,Smart Boy's Winter Wonderland,DS,Misc,UFO Interactive,0.01,0,0,0,0.01
16491,Bomberman,Wii,Puzzle,Hudson Entertainment,0,0,0.01,0,0.01
16493,SBK Superbike World Championship,PSP,Racing,Black Bean Games,0.01,0,0,0,0.01
16494,Summer Athletics,PC,Sports,DTP Entertainment,0,0.01,0,0,0.01
16495,Daito Giken Koushiki Pachi-Slot Simulator: 24 - Twenty-Four,PS2,Misc,Paon,0,0,0.01,0,0.01
16505,Naraku no Shiro,PS2,Adventure,Nippon Ichi Software,0,0,0.01,0,0.01
16511,The Rise of the Argonauts,PC,Role-Playing,Codemasters,0,0.01,0,0,0.01
16517,National Geographic Panda (JP sales),DS,Simulation,Ubisoft,0,0,0.01,0,0.01
16518,Knights in the Nightmare: DHE Series Special Pack,DS,Role-Playing,Sting,0,0,0.01,0,0.01
16527,Shirogane no Soleil: Contract to the Future - Mirai e no Keiyaku,PS2,Adventure,Russel,0,0,0.01,0,0.01
16528,Blazer Drive,DS,Role-Playing,Sega,0,0,0.01,0,0.01
16530,Hoshizora no Comic Garden,DS,Adventure,D3Publisher,0,0,0.01,0,0.01
16544,Battle Fantasia,PS3,Fighting,505 Games,0,0,0.01,0,0.01
16562,Sugar + Spice! Anoko no Suteki na Nanimokamo,PS2,Adventure,Alchemist,0,0,0.01,0,0.01
16564,Kanokon: Esuii,PS2,Adventure,5pb,0,0,0.01,0,0.01
16575,Scarlett: Nichijou no Kyoukaisen,PS2,Adventure,Kadokawa Shoten,0,0,0.01,0,0.01
16577,Yattaman Wii: BikkuriDokkiri Machine de Mou Race da Koron,Wii,Racing,Takara Tomy,0,0,0.01,0,0.01
16578,Neo Angelique Special,PSP,Adventure,Tecmo Koei,0,0,0.01,0,0.01
16583,Real Rode,PS2,Adventure,Kadokawa Shoten,0,0,0.01,0,0.01
16591,Mega Brain Boost,DS,Puzzle,Majesco Entertainment,0.01,0,0,0,0.01
16595,Plushees,DS,Simulation,Destineer,0.01,0,0,0,0.01
16598,SCORE International Baja 1000: The Official Game,PS2,Racing,Activision,0,0,0,0,0.01
