Rank,Name,Platform,Genre,Publisher,NA_Sales,EU_Sales,JP_Sales,Other_Sales,Global_Sales
4,Wii Sports Resort,Wii,Sports,Nintendo,15.75,11.01,3.28,2.96,33
9,New Super Mario Bros. Wii,Wii,Platform,Nintendo,14.59,7.06,4.7,2.26,28.62
15,Wii Fit Plus,Wii,Sports,Nintendo,9.09,8.59,2.53,1.79,22
37,Call of Duty: Modern Warfare 2,X360,Shooter,Activision,8.52,3.63,0.08,1.29,13.51
46,Pokemon HeartGold/Pokemon SoulSilver,DS,Action,Nintendo,4.4,2.77,3.96,0.77,11.9
56,Call of Duty: Modern Warfare 2,PS3,Shooter,Activision,4.99,3.69,0.38,1.63,10.69
84,The Sims 3,PC,Simulation,Electronic Arts,0.98,6.42,0,0.71,8.11
103,Just Dance,Wii,Misc,Ubisoft,3.51,3.03,0,0.73,7.27
120,Uncharted 2: Among Thieves,PS3,Action,Sony Computer Entertainment,3.27,2.25,0.21,1,6.73
134,Halo 3: ODST,X360,Shooter,Microsoft Game Studios,4.34,1.35,0.06,0.61,6.36
150,Dragon Quest IX: Sentinels of the Starry Skies,DS,Role-Playing,Nintendo,0.66,0.69,4.35,0.15,5.84
157,Assassin's Creed II,PS3,Action,Ubisoft,2.54,1.95,0.21,0.87,5.57
161,Forza Motorsport 3,X360,Racing,Microsoft Game Studios,2.99,1.92,0.1,0.51,5.51
170,Final Fantasy XIII,PS3,Role-Playing,Square Enix,1.74,1.24,1.87,0.52,5.36
177,Assassin's Creed II,X360,Action,Ubisoft,3.1,1.56,0.08,0.51,5.27
197,Resident Evil 5,PS3,Action,Capcom,1.96,1.43,1.08,0.65,5.11
234,Mario & Sonic at the Olympic Winter Games,Wii,Sports,Sega,1.89,1.99,0.22,0.48,4.58
263,Batman: Arkham Asylum,PS3,Action,Eidos Interactive,2.23,1.34,0.07,0.61,4.25
275,Street Fighter IV,PS3,Fighting,Capcom,2.02,1.06,0.58,0.53,4.19
302,Left 4 Dead 2,X360,Shooter,Electronic Arts,2.67,0.89,0.05,0.37,3.99
304,EA Sports Active,Wii,Sports,Electronic Arts,2.1,1.36,0.06,0.4,3.92
320,Mario & Luigi: Bowser's Inside Story,DS,Role-Playing,Nintendo,2.26,0.48,0.81,0.27,3.83
339,Friend Collection,DS,Misc,Nintendo,0,0,3.67,0,3.67
348,FIFA Soccer 10,PS3,Sports,Electronic Arts,0.6,2.46,0.05,0.52,3.63
371,Mario & Sonic at the Olympic Winter Games,DS,Sports,Sega,1.22,1.66,0.27,0.38,3.52
372,Resident Evil 5,X360,Action,Capcom,2.11,0.94,0.12,0.34,3.51
376,Batman: Arkham Asylum,X360,Action,Eidos Interactive,2.2,0.97,0.02,0.31,3.5
385,Borderlands,X360,Shooter,Take-Two Interactive,2.39,0.73,0.03,0.29,3.44
397,The Legend of Zelda: Spirit Tracks,DS,Action,Nintendo,1.43,0.94,0.74,0.27,3.38
414,Gran Turismo (PSP),PSP,Racing,Sony Computer Entertainment,0.5,1.59,0.31,0.87,3.27
464,Killzone 2,PS3,Shooter,Sony Computer Entertainment,1.4,1.07,0.08,0.47,3.02
484,Street Fighter IV,X360,Fighting,Capcom,1.82,0.71,0.15,0.26,2.95
488,inFAMOUS,PS3,Action,Sony Computer Entertainment,1.76,0.69,0.12,0.37,2.94
517,Madden NFL 10,X360,Sports,Electronic Arts,2.52,0.09,0,0.22,2.83
536,Professor Layton and the Last Specter,DS,Puzzle,Nintendo,0.3,1.47,0.68,0.34,2.79
541,Tekken 6,PS3,Fighting,Namco Bandai Games,1.2,0.98,0.17,0.43,2.78
563,Need for Speed: Shift,PS3,Racing,Electronic Arts,0.69,1.41,0.04,0.53,2.68
579,Halo Wars,X360,Strategy,Microsoft Game Studios,1.53,0.82,0.04,0.24,2.63
580,God of War Collection,PS3,Action,Sony Computer Entertainment,1.7,0.46,0.06,0.41,2.63
584,FIFA Soccer 10,X360,Sports,Electronic Arts,0.59,1.79,0.01,0.23,2.62
593,LittleBigPlanet,PSP,Platform,Sony Computer Entertainment,0.64,1.24,0.01,0.69,2.58
595,Ghostbusters: The Video Game (DS Version),X360,Action,Take-Two Interactive,1.04,1.24,0.03,0.27,2.58
600,Dragon Age: Origins,X360,Role-Playing,Electronic Arts,1.76,0.56,0.03,0.22,2.57
670,Madden NFL 10,PS3,Sports,Electronic Arts,2.03,0.13,0,0.21,2.37
699,Pro Evolution Soccer 2010,PS3,Sports,Konami Digital Entertainment,0.3,1.27,0.46,0.26,2.28
708,Sonic's Ultimate Genesis Collection,PS3,Misc,Sega,1.34,0.62,0,0.31,2.27
720,Monster Hunter Tri,Wii,Role-Playing,Nintendo,0.67,0.41,1.05,0.11,2.25
726,Dance Dance Revolution X2,PS2,Simulation,Konami Digital Entertainment,1.09,0.85,0,0.28,2.23
729,Scribblenauts,DS,Puzzle,Warner Bros. Interactive Entertainment,1.71,0.32,0.02,0.18,2.22
758,Your Shape featuring Jenny McCarthy,Wii,Sports,Ubisoft,1.51,0.47,0,0.18,2.16
779,Borderlands,PS3,Shooter,Take-Two Interactive,1.2,0.62,0,0.29,2.11
797,Wipeout: The Game,Wii,Misc,Mindscape,1.97,0,0,0.12,2.09
812,UFC 2009 Undisputed,X360,Fighting,THQ,1.48,0.39,0,0.19,2.07
831,Kingdom Hearts 358/2 Days,DS,Role-Playing,Square Enix,1.11,0.27,0.53,0.14,2.04
897,Need for Speed: Shift,X360,Racing,Electronic Arts,0.73,0.97,0.01,0.22,1.92
903,Toy Story Mania!,Wii,Misc,Disney Interactive Studios,1.06,0.67,0,0.18,1.92
914,Ratchet & Clank Future: A Crack in Time,PS3,Platform,Sony Computer Entertainment,1.05,0.54,0.03,0.26,1.88
933,Phineas and Ferb,DS,Action,Disney Interactive Studios,1.34,0.37,0,0.15,1.86
943,Demon's Souls,PS3,Role-Playing,Namco Bandai Games,0.97,0.34,0.35,0.18,1.84
988,UFC 2009 Undisputed,PS3,Fighting,THQ,1.07,0.45,0.01,0.24,1.77
1013,Cooking Mama 3: Shop & Chop,DS,Simulation,505 Games,0.83,0.66,0.08,0.18,1.75
1019,The Beatles: Rock Band,Wii,Misc,MTV Games,1.19,0.4,0,0.16,1.74
1043,Game Party 3,Wii,Puzzle,Warner Bros. Interactive Entertainment,1.43,0.16,0,0.12,1.71
1050,Cabela's Big Game Hunter 2010,Wii,Sports,Activision Value,1.58,0,0,0.12,1.7
1052,FIFA Soccer 10,PS2,Sports,Electronic Arts,0.23,0.24,0,1.23,1.7
1064,Dragon Age: Origins,PS3,Role-Playing,Electronic Arts,0.96,0.44,0.08,0.22,1.69
1176,Guitar Hero 5,Wii,Misc,Activision,0.94,0.49,0,0.15,1.58
1180,Pokemon Mystery Dungeon: Explorers of Sky,DS,Role-Playing,Nintendo,0.58,0.44,0.44,0.12,1.58
1182,Pro Evolution Soccer 2010,PS2,Sports,Konami Digital Entertainment,0.1,0.18,0.12,1.16,1.57
1220,Fight Night Round 4,PS3,Fighting,Electronic Arts,0.92,0.41,0,0.21,1.53
1225,Call of Duty: Modern Warfare: Reflex Edition,Wii,Shooter,Activision,0.95,0.43,0,0.14,1.53
1268,Disney Sing It: Pop Hits,Wii,Misc,Disney Interactive Studios,1.08,0.28,0,0.13,1.49
1277,New Play Control! Mario Power Tennis,Wii,Sports,Nintendo,0.37,0.69,0.28,0.14,1.48
1349,LEGO Indiana Jones 2: The Adventure Continues,Wii,Action,Activision,0.91,0.39,0,0.13,1.43
1350,Sonic's Ultimate Genesis Collection,X360,Misc,Sega,0.85,0.46,0,0.13,1.43
1366,Inazuma Eleven 2,DS,Role-Playing,Nintendo,0,0.21,1.18,0.03,1.42
1370,Fight Night Round 4,X360,Fighting,Electronic Arts,0.95,0.34,0,0.13,1.41
1393,Bakugan: Battle Brawlers,DS,Action,Activision,1.27,0.02,0,0.09,1.39
1409,Hasbro Family Game Night 2,Wii,Misc,Electronic Arts,0.71,0.53,0,0.13,1.38
1411,Gardening Mama,DS,Puzzle,505 Games,0.8,0.43,0.01,0.13,1.38
1443,Grand Theft Auto: Chinatown Wars,DS,Action,Take-Two Interactive,0.59,0.57,0.05,0.14,1.35
1503,The Beatles: Rock Band,X360,Misc,MTV Games,0.97,0.23,0,0.11,1.31
1504,Tekken 6,X360,Fighting,Namco Bandai Games,0.71,0.42,0.05,0.13,1.31
1505,[Prototype],X360,Action,Activision,0.84,0.35,0,0.12,1.31
1506,Deal or No Deal,Wii,Misc,Zoo Games,1.22,0,0,0.09,1.31
1509,LEGO Battles,DS,Strategy,Warner Bros. Interactive Entertainment,0.81,0.38,0,0.12,1.31
1604,[Prototype],PS3,Action,Activision,0.65,0.41,0,0.19,1.24
1605,Assassin's Creed: Bloodlines,PSP,Action,Ubisoft,0.43,0.48,0.05,0.28,1.24
1627,Bayonetta,PS3,Action,Sega,0.44,0.41,0.21,0.17,1.23
1658,LEGO Indiana Jones 2: The Adventure Continues,DS,Action,Activision,0.66,0.43,0,0.12,1.21
1684,PokéPark Wii: Pikachu's Adventure,Wii,Adventure,Nintendo,0.55,0.17,0.42,0.06,1.2
1715,WWE SmackDown vs. Raw 2010,PS3,Fighting,THQ,0.48,0.49,0.01,0.2,1.18
1742,EA Sports Active: More Workouts,Wii,Sports,Electronic Arts,0.78,0.28,0,0.1,1.16
1761,FIFA Soccer 10,PSP,Sports,Electronic Arts,0.15,0.68,0.01,0.32,1.16
1770,Sonic and the Black Knight,Wii,Platform,Sega,0.69,0.35,0.01,0.11,1.15
1791,Rabbids Go Home,Wii,Platform,Ubisoft,0.26,0.75,0,0.14,1.14
1800,Guitar Hero 5,X360,Misc,Activision,0.65,0.37,0,0.11,1.14
1815,Yakuza 3,PS3,Action,Sega,0.21,0.21,0.62,0.08,1.13
1817,The Beatles: Rock Band,PS3,Misc,MTV Games,0.67,0.3,0,0.15,1.13
1830,Guitar Hero 5,PS2,Misc,Activision,0.28,0.3,0,0.54,1.12
1849,Guitar Hero 5,PS3,Misc,Activision,0.53,0.4,0,0.17,1.1
1876,Skate 2,X360,Sports,Electronic Arts,0.82,0.17,0.01,0.09,1.09
1884,Empire: Total War,PC,Strategy,Sega,0.01,0.97,0,0.11,1.09
1886,Tiger Woods PGA Tour 10,Wii,Sports,Electronic Arts,0.61,0.37,0,0.11,1.09
1899,The Biggest Loser,Wii,Sports,THQ,0.87,0.12,0,0.09,1.08
1901,MySims Agents,DS,Adventure,Electronic Arts,0.55,0.43,0,0.11,1.08
1902,Resident Evil: The Darkside Chronicles,Wii,Action,Capcom,0.48,0.32,0.2,0.09,1.08
1904,Grand Theft Auto: Chinatown Wars,PSP,Action,Take-Two Interactive,0.28,0.5,0.03,0.28,1.08
1927,WWE SmackDown vs. Raw 2010,PS2,Fighting,THQ,0.53,0.01,0,0.54,1.07
1957,DJ Hero,X360,Misc,Activision,0.56,0.4,0,0.11,1.06
1983,WWE SmackDown vs. Raw 2010,X360,Fighting,THQ,0.56,0.38,0.01,0.11,1.05
1986,MySims Agents,Wii,Adventure,Electronic Arts,0.62,0.32,0,0.1,1.05
1997,Disney Fairies: Tinker Bell and the Lost Treasure,DS,Adventure,Disney Interactive Studios,0.57,0.35,0.02,0.1,1.04
2005,LEGO Indiana Jones 2: The Adventure Continues,X360,Action,Activision,0.62,0.33,0,0.09,1.04
2012,MotorStorm: Arctic Edge,PSP,Racing,Sony Computer Entertainment,0.16,0.58,0,0.3,1.04
2054,DiRT 2,PS3,Racing,Codemasters,0.27,0.53,0,0.2,1.01
2056,NERF N-Strike Elite,Wii,Shooter,Electronic Arts,0.93,0,0,0.07,1
2093,Band Hero,Wii,Misc,Activision,0.6,0.3,0,0.09,0.99
2094,Cars: Race-O-Rama,Wii,Racing,THQ,0.61,0.3,0,0.09,0.99
2096,EyePet,PS3,Simulation,Sony Computer Entertainment,0.35,0.52,0.04,0.09,0.99
2097,Scooby-Doo! First Frights,Wii,Action,Warner Bros. Interactive Entertainment,0.88,0.05,0,0.07,0.99
2102,FIFA Soccer 10,Wii,Sports,Electronic Arts,0.23,0.65,0,0.11,0.99
2126,Madden NFL 10,PS2,Sports,Electronic Arts,0.88,0,0,0.1,0.98
2127,Brutal Legend,X360,Action,Electronic Arts,0.62,0.27,0,0.09,0.98
2134,NBA 2K10,X360,Sports,Take-Two Interactive,0.88,0.02,0,0.08,0.97
2187,Brutal Legend,PS3,Action,Electronic Arts,0.54,0.28,0,0.13,0.95
2189,Guitar Hero: Metallica,Wii,Misc,Activision,0.41,0.43,0,0.1,0.95
2193,Tony Hawk: RIDE,Wii,Sports,Activision,0.7,0.17,0,0.08,0.95
2208,Bayonetta,X360,Action,Sega,0.51,0.26,0.09,0.08,0.94
2212,NCAA Football 10,X360,Sports,Electronic Arts,0.87,0,0,0.07,0.94
2221,Operation Flashpoint: Dragon Rising,X360,Shooter,Codemasters,0.36,0.45,0.02,0.1,0.93
2223,Buzz! Quiz World,PS3,Misc,Sony Computer Entertainment,0.16,0.58,0,0.2,0.93
2227,EA Sports Grand Slam Tennis,Wii,Sports,Electronic Arts,0.29,0.52,0.02,0.11,0.93
2274,Operation Flashpoint: Dragon Rising,PS3,Shooter,Codemasters,0.23,0.46,0.05,0.17,0.92
2278,Avatar: The Game,PS3,Action,Ubisoft,0.32,0.43,0,0.16,0.91
2283,LEGO Indiana Jones 2: The Adventure Continues,PS3,Action,Activision,0.47,0.3,0,0.13,0.91
2286,MX vs. ATV Reflex,PS3,Racing,THQ,0.52,0.26,0,0.12,0.91
2289,Marvel: Ultimate Alliance 2,X360,Role-Playing,Activision,0.68,0.15,0,0.08,0.91
2293,DJ Hero,PS3,Misc,Activision,0.42,0.34,0,0.14,0.91
2310,Resistance: Retribution,PSP,Shooter,Sony Computer Entertainment,0.27,0.36,0.05,0.22,0.9
2327,Call of Juarez: Bound in Blood,PS3,Shooter,Ubisoft,0.35,0.38,0.01,0.16,0.89
2342,F1 2009,Wii,Racing,Codemasters,0.15,0.63,0,0.11,0.89
2349,Call of Duty: Modern Warfare 2,PC,Shooter,Activision,0.01,0.79,0,0.09,0.89
2362,Ghostbusters: The Video Game,Wii,Action,Atari,0.6,0.21,0,0.08,0.88
2367,Endless Ocean: Blue World,Wii,Simulation,Nintendo,0.47,0.22,0.12,0.07,0.88
2375,Phantasy Star Portable 2,PSP,Role-Playing,Sega,0.08,0.11,0.62,0.06,0.88
2383,Red Faction: Guerrilla,X360,Shooter,THQ,0.48,0.29,0.01,0.09,0.87
2393,The House of the Dead: Overkill,Wii,Shooter,Sega,0.46,0.31,0.02,0.09,0.87
2400,Wizards of Waverly Place,DS,Misc,Disney Interactive Studios,0.59,0.2,0,0.08,0.87
2401,Scooby-Doo! First Frights,DS,Action,Warner Bros. Interactive Entertainment,0.63,0.17,0,0.07,0.87
2415,Ghostbusters: The Video Game,PS3,Action,Sony Computer Entertainment,0.34,0.37,0,0.15,0.86
2428,Ninja Gaiden Sigma 2,PS3,Action,Ubisoft Annecy,0.52,0.16,0.08,0.1,0.86
2430,Skate 2,PS3,Sports,Electronic Arts,0.46,0.26,0.01,0.12,0.85
2433,Need for Speed: Nitro,Wii,Racing,Electronic Arts,0.46,0.31,0,0.08,0.85
2460,NBA 2K10,PS3,Sports,Take-Two Interactive,0.75,0.01,0.01,0.07,0.84
2505,Deca Sports 2,Wii,Sports,Hudson Soft,0.33,0.34,0.09,0.07,0.82
2511,Star Wars The Clone Wars: Republic Heroes,Wii,Action,LucasArts,0.44,0.3,0,0.08,0.82
2547,Pro Evolution Soccer 2010,X360,Sports,Konami Digital Entertainment,0.12,0.58,0.03,0.08,0.81
2553,DiRT 2,X360,Racing,Codemasters,0.32,0.4,0,0.09,0.81
2557,NCAA Football 10,PS3,Sports,Electronic Arts,0.75,0,0,0.06,0.81
2562,Guitar Hero: Metallica,X360,Misc,Activision,0.52,0.21,0,0.07,0.81
2564,MadWorld,Wii,Action,Sega,0.46,0.25,0.02,0.07,0.8
2575,Pro Evolution Soccer 2010,PSP,Sports,Konami Digital Entertainment,0.09,0.33,0.2,0.18,0.8
2591,Band Hero,X360,Misc,Activision,0.51,0.22,0,0.07,0.8
2596,The Godfather II,X360,Action,Electronic Arts,0.47,0.24,0.01,0.08,0.79
2607,Invizimals,PSP,Strategy,Sony Computer Entertainment,0.17,0.51,0,0.11,0.79
2609,Tiger Woods PGA Tour 10,PS3,Sports,Electronic Arts,0.42,0.25,0,0.12,0.79
2613,Star Ocean: The Last Hope,X360,Role-Playing,Square Enix,0.32,0.2,0.21,0.06,0.79
2638,Puzzler World,DS,Puzzle,Ubisoft,0.41,0.3,0,0.07,0.78
2640,We Sing,Wii,Misc,Nordic Games,0,0.69,0,0.09,0.78
2647,Star Wars Battlefront: Elite Squadron,PSP,Shooter,LucasArts,0.38,0.24,0,0.16,0.78
2658,Avatar: The Game,X360,Action,Ubisoft,0.34,0.35,0,0.08,0.78
2659,Harry Potter and the Half-Blood Prince,Wii,Action,Electronic Arts,0.28,0.4,0,0.09,0.77
2660,DJ Hero,Wii,Misc,Activision,0.47,0.23,0,0.07,0.77
2673,Dragon Ball: Raging Blast,PS3,Fighting,Namco Bandai Games,0.37,0.19,0.11,0.1,0.77
2704,Drawn to Life: The Next Chapter,Wii,Puzzle,THQ,0.29,0.39,0,0.08,0.76
2705,The Lord of the Rings: Conquest,PS3,Action,Electronic Arts,0.38,0.26,0,0.12,0.76
2712,Deer Drive,Wii,Sports,Big Ben Interactive,0.67,0.04,0,0.05,0.76
2716,Ace Attorney Investigations: Miles Edgeworth,DS,Adventure,Capcom,0.27,0.15,0.3,0.04,0.76
2720,Need for Speed: Shift,PSP,Racing,Electronic Arts,0.16,0.38,0.01,0.21,0.76
2735,Band Hero,PS3,Misc,Activision,0.41,0.24,0,0.11,0.75
2739,The Godfather II,PS3,Action,Electronic Arts,0.41,0.22,0.01,0.11,0.75
2740,WWE SmackDown vs. Raw 2010,Wii,Fighting,THQ,0.51,0.17,0,0.07,0.75
2747,Red Faction: Guerrilla,PS3,Shooter,THQ,0.33,0.28,0.02,0.12,0.75
2753,X-Men Origins: Wolverine - Uncaged Edition,PS3,Action,Activision,0.31,0.32,0,0.13,0.75
2761,Marvel: Ultimate Alliance 2,PS3,Role-Playing,Activision,0.49,0.16,0,0.09,0.75
2784,Indiana Jones and the Staff of Kings,Wii,Action,Activision,0.36,0.3,0,0.08,0.74
2803,Madden NFL 10,Wii,Sports,Electronic Arts,0.63,0.04,0,0.06,0.73
2811,iCarly,DS,Adventure,Activision,0.67,0.01,0,0.05,0.73
2819,Avatar: The Game,Wii,Action,Ubisoft,0.33,0.32,0,0.08,0.73
2821,MX vs. ATV Reflex,X360,Racing,THQ,0.52,0.15,0,0.06,0.73
2827,Rabbids Go Home,DS,Platform,Ubisoft,0.35,0.3,0,0.07,0.72
2851,MLB 09: The Show,PS3,Sports,Sony Computer Entertainment,0.66,0,0,0.05,0.72
2879,LEGO Rock Band,Wii,Misc,Warner Bros. Interactive Entertainment,0.42,0.22,0,0.07,0.71
2920,"Transformers: Revenge of the Fallen (XBox 360, PS3, & PC Versions)",PS3,Shooter,Activision,0.28,0.3,0,0.12,0.7
2926,Hannah Montana: The Movie,DS,Adventure,Disney Interactive Studios,0.38,0.25,0,0.07,0.7
2927,World of Zoo,DS,Simulation,THQ,0.43,0.2,0,0.06,0.7
2930,IL-2 Sturmovik: Birds of Prey,PS3,Simulation,505 Games,0.34,0.26,0,0.1,0.7
2945,X-Men Origins: Wolverine - Uncaged Edition,X360,Action,Activision,0.42,0.21,0,0.06,0.69
2976,Bakugan: Battle Brawlers,Wii,Action,Activision,0.6,0.03,0,0.05,0.68
2999,Hidden Objects: Mystery Stories,DS,Adventure,GSP,0.19,0.43,0,0.05,0.68
3065,NHL 10,X360,Sports,Electronic Arts,0.51,0.1,0,0.06,0.66
3090,Madden NFL 10,PSP,Sports,Electronic Arts,0.5,0.08,0,0.08,0.66
3107,Up,DS,Action,THQ,0.31,0.28,0,0.07,0.65
3109,Real Heroes: Firefighter,Wii,Action,Rondomedia,0.56,0.04,0,0.05,0.65
3112,Drawn to Life: The Next Chapter,DS,Puzzle,THQ,0.45,0.14,0,0.06,0.65
3114,Tiger Woods PGA Tour 10,X360,Sports,Electronic Arts,0.39,0.2,0,0.06,0.65
3136,Harry Potter and the Half-Blood Prince,PS2,Action,Electronic Arts,0.13,0.07,0,0.44,0.64
3162,The Lord of the Rings: Conquest,X360,Action,Electronic Arts,0.37,0.21,0,0.06,0.64
3166,The Princess and the Frog,DS,Platform,Disney Interactive Studios,0.41,0.17,0,0.06,0.64
3172,Wolfenstein,PS3,Shooter,Activision,0.25,0.28,0,0.11,0.64
3184,Family Feud: 2010 Edition,Wii,Misc,Ubisoft,0.59,0,0,0.04,0.64
3188,SingStar Queen,PS2,Misc,Sony Computer Entertainment,0.08,0.12,0,0.44,0.63
3195,Ghostbusters: The Video Game,X360,Action,Atari,0.43,0.14,0,0.06,0.63
3201,Guitar Hero: Metallica,PS3,Misc,Activision,0.28,0.24,0,0.1,0.63
3204,Harry Potter and the Half-Blood Prince,DS,Action,Electronic Arts,0.21,0.35,0,0.07,0.63
3216,Metroid Prime: Trilogy,Wii,Shooter,Nintendo,0.43,0.05,0,0.14,0.63
3218,"Transformers: Revenge of the Fallen (XBox 360, PS3, & PC Versions)",X360,Shooter,Activision,0.34,0.23,0,0.06,0.63
3222,Battle of Giants: Dragons,DS,Strategy,Ubisoft,0.31,0.25,0,0.06,0.63
3227,Shin Megami Tensei: Persona 3 Portable,PSP,Role-Playing,Ghostlight,0.18,0.06,0.34,0.04,0.63
3232,World of Zoo,Wii,Simulation,THQ,0.41,0.16,0,0.05,0.63
3234,Wet,PS3,Shooter,Bethesda Softworks,0.22,0.27,0.01,0.11,0.63
3235,MySims Racing,DS,Racing,Electronic Arts,0.26,0.29,0,0.07,0.63
3247,Sacred 2: Fallen Angel,PS3,Role-Playing,Deep Silver,0.22,0.23,0.08,0.09,0.62
3270,WWE SmackDown vs. Raw 2010,PSP,Fighting,THQ,0.25,0.23,0,0.14,0.62
3285,Muramasa: The Demon Blade,Wii,Role-Playing,Rising Star Games,0.33,0.13,0.11,0.04,0.61
3298,Tony Hawk: RIDE,X360,Sports,Activision,0.46,0.1,0,0.05,0.61
3313,Jak and Daxter: The Lost Frontier,PSP,Platform,Sony Computer Entertainment,0.18,0.27,0,0.15,0.61
3316,Major League Baseball 2K9,X360,Sports,Spike,0.56,0,0,0.05,0.61
3325,Guitar Hero: Smash Hits,Wii,Misc,Activision,0.33,0.21,0,0.06,0.61
3334,Call of Juarez: Bound in Blood,X360,Shooter,Ubisoft,0.3,0.24,0,0.06,0.61
3335,New Play Control! Pikmin 2,Wii,Strategy,Nintendo,0.11,0.14,0.33,0.02,0.6
3349,WarioWare D.I.Y.,DS,Misc,Nintendo,0.18,0.19,0.2,0.04,0.6
3350,Tony Hawk: RIDE,PS3,Sports,Activision,0.38,0.15,0,0.08,0.6
3355,Secret Agent Clank,PS2,Platform,Sony Computer Entertainment,0.13,0.18,0,0.29,0.6
3357,Avatar: The Game,PSP,Action,Ubisoft,0.22,0.24,0,0.14,0.6
3396,Final Fantasy: The 4 Heroes of Light,DS,Role-Playing,Square Enix,0.23,0.11,0.23,0.03,0.59
3404,LEGO Indiana Jones 2: The Adventure Continues,PSP,Action,Activision,0.21,0.24,0,0.14,0.59
3436,FIFA Soccer 10,DS,Sports,Electronic Arts,0.14,0.37,0,0.07,0.59
3443,The Conduit,Wii,Shooter,Sega,0.29,0.23,0,0.06,0.58
3453,Trivial Pursuit,Wii,Misc,Electronic Arts,0.21,0.31,0,0.07,0.58
3455,The Sims 3: World Adventures,PC,Simulation,Electronic Arts,0.02,0.18,0,0.39,0.58
3461,Tom Clancy's HAWX,X360,Action,Ubisoft,0.31,0.19,0.02,0.06,0.58
3480,Petz Nursery,DS,Simulation,Ubisoft,0.53,0,0,0.04,0.58
3490,BlazBlue: Calamity Trigger,PS3,Fighting,PQube,0.36,0.1,0.06,0.06,0.58
3496,NHL 10,PS3,Sports,Electronic Arts,0.38,0.12,0,0.07,0.58
3498,Rapala: We Fish,Wii,Sports,Activision,0.52,0.02,0,0.04,0.58
3504,NCAA Football 10,PS2,Sports,Electronic Arts,0.28,0.22,0,0.07,0.58
3514,Up,Wii,Action,THQ,0.23,0.28,0,0.06,0.57
3533,3D Dot Game Heroes,PS3,Role-Playing,SouthPeak Games,0.36,0.12,0.03,0.07,0.57
3536,Jillian Michaels Fitness Ultimatum 2010,Wii,Sports,Majesco Entertainment,0.52,0.01,0,0.04,0.57
3556,LEGO Rock Band,X360,Misc,Warner Bros. Interactive Entertainment,0.4,0.12,0,0.05,0.57
3559,Tom Clancy's HAWX,PS3,Action,Ubisoft,0.21,0.22,0.05,0.09,0.57
3584,Wolfenstein,X360,Shooter,Activision,0.28,0.22,0,0.06,0.56
3600,Lips: Number One Hits,X360,Misc,Microsoft Game Studios,0.15,0.35,0,0.07,0.56
3618,G-Force,DS,Action,Disney Interactive Studios,0.27,0.23,0,0.06,0.56
3644,Legends of WrestleMania,PS3,Fighting,THQ,0.3,0.17,0,0.07,0.55
3647,50 Classic Games,DS,Misc,Destineer,0.52,0,0,0.04,0.55
3693,NBA Live 10,PS3,Sports,Electronic Arts,0.46,0.03,0.01,0.05,0.54
3699,Sacred 2: Fallen Angel,X360,Role-Playing,Deep Silver,0.29,0.17,0.04,0.05,0.54
3734,Terminator Salvation,PS3,Shooter,Warner Bros. Interactive Entertainment,0.13,0.29,0.01,0.11,0.54
3739,WWE SmackDown vs. Raw 2010,DS,Fighting,THQ,0.35,0.14,0,0.05,0.54
3759,Jewel Master Egypt,DS,Puzzle,Rondomedia,0.21,0.27,0,0.05,0.53
3774,SimAnimals,DS,Simulation,Electronic Arts,0.26,0.21,0,0.06,0.53
3804,F.E.A.R. 2: Project Origin,X360,Shooter,Warner Bros. Interactive Entertainment,0.32,0.15,0,0.05,0.53
3808,F1 2009,PSP,Racing,Codemasters,0.08,0.29,0,0.16,0.53
3817,Picross 3D,DS,Puzzle,Nintendo,0.3,0.03,0.16,0.03,0.53
3831,Classic Word Games,DS,Misc,Ubisoft,0.09,0.37,0,0.07,0.52
3832,Naruto Shippuden: Clash of Ninja Revolution 3,Wii,Fighting,Nintendo,0.45,0.04,0,0.04,0.52
3838,Star Wars Battlefront: Elite Squadron,DS,Shooter,LucasArts,0.44,0.04,0,0.04,0.52
3851,IL-2 Sturmovik: Birds of Prey,X360,Simulation,505 Games,0.23,0.24,0,0.05,0.52
3880,Dragon Age: Origins,PC,Role-Playing,Electronic Arts,0,0.46,0,0.06,0.51
3888,100 All-Time Favorites,DS,Puzzle,Ubisoft,0.35,0.12,0,0.04,0.51
3892,SoulCalibur: Broken Destiny,PSP,Fighting,Namco Bandai Games,0.12,0.2,0.07,0.12,0.51
3893,The Saboteur,X360,Action,Electronic Arts,0.26,0.21,0,0.05,0.51
3895,Pro Evolution Soccer 2010,Wii,Sports,Konami Digital Entertainment,0.12,0.27,0.06,0.05,0.51
3907,Dragon Ball: Raging Blast,X360,Fighting,Namco Bandai Games,0.36,0.09,0.02,0.04,0.51
3912,Monsters vs. Aliens,DS,Action,Activision,0.33,0.13,0,0.05,0.51
3928,Harry Potter and the Half-Blood Prince,PSP,Action,Electronic Arts,0.18,0.21,0,0.12,0.51
3947,Hidden Mysteries: Titanic - Secrets of the Fateful Voyage,DS,Adventure,GSP,0.12,0.33,0,0.06,0.51
3960,Atelier Rorona: Alchemist of Arland,PS3,Role-Playing,Nippon Ichi Software,0.22,0.12,0.11,0.05,0.5
3992,The Saboteur,PS3,Action,Electronic Arts,0.2,0.22,0,0.08,0.5
4001,Dreamworks Madagascar Kartz,Wii,Racing,Activision,0.29,0.16,0,0.05,0.5
4045,"Transformers: Revenge of the Fallen (XBox 360, PS3, & PC Versions)",Wii,Shooter,Activision,0.24,0.2,0,0.05,0.49
4055,WipEout Pulse,PS2,Racing,Sony Computer Entertainment,0,0.15,0,0.33,0.49
4062,"Transformers: Revenge of the Fallen (XBox 360, PS3, & PC Versions)",PS2,Shooter,Activision,0.25,0.01,0,0.22,0.49
4069,Bass Pro Shops: The Strike,Wii,Sports,XS Games,0.45,0,0,0.03,0.49
4082,F.E.A.R. 2: Project Origin,PS3,Shooter,Warner Bros. Interactive Entertainment,0.19,0.21,0.01,0.08,0.49
4085,Dead Space Extraction,Wii,Shooter,Electronic Arts,0.33,0.11,0.01,0.04,0.48
4091,Active Life: Extreme Challenge,Wii,Sports,Namco Bandai Games,0.15,0.27,0,0.06,0.48
4097,Silent Hill: Shattered Memories,Wii,Action,Konami Digital Entertainment,0.23,0.19,0.01,0.05,0.48
4110,Rock Band Unplugged,PSP,Misc,MTV Games,0.24,0.15,0,0.1,0.48
4136,Final Fantasy Crystal Chronicles: Echoes of Time,DS,Role-Playing,Square Enix,0.12,0.06,0.27,0.02,0.48
4140,Up,PS2,Action,THQ,0.19,0.05,0,0.24,0.48
4145,Cars: Race-O-Rama,DS,Racing,THQ,0.35,0.09,0,0.04,0.48
4159,MySims Racing,Wii,Racing,Electronic Arts,0.19,0.23,0,0.05,0.47
4182,"Warhammer 40,000: Dawn of War II",PC,Strategy,THQ,0,0.45,0,0.02,0.47
4193,Boom Blox Bash Party,Wii,Puzzle,Electronic Arts,0.34,0.09,0,0.04,0.47
4198,The Princess and the Frog,Wii,Platform,Disney Interactive Studios,0.29,0.13,0,0.04,0.47
4210,Cars: Race-O-Rama,PS2,Racing,THQ,0.27,0.03,0,0.17,0.47
4274,Star Wars The Clone Wars: Republic Heroes,PS3,Action,LucasArts,0.19,0.19,0,0.07,0.46
4278,LEGO Rock Band,DS,Misc,Warner Bros. Interactive Entertainment,0.33,0.09,0,0.04,0.46
4281,Jak and Daxter: The Lost Frontier,PS2,Platform,Sony Computer Entertainment,0.22,0.17,0,0.06,0.46
4294,Vin Diesel: Wheelman,X360,Racing,Ubisoft,0.24,0.17,0,0.05,0.46
4300,iCarly,Wii,Adventure,Activision,0.42,0,0,0.03,0.46
4310,Tales of Vesperia,PS3,Role-Playing,Namco Bandai Games,0,0,0.45,0,0.45
4312,Dynasty Warriors: Strikeforce,PSP,Action,Ubisoft Annecy,0.03,0.03,0.38,0.02,0.45
4353,Rock Band Country Track Pack,Wii,Misc,MTV Games,0.42,0,0,0.03,0.45
4356,Transformers: Revenge of the Fallen (Wii & PS2 Version),DS,Action,Activision,0.27,0.14,0,0.04,0.45
4357,PES 2009: Pro Evolution Soccer,Wii,Sports,Konami Digital Entertainment,0.09,0.26,0.05,0.05,0.45
4359,SingStar Queen,PS3,Misc,Sony Computer Entertainment,0.11,0.26,0,0.08,0.45
4361,Samurai Warriors 3,Wii,Action,Nintendo,0.1,0.02,0.32,0.01,0.45
4369,Dance Dance Revolution: Hottest Party 3,Wii,Simulation,Konami Digital Entertainment,0.26,0.14,0,0.04,0.45
4376,Band Hero,DS,Misc,Activision,0.21,0.19,0,0.05,0.45
4383,SingStar Take That,PS2,Misc,Sony Computer Entertainment,0,0.06,0,0.39,0.45
4387,NBA Live 10,X360,Sports,Electronic Arts,0.4,0.02,0,0.03,0.45
4408,Karaoke Revolution,Wii,Misc,Konami Digital Entertainment,0.24,0.16,0,0.04,0.45
4409,Discovery Kids: Kitten Corner,DS,Simulation,505 Games,0.42,0,0,0.03,0.45
4420,TouchMaster 3,DS,Puzzle,Warner Bros. Interactive Entertainment,0.3,0.11,0,0.04,0.44
4425,Food Network: Cook or Be Cooked,Wii,Misc,Namco Bandai Games,0.41,0,0,0.03,0.44
4436,G-Force,Wii,Action,Disney Interactive Studios,0.19,0.2,0,0.05,0.44
4437,Ben 10 Alien Force: Vilgax Attacks,Wii,Action,D3Publisher,0.25,0.15,0,0.04,0.44
4455,Sin and Punishment: Star Successor,Wii,Shooter,Nintendo,0.2,0.14,0.06,0.04,0.44
4456,Jump Start Pet Rescue,Wii,Misc,Knowledge Adventure,0.41,0,0,0.03,0.44
4463,Yu-Gi-Oh! 5D's Tag Force 4,PSP,Strategy,Konami Digital Entertainment,0.19,0.07,0.12,0.06,0.44
4482,SingStar Motown,PS2,Misc,Sony Computer Entertainment,0,0.06,0,0.38,0.44
4493,Remington Great American Bird Hunt,Wii,Sports,Mastiff,0.41,0,0,0.03,0.44
4497,Dora the Explorer: Dora Puppy,DS,Misc,Take-Two Interactive,0.39,0.01,0,0.03,0.43
4521,Rune Factory 3: A Fantasy Harvest Moon,DS,Role-Playing,Rising Star Games,0.28,0.03,0.1,0.02,0.43
4529,Ghostbusters: The Video Game,PS2,Action,Atari,0.15,0.04,0,0.24,0.43
4543,"999: Nine Hours, Nine Persons, Nine Doors",DS,Adventure,ChunSoft,0.37,0,0.03,0.03,0.43
4553,NASCAR Kart Racing,Wii,Racing,Electronic Arts,0.39,0,0,0.03,0.43
4559,Call of Duty: Modern Warfare: Mobilized,DS,Shooter,Activision,0.37,0.02,0,0.03,0.43
4562,Bakugan: Battle Brawlers,PS2,Action,Activision,0.21,0.16,0,0.05,0.43
4572,Ben 10 Alien Force: Vilgax Attacks,DS,Action,D3Publisher,0.22,0.16,0,0.04,0.42
4573,Ben 10 Alien Force: Vilgax Attacks,PSP,Action,D3Publisher,0.13,0.19,0,0.11,0.42
4577,LEGO Rock Band,PS3,Misc,Warner Bros. Interactive Entertainment,0.24,0.13,0,0.06,0.42
4582,Guitar Hero: Smash Hits,X360,Misc,Activision,0.23,0.15,0,0.04,0.42
4600,SpongeBob's Truth or Square (US sales),DS,Action,THQ,0.42,0,0,0,0.42
4612,Marvel Super Hero Squad,DS,Fighting,THQ,0.37,0.02,0,0.03,0.42
4641,JumpStart: Escape from Adventure Island,Wii,Adventure,Knowledge Adventure,0.39,0,0,0.03,0.42
4643,Style Lab: Makeover,DS,Simulation,Ubisoft,0.35,0.03,0,0.03,0.42
4657,Star Wars The Clone Wars: Republic Heroes,PSP,Action,LucasArts,0.21,0.13,0,0.08,0.42
4673,Katamari Forever,PS3,Puzzle,Namco Bandai Games,0.26,0.05,0.06,0.04,0.42
4678,Ghostbusters: The Video Game,DS,Action,Atari,0.26,0.12,0,0.04,0.41
4696,Mobile Suit Gundam: Gundam vs. Gundam NEXT PLUS,PSP,Fighting,Namco Bandai Games,0,0,0.41,0,0.41
4703,"Transformers: Revenge of the Fallen (XBox 360, PS3, & PC Versions)",PSP,Shooter,Activision,0.17,0.15,0,0.09,0.41
4705,James Patterson Women's Murder Club: Games of Passion,DS,Adventure,THQ,0.15,0.22,0,0.05,0.41
4715,Six Flags Fun Park,Wii,Misc,Ubisoft,0.28,0.1,0,0.04,0.41
4716,Spore Hero,Wii,Simulation,Electronic Arts,0.36,0.03,0,0.03,0.41
4720,Monotaro Dentetsu 2010: Sengoku Ishin no Hero Daishuugou! no Maki,Wii,Misc,Hudson Soft,0,0,0.41,0,0.41
4721,Up,PSP,Action,THQ,0.24,0.1,0,0.07,0.41
4725,Cars: Race-O-Rama,PSP,Racing,THQ,0.29,0.07,0,0.06,0.41
4728,Star Wars The Clone Wars: Republic Heroes,DS,Action,LucasArts,0.23,0.14,0,0.04,0.41
4737,Monster Trucks Mayhem,Wii,Racing,Zoo Games,0.39,0,0,0.02,0.41
4745,Band Hero,PS2,Misc,Activision,0.15,0.06,0,0.2,0.41
4766,Marvel: Ultimate Alliance 2,PS2,Role-Playing,Activision,0.23,0.02,0,0.16,0.41
4777,Avatar: The Game,DS,Action,Ubisoft,0.19,0.18,0,0.04,0.41
4778,My Virtual Tutor: Reading Adventure First to Second Grade,DS,Misc,Mentor Interactive,0.38,0,0,0.03,0.41
4797,NBA 2K10,PS2,Sports,Take-Two Interactive,0.33,0.01,0,0.05,0.4
4801,Taiko no Tatsujin Wii: Dodon to 2 Yome!,Wii,Misc,Namco Bandai Games,0,0,0.4,0,0.4
4807,Yu-Gi-Oh! 5D's Stardust Accelerator: World Championship 2009,DS,Action,Konami Digital Entertainment,0.27,0.01,0.09,0.03,0.4
4820,Final Fantasy Crystal Chronicles: The Crystal Bearers,Wii,Action,Square Enix,0.22,0.08,0.08,0.03,0.4
4821,Cabela's Big Game Hunter 2010,PS3,Sports,Activision Value,0.37,0,0,0.03,0.4
4836,Sherlock Holmes: The Mystery of the Mummy,DS,Adventure,Focus Home Interactive,0.06,0.3,0,0.04,0.4
4839,Star Wars The Clone Wars: Republic Heroes,X360,Action,LucasArts,0.18,0.17,0,0.04,0.4
4843,SpongeBob's Truth or Square (US sales),Wii,Action,THQ,0.38,0.01,0,0,0.4
4846,Planet 51,DS,Action,Sega,0.22,0.14,0,0.04,0.4
4853,Legends of WrestleMania,X360,Fighting,THQ,0.2,0.16,0,0.04,0.4
4888,NBA 2K10,Wii,Sports,Take-Two Interactive,0.36,0,0,0.03,0.39
4905,SpongeBob's Truth or Square (US sales),PSP,Action,THQ,0.39,0,0,0,0.39
4922,Need for Speed: Nitro,DS,Racing,Electronic Arts,0.22,0.13,0,0.04,0.39
4938,Dawn of Discovery,PC,Simulation,Ubisoft,0,0.32,0,0.07,0.39
4949,SpongeBob vs The Big One: Beach Party Cook Off,DS,Adventure,THQ,0.24,0.11,0,0.04,0.39
4965,Junior Classic Games,DS,Misc,Avanquest,0.26,0.09,0,0.03,0.39
4966,Hooked! Again: Real Motion Fishing,Wii,Sports,505 Games,0.36,0,0,0.03,0.39
4973,Ice Age: Dawn of the Dinosaurs,DS,Action,Activision,0.2,0.15,0,0.04,0.39
4974,Dance Party: Pop Hits,Wii,Misc,Nordic Games,0,0.36,0,0.02,0.39
4982,Virtua Tennis 2009,PS3,Sports,Sega,0.09,0.23,0,0.07,0.38
4989,Imagine: Salon Stylist,DS,Simulation,Ubisoft,0.24,0.11,0,0.04,0.38
4993,Fragile Dreams: Farewell Ruins of the Moon,Wii,Role-Playing,Rising Star Games,0.17,0.12,0.06,0.03,0.38
4997,Peppa Pig: The Game,Wii,Misc,Pinnacle,0,0.35,0,0.03,0.38
5001,Naruto Shippuden: Ultimate Ninja Heroes 3,PSP,Fighting,Namco Bandai Games,0.13,0.04,0.19,0.03,0.38
5018,Overlord: Dark Legend,Wii,Action,Codemasters,0.12,0.22,0,0.04,0.38
5036,Virtua Tennis 2009,Wii,Sports,Sega,0.13,0.21,0,0.04,0.38
5043,DiRT 2,Wii,Racing,Codemasters,0.11,0.23,0,0.04,0.38
5046,Guitar Hero On Tour: Modern Hits,DS,Misc,Activision,0.13,0.2,0,0.04,0.38
5077,Dragon Ball Z: Attack of the Saiyans,DS,Role-Playing,Namco Bandai Games,0.13,0.02,0.21,0.01,0.38
5078,Marvel Super Hero Squad,Wii,Fighting,THQ,0.31,0.03,0,0.03,0.38
5087,Paws & Claws: Pampered Pets,DS,Simulation,THQ,0.35,0,0,0.03,0.37
5091,SAW,PS3,Action,Konami Digital Entertainment,0.13,0.17,0,0.07,0.37
5095,Trivial Pursuit,X360,Misc,Electronic Arts,0.12,0.21,0,0.04,0.37
5105,Mini Ninjas,Wii,Action,Eidos Interactive,0.17,0.17,0,0.04,0.37
5125,Rec Room Games,Wii,Sports,Destineer,0.35,0,0,0.02,0.37
5132,Command & Conquer: Red Alert 3 Ultimate Edition,PS3,Strategy,Electronic Arts,0.14,0.17,0,0.06,0.37
5138,Bionic Commando,PS3,Platform,Capcom,0.12,0.17,0.01,0.07,0.37
5139,Wanted: Weapons of Fate,X360,Shooter,Warner Bros. Interactive Entertainment,0.17,0.15,0,0.04,0.37
5160,Left 4 Dead 2,PC,Shooter,Valve Software,0,0.32,0,0.04,0.37
5165,Dreamworks Madagascar Kartz,DS,Racing,Activision,0.25,0.08,0,0.03,0.36
5190,BlazBlue: Calamity Trigger,X360,Fighting,PQube,0.21,0.08,0.04,0.03,0.36
5195,Press Your Luck 2010 Edition,Wii,Misc,Ubisoft,0.33,0,0,0.03,0.36
5200,NHL 2K10,Wii,Sports,Take-Two Interactive,0.33,0.01,0,0.03,0.36
5213,Guitar Hero: Smash Hits,PS3,Misc,Activision,0.2,0.11,0,0.05,0.36
5223,Teenage Mutant Ninja Turtles: Smash-Up,Wii,Fighting,Ubisoft,0.33,0,0,0.03,0.36
5240,U-Sing,Wii,Misc,Mindscape,0,0.32,0,0.03,0.36
5258,G-Force,PSP,Action,Electronic Arts,0.24,0.07,0,0.05,0.36
5259,NHL 2K10,PS2,Sports,Take-Two Interactive,0.17,0.14,0,0.05,0.36
5260,Football Manager Handheld 2010,PSP,Sports,Sega,0,0.26,0,0.09,0.36
5265,CSI: Deadly Intent - The Hidden Cases,DS,Adventure,Ubisoft,0.16,0.16,0,0.04,0.35
5282,Mini Ninjas,PS3,Action,Eidos Interactive,0.14,0.16,0,0.06,0.35
5287,Terminator Salvation,X360,Shooter,Warner Bros. Interactive Entertainment,0.13,0.18,0,0.04,0.35
5292,Mini Ninjas,DS,Action,Eidos Interactive,0.17,0.15,0,0.04,0.35
5302,Hannah Montana: The Movie,Wii,Adventure,Disney Interactive Studios,0.13,0.18,0,0.04,0.35
5321,Guitar Hero: Metallica,PS2,Misc,Activision,0.17,0.13,0,0.04,0.35
5352,Style Lab: Jewelry Design,DS,Simulation,Ubisoft,0.32,0,0,0.02,0.34
5376,MotorStorm: Arctic Edge,PS2,Racing,Sony Computer Entertainment,0.07,0.03,0,0.25,0.34
5389,Dynasty Warriors 6 Empires,PS3,Action,Tecmo Koei,0.14,0.03,0.15,0.02,0.34
5398,Harry Potter and the Half-Blood Prince,PS3,Action,Electronic Arts,0.15,0.13,0,0.06,0.34
5409,Bookworm,DS,Puzzle,PopCap Games,0.31,0.01,0,0.02,0.34
5425,Pony Friends 2,DS,Simulation,Eidos Interactive,0.21,0.1,0,0.03,0.34
5426,Disney Sing It: Pop Hits,PS2,Misc,Disney Interactive Studios,0.1,0.02,0,0.22,0.34
5439,Night at the Museum: Battle of the Smithsonian,DS,Action,Majesco Entertainment,0.12,0.18,0,0.04,0.34
5443,Ninja Blade,X360,Action,Microsoft Game Studios,0.14,0.14,0.02,0.03,0.33
5445,Transformers: Revenge of the Fallen (DS Versions),DS,Action,Activision,0.17,0.13,0,0.03,0.33
5458,Virtua Tennis 2009,X360,Sports,Sega,0.12,0.18,0,0.03,0.33
5460,Tales of the World: Radiant Mythology 2,PSP,Role-Playing,Namco Bandai Games,0,0,0.33,0,0.33
5465,SingStar Take That,PS3,Misc,Sony Computer Entertainment,0,0.3,0,0.03,0.33
5466,Marvel: Ultimate Alliance 2,Wii,Role-Playing,Activision,0.26,0.05,0,0.03,0.33
5473,Chicken Blaster,Wii,Shooter,Zushi Games,0.31,0,0,0.02,0.33
5482,NCAA Basketball 10,PS3,Sports,Electronic Arts,0.31,0,0,0.03,0.33
5497,Night at the Museum: Battle of the Smithsonian,Wii,Action,Majesco Entertainment,0.17,0.13,0,0.03,0.33
5500,MLB 09: The Show,PS2,Sports,Sony Computer Entertainment,0.16,0.13,0,0.04,0.33
5505,Scooby-Doo! First Frights,PS2,Action,Warner Bros. Interactive Entertainment,0.14,0.03,0,0.16,0.33
5513,Battlestations: Pacific,X360,Strategy,Eidos Interactive,0.17,0.12,0.01,0.03,0.33
5529,DiRT 2,PSP,Racing,Sony Computer Entertainment,0.09,0.16,0,0.09,0.33
5530,Vin Diesel: Wheelman,PS3,Racing,Ubisoft,0.12,0.15,0,0.06,0.33
5532,My Baby: First Steps,DS,Simulation,SouthPeak Games,0.28,0.03,0,0.02,0.33
5568,Discovery Kids: Puppy Playtime,DS,Simulation,505 Games,0.3,0,0,0.02,0.33
5577,Overlord II,X360,Action,Codemasters,0.15,0.14,0,0.03,0.32
5578,NBA 2K10,PSP,Sports,Take-Two Interactive,0.3,0,0,0.03,0.32
5592,NCAA Basketball 10,X360,Sports,Electronic Arts,0.3,0,0,0.02,0.32
5598,Tekken 6,PSP,Fighting,Namco Bandai Games,0.15,0.04,0.1,0.03,0.32
5603,Overlord II,PS3,Action,Codemasters,0.11,0.15,0,0.06,0.32
5608,Batman: Arkham Asylum,PC,Action,Eidos Interactive,0,0.27,0,0.05,0.32
5612,Birthday Party Bash,Wii,Misc,Take-Two Interactive,0.3,0,0,0.02,0.32
5624,The Biggest Loser,DS,Sports,THQ,0.18,0.11,0,0.03,0.32
5629,SimAnimals,Wii,Simulation,Electronic Arts,0.15,0.14,0,0.03,0.32
5654,Harry Potter and the Half-Blood Prince,X360,Action,Electronic Arts,0.17,0.12,0,0.03,0.32
5656,Rock Band Country Track Pack,PS2,Misc,MTV Games,0.16,0.12,0,0.04,0.32
5657,7 Wonders II,DS,Puzzle,Rondomedia,0.14,0.15,0,0.03,0.32
5679,Littlest Pet Shop: City Friends,DS,Simulation,Electronic Arts,0.29,0,0,0.02,0.32
5690,DJ Hero,PS2,Misc,Activision,0.1,0.02,0,0.2,0.32
5703,Fuel,X360,Racing,Codemasters,0.09,0.19,0,0.04,0.31
5740,Foto Frenzy: Spot The Diffrence,DS,Puzzle,Storm City Games,0.29,0,0,0.02,0.31
5745,SD Gundam G Generation Wars,PS2,Strategy,Namco Bandai Games,0,0,0.31,0,0.31
5753,Cabela's Outdoor Adventures (2009),Wii,Sports,Activision Value,0.29,0,0,0.02,0.31
5774,Little King's Story,Wii,Strategy,Rising Star Games,0.15,0.11,0.02,0.02,0.31
5807,Shaun White Snowboarding: World Stage,Wii,Sports,Ubisoft,0.25,0.04,0,0.02,0.31
5808,My Virtual Tutor: Reading Adventure Pre-K to Kindergarten,DS,Misc,Mentor Interactive,0.29,0,0,0.02,0.31
5811,Monsters vs. Aliens,PS3,Action,Activision,0.21,0.06,0,0.03,0.31
5822,Imagine: Family Doctor,DS,Simulation,Ubisoft,0.28,0.01,0,0.02,0.3
5823,Magna Carta 2,X360,Role-Playing,Banpresto,0.13,0.08,0.07,0.02,0.3
5852,Puyo Puyo 7,DS,Puzzle,Sega,0,0,0.3,0,0.3
5875,Jonas,DS,Adventure,Disney Interactive Studios,0.28,0,0,0.02,0.3
5891,MySims Party,DS,Simulation,Electronic Arts,0.15,0.12,0,0.03,0.3
5919,Reel Fishing: Angler's Dream,Wii,Sports,Zushi Games,0.26,0.01,0,0.02,0.3
5927,Alvin and the Chipmunks: The Squeakquel,DS,Misc,Majesco Entertainment,0.28,0,0,0.02,0.3
5937,Wanted: Weapons of Fate,PS3,Shooter,Warner Bros. Interactive Entertainment,0.14,0.1,0.01,0.05,0.3
5940,Dreamworks Madagascar Kartz,PS3,Racing,Activision,0.19,0.07,0,0.04,0.3
5942,Guitar Hero: Van Halen,X360,Misc,Activision,0.16,0.1,0,0.03,0.3
5964,Mini Ninjas,X360,Action,Eidos Interactive,0.12,0.14,0,0.03,0.29
5966,The BIGS 2,Wii,Sports,Take-Two Interactive,0.26,0.01,0,0.02,0.29
5969,The Chronicles of Riddick: Assault on Dark Athena,X360,Shooter,Atari,0.16,0.1,0,0.03,0.29
5979,Dynasty Warriors: Strikeforce,PS3,Action,Tecmo Koei,0.11,0.08,0.07,0.03,0.29
5982,Up,X360,Action,THQ,0.2,0.07,0,0.03,0.29
5985,One Piece Unlimited Cruise 2: Awakening of a Hero,Wii,Action,Namco Bandai Games,0,0.1,0.17,0.02,0.29
5986,Ben 10 Alien Force: Vilgax Attacks,PS2,Action,D3Publisher,0.11,0.03,0,0.15,0.29
5996,Guitar Hero: Van Halen,Wii,Misc,Activision,0.14,0.12,0,0.03,0.29
5998,Shin Megami Tensei: Strange Journey,DS,Role-Playing,Atlus,0.14,0,0.14,0.01,0.29
6010,Imagine: Fashion Designer World Tour,DS,Simulation,Ubisoft,0.27,0,0,0.02,0.29
6019,CSI: Deadly Intent,Wii,Adventure,Ubisoft,0.13,0.13,0,0.03,0.29
6037,Marvel Super Hero Squad,PS2,Fighting,THQ,0.14,0.11,0,0.04,0.29
6040,Dead Rising: Chop Till You Drop,Wii,Action,Capcom,0.15,0.07,0.05,0.02,0.29
6066,Trivial Pursuit,PS3,Misc,Electronic Arts,0.12,0.12,0,0.05,0.29
6084,SAW,X360,Action,Konami Digital Entertainment,0.13,0.12,0,0.03,0.29
6108,Ice Age: Dawn of the Dinosaurs,Wii,Action,Activision,0.11,0.14,0,0.03,0.28
6111,DeathSmiles,X360,Shooter,Rising Star Games,0.15,0.06,0.05,0.02,0.28
6143,Assassin's Creed II: Discovery,DS,Action,Ubisoft,0.15,0.11,0,0.03,0.28
6192,Bionic Commando,X360,Platform,Capcom,0.12,0.12,0.01,0.03,0.28
6223,Guitar Hero: Van Halen,PS3,Misc,Activision,0.14,0.09,0,0.04,0.28
6227,Indiana Jones and the Staff of Kings,PS2,Action,Activision,0.11,0.01,0,0.16,0.28
6259,ExciteBots: Trick Racing,Wii,Racing,Nintendo,0.26,0,0,0.02,0.28
6286,Littlest Pet Shop: Beach Friends,DS,Simulation,Electronic Arts,0.25,0,0,0.02,0.27
6287,Trivial Pursuit,PS2,Misc,Electronic Arts,0.09,0.01,0,0.17,0.27
6303,Jikkyou Powerful Pro Yakyuu Portable 4,PSP,Sports,Konami Digital Entertainment,0,0,0.27,0,0.27
6320,G-Force,PS2,Action,Disney Interactive Studios,0.12,0.01,0,0.14,0.27
6371,Shin Megami Tensei: Devil Survivor,DS,Role-Playing,Atlus,0.14,0,0.12,0.01,0.27
6377,Section 8,X360,Shooter,SouthPeak Games,0.15,0.09,0,0.03,0.27
6380,Final Fantasy XI: Ultimate Collection,X360,Role-Playing,Square Enix,0.25,0,0,0.02,0.27
6387,Dora the Explorer: Dora Saves the Crystal Kingdom,Wii,Misc,Take-Two Interactive,0.24,0.01,0,0.02,0.27
6400,Family Feud: 2010 Edition,DS,Misc,Ubisoft,0.25,0,0,0.02,0.27
6404,Are You Smarter than a 5th Grader? Game Time,Wii,Puzzle,THQ,0.25,0,0,0.02,0.27
6416,Cabela's Big Game Hunter 2010,X360,Sports,Activision Value,0.25,0,0,0.02,0.27
6423,My Virtual Tutor: Reading Adventure Kindergarten to First,DS,Misc,Mentor Interactive,0.25,0,0,0.02,0.27
6425,Major League Baseball 2K9,Wii,Sports,Take-Two Interactive,0.25,0,0,0.02,0.27
6431,Imagine: Fashion Party,Wii,Simulation,Ubisoft,0.25,0,0,0.02,0.27
6433,Scene It? Twilight,Wii,Misc,Konami Digital Entertainment,0.16,0.08,0,0.02,0.27
6435,Don King Boxing,Wii,Sports,Take-Two Interactive,0.14,0.1,0,0.03,0.27
6455,Littlest Pet Shop: Friends,Wii,Simulation,Electronic Arts,0.22,0.02,0,0.02,0.26
6463,Beyblade: Metal Fusion,DS,Role-Playing,Hudson Soft,0.08,0.03,0.14,0.01,0.26
6470,Love Plus,DS,Simulation,Konami Digital Entertainment,0,0,0.26,0,0.26
6480,We Cheer 2,Wii,Simulation,Namco Bandai Games,0.24,0,0,0.02,0.26
6497,Final Fantasy Crystal Chronicles: Echoes of Time,Wii,Role-Playing,Square Enix,0.13,0.06,0.05,0.02,0.26
6506,TouchMaster 3(Others sales),DS,Puzzle,Warner Bros. Interactive Entertainment,0,0.24,0,0.02,0.26
6516,Disney Sing It: Pop Hits,PS3,Misc,Disney Interactive Studios,0.17,0.05,0,0.03,0.26
6517,Indiana Jones and the Staff of Kings,DS,Action,Activision,0.17,0.07,0,0.02,0.26
6520,Hatsune Miku: Project Diva,PSP,Misc,Sega,0,0,0.26,0,0.26
6523,Sengoku Basara: Battle Heroes,PSP,Action,Capcom,0,0,0.26,0,0.26
6534,Indiana Jones and the Staff of Kings,PSP,Action,Activision,0.11,0.1,0,0.06,0.26
6540,Tiger Woods PGA Tour 10,PS2,Sports,Electronic Arts,0.12,0.01,0,0.13,0.26
6543,Monsters vs. Aliens,Wii,Action,Activision,0.14,0.09,0,0.03,0.26
6552,MLB 09: The Show,PSP,Sports,Sony Computer Entertainment,0.24,0,0,0.02,0.26
6571,Daisy Fuentes Pilates,Wii,Sports,505 Games,0.17,0.06,0,0.02,0.26
6591,The Backyardigans,DS,Adventure,Take-Two Interactive,0.24,0,0,0.02,0.26
6596,Tomb Raider: Underworld (Others sales),PS2,Adventure,Eidos Interactive,0,0.21,0,0.04,0.26
6621,Star Wars The Clone Wars: Republic Heroes,PS2,Action,LucasArts,0.17,0.01,0,0.08,0.25
6626,The Chronicles of Riddick: Assault on Dark Athena,PS3,Shooter,Vivendi Games,0.12,0.1,0,0.04,0.25
6639,Scrabble,DS,Misc,Ubisoft,0.21,0.02,0,0.03,0.25
6654,Up,PS3,Action,THQ,0.15,0.07,0,0.03,0.25
6670,SpongeBob's Truth or Square (US sales),X360,Action,THQ,0.25,0,0,0,0.25
6711,Marvel: Ultimate Alliance 2,PSP,Role-Playing,Activision,0.17,0.04,0,0.04,0.25
6713,Disgaea 2: Dark Hero Days,PSP,Role-Playing,Nippon Ichi Software,0.1,0.01,0.12,0.02,0.25
6722,X-Men Origins: Wolverine,Wii,Action,Activision,0.19,0.04,0,0.02,0.25
6729,Imagine: Zookeeper,DS,Simulation,Ubisoft,0.16,0.06,0,0.02,0.25
6736,Littlest Pet Shop: Country Friends,DS,Simulation,Electronic Arts,0.23,0,0,0.02,0.25
6743,Dreamworks Madagascar Kartz,X360,Racing,Activision,0.14,0.09,0,0.02,0.25
6748,Monster Hunter G,Wii,Role-Playing,Capcom,0,0,0.25,0,0.25
6749,Fuel,PS3,Racing,Codemasters,0.08,0.12,0,0.05,0.25
6758,Disney's A Christmas Carol,DS,Adventure,Disney Interactive Studios,0.22,0.01,0,0.02,0.25
6787,Broken Sword: Shadow of the Templars - The Director's Cut,Wii,Adventure,Ubisoft,0.12,0.1,0,0.02,0.24
6797,Disney Stitch Jam,DS,Misc,Disney Interactive Studios,0.08,0,0.16,0,0.24
6798,Bakugan: Battle Brawlers,X360,Action,Activision,0.2,0.02,0,0.02,0.24
6803,Cabela's Outdoor Adventures (2009),X360,Sports,Activision Value,0.23,0,0,0.02,0.24
6811,Imagine: Teacher Class Trip,DS,Adventure,Ubisoft,0.1,0.12,0,0.02,0.24
6859,The Price is Right 2010 Edition,Wii,Misc,Ubisoft,0.22,0,0,0.02,0.24
6863,NBA Live 10,PSP,Sports,Electronic Arts,0.21,0,0.01,0.02,0.24
6866,MX vs. ATV Reflex,PSP,Racing,THQ,0.18,0.03,0,0.03,0.24
6867,Bakugan: Battle Brawlers,PS3,Action,Activision,0.19,0.03,0,0.02,0.24
6877,Mobile Suit Gundam Battlefield Record U.C.0081,PS3,Action,Namco Bandai Games,0,0,0.24,0,0.24
6882,Ashes Cricket 2009,Wii,Sports,Codemasters,0,0.23,0,0.01,0.24
6886,Are You Smarter than a 5th Grader? Game Time,DS,Puzzle,THQ,0.22,0,0,0.02,0.24
6897,Divinity II: Ego Draconis,X360,Role-Playing,DTP Entertainment,0.18,0.04,0,0.02,0.24
6905,Lunar: Silver Star Harmony,PSP,Role-Playing,GungHo,0.19,0,0.03,0.02,0.24
6910,Scrabble (Others sales),DS,Puzzle,Ubisoft,0,0.24,0,0,0.24
6913,Dynasty Warriors 6 Empires,X360,Action,Tecmo Koei,0.16,0.02,0.04,0.02,0.24
6917,Tiger Woods PGA Tour 10,PSP,Sports,Electronic Arts,0.12,0.07,0,0.05,0.24
6926,Fallout 3 Game Add-On Pack: Broken Steel and Point Lookout,X360,Role-Playing,Bethesda Softworks,0.16,0.06,0,0.02,0.24
6932,Nintendo Presents: Crossword Collection,DS,Puzzle,Nintendo,0,0.21,0,0.02,0.24
6934,G.I. Joe: The Rise of Cobra,X360,Action,Electronic Arts,0.17,0.05,0,0.02,0.24
6944,Afro Samurai,X360,Action,Atari,0.16,0.05,0,0.02,0.24
6967,Big Family Games,Wii,Misc,THQ,0,0.22,0,0.02,0.23
6993,SingStar Pop Edition,PS3,Misc,Sony Computer Entertainment,0,0.19,0,0.05,0.23
7002,Rock Band Track Pack: Classic Rock,Wii,Misc,MTV Games,0.22,0,0,0.02,0.23
7013,Rock Band Country Track Pack,X360,Misc,MTV Games,0.22,0,0,0.02,0.23
7017,Imagine: Detective,DS,Simulation,Ubisoft,0.16,0.01,0,0.06,0.23
7019,Hannah Montana: The Movie,PS3,Adventure,Disney Interactive Studios,0.14,0.06,0,0.03,0.23
7041,Dynasty Warriors: Strikeforce,X360,Action,Tecmo Koei,0.13,0.06,0.02,0.02,0.23
7055,Deadly Creatures,Wii,Action,THQ,0.08,0.12,0,0.03,0.23
7057,Cabela's Outdoor Adventures (2009),PS3,Sports,Activision Value,0.21,0,0,0.02,0.23
7069,Musou Orochi Z,PS3,Action,Tecmo Koei,0,0,0.23,0,0.23
7076,The Idolm@ster SP: Wandering Star / Perfect Sun / Missing Moon,PSP,Adventure,Namco Bandai Games,0,0,0.23,0,0.23
7080,Tales of VS.,PSP,Fighting,Namco Bandai Games,0,0,0.23,0,0.23
7085,Barbie and the Three Musketeers,Wii,Adventure,Activision,0.21,0,0,0.02,0.23
7102,MySims Party,Wii,Simulation,Electronic Arts,0.18,0.03,0,0.02,0.23
7115,101-in-1 Party Megamix Wii,Wii,Misc,Nordcurrent,0.19,0.01,0,0.02,0.23
7153,Ys Seven,PSP,Role-Playing,Falcom Corporation,0.14,0,0.08,0.01,0.22
7156,G-Force,PS3,Action,Disney Interactive Studios,0.13,0.06,0,0.03,0.22
7168,Cloudy With a Chance of Meatballs,DS,Platform,Ubisoft,0.2,0.01,0,0.02,0.22
7181,A Boy and His Blob,Wii,Platform,Majesco Entertainment,0.19,0.02,0,0.02,0.22
7217,Imagine: Boutique Owner,DS,Simulation,Ubisoft,0.2,0,0,0.02,0.22
7220,Cursed Mountain,Wii,Adventure,Deep Silver,0.09,0.1,0,0.02,0.22
7230,Tales of Graces,Wii,Role-Playing,Namco Bandai Games,0,0,0.22,0,0.22
7233,Where's Waldo? The Fantastic Journey,DS,Adventure,Ubisoft,0.2,0,0,0.02,0.22
7234,ATV Quad Kings,Wii,Racing,Zoo Digital Publishing,0.21,0,0,0.01,0.22
7240,Tropico 3,X360,Strategy,Kalypso Media,0.15,0.02,0.03,0.02,0.22
7242,Ben 10 Alien Force: Vilgax Attacks,X360,Action,D3Publisher,0.11,0.09,0,0.02,0.22
7244,G.I. Joe: The Rise of Cobra,Wii,Action,Electronic Arts,0.17,0.03,0,0.02,0.22
7254,Infinite Space,DS,Role-Playing,Sega,0.07,0.06,0.07,0.01,0.22
7261,Pinball Hall of Fame: The Williams Collection,PS3,Misc,Crave Entertainment,0.2,0,0,0.02,0.22
7262,Guitar Hero: Smash Hits,PS2,Misc,Activision,0.11,0.01,0,0.1,0.22
7269,Hasbro Family Game Night,DS,Puzzle,Electronic Arts,0.01,0.19,0,0.02,0.22
7276,Shin Megami Tensei: Persona,PSP,Role-Playing,Atlus,0.08,0,0.13,0.01,0.22
7327,Teenage Mutant Ninja Turtles: Smash-Up,PS2,Fighting,Ubisoft,0.11,0.08,0,0.03,0.21
7359,The BIGS 2,X360,Sports,Take-Two Interactive,0.19,0.01,0,0.02,0.21
7361,Hannah Montana: The Movie,X360,Adventure,Disney Interactive Studios,0.14,0.06,0,0.02,0.21
7362,50 Cent: Blood on the Sand,X360,Shooter,THQ,0.12,0.07,0,0.02,0.21
7378,G.I. Joe: The Rise of Cobra,PS3,Action,Electronic Arts,0.11,0.07,0,0.03,0.21
7388,Hidden Mysteries: Titanic - Secrets of the Fateful Voyage,Wii,Adventure,GSP,0.12,0.07,0,0.02,0.21
7390,Marvel Super Hero Squad,PSP,Fighting,THQ,0.17,0.02,0,0.02,0.21
7394,Yoga Wii,Wii,Sports,JoWood Productions,0.15,0.05,0,0.02,0.21
7398,Bass Pro Shops: The Strike,X360,Sports,XS Games,0.2,0,0,0.02,0.21
7403,Wedding Dash,DS,Action,Zoo Games,0.2,0,0,0.01,0.21
7431,Way of the Samurai 3,X360,Action,Gamebridge,0.12,0.05,0.02,0.02,0.21
7447,StokEd,X360,Sports,Zushi Games,0.18,0.01,0,0.01,0.21
7452,Super Robot Taisen K,DS,Strategy,Namco Bandai Games,0,0,0.21,0,0.21
7478,NCAA Football 10,PSP,Sports,Electronic Arts,0.19,0,0,0.02,0.21
7480,Dawn of Discovery,Wii,Simulation,Ubisoft,0.13,0.06,0,0.02,0.21
7485,CSI: Deadly Intent,X360,Adventure,Ubisoft,0.1,0.08,0,0.02,0.21
7501,Discovery Kids: Pony Paradise,DS,Simulation,505 Games,0.19,0,0,0.01,0.2
7510,Chronicles of Mystery: Curse of the Ancient Temple,DS,Adventure,City Interactive,0.07,0.11,0,0.02,0.2
7517,Planet 51,Wii,Action,Sega,0.17,0.02,0,0.02,0.2
7518,Sloane to MacHale no Nazo no Monogatari,DS,Puzzle,Level 5,0,0,0.2,0,0.2
7520,My Fitness Coach 2: Exercise and Nutrition,Wii,Sports,Black Bean Games,0.14,0.04,0,0.02,0.2
7541,The Ultimate Red Ball Challenge,Wii,Misc,Mindscape,0,0.19,0,0.01,0.2
7551,Ashes Cricket 2009,X360,Sports,Codemasters,0,0.19,0,0.01,0.2
7557,Dragon Ball: Revenge of King Piccolo,Wii,Action,Namco Bandai Games,0.13,0.03,0.03,0.02,0.2
7558,Spectrobes: Origins,Wii,Role-Playing,Disney Interactive Studios,0.16,0.02,0,0.02,0.2
7561,Marvel: Ultimate Alliance 2,DS,Role-Playing,Activision,0.16,0.03,0,0.02,0.2
7569,Neighborhood Games,Wii,Misc,THQ,0.17,0.02,0,0.01,0.2
7586,Imagine: Babyz Fashion,DS,Simulation,Ubisoft,0.19,0,0,0.01,0.2
7594,"Ni Hao, Kai-lan: New Year's Celebration",DS,Misc,Take-Two Interactive,0.19,0,0,0.01,0.2
7595,Press Your Luck 2010 Edition,DS,Misc,Ubisoft,0.19,0,0,0.01,0.2
7596,Treasure World,DS,Simulation,Aspyr,0.19,0,0,0.01,0.2
7601,Afro Samurai,PS3,Action,Atari,0.12,0.05,0,0.03,0.2
7602,Rock Band Track Pack: Classic Rock,PS2,Misc,MTV Games,0.1,0.08,0,0.03,0.2
7644,The BIGS 2,PS2,Sports,Take-Two Interactive,0.1,0.08,0,0.03,0.2
7652,We Wish You A Merry Christmas,Wii,Action,Destineer,0.14,0.04,0,0.02,0.2
7672,Spore Hero Arena,DS,Simulation,Electronic Arts,0.18,0,0,0.01,0.2
7693,Go Play: Lumberjacks,Wii,Simulation,Majesco Entertainment,0.18,0,0,0.01,0.2
7713,X-Men Origins: Wolverine,DS,Action,Activision,0.15,0.03,0,0.02,0.2
7725,Beyblade: Metal Fusion - Battle Fortress,Wii,Action,Konami Digital Entertainment,0.15,0,0.03,0.01,0.2
7728,Shutter Island,PC,Adventure,Merscom LLC,0,0.17,0,0.03,0.2
7752,Ice Age: Dawn of the Dinosaurs,PS3,Action,Activision,0.13,0.04,0,0.02,0.19
7754,Arc Rise Fantasia,Wii,Role-Playing,Marvelous Interactive,0.13,0,0.06,0.01,0.19
7755,"Ni Hao, Kai-lan: Super Game Day",Wii,Misc,Take-Two Interactive,0.18,0,0,0.01,0.19
7758,Petz Pony: Beauty Pageant,DS,Simulation,Ubisoft,0.18,0,0,0.01,0.19
7768,Power Pro Kun Pocket 12,DS,Sports,Konami Digital Entertainment,0,0,0.19,0,0.19
7778,Dream Salon,DS,Misc,Zoo Digital Publishing,0.18,0,0,0.01,0.19
7782,Space Invaders Extreme 2,DS,Shooter,Square Enix,0.17,0.01,0,0.01,0.19
7783,X-Men Origins: Wolverine,PSP,Action,Activision,0.13,0.03,0,0.03,0.19
7787,Risen,X360,Role-Playing,Deep Silver,0.07,0.11,0,0.01,0.19
7795,Rock Band Country Track Pack,PS3,Misc,MTV Games,0.18,0,0,0.01,0.19
7802,50 Cent: Blood on the Sand,PS3,Shooter,THQ,0.1,0.06,0.01,0.03,0.19
7809,Might & Magic: Clash of Heroes,DS,Role-Playing,Ubisoft,0.16,0.02,0,0.01,0.19
7815,Chaotic: Shadow Warriors,Wii,Action,Activision,0.18,0,0,0.01,0.19
7833,IL-2 Sturmovik: Birds of Prey,PSP,Simulation,505 Games,0.08,0.07,0,0.04,0.19
7846,Cars: Race-O-Rama,PS3,Racing,THQ,0.14,0.03,0,0.02,0.19
7854,Monster 4x4: Stunt Racer,Wii,Racing,Ubisoft,0.18,0,0,0.01,0.19
7859,"Boku no Natsuyasumi 4: Seitouchi Shounen Tanteidan, Boku to Himitsu no Chizu",PSP,Adventure,Sony Computer Entertainment,0,0,0.19,0,0.19
7869,Squeeballs Party,Wii,Puzzle,Performance Designed Products,0.18,0,0,0.01,0.19
7871,Where's Waldo? The Fantastic Journey,Wii,Adventure,Ubisoft,0.18,0,0,0.01,0.19
7903,Active Health with Carol Vorderman,DS,Sports,Nintendo,0,0.18,0,0.01,0.19
7920,Monsters vs. Aliens,PS2,Action,Activision,0.11,0,0,0.08,0.19
7936,The Munchables,Wii,Action,Namco Bandai Games,0.17,0,0,0.01,0.19
7957,Penguin no Mondai X: Tenkuu no 7 Senshi,DS,Action,Konami Digital Entertainment,0,0,0.19,0,0.19
7967,MotoGP,Wii,Racing,Capcom,0.05,0.11,0,0.02,0.19
7974,Jurassic: The Hunted,PS3,Shooter,Activision,0.17,0,0,0.02,0.19
7981,Hot Wheels: Battle Force 5,Wii,Racing,Activision,0.17,0,0,0.01,0.19
8003,Dance Dance Revolution: Disney Grooves,Wii,Simulation,Konami Digital Entertainment,0.17,0,0,0.01,0.18
8015,Half-Minute Hero,PSP,Role-Playing,Rising Star Games,0.08,0.02,0.07,0.02,0.18
8018,Ringling Bros. and Barnum & Bailey Circus,Wii,Action,Take-Two Interactive,0.17,0,0,0.01,0.18
8026,Naruto Shippuden: Dragon Blade Chronicles,Wii,Action,505 Games,0.11,0.02,0.05,0.01,0.18
8035,Borderlands,PC,Shooter,Take-Two Interactive,0.01,0.14,0,0.04,0.18
8037,Chaotic: Shadow Warriors,DS,Action,Activision,0.17,0,0,0.01,0.18
8038,Ghostbusters: The Video Game,PSP,Action,Atari,0.16,0.01,0,0.02,0.18
8042,Company of Heroes: Anthology,PC,Strategy,THQ,0,0.15,0,0.04,0.18
8062,X-Men Origins: Wolverine,PS2,Action,Activision,0.13,0,0,0.05,0.18
8073,Trinity Universe,PS3,Role-Playing,Nippon Ichi Software,0.07,0.06,0.03,0.02,0.18
8124,SingStar Motown,PS3,Misc,Sony Computer Entertainment,0,0.16,0,0.02,0.18
8146,Race Pro,X360,Racing,Atari,0.06,0.09,0,0.02,0.18
8155,Velvet Assassin,X360,Shooter,DTP Entertainment,0.14,0.02,0.01,0.01,0.18
8163,Tomb Raider: Underworld,PS2,Action,Eidos Interactive,0.09,0.04,0,0.05,0.18
8168,Kidou Senshi Gundam: Senjou no Kizuna Portable,PSP,Strategy,Namco Bandai Games,0,0,0.18,0,0.18
8211,Ashes Cricket 2009,PS3,Sports,Codemasters,0,0.16,0,0.02,0.17
8213,Petz: Horseshoe Ranch,DS,Adventure,Ubisoft,0.16,0,0,0.01,0.17
8215,Stormrise,PS3,Strategy,Sega,0.13,0.02,0,0.02,0.17
8220,Broken Sword: Shadows of the Templars - The Director's Cut,DS,Adventure,Ubisoft,0.07,0.09,0,0.02,0.17
8228,Fairytale Fights,PS3,Action,Playlogic Game Factory,0.11,0.04,0,0.02,0.17
8243,Major League Baseball 2K9,PS3,Sports,Spike,0.16,0,0,0.01,0.17
8244,SaGa 2: Hihou Densetsu - Goddess of Destiny,DS,Role-Playing,Square Enix,0,0,0.17,0,0.17
8259,Squeeballs Party,DS,Puzzle,Performance Designed Products,0.16,0,0,0.01,0.17
8270,Ice Age: Dawn of the Dinosaurs,PS2,Action,Activision,0.08,0.07,0,0.02,0.17
8274,Watchmen: The End is Nigh - The Complete Experience,PS3,Action,Warner Bros. Interactive Entertainment,0.08,0.07,0,0.02,0.17
8292,Ringling Bros. and Barnum & Bailey: Circus Friends,DS,Action,Take-Two Interactive,0.16,0,0,0.01,0.17
8296,Age of Empires III: Complete Collection,PC,Strategy,Microsoft Game Studios,0.01,0.12,0,0.03,0.17
8298,Backyard Baseball '10,PS2,Sports,Atari,0.08,0.07,0,0.02,0.17
8311,Macross Ultimate Frontier,PSP,Action,Namco Bandai Games,0,0,0.17,0,0.17
8323,Backyard NFL Football '10,Wii,Sports,Atari,0.16,0,0,0.01,0.17
8326,Buzz! Brain of the UK,PS3,Misc,Sony Computer Entertainment,0,0.15,0,0.02,0.17
8335,Fairytale Fights,X360,Action,Playlogic Game Factory,0.14,0.02,0,0.01,0.17
8347,Major League Baseball 2K9,PS2,Sports,Spike,0.08,0.06,0,0.02,0.17
8364,Marble Saga: Kororinpa,Wii,Puzzle,Konami Digital Entertainment,0.1,0.06,0,0.02,0.17
8367,Monsters vs. Aliens,X360,Action,Activision,0.12,0.03,0,0.01,0.17
8382,G-Force,X360,Action,Disney Interactive Studios,0.11,0.05,0,0.01,0.17
8404,I'm A Celebrity: Get Me Out of Here!,Wii,Misc,Mindscape,0,0.16,0,0.01,0.17
8420,Blood Bowl,X360,Sports,Focus Home Interactive,0.13,0.03,0,0.01,0.17
8427,Easy Piano,DS,Misc,Game Life,0.04,0.11,0,0.02,0.17
8476,Chaotic: Shadow Warriors,PS3,Action,Activision,0.15,0,0,0.01,0.16
8477,Leisure Suit Larry: Box Office Bust,X360,Adventure,Codemasters,0.14,0.01,0,0.01,0.16
8492,Pen 1 Grand Prix: Penguin no Mondai Special,DS,Fighting,Konami Digital Entertainment,0,0,0.16,0,0.16
8504,Medieval Games,Wii,Action,Vir2L Studios,0.14,0.01,0,0.01,0.16
8517,Hannah Montana: Rock Out the Show,PSP,Misc,Disney Interactive Studios,0.13,0.01,0,0.02,0.16
8526,Heroes over Europe,PS3,Simulation,Ubisoft,0.12,0.02,0,0.02,0.16
8535,Ready 2 Rumble Revolution,Wii,Sports,Atari,0.15,0,0,0.01,0.16
8542,Puzzle Quest: Galactrix,DS,Puzzle,D3Publisher,0.15,0,0,0.01,0.16
8571,Little League World Series Baseball 2009,Wii,Sports,Activision,0.15,0,0,0.01,0.16
8572,The King of Fighters XII,PS3,Fighting,Ignition Entertainment,0.11,0.01,0.03,0.01,0.16
8576,Our House,DS,Strategy,Majesco Entertainment,0.15,0,0,0.01,0.16
8596,Take A Break's: Puzzle Master,DS,Puzzle,Ubisoft,0,0.15,0,0.01,0.16
8603,Sherlock Holmes vs. Jack the Ripper,X360,Adventure,Focus Home Interactive,0.11,0.04,0,0.01,0.16
8615,SpongeBob's Truth or Square,DS,Action,THQ,0.08,0.07,0,0.01,0.16
8624,Family Party: 30 Great Games Outdoor Fun,Wii,Misc,D3Publisher,0.14,0.01,0,0.01,0.16
8647,Just Sing!,DS,Misc,DTP Entertainment,0.14,0.01,0,0.01,0.16
8652,J-League Pro Soccer Club o Tsukurou! 6: Pride of J,PSP,Sports,Sega,0,0,0.16,0,0.16
8661,"BCFX: The Black College Football Xperience, The Doug Williams Edition",X360,Sports,Aspyr,0.15,0,0,0.01,0.16
8676,Arcade Zone,Wii,Misc,Activision,0.14,0,0,0.01,0.16
8703,Space Camp,DS,Action,Activision,0.14,0,0,0.01,0.16
8704,Imagine: Music Fest,DS,Simulation,Ubisoft,0.15,0,0,0.01,0.16
8730,Hot Wheels: Battle Force 5,DS,Racing,Activision,0.13,0.02,0,0.01,0.15
8736,Chaotic: Shadow Warriors,X360,Action,Activision,0.14,0,0,0.01,0.15
8744,Stormrise,X360,Strategy,Sega,0.11,0.03,0,0.01,0.15
8745,NHL 2K10,PS3,Sports,Take-Two Interactive,0.13,0.01,0,0.01,0.15
8754,Jewel Quest Solitaire,DS,Puzzle,GSP,0,0.14,0,0.02,0.15
8757,Cars: Race-O-Rama,X360,Racing,THQ,0.14,0.01,0,0.01,0.15
8768,Farm Frenzy: Animal Country,DS,Simulation,City Interactive,0.13,0.01,0,0.01,0.15
8773,Naruto Shippuden: Legends: Akatsuki Rising,PSP,Fighting,Namco Bandai Games,0.14,0,0,0.01,0.15
8782,Jurassic: The Hunted,Wii,Shooter,Activision,0.14,0,0,0.01,0.15
8787,Jikkyou Powerful Pro Yakyuu 2009,PS2,Sports,Konami Digital Entertainment,0,0,0.15,0,0.15
8789,Bigfoot: Collision Course,DS,Racing,Zoo Digital Publishing,0.14,0,0,0.01,0.15
8796,The Secret Saturdays: Beasts of the 5th Sun,PS2,Action,D3Publisher,0.05,0.02,0,0.08,0.15
8797,Countdown: The Game,DS,Puzzle,Mindscape,0,0.14,0,0.01,0.15
8869,Burger Island,Wii,Action,Destineer,0.14,0,0,0.01,0.15
8870,Petz: Dogz Talent Show,DS,Simulation,Ubisoft,0.14,0,0,0.01,0.15
8883,Pro Yaky? Spirits 6,PS3,Sports,Konami Digital Entertainment,0,0,0.15,0,0.15
8888,Rock Band: Metal Track Pack,X360,Misc,MTV Games,0.14,0,0,0.01,0.15
8903,Charm Girls Club: Pajama Party,Wii,Misc,Electronic Arts,0.14,0,0,0.01,0.15
8925,Baseball Blast!,Wii,Sports,Take-Two Interactive,0.14,0,0,0.01,0.15
8928,Harvest Moon: Hero of Leaf Valley,PSP,Simulation,Rising Star Games,0.07,0.02,0.05,0.02,0.15
8936,NHL 2K10,X360,Sports,Take-Two Interactive,0.11,0.02,0,0.01,0.15
8951,Tamagotchi no Narikiri Channel,DS,Role-Playing,Namco Bandai Games,0,0,0.15,0,0.15
8980,SafeCracker: The Ultimate Puzzle Adventure,DS,Puzzle,The Adventure Company,0.07,0.06,0,0.01,0.15
9007,Where the Wild Things Are,DS,Platform,Warner Bros. Interactive Entertainment,0.13,0,0,0.01,0.14
9013,Jurassic: The Hunted,PS2,Shooter,Activision,0.07,0.06,0,0.02,0.14
9022,Diner Dash: Flo on the Go,DS,Puzzle,Zoo Games,0.13,0,0,0.01,0.14
9024,Okaeri! Chibi-Robo! Happy Richie Oosouji,DS,Adventure,Nintendo,0,0,0.14,0,0.14
9028,G.I. Joe: The Rise of Cobra,PS2,Action,Electronic Arts,0.11,0,0,0.03,0.14
9036,G.I. Joe: The Rise of Cobra,PSP,Action,Electronic Arts,0.11,0.02,0,0.02,0.14
9038,Balloon Pop,DS,Puzzle,UFO Interactive,0.13,0,0,0.01,0.14
9048,ArmA II,PC,Shooter,505 Games,0,0.12,0,0.03,0.14
9075,Cake Mania 3,DS,Simulation,Majesco Entertainment,0.13,0,0,0.01,0.14
9092,Hexyz Force,PSP,Role-Playing,Atlus,0.07,0,0.06,0.01,0.14
9103,PANGYA: Fantasy Golf,PSP,Sports,Takara Tomy,0.09,0,0.04,0.01,0.14
9110,Risen,PC,Role-Playing,Deep Silver,0,0.11,0,0.03,0.14
9118,MX vs. ATV Reflex,DS,Racing,THQ,0.13,0,0,0.01,0.14
9123,Cabela's Outdoor Adventures (2009),PS2,Sports,Activision Value,0.07,0.05,0,0.02,0.14
9141,X-Blades,X360,Action,SouthPeak Games,0.1,0.02,0.02,0.01,0.14
9151,Scene It? Bright Lights! Big Screen!,Wii,Misc,Warner Bros. Interactive Entertainment,0.13,0,0,0.01,0.14
9167,Buck Fever,Wii,Sports,Destineer,0.13,0,0,0.01,0.14
9170,Heroes over Europe,X360,Simulation,Ubisoft,0.1,0.03,0,0.01,0.14
9184,Valhalla Knights: Eldar Saga,Wii,Role-Playing,Rising Star Games,0.1,0.01,0.01,0.01,0.14
9229,Science Papa,Wii,Misc,Activision,0.12,0.01,0,0.01,0.14
9239,X-Blades,PS3,Action,SouthPeak Games,0.07,0.03,0.02,0.02,0.14
9249,Littlest Pet Shop: Spring,DS,Simulation,Electronic Arts,0.12,0,0,0.01,0.14
9265,Rogue Warrior,PS3,Shooter,Bethesda Softworks,0.11,0.02,0,0.01,0.14
9272,G.I. Joe: The Rise of Cobra,DS,Action,Electronic Arts,0.11,0.01,0,0.01,0.14
9278,7th Dragon,DS,Role-Playing,Sega,0,0,0.14,0,0.14
9281,Cruise Ship Vacation Games,Wii,Puzzle,Avanquest,0.13,0,0,0.01,0.14
9284,Learn Math,DS,Puzzle,DreamCatcher Interactive,0.13,0,0,0.01,0.14
9292,Scene It? Bright Lights! Big Screen!,X360,Misc,Warner Bros. Interactive Entertainment,0.12,0,0,0.01,0.14
9324,Little League World Series Baseball 2009,DS,Sports,Activision,0.13,0,0,0.01,0.14
9331,Fashion Studio: Paris Collection,DS,Misc,Ubisoft,0.13,0,0,0.01,0.13
9347,Go Play: Circus Star,Wii,Action,Majesco Entertainment,0.12,0,0,0.01,0.13
9359,Pro Yaky? Spirits 6,PS2,Sports,Konami Digital Entertainment,0,0,0.13,0,0.13
9361,Puzzle Kingdoms,DS,Puzzle,Zoo Digital Publishing,0.12,0,0,0.01,0.13
9380,Space Camp,Wii,Action,Activision,0.12,0,0,0.01,0.13
9383,Phantom Brave: We Meet Again,Wii,Role-Playing,Nippon Ichi Software,0.12,0,0.01,0.01,0.13
9411,Scene It? Bright Lights! Big Screen!,PS3,Misc,Warner Bros. Interactive Entertainment,0.1,0.01,0,0.01,0.13
9412,My Baby: First Steps,Wii,Simulation,SouthPeak Games,0.12,0,0,0.01,0.13
9427,All Star Cheer Squad 2,Wii,Sports,THQ,0.12,0,0,0.01,0.13
9439,Eat Lead: The Return of Matt Hazard,PS3,Shooter,D3Publisher,0.09,0.02,0,0.01,0.13
9442,Family Fortunes,Wii,Misc,Mindscape,0,0.12,0,0.01,0.13
9446,The BIGS 2,PS3,Sports,Take-Two Interactive,0.12,0,0,0.01,0.13
9448,Amagami,PS2,Adventure,Enterbrain,0,0,0.13,0,0.13
9465,Academy of Champions: Soccer,Wii,Sports,Ubisoft,0.1,0.02,0,0.01,0.13
9489,Shimano Xtreme Fishing,Wii,Sports,Mastiff,0.12,0,0,0.01,0.13
9493,Barbie and the Three Musketeers,DS,Adventure,Activision,0.12,0,0,0.01,0.13
9527,The Price is Right 2010 Edition,DS,Misc,Ubisoft,0.12,0,0,0.01,0.13
9602,Ice Age: Dawn of the Dinosaurs,X360,Action,Activision,0.09,0.03,0,0.01,0.13
9604,SimAnimals Africa,Wii,Simulation,Electronic Arts,0.1,0.01,0,0.01,0.13
9622,Cloudy With a Chance of Meatballs,Wii,Platform,Ubisoft,0.11,0,0,0.01,0.13
9626,Teenage Mutant Ninja Turtles: Arcade Attack,DS,Action,Ubisoft,0.12,0,0,0.01,0.13
9638,The Stronghold Collection,PC,Strategy,Take-Two Interactive,0.03,0.08,0,0.02,0.13
9647,Eat Lead: The Return of Matt Hazard,X360,Shooter,D3Publisher,0.1,0.01,0,0.01,0.13
9652,Jurassic: The Hunted,X360,Shooter,Activision,0.12,0,0,0.01,0.13
9665,Calling,Wii,Adventure,Konami Digital Entertainment,0.07,0.04,0,0.01,0.12
9670,Where the Wild Things Are,Wii,Platform,Warner Bros. Interactive Entertainment,0.11,0,0,0.01,0.12
9699,Solitaire & Mahjong,Wii,Puzzle,Crave Entertainment,0.11,0,0,0.01,0.12
9710,Karaoke Revolution,X360,Misc,Konami Digital Entertainment,0.12,0,0,0.01,0.12
9712,Are You Smarter than a 5th Grader? Game Time,X360,Puzzle,THQ,0.12,0,0,0.01,0.12
9728,Undead Knights,PSP,Action,Ubisoft Annecy,0.05,0.01,0.06,0.01,0.12
9742,Escape The Museum,Wii,Adventure,Majesco Entertainment,0.11,0.01,0,0.01,0.12
9754,Puzzle Kingdoms,Wii,Puzzle,Zoo Digital Publishing,0.11,0,0,0.01,0.12
9764,Kaijuu Busters,DS,Action,Namco Bandai Games,0,0,0.12,0,0.12
9777,Mountain Sports,Wii,Sports,Activision,0.11,0,0,0.01,0.12
9778,Tenchu: Shadow Assassins,PSP,Action,Ubisoft,0.03,0.03,0.05,0.01,0.12
9785,Backyard Baseball '10,DS,Sports,Atari,0.11,0,0,0.01,0.12
9792,DiRT 2,DS,Racing,Codemasters,0.06,0.04,0,0.01,0.12
9795,Atelier Annie: Alchemists of Sera Island,DS,Role-Playing,Gust,0.08,0,0.03,0.01,0.12
9835,Mytran Wars,PSP,Strategy,Deep Silver,0.08,0.02,0,0.02,0.12
9840,Dodge Racing: Charger vs Challenger,Wii,Racing,Zushi Games,0.11,0,0,0.01,0.12
9866,Pinball Hall of Fame: The Williams Collection,X360,Misc,Crave Entertainment,0.11,0,0,0.01,0.12
9908,Peggle: Dual Shot,DS,Puzzle,PopCap Games,0.11,0,0,0.01,0.12
9928,Rock Band: Metal Track Pack,PS3,Misc,MTV Games,0.11,0,0,0.01,0.12
9929,Charm Girls Club: My Perfect Prom,DS,Simulation,Electronic Arts,0.11,0,0,0.01,0.12
9937,The Clique: Diss and Make Up,DS,Adventure,Warner Bros. Interactive Entertainment,0.11,0,0,0.01,0.12
9956,Planet 51,PS3,Action,Sega,0.07,0.03,0,0.02,0.12
9978,Dawn of Discovery,DS,Simulation,Ubisoft,0.07,0.03,0,0.01,0.12
9986,Dorabase 2: Nettou Ultra Stadium,DS,Sports,Namco Bandai Games,0,0,0.12,0,0.12
10002,A Witch's Tale,DS,Role-Playing,Nippon Ichi Software,0.08,0,0.03,0.01,0.11
10033,SingStar Latino,PS3,Misc,Sony Computer Entertainment,0.11,0,0,0.01,0.11
10034,Girl Time,DS,Simulation,THQ,0.11,0,0,0.01,0.11
10058,Desktop Tower Defense,DS,Strategy,THQ,0.11,0,0,0.01,0.11
10065,Family Fun Football,Wii,Sports,Tecmo Koei,0.1,0,0,0.01,0.11
10069,The Hardy Boys: Treasure on the Tracks,DS,Adventure,Sega,0.11,0,0,0.01,0.11
10080,The King of Fighters XII,X360,Fighting,Ignition Entertainment,0.09,0,0.01,0.01,0.11
10090,Queen's Blade: Spiral Chaos,PSP,Role-Playing,Namco Bandai Games,0,0,0.11,0,0.11
10093,Coraline,PS2,Action,D3Publisher,0.06,0.04,0,0.01,0.11
10103,Fabulous Finds,DS,Puzzle,ValuSoft,0.1,0,0,0.01,0.11
10104,Vacation Sports,Wii,Sports,Ubisoft,0.1,0.01,0,0.01,0.11
10116,WireWay,DS,Adventure,Konami Digital Entertainment,0.1,0,0,0.01,0.11
10118,Just In Time Translations,DS,Misc,THQ,0.1,0,0,0.01,0.11
10123,The Hardy Boys: The Hidden Theft,Wii,Adventure,The Adventure Company,0.07,0.03,0,0.01,0.11
10138,Where the Wild Things Are,X360,Platform,Warner Bros. Interactive Entertainment,0.1,0,0,0.01,0.11
10155,Spyborgs,Wii,Action,Capcom,0.1,0.01,0,0.01,0.11
10176,Machinarium,PC,Adventure,Daedalic,0,0.09,0,0.02,0.11
10188,Astro Boy: The Video Game,PS2,Action,D3Publisher,0.05,0.04,0,0.01,0.11
10209,Paws & Claws Pet Vet: Australian Adventures,DS,Simulation,THQ,0.1,0,0,0.01,0.11
10227,Rock Band: Metal Track Pack,Wii,Misc,MTV Games,0.1,0,0,0.01,0.11
10230,Night at the Museum: Battle of the Smithsonian,X360,Action,Majesco Entertainment,0.07,0.03,0,0.01,0.11
10247,Planet 51,X360,Action,Sega,0.07,0.03,0,0.01,0.11
10251,Tornado Outbreak,Wii,Action,Konami Digital Entertainment,0.1,0,0,0.01,0.11
10254,Astro Boy: The Video Game,Wii,Action,D3Publisher,0.1,0,0,0.01,0.11
10264,SimAnimals Africa,DS,Simulation,Electronic Arts,0.08,0.02,0,0.01,0.11
10272,Backyard Baseball '10,Wii,Sports,Atari,0.1,0,0,0.01,0.11
10275,Animal Planet: Vet Life,DS,Simulation,Activision,0.1,0,0,0.01,0.11
10280,Where the Wild Things Are,PS3,Platform,Warner Bros. Interactive Entertainment,0.09,0.01,0,0.01,0.11
10286,JU-ON: The Grudge,Wii,Action,Rising Star Games,0.08,0.01,0.01,0.01,0.11
10288,Deca Sports DS,DS,Sports,Hudson Soft,0.08,0.02,0,0.01,0.11
10293,Backyard NFL Football '10,X360,Sports,Atari,0.1,0,0,0.01,0.11
10296,Rock Band: Metal Track Pack,PS2,Misc,MTV Games,0.05,0.04,0,0.01,0.11
10298,The Lord of the Rings: Conquest,DS,Action,Electronic Arts,0.09,0.01,0,0.01,0.11
10304,Rogue Warrior,X360,Shooter,Bethesda Softworks,0.09,0.01,0,0.01,0.11
10305,Irozuki Tingle no Koi no Balloon Trip,DS,Adventure,Nintendo,0,0,0.11,0,0.11
10319,Yamaha Supercross,DS,Racing,Zoo Digital Publishing,0.1,0,0,0.01,0.11
10329,Hysteria Hospital: Emergency Ward,DS,Action,Oxygen Interactive,0.1,0,0,0.01,0.11
10341,Paws & Claws: Pet Resort,Wii,Simulation,THQ,0.1,0,0,0.01,0.11
10344,Science Papa,DS,Misc,Activision,0.09,0.01,0,0.01,0.11
10345,Tournament Pool,Wii,Sports,Destineer,0.1,0,0,0.01,0.11
10360,The Book of Unwritten Tales,PC,Adventure,HMH Interactive,0,0.08,0,0.02,0.11
10367,Rock Band Track Pack: Classic Rock,PS3,Misc,MTV Games,0.1,0,0,0.01,0.11
10369,Big League Sports: Summer,DS,Sports,Activision,0.1,0,0,0.01,0.11
10373,Pro Yakyuu Team o Tsukurou! 2,DS,Sports,Sega,0,0,0.11,0,0.11
10382,Kamen Rider: Climax Heroes,PS2,Fighting,Namco Bandai Games,0,0,0.11,0,0.11
10389,Karaoke Revolution,PS3,Misc,Konami Digital Entertainment,0.07,0.03,0,0.01,0.11
10398,Dreamer Series: Top Model,DS,Simulation,DreamCatcher Interactive,0.1,0,0,0.01,0.11
10405,Petz Fashion: Dogz & Catz,DS,Simulation,Ubisoft,0.1,0,0,0.01,0.11
10429,Cloudy With a Chance of Meatballs,PS3,Platform,Ubisoft,0.09,0.01,0,0.01,0.1
10439,Imagine: Soccer Captain,DS,Sports,Ubisoft,0.1,0,0,0.01,0.1
10446,Agatha Christie: The ABC Murders,DS,Adventure,JoWood Productions,0.08,0.01,0,0.01,0.1
10452,Pro Yakyuu Famista DS 2009,DS,Sports,Namco Bandai Games,0,0,0.1,0,0.1
10460,Ski-Doo Snowmobile Challenge,PS3,Racing,PQube,0.1,0,0,0.01,0.1
10464,The Whispered World,PC,Adventure,Deep Silver,0,0.08,0,0.02,0.1
10466,Learn Chess,DS,Misc,DreamCatcher Interactive,0.1,0,0,0.01,0.1
10469,Leisure Suit Larry: Box Office Bust,PS3,Adventure,Codemasters,0.06,0.03,0,0.01,0.1
10474,Miami Law,DS,Adventure,Konami Digital Entertainment,0.1,0,0,0.01,0.1
10477,Yu-Gi-Oh! 5D's Wheelie Breakers,Wii,Racing,Konami Digital Entertainment,0.09,0.01,0,0.01,0.1
10505,Alvin and the Chipmunks: The Squeakquel,Wii,Misc,Majesco Entertainment,0.09,0,0,0.01,0.1
10508,Astro Boy: The Video Game,DS,Action,D3Publisher,0.09,0,0,0.01,0.1
10536,DJ Max Fever,PSP,Misc,PM Studios,0.09,0,0,0.01,0.1
10537,Math Blaster in the Prime Adventure,DS,Misc,Majesco Entertainment,0.09,0,0,0.01,0.1
10542,The Destiny of Zorro,Wii,Action,505 Games,0.1,0,0,0.01,0.1
10550,Creeper World 3: Arc Eternal,Wii,Strategy,Namco Bandai Games,0,0,0.1,0,0.1
10554,Water Sports,Wii,Action,Avanquest,0.05,0.04,0,0.01,0.1
10565,Hakuouki Portable,PSP,Adventure,Idea Factory,0,0,0.1,0,0.1
10567,Fallout 3 Game Add-On Pack: The Pitt and Operation: Anchorage,X360,Role-Playing,Bethesda Softworks,0.09,0.01,0,0.01,0.1
10569,KORG DS-10 Synthesizer Plus,DS,Misc,AQ Interactive,0.08,0,0.02,0.01,0.1
10584,Guitar Hero: Van Halen,PS2,Misc,Activision,0.05,0.04,0,0.01,0.1
10596,Blue Dragon: Awakened Shadow,DS,Role-Playing,Namco Bandai Games,0.06,0,0.03,0,0.1
10602,Rolling Stone: Drum King,Wii,Misc,505 Games,0.09,0,0,0.01,0.1
10615,USA Today Puzzle Craze,DS,Puzzle,Destineer,0.09,0,0,0.01,0.1
10646,Fifi and the Flowertots,DS,Misc,Avanquest,0,0.09,0,0.01,0.1
10690,Petz Hamsterz Superstarz,DS,Simulation,Ubisoft,0.09,0,0,0.01,0.1
10707,Nihon Keizai Shinbunsha Kanshuu: Shiranai Mamade wa Son o Suru Mono ya Okane no Shikumi DS,DS,Misc,Nintendo,0,0,0.1,0,0.1
10714,System Flaw,DS,Shooter,Enjoy Gaming ltd.,0.09,0,0,0.01,0.1
10718,The BIGS 2,PSP,Sports,Take-Two Interactive,0.09,0,0,0.01,0.1
10721,Burnout Paradise: The Ultimate Box,PC,Racing,Electronic Arts,0,0.08,0,0.01,0.1
10723,The Secret Saturdays: Beasts of the 5th Sun,Wii,Action,D3Publisher,0.09,0,0,0.01,0.1
10729,Animal Planet: Vet Life,Wii,Simulation,Activision,0.09,0,0,0.01,0.1
10732,Harvest Moon: Frantic Farming,DS,Puzzle,Rising Star Games,0.08,0.01,0,0.01,0.1
10752,Disney Sing It! High School Musical 3: Senior Year,X360,Misc,Disney Interactive Studios,0.09,0,0,0.01,0.1
10762,Dragon Ball: Evolution,PSP,Fighting,Namco Bandai Games,0.09,0,0,0.01,0.1
10765,Watchmen: The End is Nigh Part 1 & 2,X360,Action,Warner Bros. Interactive Entertainment,0.09,0,0,0.01,0.1
10783,Paws & Claws: Pet Vet,Wii,Simulation,THQ,0.09,0,0,0.01,0.1
10789,Pony Friends 2,Wii,Simulation,Eidos Interactive,0.04,0.05,0,0.01,0.1
10796,Johnny Bravo in The Hukka-Mega-Mighty-Ultra-Extreme Date-O-Rama,DS,Action,Blast! Entertainment Ltd,0.09,0,0,0.01,0.1
10809,Gokuhou!! Mecha Mote Iinchou: MM Town de Miracle Change!,DS,Simulation,Konami Digital Entertainment,0,0,0.1,0,0.1
10833,Darkest of Days,X360,Shooter,Phantom EFX,0.09,0,0,0.01,0.09
10837,Big League Sports: Summer,Wii,Sports,Activision,0.09,0,0,0.01,0.09
10844,Raven Squad: Operation Hidden Dagger,X360,Shooter,Evolved Games,0.08,0.01,0,0.01,0.09
10850,Metal Fight Beyblade,DS,Action,Hudson Soft,0,0,0.09,0,0.09
10859,Fresh PreCure! Asobi Collection,DS,Action,Namco Bandai Games,0,0,0.09,0,0.09
10886,Fishing Master World Tour,Wii,Sports,Hudson Entertainment,0.09,0,0,0.01,0.09
10902,Dora the Explorer: Dora Saves the Crystal Kingdom,PS2,Misc,Take-Two Interactive,0.05,0.04,0,0.01,0.09
10905,Alien Monster Bowling League,Wii,Sports,Destineer,0.09,0,0,0.01,0.09
10918,Playmobil Pirates,DS,Action,Mindscape,0.08,0,0,0.01,0.09
10926,Henry Hatsworth in the Puzzling Adventure,DS,Puzzle,Electronic Arts,0.08,0.01,0,0.01,0.09
10933,Playmobil Circus,Wii,Action,Mindscape,0.06,0.02,0,0.01,0.09
10936,Hakuoki: Demon of the Fleeting Blossom,PSP,Adventure,Idea Factory,0.08,0,0,0.01,0.09
10958,Destroy All Humans! Path of the Furon,PS3,Action,THQ,0,0.08,0,0.01,0.09
10960,Wonder World Amusement Park,DS,Misc,Majesco Entertainment,0.08,0,0,0.01,0.09
10969,SingStar: Made In Germany,PS3,Misc,Sony Computer Entertainment,0,0.07,0,0.02,0.09
10975,The Secret Saturdays: Beasts of the 5th Sun,PSP,Action,D3Publisher,0.08,0,0,0.01,0.09
10977,Fighting Fantasy: The Warlock of Firetop Mountain,DS,Role-Playing,Aspyr,0.09,0,0,0.01,0.09
10996,Beaterator,PSP,Misc,Take-Two Interactive,0.06,0.02,0,0.02,0.09
11003,Blood of Bahamut,DS,Role-Playing,Square Enix,0,0,0.09,0,0.09
11004,Damnation,PS3,Shooter,Codemasters,0.07,0.01,0,0.01,0.09
11020,Obscure: The Aftermath,PSP,Action,Playlogic Game Factory,0.05,0.03,0,0.02,0.09
11021,Family GameShow,Wii,Misc,Zushi Games,0.08,0,0,0.01,0.09
11054,Ski-Doo Snowmobile Challenge,Wii,Racing,Valcon Games,0.08,0,0,0.01,0.09
11059,Go Play: City Sports,Wii,Sports,Majesco Entertainment,0.08,0,0,0.01,0.09
11064,Mimana Iyar Chronicle,PSP,Role-Playing,GungHo,0.07,0,0.01,0.01,0.09
11069,Jambo! Safari Animal Rescue,Wii,Simulation,Sega,0.07,0.01,0,0.01,0.09
11072,Bleach: Heat the Soul 6,PSP,Fighting,Sony Computer Entertainment,0,0,0.09,0,0.09
11073,Roary the Racing Car,DS,Misc,Avanquest,0,0.08,0,0.01,0.09
11076,Scrabble,PSP,Misc,Electronic Arts,0.08,0,0,0.01,0.09
11080,Tornado Outbreak,PS3,Action,Konami Digital Entertainment,0.08,0,0,0.01,0.09
11095,Burnout Paradise: The Ultimate Box,PS3,Racing,Electronic Arts,0,0.06,0.01,0.02,0.09
11105,Mad Dog McCree: Gunslinger Pack,Wii,Shooter,Majesco Entertainment,0.08,0,0,0.01,0.09
11115,Crysis: Maximum Edition,PC,Shooter,Electronic Arts,0,0.07,0,0.02,0.09
11117,Wacky World of Sports,Wii,Sports,Sega,0.08,0,0,0.01,0.09
11128,Dreamer Series: Teacher,DS,Simulation,Deep Silver,0.08,0,0,0.01,0.09
11147,MLB 2K9 Fantasy All-Stars,DS,Sports,Take-Two Interactive,0.08,0,0,0.01,0.09
11171,ShellShock 2: Blood Trails,X360,Shooter,Eidos Interactive,0.05,0.03,0,0.01,0.09
11174,Team Elimination Games,Wii,Misc,Ubisoft,0.08,0,0,0.01,0.09
11191,Karaoke Joysound Wii DX,Wii,Misc,Hudson Soft,0,0,0.09,0,0.09
11192,Sloane to MacHale no Nazo no Monogatari 2,DS,Puzzle,Level 5,0,0,0.09,0,0.09
11223,Cloudy With a Chance of Meatballs,X360,Platform,Ubisoft,0.07,0.01,0,0.01,0.09
11228,Ys I & II Chronicles,PSP,Role-Playing,Falcom Corporation,0.05,0,0.03,0.01,0.09
11237,Petz: Saddle Club,PSP,Simulation,Ubisoft,0.08,0,0,0.01,0.09
11245,Build 'n Race,Wii,Racing,Zoo Games,0.08,0,0,0.01,0.09
11252,Shadow of Destiny,PSP,Adventure,Konami Digital Entertainment,0.07,0,0,0.01,0.09
11261,Aibou DS,DS,Adventure,Tecmo Koei,0,0,0.08,0,0.08
11264,Diva Girls: Divas on Ice,Wii,Sports,505 Games,0.07,0.01,0,0.01,0.08
11274,Don King Boxing,DS,Sports,Take-Two Interactive,0.06,0.01,0,0.01,0.08
11276,Animal Planet: Emergency Vets,DS,Simulation,Activision,0.08,0,0,0.01,0.08
11286,Major League Baseball 2K9,PSP,Sports,Spike,0.08,0,0,0.01,0.08
11301,The Secret Saturdays: Beasts of the 5th Sun,DS,Action,D3Publisher,0.08,0,0,0.01,0.08
11323,Konami Classics Vol. 1,X360,Misc,Konami Digital Entertainment,0.08,0,0,0.01,0.08
11361,Petz: Dogz Family,PSP,Simulation,Ubisoft,0.05,0.02,0,0.01,0.08
11367,ShellShock 2: Blood Trails,PS3,Shooter,Eidos Interactive,0.04,0.03,0,0.01,0.08
11377,Dream Day: Wedding Destinations,DS,Simulation,THQ,0.08,0,0,0.01,0.08
11382,Pimp My Ride: Street Racing,PS2,Racing,Activision,0.04,0.03,0,0.01,0.08
11388,Sushi Academy,DS,Action,DTP Entertainment,0.08,0,0,0.01,0.08
11389,J-League Winning Eleven 2009: Club Championship,PS2,Sports,Konami Digital Entertainment,0,0,0.08,0,0.08
11393,Meitantei Conan & Kindaichi Shounen no Jikenbou: Meguri au Futari no Meitantei,DS,Adventure,Namco Bandai Games,0,0,0.08,0,0.08
11397,Ken to Mahou to Gakuen Mono. 2,PSP,Role-Playing,Acquire,0,0,0.08,0,0.08
11405,My English Coach: Para Hispanoparlantes,DS,Misc,Ubisoft,0.08,0,0,0.01,0.08
11417,Cloudy With a Chance of Meatballs,PSP,Platform,Ubisoft,0.07,0,0,0.01,0.08
11424,C.O.P.: The Recruit,DS,Action,Ubisoft,0.05,0.02,0,0.01,0.08
11428,Tornado Outbreak,X360,Action,Konami Digital Entertainment,0.07,0,0,0.01,0.08
11436,Pop'n Music,Wii,Misc,Konami Digital Entertainment,0.07,0,0,0.01,0.08
11445,Samurai Shodown Sen,X360,Fighting,Rising Star Games,0.07,0.01,0,0.01,0.08
11448,ToraDora Portable!,PSP,Adventure,Namco Bandai Games,0,0,0.08,0,0.08
11458,Jikkyou Powerful Major League 2009,PS2,Sports,Konami Digital Entertainment,0,0,0.08,0,0.08
11459,Princess in Love,DS,Simulation,DTP Entertainment,0.07,0,0,0.01,0.08
11462,Cate West: The Vanishing Files,Wii,Adventure,Oxygen Interactive,0.07,0,0,0.01,0.08
11467,Qubed,X360,Puzzle,Atari,0.07,0,0,0.01,0.08
11512,NBA 10: The Inside,PSP,Sports,Sony Computer Entertainment,0.07,0,0,0.01,0.08
11513,Jillian Michaels Fitness Ultimatum 2010,DS,Sports,Majesco Entertainment,0.07,0,0,0.01,0.08
11533,My Friends,DS,Misc,Oxygen Interactive,0.07,0,0,0.01,0.08
11536,Armored Core 3 Portable,PSP,Simulation,From Software,0,0,0.08,0,0.08
11558,Discovery Kids: Spider Quest,DS,Misc,505 Games,0.07,0,0,0.01,0.08
11573,Dreamer Series: Shop Owner,DS,Simulation,Deep Silver,0.07,0,0,0.01,0.08
11577,Drama Queens,DS,Misc,Majesco Entertainment,0.07,0,0,0.01,0.08
11582,Ultimate Party Challenge,Wii,Misc,Konami Digital Entertainment,0.07,0,0,0.01,0.08
11588,Tokimeki Memorial 4,PSP,Adventure,Konami Digital Entertainment,0,0,0.08,0,0.08
11611,Imagine: My Restaurant,DS,Simulation,Ubisoft,0,0.07,0,0.01,0.08
11623,MLB Front Office Manager,PS3,Sports,Take-Two Interactive,0.07,0,0,0.01,0.08
11632,Ultimate Duck Hunting,Wii,Sports,Zoo Digital Publishing,0.07,0,0,0.01,0.08
11634,Jikkyou Powerful Pro Yakyuu Next,Wii,Sports,Konami Digital Entertainment,0,0,0.08,0,0.08
11637,Aliens in the Attic,Wii,Action,Playlogic Game Factory,0.07,0,0,0.01,0.08
11646,Infernal: Hell's Vengeance,X360,Shooter,Playlogic Game Factory,0.06,0.01,0,0.01,0.08
11648,Salon Superstar,DS,Simulation,505 Games,0.07,0,0,0,0.08
11650,Super Robot Taisen Z Special Disc,PS2,Misc,Namco Bandai Games,0,0,0.08,0,0.08
11661,"Ni Hao, Kai-lan: Super Game Day",PS2,Misc,Take-Two Interactive,0.04,0.03,0,0.01,0.08
11683,World Party Games,Wii,Misc,505 Games,0.07,0,0,0.01,0.08
11686,Animal Kingdom: Wildlife Expedition,Wii,Adventure,Natsume,0.07,0,0,0.01,0.08
11688,Rogue Trooper: Quartz Zone Massacre,Wii,Shooter,Reef Entertainment,0.07,0,0,0.01,0.08
11691,Crayola: Colorful Journey,Wii,Misc,Crave Entertainment,0.07,0,0,0.01,0.08
11692,Storybook Workshop,Wii,Misc,Konami Digital Entertainment,0.07,0,0,0.01,0.08
11702,WipEout HD Fury,PS3,Racing,Sony Computer Entertainment,0,0.06,0,0.02,0.08
11720,Learn Geography,DS,Misc,DreamCatcher Interactive,0.07,0,0,0.01,0.08
11721,Divinity II: Ego Draconis,PC,Role-Playing,DTP Entertainment,0.01,0.05,0,0.01,0.08
11738,Party Pigs: Farmyard Games,Wii,Misc,Data Design Interactive,0.07,0,0,0,0.07
11748,Torchlight,PC,Role-Playing,JoWood Productions,0,0.06,0,0.02,0.07
11763,Again,DS,Adventure,Ackkstudios,0.07,0,0,0,0.07
11783,Picture Perfect Hair Salon,DS,Simulation,505 Games,0.07,0,0,0.01,0.07
11790,Overlord: Minions,DS,Puzzle,Codemasters,0.07,0,0,0.01,0.07
11808,Speed Zone,Wii,Racing,Bethesda Softworks,0.01,0.05,0,0.01,0.07
11817,SpongeBob's Truth or Square,X360,Action,THQ,0.03,0.04,0,0,0.07
11849,Roogoo Attack!,DS,Puzzle,SouthPeak Games,0.07,0,0,0,0.07
11863,Discovery Kids: Parrot Pals,DS,Simulation,505 Games,0.07,0,0,0,0.07
11886,Kidou Senshi Gundam: Giren no Yabou - Axis no Kyoui V,PS2,Strategy,Namco Bandai Games,0,0,0.07,0,0.07
11888,Kidou Senshi Gundam: Giren no Yabou - Axis no Kyoui V,PSP,Strategy,Namco Bandai Games,0,0,0.07,0,0.07
11893,Game Center CX: Arino no Chousenjou 2,DS,Action,Namco Bandai Games,0,0,0.07,0,0.07
11901,Monster Racers,DS,Racing,Tecmo Koei,0.05,0,0.02,0,0.07
11903,DS Uranai Seikatsu,DS,Misc,Nintendo,0,0,0.07,0,0.07
11904,SpongeBob's Truth or Square,PSP,Action,THQ,0.02,0.04,0,0.01,0.07
11919,F.E.A.R. 2: Project Origin,PC,Shooter,Warner Bros. Interactive Entertainment,0.01,0.05,0,0.01,0.07
11934,Vampire Knight DS,DS,Adventure,D3Publisher,0,0,0.07,0,0.07
11943,Damnation,X360,Shooter,Codemasters,0.06,0.01,0,0.01,0.07
11955,Rock Band Track Pack: Classic Rock,X360,Misc,MTV Games,0.07,0,0,0.01,0.07
11957,Football Manager 2010,PC,Sports,Sega,0,0.06,0,0.01,0.07
11964,Shin Chan Contra ¡Los Plastas!,DS,Platform,505 Games,0,0,0.07,0,0.07
11972,Yamaha Supercross,Wii,Racing,Zoo Digital Publishing,0.05,0.01,0,0.01,0.07
11977,Shounen Sunday x Shounen Magazine: Nettou! Dream Nine,DS,Sports,Konami Digital Entertainment,0,0,0.07,0,0.07
11990,MLB Front Office Manager,X360,Sports,Take-Two Interactive,0.06,0,0,0.01,0.07
11993,Hearts of Iron III,PC,Strategy,Paradox Interactive,0.01,0.04,0,0.01,0.07
11994,Zettai Zetsumei Toshi 3: Kowareyuku Machi to Kanojyo no Uta,PSP,Action,Irem Software Engineering,0,0,0.07,0,0.07
11997,Ant Nation,DS,Simulation,Konami Digital Entertainment,0.06,0.01,0,0.01,0.07
12046,Dream Dance & Cheer,Wii,Misc,Zoo Games,0.06,0,0,0,0.07
12074,Suzumiya Haruhi no Gekidou,Wii,Adventure,Kadokawa Shoten,0,0,0.07,0,0.07
12096,Resident Evil 5,PC,Action,Capcom,0.01,0.04,0,0.01,0.07
12173,Dreamer Series: Pop Star,DS,Misc,Tivola,0.04,0.02,0,0.01,0.07
12188,Petz: Hamsterz Bunch,PSP,Simulation,Ubisoft,0.06,0,0,0.01,0.07
12190,Kamen Rider: Dragon Knight,Wii,Fighting,D3Publisher,0.06,0,0,0,0.07
12202,Fantasy Aquarium World,Wii,Simulation,Destineer,0.06,0,0,0,0.07
12210,Cold Stone Creamery: Scoop It Up,Wii,Misc,Zoo Games,0.06,0,0,0,0.07
12228,Dream C Club,X360,Simulation,D3Publisher,0,0,0.07,0,0.07
12253,Jam Sessions 2,DS,Misc,Ubisoft,0.06,0,0,0,0.06
12264,IL-2 Sturmovik: Birds of Prey,DS,Simulation,505 Games,0.06,0,0,0,0.06
12270,Elite Forces: Unit 77,DS,Strategy,Deep Silver,0.06,0,0,0,0.06
12306,Hisshou Pachinko*Pachi-Slot Kouryaku Series Vol. 14: CR Shinseiki Evangelion: Saigo no Mono,PS2,Misc,D3Publisher,0,0,0.06,0,0.06
12311,Fast Food Panic,Wii,Simulation,Nobilis,0.06,0,0,0,0.06
12314,Another Code R: A Journey into Lost Memories,Wii,Adventure,Nintendo,0,0.03,0.03,0,0.06
12323,Zill O'll Infinite Plus,PSP,Role-Playing,Tecmo Koei,0,0,0.06,0,0.06
12360,Dissidia: Final Fantasy Universal Tuning,PSP,Fighting,Square Enix,0,0,0.06,0,0.06
12366,Challenge Me: Brain Puzzles,DS,Puzzle,Oxygen Interactive,0.06,0,0,0,0.06
12382,Sudoku Ball Detective,DS,Puzzle,Playlogic Game Factory,0.06,0,0,0,0.06
12416,Steins;Gate,X360,Adventure,5pb,0,0,0.06,0,0.06
12432,Backyard NFL Football '10,PS2,Sports,Atari,0.03,0.02,0,0.01,0.06
12446,World Cup of Pool,DS,Sports,Midas Interactive Entertainment,0.06,0,0,0,0.06
12448,Imagine: Cheerleader,DS,Simulation,Ubisoft,0.06,0,0,0,0.06
12453,Shining Force Feather,DS,Strategy,Sega,0,0,0.06,0,0.06
12454,S.T.A.L.K.E.R.: Call of Pripyat,PC,Shooter,Namco Bandai Games,0,0.05,0,0.01,0.06
12457,Big Bang Mini,DS,Shooter,SouthPeak Games,0.05,0,0,0,0.06
12470,Grey's Anatomy: The Video Game,Wii,Adventure,Ubisoft,0.05,0.01,0,0,0.06
12475,Crazy Chicken Tales,Wii,Action,Conspiracy Entertainment,0.06,0,0,0,0.06
12483,Playmobil Knights,DS,Action,Mindscape,0.04,0.01,0,0,0.06
12531,I Love Beauty: Hollywood Makeover,DS,Misc,City Interactive,0.06,0,0,0,0.06
12542,Need for Speed: Shift,PC,Racing,Electronic Arts,0,0.05,0,0.01,0.06
12554,Zaidan Houjin Nippon Kanji Nouryoku Kentei Kyoukai Kounin: KanKen DS3 Deluxe,DS,Misc,Rocket Company,0,0,0.06,0,0.06
12580,Melty Blood: Actress Again,PS2,Fighting,Ecole,0,0,0.06,0,0.06
12586,SingStar Mallorca Party,PS3,Misc,Sony Computer Entertainment,0,0.04,0,0.02,0.06
12596,Jacqueline Wilson's Tracy Beaker: The Game,DS,Misc,P2 Games,0,0.05,0,0,0.06
12617,Brave: A Warrior's Tale,Wii,Action,SouthPeak Games,0.05,0,0,0,0.06
12653,Brave: A Warrior's Tale,X360,Action,SouthPeak Games,0.05,0.01,0,0,0.06
12657,The Saboteur,PC,Action,Electronic Arts,0,0.05,0,0.01,0.06
12679,World Championship Athletics,Wii,Sports,DTP Entertainment,0.04,0.01,0,0,0.06
12683,Jumble Madness,DS,Puzzle,Destineer,0.06,0,0,0,0.06
12687,Minna no Sukkiri,PSP,Sports,Sony Computer Entertainment,0,0,0.06,0,0.06
12705,Mirror's Edge,PC,Platform,Electronic Arts,0,0.05,0,0.01,0.06
12716,Katekyoo Hitman Reborn! DS Flame Rumble X - Mirai Chou-Bakuhatsu!!,DS,Fighting,Takara Tomy,0,0,0.06,0,0.06
12720,Evangelion: Jo,PSP,Action,Namco Bandai Games,0,0,0.06,0,0.06
12741,SD Gundam G Generation Wars,Wii,Strategy,Namco Bandai Games,0,0,0.06,0,0.06
12755,Dino Pets,DS,Simulation,Avanquest,0.05,0,0,0,0.06
12761,Roogoo Twisted Towers,Wii,Puzzle,SouthPeak Games,0.05,0,0,0,0.06
12770,Dreamer Series: Babysitter,DS,Simulation,Deep Silver,0.05,0,0,0,0.06
12771,Diva Girls: Divas on Ice,DS,Sports,505 Games,0.05,0,0,0,0.06
12777,"Tennis no Oji-Sama: Doubles no Oji-Sama - Girls, Be Gracious!",DS,Sports,Konami Digital Entertainment,0,0,0.06,0,0.06
12788,History Great Empires: Rome,DS,Strategy,Black Bean Games,0.05,0,0,0,0.06
12793,Coraline,Wii,Action,D3Publisher,0.05,0,0,0,0.06
12795,Imagine: Party Planner,DS,Simulation,Ubisoft,0.05,0,0,0,0.06
12825,4 Elements,PC,Puzzle,Mastertronic,0,0.04,0,0.01,0.05
12847,Lernerfolg Vorschule: Capt'n Sharky,DS,Misc,Tivola,0,0.05,0,0.01,0.05
12850,Countdown: The Game,Wii,Puzzle,Mindscape,0,0.05,0,0,0.05
12862,"Murder, She Wrote",PC,Adventure,Focus Home Interactive,0,0.04,0,0.01,0.05
12869,Vertigo,Wii,Strategy,Playlogic Game Factory,0.05,0,0,0,0.05
12891,Rockin' Pretty,DS,Misc,Arc System Works,0.05,0,0,0,0.05
12897,Major Minor's Majestic March,Wii,Misc,Majesco Entertainment,0.05,0,0,0,0.05
12909,Puyo Puyo 7,Wii,Puzzle,Sega,0,0,0.05,0,0.05
12922,Venetica,PC,Role-Playing,DTP Entertainment,0,0.04,0,0.01,0.05
12923,Black Sigil: Blade of the Exiled,DS,Role-Playing,Graffiti,0.05,0,0,0,0.05
12938,Dengeki Gakuen RPG: Cross of Venus,DS,Role-Playing,ASCII Media Works,0,0,0.05,0,0.05
12963,Air Conflicts: Aces of World War II,PSP,Simulation,Graffiti,0.05,0,0,0,0.05
12965,Aliens in the Attic,DS,Action,Playlogic Game Factory,0.05,0,0,0,0.05
12967,Kamen Rider: Dragon Knight,DS,Fighting,D3Publisher,0.05,0,0,0,0.05
12970,Fate/Unlimited Codes Portable,PSP,Fighting,Capcom,0,0,0.05,0,0.05
12979,Mr Bean's Wacky World of Wii,Wii,Adventure,Blast! Entertainment Ltd,0,0.05,0,0,0.05
12984,Shin Sangoku Musou 5 Special,PSP,Action,Tecmo Koei,0,0,0.05,0,0.05
12995,Hysteria Hospital: Emergency Ward,Wii,Action,Oxygen Interactive,0.05,0,0,0,0.05
13016,The BIGS 2,DS,Sports,Take-Two Interactive,0.05,0,0,0,0.05
13034,Plants vs. Zombies,PC,Strategy,PopCap Games,0,0.04,0,0.01,0.05
13047,Little Busters! Converted Edition,PS2,Adventure,Prototype,0,0,0.05,0,0.05
13049,Dream Salon,Wii,Misc,Zoo Games,0.05,0,0,0,0.05
13054,Summon Night X: Tears Crown,DS,Role-Playing,Namco Bandai Games,0,0,0.05,0,0.05
13063,Imagine: Artist,DS,Misc,Ubisoft,0.05,0,0,0,0.05
13070,The Idolm@ster: Dearly Stars,DS,Adventure,Namco Bandai Games,0,0,0.05,0,0.05
13074,Kart Racer,Wii,Racing,Nordic Games,0.03,0.01,0,0,0.05
13086,Lips: Deutsche Partyknaller,X360,Misc,Microsoft Game Studios,0,0.04,0,0.01,0.05
13087,Apassionata: Die Galanacht der Pferde,DS,Simulation,RTL,0,0.04,0,0.01,0.05
13088,Dungeon Raiders,DS,Role-Playing,Focus Home Interactive,0.05,0,0,0,0.05
13100,Hotel for Dogs,Wii,Simulation,505 Games,0.04,0,0,0,0.05
13107,Super Robot Taisen Neo,Wii,Strategy,Namco Bandai Games,0,0,0.05,0,0.05
13121,Winning Post World,PS3,Sports,Tecmo Koei,0,0,0.05,0,0.05
13124,My Body Coach,Wii,Sports,Big Ben Interactive,0,0.04,0,0.01,0.05
13129,DiRT 2,PC,Racing,Codemasters,0,0.04,0,0.01,0.05
13156,Pirates vs Ninja Dodgeball,Wii,Sports,SouthPeak Games,0.05,0,0,0,0.05
13183,Operation Flashpoint: Dragon Rising,PC,Shooter,Codemasters,0.01,0.03,0,0.01,0.05
13191,LEGO Indiana Jones 2: The Adventure Continues,PC,Action,Activision,0.02,0.03,0,0.01,0.05
13235,Blazing Souls: Accelate,PSP,Role-Playing,Idea Factory,0.04,0,0.01,0,0.05
13276,FIFA Soccer 10,PC,Sports,Electronic Arts,0,0.04,0,0.01,0.05
13294,Jewel Quest Mysteries,DS,Puzzle,Astragon,0.03,0.01,0,0,0.05
13295,Moon,DS,Adventure,Mastiff,0.04,0,0,0,0.05
13316,Wii de Asobu Chibi-Robo!,Wii,Adventure,Nintendo,0,0,0.05,0,0.05
13324,Pet Vet: Down Under,DS,Simulation,Deep Silver,0.04,0,0,0,0.05
13339,Clever Kids: Creepy Crawlies,DS,Action,Midas Interactive Entertainment,0,0.04,0,0,0.05
13376,Black Mirror 2,PC,Adventure,DTP Entertainment,0,0.04,0,0.01,0.05
13408,Wolfenstein,PC,Shooter,Activision,0.01,0.03,0,0.01,0.05
13421,Family Fortunes,DS,Misc,Mindscape,0,0.04,0,0,0.05
13429,Grey's Anatomy: The Video Game,DS,Adventure,Ubisoft,0.03,0.01,0,0,0.05
13430,Tropico 3,PC,Strategy,Kalypso Media,0,0.04,0,0.01,0.05
13432,Avatar: The Game,PC,Action,Ubisoft,0,0.04,0,0.01,0.05
13434,Pool Hall Pro,Wii,Sports,Playlogic Game Factory,0.04,0,0,0,0.05
13446,Nanda's Island,DS,Puzzle,Phenomedia,0.04,0,0,0,0.05
13453,Short Track Racing: Trading Paint,PS2,Racing,THQ,0.02,0.02,0,0.01,0.05
13462,The King of Fighters 2002: Unlimited Match,PS2,Fighting,SNK Playmore,0,0,0.04,0,0.04
13467,Runaway: A Twist of Fate,PC,Adventure,Focus Home Interactive,0,0.04,0,0.01,0.04
13472,Tomoyo After: It's a Wonderful Life CS Edition,PSP,Adventure,Prototype,0,0,0.04,0,0.04
13485,Tom Clancy's HAWX,PC,Action,Ubisoft,0,0.03,0,0.01,0.04
13511,Growlanser,PSP,Role-Playing,Atlus,0,0,0.04,0,0.04
13515,Chou Gekijoban Keroro Gunsou: Gekishin Dragon Warriors de Arimasu!,DS,Action,Namco Bandai Games,0,0,0.04,0,0.04
13517,Coraline,DS,Action,D3Publisher,0.04,0,0,0,0.04
13519,M&M's Beach Party,Wii,Misc,Zoo Digital Publishing,0.04,0,0,0,0.04
13525,Minna ga Shuyaku no NHK Kouhaku Quiz Kassen,Wii,Misc,Nintendo,0,0,0.04,0,0.04
13561,428: Fuusa Sareta Shibuya de,PSP,Adventure,Spike,0,0,0.04,0,0.04
13563,Starry ? Sky: After Spring,PSP,Misc,Aqua Plus,0,0,0.04,0,0.04
13579,Summer Athletics 2009,X360,Sports,49Games,0,0.04,0,0,0.04
13585,Naruto Shippuuden: Shinobi Retsuden III,DS,Action,Takara Tomy,0,0,0.04,0,0.04
13589,Free Running,Wii,Sports,Reef Entertainment,0.02,0.02,0,0,0.04
13601,Challenge Me: Maths Workout,DS,Puzzle,Oxygen Interactive,0.04,0,0,0,0.04
13612,BeatMania IIDX 16: Empress + Premium Best,PS2,Simulation,Konami Digital Entertainment,0,0,0.04,0,0.04
13614,Emergency Room: Real Life Rescues,DS,Simulation,505 Games,0.04,0,0,0,0.04
13635,Company of Heroes: Tales of Valor,PC,Strategy,THQ,0,0.03,0,0.01,0.04
13643,Fashion Week Jr. Designer,DS,Simulation,505 Games,0.04,0,0,0,0.04
13659,Way of the Samurai 2 Portable,PSP,Action,Spike,0,0,0.04,0,0.04
13666,Farm Frenzy 3,PC,Strategy,Alawar Entertainment,0,0.03,0,0.01,0.04
13684,Sonic PC Collection,PC,Misc,Sega,0,0.04,0,0.01,0.04
13702,Chibi Maruko-Chan DS: Maru-Chan no Machi,DS,Puzzle,Namco Bandai Games,0,0,0.04,0,0.04
13721,Chicken Blaster,DS,Shooter,Zushi Games,0.04,0,0,0,0.04
13736,Ookami Kakushi,PSP,Action,Konami Digital Entertainment,0,0,0.04,0,0.04
13760,Saru! Get You! Pipo Saru Senki,PSP,Role-Playing,Sony Computer Entertainment,0,0,0.04,0,0.04
13764,Logic Machines,DS,Puzzle,City Interactive,0.04,0,0,0,0.04
13770,Super Robot Gakuen,DS,Adventure,Namco Bandai Games,0,0,0.04,0,0.04
13776,Jojo's Fashion Show: Design in a Dash!,DS,Simulation,Ubisoft,0.04,0,0,0,0.04
13783,Katekyoo Hitman Reborn! Battle Arena 2 - Spirits Burst,PSP,Fighting,Marvelous Interactive,0,0,0.04,0,0.04
13796,Fritz Chess,PS3,Strategy,Deep Silver,0,0.03,0,0.01,0.04
13799,Astro Boy: The Video Game,PSP,Action,D3Publisher,0.04,0,0,0,0.04
13800,Metal Slug XX,PSP,Shooter,DHM Interactive,0.03,0,0,0,0.04
13801,Sacred Blaze,PS2,Strategy,Flight-Plan,0,0,0.04,0,0.04
13802,Rollin' Rascals,DS,Puzzle,Rising Star Games,0.04,0,0,0,0.04
13814,Valhalla Knights 2: Battle Stance,PSP,Role-Playing,Marvelous Interactive,0,0,0.04,0,0.04
13823,Burnout Paradise: The Ultimate Box,X360,Racing,Electronic Arts,0,0.03,0,0,0.04
13824,The Chase: Felix Meets Felicity,DS,Action,Atari,0.04,0,0,0,0.04
13825,Stoked: Big Air Edition,X360,Sports,Namco Bandai Games,0.02,0.02,0,0,0.04
13836,SuperCar Challenge,PS3,Racing,System 3 Arcade Software,0,0.03,0,0.01,0.04
13852,Blood Bowl,PC,Sports,Focus Home Interactive,0.01,0.02,0,0.01,0.04
13859,Jig-A-Pix: Pets,DS,Puzzle,Zushi Games,0.03,0,0,0,0.04
13864,A Ressha de Ikou DS,DS,Simulation,ArtDink,0,0,0.04,0,0.04
13874,I'm A Celebrity: Get Me Out of Here!,DS,Misc,Mindscape,0,0.04,0,0,0.04
13882,Glacier2,Wii,Racing,Zoo Games,0.04,0,0,0,0.04
13885,Superstars V8 Racing,PS3,Racing,Black Bean Games,0,0.02,0,0.01,0.04
13891,Sleepover Party,Wii,Misc,Ubisoft,0.03,0,0,0,0.04
13906,Saints Row 2,PC,Action,THQ,0,0.03,0,0.01,0.04
13913,Secret Files 2: Puritas Cordis,PC,Adventure,Deep Silver,0,0.03,0,0.01,0.04
13929,Taikou Risshiden V,PSP,Strategy,Tecmo Koei,0,0,0.04,0,0.04
13941,Ski-Doo Snowmobile Challenge,X360,Racing,Valcon Games,0.03,0,0,0,0.04
13951,DT Carnage,PSP,Racing,Agetec,0.03,0,0,0,0.04
13970,C.O.R.E.,DS,Shooter,Graffiti,0.03,0,0,0,0.04
13988,Chaos;Head Noah,X360,Adventure,5pb,0,0,0.04,0,0.04
13989,Tears to Tiara Anecdotes: The Secret of Avalon,PS3,Strategy,Aqua Plus,0,0,0.04,0,0.04
13993,Harukanaru Toki no Naka de 3: Unmei no Meikyuu Aizouban,PSP,Adventure,Tecmo Koei,0,0,0.04,0,0.04
13997,Music Maker: Rockstar,PS2,Misc,Magix,0.02,0.01,0,0,0.04
14006,Sudoku Ball Detective,Wii,Puzzle,Playlogic Game Factory,0.02,0.01,0,0,0.04
14019,Hakuouki: Zuisouroku,PS2,Adventure,Idea Factory,0,0,0.04,0,0.04
14024,Jikkyou Powerful Major League 2009,Wii,Sports,Konami Digital Entertainment,0,0,0.04,0,0.04
14030,World in Conflict: Complete Edition,PC,Strategy,Ubisoft,0,0.03,0,0.01,0.04
14047,Kiniro no Corda 2 f,PSP,Role-Playing,Tecmo Koei,0,0,0.04,0,0.04
14052,Ultimate Game Room,DS,Misc,Majesco Entertainment,0.03,0,0,0,0.04
14060,Cook Wars,Wii,Misc,Ubisoft,0.03,0,0,0,0.04
14061,Kuroshitsuji: Phantom & Ghost,DS,Action,Square Enix,0,0,0.04,0,0.04
14071,Astrology DS,DS,Misc,Deep Silver,0.03,0,0,0,0.04
14099,Luminous Arc 3,DS,Role-Playing,Marvelous Interactive,0,0,0.04,0,0.04
14119,Katekyoo Hitman Reborn! DS: Fate of Heat II - Unmei no Futari,DS,Role-Playing,Marvelous Interactive,0,0,0.03,0,0.03
14120,Puyo Puyo 7,PSP,Puzzle,Sega,0,0,0.03,0,0.03
14160,Harukanaru Toki no Naka de Yumenoukihashi Special,PS2,Adventure,Tecmo Koei,0,0,0.03,0,0.03
14202,Sunday vs Magazine Shuuketsu! Choujou Daikessen,PSP,Fighting,Konami Digital Entertainment,0,0,0.03,0,0.03
14207,Red Faction: Guerrilla,PC,Shooter,THQ,0,0.03,0,0.01,0.03
14214,RACE On,PC,Racing,bitComposer Games,0,0.03,0,0.01,0.03
14217,Overlord II,PC,Action,Codemasters,0,0.03,0,0.01,0.03
14222,Call of Juarez: Bound in Blood,PC,Shooter,Ubisoft,0,0.03,0,0.01,0.03
14232,Utawarerumono Portable,PSP,Role-Playing,Aqua Plus,0,0,0.03,0,0.03
14237,Higurashi no Naku Koro ni Kizuna: Dai-San-Kan - Rasen,DS,Adventure,Alchemist,0,0,0.03,0,0.03
14256,Midnight Mysteries: The Edgar Allan Poe Conspiracy,PC,Adventure,GSP,0,0.03,0,0.01,0.03
14273,Winning Post World,PS2,Sports,Tecmo Koei,0,0,0.03,0,0.03
14274,Jig-A-Pix: Wild World,DS,Puzzle,Zushi Games,0.03,0.01,0,0,0.03
14284,Guitar Hero: World Tour,PC,Misc,Aspyr,0,0.03,0,0.01,0.03
14302,Men of War,PC,Strategy,505 Games,0.01,0.02,0,0.01,0.03
14318,PopCap Arcade Vol 2,X360,Misc,PopCap Games,0.03,0,0,0,0.03
14345,Dodge Racing: Charger vs Challenger,DS,Racing,Zushi Games,0.03,0,0,0,0.03
14348,SingStar Chartbreaker,PS3,Misc,Sony Computer Entertainment,0,0.02,0,0.01,0.03
14366,Mushihimesama Futari Ver 1.5,X360,Shooter,Cave,0,0,0.03,0,0.03
14372,Guilty Gear XX Accent Core Plus,Wii,Fighting,PQube,0.01,0.02,0,0,0.03
14409,Emergency! Disaster Rescue Squad,DS,Simulation,Destineer,0.03,0,0,0,0.03
14412,Suggoi! Arcana Heart 2,PS2,Fighting,AQ Interactive,0,0,0.03,0,0.03
14416,Harry Potter and the Half-Blood Prince,PC,Action,Electronic Arts,0,0.03,0,0.01,0.03
14417,Winning Post 7 2009,PSP,Sports,Tecmo Koei,0,0,0.03,0,0.03
14424,Codename: Panzers Cold War,PC,Strategy,Atari,0,0.02,0,0.01,0.03
14429,World Sports Competition,PS3,Sports,Hudson Soft,0.02,0,0,0.01,0.03
14450,Section 8,PC,Shooter,SouthPeak Games,0.01,0.01,0,0,0.03
14474,Armored Core SL: Silent Line Portable,PSP,Simulation,From Software,0,0,0.03,0,0.03
14498,Tokimeki Memorial Girl's Side 1st Love Plus,DS,Adventure,Konami Digital Entertainment,0,0,0.03,0,0.03
14509,Suzumiya Haruhi no Chokuretsu,DS,Adventure,Sega,0,0,0.03,0,0.03
14516,D.C.I.F.: Da Capo Innocent Finale,PS2,Adventure,Sweets,0,0,0.03,0,0.03
14522,Petz: Dolphinz Encounter,DS,Simulation,Ubisoft,0.01,0.01,0,0,0.03
14524,Katekyoo Hitman Reborn! DS: Ore ga Boss! Saikyou Family Taisen,DS,Action,Takara Tomy,0,0,0.03,0,0.03
14529,Braid,PC,Platform,Number None,0,0.02,0,0.01,0.03
14546,Royal Palace of White Sword and The City of Gentiles,PC,Role-Playing,Take-Two Interactive,0,0.02,0,0.01,0.03
14553,Pimp My Ride: Street Racing,DS,Racing,Activision,0.03,0,0,0,0.03
14565,Worms,PS3,Strategy,Sony Computer Entertainment,0,0.02,0,0.01,0.03
14572,World of Zoo,PC,Simulation,THQ,0,0.02,0,0.01,0.03
14575,Hayate no Gotoku! Nightmare Paradise,PSP,Adventure,Konami Digital Entertainment,0,0,0.03,0,0.03
14577,Secret Files 2: Puritas Cordis,Wii,Adventure,Deep Silver,0,0.03,0,0,0.03
14578,Nanashi no Game Me,DS,Action,Square Enix,0,0,0.03,0,0.03
14600,Tago Akira no Atama no Taisou Dai-1-Shuu: Nazotoki Sekai Isshuu Ryokou,DS,Adventure,Level 5,0,0,0.03,0,0.03
14608,Hisshou Pachinko*Pachi-Slot Kouryaku Series DS Vol. 4: Shinseiki Evangelion - Saigo no Mono,DS,Misc,D3Publisher,0,0,0.03,0,0.03
14630,Monsters vs. Aliens,PC,Action,Activision,0.01,0.01,0,0,0.03
14647,Bleach DS 4th: Flame Bringer,DS,Action,Sega,0,0,0.03,0,0.03
14648,Pacific Liberator,Wii,Action,Zoo Games,0.03,0,0,0,0.03
14651,Tago Akira no Atama no Taisou Dai-2-Shuu: Ginga Oudan Nazotoki Adventure,DS,Adventure,Level 5,0,0,0.03,0,0.03
14653,Puzzle Challenge: Crosswords and More!,Wii,Puzzle,Crave Entertainment,0.03,0,0,0,0.03
14675,Vitamin Z,PS2,Adventure,D3Publisher,0,0,0.03,0,0.03
14692,The Island of Dr. Frankenstein,Wii,Adventure,Storm City Games,0.03,0,0,0,0.03
14707,The Last Guy,PS3,Action,Sony Computer Entertainment,0,0,0.03,0,0.03
14717,Little Bears,DS,Simulation,RTL,0.03,0,0,0,0.03
14735,My Animal Centre,Wii,Simulation,Deep Silver,0,0.02,0,0,0.03
14737,Kintaihi Shounen no Jiken: Kyakusen Eris-Gou no Sangeki,DS,Adventure,Creative Core,0,0,0.03,0,0.03
14742,La Pucelle: Ragnarok,PSP,Role-Playing,Nippon Ichi Software,0,0,0.03,0,0.03
14743,Kiniro no Corda 2 f Encore,PSP,Role-Playing,Tecmo Koei,0,0,0.03,0,0.03
14747,Bleach: Soul Carnival 2,PSP,Fighting,Sony Computer Entertainment,0,0,0.03,0,0.03
14755,Star Wars The Clone Wars: Republic Heroes,PC,Action,LucasArts,0,0.02,0,0,0.03
14756,CID The Dummy,PSP,Platform,Oxygen Interactive,0.02,0,0,0,0.03
14778,Strike Witches: Aoi no Dengekisen - Shin Taichou Funtousuru!,DS,Action,Russel,0,0,0.03,0,0.03
14798,My Ballet Studio,Wii,Simulation,505 Games,0.02,0,0,0,0.03
14815,CID The Dummy,Wii,Platform,Oxygen Interactive,0.02,0,0,0,0.03
14824,Catan,DS,Strategy,CDV Software Entertainment,0,0.02,0,0,0.03
14840,Bae Yong-joon to Manabu Kankokugo DS,DS,Misc,D3Publisher,0,0,0.03,0,0.03
14851,My DoItAll,DS,Misc,Tomy Corporation,0.02,0,0,0,0.03
14854,Monster Mayhem: Build and Battle,Wii,Simulation,Zushi Games,0.02,0,0,0,0.03
14857,The Lord of the Rings: Conquest,PC,Action,Electronic Arts,0,0.02,0,0,0.03
14863,Marker Man Adventures,DS,Platform,Majesco Entertainment,0.02,0,0,0,0.03
14868,Moyashimon DS,DS,Action,Takara Tomy,0,0,0.03,0,0.03
14872,Battlestations: Pacific,PC,Strategy,Eidos Interactive,0,0.02,0,0,0.03
14878,X-Men Origins: Wolverine - Uncaged Edition,PC,Action,Activision,0.02,0,0,0,0.03
14882,Ocean Commander,Wii,Simulation,Valcon Games,0.02,0,0,0,0.03
14898,Soul Eater: Battle Resonance,PSP,Action,Namco Bandai Games,0,0,0.03,0,0.03
14906,Evangelion: Jo,PS2,Action,Namco Bandai Games,0,0,0.03,0,0.03
14913,Monster Mayhem: Build and Battle,DS,Simulation,Zushi Games,0.02,0,0,0,0.02
14918,MAPLUS: Portable Navi 3,PSP,Misc,Edia,0,0,0.02,0,0.02
14929,Ghost Pirates of Vooju Island,PC,Adventure,DTP Entertainment,0,0.02,0,0,0.02
14931,DoDonPachi Dai-Oujou: Black Label Extra,X360,Shooter,5pb,0,0,0.02,0,0.02
14932,Mind Your Language: Learn English! / French! / German! / Spanish! /Japanese!,DS,Misc,PlayV,0,0.02,0,0,0.02
14934,Tropico Reloaded,PC,Strategy,Kalypso Media,0,0.02,0,0,0.02
14976,Demigod,PC,Strategy,Atari,0,0.02,0,0,0.02
15008,11eyes: CrossOver,X360,Adventure,5pb,0,0,0.02,0,0.02
15010,Supermodel Makeover by Lauren Luke,DS,Simulation,Avanquest,0,0.02,0,0,0.02
15015,Ferrari Challenge Trofeo Pirelli Deluxe,Wii,Racing,System 3 Arcade Software,0,0.02,0,0,0.02
15046,Inkheart,DS,Adventure,DreamCatcher Interactive,0.02,0,0,0,0.02
15049,Ceville,PC,Action,Kalypso Media,0,0.02,0,0,0.02
15067,Suzumiya Haruhi no Heiretsu,Wii,Adventure,Sega,0,0,0.02,0,0.02
15090,Tom Clancy's EndWar,PC,Strategy,Ubisoft,0,0.02,0,0,0.02
15105,Harukanaru Toki no Naka de 3 with Izayoiki Aizouban,PSP,Adventure,Tecmo Koei,0,0,0.02,0,0.02
15110,Indianapolis 500 Evolution,X360,Racing,Zushi Games,0.02,0,0,0,0.02
15111,Ookami to Koushinryou: Omiowataru Kaze,DS,Adventure,ASCII Media Works,0,0,0.02,0,0.02
15112,Grey's Anatomy: The Video Game,PC,Adventure,Ubisoft,0,0.02,0,0,0.02
15118,Brandish: The Dark Revenant,PSP,Role-Playing,Falcom Corporation,0,0,0.02,0,0.02
15125,SAW,PC,Action,Konami Digital Entertainment,0,0.02,0,0,0.02
15130,Ice Age: Dawn of the Dinosaurs,PC,Action,Activision,0.02,0,0,0,0.02
15145,428: Fuusa Sareta Shibuya de,PS3,Adventure,Spike,0,0,0.02,0,0.02
15150,Fritz Chess,Wii,Strategy,Deep Silver,0.02,0.01,0,0,0.02
15155,18 Wheels of Steel: Extreme Trucker,PC,Racing,Rondomedia,0,0.02,0,0,0.02
15178,Doki Majo Plus,DS,Adventure,SNK Playmore,0,0,0.02,0,0.02
15183,"Simple 2500 Series Portable!! Vol. 12: The Hohei 2: Senyuu yo, Sakini Ike",PSP,Action,D3Publisher,0,0,0.02,0,0.02
15191,Fritz Chess,DS,Strategy,Deep Silver,0.02,0,0,0,0.02
15193,Fuel,PC,Racing,Codemasters,0,0.02,0,0,0.02
15218,Galaxy Angel II: Eigou Kaiki no Koku,PS2,Strategy,Broccoli,0,0,0.02,0,0.02
15223,Geon Cube,Wii,Puzzle,P2 Games,0.02,0,0,0,0.02
15242,Discovery Kids: Snake Safari,DS,Simulation,505 Games,0.02,0,0,0,0.02
15252,Order of War,PC,Strategy,Square Enix,0,0.01,0,0,0.02
15262,Jelly Belly: Ballistic Beans,Wii,Puzzle,Zoo Digital Publishing,0.02,0,0,0,0.02
15265,Higurashi Daybreak Portable Mega Edition,PSP,Adventure,Alchemist,0,0,0.02,0,0.02
15290,Crime Scene,DS,Adventure,Nobilis,0,0.02,0,0,0.02
15291,Military History: Commander - Europe at War,PSP,Strategy,Slitherine Software,0,0.01,0,0.01,0.02
15294,Stormrise,PC,Strategy,Sega,0,0.02,0,0,0.02
15312,War Leaders: Clash of Nations,PC,Strategy,CDV Software Entertainment,0,0.02,0,0,0.02
15320,Hot 'n' Cold,DS,Action,Majesco Entertainment,0.02,0,0,0,0.02
15348,Casper's Scare School: Spooky Sports Day,Wii,Sports,Blast! Entertainment Ltd,0.02,0,0,0,0.02
15383,Cross Treasures,DS,Role-Playing,Square Enix,0,0,0.02,0,0.02
15415,Puzzle City,DS,Puzzle,Destineer,0.02,0,0,0,0.02
15441,Warship Gunner 2 Portable,PSP,Simulation,Tecmo Koei,0,0,0.02,0,0.02
15444,Mini Ninjas,PC,Action,Eidos Interactive,0,0.02,0,0,0.02
15468,Garfield Gets Real,DS,Action,Zushi Games,0,0.02,0,0,0.02
15483,"Transformers: Revenge of the Fallen (XBox 360, PS3, & PC Versions)",PC,Shooter,Activision,0.02,0,0,0,0.02
15500,Army Rescue,Wii,Shooter,UFO Interactive,0.02,0,0,0,0.02
15514,Higurashi no Naku Koro ni: Jan,PSP,Misc,AQ Interactive,0,0,0.02,0,0.02
15517,Triggerheart Excelica Enhanced,PS2,Shooter,Alchemist,0,0,0.02,0,0.02
15519,Battle Spirits: Kiseki no Hasha,PSP,Role-Playing,Namco Bandai Games,0,0,0.02,0,0.02
15550,Reversal Challenge,DS,Misc,Tommo,0.02,0,0,0,0.02
15570,Mary King's Riding School 2,Wii,Simulation,Midas Interactive Entertainment,0,0.02,0,0,0.02
15574,WorldShift,PC,Strategy,Playlogic Game Factory,0.02,0,0,0,0.02
15576,Casper's Scare School: Spooky Sports Day,DS,Sports,Blast! Entertainment Ltd,0.02,0,0,0,0.02
15578,My Hero: Doctor,DS,Action,Majesco Entertainment,0.02,0,0,0,0.02
15607,Aqua Panic!,DS,Puzzle,Neko Entertainment,0.01,0.01,0,0,0.02
15641,Elminage II: Sousei no Megami to Unmei no Daichi,PSP,Role-Playing,Starfish,0,0,0.02,0,0.02
15648,PDC World Championship Darts 2009,Wii,Sports,Oxygen Interactive,0,0.02,0,0,0.02
15660,SBK09 Superbike World Championship,PS3,Racing,Black Bean Games,0,0.01,0,0,0.02
15676,Antiphona no Seikahime: Tenshi no Gakufu Op.A,PSP,Role-Playing,Nippon Ichi Software,0,0,0.02,0,0.02
15705,Planetarian: Chiisana Hoshi no Yume,PSP,Adventure,Prototype,0,0,0.02,0,0.02
15708,Sarah: Keeper of the Unicorn,DS,Adventure,DreamCatcher Interactive,0.02,0,0,0,0.02
15733,Super Speed Machines,DS,Racing,Midas Interactive Entertainment,0.02,0,0,0,0.02
15736,DJ Star,DS,Misc,Deep Silver,0.01,0,0,0,0.02
15745,My Ballet Studio,DS,Simulation,505 Games,0.01,0,0,0,0.02
15746,Postman Pat: Special Delivery Service,DS,Misc,GSP,0,0.01,0,0,0.02
15760,Hurry Up Hedgehog!,DS,Racing,O-Games,0.02,0,0,0,0.02
15761,Hands On! Tangrams,DS,Puzzle,Storm City Games,0.02,0,0,0,0.02
15770,Still Life 2,PC,Adventure,Rondomedia,0,0.01,0,0,0.02
15789,Mana Khemia 2: Ochita Gakuen to Renkinjutsushi Tachi Portable+,PSP,Role-Playing,Gust,0,0,0.02,0,0.02
15805,Football Academy,DS,Sports,Electronic Arts,0,0.01,0,0,0.02
15806,Kimi ni Todoke: Sodateru Omoi,DS,Adventure,Banpresto,0,0,0.02,0,0.02
15815,Tsuyo Kiss 2 Gakki: Swift Love,PS2,Adventure,Revolution (Japan),0,0,0.02,0,0.02
15839,The Dark Hills of Cherai,PC,Puzzle,Unknown,0,0.01,0,0,0.02
15851,Joint Operations: Combined Arms,PC,Shooter,NovaLogic,0.01,0,0,0,0.02
15858,Drakensang: The Dark Eye,PC,Role-Playing,Eidos Interactive,0.01,0,0,0,0.02
15872,Elven Legacy,PC,Strategy,Paradox Interactive,0.01,0,0,0,0.02
15877,Majesty 2: The Fantasy Kingdom Sim,PC,Simulation,Paradox Interactive,0.01,0,0,0,0.02
15886,Sengoku Hime: Senran ni Mau Otometachi,PS2,Adventure,Yeti,0,0,0.02,0,0.02
15899,Truck Racer,Wii,Racing,Nordic Games,0,0.01,0,0,0.02
15919,Powerbike,DS,Racing,Majesco Entertainment,0.01,0,0,0,0.02
15936,Enkaku Sousa: Sana e no 23 Hiai,PSP,Adventure,Sony Computer Entertainment,0,0,0.02,0,0.02
15951,Poupee Girl DS,DS,Misc,Alvion,0,0,0.02,0,0.02
15974,Memories Off 6: Next Relation,PS2,Adventure,5pb,0,0,0.02,0,0.02
15993,Shinseiki Evangelion: Battle Orchestra Portable,PSP,Fighting,Broccoli,0,0,0.01,0,0.01
15997,S.Y.K: Shinsetsu Saiyuuki,PS2,Adventure,Idea Factory,0,0,0.01,0,0.01
15998,Football Manager Live,PC,Sports,Sega,0,0.01,0,0,0.01
16003,Smart Kid's Mega Game Mix,DS,Misc,UFO Interactive,0.01,0,0,0,0.01
16008,Sengoku Hime: Senran ni Mau Otometachi,PSP,Adventure,Yeti,0,0,0.01,0,0.01
16028,The Last Remnant,PC,Role-Playing,Square Enix,0,0.01,0,0,0.01
16034,Kono Aozora ni Yakusoku o: Tenohira no Rakuen,PSP,Adventure,TGL,0,0,0.01,0,0.01
16073,East India Company,PC,Strategy,Paradox Interactive,0.01,0,0,0,0.01
16077,Umihara Kawase Jun: Second Edition Kanzenban,DS,Puzzle,Genterprise,0,0,0.01,0,0.01
16080,Destiny Links,DS,Role-Playing,Namco Bandai Games,0,0,0.01,0,0.01
16091,Hiiro no Kakera: Shin Tamayori Hime Denshou,PS2,Adventure,Idea Factory,0,0,0.01,0,0.01
16095,Superstars V8 Racing,X360,Racing,Black Bean Games,0,0.01,0,0,0.01
16100,Super PickUps,Wii,Racing,XS Games,0.01,0,0,0,0.01
16103,Konami Classics Vol. 2,X360,Misc,Konami Digital Entertainment,0.01,0,0,0,0.01
16118,Brain Exercise With Dr. Kawashima,PC,Puzzle,Namco Bandai Games,0,0.01,0,0,0.01
16128,Tantei Jinguuji Saburo DS: Fuserareta Shinjitsu,DS,Adventure,Arc System Works,0,0,0.01,0,0.01
16140,Game Book DS: Sword World 2.0,DS,Role-Playing,Broccoli,0,0,0.01,0,0.01
16145,WSC REAL 09: World Snooker Championship,PS3,Sports,Deep Silver,0,0.01,0,0,0.01
16163,Raven Squad: Operation Hidden Dagger,PC,Shooter,Evolved Games,0.01,0,0,0,0.01
16169,Smiley World: Island Challenge,DS,Puzzle,Zoo Digital Publishing,0.01,0,0,0,0.01
16173,Shepherd's Crossing,PSP,Simulation,Success,0,0,0.01,0,0.01
16175,Military History: Commander - Europe at War,DS,Strategy,Slitherine Software,0,0.01,0,0,0.01
16176,Tactics Layer: Ritina Guard Senki,DS,Strategy,D3Publisher,0,0,0.01,0,0.01
16188,Tantei Jinguuji Saburo: Hai to Diamond,PSP,Adventure,Arc System Works,0,0,0.01,0,0.01
16189,BattleForge,PC,Strategy,Electronic Arts,0,0.01,0,0,0.01
16191,Toro to Morimori,PS3,Misc,Sony Computer Entertainment,0,0,0.01,0,0.01
16213,Groovin' Blocks,Wii,Puzzle,Zoo Games,0.01,0,0,0,0.01
16215,Gardening Guide: How to get Green Fingers,DS,Misc,Mindscape,0,0.01,0,0,0.01
16251,Gokuhou!! Mecha Mote Iinchou: Girls Motekawa Box,DS,Simulation,Konami Digital Entertainment,0,0,0.01,0,0.01
16260,Makai Senki Disgaea 3 Append Disc: Raspberyl-hen Hajime Mashita,PS3,Role-Playing,Nippon Ichi Software,0,0,0.01,0,0.01
16261,Championship Manager 2010,PC,Sports,Eidos Interactive,0,0.01,0,0,0.01
16266,Mamoru-kun wa Norowarete Shimatta!,X360,Shooter,G.Rev,0,0,0.01,0,0.01
16274,The Humans: Meet the Ancestors!,DS,Puzzle,Deep Silver,0.01,0,0,0,0.01
16282,Rakushou! Pachi-Slot Sengen 6: Rio 2 Cruising Vanadis,PS2,Misc,Tecmo Koei,0,0,0.01,0,0.01
16286,The Chronicles of Riddick: Assault on Dark Athena,PC,Shooter,Vivendi Games,0,0.01,0,0,0.01
16296,Jambo! Safari Animal Rescue,DS,Simulation,Sega,0.01,0,0,0,0.01
16315,Fuun Shinsengumi Bakumatsuden Portable,PSP,Action,From Software,0.01,0,0,0,0.01
16316,Musou Tourou,PSP,Strategy,Nippon Ichi Software,0,0,0.01,0,0.01
16317,Really? Really! DS,DS,Adventure,Kadokawa Shoten,0,0,0.01,0,0.01
16332,Element Hunter,DS,Role-Playing,Namco Bandai Games,0,0,0.01,0,0.01
16340,Shinseiki Evangelion: Koutetsu no Girlfriend Tokubetsu-Hen Portable,PSP,Adventure,CyberFront,0,0,0.01,0,0.01
16341,Fullmetal Alchemist: Prince of the Dawn,Wii,Adventure,Square Enix,0,0,0.01,0,0.01
16346,Sekirei: Mirai Kara no Okurimono,PS2,Adventure,Alchemist,0,0,0.01,0,0.01
16353,Kenka Banchou Portable,PSP,Action,Spike,0,0,0.01,0,0.01
16359,The Amazing Spider-Man (DS & Mobile Versions),PSP,Action,Eidos Interactive,0,0.01,0,0,0.01
16371,Wand of Fortune,PS2,Adventure,Idea Factory,0,0,0.01,0,0.01
16373,Gobliiins 4,PC,Adventure,Kalypso Media,0,0.01,0,0,0.01
16377,Cross Edge Dash,X360,Role-Playing,Compile Heart,0,0,0.01,0,0.01
16392,WSC REAL 09: World Snooker Championship,X360,Sports,Deep Silver,0,0.01,0,0,0.01
16400,Heart no Kuni no Alice,PSP,Adventure,Prototype,0,0,0.01,0,0.01
16403,Pro Evolution Soccer 2010,PC,Sports,Konami Digital Entertainment,0,0.01,0,0,0.01
16405,Tenchu San Portable,PSP,Action,From Software,0,0,0.01,0,0.01
16415,Time Leap,X360,Adventure,Prototype,0,0,0.01,0,0.01
16420,th!nk Logic Trainer,Wii,Puzzle,Conspiracy Entertainment,0.01,0,0,0,0.01
16421,"Tennis no Oji-Sama: Doubles no Oji-Sama - Boys, Be Glorious!",DS,Sports,Konami Digital Entertainment,0,0,0.01,0,0.01
16424,Uchida Yasuou Mystery: Meitantei Senken Mitsuhiko Series: Fukutoshin Renzoku Satsujin Jiken,DS,Adventure,D3Publisher,0,0,0.01,0,0.01
16435,Shinseiki Evangelion: Koutetsu no Girlfriend 2nd Portable,PSP,Adventure,CyberFront,0,0,0.01,0,0.01
16452,King's Bounty: Armored Princess,PC,Role-Playing,1C Company,0,0.01,0,0,0.01
16470,Memories Off #5: Togireta Film,PSP,Adventure,5pb,0,0,0.01,0,0.01
16472,Lucian Bee's: Resurrection Supernova,PS2,Adventure,5pb,0,0,0.01,0,0.01
16482,Agatha Christie: Peril at End House,PC,Adventure,JoWood Productions,0,0.01,0,0,0.01
16512,Trine,PC,Action,Nobilis,0,0.01,0,0,0.01
16514,Pony Friends 2,PC,Simulation,Eidos Interactive,0,0.01,0,0,0.01
16532,Hirameki Action: Chibikko Wagyan no Daiki na Bouken,DS,Action,Namco Bandai Games,0,0,0.01,0,0.01
16542,Spore Galactic Adventures,PC,Strategy,Electronic Arts,0,0.01,0,0,0.01
16543,15 Days,PC,Adventure,DTP Entertainment,0,0.01,0,0,0.01
16554,Sweet Honey Coming,PS2,Adventure,Kadokawa Shoten,0,0,0.01,0,0.01
16580,Damnation,PC,Shooter,Codemasters,0,0.01,0,0,0.01
16589,Secret Files 2: Puritas Cordis,DS,Adventure,Deep Silver,0,0.01,0,0,0.01
16590,Mezase!! Tsuri Master DS,DS,Sports,Hudson Soft,0,0,0.01,0,0.01
