,Año,Clave_Ent,Entidad,Bien jurídico afectado,Tipo de delito,Subtipo de delito,Modalidad,Enero,Febrero,Marzo
0,2026,1,Aguascalientes,La vida y la Integridad corporal,Homicidio,Homicidio doloso,Con arma blanca,1,1,1
1,2026,1,Aguascalientes,La vida y la Integridad corporal,Homicidio,Homicidio doloso,Con arma de fuego,4,3,2
2,2026,1,Aguascalientes,La vida y la Integridad corporal,Homicidio,Homicidio doloso,Con otro elemento,0,0,1
3,2026,1,Aguascalientes,La vida y la Integridad corporal,Homicidio,Homicidio doloso,No especificado,0,0,0
4,2026,1,Aguascalientes,La vida y la Integridad corporal,Homicidio,Tentativa de homicidio doloso,Tentativa de homicidio doloso,1,0,1
5,2026,1,Aguascalientes,La vida y la Integridad corporal,Homicidio,Homicidio culposo,Con arma blanca,0,0,0
6,2026,1,Aguascalientes,La vida y la Integridad corporal,Homicidio,Homicidio culposo,Con arma de fuego,0,0,0
7,2026,1,Aguascalientes,La vida y la Integridad corporal,Homicidio,Homicidio culposo,Con otro elemento,0,1,0
8,2026,1,Aguascalientes,La vida y la Integridad corporal,Homicidio,Homicidio culposo,En accidente de transito,10,8,11
9,2026,1,Aguascalientes,La vida y la Integridad corporal,Homicidio,Homicidio culposo,No especificado,1,0,0
10,2026,1,Aguascalientes,La vida y la Integridad corporal,Otros delitos que atentan contra la vida y la integridad corporal,Otros delitos que atentan contra la vida y la integridad corporal,Otros delitos que atentan contra la vida y la integridad corporal,11,6,4
11,2026,1,Aguascalientes,La vida y la Integridad corporal,Lesiones,Lesiones dolosas,Con arma blanca,21,21,31
12,2026,1,Aguascalientes,La vida y la Integridad corporal,Lesiones,Lesiones dolosas,Con arma de fuego,6,1,4
13,2026,1,Aguascalientes,La vida y la Integridad corporal,Lesiones,Lesiones dolosas,Con otro elemento,163,176,305
14,2026,1,Aguascalientes,La vida y la Integridad corporal,Lesiones,Lesiones dolosas,No especificado,48,56,6
15,2026,1,Aguascalientes,La vida y la Integridad corporal,Lesiones,Lesiones culposas,Con arma blanca,0,1,0
16,2026,1,Aguascalientes,La vida y la Integridad corporal,Lesiones,Lesiones culposas,Con arma de fuego,0,1,0
17,2026,1,Aguascalientes,La vida y la Integridad corporal,Lesiones,Lesiones culposas,Con otro elemento,9,7,10
18,2026,1,Aguascalientes,La vida y la Integridad corporal,Lesiones,Lesiones culposas,En accidente de transito,79,80,81
19,2026,1,Aguascalientes,La vida y la Integridad corporal,Lesiones,Lesiones culposas,No especificado,0,4,1
20,2026,1,Aguascalientes,La vida y la Integridad corporal,Feminicidio,Feminicidio,Con arma blanca,0,0,0
21,2026,1,Aguascalientes,La vida y la Integridad corporal,Feminicidio,Feminicidio,Con arma de fuego,0,0,0
22,2026,1,Aguascalientes,La vida y la Integridad corporal,Feminicidio,Feminicidio,Con otro elemento,0,0,0
23,2026,1,Aguascalientes,La vida y la Integridad corporal,Feminicidio,Feminicidio,No especificado,0,0,0
24,2026,1,Aguascalientes,La vida y la Integridad corporal,Feminicidio,Tentativa de feminicidio,Tentativa de feminicidio,0,0,1
25,2026,1,Aguascalientes,La vida y la Integridad corporal,Aborto,Aborto,Aborto,1,1,0
26,2026,1,Aguascalientes,Libertad personal,Otros delitos que atentan contra la libertad personal,Otros delitos que atentan contra la libertad personal,Otros delitos que atentan contra la libertad personal,0,1,0
27,2026,1,Aguascalientes,Libertad personal,Secuestro,Secuestro extorsivo,Secuestro extorsivo,0,0,0
28,2026,1,Aguascalientes,Libertad personal,Secuestro,Secuestro con calidad de rehen,Secuestro con calidad de rehen,0,0,0
29,2026,1,Aguascalientes,Libertad personal,Secuestro,Secuestro para causar dano,Secuestro para causar dano,0,0,0
30,2026,1,Aguascalientes,Libertad personal,Secuestro,Secuestro expres,Secuestro expres,0,0,0
31,2026,1,Aguascalientes,Libertad personal,Trafico de menores,Trafico de menores,Trafico de menores,0,0,0
32,2026,1,Aguascalientes,Libertad personal,Rapto,Rapto,Rapto,0,0,0
33,2026,1,Aguascalientes,Libertad personal,Privacion ilegal de la libertad,Privacion ilegal de la libertad,Privacion ilegal de la libertad,8,4,6
34,2026,1,Aguascalientes,Libertad personal,Retencion o sustraccion de menores e incapaces,Retencion o sustraccion de menores e incapaces,Retencion o sustraccion de menores e incapaces,13,13,15
35,2026,1,Aguascalientes,La libertad y la seguridad sexual,Abuso sexual,Abuso sexual,Abuso sexual,0,0,48
36,2026,1,Aguascalientes,La libertad y la seguridad sexual,Otros delitos que atentan contra la libertad y la seguridad sexual,Otros delitos que atentan contra la libertad y la seguridad sexual,Otros delitos que atentan contra la libertad y la seguridad sexual,39,41,5
37,2026,1,Aguascalientes,La libertad y la seguridad sexual,Acoso sexual,Acoso sexual,Acoso sexual,0,0,0
38,2026,1,Aguascalientes,La libertad y la seguridad sexual,Hostigamiento sexual,Hostigamiento sexual,Hostigamiento sexual,11,6,12
39,2026,1,Aguascalientes,La libertad y la seguridad sexual,Incesto,Incesto,Incesto,0,0,0
40,2026,1,Aguascalientes,La libertad y la seguridad sexual,Violacion,Violacion simple,Violacion simple,18,12,14
41,2026,1,Aguascalientes,La libertad y la seguridad sexual,Violacion,Violacion equiparada,Violacion equiparada,10,15,12
42,2026,1,Aguascalientes,La libertad y la seguridad sexual,Violacion a la intimidad sexual,Violacion a la intimidad sexual,Violacion a la intimidad sexual,0,0,0
43,2026,1,Aguascalientes,El patrimonio,Otros delitos contra el patrimonio,Otros delitos contra el patrimonio,Otros delitos contra el patrimonio,11,8,8
44,2026,1,Aguascalientes,El patrimonio,Robo,Robo a casa habitacion,Con violencia,9,2,2
45,2026,1,Aguascalientes,El patrimonio,Robo,Robo a casa habitacion,Sin violencia,142,101,131
46,2026,1,Aguascalientes,El patrimonio,Robo,Robo de vehiculo automotor - Coche de 4 ruedas,Con violencia,5,2,1
47,2026,1,Aguascalientes,El patrimonio,Robo,Robo de vehiculo automotor - Coche de 4 ruedas,Sin violencia,24,18,17
48,2026,1,Aguascalientes,El patrimonio,Robo,Robo de vehiculo automotor - Motocicleta,Con violencia,1,7,8
49,2026,1,Aguascalientes,El patrimonio,Robo,Robo de vehiculo automotor - Motocicleta,Sin violencia,71,84,81
50,2026,1,Aguascalientes,El patrimonio,Robo,Robo de vehiculo automotor - Embarcaciones,Con violencia,0,0,0
51,2026,1,Aguascalientes,El patrimonio,Robo,Robo de vehiculo automotor - Embarcaciones,Sin violencia,0,0,0
52,2026,1,Aguascalientes,El patrimonio,Robo,Robo de autopartes,Con violencia,0,0,0
53,2026,1,Aguascalientes,El patrimonio,Robo,Robo de autopartes,Sin violencia,18,9,19
54,2026,1,Aguascalientes,El patrimonio,Robo,Robo a transportista,Con violencia,0,0,0
55,2026,1,Aguascalientes,El patrimonio,Robo,Robo a transportista,Sin violencia,0,0,0
56,2026,1,Aguascalientes,El patrimonio,Robo,Robo a transeunte en via publica,Con violencia,37,31,49
57,2026,1,Aguascalientes,El patrimonio,Robo,Robo a transeunte en via publica,Sin violencia,65,45,59
58,2026,1,Aguascalientes,El patrimonio,Robo,Robo a transeunte en espacio abierto al publico,Con violencia,0,2,0
59,2026,1,Aguascalientes,El patrimonio,Robo,Robo a transeunte en espacio abierto al publico,Sin violencia,0,0,1
60,2026,1,Aguascalientes,El patrimonio,Robo,Robo en transporte publico individual,Con violencia,3,4,11
61,2026,1,Aguascalientes,El patrimonio,Robo,Robo en transporte publico individual,Sin violencia,6,3,5
62,2026,1,Aguascalientes,El patrimonio,Robo,Robo en transporte publico colectivo,Con violencia,0,0,0
63,2026,1,Aguascalientes,El patrimonio,Robo,Robo en transporte publico colectivo,Sin violencia,2,1,1
64,2026,1,Aguascalientes,El patrimonio,Robo,Robo en transporte individual,Con violencia,2,0,1
65,2026,1,Aguascalientes,El patrimonio,Robo,Robo en transporte individual,Sin violencia,0,0,1
66,2026,1,Aguascalientes,El patrimonio,Robo,Robo a institucion bancaria,Con violencia,0,0,0
67,2026,1,Aguascalientes,El patrimonio,Robo,Robo a institucion bancaria,Sin violencia,0,0,0
68,2026,1,Aguascalientes,El patrimonio,Robo,Robo a negocio,Con violencia,20,11,33
69,2026,1,Aguascalientes,El patrimonio,Robo,Robo a negocio,Sin violencia,111,108,126
70,2026,1,Aguascalientes,El patrimonio,Robo,Robo de ganado,Con violencia,0,0,0
71,2026,1,Aguascalientes,El patrimonio,Robo,Robo de ganado,Sin violencia,12,17,13
72,2026,1,Aguascalientes,El patrimonio,Robo,Robo de maquinaria - Herramienta industrial o agricola,Con violencia,0,0,0
73,2026,1,Aguascalientes,El patrimonio,Robo,Robo de maquinaria - Herramienta industrial o agricola,Sin violencia,0,0,0
74,2026,1,Aguascalientes,El patrimonio,Robo,Robo de maquinaria - Tractores y/o montacargas,Con violencia,0,0,0
75,2026,1,Aguascalientes,El patrimonio,Robo,Robo de maquinaria - Tractores y/o montacargas,Sin violencia,0,0,1
76,2026,1,Aguascalientes,El patrimonio,Robo,"Robo de maquinaria - Cables, tubos y otros objetos destinados a servicios publicos",Con violencia,0,0,0
77,2026,1,Aguascalientes,El patrimonio,Robo,"Robo de maquinaria - Cables, tubos y otros objetos destinados a servicios publicos",Sin violencia,0,0,0
78,2026,1,Aguascalientes,El patrimonio,Robo,Otros robos,Con violencia,1,5,2
79,2026,1,Aguascalientes,El patrimonio,Robo,Otros robos,Sin violencia,170,168,196
80,2026,1,Aguascalientes,El patrimonio,Fraude,Fraude,Fraude,193,165,243
81,2026,1,Aguascalientes,El patrimonio,Abuso de confianza,Abuso de confianza,Abuso de confianza,71,64,72
82,2026,1,Aguascalientes,El patrimonio,Extorsion,Extorsion presencial,Extorsion presencial,1,0,0
83,2026,1,Aguascalientes,El patrimonio,Extorsion,Tentativa de extorsion presencial,Tentativa de extorsion presencial,0,0,0
84,2026,1,Aguascalientes,El patrimonio,Extorsion,Extorsion por otros medios,Extorsion por otros medios,0,0,1
85,2026,1,Aguascalientes,El patrimonio,Extorsion,Tentativa de extorsion por otros medios,Tentativa de extorsion por otros medios,1,2,0
86,2026,1,Aguascalientes,El patrimonio,Dano a la propiedad,Dano a la propiedad,Dano a la propiedad,409,382,464
87,2026,1,Aguascalientes,El patrimonio,Despojo,Despojo,Despojo,35,34,33
88,2026,1,Aguascalientes,La familia,Otros delitos contra la familia,Otros delitos contra la familia,Otros delitos contra la familia,2,5,6
89,2026,1,Aguascalientes,La familia,Violencia familiar,Violencia familiar,Violencia familiar,206,190,233
90,2026,1,Aguascalientes,La familia,Violencia de genero en todas sus modalidades distinta a la violencia familiar,Violencia de genero en todas sus modalidades distinta a la violencia familiar,Violencia de genero en todas sus modalidades distinta a la violencia familiar,1,2,1
91,2026,1,Aguascalientes,La familia,Incumplimiento de obligaciones de asistencia familiar,Incumplimiento de obligaciones de asistencia familiar,Incumplimiento de obligaciones de asistencia familiar,26,26,24
92,2026,1,Aguascalientes,La sociedad,Corrupcion de menores,Corrupcion de menores,Corrupcion de menores,6,6,7
93,2026,1,Aguascalientes,La sociedad,Otros delitos contra la sociedad,Otros delitos contra la sociedad,Otros delitos contra la sociedad,0,0,0
94,2026,1,Aguascalientes,La sociedad,Trata de personas,Trata de personas con fines de explotacion sexual,Trata de personas con fines de explotacion sexual,0,0,1
95,2026,1,Aguascalientes,La sociedad,Trata de personas,Trata de personas con fines de trabajo o servicios forzados,Trata de personas con fines de trabajo o servicios forzados,0,0,0
96,2026,1,Aguascalientes,La sociedad,Trata de personas,Trata de personas con fines de trafico de organos,Trata de personas con fines de trafico de organos,0,0,0
97,2026,1,Aguascalientes,La sociedad,Trata de personas,Trata de personas con otros fines,Trata de personas con otros fines,0,0,0
98,2026,1,Aguascalientes,La sociedad,Pornografia infantil,Pornografia infantil,Pornografia infantil,0,1,1
99,2026,1,Aguascalientes,La sociedad,Discriminacion,Discriminacion,Discriminacion,0,0,0
100,2026,1,Aguascalientes,Otros bienes juridicos afectados (del fuero comun),Narcomenudeo,Narcomenudeo posesion simple,Narcomenudeo posesion simple,389,303,312
101,2026,1,Aguascalientes,Otros bienes juridicos afectados (del fuero comun),Otros delitos del Fuero Comun,Otros delitos del Fuero Comun,Otros delitos del Fuero Comun,385,419,437
102,2026,1,Aguascalientes,Otros bienes juridicos afectados (del fuero comun),Narcomenudeo,Narcomenudeo con fines de venta,Narcomenudeo con fines de venta,0,0,0
103,2026,1,Aguascalientes,Otros bienes juridicos afectados (del fuero comun),Amenazas,Amenazas,Amenazas,200,208,258
104,2026,1,Aguascalientes,Otros bienes juridicos afectados (del fuero comun),Allanamiento de morada,Allanamiento de morada,Allanamiento de morada,32,42,49
105,2026,1,Aguascalientes,Otros bienes juridicos afectados (del fuero comun),Evasion de presos,Evasion de presos,Evasion de presos,0,0,0
106,2026,1,Aguascalientes,Otros bienes juridicos afectados (del fuero comun),Falsedad,Falsedad,Falsedad,7,11,12
107,2026,1,Aguascalientes,Otros bienes juridicos afectados (del fuero comun),Falsificacion,Falsificacion,Falsificacion,37,49,41
108,2026,1,Aguascalientes,Otros bienes juridicos afectados (del fuero comun),Contra el medio ambiente,Contra el medio ambiente,Contra el medio ambiente,5,8,9
109,2026,1,Aguascalientes,Otros bienes juridicos afectados (del fuero comun),Delitos cometidos por servidores publicos,Delitos cometidos por servidores publicos,Delitos cometidos por servidores publicos,42,31,30
110,2026,1,Aguascalientes,Otros bienes juridicos afectados (del fuero comun),Electorales,Electorales,Electorales,2,0,0
111,2026,1,Aguascalientes,Otros bienes juridicos afectados (del fuero comun),Delitos contra la administracion de justicia,Delitos contra la administracion de justicia,Delitos contra la administracion de justicia,0,0,0
112,2026,1,Aguascalientes,Otros bienes juridicos afectados (del fuero comun),Suplantacion y usurpacion de identidad,Suplantacion y usurpacion de identidad,Suplantacion y usurpacion de identidad,13,13,27
113,2026,1,Aguascalientes,Otros bienes juridicos afectados (del fuero comun),Tortura,Tortura,Tortura,2,5,2
114,2026,2,Baja California,La vida y la Integridad corporal,Homicidio,Homicidio doloso,Con arma blanca,12,11,4
115,2026,2,Baja California,La vida y la Integridad corporal,Homicidio,Homicidio doloso,Con arma de fuego,72,73,84
116,2026,2,Baja California,La vida y la Integridad corporal,Homicidio,Homicidio doloso,Con otro elemento,26,17,14
117,2026,2,Baja California,La vida y la Integridad corporal,Homicidio,Homicidio doloso,No especificado,0,0,10
118,2026,2,Baja California,La vida y la Integridad corporal,Homicidio,Tentativa de homicidio doloso,Tentativa de homicidio doloso,32,40,32
119,2026,2,Baja California,La vida y la Integridad corporal,Homicidio,Homicidio culposo,Con arma blanca,0,0,0
120,2026,2,Baja California,La vida y la Integridad corporal,Homicidio,Homicidio culposo,Con arma de fuego,0,0,0
121,2026,2,Baja California,La vida y la Integridad corporal,Homicidio,Homicidio culposo,Con otro elemento,6,2,2
122,2026,2,Baja California,La vida y la Integridad corporal,Homicidio,Homicidio culposo,En accidente de transito,20,26,45
123,2026,2,Baja California,La vida y la Integridad corporal,Homicidio,Homicidio culposo,No especificado,0,0,3
124,2026,2,Baja California,La vida y la Integridad corporal,Otros delitos que atentan contra la vida y la integridad corporal,Otros delitos que atentan contra la vida y la integridad corporal,Otros delitos que atentan contra la vida y la integridad corporal,15,70,107
125,2026,2,Baja California,La vida y la Integridad corporal,Lesiones,Lesiones dolosas,Con arma blanca,24,13,37
126,2026,2,Baja California,La vida y la Integridad corporal,Lesiones,Lesiones dolosas,Con arma de fuego,9,12,13
127,2026,2,Baja California,La vida y la Integridad corporal,Lesiones,Lesiones dolosas,Con otro elemento,287,349,434
128,2026,2,Baja California,La vida y la Integridad corporal,Lesiones,Lesiones dolosas,No especificado,0,0,0
129,2026,2,Baja California,La vida y la Integridad corporal,Lesiones,Lesiones culposas,Con arma blanca,1,1,1
130,2026,2,Baja California,La vida y la Integridad corporal,Lesiones,Lesiones culposas,Con arma de fuego,0,0,0
131,2026,2,Baja California,La vida y la Integridad corporal,Lesiones,Lesiones culposas,Con otro elemento,112,86,149
132,2026,2,Baja California,La vida y la Integridad corporal,Lesiones,Lesiones culposas,En accidente de transito,19,20,0
133,2026,2,Baja California,La vida y la Integridad corporal,Lesiones,Lesiones culposas,No especificado,0,0,0
134,2026,2,Baja California,La vida y la Integridad corporal,Feminicidio,Feminicidio,Con arma blanca,0,0,1
135,2026,2,Baja California,La vida y la Integridad corporal,Feminicidio,Feminicidio,Con arma de fuego,0,0,1
136,2026,2,Baja California,La vida y la Integridad corporal,Feminicidio,Feminicidio,Con otro elemento,0,2,0
137,2026,2,Baja California,La vida y la Integridad corporal,Feminicidio,Feminicidio,No especificado,0,0,0
138,2026,2,Baja California,La vida y la Integridad corporal,Feminicidio,Tentativa de feminicidio,Tentativa de feminicidio,3,1,2
139,2026,2,Baja California,La vida y la Integridad corporal,Aborto,Aborto,Aborto,6,5,7
140,2026,2,Baja California,Libertad personal,Otros delitos que atentan contra la libertad personal,Otros delitos que atentan contra la libertad personal,Otros delitos que atentan contra la libertad personal,16,5,12
141,2026,2,Baja California,Libertad personal,Secuestro,Secuestro extorsivo,Secuestro extorsivo,0,0,0
142,2026,2,Baja California,Libertad personal,Secuestro,Secuestro con calidad de rehen,Secuestro con calidad de rehen,0,0,0
143,2026,2,Baja California,Libertad personal,Secuestro,Secuestro para causar dano,Secuestro para causar dano,0,0,0
144,2026,2,Baja California,Libertad personal,Secuestro,Secuestro expres,Secuestro expres,0,0,0
145,2026,2,Baja California,Libertad personal,Trafico de menores,Trafico de menores,Trafico de menores,0,0,0
146,2026,2,Baja California,Libertad personal,Rapto,Rapto,Rapto,0,0,0
147,2026,2,Baja California,Libertad personal,Privacion ilegal de la libertad,Privacion ilegal de la libertad,Privacion ilegal de la libertad,32,47,53
148,2026,2,Baja California,Libertad personal,Retencion o sustraccion de menores e incapaces,Retencion o sustraccion de menores e incapaces,Retencion o sustraccion de menores e incapaces,63,59,81
149,2026,2,Baja California,La libertad y la seguridad sexual,Abuso sexual,Abuso sexual,Abuso sexual,126,118,169
150,2026,2,Baja California,La libertad y la seguridad sexual,Otros delitos que atentan contra la libertad y la seguridad sexual,Otros delitos que atentan contra la libertad y la seguridad sexual,Otros delitos que atentan contra la libertad y la seguridad sexual,9,21,29
151,2026,2,Baja California,La libertad y la seguridad sexual,Acoso sexual,Acoso sexual,Acoso sexual,13,35,14
152,2026,2,Baja California,La libertad y la seguridad sexual,Hostigamiento sexual,Hostigamiento sexual,Hostigamiento sexual,102,118,20
153,2026,2,Baja California,La libertad y la seguridad sexual,Incesto,Incesto,Incesto,0,0,0
154,2026,2,Baja California,La libertad y la seguridad sexual,Violacion,Violacion simple,Violacion simple,48,58,70
155,2026,2,Baja California,La libertad y la seguridad sexual,Violacion,Violacion equiparada,Violacion equiparada,12,11,19
156,2026,2,Baja California,La libertad y la seguridad sexual,Violacion a la intimidad sexual,Violacion a la intimidad sexual,Violacion a la intimidad sexual,30,34,30
157,2026,2,Baja California,El patrimonio,Otros delitos contra el patrimonio,Otros delitos contra el patrimonio,Otros delitos contra el patrimonio,54,53,38
158,2026,2,Baja California,El patrimonio,Robo,Robo a casa habitacion,Con violencia,10,13,8
159,2026,2,Baja California,El patrimonio,Robo,Robo a casa habitacion,Sin violencia,127,102,136
160,2026,2,Baja California,El patrimonio,Robo,Robo de vehiculo automotor - Coche de 4 ruedas,Con violencia,50,49,61
161,2026,2,Baja California,El patrimonio,Robo,Robo de vehiculo automotor - Coche de 4 ruedas,Sin violencia,506,493,474
162,2026,2,Baja California,El patrimonio,Robo,Robo de vehiculo automotor - Motocicleta,Con violencia,4,13,13
163,2026,2,Baja California,El patrimonio,Robo,Robo de vehiculo automotor - Motocicleta,Sin violencia,78,61,83
164,2026,2,Baja California,El patrimonio,Robo,Robo de vehiculo automotor - Embarcaciones,Con violencia,0,0,0
165,2026,2,Baja California,El patrimonio,Robo,Robo de vehiculo automotor - Embarcaciones,Sin violencia,0,0,0
166,2026,2,Baja California,El patrimonio,Robo,Robo de autopartes,Con violencia,0,0,0
167,2026,2,Baja California,El patrimonio,Robo,Robo de autopartes,Sin violencia,10,3,10
168,2026,2,Baja California,El patrimonio,Robo,Robo a transportista,Con violencia,0,0,2
169,2026,2,Baja California,El patrimonio,Robo,Robo a transportista,Sin violencia,3,0,0
170,2026,2,Baja California,El patrimonio,Robo,Robo a transeunte en via publica,Con violencia,140,132,183
171,2026,2,Baja California,El patrimonio,Robo,Robo a transeunte en via publica,Sin violencia,167,150,198
172,2026,2,Baja California,El patrimonio,Robo,Robo a transeunte en espacio abierto al publico,Con violencia,0,0,0
173,2026,2,Baja California,El patrimonio,Robo,Robo a transeunte en espacio abierto al publico,Sin violencia,1,0,0
174,2026,2,Baja California,El patrimonio,Robo,Robo en transporte publico individual,Con violencia,1,0,0
175,2026,2,Baja California,El patrimonio,Robo,Robo en transporte publico individual,Sin violencia,0,1,1
176,2026,2,Baja California,El patrimonio,Robo,Robo en transporte publico colectivo,Con violencia,0,0,0
177,2026,2,Baja California,El patrimonio,Robo,Robo en transporte publico colectivo,Sin violencia,3,3,2
178,2026,2,Baja California,El patrimonio,Robo,Robo en transporte individual,Con violencia,1,2,0
179,2026,2,Baja California,El patrimonio,Robo,Robo en transporte individual,Sin violencia,2,1,3
180,2026,2,Baja California,El patrimonio,Robo,Robo a institucion bancaria,Con violencia,0,1,0
181,2026,2,Baja California,El patrimonio,Robo,Robo a institucion bancaria,Sin violencia,0,0,0
182,2026,2,Baja California,El patrimonio,Robo,Robo a negocio,Con violencia,246,168,196
183,2026,2,Baja California,El patrimonio,Robo,Robo a negocio,Sin violencia,149,132,136
184,2026,2,Baja California,El patrimonio,Robo,Robo de ganado,Con violencia,0,0,0
185,2026,2,Baja California,El patrimonio,Robo,Robo de ganado,Sin violencia,0,6,5
186,2026,2,Baja California,El patrimonio,Robo,Robo de maquinaria - Herramienta industrial o agricola,Con violencia,0,0,0
187,2026,2,Baja California,El patrimonio,Robo,Robo de maquinaria - Herramienta industrial o agricola,Sin violencia,0,0,0
188,2026,2,Baja California,El patrimonio,Robo,Robo de maquinaria - Tractores y/o montacargas,Con violencia,0,0,0
189,2026,2,Baja California,El patrimonio,Robo,Robo de maquinaria - Tractores y/o montacargas,Sin violencia,0,0,0
190,2026,2,Baja California,El patrimonio,Robo,"Robo de maquinaria - Cables, tubos y otros objetos destinados a servicios publicos",Con violencia,0,0,0
191,2026,2,Baja California,El patrimonio,Robo,"Robo de maquinaria - Cables, tubos y otros objetos destinados a servicios publicos",Sin violencia,0,0,0
192,2026,2,Baja California,El patrimonio,Robo,Otros robos,Con violencia,52,50,46
193,2026,2,Baja California,El patrimonio,Robo,Otros robos,Sin violencia,313,400,464
194,2026,2,Baja California,El patrimonio,Fraude,Fraude,Fraude,212,179,205
195,2026,2,Baja California,El patrimonio,Abuso de confianza,Abuso de confianza,Abuso de confianza,41,30,43
196,2026,2,Baja California,El patrimonio,Extorsion,Extorsion presencial,Extorsion presencial,0,0,0
197,2026,2,Baja California,El patrimonio,Extorsion,Tentativa de extorsion presencial,Tentativa de extorsion presencial,0,0,0
198,2026,2,Baja California,El patrimonio,Extorsion,Extorsion por otros medios,Extorsion por otros medios,6,5,29
199,2026,2,Baja California,El patrimonio,Extorsion,Tentativa de extorsion por otros medios,Tentativa de extorsion por otros medios,5,10,0
200,2026,2,Baja California,El patrimonio,Dano a la propiedad,Dano a la propiedad,Dano a la propiedad,455,433,572
201,2026,2,Baja California,El patrimonio,Despojo,Despojo,Despojo,85,94,112
202,2026,2,Baja California,La familia,Otros delitos contra la familia,Otros delitos contra la familia,Otros delitos contra la familia,7,4,1
203,2026,2,Baja California,La familia,Violencia familiar,Violencia familiar,Violencia familiar,1203,1139,1530
204,2026,2,Baja California,La familia,Violencia de genero en todas sus modalidades distinta a la violencia familiar,Violencia de genero en todas sus modalidades distinta a la violencia familiar,Violencia de genero en todas sus modalidades distinta a la violencia familiar,0,0,0
205,2026,2,Baja California,La familia,Incumplimiento de obligaciones de asistencia familiar,Incumplimiento de obligaciones de asistencia familiar,Incumplimiento de obligaciones de asistencia familiar,87,100,102
206,2026,2,Baja California,La sociedad,Corrupcion de menores,Corrupcion de menores,Corrupcion de menores,16,22,24
207,2026,2,Baja California,La sociedad,Otros delitos contra la sociedad,Otros delitos contra la sociedad,Otros delitos contra la sociedad,5,115,98
208,2026,2,Baja California,La sociedad,Trata de personas,Trata de personas con fines de explotacion sexual,Trata de personas con fines de explotacion sexual,3,2,3
209,2026,2,Baja California,La sociedad,Trata de personas,Trata de personas con fines de trabajo o servicios forzados,Trata de personas con fines de trabajo o servicios forzados,0,1,0
210,2026,2,Baja California,La sociedad,Trata de personas,Trata de personas con fines de trafico de organos,Trata de personas con fines de trafico de organos,0,0,0
211,2026,2,Baja California,La sociedad,Trata de personas,Trata de personas con otros fines,Trata de personas con otros fines,1,0,0
212,2026,2,Baja California,La sociedad,Pornografia infantil,Pornografia infantil,Pornografia infantil,3,3,5
213,2026,2,Baja California,La sociedad,Discriminacion,Discriminacion,Discriminacion,1,3,1
214,2026,2,Baja California,Otros bienes juridicos afectados (del fuero comun),Narcomenudeo,Narcomenudeo posesion simple,Narcomenudeo posesion simple,666,640,662
215,2026,2,Baja California,Otros bienes juridicos afectados (del fuero comun),Otros delitos del Fuero Comun,Otros delitos del Fuero Comun,Otros delitos del Fuero Comun,640,346,508
216,2026,2,Baja California,Otros bienes juridicos afectados (del fuero comun),Narcomenudeo,Narcomenudeo con fines de venta,Narcomenudeo con fines de venta,0,0,0
217,2026,2,Baja California,Otros bienes juridicos afectados (del fuero comun),Amenazas,Amenazas,Amenazas,284,311,420
218,2026,2,Baja California,Otros bienes juridicos afectados (del fuero comun),Allanamiento de morada,Allanamiento de morada,Allanamiento de morada,227,245,257
219,2026,2,Baja California,Otros bienes juridicos afectados (del fuero comun),Evasion de presos,Evasion de presos,Evasion de presos,0,2,0
220,2026,2,Baja California,Otros bienes juridicos afectados (del fuero comun),Falsedad,Falsedad,Falsedad,15,23,34
221,2026,2,Baja California,Otros bienes juridicos afectados (del fuero comun),Falsificacion,Falsificacion,Falsificacion,13,8,7
222,2026,2,Baja California,Otros bienes juridicos afectados (del fuero comun),Contra el medio ambiente,Contra el medio ambiente,Contra el medio ambiente,1,1,1
223,2026,2,Baja California,Otros bienes juridicos afectados (del fuero comun),Delitos cometidos por servidores publicos,Delitos cometidos por servidores publicos,Delitos cometidos por servidores publicos,45,52,56
224,2026,2,Baja California,Otros bienes juridicos afectados (del fuero comun),Electorales,Electorales,Electorales,0,1,4
225,2026,2,Baja California,Otros bienes juridicos afectados (del fuero comun),Delitos contra la administracion de justicia,Delitos contra la administracion de justicia,Delitos contra la administracion de justicia,3,3,4
226,2026,2,Baja California,Otros bienes juridicos afectados (del fuero comun),Suplantacion y usurpacion de identidad,Suplantacion y usurpacion de identidad,Suplantacion y usurpacion de identidad,51,39,54
227,2026,2,Baja California,Otros bienes juridicos afectados (del fuero comun),Tortura,Tortura,Tortura,2,3,4
228,2026,3,Baja California Sur,La vida y la Integridad corporal,Homicidio,Homicidio doloso,Con arma blanca,0,0,1
229,2026,3,Baja California Sur,La vida y la Integridad corporal,Homicidio,Homicidio doloso,Con arma de fuego,3,3,2
230,2026,3,Baja California Sur,La vida y la Integridad corporal,Homicidio,Homicidio doloso,Con otro elemento,2,1,1
231,2026,3,Baja California Sur,La vida y la Integridad corporal,Homicidio,Homicidio doloso,No especificado,0,0,1
232,2026,3,Baja California Sur,La vida y la Integridad corporal,Homicidio,Tentativa de homicidio doloso,Tentativa de homicidio doloso,0,0,1
233,2026,3,Baja California Sur,La vida y la Integridad corporal,Homicidio,Homicidio culposo,Con arma blanca,0,0,0
234,2026,3,Baja California Sur,La vida y la Integridad corporal,Homicidio,Homicidio culposo,Con arma de fuego,0,0,0
235,2026,3,Baja California Sur,La vida y la Integridad corporal,Homicidio,Homicidio culposo,Con otro elemento,0,0,0
236,2026,3,Baja California Sur,La vida y la Integridad corporal,Homicidio,Homicidio culposo,En accidente de transito,5,1,13
237,2026,3,Baja California Sur,La vida y la Integridad corporal,Homicidio,Homicidio culposo,No especificado,0,5,0
238,2026,3,Baja California Sur,La vida y la Integridad corporal,Otros delitos que atentan contra la vida y la integridad corporal,Otros delitos que atentan contra la vida y la integridad corporal,Otros delitos que atentan contra la vida y la integridad corporal,21,21,15
239,2026,3,Baja California Sur,La vida y la Integridad corporal,Lesiones,Lesiones dolosas,Con arma blanca,9,3,6
240,2026,3,Baja California Sur,La vida y la Integridad corporal,Lesiones,Lesiones dolosas,Con arma de fuego,1,1,0
241,2026,3,Baja California Sur,La vida y la Integridad corporal,Lesiones,Lesiones dolosas,Con otro elemento,86,56,33
242,2026,3,Baja California Sur,La vida y la Integridad corporal,Lesiones,Lesiones dolosas,No especificado,50,61,100
243,2026,3,Baja California Sur,La vida y la Integridad corporal,Lesiones,Lesiones culposas,Con arma blanca,0,0,0
244,2026,3,Baja California Sur,La vida y la Integridad corporal,Lesiones,Lesiones culposas,Con arma de fuego,0,0,0
245,2026,3,Baja California Sur,La vida y la Integridad corporal,Lesiones,Lesiones culposas,Con otro elemento,7,6,0
246,2026,3,Baja California Sur,La vida y la Integridad corporal,Lesiones,Lesiones culposas,En accidente de transito,60,11,65
247,2026,3,Baja California Sur,La vida y la Integridad corporal,Lesiones,Lesiones culposas,No especificado,1,59,8
248,2026,3,Baja California Sur,La vida y la Integridad corporal,Feminicidio,Feminicidio,Con arma blanca,0,0,0
249,2026,3,Baja California Sur,La vida y la Integridad corporal,Feminicidio,Feminicidio,Con arma de fuego,0,0,1
250,2026,3,Baja California Sur,La vida y la Integridad corporal,Feminicidio,Feminicidio,Con otro elemento,0,0,1
251,2026,3,Baja California Sur,La vida y la Integridad corporal,Feminicidio,Feminicidio,No especificado,0,0,0
252,2026,3,Baja California Sur,La vida y la Integridad corporal,Feminicidio,Tentativa de feminicidio,Tentativa de feminicidio,0,0,0
253,2026,3,Baja California Sur,La vida y la Integridad corporal,Aborto,Aborto,Aborto,0,1,1
254,2026,3,Baja California Sur,Libertad personal,Otros delitos que atentan contra la libertad personal,Otros delitos que atentan contra la libertad personal,Otros delitos que atentan contra la libertad personal,0,6,23
255,2026,3,Baja California Sur,Libertad personal,Secuestro,Secuestro extorsivo,Secuestro extorsivo,0,0,0
256,2026,3,Baja California Sur,Libertad personal,Secuestro,Secuestro con calidad de rehen,Secuestro con calidad de rehen,0,0,0
257,2026,3,Baja California Sur,Libertad personal,Secuestro,Secuestro para causar dano,Secuestro para causar dano,0,0,0
258,2026,3,Baja California Sur,Libertad personal,Secuestro,Secuestro expres,Secuestro expres,2,0,0
259,2026,3,Baja California Sur,Libertad personal,Trafico de menores,Trafico de menores,Trafico de menores,0,0,0
260,2026,3,Baja California Sur,Libertad personal,Rapto,Rapto,Rapto,0,0,0
261,2026,3,Baja California Sur,Libertad personal,Privacion ilegal de la libertad,Privacion ilegal de la libertad,Privacion ilegal de la libertad,17,9,9
262,2026,3,Baja California Sur,Libertad personal,Retencion o sustraccion de menores e incapaces,Retencion o sustraccion de menores e incapaces,Retencion o sustraccion de menores e incapaces,21,15,25
263,2026,3,Baja California Sur,La libertad y la seguridad sexual,Abuso sexual,Abuso sexual,Abuso sexual,27,42,50
264,2026,3,Baja California Sur,La libertad y la seguridad sexual,Otros delitos que atentan contra la libertad y la seguridad sexual,Otros delitos que atentan contra la libertad y la seguridad sexual,Otros delitos que atentan contra la libertad y la seguridad sexual,6,4,9
265,2026,3,Baja California Sur,La libertad y la seguridad sexual,Acoso sexual,Acoso sexual,Acoso sexual,13,15,34
266,2026,3,Baja California Sur,La libertad y la seguridad sexual,Hostigamiento sexual,Hostigamiento sexual,Hostigamiento sexual,0,1,1
267,2026,3,Baja California Sur,La libertad y la seguridad sexual,Incesto,Incesto,Incesto,0,0,0
268,2026,3,Baja California Sur,La libertad y la seguridad sexual,Violacion,Violacion simple,Violacion simple,9,9,7
269,2026,3,Baja California Sur,La libertad y la seguridad sexual,Violacion,Violacion equiparada,Violacion equiparada,5,10,9
270,2026,3,Baja California Sur,La libertad y la seguridad sexual,Violacion a la intimidad sexual,Violacion a la intimidad sexual,Violacion a la intimidad sexual,13,11,12
271,2026,3,Baja California Sur,El patrimonio,Otros delitos contra el patrimonio,Otros delitos contra el patrimonio,Otros delitos contra el patrimonio,39,27,40
272,2026,3,Baja California Sur,El patrimonio,Robo,Robo a casa habitacion,Con violencia,1,8,3
273,2026,3,Baja California Sur,El patrimonio,Robo,Robo a casa habitacion,Sin violencia,76,63,65
274,2026,3,Baja California Sur,El patrimonio,Robo,Robo de vehiculo automotor - Coche de 4 ruedas,Con violencia,3,1,1
275,2026,3,Baja California Sur,El patrimonio,Robo,Robo de vehiculo automotor - Coche de 4 ruedas,Sin violencia,17,16,21
276,2026,3,Baja California Sur,El patrimonio,Robo,Robo de vehiculo automotor - Motocicleta,Con violencia,0,0,0
277,2026,3,Baja California Sur,El patrimonio,Robo,Robo de vehiculo automotor - Motocicleta,Sin violencia,19,28,19
278,2026,3,Baja California Sur,El patrimonio,Robo,Robo de vehiculo automotor - Embarcaciones,Con violencia,0,0,0
279,2026,3,Baja California Sur,El patrimonio,Robo,Robo de vehiculo automotor - Embarcaciones,Sin violencia,0,0,0
280,2026,3,Baja California Sur,El patrimonio,Robo,Robo de autopartes,Con violencia,0,0,0
281,2026,3,Baja California Sur,El patrimonio,Robo,Robo de autopartes,Sin violencia,1,0,0
282,2026,3,Baja California Sur,El patrimonio,Robo,Robo a transportista,Con violencia,0,0,0
283,2026,3,Baja California Sur,El patrimonio,Robo,Robo a transportista,Sin violencia,0,0,0
284,2026,3,Baja California Sur,El patrimonio,Robo,Robo a transeunte en via publica,Con violencia,12,5,4
285,2026,3,Baja California Sur,El patrimonio,Robo,Robo a transeunte en via publica,Sin violencia,0,0,0
286,2026,3,Baja California Sur,El patrimonio,Robo,Robo a transeunte en espacio abierto al publico,Con violencia,4,0,0
287,2026,3,Baja California Sur,El patrimonio,Robo,Robo a transeunte en espacio abierto al publico,Sin violencia,0,0,0
288,2026,3,Baja California Sur,El patrimonio,Robo,Robo en transporte publico individual,Con violencia,0,0,0
289,2026,3,Baja California Sur,El patrimonio,Robo,Robo en transporte publico individual,Sin violencia,0,0,0
290,2026,3,Baja California Sur,El patrimonio,Robo,Robo en transporte publico colectivo,Con violencia,0,0,0
291,2026,3,Baja California Sur,El patrimonio,Robo,Robo en transporte publico colectivo,Sin violencia,0,1,0
292,2026,3,Baja California Sur,El patrimonio,Robo,Robo en transporte individual,Con violencia,0,0,0
293,2026,3,Baja California Sur,El patrimonio,Robo,Robo en transporte individual,Sin violencia,0,1,0
294,2026,3,Baja California Sur,El patrimonio,Robo,Robo a institucion bancaria,Con violencia,0,0,0
295,2026,3,Baja California Sur,El patrimonio,Robo,Robo a institucion bancaria,Sin violencia,0,0,0
296,2026,3,Baja California Sur,El patrimonio,Robo,Robo a negocio,Con violencia,12,9,16
297,2026,3,Baja California Sur,El patrimonio,Robo,Robo a negocio,Sin violencia,36,23,42
298,2026,3,Baja California Sur,El patrimonio,Robo,Robo de ganado,Con violencia,0,0,0
299,2026,3,Baja California Sur,El patrimonio,Robo,Robo de ganado,Sin violencia,2,1,4
300,2026,3,Baja California Sur,El patrimonio,Robo,Robo de maquinaria - Herramienta industrial o agricola,Con violencia,0,0,0
301,2026,3,Baja California Sur,El patrimonio,Robo,Robo de maquinaria - Herramienta industrial o agricola,Sin violencia,0,0,0
302,2026,3,Baja California Sur,El patrimonio,Robo,Robo de maquinaria - Tractores y/o montacargas,Con violencia,0,0,0
303,2026,3,Baja California Sur,El patrimonio,Robo,Robo de maquinaria - Tractores y/o montacargas,Sin violencia,0,0,1
304,2026,3,Baja California Sur,El patrimonio,Robo,"Robo de maquinaria - Cables, tubos y otros objetos destinados a servicios publicos",Con violencia,0,2,1
305,2026,3,Baja California Sur,El patrimonio,Robo,"Robo de maquinaria - Cables, tubos y otros objetos destinados a servicios publicos",Sin violencia,5,6,0
306,2026,3,Baja California Sur,El patrimonio,Robo,Otros robos,Con violencia,16,32,31
307,2026,3,Baja California Sur,El patrimonio,Robo,Otros robos,Sin violencia,172,145,163
308,2026,3,Baja California Sur,El patrimonio,Fraude,Fraude,Fraude,158,142,132
309,2026,3,Baja California Sur,El patrimonio,Abuso de confianza,Abuso de confianza,Abuso de confianza,15,18,29
310,2026,3,Baja California Sur,El patrimonio,Extorsion,Extorsion presencial,Extorsion presencial,1,0,2
311,2026,3,Baja California Sur,El patrimonio,Extorsion,Tentativa de extorsion presencial,Tentativa de extorsion presencial,1,0,0
312,2026,3,Baja California Sur,El patrimonio,Extorsion,Extorsion por otros medios,Extorsion por otros medios,4,3,17
313,2026,3,Baja California Sur,El patrimonio,Extorsion,Tentativa de extorsion por otros medios,Tentativa de extorsion por otros medios,7,0,2
314,2026,3,Baja California Sur,El patrimonio,Dano a la propiedad,Dano a la propiedad,Dano a la propiedad,134,125,150
315,2026,3,Baja California Sur,El patrimonio,Despojo,Despojo,Despojo,38,34,36
316,2026,3,Baja California Sur,La familia,Otros delitos contra la familia,Otros delitos contra la familia,Otros delitos contra la familia,2,0,2
317,2026,3,Baja California Sur,La familia,Violencia familiar,Violencia familiar,Violencia familiar,270,238,299
318,2026,3,Baja California Sur,La familia,Violencia de genero en todas sus modalidades distinta a la violencia familiar,Violencia de genero en todas sus modalidades distinta a la violencia familiar,Violencia de genero en todas sus modalidades distinta a la violencia familiar,2,4,2
319,2026,3,Baja California Sur,La familia,Incumplimiento de obligaciones de asistencia familiar,Incumplimiento de obligaciones de asistencia familiar,Incumplimiento de obligaciones de asistencia familiar,81,82,89
320,2026,3,Baja California Sur,La sociedad,Corrupcion de menores,Corrupcion de menores,Corrupcion de menores,10,7,9
321,2026,3,Baja California Sur,La sociedad,Otros delitos contra la sociedad,Otros delitos contra la sociedad,Otros delitos contra la sociedad,0,0,0
322,2026,3,Baja California Sur,La sociedad,Trata de personas,Trata de personas con fines de explotacion sexual,Trata de personas con fines de explotacion sexual,0,0,0
323,2026,3,Baja California Sur,La sociedad,Trata de personas,Trata de personas con fines de trabajo o servicios forzados,Trata de personas con fines de trabajo o servicios forzados,0,0,0
324,2026,3,Baja California Sur,La sociedad,Trata de personas,Trata de personas con fines de trafico de organos,Trata de personas con fines de trafico de organos,0,0,0
325,2026,3,Baja California Sur,La sociedad,Trata de personas,Trata de personas con otros fines,Trata de personas con otros fines,1,0,0
326,2026,3,Baja California Sur,La sociedad,Pornografia infantil,Pornografia infantil,Pornografia infantil,1,0,0
327,2026,3,Baja California Sur,La sociedad,Discriminacion,Discriminacion,Discriminacion,5,8,9
328,2026,3,Baja California Sur,Otros bienes juridicos afectados (del fuero comun),Narcomenudeo,Narcomenudeo posesion simple,Narcomenudeo posesion simple,57,55,77
329,2026,3,Baja California Sur,Otros bienes juridicos afectados (del fuero comun),Otros delitos del Fuero Comun,Otros delitos del Fuero Comun,Otros delitos del Fuero Comun,45,63,37
330,2026,3,Baja California Sur,Otros bienes juridicos afectados (del fuero comun),Narcomenudeo,Narcomenudeo con fines de venta,Narcomenudeo con fines de venta,2,16,6
331,2026,3,Baja California Sur,Otros bienes juridicos afectados (del fuero comun),Amenazas,Amenazas,Amenazas,182,146,173
332,2026,3,Baja California Sur,Otros bienes juridicos afectados (del fuero comun),Allanamiento de morada,Allanamiento de morada,Allanamiento de morada,0,12,15
333,2026,3,Baja California Sur,Otros bienes juridicos afectados (del fuero comun),Evasion de presos,Evasion de presos,Evasion de presos,0,0,0
334,2026,3,Baja California Sur,Otros bienes juridicos afectados (del fuero comun),Falsedad,Falsedad,Falsedad,6,11,16
335,2026,3,Baja California Sur,Otros bienes juridicos afectados (del fuero comun),Falsificacion,Falsificacion,Falsificacion,5,12,8
336,2026,3,Baja California Sur,Otros bienes juridicos afectados (del fuero comun),Contra el medio ambiente,Contra el medio ambiente,Contra el medio ambiente,0,1,1
337,2026,3,Baja California Sur,Otros bienes juridicos afectados (del fuero comun),Delitos cometidos por servidores publicos,Delitos cometidos por servidores publicos,Delitos cometidos por servidores publicos,13,19,25
338,2026,3,Baja California Sur,Otros bienes juridicos afectados (del fuero comun),Electorales,Electorales,Electorales,0,0,0
339,2026,3,Baja California Sur,Otros bienes juridicos afectados (del fuero comun),Delitos contra la administracion de justicia,Delitos contra la administracion de justicia,Delitos contra la administracion de justicia,3,3,24
340,2026,3,Baja California Sur,Otros bienes juridicos afectados (del fuero comun),Suplantacion y usurpacion de identidad,Suplantacion y usurpacion de identidad,Suplantacion y usurpacion de identidad,25,18,22
341,2026,3,Baja California Sur,Otros bienes juridicos afectados (del fuero comun),Tortura,Tortura,Tortura,0,1,0
342,2026,4,Campeche,La vida y la Integridad corporal,Homicidio,Homicidio doloso,Con arma blanca,0,3,0
343,2026,4,Campeche,La vida y la Integridad corporal,Homicidio,Homicidio doloso,Con arma de fuego,3,6,6
344,2026,4,Campeche,La vida y la Integridad corporal,Homicidio,Homicidio doloso,Con otro elemento,1,1,1
345,2026,4,Campeche,La vida y la Integridad corporal,Homicidio,Homicidio doloso,No especificado,0,0,1
346,2026,4,Campeche,La vida y la Integridad corporal,Homicidio,Tentativa de homicidio doloso,Tentativa de homicidio doloso,2,2,2
347,2026,4,Campeche,La vida y la Integridad corporal,Homicidio,Homicidio culposo,Con arma blanca,0,0,0
348,2026,4,Campeche,La vida y la Integridad corporal,Homicidio,Homicidio culposo,Con arma de fuego,0,0,0
349,2026,4,Campeche,La vida y la Integridad corporal,Homicidio,Homicidio culposo,Con otro elemento,1,0,0
350,2026,4,Campeche,La vida y la Integridad corporal,Homicidio,Homicidio culposo,En accidente de transito,4,7,5
351,2026,4,Campeche,La vida y la Integridad corporal,Homicidio,Homicidio culposo,No especificado,0,0,0
352,2026,4,Campeche,La vida y la Integridad corporal,Otros delitos que atentan contra la vida y la integridad corporal,Otros delitos que atentan contra la vida y la integridad corporal,Otros delitos que atentan contra la vida y la integridad corporal,3,4,1
353,2026,4,Campeche,La vida y la Integridad corporal,Lesiones,Lesiones dolosas,Con arma blanca,1,4,4
354,2026,4,Campeche,La vida y la Integridad corporal,Lesiones,Lesiones dolosas,Con arma de fuego,2,6,2
355,2026,4,Campeche,La vida y la Integridad corporal,Lesiones,Lesiones dolosas,Con otro elemento,24,24,37
356,2026,4,Campeche,La vida y la Integridad corporal,Lesiones,Lesiones dolosas,No especificado,0,1,0
357,2026,4,Campeche,La vida y la Integridad corporal,Lesiones,Lesiones culposas,Con arma blanca,0,0,0
358,2026,4,Campeche,La vida y la Integridad corporal,Lesiones,Lesiones culposas,Con arma de fuego,0,0,0
359,2026,4,Campeche,La vida y la Integridad corporal,Lesiones,Lesiones culposas,Con otro elemento,0,0,0
360,2026,4,Campeche,La vida y la Integridad corporal,Lesiones,Lesiones culposas,En accidente de transito,25,31,18
361,2026,4,Campeche,La vida y la Integridad corporal,Lesiones,Lesiones culposas,No especificado,0,0,0
362,2026,4,Campeche,La vida y la Integridad corporal,Feminicidio,Feminicidio,Con arma blanca,0,0,0
363,2026,4,Campeche,La vida y la Integridad corporal,Feminicidio,Feminicidio,Con arma de fuego,0,0,0
364,2026,4,Campeche,La vida y la Integridad corporal,Feminicidio,Feminicidio,Con otro elemento,0,1,1
365,2026,4,Campeche,La vida y la Integridad corporal,Feminicidio,Feminicidio,No especificado,0,0,0
366,2026,4,Campeche,La vida y la Integridad corporal,Feminicidio,Tentativa de feminicidio,Tentativa de feminicidio,2,0,0
367,2026,4,Campeche,La vida y la Integridad corporal,Aborto,Aborto,Aborto,0,0,0
368,2026,4,Campeche,Libertad personal,Otros delitos que atentan contra la libertad personal,Otros delitos que atentan contra la libertad personal,Otros delitos que atentan contra la libertad personal,0,0,1
369,2026,4,Campeche,Libertad personal,Secuestro,Secuestro extorsivo,Secuestro extorsivo,0,0,0
370,2026,4,Campeche,Libertad personal,Secuestro,Secuestro con calidad de rehen,Secuestro con calidad de rehen,0,0,0
371,2026,4,Campeche,Libertad personal,Secuestro,Secuestro para causar dano,Secuestro para causar dano,0,0,0
372,2026,4,Campeche,Libertad personal,Secuestro,Secuestro expres,Secuestro expres,0,0,0
373,2026,4,Campeche,Libertad personal,Trafico de menores,Trafico de menores,Trafico de menores,0,0,0
374,2026,4,Campeche,Libertad personal,Rapto,Rapto,Rapto,0,0,0
375,2026,4,Campeche,Libertad personal,Privacion ilegal de la libertad,Privacion ilegal de la libertad,Privacion ilegal de la libertad,3,2,0
376,2026,4,Campeche,Libertad personal,Retencion o sustraccion de menores e incapaces,Retencion o sustraccion de menores e incapaces,Retencion o sustraccion de menores e incapaces,5,3,2
377,2026,4,Campeche,La libertad y la seguridad sexual,Abuso sexual,Abuso sexual,Abuso sexual,12,7,13
378,2026,4,Campeche,La libertad y la seguridad sexual,Otros delitos que atentan contra la libertad y la seguridad sexual,Otros delitos que atentan contra la libertad y la seguridad sexual,Otros delitos que atentan contra la libertad y la seguridad sexual,1,1,3
379,2026,4,Campeche,La libertad y la seguridad sexual,Acoso sexual,Acoso sexual,Acoso sexual,0,1,1
380,2026,4,Campeche,La libertad y la seguridad sexual,Hostigamiento sexual,Hostigamiento sexual,Hostigamiento sexual,0,0,0
381,2026,4,Campeche,La libertad y la seguridad sexual,Incesto,Incesto,Incesto,0,0,0
382,2026,4,Campeche,La libertad y la seguridad sexual,Violacion,Violacion simple,Violacion simple,4,6,6
383,2026,4,Campeche,La libertad y la seguridad sexual,Violacion,Violacion equiparada,Violacion equiparada,12,13,18
384,2026,4,Campeche,La libertad y la seguridad sexual,Violacion a la intimidad sexual,Violacion a la intimidad sexual,Violacion a la intimidad sexual,1,0,1
385,2026,4,Campeche,El patrimonio,Otros delitos contra el patrimonio,Otros delitos contra el patrimonio,Otros delitos contra el patrimonio,19,22,16
386,2026,4,Campeche,El patrimonio,Robo,Robo a casa habitacion,Con violencia,0,0,1
387,2026,4,Campeche,El patrimonio,Robo,Robo a casa habitacion,Sin violencia,10,10,5
388,2026,4,Campeche,El patrimonio,Robo,Robo de vehiculo automotor - Coche de 4 ruedas,Con violencia,0,0,0
389,2026,4,Campeche,El patrimonio,Robo,Robo de vehiculo automotor - Coche de 4 ruedas,Sin violencia,0,0,0
390,2026,4,Campeche,El patrimonio,Robo,Robo de vehiculo automotor - Motocicleta,Con violencia,2,2,0
391,2026,4,Campeche,El patrimonio,Robo,Robo de vehiculo automotor - Motocicleta,Sin violencia,2,1,0
392,2026,4,Campeche,El patrimonio,Robo,Robo de vehiculo automotor - Embarcaciones,Con violencia,0,0,0
393,2026,4,Campeche,El patrimonio,Robo,Robo de vehiculo automotor - Embarcaciones,Sin violencia,0,0,0
394,2026,4,Campeche,El patrimonio,Robo,Robo de autopartes,Con violencia,0,0,0
395,2026,4,Campeche,El patrimonio,Robo,Robo de autopartes,Sin violencia,0,1,0
396,2026,4,Campeche,El patrimonio,Robo,Robo a transportista,Con violencia,0,0,0
397,2026,4,Campeche,El patrimonio,Robo,Robo a transportista,Sin violencia,0,0,0
398,2026,4,Campeche,El patrimonio,Robo,Robo a transeunte en via publica,Con violencia,1,0,0
399,2026,4,Campeche,El patrimonio,Robo,Robo a transeunte en via publica,Sin violencia,0,0,0
400,2026,4,Campeche,El patrimonio,Robo,Robo a transeunte en espacio abierto al publico,Con violencia,0,0,0
401,2026,4,Campeche,El patrimonio,Robo,Robo a transeunte en espacio abierto al publico,Sin violencia,0,0,0
402,2026,4,Campeche,El patrimonio,Robo,Robo en transporte publico individual,Con violencia,0,0,0
403,2026,4,Campeche,El patrimonio,Robo,Robo en transporte publico individual,Sin violencia,0,0,0
404,2026,4,Campeche,El patrimonio,Robo,Robo en transporte publico colectivo,Con violencia,0,0,0
405,2026,4,Campeche,El patrimonio,Robo,Robo en transporte publico colectivo,Sin violencia,0,0,0
406,2026,4,Campeche,El patrimonio,Robo,Robo en transporte individual,Con violencia,0,0,0
407,2026,4,Campeche,El patrimonio,Robo,Robo en transporte individual,Sin violencia,0,0,0
408,2026,4,Campeche,El patrimonio,Robo,Robo a institucion bancaria,Con violencia,0,0,0
409,2026,4,Campeche,El patrimonio,Robo,Robo a institucion bancaria,Sin violencia,0,0,0
410,2026,4,Campeche,El patrimonio,Robo,Robo a negocio,Con violencia,3,9,2
411,2026,4,Campeche,El patrimonio,Robo,Robo a negocio,Sin violencia,16,8,21
412,2026,4,Campeche,El patrimonio,Robo,Robo de ganado,Con violencia,1,0,0
413,2026,4,Campeche,El patrimonio,Robo,Robo de ganado,Sin violencia,0,0,0
414,2026,4,Campeche,El patrimonio,Robo,Robo de maquinaria - Herramienta industrial o agricola,Con violencia,0,0,0
415,2026,4,Campeche,El patrimonio,Robo,Robo de maquinaria - Herramienta industrial o agricola,Sin violencia,0,0,0
416,2026,4,Campeche,El patrimonio,Robo,Robo de maquinaria - Tractores y/o montacargas,Con violencia,0,0,0
417,2026,4,Campeche,El patrimonio,Robo,Robo de maquinaria - Tractores y/o montacargas,Sin violencia,0,0,0
418,2026,4,Campeche,El patrimonio,Robo,"Robo de maquinaria - Cables, tubos y otros objetos destinados a servicios publicos",Con violencia,0,0,0
419,2026,4,Campeche,El patrimonio,Robo,"Robo de maquinaria - Cables, tubos y otros objetos destinados a servicios publicos",Sin violencia,0,0,0
420,2026,4,Campeche,El patrimonio,Robo,Otros robos,Con violencia,1,0,2
421,2026,4,Campeche,El patrimonio,Robo,Otros robos,Sin violencia,5,6,11
422,2026,4,Campeche,El patrimonio,Fraude,Fraude,Fraude,3,2,5
423,2026,4,Campeche,El patrimonio,Abuso de confianza,Abuso de confianza,Abuso de confianza,3,0,1
424,2026,4,Campeche,El patrimonio,Extorsion,Extorsion presencial,Extorsion presencial,0,0,1
425,2026,4,Campeche,El patrimonio,Extorsion,Tentativa de extorsion presencial,Tentativa de extorsion presencial,0,0,1
426,2026,4,Campeche,El patrimonio,Extorsion,Extorsion por otros medios,Extorsion por otros medios,0,0,0
427,2026,4,Campeche,El patrimonio,Extorsion,Tentativa de extorsion por otros medios,Tentativa de extorsion por otros medios,1,1,3
428,2026,4,Campeche,El patrimonio,Dano a la propiedad,Dano a la propiedad,Dano a la propiedad,38,38,38
429,2026,4,Campeche,El patrimonio,Despojo,Despojo,Despojo,2,0,0
430,2026,4,Campeche,La familia,Otros delitos contra la familia,Otros delitos contra la familia,Otros delitos contra la familia,0,0,0
431,2026,4,Campeche,La familia,Violencia familiar,Violencia familiar,Violencia familiar,27,26,39
432,2026,4,Campeche,La familia,Violencia de genero en todas sus modalidades distinta a la violencia familiar,Violencia de genero en todas sus modalidades distinta a la violencia familiar,Violencia de genero en todas sus modalidades distinta a la violencia familiar,0,0,0
433,2026,4,Campeche,La familia,Incumplimiento de obligaciones de asistencia familiar,Incumplimiento de obligaciones de asistencia familiar,Incumplimiento de obligaciones de asistencia familiar,8,3,12
434,2026,4,Campeche,La sociedad,Corrupcion de menores,Corrupcion de menores,Corrupcion de menores,1,1,3
435,2026,4,Campeche,La sociedad,Otros delitos contra la sociedad,Otros delitos contra la sociedad,Otros delitos contra la sociedad,0,0,0
436,2026,4,Campeche,La sociedad,Trata de personas,Trata de personas con fines de explotacion sexual,Trata de personas con fines de explotacion sexual,0,0,0
437,2026,4,Campeche,La sociedad,Trata de personas,Trata de personas con fines de trabajo o servicios forzados,Trata de personas con fines de trabajo o servicios forzados,0,0,0
438,2026,4,Campeche,La sociedad,Trata de personas,Trata de personas con fines de trafico de organos,Trata de personas con fines de trafico de organos,0,0,0
439,2026,4,Campeche,La sociedad,Trata de personas,Trata de personas con otros fines,Trata de personas con otros fines,0,0,0
440,2026,4,Campeche,La sociedad,Pornografia infantil,Pornografia infantil,Pornografia infantil,0,0,0
441,2026,4,Campeche,La sociedad,Discriminacion,Discriminacion,Discriminacion,0,0,0
442,2026,4,Campeche,Otros bienes juridicos afectados (del fuero comun),Narcomenudeo,Narcomenudeo posesion simple,Narcomenudeo posesion simple,56,25,54
443,2026,4,Campeche,Otros bienes juridicos afectados (del fuero comun),Otros delitos del Fuero Comun,Otros delitos del Fuero Comun,Otros delitos del Fuero Comun,10,17,21
444,2026,4,Campeche,Otros bienes juridicos afectados (del fuero comun),Narcomenudeo,Narcomenudeo con fines de venta,Narcomenudeo con fines de venta,11,12,11
445,2026,4,Campeche,Otros bienes juridicos afectados (del fuero comun),Amenazas,Amenazas,Amenazas,16,17,17
446,2026,4,Campeche,Otros bienes juridicos afectados (del fuero comun),Allanamiento de morada,Allanamiento de morada,Allanamiento de morada,5,5,8
447,2026,4,Campeche,Otros bienes juridicos afectados (del fuero comun),Evasion de presos,Evasion de presos,Evasion de presos,0,0,0
448,2026,4,Campeche,Otros bienes juridicos afectados (del fuero comun),Falsedad,Falsedad,Falsedad,0,1,0
449,2026,4,Campeche,Otros bienes juridicos afectados (del fuero comun),Falsificacion,Falsificacion,Falsificacion,1,3,0
450,2026,4,Campeche,Otros bienes juridicos afectados (del fuero comun),Contra el medio ambiente,Contra el medio ambiente,Contra el medio ambiente,0,0,0
451,2026,4,Campeche,Otros bienes juridicos afectados (del fuero comun),Delitos cometidos por servidores publicos,Delitos cometidos por servidores publicos,Delitos cometidos por servidores publicos,0,0,0
452,2026,4,Campeche,Otros bienes juridicos afectados (del fuero comun),Electorales,Electorales,Electorales,0,0,0
453,2026,4,Campeche,Otros bienes juridicos afectados (del fuero comun),Delitos contra la administracion de justicia,Delitos contra la administracion de justicia,Delitos contra la administracion de justicia,1,0,1
454,2026,4,Campeche,Otros bienes juridicos afectados (del fuero comun),Suplantacion y usurpacion de identidad,Suplantacion y usurpacion de identidad,Suplantacion y usurpacion de identidad,0,0,1
455,2026,4,Campeche,Otros bienes juridicos afectados (del fuero comun),Tortura,Tortura,Tortura,0,0,0
456,2026,5,Coahuila de Zaragoza,La vida y la Integridad corporal,Homicidio,Homicidio doloso,Con arma blanca,2,1,3
457,2026,5,Coahuila de Zaragoza,La vida y la Integridad corporal,Homicidio,Homicidio doloso,Con arma de fuego,1,0,0
458,2026,5,Coahuila de Zaragoza,La vida y la Integridad corporal,Homicidio,Homicidio doloso,Con otro elemento,3,4,1
459,2026,5,Coahuila de Zaragoza,La vida y la Integridad corporal,Homicidio,Homicidio doloso,No especificado,0,1,0
460,2026,5,Coahuila de Zaragoza,La vida y la Integridad corporal,Homicidio,Tentativa de homicidio doloso,Tentativa de homicidio doloso,2,3,1
461,2026,5,Coahuila de Zaragoza,La vida y la Integridad corporal,Homicidio,Homicidio culposo,Con arma blanca,0,0,0
462,2026,5,Coahuila de Zaragoza,La vida y la Integridad corporal,Homicidio,Homicidio culposo,Con arma de fuego,0,1,0
463,2026,5,Coahuila de Zaragoza,La vida y la Integridad corporal,Homicidio,Homicidio culposo,Con otro elemento,0,1,2
464,2026,5,Coahuila de Zaragoza,La vida y la Integridad corporal,Homicidio,Homicidio culposo,En accidente de transito,11,15,16
465,2026,5,Coahuila de Zaragoza,La vida y la Integridad corporal,Homicidio,Homicidio culposo,No especificado,0,2,2
466,2026,5,Coahuila de Zaragoza,La vida y la Integridad corporal,Otros delitos que atentan contra la vida y la integridad corporal,Otros delitos que atentan contra la vida y la integridad corporal,Otros delitos que atentan contra la vida y la integridad corporal,0,4,0
467,2026,5,Coahuila de Zaragoza,La vida y la Integridad corporal,Lesiones,Lesiones dolosas,Con arma blanca,20,37,39
468,2026,5,Coahuila de Zaragoza,La vida y la Integridad corporal,Lesiones,Lesiones dolosas,Con arma de fuego,2,3,3
469,2026,5,Coahuila de Zaragoza,La vida y la Integridad corporal,Lesiones,Lesiones dolosas,Con otro elemento,269,316,335
470,2026,5,Coahuila de Zaragoza,La vida y la Integridad corporal,Lesiones,Lesiones dolosas,No especificado,40,56,90
471,2026,5,Coahuila de Zaragoza,La vida y la Integridad corporal,Lesiones,Lesiones culposas,Con arma blanca,0,0,0
472,2026,5,Coahuila de Zaragoza,La vida y la Integridad corporal,Lesiones,Lesiones culposas,Con arma de fuego,0,0,1
473,2026,5,Coahuila de Zaragoza,La vida y la Integridad corporal,Lesiones,Lesiones culposas,Con otro elemento,5,12,3
474,2026,5,Coahuila de Zaragoza,La vida y la Integridad corporal,Lesiones,Lesiones culposas,En accidente de transito,89,130,154
475,2026,5,Coahuila de Zaragoza,La vida y la Integridad corporal,Lesiones,Lesiones culposas,No especificado,8,9,10
476,2026,5,Coahuila de Zaragoza,La vida y la Integridad corporal,Feminicidio,Feminicidio,Con arma blanca,0,0,0
477,2026,5,Coahuila de Zaragoza,La vida y la Integridad corporal,Feminicidio,Feminicidio,Con arma de fuego,0,0,0
478,2026,5,Coahuila de Zaragoza,La vida y la Integridad corporal,Feminicidio,Feminicidio,Con otro elemento,1,0,0
479,2026,5,Coahuila de Zaragoza,La vida y la Integridad corporal,Feminicidio,Feminicidio,No especificado,0,0,0
480,2026,5,Coahuila de Zaragoza,La vida y la Integridad corporal,Feminicidio,Tentativa de feminicidio,Tentativa de feminicidio,0,0,2
481,2026,5,Coahuila de Zaragoza,La vida y la Integridad corporal,Aborto,Aborto,Aborto,0,0,0
482,2026,5,Coahuila de Zaragoza,Libertad personal,Otros delitos que atentan contra la libertad personal,Otros delitos que atentan contra la libertad personal,Otros delitos que atentan contra la libertad personal,0,1,1
483,2026,5,Coahuila de Zaragoza,Libertad personal,Secuestro,Secuestro extorsivo,Secuestro extorsivo,0,0,0
484,2026,5,Coahuila de Zaragoza,Libertad personal,Secuestro,Secuestro con calidad de rehen,Secuestro con calidad de rehen,0,0,0
485,2026,5,Coahuila de Zaragoza,Libertad personal,Secuestro,Secuestro para causar dano,Secuestro para causar dano,0,0,0
486,2026,5,Coahuila de Zaragoza,Libertad personal,Secuestro,Secuestro expres,Secuestro expres,0,0,0
487,2026,5,Coahuila de Zaragoza,Libertad personal,Trafico de menores,Trafico de menores,Trafico de menores,0,0,0
488,2026,5,Coahuila de Zaragoza,Libertad personal,Rapto,Rapto,Rapto,0,0,0
489,2026,5,Coahuila de Zaragoza,Libertad personal,Privacion ilegal de la libertad,Privacion ilegal de la libertad,Privacion ilegal de la libertad,1,3,7
490,2026,5,Coahuila de Zaragoza,Libertad personal,Retencion o sustraccion de menores e incapaces,Retencion o sustraccion de menores e incapaces,Retencion o sustraccion de menores e incapaces,17,14,11
491,2026,5,Coahuila de Zaragoza,La libertad y la seguridad sexual,Abuso sexual,Abuso sexual,Abuso sexual,52,67,93
492,2026,5,Coahuila de Zaragoza,La libertad y la seguridad sexual,Otros delitos que atentan contra la libertad y la seguridad sexual,Otros delitos que atentan contra la libertad y la seguridad sexual,Otros delitos que atentan contra la libertad y la seguridad sexual,8,8,4
493,2026,5,Coahuila de Zaragoza,La libertad y la seguridad sexual,Acoso sexual,Acoso sexual,Acoso sexual,42,46,58
494,2026,5,Coahuila de Zaragoza,La libertad y la seguridad sexual,Hostigamiento sexual,Hostigamiento sexual,Hostigamiento sexual,3,0,8
495,2026,5,Coahuila de Zaragoza,La libertad y la seguridad sexual,Incesto,Incesto,Incesto,0,0,0
496,2026,5,Coahuila de Zaragoza,La libertad y la seguridad sexual,Violacion,Violacion simple,Violacion simple,5,7,9
497,2026,5,Coahuila de Zaragoza,La libertad y la seguridad sexual,Violacion,Violacion equiparada,Violacion equiparada,18,29,40
498,2026,5,Coahuila de Zaragoza,La libertad y la seguridad sexual,Violacion a la intimidad sexual,Violacion a la intimidad sexual,Violacion a la intimidad sexual,17,12,19
499,2026,5,Coahuila de Zaragoza,El patrimonio,Otros delitos contra el patrimonio,Otros delitos contra el patrimonio,Otros delitos contra el patrimonio,81,68,59
500,2026,5,Coahuila de Zaragoza,El patrimonio,Robo,Robo a casa habitacion,Con violencia,8,3,7
501,2026,5,Coahuila de Zaragoza,El patrimonio,Robo,Robo a casa habitacion,Sin violencia,58,60,64
502,2026,5,Coahuila de Zaragoza,El patrimonio,Robo,Robo de vehiculo automotor - Coche de 4 ruedas,Con violencia,4,5,3
503,2026,5,Coahuila de Zaragoza,El patrimonio,Robo,Robo de vehiculo automotor - Coche de 4 ruedas,Sin violencia,15,9,17
504,2026,5,Coahuila de Zaragoza,El patrimonio,Robo,Robo de vehiculo automotor - Motocicleta,Con violencia,0,0,0
505,2026,5,Coahuila de Zaragoza,El patrimonio,Robo,Robo de vehiculo automotor - Motocicleta,Sin violencia,0,0,0
506,2026,5,Coahuila de Zaragoza,El patrimonio,Robo,Robo de vehiculo automotor - Embarcaciones,Con violencia,0,0,0
507,2026,5,Coahuila de Zaragoza,El patrimonio,Robo,Robo de vehiculo automotor - Embarcaciones,Sin violencia,0,0,0
508,2026,5,Coahuila de Zaragoza,El patrimonio,Robo,Robo de autopartes,Con violencia,0,0,0
509,2026,5,Coahuila de Zaragoza,El patrimonio,Robo,Robo de autopartes,Sin violencia,5,11,5
510,2026,5,Coahuila de Zaragoza,El patrimonio,Robo,Robo a transportista,Con violencia,0,0,0
511,2026,5,Coahuila de Zaragoza,El patrimonio,Robo,Robo a transportista,Sin violencia,0,0,0
512,2026,5,Coahuila de Zaragoza,El patrimonio,Robo,Robo a transeunte en via publica,Con violencia,17,5,8
513,2026,5,Coahuila de Zaragoza,El patrimonio,Robo,Robo a transeunte en via publica,Sin violencia,8,5,7
514,2026,5,Coahuila de Zaragoza,El patrimonio,Robo,Robo a transeunte en espacio abierto al publico,Con violencia,5,2,2
515,2026,5,Coahuila de Zaragoza,El patrimonio,Robo,Robo a transeunte en espacio abierto al publico,Sin violencia,1,3,1
516,2026,5,Coahuila de Zaragoza,El patrimonio,Robo,Robo en transporte publico individual,Con violencia,0,0,2
517,2026,5,Coahuila de Zaragoza,El patrimonio,Robo,Robo en transporte publico individual,Sin violencia,0,0,1
518,2026,5,Coahuila de Zaragoza,El patrimonio,Robo,Robo en transporte publico colectivo,Con violencia,1,0,0
519,2026,5,Coahuila de Zaragoza,El patrimonio,Robo,Robo en transporte publico colectivo,Sin violencia,0,0,1
520,2026,5,Coahuila de Zaragoza,El patrimonio,Robo,Robo en transporte individual,Con violencia,0,0,0
521,2026,5,Coahuila de Zaragoza,El patrimonio,Robo,Robo en transporte individual,Sin violencia,1,1,1
522,2026,5,Coahuila de Zaragoza,El patrimonio,Robo,Robo a institucion bancaria,Con violencia,0,0,0
523,2026,5,Coahuila de Zaragoza,El patrimonio,Robo,Robo a institucion bancaria,Sin violencia,0,0,0
524,2026,5,Coahuila de Zaragoza,El patrimonio,Robo,Robo a negocio,Con violencia,8,17,11
525,2026,5,Coahuila de Zaragoza,El patrimonio,Robo,Robo a negocio,Sin violencia,23,33,35
526,2026,5,Coahuila de Zaragoza,El patrimonio,Robo,Robo de ganado,Con violencia,0,0,1
527,2026,5,Coahuila de Zaragoza,El patrimonio,Robo,Robo de ganado,Sin violencia,9,7,10
528,2026,5,Coahuila de Zaragoza,El patrimonio,Robo,Robo de maquinaria - Herramienta industrial o agricola,Con violencia,0,0,0
529,2026,5,Coahuila de Zaragoza,El patrimonio,Robo,Robo de maquinaria - Herramienta industrial o agricola,Sin violencia,0,0,0
530,2026,5,Coahuila de Zaragoza,El patrimonio,Robo,Robo de maquinaria - Tractores y/o montacargas,Con violencia,0,0,0
531,2026,5,Coahuila de Zaragoza,El patrimonio,Robo,Robo de maquinaria - Tractores y/o montacargas,Sin violencia,0,0,0
532,2026,5,Coahuila de Zaragoza,El patrimonio,Robo,"Robo de maquinaria - Cables, tubos y otros objetos destinados a servicios publicos",Con violencia,0,0,0
533,2026,5,Coahuila de Zaragoza,El patrimonio,Robo,"Robo de maquinaria - Cables, tubos y otros objetos destinados a servicios publicos",Sin violencia,0,0,0
534,2026,5,Coahuila de Zaragoza,El patrimonio,Robo,Otros robos,Con violencia,9,16,15
535,2026,5,Coahuila de Zaragoza,El patrimonio,Robo,Otros robos,Sin violencia,225,166,261
536,2026,5,Coahuila de Zaragoza,El patrimonio,Fraude,Fraude,Fraude,213,219,238
537,2026,5,Coahuila de Zaragoza,El patrimonio,Abuso de confianza,Abuso de confianza,Abuso de confianza,50,115,102
538,2026,5,Coahuila de Zaragoza,El patrimonio,Extorsion,Extorsion presencial,Extorsion presencial,1,4,2
539,2026,5,Coahuila de Zaragoza,El patrimonio,Extorsion,Tentativa de extorsion presencial,Tentativa de extorsion presencial,0,2,1
540,2026,5,Coahuila de Zaragoza,El patrimonio,Extorsion,Extorsion por otros medios,Extorsion por otros medios,4,2,3
541,2026,5,Coahuila de Zaragoza,El patrimonio,Extorsion,Tentativa de extorsion por otros medios,Tentativa de extorsion por otros medios,2,1,0
542,2026,5,Coahuila de Zaragoza,El patrimonio,Dano a la propiedad,Dano a la propiedad,Dano a la propiedad,668,721,820
543,2026,5,Coahuila de Zaragoza,El patrimonio,Despojo,Despojo,Despojo,42,49,63
544,2026,5,Coahuila de Zaragoza,La familia,Otros delitos contra la familia,Otros delitos contra la familia,Otros delitos contra la familia,1,3,4
545,2026,5,Coahuila de Zaragoza,La familia,Violencia familiar,Violencia familiar,Violencia familiar,1003,1173,1268
546,2026,5,Coahuila de Zaragoza,La familia,Violencia de genero en todas sus modalidades distinta a la violencia familiar,Violencia de genero en todas sus modalidades distinta a la violencia familiar,Violencia de genero en todas sus modalidades distinta a la violencia familiar,0,0,0
547,2026,5,Coahuila de Zaragoza,La familia,Incumplimiento de obligaciones de asistencia familiar,Incumplimiento de obligaciones de asistencia familiar,Incumplimiento de obligaciones de asistencia familiar,46,39,42
548,2026,5,Coahuila de Zaragoza,La sociedad,Corrupcion de menores,Corrupcion de menores,Corrupcion de menores,6,3,5
549,2026,5,Coahuila de Zaragoza,La sociedad,Otros delitos contra la sociedad,Otros delitos contra la sociedad,Otros delitos contra la sociedad,0,4,5
550,2026,5,Coahuila de Zaragoza,La sociedad,Trata de personas,Trata de personas con fines de explotacion sexual,Trata de personas con fines de explotacion sexual,0,0,1
551,2026,5,Coahuila de Zaragoza,La sociedad,Trata de personas,Trata de personas con fines de trabajo o servicios forzados,Trata de personas con fines de trabajo o servicios forzados,0,1,0
552,2026,5,Coahuila de Zaragoza,La sociedad,Trata de personas,Trata de personas con fines de trafico de organos,Trata de personas con fines de trafico de organos,0,0,0
553,2026,5,Coahuila de Zaragoza,La sociedad,Trata de personas,Trata de personas con otros fines,Trata de personas con otros fines,4,1,0
554,2026,5,Coahuila de Zaragoza,La sociedad,Pornografia infantil,Pornografia infantil,Pornografia infantil,0,0,0
555,2026,5,Coahuila de Zaragoza,La sociedad,Discriminacion,Discriminacion,Discriminacion,8,13,19
556,2026,5,Coahuila de Zaragoza,Otros bienes juridicos afectados (del fuero comun),Narcomenudeo,Narcomenudeo posesion simple,Narcomenudeo posesion simple,191,267,240
557,2026,5,Coahuila de Zaragoza,Otros bienes juridicos afectados (del fuero comun),Otros delitos del Fuero Comun,Otros delitos del Fuero Comun,Otros delitos del Fuero Comun,322,470,511
558,2026,5,Coahuila de Zaragoza,Otros bienes juridicos afectados (del fuero comun),Narcomenudeo,Narcomenudeo con fines de venta,Narcomenudeo con fines de venta,247,61,58
559,2026,5,Coahuila de Zaragoza,Otros bienes juridicos afectados (del fuero comun),Amenazas,Amenazas,Amenazas,1131,1153,1394
560,2026,5,Coahuila de Zaragoza,Otros bienes juridicos afectados (del fuero comun),Allanamiento de morada,Allanamiento de morada,Allanamiento de morada,72,67,74
561,2026,5,Coahuila de Zaragoza,Otros bienes juridicos afectados (del fuero comun),Evasion de presos,Evasion de presos,Evasion de presos,0,0,0
562,2026,5,Coahuila de Zaragoza,Otros bienes juridicos afectados (del fuero comun),Falsedad,Falsedad,Falsedad,0,0,1
563,2026,5,Coahuila de Zaragoza,Otros bienes juridicos afectados (del fuero comun),Falsificacion,Falsificacion,Falsificacion,10,19,21
564,2026,5,Coahuila de Zaragoza,Otros bienes juridicos afectados (del fuero comun),Contra el medio ambiente,Contra el medio ambiente,Contra el medio ambiente,0,0,0
565,2026,5,Coahuila de Zaragoza,Otros bienes juridicos afectados (del fuero comun),Delitos cometidos por servidores publicos,Delitos cometidos por servidores publicos,Delitos cometidos por servidores publicos,21,14,31
566,2026,5,Coahuila de Zaragoza,Otros bienes juridicos afectados (del fuero comun),Electorales,Electorales,Electorales,0,1,1
567,2026,5,Coahuila de Zaragoza,Otros bienes juridicos afectados (del fuero comun),Delitos contra la administracion de justicia,Delitos contra la administracion de justicia,Delitos contra la administracion de justicia,0,0,0
568,2026,5,Coahuila de Zaragoza,Otros bienes juridicos afectados (del fuero comun),Suplantacion y usurpacion de identidad,Suplantacion y usurpacion de identidad,Suplantacion y usurpacion de identidad,0,0,0
569,2026,5,Coahuila de Zaragoza,Otros bienes juridicos afectados (del fuero comun),Tortura,Tortura,Tortura,0,2,4
570,2026,6,Colima,La vida y la Integridad corporal,Homicidio,Homicidio doloso,Con arma blanca,1,1,1
571,2026,6,Colima,La vida y la Integridad corporal,Homicidio,Homicidio doloso,Con arma de fuego,44,43,43
572,2026,6,Colima,La vida y la Integridad corporal,Homicidio,Homicidio doloso,Con otro elemento,7,12,5
573,2026,6,Colima,La vida y la Integridad corporal,Homicidio,Homicidio doloso,No especificado,0,0,1
574,2026,6,Colima,La vida y la Integridad corporal,Homicidio,Tentativa de homicidio doloso,Tentativa de homicidio doloso,13,17,14
575,2026,6,Colima,La vida y la Integridad corporal,Homicidio,Homicidio culposo,Con arma blanca,0,0,0
576,2026,6,Colima,La vida y la Integridad corporal,Homicidio,Homicidio culposo,Con arma de fuego,0,0,0
577,2026,6,Colima,La vida y la Integridad corporal,Homicidio,Homicidio culposo,Con otro elemento,11,12,13
578,2026,6,Colima,La vida y la Integridad corporal,Homicidio,Homicidio culposo,En accidente de transito,0,0,0
579,2026,6,Colima,La vida y la Integridad corporal,Homicidio,Homicidio culposo,No especificado,0,0,0
580,2026,6,Colima,La vida y la Integridad corporal,Otros delitos que atentan contra la vida y la integridad corporal,Otros delitos que atentan contra la vida y la integridad corporal,Otros delitos que atentan contra la vida y la integridad corporal,1,2,0
581,2026,6,Colima,La vida y la Integridad corporal,Lesiones,Lesiones dolosas,Con arma blanca,4,7,9
582,2026,6,Colima,La vida y la Integridad corporal,Lesiones,Lesiones dolosas,Con arma de fuego,4,0,2
583,2026,6,Colima,La vida y la Integridad corporal,Lesiones,Lesiones dolosas,Con otro elemento,72,87,87
584,2026,6,Colima,La vida y la Integridad corporal,Lesiones,Lesiones dolosas,No especificado,0,0,0
585,2026,6,Colima,La vida y la Integridad corporal,Lesiones,Lesiones culposas,Con arma blanca,0,0,0
586,2026,6,Colima,La vida y la Integridad corporal,Lesiones,Lesiones culposas,Con arma de fuego,0,0,0
587,2026,6,Colima,La vida y la Integridad corporal,Lesiones,Lesiones culposas,Con otro elemento,77,58,93
588,2026,6,Colima,La vida y la Integridad corporal,Lesiones,Lesiones culposas,En accidente de transito,0,0,0
589,2026,6,Colima,La vida y la Integridad corporal,Lesiones,Lesiones culposas,No especificado,0,0,0
590,2026,6,Colima,La vida y la Integridad corporal,Feminicidio,Feminicidio,Con arma blanca,0,0,0
591,2026,6,Colima,La vida y la Integridad corporal,Feminicidio,Feminicidio,Con arma de fuego,0,0,0
592,2026,6,Colima,La vida y la Integridad corporal,Feminicidio,Feminicidio,Con otro elemento,0,0,1
593,2026,6,Colima,La vida y la Integridad corporal,Feminicidio,Feminicidio,No especificado,0,0,0
594,2026,6,Colima,La vida y la Integridad corporal,Feminicidio,Tentativa de feminicidio,Tentativa de feminicidio,0,1,0
595,2026,6,Colima,La vida y la Integridad corporal,Aborto,Aborto,Aborto,0,0,0
596,2026,6,Colima,Libertad personal,Otros delitos que atentan contra la libertad personal,Otros delitos que atentan contra la libertad personal,Otros delitos que atentan contra la libertad personal,34,25,37
597,2026,6,Colima,Libertad personal,Secuestro,Secuestro extorsivo,Secuestro extorsivo,0,0,1
598,2026,6,Colima,Libertad personal,Secuestro,Secuestro con calidad de rehen,Secuestro con calidad de rehen,0,0,0
599,2026,6,Colima,Libertad personal,Secuestro,Secuestro para causar dano,Secuestro para causar dano,0,0,0
600,2026,6,Colima,Libertad personal,Secuestro,Secuestro expres,Secuestro expres,0,0,0
601,2026,6,Colima,Libertad personal,Trafico de menores,Trafico de menores,Trafico de menores,0,0,0
602,2026,6,Colima,Libertad personal,Rapto,Rapto,Rapto,0,0,0
603,2026,6,Colima,Libertad personal,Privacion ilegal de la libertad,Privacion ilegal de la libertad,Privacion ilegal de la libertad,6,4,5
604,2026,6,Colima,Libertad personal,Retencion o sustraccion de menores e incapaces,Retencion o sustraccion de menores e incapaces,Retencion o sustraccion de menores e incapaces,14,8,19
605,2026,6,Colima,La libertad y la seguridad sexual,Abuso sexual,Abuso sexual,Abuso sexual,41,35,46
606,2026,6,Colima,La libertad y la seguridad sexual,Otros delitos que atentan contra la libertad y la seguridad sexual,Otros delitos que atentan contra la libertad y la seguridad sexual,Otros delitos que atentan contra la libertad y la seguridad sexual,3,1,2
607,2026,6,Colima,La libertad y la seguridad sexual,Acoso sexual,Acoso sexual,Acoso sexual,5,3,11
608,2026,6,Colima,La libertad y la seguridad sexual,Hostigamiento sexual,Hostigamiento sexual,Hostigamiento sexual,1,2,3
609,2026,6,Colima,La libertad y la seguridad sexual,Incesto,Incesto,Incesto,0,0,0
610,2026,6,Colima,La libertad y la seguridad sexual,Violacion,Violacion simple,Violacion simple,21,16,15
611,2026,6,Colima,La libertad y la seguridad sexual,Violacion,Violacion equiparada,Violacion equiparada,0,0,0
612,2026,6,Colima,La libertad y la seguridad sexual,Violacion a la intimidad sexual,Violacion a la intimidad sexual,Violacion a la intimidad sexual,0,0,0
613,2026,6,Colima,El patrimonio,Otros delitos contra el patrimonio,Otros delitos contra el patrimonio,Otros delitos contra el patrimonio,20,16,23
614,2026,6,Colima,El patrimonio,Robo,Robo a casa habitacion,Con violencia,0,0,0
615,2026,6,Colima,El patrimonio,Robo,Robo a casa habitacion,Sin violencia,35,29,48
616,2026,6,Colima,El patrimonio,Robo,Robo de vehiculo automotor - Coche de 4 ruedas,Con violencia,0,0,0
617,2026,6,Colima,El patrimonio,Robo,Robo de vehiculo automotor - Coche de 4 ruedas,Sin violencia,14,19,49
618,2026,6,Colima,El patrimonio,Robo,Robo de vehiculo automotor - Motocicleta,Con violencia,0,0,0
619,2026,6,Colima,El patrimonio,Robo,Robo de vehiculo automotor - Motocicleta,Sin violencia,50,23,0
620,2026,6,Colima,El patrimonio,Robo,Robo de vehiculo automotor - Embarcaciones,Con violencia,0,0,0
621,2026,6,Colima,El patrimonio,Robo,Robo de vehiculo automotor - Embarcaciones,Sin violencia,0,0,0
622,2026,6,Colima,El patrimonio,Robo,Robo de autopartes,Con violencia,0,0,0
623,2026,6,Colima,El patrimonio,Robo,Robo de autopartes,Sin violencia,4,6,0
624,2026,6,Colima,El patrimonio,Robo,Robo a transportista,Con violencia,0,0,0
625,2026,6,Colima,El patrimonio,Robo,Robo a transportista,Sin violencia,2,1,0
626,2026,6,Colima,El patrimonio,Robo,Robo a transeunte en via publica,Con violencia,0,2,2
627,2026,6,Colima,El patrimonio,Robo,Robo a transeunte en via publica,Sin violencia,10,4,7
628,2026,6,Colima,El patrimonio,Robo,Robo a transeunte en espacio abierto al publico,Con violencia,0,0,0
629,2026,6,Colima,El patrimonio,Robo,Robo a transeunte en espacio abierto al publico,Sin violencia,0,0,0
630,2026,6,Colima,El patrimonio,Robo,Robo en transporte publico individual,Con violencia,0,0,0
631,2026,6,Colima,El patrimonio,Robo,Robo en transporte publico individual,Sin violencia,0,0,0
632,2026,6,Colima,El patrimonio,Robo,Robo en transporte publico colectivo,Con violencia,0,0,0
633,2026,6,Colima,El patrimonio,Robo,Robo en transporte publico colectivo,Sin violencia,0,0,0
634,2026,6,Colima,El patrimonio,Robo,Robo en transporte individual,Con violencia,0,0,0
635,2026,6,Colima,El patrimonio,Robo,Robo en transporte individual,Sin violencia,0,0,0
636,2026,6,Colima,El patrimonio,Robo,Robo a institucion bancaria,Con violencia,0,0,0
637,2026,6,Colima,El patrimonio,Robo,Robo a institucion bancaria,Sin violencia,0,0,1
638,2026,6,Colima,El patrimonio,Robo,Robo a negocio,Con violencia,5,2,0
639,2026,6,Colima,El patrimonio,Robo,Robo a negocio,Sin violencia,39,24,33
640,2026,6,Colima,El patrimonio,Robo,Robo de ganado,Con violencia,0,0,0
641,2026,6,Colima,El patrimonio,Robo,Robo de ganado,Sin violencia,3,2,4
642,2026,6,Colima,El patrimonio,Robo,Robo de maquinaria - Herramienta industrial o agricola,Con violencia,0,0,0
643,2026,6,Colima,El patrimonio,Robo,Robo de maquinaria - Herramienta industrial o agricola,Sin violencia,0,0,0
644,2026,6,Colima,El patrimonio,Robo,Robo de maquinaria - Tractores y/o montacargas,Con violencia,0,0,0
645,2026,6,Colima,El patrimonio,Robo,Robo de maquinaria - Tractores y/o montacargas,Sin violencia,0,0,0
646,2026,6,Colima,El patrimonio,Robo,"Robo de maquinaria - Cables, tubos y otros objetos destinados a servicios publicos",Con violencia,0,0,0
647,2026,6,Colima,El patrimonio,Robo,"Robo de maquinaria - Cables, tubos y otros objetos destinados a servicios publicos",Sin violencia,0,0,0
648,2026,6,Colima,El patrimonio,Robo,Otros robos,Con violencia,1,0,2
649,2026,6,Colima,El patrimonio,Robo,Otros robos,Sin violencia,130,97,106
650,2026,6,Colima,El patrimonio,Fraude,Fraude,Fraude,122,109,109
651,2026,6,Colima,El patrimonio,Abuso de confianza,Abuso de confianza,Abuso de confianza,41,25,34
652,2026,6,Colima,El patrimonio,Extorsion,Extorsion presencial,Extorsion presencial,0,0,0
653,2026,6,Colima,El patrimonio,Extorsion,Tentativa de extorsion presencial,Tentativa de extorsion presencial,0,0,0
654,2026,6,Colima,El patrimonio,Extorsion,Extorsion por otros medios,Extorsion por otros medios,12,8,18
655,2026,6,Colima,El patrimonio,Extorsion,Tentativa de extorsion por otros medios,Tentativa de extorsion por otros medios,3,2,3
656,2026,6,Colima,El patrimonio,Dano a la propiedad,Dano a la propiedad,Dano a la propiedad,243,309,285
657,2026,6,Colima,El patrimonio,Despojo,Despojo,Despojo,24,33,33
658,2026,6,Colima,La familia,Otros delitos contra la familia,Otros delitos contra la familia,Otros delitos contra la familia,0,0,0
659,2026,6,Colima,La familia,Violencia familiar,Violencia familiar,Violencia familiar,331,320,412
660,2026,6,Colima,La familia,Violencia de genero en todas sus modalidades distinta a la violencia familiar,Violencia de genero en todas sus modalidades distinta a la violencia familiar,Violencia de genero en todas sus modalidades distinta a la violencia familiar,0,0,0
661,2026,6,Colima,La familia,Incumplimiento de obligaciones de asistencia familiar,Incumplimiento de obligaciones de asistencia familiar,Incumplimiento de obligaciones de asistencia familiar,68,79,73
662,2026,6,Colima,La sociedad,Corrupcion de menores,Corrupcion de menores,Corrupcion de menores,2,11,2
663,2026,6,Colima,La sociedad,Otros delitos contra la sociedad,Otros delitos contra la sociedad,Otros delitos contra la sociedad,20,7,15
664,2026,6,Colima,La sociedad,Trata de personas,Trata de personas con fines de explotacion sexual,Trata de personas con fines de explotacion sexual,0,0,0
665,2026,6,Colima,La sociedad,Trata de personas,Trata de personas con fines de trabajo o servicios forzados,Trata de personas con fines de trabajo o servicios forzados,0,0,0
666,2026,6,Colima,La sociedad,Trata de personas,Trata de personas con fines de trafico de organos,Trata de personas con fines de trafico de organos,0,0,0
667,2026,6,Colima,La sociedad,Trata de personas,Trata de personas con otros fines,Trata de personas con otros fines,0,0,0
668,2026,6,Colima,La sociedad,Pornografia infantil,Pornografia infantil,Pornografia infantil,1,0,0
669,2026,6,Colima,La sociedad,Discriminacion,Discriminacion,Discriminacion,1,3,4
670,2026,6,Colima,Otros bienes juridicos afectados (del fuero comun),Narcomenudeo,Narcomenudeo posesion simple,Narcomenudeo posesion simple,227,226,238
671,2026,6,Colima,Otros bienes juridicos afectados (del fuero comun),Otros delitos del Fuero Comun,Otros delitos del Fuero Comun,Otros delitos del Fuero Comun,162,145,182
672,2026,6,Colima,Otros bienes juridicos afectados (del fuero comun),Narcomenudeo,Narcomenudeo con fines de venta,Narcomenudeo con fines de venta,6,4,12
673,2026,6,Colima,Otros bienes juridicos afectados (del fuero comun),Amenazas,Amenazas,Amenazas,222,230,268
674,2026,6,Colima,Otros bienes juridicos afectados (del fuero comun),Allanamiento de morada,Allanamiento de morada,Allanamiento de morada,11,14,12
675,2026,6,Colima,Otros bienes juridicos afectados (del fuero comun),Evasion de presos,Evasion de presos,Evasion de presos,0,0,0
676,2026,6,Colima,Otros bienes juridicos afectados (del fuero comun),Falsedad,Falsedad,Falsedad,3,10,15
677,2026,6,Colima,Otros bienes juridicos afectados (del fuero comun),Falsificacion,Falsificacion,Falsificacion,16,29,16
678,2026,6,Colima,Otros bienes juridicos afectados (del fuero comun),Contra el medio ambiente,Contra el medio ambiente,Contra el medio ambiente,0,0,1
679,2026,6,Colima,Otros bienes juridicos afectados (del fuero comun),Delitos cometidos por servidores publicos,Delitos cometidos por servidores publicos,Delitos cometidos por servidores publicos,16,22,26
680,2026,6,Colima,Otros bienes juridicos afectados (del fuero comun),Electorales,Electorales,Electorales,0,0,0
681,2026,6,Colima,Otros bienes juridicos afectados (del fuero comun),Delitos contra la administracion de justicia,Delitos contra la administracion de justicia,Delitos contra la administracion de justicia,0,0,0
682,2026,6,Colima,Otros bienes juridicos afectados (del fuero comun),Suplantacion y usurpacion de identidad,Suplantacion y usurpacion de identidad,Suplantacion y usurpacion de identidad,0,0,0
683,2026,6,Colima,Otros bienes juridicos afectados (del fuero comun),Tortura,Tortura,Tortura,2,5,4
684,2026,7,Chiapas,La vida y la Integridad corporal,Homicidio,Homicidio doloso,Con arma blanca,5,1,10
685,2026,7,Chiapas,La vida y la Integridad corporal,Homicidio,Homicidio doloso,Con arma de fuego,17,13,17
686,2026,7,Chiapas,La vida y la Integridad corporal,Homicidio,Homicidio doloso,Con otro elemento,6,8,6
687,2026,7,Chiapas,La vida y la Integridad corporal,Homicidio,Homicidio doloso,No especificado,0,0,0
688,2026,7,Chiapas,La vida y la Integridad corporal,Homicidio,Tentativa de homicidio doloso,Tentativa de homicidio doloso,2,9,6
689,2026,7,Chiapas,La vida y la Integridad corporal,Homicidio,Homicidio culposo,Con arma blanca,0,1,0
690,2026,7,Chiapas,La vida y la Integridad corporal,Homicidio,Homicidio culposo,Con arma de fuego,2,3,2
691,2026,7,Chiapas,La vida y la Integridad corporal,Homicidio,Homicidio culposo,Con otro elemento,11,8,10
692,2026,7,Chiapas,La vida y la Integridad corporal,Homicidio,Homicidio culposo,En accidente de transito,43,34,39
693,2026,7,Chiapas,La vida y la Integridad corporal,Homicidio,Homicidio culposo,No especificado,12,3,10
694,2026,7,Chiapas,La vida y la Integridad corporal,Otros delitos que atentan contra la vida y la integridad corporal,Otros delitos que atentan contra la vida y la integridad corporal,Otros delitos que atentan contra la vida y la integridad corporal,0,1,3
695,2026,7,Chiapas,La vida y la Integridad corporal,Lesiones,Lesiones dolosas,Con arma blanca,5,7,5
696,2026,7,Chiapas,La vida y la Integridad corporal,Lesiones,Lesiones dolosas,Con arma de fuego,1,3,0
697,2026,7,Chiapas,La vida y la Integridad corporal,Lesiones,Lesiones dolosas,Con otro elemento,10,13,10
698,2026,7,Chiapas,La vida y la Integridad corporal,Lesiones,Lesiones dolosas,No especificado,0,0,0
699,2026,7,Chiapas,La vida y la Integridad corporal,Lesiones,Lesiones culposas,Con arma blanca,0,0,0
700,2026,7,Chiapas,La vida y la Integridad corporal,Lesiones,Lesiones culposas,Con arma de fuego,0,0,0
701,2026,7,Chiapas,La vida y la Integridad corporal,Lesiones,Lesiones culposas,Con otro elemento,11,4,4
702,2026,7,Chiapas,La vida y la Integridad corporal,Lesiones,Lesiones culposas,En accidente de transito,29,34,32
703,2026,7,Chiapas,La vida y la Integridad corporal,Lesiones,Lesiones culposas,No especificado,0,0,0
704,2026,7,Chiapas,La vida y la Integridad corporal,Feminicidio,Feminicidio,Con arma blanca,0,1,1
705,2026,7,Chiapas,La vida y la Integridad corporal,Feminicidio,Feminicidio,Con arma de fuego,2,2,1
706,2026,7,Chiapas,La vida y la Integridad corporal,Feminicidio,Feminicidio,Con otro elemento,0,2,2
707,2026,7,Chiapas,La vida y la Integridad corporal,Feminicidio,Feminicidio,No especificado,1,0,1
708,2026,7,Chiapas,La vida y la Integridad corporal,Feminicidio,Tentativa de feminicidio,Tentativa de feminicidio,2,3,1
709,2026,7,Chiapas,La vida y la Integridad corporal,Aborto,Aborto,Aborto,0,0,1
710,2026,7,Chiapas,Libertad personal,Otros delitos que atentan contra la libertad personal,Otros delitos que atentan contra la libertad personal,Otros delitos que atentan contra la libertad personal,4,8,6
711,2026,7,Chiapas,Libertad personal,Secuestro,Secuestro extorsivo,Secuestro extorsivo,1,0,1
712,2026,7,Chiapas,Libertad personal,Secuestro,Secuestro con calidad de rehen,Secuestro con calidad de rehen,0,0,0
713,2026,7,Chiapas,Libertad personal,Secuestro,Secuestro para causar dano,Secuestro para causar dano,0,1,1
714,2026,7,Chiapas,Libertad personal,Secuestro,Secuestro expres,Secuestro expres,0,0,0
715,2026,7,Chiapas,Libertad personal,Trafico de menores,Trafico de menores,Trafico de menores,0,0,0
716,2026,7,Chiapas,Libertad personal,Rapto,Rapto,Rapto,0,0,0
717,2026,7,Chiapas,Libertad personal,Privacion ilegal de la libertad,Privacion ilegal de la libertad,Privacion ilegal de la libertad,0,0,0
718,2026,7,Chiapas,Libertad personal,Retencion o sustraccion de menores e incapaces,Retencion o sustraccion de menores e incapaces,Retencion o sustraccion de menores e incapaces,1,2,2
719,2026,7,Chiapas,La libertad y la seguridad sexual,Abuso sexual,Abuso sexual,Abuso sexual,9,18,15
720,2026,7,Chiapas,La libertad y la seguridad sexual,Otros delitos que atentan contra la libertad y la seguridad sexual,Otros delitos que atentan contra la libertad y la seguridad sexual,Otros delitos que atentan contra la libertad y la seguridad sexual,39,31,42
721,2026,7,Chiapas,La libertad y la seguridad sexual,Acoso sexual,Acoso sexual,Acoso sexual,0,5,6
722,2026,7,Chiapas,La libertad y la seguridad sexual,Hostigamiento sexual,Hostigamiento sexual,Hostigamiento sexual,2,1,0
723,2026,7,Chiapas,La libertad y la seguridad sexual,Incesto,Incesto,Incesto,0,0,0
724,2026,7,Chiapas,La libertad y la seguridad sexual,Violacion,Violacion simple,Violacion simple,14,11,15
725,2026,7,Chiapas,La libertad y la seguridad sexual,Violacion,Violacion equiparada,Violacion equiparada,1,0,0
726,2026,7,Chiapas,La libertad y la seguridad sexual,Violacion a la intimidad sexual,Violacion a la intimidad sexual,Violacion a la intimidad sexual,1,2,1
727,2026,7,Chiapas,El patrimonio,Otros delitos contra el patrimonio,Otros delitos contra el patrimonio,Otros delitos contra el patrimonio,18,14,22
728,2026,7,Chiapas,El patrimonio,Robo,Robo a casa habitacion,Con violencia,11,7,5
729,2026,7,Chiapas,El patrimonio,Robo,Robo a casa habitacion,Sin violencia,3,4,2
730,2026,7,Chiapas,El patrimonio,Robo,Robo de vehiculo automotor - Coche de 4 ruedas,Con violencia,7,12,15
731,2026,7,Chiapas,El patrimonio,Robo,Robo de vehiculo automotor - Coche de 4 ruedas,Sin violencia,8,14,3
732,2026,7,Chiapas,El patrimonio,Robo,Robo de vehiculo automotor - Motocicleta,Con violencia,5,6,7
733,2026,7,Chiapas,El patrimonio,Robo,Robo de vehiculo automotor - Motocicleta,Sin violencia,13,19,15
734,2026,7,Chiapas,El patrimonio,Robo,Robo de vehiculo automotor - Embarcaciones,Con violencia,0,0,0
735,2026,7,Chiapas,El patrimonio,Robo,Robo de vehiculo automotor - Embarcaciones,Sin violencia,0,0,0
736,2026,7,Chiapas,El patrimonio,Robo,Robo de autopartes,Con violencia,0,0,1
737,2026,7,Chiapas,El patrimonio,Robo,Robo de autopartes,Sin violencia,1,0,2
738,2026,7,Chiapas,El patrimonio,Robo,Robo a transportista,Con violencia,0,0,0
739,2026,7,Chiapas,El patrimonio,Robo,Robo a transportista,Sin violencia,0,0,0
740,2026,7,Chiapas,El patrimonio,Robo,Robo a transeunte en via publica,Con violencia,1,1,4
741,2026,7,Chiapas,El patrimonio,Robo,Robo a transeunte en via publica,Sin violencia,0,0,0
742,2026,7,Chiapas,El patrimonio,Robo,Robo a transeunte en espacio abierto al publico,Con violencia,2,2,1
743,2026,7,Chiapas,El patrimonio,Robo,Robo a transeunte en espacio abierto al publico,Sin violencia,1,0,0
744,2026,7,Chiapas,El patrimonio,Robo,Robo en transporte publico individual,Con violencia,0,0,0
745,2026,7,Chiapas,El patrimonio,Robo,Robo en transporte publico individual,Sin violencia,0,0,0
746,2026,7,Chiapas,El patrimonio,Robo,Robo en transporte publico colectivo,Con violencia,0,0,0
747,2026,7,Chiapas,El patrimonio,Robo,Robo en transporte publico colectivo,Sin violencia,0,0,0
748,2026,7,Chiapas,El patrimonio,Robo,Robo en transporte individual,Con violencia,0,0,1
749,2026,7,Chiapas,El patrimonio,Robo,Robo en transporte individual,Sin violencia,0,0,0
750,2026,7,Chiapas,El patrimonio,Robo,Robo a institucion bancaria,Con violencia,0,0,0
751,2026,7,Chiapas,El patrimonio,Robo,Robo a institucion bancaria,Sin violencia,0,0,0
752,2026,7,Chiapas,El patrimonio,Robo,Robo a negocio,Con violencia,8,9,8
753,2026,7,Chiapas,El patrimonio,Robo,Robo a negocio,Sin violencia,4,4,2
754,2026,7,Chiapas,El patrimonio,Robo,Robo de ganado,Con violencia,1,2,3
755,2026,7,Chiapas,El patrimonio,Robo,Robo de ganado,Sin violencia,2,0,0
756,2026,7,Chiapas,El patrimonio,Robo,Robo de maquinaria - Herramienta industrial o agricola,Con violencia,0,0,0
757,2026,7,Chiapas,El patrimonio,Robo,Robo de maquinaria - Herramienta industrial o agricola,Sin violencia,0,0,0
758,2026,7,Chiapas,El patrimonio,Robo,Robo de maquinaria - Tractores y/o montacargas,Con violencia,0,0,0
759,2026,7,Chiapas,El patrimonio,Robo,Robo de maquinaria - Tractores y/o montacargas,Sin violencia,0,0,0
760,2026,7,Chiapas,El patrimonio,Robo,"Robo de maquinaria - Cables, tubos y otros objetos destinados a servicios publicos",Con violencia,0,0,0
761,2026,7,Chiapas,El patrimonio,Robo,"Robo de maquinaria - Cables, tubos y otros objetos destinados a servicios publicos",Sin violencia,0,0,0
762,2026,7,Chiapas,El patrimonio,Robo,Otros robos,Con violencia,26,8,10
763,2026,7,Chiapas,El patrimonio,Robo,Otros robos,Sin violencia,19,27,32
764,2026,7,Chiapas,El patrimonio,Fraude,Fraude,Fraude,4,11,11
765,2026,7,Chiapas,El patrimonio,Abuso de confianza,Abuso de confianza,Abuso de confianza,0,1,1
766,2026,7,Chiapas,El patrimonio,Extorsion,Extorsion presencial,Extorsion presencial,1,0,1
767,2026,7,Chiapas,El patrimonio,Extorsion,Tentativa de extorsion presencial,Tentativa de extorsion presencial,0,0,1
768,2026,7,Chiapas,El patrimonio,Extorsion,Extorsion por otros medios,Extorsion por otros medios,4,0,5
769,2026,7,Chiapas,El patrimonio,Extorsion,Tentativa de extorsion por otros medios,Tentativa de extorsion por otros medios,0,0,0
770,2026,7,Chiapas,El patrimonio,Dano a la propiedad,Dano a la propiedad,Dano a la propiedad,48,54,47
771,2026,7,Chiapas,El patrimonio,Despojo,Despojo,Despojo,5,9,10
772,2026,7,Chiapas,La familia,Otros delitos contra la familia,Otros delitos contra la familia,Otros delitos contra la familia,3,0,0
773,2026,7,Chiapas,La familia,Violencia familiar,Violencia familiar,Violencia familiar,53,60,78
774,2026,7,Chiapas,La familia,Violencia de genero en todas sus modalidades distinta a la violencia familiar,Violencia de genero en todas sus modalidades distinta a la violencia familiar,Violencia de genero en todas sus modalidades distinta a la violencia familiar,0,0,0
775,2026,7,Chiapas,La familia,Incumplimiento de obligaciones de asistencia familiar,Incumplimiento de obligaciones de asistencia familiar,Incumplimiento de obligaciones de asistencia familiar,14,11,3
776,2026,7,Chiapas,La sociedad,Corrupcion de menores,Corrupcion de menores,Corrupcion de menores,0,1,1
777,2026,7,Chiapas,La sociedad,Otros delitos contra la sociedad,Otros delitos contra la sociedad,Otros delitos contra la sociedad,0,1,0
778,2026,7,Chiapas,La sociedad,Trata de personas,Trata de personas con fines de explotacion sexual,Trata de personas con fines de explotacion sexual,0,0,0
779,2026,7,Chiapas,La sociedad,Trata de personas,Trata de personas con fines de trabajo o servicios forzados,Trata de personas con fines de trabajo o servicios forzados,0,0,0
780,2026,7,Chiapas,La sociedad,Trata de personas,Trata de personas con fines de trafico de organos,Trata de personas con fines de trafico de organos,0,0,0
781,2026,7,Chiapas,La sociedad,Trata de personas,Trata de personas con otros fines,Trata de personas con otros fines,0,0,0
782,2026,7,Chiapas,La sociedad,Pornografia infantil,Pornografia infantil,Pornografia infantil,1,0,1
783,2026,7,Chiapas,La sociedad,Discriminacion,Discriminacion,Discriminacion,1,1,2
784,2026,7,Chiapas,Otros bienes juridicos afectados (del fuero comun),Narcomenudeo,Narcomenudeo posesion simple,Narcomenudeo posesion simple,22,49,56
785,2026,7,Chiapas,Otros bienes juridicos afectados (del fuero comun),Otros delitos del Fuero Comun,Otros delitos del Fuero Comun,Otros delitos del Fuero Comun,38,52,80
786,2026,7,Chiapas,Otros bienes juridicos afectados (del fuero comun),Narcomenudeo,Narcomenudeo con fines de venta,Narcomenudeo con fines de venta,62,70,92
787,2026,7,Chiapas,Otros bienes juridicos afectados (del fuero comun),Amenazas,Amenazas,Amenazas,3,3,2
788,2026,7,Chiapas,Otros bienes juridicos afectados (del fuero comun),Allanamiento de morada,Allanamiento de morada,Allanamiento de morada,2,2,3
789,2026,7,Chiapas,Otros bienes juridicos afectados (del fuero comun),Evasion de presos,Evasion de presos,Evasion de presos,0,0,0
790,2026,7,Chiapas,Otros bienes juridicos afectados (del fuero comun),Falsedad,Falsedad,Falsedad,0,1,2
791,2026,7,Chiapas,Otros bienes juridicos afectados (del fuero comun),Falsificacion,Falsificacion,Falsificacion,0,5,3
792,2026,7,Chiapas,Otros bienes juridicos afectados (del fuero comun),Contra el medio ambiente,Contra el medio ambiente,Contra el medio ambiente,4,6,6
793,2026,7,Chiapas,Otros bienes juridicos afectados (del fuero comun),Delitos cometidos por servidores publicos,Delitos cometidos por servidores publicos,Delitos cometidos por servidores publicos,8,3,6
794,2026,7,Chiapas,Otros bienes juridicos afectados (del fuero comun),Electorales,Electorales,Electorales,0,3,0
795,2026,7,Chiapas,Otros bienes juridicos afectados (del fuero comun),Delitos contra la administracion de justicia,Delitos contra la administracion de justicia,Delitos contra la administracion de justicia,17,16,20
796,2026,7,Chiapas,Otros bienes juridicos afectados (del fuero comun),Suplantacion y usurpacion de identidad,Suplantacion y usurpacion de identidad,Suplantacion y usurpacion de identidad,0,0,0
797,2026,7,Chiapas,Otros bienes juridicos afectados (del fuero comun),Tortura,Tortura,Tortura,0,1,0
798,2026,8,Chihuahua,La vida y la Integridad corporal,Homicidio,Homicidio doloso,Con arma blanca,13,5,0
799,2026,8,Chihuahua,La vida y la Integridad corporal,Homicidio,Homicidio doloso,Con arma de fuego,74,62,4
800,2026,8,Chihuahua,La vida y la Integridad corporal,Homicidio,Homicidio doloso,Con otro elemento,21,24,8
801,2026,8,Chihuahua,La vida y la Integridad corporal,Homicidio,Homicidio doloso,No especificado,0,0,106
802,2026,8,Chihuahua,La vida y la Integridad corporal,Homicidio,Tentativa de homicidio doloso,Tentativa de homicidio doloso,7,6,2
803,2026,8,Chihuahua,La vida y la Integridad corporal,Homicidio,Homicidio culposo,Con arma blanca,0,0,0
804,2026,8,Chihuahua,La vida y la Integridad corporal,Homicidio,Homicidio culposo,Con arma de fuego,0,0,0
805,2026,8,Chihuahua,La vida y la Integridad corporal,Homicidio,Homicidio culposo,Con otro elemento,0,0,0
806,2026,8,Chihuahua,La vida y la Integridad corporal,Homicidio,Homicidio culposo,En accidente de transito,21,22,18
807,2026,8,Chihuahua,La vida y la Integridad corporal,Homicidio,Homicidio culposo,No especificado,0,5,1
808,2026,8,Chihuahua,La vida y la Integridad corporal,Otros delitos que atentan contra la vida y la integridad corporal,Otros delitos que atentan contra la vida y la integridad corporal,Otros delitos que atentan contra la vida y la integridad corporal,32,37,72
809,2026,8,Chihuahua,La vida y la Integridad corporal,Lesiones,Lesiones dolosas,Con arma blanca,24,31,42
810,2026,8,Chihuahua,La vida y la Integridad corporal,Lesiones,Lesiones dolosas,Con arma de fuego,18,16,23
811,2026,8,Chihuahua,La vida y la Integridad corporal,Lesiones,Lesiones dolosas,Con otro elemento,262,270,351
812,2026,8,Chihuahua,La vida y la Integridad corporal,Lesiones,Lesiones dolosas,No especificado,68,89,111
813,2026,8,Chihuahua,La vida y la Integridad corporal,Lesiones,Lesiones culposas,Con arma blanca,0,0,0
814,2026,8,Chihuahua,La vida y la Integridad corporal,Lesiones,Lesiones culposas,Con arma de fuego,0,0,0
815,2026,8,Chihuahua,La vida y la Integridad corporal,Lesiones,Lesiones culposas,Con otro elemento,33,18,0
816,2026,8,Chihuahua,La vida y la Integridad corporal,Lesiones,Lesiones culposas,En accidente de transito,96,99,76
817,2026,8,Chihuahua,La vida y la Integridad corporal,Lesiones,Lesiones culposas,No especificado,0,8,67
818,2026,8,Chihuahua,La vida y la Integridad corporal,Feminicidio,Feminicidio,Con arma blanca,1,0,0
819,2026,8,Chihuahua,La vida y la Integridad corporal,Feminicidio,Feminicidio,Con arma de fuego,0,2,0
820,2026,8,Chihuahua,La vida y la Integridad corporal,Feminicidio,Feminicidio,Con otro elemento,1,1,0
821,2026,8,Chihuahua,La vida y la Integridad corporal,Feminicidio,Feminicidio,No especificado,0,0,3
822,2026,8,Chihuahua,La vida y la Integridad corporal,Feminicidio,Tentativa de feminicidio,Tentativa de feminicidio,1,2,3
823,2026,8,Chihuahua,La vida y la Integridad corporal,Aborto,Aborto,Aborto,0,0,0
824,2026,8,Chihuahua,Libertad personal,Otros delitos que atentan contra la libertad personal,Otros delitos que atentan contra la libertad personal,Otros delitos que atentan contra la libertad personal,3,5,4
825,2026,8,Chihuahua,Libertad personal,Secuestro,Secuestro extorsivo,Secuestro extorsivo,2,10,11
826,2026,8,Chihuahua,Libertad personal,Secuestro,Secuestro con calidad de rehen,Secuestro con calidad de rehen,0,1,0
827,2026,8,Chihuahua,Libertad personal,Secuestro,Secuestro para causar dano,Secuestro para causar dano,0,0,0
828,2026,8,Chihuahua,Libertad personal,Secuestro,Secuestro expres,Secuestro expres,0,2,2
829,2026,8,Chihuahua,Libertad personal,Trafico de menores,Trafico de menores,Trafico de menores,0,0,0
830,2026,8,Chihuahua,Libertad personal,Rapto,Rapto,Rapto,0,0,0
831,2026,8,Chihuahua,Libertad personal,Privacion ilegal de la libertad,Privacion ilegal de la libertad,Privacion ilegal de la libertad,32,24,26
832,2026,8,Chihuahua,Libertad personal,Retencion o sustraccion de menores e incapaces,Retencion o sustraccion de menores e incapaces,Retencion o sustraccion de menores e incapaces,65,43,68
833,2026,8,Chihuahua,La libertad y la seguridad sexual,Abuso sexual,Abuso sexual,Abuso sexual,114,128,166
834,2026,8,Chihuahua,La libertad y la seguridad sexual,Otros delitos que atentan contra la libertad y la seguridad sexual,Otros delitos que atentan contra la libertad y la seguridad sexual,Otros delitos que atentan contra la libertad y la seguridad sexual,5,6,6
835,2026,8,Chihuahua,La libertad y la seguridad sexual,Acoso sexual,Acoso sexual,Acoso sexual,22,30,35
836,2026,8,Chihuahua,La libertad y la seguridad sexual,Hostigamiento sexual,Hostigamiento sexual,Hostigamiento sexual,4,7,12
837,2026,8,Chihuahua,La libertad y la seguridad sexual,Incesto,Incesto,Incesto,0,0,0
838,2026,8,Chihuahua,La libertad y la seguridad sexual,Violacion,Violacion simple,Violacion simple,60,71,97
839,2026,8,Chihuahua,La libertad y la seguridad sexual,Violacion,Violacion equiparada,Violacion equiparada,16,17,26
840,2026,8,Chihuahua,La libertad y la seguridad sexual,Violacion a la intimidad sexual,Violacion a la intimidad sexual,Violacion a la intimidad sexual,38,31,40
841,2026,8,Chihuahua,El patrimonio,Otros delitos contra el patrimonio,Otros delitos contra el patrimonio,Otros delitos contra el patrimonio,98,123,132
842,2026,8,Chihuahua,El patrimonio,Robo,Robo a casa habitacion,Con violencia,2,7,3
843,2026,8,Chihuahua,El patrimonio,Robo,Robo a casa habitacion,Sin violencia,112,120,140
844,2026,8,Chihuahua,El patrimonio,Robo,Robo de vehiculo automotor - Coche de 4 ruedas,Con violencia,21,20,32
845,2026,8,Chihuahua,El patrimonio,Robo,Robo de vehiculo automotor - Coche de 4 ruedas,Sin violencia,136,129,147
846,2026,8,Chihuahua,El patrimonio,Robo,Robo de vehiculo automotor - Motocicleta,Con violencia,3,2,2
847,2026,8,Chihuahua,El patrimonio,Robo,Robo de vehiculo automotor - Motocicleta,Sin violencia,38,26,35
848,2026,8,Chihuahua,El patrimonio,Robo,Robo de vehiculo automotor - Embarcaciones,Con violencia,0,0,0
849,2026,8,Chihuahua,El patrimonio,Robo,Robo de vehiculo automotor - Embarcaciones,Sin violencia,0,0,0
850,2026,8,Chihuahua,El patrimonio,Robo,Robo de autopartes,Con violencia,1,0,3
851,2026,8,Chihuahua,El patrimonio,Robo,Robo de autopartes,Sin violencia,20,19,14
852,2026,8,Chihuahua,El patrimonio,Robo,Robo a transportista,Con violencia,2,0,0
853,2026,8,Chihuahua,El patrimonio,Robo,Robo a transportista,Sin violencia,1,1,0
854,2026,8,Chihuahua,El patrimonio,Robo,Robo a transeunte en via publica,Con violencia,6,5,4
855,2026,8,Chihuahua,El patrimonio,Robo,Robo a transeunte en via publica,Sin violencia,10,5,9
856,2026,8,Chihuahua,El patrimonio,Robo,Robo a transeunte en espacio abierto al publico,Con violencia,2,0,1
857,2026,8,Chihuahua,El patrimonio,Robo,Robo a transeunte en espacio abierto al publico,Sin violencia,8,0,3
858,2026,8,Chihuahua,El patrimonio,Robo,Robo en transporte publico individual,Con violencia,2,0,0
859,2026,8,Chihuahua,El patrimonio,Robo,Robo en transporte publico individual,Sin violencia,1,1,0
860,2026,8,Chihuahua,El patrimonio,Robo,Robo en transporte publico colectivo,Con violencia,0,0,0
861,2026,8,Chihuahua,El patrimonio,Robo,Robo en transporte publico colectivo,Sin violencia,0,1,0
862,2026,8,Chihuahua,El patrimonio,Robo,Robo en transporte individual,Con violencia,1,0,2
863,2026,8,Chihuahua,El patrimonio,Robo,Robo en transporte individual,Sin violencia,0,0,0
864,2026,8,Chihuahua,El patrimonio,Robo,Robo a institucion bancaria,Con violencia,0,0,0
865,2026,8,Chihuahua,El patrimonio,Robo,Robo a institucion bancaria,Sin violencia,1,0,1
866,2026,8,Chihuahua,El patrimonio,Robo,Robo a negocio,Con violencia,12,25,13
867,2026,8,Chihuahua,El patrimonio,Robo,Robo a negocio,Sin violencia,83,117,113
868,2026,8,Chihuahua,El patrimonio,Robo,Robo de ganado,Con violencia,1,0,0
869,2026,8,Chihuahua,El patrimonio,Robo,Robo de ganado,Sin violencia,22,11,11
870,2026,8,Chihuahua,El patrimonio,Robo,Robo de maquinaria - Herramienta industrial o agricola,Con violencia,0,0,0
871,2026,8,Chihuahua,El patrimonio,Robo,Robo de maquinaria - Herramienta industrial o agricola,Sin violencia,4,1,5
872,2026,8,Chihuahua,El patrimonio,Robo,Robo de maquinaria - Tractores y/o montacargas,Con violencia,0,0,0
873,2026,8,Chihuahua,El patrimonio,Robo,Robo de maquinaria - Tractores y/o montacargas,Sin violencia,2,0,1
874,2026,8,Chihuahua,El patrimonio,Robo,"Robo de maquinaria - Cables, tubos y otros objetos destinados a servicios publicos",Con violencia,0,0,1
875,2026,8,Chihuahua,El patrimonio,Robo,"Robo de maquinaria - Cables, tubos y otros objetos destinados a servicios publicos",Sin violencia,6,12,7
876,2026,8,Chihuahua,El patrimonio,Robo,Otros robos,Con violencia,36,31,35
877,2026,8,Chihuahua,El patrimonio,Robo,Otros robos,Sin violencia,210,178,264
878,2026,8,Chihuahua,El patrimonio,Fraude,Fraude,Fraude,398,375,411
879,2026,8,Chihuahua,El patrimonio,Abuso de confianza,Abuso de confianza,Abuso de confianza,114,128,162
880,2026,8,Chihuahua,El patrimonio,Extorsion,Extorsion presencial,Extorsion presencial,1,0,0
881,2026,8,Chihuahua,El patrimonio,Extorsion,Tentativa de extorsion presencial,Tentativa de extorsion presencial,0,0,0
882,2026,8,Chihuahua,El patrimonio,Extorsion,Extorsion por otros medios,Extorsion por otros medios,12,9,15
883,2026,8,Chihuahua,El patrimonio,Extorsion,Tentativa de extorsion por otros medios,Tentativa de extorsion por otros medios,0,0,0
884,2026,8,Chihuahua,El patrimonio,Dano a la propiedad,Dano a la propiedad,Dano a la propiedad,627,616,815
885,2026,8,Chihuahua,El patrimonio,Despojo,Despojo,Despojo,43,52,69
886,2026,8,Chihuahua,La familia,Otros delitos contra la familia,Otros delitos contra la familia,Otros delitos contra la familia,9,2,4
887,2026,8,Chihuahua,La familia,Violencia familiar,Violencia familiar,Violencia familiar,905,992,1283
888,2026,8,Chihuahua,La familia,Violencia de genero en todas sus modalidades distinta a la violencia familiar,Violencia de genero en todas sus modalidades distinta a la violencia familiar,Violencia de genero en todas sus modalidades distinta a la violencia familiar,0,0,0
889,2026,8,Chihuahua,La familia,Incumplimiento de obligaciones de asistencia familiar,Incumplimiento de obligaciones de asistencia familiar,Incumplimiento de obligaciones de asistencia familiar,194,202,204
890,2026,8,Chihuahua,La sociedad,Corrupcion de menores,Corrupcion de menores,Corrupcion de menores,7,5,15
891,2026,8,Chihuahua,La sociedad,Otros delitos contra la sociedad,Otros delitos contra la sociedad,Otros delitos contra la sociedad,9,6,7
892,2026,8,Chihuahua,La sociedad,Trata de personas,Trata de personas con fines de explotacion sexual,Trata de personas con fines de explotacion sexual,1,1,1
893,2026,8,Chihuahua,La sociedad,Trata de personas,Trata de personas con fines de trabajo o servicios forzados,Trata de personas con fines de trabajo o servicios forzados,0,1,1
894,2026,8,Chihuahua,La sociedad,Trata de personas,Trata de personas con fines de trafico de organos,Trata de personas con fines de trafico de organos,0,0,0
895,2026,8,Chihuahua,La sociedad,Trata de personas,Trata de personas con otros fines,Trata de personas con otros fines,0,3,1
896,2026,8,Chihuahua,La sociedad,Pornografia infantil,Pornografia infantil,Pornografia infantil,0,1,0
897,2026,8,Chihuahua,La sociedad,Discriminacion,Discriminacion,Discriminacion,11,7,23
898,2026,8,Chihuahua,Otros bienes juridicos afectados (del fuero comun),Narcomenudeo,Narcomenudeo posesion simple,Narcomenudeo posesion simple,365,361,404
899,2026,8,Chihuahua,Otros bienes juridicos afectados (del fuero comun),Otros delitos del Fuero Comun,Otros delitos del Fuero Comun,Otros delitos del Fuero Comun,248,295,300
900,2026,8,Chihuahua,Otros bienes juridicos afectados (del fuero comun),Narcomenudeo,Narcomenudeo con fines de venta,Narcomenudeo con fines de venta,22,12,20
901,2026,8,Chihuahua,Otros bienes juridicos afectados (del fuero comun),Amenazas,Amenazas,Amenazas,214,234,320
902,2026,8,Chihuahua,Otros bienes juridicos afectados (del fuero comun),Allanamiento de morada,Allanamiento de morada,Allanamiento de morada,30,22,20
903,2026,8,Chihuahua,Otros bienes juridicos afectados (del fuero comun),Evasion de presos,Evasion de presos,Evasion de presos,0,2,0
904,2026,8,Chihuahua,Otros bienes juridicos afectados (del fuero comun),Falsedad,Falsedad,Falsedad,18,18,25
905,2026,8,Chihuahua,Otros bienes juridicos afectados (del fuero comun),Falsificacion,Falsificacion,Falsificacion,47,51,39
906,2026,8,Chihuahua,Otros bienes juridicos afectados (del fuero comun),Contra el medio ambiente,Contra el medio ambiente,Contra el medio ambiente,2,2,1
907,2026,8,Chihuahua,Otros bienes juridicos afectados (del fuero comun),Delitos cometidos por servidores publicos,Delitos cometidos por servidores publicos,Delitos cometidos por servidores publicos,30,52,60
908,2026,8,Chihuahua,Otros bienes juridicos afectados (del fuero comun),Electorales,Electorales,Electorales,2,3,2
909,2026,8,Chihuahua,Otros bienes juridicos afectados (del fuero comun),Delitos contra la administracion de justicia,Delitos contra la administracion de justicia,Delitos contra la administracion de justicia,18,17,21
910,2026,8,Chihuahua,Otros bienes juridicos afectados (del fuero comun),Suplantacion y usurpacion de identidad,Suplantacion y usurpacion de identidad,Suplantacion y usurpacion de identidad,17,17,26
911,2026,8,Chihuahua,Otros bienes juridicos afectados (del fuero comun),Tortura,Tortura,Tortura,3,10,21
912,2026,9,Ciudad de Mexico,La vida y la Integridad corporal,Homicidio,Homicidio doloso,Con arma blanca,5,7,6
913,2026,9,Ciudad de Mexico,La vida y la Integridad corporal,Homicidio,Homicidio doloso,Con arma de fuego,46,34,50
914,2026,9,Ciudad de Mexico,La vida y la Integridad corporal,Homicidio,Homicidio doloso,Con otro elemento,7,9,1
915,2026,9,Ciudad de Mexico,La vida y la Integridad corporal,Homicidio,Homicidio doloso,No especificado,1,0,7
916,2026,9,Ciudad de Mexico,La vida y la Integridad corporal,Homicidio,Tentativa de homicidio doloso,Tentativa de homicidio doloso,8,9,13
917,2026,9,Ciudad de Mexico,La vida y la Integridad corporal,Homicidio,Homicidio culposo,Con arma blanca,0,0,0
918,2026,9,Ciudad de Mexico,La vida y la Integridad corporal,Homicidio,Homicidio culposo,Con arma de fuego,1,2,0
919,2026,9,Ciudad de Mexico,La vida y la Integridad corporal,Homicidio,Homicidio culposo,Con otro elemento,0,0,0
920,2026,9,Ciudad de Mexico,La vida y la Integridad corporal,Homicidio,Homicidio culposo,En accidente de transito,0,0,0
921,2026,9,Ciudad de Mexico,La vida y la Integridad corporal,Homicidio,Homicidio culposo,No especificado,77,60,60
922,2026,9,Ciudad de Mexico,La vida y la Integridad corporal,Otros delitos que atentan contra la vida y la integridad corporal,Otros delitos que atentan contra la vida y la integridad corporal,Otros delitos que atentan contra la vida y la integridad corporal,77,60,58
923,2026,9,Ciudad de Mexico,La vida y la Integridad corporal,Lesiones,Lesiones dolosas,Con arma blanca,57,47,66
924,2026,9,Ciudad de Mexico,La vida y la Integridad corporal,Lesiones,Lesiones dolosas,Con arma de fuego,33,37,48
925,2026,9,Ciudad de Mexico,La vida y la Integridad corporal,Lesiones,Lesiones dolosas,Con otro elemento,200,219,285
926,2026,9,Ciudad de Mexico,La vida y la Integridad corporal,Lesiones,Lesiones dolosas,No especificado,48,40,44
927,2026,9,Ciudad de Mexico,La vida y la Integridad corporal,Lesiones,Lesiones culposas,Con arma blanca,0,0,0
928,2026,9,Ciudad de Mexico,La vida y la Integridad corporal,Lesiones,Lesiones culposas,Con arma de fuego,0,0,0
929,2026,9,Ciudad de Mexico,La vida y la Integridad corporal,Lesiones,Lesiones culposas,Con otro elemento,0,0,0
930,2026,9,Ciudad de Mexico,La vida y la Integridad corporal,Lesiones,Lesiones culposas,En accidente de transito,0,0,0
931,2026,9,Ciudad de Mexico,La vida y la Integridad corporal,Lesiones,Lesiones culposas,No especificado,408,403,447
932,2026,9,Ciudad de Mexico,La vida y la Integridad corporal,Feminicidio,Feminicidio,Con arma blanca,1,1,2
933,2026,9,Ciudad de Mexico,La vida y la Integridad corporal,Feminicidio,Feminicidio,Con arma de fuego,1,2,0
934,2026,9,Ciudad de Mexico,La vida y la Integridad corporal,Feminicidio,Feminicidio,Con otro elemento,0,1,0
935,2026,9,Ciudad de Mexico,La vida y la Integridad corporal,Feminicidio,Feminicidio,No especificado,2,0,1
936,2026,9,Ciudad de Mexico,La vida y la Integridad corporal,Feminicidio,Tentativa de feminicidio,Tentativa de feminicidio,4,3,8
937,2026,9,Ciudad de Mexico,La vida y la Integridad corporal,Aborto,Aborto,Aborto,17,15,13
938,2026,9,Ciudad de Mexico,Libertad personal,Otros delitos que atentan contra la libertad personal,Otros delitos que atentan contra la libertad personal,Otros delitos que atentan contra la libertad personal,242,213,349
939,2026,9,Ciudad de Mexico,Libertad personal,Secuestro,Secuestro extorsivo,Secuestro extorsivo,1,1,0
940,2026,9,Ciudad de Mexico,Libertad personal,Secuestro,Secuestro con calidad de rehen,Secuestro con calidad de rehen,0,0,0
941,2026,9,Ciudad de Mexico,Libertad personal,Secuestro,Secuestro para causar dano,Secuestro para causar dano,0,0,0
942,2026,9,Ciudad de Mexico,Libertad personal,Secuestro,Secuestro expres,Secuestro expres,0,0,1
943,2026,9,Ciudad de Mexico,Libertad personal,Trafico de menores,Trafico de menores,Trafico de menores,0,0,0
944,2026,9,Ciudad de Mexico,Libertad personal,Rapto,Rapto,Rapto,0,0,0
945,2026,9,Ciudad de Mexico,Libertad personal,Privacion ilegal de la libertad,Privacion ilegal de la libertad,Privacion ilegal de la libertad,32,22,30
946,2026,9,Ciudad de Mexico,Libertad personal,Retencion o sustraccion de menores e incapaces,Retencion o sustraccion de menores e incapaces,Retencion o sustraccion de menores e incapaces,58,69,69
947,2026,9,Ciudad de Mexico,La libertad y la seguridad sexual,Abuso sexual,Abuso sexual,Abuso sexual,241,278,305
948,2026,9,Ciudad de Mexico,La libertad y la seguridad sexual,Otros delitos que atentan contra la libertad y la seguridad sexual,Otros delitos que atentan contra la libertad y la seguridad sexual,Otros delitos que atentan contra la libertad y la seguridad sexual,4,4,5
949,2026,9,Ciudad de Mexico,La libertad y la seguridad sexual,Acoso sexual,Acoso sexual,Acoso sexual,83,72,105
950,2026,9,Ciudad de Mexico,La libertad y la seguridad sexual,Hostigamiento sexual,Hostigamiento sexual,Hostigamiento sexual,0,0,0
951,2026,9,Ciudad de Mexico,La libertad y la seguridad sexual,Incesto,Incesto,Incesto,0,0,0
952,2026,9,Ciudad de Mexico,La libertad y la seguridad sexual,Violacion,Violacion simple,Violacion simple,51,59,87
953,2026,9,Ciudad de Mexico,La libertad y la seguridad sexual,Violacion,Violacion equiparada,Violacion equiparada,122,131,115
954,2026,9,Ciudad de Mexico,La libertad y la seguridad sexual,Violacion a la intimidad sexual,Violacion a la intimidad sexual,Violacion a la intimidad sexual,114,120,141
955,2026,9,Ciudad de Mexico,El patrimonio,Otros delitos contra el patrimonio,Otros delitos contra el patrimonio,Otros delitos contra el patrimonio,70,64,92
956,2026,9,Ciudad de Mexico,El patrimonio,Robo,Robo a casa habitacion,Con violencia,14,19,25
957,2026,9,Ciudad de Mexico,El patrimonio,Robo,Robo a casa habitacion,Sin violencia,193,137,167
958,2026,9,Ciudad de Mexico,El patrimonio,Robo,Robo de vehiculo automotor - Coche de 4 ruedas,Con violencia,30,23,33
959,2026,9,Ciudad de Mexico,El patrimonio,Robo,Robo de vehiculo automotor - Coche de 4 ruedas,Sin violencia,150,134,152
960,2026,9,Ciudad de Mexico,El patrimonio,Robo,Robo de vehiculo automotor - Motocicleta,Con violencia,23,20,26
961,2026,9,Ciudad de Mexico,El patrimonio,Robo,Robo de vehiculo automotor - Motocicleta,Sin violencia,188,203,219
962,2026,9,Ciudad de Mexico,El patrimonio,Robo,Robo de vehiculo automotor - Embarcaciones,Con violencia,0,0,0
963,2026,9,Ciudad de Mexico,El patrimonio,Robo,Robo de vehiculo automotor - Embarcaciones,Sin violencia,0,0,0
964,2026,9,Ciudad de Mexico,El patrimonio,Robo,Robo de autopartes,Con violencia,0,0,0
965,2026,9,Ciudad de Mexico,El patrimonio,Robo,Robo de autopartes,Sin violencia,797,649,657
966,2026,9,Ciudad de Mexico,El patrimonio,Robo,Robo a transportista,Con violencia,5,2,2
967,2026,9,Ciudad de Mexico,El patrimonio,Robo,Robo a transportista,Sin violencia,0,0,0
968,2026,9,Ciudad de Mexico,El patrimonio,Robo,Robo a transeunte en via publica,Con violencia,410,390,445
969,2026,9,Ciudad de Mexico,El patrimonio,Robo,Robo a transeunte en via publica,Sin violencia,130,149,134
970,2026,9,Ciudad de Mexico,El patrimonio,Robo,Robo a transeunte en espacio abierto al publico,Con violencia,160,128,117
971,2026,9,Ciudad de Mexico,El patrimonio,Robo,Robo a transeunte en espacio abierto al publico,Sin violencia,158,117,113
972,2026,9,Ciudad de Mexico,El patrimonio,Robo,Robo en transporte publico individual,Con violencia,7,11,7
973,2026,9,Ciudad de Mexico,El patrimonio,Robo,Robo en transporte publico individual,Sin violencia,36,37,21
974,2026,9,Ciudad de Mexico,El patrimonio,Robo,Robo en transporte publico colectivo,Con violencia,20,33,33
975,2026,9,Ciudad de Mexico,El patrimonio,Robo,Robo en transporte publico colectivo,Sin violencia,292,315,254
976,2026,9,Ciudad de Mexico,El patrimonio,Robo,Robo en transporte individual,Con violencia,111,59,56
977,2026,9,Ciudad de Mexico,El patrimonio,Robo,Robo en transporte individual,Sin violencia,0,0,0
978,2026,9,Ciudad de Mexico,El patrimonio,Robo,Robo a institucion bancaria,Con violencia,0,0,0
979,2026,9,Ciudad de Mexico,El patrimonio,Robo,Robo a institucion bancaria,Sin violencia,1,0,0
980,2026,9,Ciudad de Mexico,El patrimonio,Robo,Robo a negocio,Con violencia,144,127,141
981,2026,9,Ciudad de Mexico,El patrimonio,Robo,Robo a negocio,Sin violencia,637,567,616
982,2026,9,Ciudad de Mexico,El patrimonio,Robo,Robo de ganado,Con violencia,0,0,0
983,2026,9,Ciudad de Mexico,El patrimonio,Robo,Robo de ganado,Sin violencia,0,0,0
984,2026,9,Ciudad de Mexico,El patrimonio,Robo,Robo de maquinaria - Herramienta industrial o agricola,Con violencia,0,0,0
985,2026,9,Ciudad de Mexico,El patrimonio,Robo,Robo de maquinaria - Herramienta industrial o agricola,Sin violencia,0,0,0
986,2026,9,Ciudad de Mexico,El patrimonio,Robo,Robo de maquinaria - Tractores y/o montacargas,Con violencia,0,0,0
987,2026,9,Ciudad de Mexico,El patrimonio,Robo,Robo de maquinaria - Tractores y/o montacargas,Sin violencia,0,0,0
988,2026,9,Ciudad de Mexico,El patrimonio,Robo,"Robo de maquinaria - Cables, tubos y otros objetos destinados a servicios publicos",Con violencia,0,0,0
989,2026,9,Ciudad de Mexico,El patrimonio,Robo,"Robo de maquinaria - Cables, tubos y otros objetos destinados a servicios publicos",Sin violencia,0,0,0
990,2026,9,Ciudad de Mexico,El patrimonio,Robo,Otros robos,Con violencia,19,17,21
991,2026,9,Ciudad de Mexico,El patrimonio,Robo,Otros robos,Sin violencia,1390,1305,1372
992,2026,9,Ciudad de Mexico,El patrimonio,Fraude,Fraude,Fraude,1779,1809,1814
993,2026,9,Ciudad de Mexico,El patrimonio,Abuso de confianza,Abuso de confianza,Abuso de confianza,290,297,335
994,2026,9,Ciudad de Mexico,El patrimonio,Extorsion,Extorsion presencial,Extorsion presencial,38,26,36
995,2026,9,Ciudad de Mexico,El patrimonio,Extorsion,Tentativa de extorsion presencial,Tentativa de extorsion presencial,19,31,30
996,2026,9,Ciudad de Mexico,El patrimonio,Extorsion,Extorsion por otros medios,Extorsion por otros medios,98,71,114
997,2026,9,Ciudad de Mexico,El patrimonio,Extorsion,Tentativa de extorsion por otros medios,Tentativa de extorsion por otros medios,14,42,40
998,2026,9,Ciudad de Mexico,El patrimonio,Dano a la propiedad,Dano a la propiedad,Dano a la propiedad,797,788,992
999,2026,9,Ciudad de Mexico,El patrimonio,Despojo,Despojo,Despojo,267,320,340
1000,2026,9,Ciudad de Mexico,La familia,Otros delitos contra la familia,Otros delitos contra la familia,Otros delitos contra la familia,0,1,2
1001,2026,9,Ciudad de Mexico,La familia,Violencia familiar,Violencia familiar,Violencia familiar,2356,2164,2504
1002,2026,9,Ciudad de Mexico,La familia,Violencia de genero en todas sus modalidades distinta a la violencia familiar,Violencia de genero en todas sus modalidades distinta a la violencia familiar,Violencia de genero en todas sus modalidades distinta a la violencia familiar,0,0,0
1003,2026,9,Ciudad de Mexico,La familia,Incumplimiento de obligaciones de asistencia familiar,Incumplimiento de obligaciones de asistencia familiar,Incumplimiento de obligaciones de asistencia familiar,68,89,84
1004,2026,9,Ciudad de Mexico,La sociedad,Corrupcion de menores,Corrupcion de menores,Corrupcion de menores,26,37,39
1005,2026,9,Ciudad de Mexico,La sociedad,Otros delitos contra la sociedad,Otros delitos contra la sociedad,Otros delitos contra la sociedad,3,6,50
1006,2026,9,Ciudad de Mexico,La sociedad,Trata de personas,Trata de personas con fines de explotacion sexual,Trata de personas con fines de explotacion sexual,1,0,0
1007,2026,9,Ciudad de Mexico,La sociedad,Trata de personas,Trata de personas con fines de trabajo o servicios forzados,Trata de personas con fines de trabajo o servicios forzados,1,0,0
1008,2026,9,Ciudad de Mexico,La sociedad,Trata de personas,Trata de personas con fines de trafico de organos,Trata de personas con fines de trafico de organos,0,0,0
1009,2026,9,Ciudad de Mexico,La sociedad,Trata de personas,Trata de personas con otros fines,Trata de personas con otros fines,0,1,5
1010,2026,9,Ciudad de Mexico,La sociedad,Pornografia infantil,Pornografia infantil,Pornografia infantil,3,4,3
1011,2026,9,Ciudad de Mexico,La sociedad,Discriminacion,Discriminacion,Discriminacion,88,101,136
1012,2026,9,Ciudad de Mexico,Otros bienes juridicos afectados (del fuero comun),Narcomenudeo,Narcomenudeo posesion simple,Narcomenudeo posesion simple,236,215,238
1013,2026,9,Ciudad de Mexico,Otros bienes juridicos afectados (del fuero comun),Otros delitos del Fuero Comun,Otros delitos del Fuero Comun,Otros delitos del Fuero Comun,151,147,180
1014,2026,9,Ciudad de Mexico,Otros bienes juridicos afectados (del fuero comun),Narcomenudeo,Narcomenudeo con fines de venta,Narcomenudeo con fines de venta,270,246,261
1015,2026,9,Ciudad de Mexico,Otros bienes juridicos afectados (del fuero comun),Amenazas,Amenazas,Amenazas,1490,1740,2095
1016,2026,9,Ciudad de Mexico,Otros bienes juridicos afectados (del fuero comun),Allanamiento de morada,Allanamiento de morada,Allanamiento de morada,60,79,62
1017,2026,9,Ciudad de Mexico,Otros bienes juridicos afectados (del fuero comun),Evasion de presos,Evasion de presos,Evasion de presos,0,0,0
1018,2026,9,Ciudad de Mexico,Otros bienes juridicos afectados (del fuero comun),Falsedad,Falsedad,Falsedad,45,40,43
1019,2026,9,Ciudad de Mexico,Otros bienes juridicos afectados (del fuero comun),Falsificacion,Falsificacion,Falsificacion,189,165,222
1020,2026,9,Ciudad de Mexico,Otros bienes juridicos afectados (del fuero comun),Contra el medio ambiente,Contra el medio ambiente,Contra el medio ambiente,73,94,98
1021,2026,9,Ciudad de Mexico,Otros bienes juridicos afectados (del fuero comun),Delitos cometidos por servidores publicos,Delitos cometidos por servidores publicos,Delitos cometidos por servidores publicos,358,344,430
1022,2026,9,Ciudad de Mexico,Otros bienes juridicos afectados (del fuero comun),Electorales,Electorales,Electorales,3,9,9
1023,2026,9,Ciudad de Mexico,Otros bienes juridicos afectados (del fuero comun),Delitos contra la administracion de justicia,Delitos contra la administracion de justicia,Delitos contra la administracion de justicia,69,72,96
1024,2026,9,Ciudad de Mexico,Otros bienes juridicos afectados (del fuero comun),Suplantacion y usurpacion de identidad,Suplantacion y usurpacion de identidad,Suplantacion y usurpacion de identidad,409,386,455
1025,2026,9,Ciudad de Mexico,Otros bienes juridicos afectados (del fuero comun),Tortura,Tortura,Tortura,8,6,3
1026,2026,10,Durango,La vida y la Integridad corporal,Homicidio,Homicidio doloso,Con arma blanca,2,0,1
1027,2026,10,Durango,La vida y la Integridad corporal,Homicidio,Homicidio doloso,Con arma de fuego,3,2,2
1028,2026,10,Durango,La vida y la Integridad corporal,Homicidio,Homicidio doloso,Con otro elemento,0,2,0
1029,2026,10,Durango,La vida y la Integridad corporal,Homicidio,Homicidio doloso,No especificado,0,0,0
1030,2026,10,Durango,La vida y la Integridad corporal,Homicidio,Tentativa de homicidio doloso,Tentativa de homicidio doloso,0,0,0
1031,2026,10,Durango,La vida y la Integridad corporal,Homicidio,Homicidio culposo,Con arma blanca,0,0,0
1032,2026,10,Durango,La vida y la Integridad corporal,Homicidio,Homicidio culposo,Con arma de fuego,0,0,0
1033,2026,10,Durango,La vida y la Integridad corporal,Homicidio,Homicidio culposo,Con otro elemento,0,1,0
1034,2026,10,Durango,La vida y la Integridad corporal,Homicidio,Homicidio culposo,En accidente de transito,6,18,16
1035,2026,10,Durango,La vida y la Integridad corporal,Homicidio,Homicidio culposo,No especificado,0,2,0
1036,2026,10,Durango,La vida y la Integridad corporal,Otros delitos que atentan contra la vida y la integridad corporal,Otros delitos que atentan contra la vida y la integridad corporal,Otros delitos que atentan contra la vida y la integridad corporal,3,1,4
1037,2026,10,Durango,La vida y la Integridad corporal,Lesiones,Lesiones dolosas,Con arma blanca,10,17,7
1038,2026,10,Durango,La vida y la Integridad corporal,Lesiones,Lesiones dolosas,Con arma de fuego,0,2,6
1039,2026,10,Durango,La vida y la Integridad corporal,Lesiones,Lesiones dolosas,Con otro elemento,90,92,153
1040,2026,10,Durango,La vida y la Integridad corporal,Lesiones,Lesiones dolosas,No especificado,66,46,6
1041,2026,10,Durango,La vida y la Integridad corporal,Lesiones,Lesiones culposas,Con arma blanca,0,0,0
1042,2026,10,Durango,La vida y la Integridad corporal,Lesiones,Lesiones culposas,Con arma de fuego,0,0,0
1043,2026,10,Durango,La vida y la Integridad corporal,Lesiones,Lesiones culposas,Con otro elemento,2,2,2
1044,2026,10,Durango,La vida y la Integridad corporal,Lesiones,Lesiones culposas,En accidente de transito,60,76,57
1045,2026,10,Durango,La vida y la Integridad corporal,Lesiones,Lesiones culposas,No especificado,0,4,1
1046,2026,10,Durango,La vida y la Integridad corporal,Feminicidio,Feminicidio,Con arma blanca,3,0,0
1047,2026,10,Durango,La vida y la Integridad corporal,Feminicidio,Feminicidio,Con arma de fuego,0,0,0
1048,2026,10,Durango,La vida y la Integridad corporal,Feminicidio,Feminicidio,Con otro elemento,0,0,0
1049,2026,10,Durango,La vida y la Integridad corporal,Feminicidio,Feminicidio,No especificado,0,0,0
1050,2026,10,Durango,La vida y la Integridad corporal,Feminicidio,Tentativa de feminicidio,Tentativa de feminicidio,0,0,0
1051,2026,10,Durango,La vida y la Integridad corporal,Aborto,Aborto,Aborto,0,0,0
1052,2026,10,Durango,Libertad personal,Otros delitos que atentan contra la libertad personal,Otros delitos que atentan contra la libertad personal,Otros delitos que atentan contra la libertad personal,3,3,8
1053,2026,10,Durango,Libertad personal,Secuestro,Secuestro extorsivo,Secuestro extorsivo,0,0,0
1054,2026,10,Durango,Libertad personal,Secuestro,Secuestro con calidad de rehen,Secuestro con calidad de rehen,0,0,0
1055,2026,10,Durango,Libertad personal,Secuestro,Secuestro para causar dano,Secuestro para causar dano,0,0,0
1056,2026,10,Durango,Libertad personal,Secuestro,Secuestro expres,Secuestro expres,0,0,0
1057,2026,10,Durango,Libertad personal,Trafico de menores,Trafico de menores,Trafico de menores,0,0,0
1058,2026,10,Durango,Libertad personal,Rapto,Rapto,Rapto,0,0,0
1059,2026,10,Durango,Libertad personal,Privacion ilegal de la libertad,Privacion ilegal de la libertad,Privacion ilegal de la libertad,0,0,0
1060,2026,10,Durango,Libertad personal,Retencion o sustraccion de menores e incapaces,Retencion o sustraccion de menores e incapaces,Retencion o sustraccion de menores e incapaces,15,12,8
1061,2026,10,Durango,La libertad y la seguridad sexual,Abuso sexual,Abuso sexual,Abuso sexual,27,28,48
1062,2026,10,Durango,La libertad y la seguridad sexual,Otros delitos que atentan contra la libertad y la seguridad sexual,Otros delitos que atentan contra la libertad y la seguridad sexual,Otros delitos que atentan contra la libertad y la seguridad sexual,9,13,12
1063,2026,10,Durango,La libertad y la seguridad sexual,Acoso sexual,Acoso sexual,Acoso sexual,6,6,8
1064,2026,10,Durango,La libertad y la seguridad sexual,Hostigamiento sexual,Hostigamiento sexual,Hostigamiento sexual,1,1,2
1065,2026,10,Durango,La libertad y la seguridad sexual,Incesto,Incesto,Incesto,0,0,0
1066,2026,10,Durango,La libertad y la seguridad sexual,Violacion,Violacion simple,Violacion simple,20,21,23
1067,2026,10,Durango,La libertad y la seguridad sexual,Violacion,Violacion equiparada,Violacion equiparada,0,0,0
1068,2026,10,Durango,La libertad y la seguridad sexual,Violacion a la intimidad sexual,Violacion a la intimidad sexual,Violacion a la intimidad sexual,18,24,26
1069,2026,10,Durango,El patrimonio,Otros delitos contra el patrimonio,Otros delitos contra el patrimonio,Otros delitos contra el patrimonio,2,2,1
1070,2026,10,Durango,El patrimonio,Robo,Robo a casa habitacion,Con violencia,7,1,6
1071,2026,10,Durango,El patrimonio,Robo,Robo a casa habitacion,Sin violencia,20,26,21
1072,2026,10,Durango,El patrimonio,Robo,Robo de vehiculo automotor - Coche de 4 ruedas,Con violencia,15,16,9
1073,2026,10,Durango,El patrimonio,Robo,Robo de vehiculo automotor - Coche de 4 ruedas,Sin violencia,26,16,13
1074,2026,10,Durango,El patrimonio,Robo,Robo de vehiculo automotor - Motocicleta,Con violencia,0,1,5
1075,2026,10,Durango,El patrimonio,Robo,Robo de vehiculo automotor - Motocicleta,Sin violencia,16,13,9
1076,2026,10,Durango,El patrimonio,Robo,Robo de vehiculo automotor - Embarcaciones,Con violencia,0,0,0
1077,2026,10,Durango,El patrimonio,Robo,Robo de vehiculo automotor - Embarcaciones,Sin violencia,0,0,0
1078,2026,10,Durango,El patrimonio,Robo,Robo de autopartes,Con violencia,0,0,0
1079,2026,10,Durango,El patrimonio,Robo,Robo de autopartes,Sin violencia,0,1,0
1080,2026,10,Durango,El patrimonio,Robo,Robo a transportista,Con violencia,0,0,0
1081,2026,10,Durango,El patrimonio,Robo,Robo a transportista,Sin violencia,0,0,0
1082,2026,10,Durango,El patrimonio,Robo,Robo a transeunte en via publica,Con violencia,6,6,1
1083,2026,10,Durango,El patrimonio,Robo,Robo a transeunte en via publica,Sin violencia,0,1,5
1084,2026,10,Durango,El patrimonio,Robo,Robo a transeunte en espacio abierto al publico,Con violencia,1,0,0
1085,2026,10,Durango,El patrimonio,Robo,Robo a transeunte en espacio abierto al publico,Sin violencia,0,0,0
1086,2026,10,Durango,El patrimonio,Robo,Robo en transporte publico individual,Con violencia,0,0,1
1087,2026,10,Durango,El patrimonio,Robo,Robo en transporte publico individual,Sin violencia,0,0,0
1088,2026,10,Durango,El patrimonio,Robo,Robo en transporte publico colectivo,Con violencia,0,0,0
1089,2026,10,Durango,El patrimonio,Robo,Robo en transporte publico colectivo,Sin violencia,0,0,0
1090,2026,10,Durango,El patrimonio,Robo,Robo en transporte individual,Con violencia,1,1,0
1091,2026,10,Durango,El patrimonio,Robo,Robo en transporte individual,Sin violencia,0,0,0
1092,2026,10,Durango,El patrimonio,Robo,Robo a institucion bancaria,Con violencia,0,0,0
1093,2026,10,Durango,El patrimonio,Robo,Robo a institucion bancaria,Sin violencia,0,0,0
1094,2026,10,Durango,El patrimonio,Robo,Robo a negocio,Con violencia,9,8,2
1095,2026,10,Durango,El patrimonio,Robo,Robo a negocio,Sin violencia,18,14,24
1096,2026,10,Durango,El patrimonio,Robo,Robo de ganado,Con violencia,0,0,0
1097,2026,10,Durango,El patrimonio,Robo,Robo de ganado,Sin violencia,3,4,3
1098,2026,10,Durango,El patrimonio,Robo,Robo de maquinaria - Herramienta industrial o agricola,Con violencia,0,0,0
1099,2026,10,Durango,El patrimonio,Robo,Robo de maquinaria - Herramienta industrial o agricola,Sin violencia,0,0,0
1100,2026,10,Durango,El patrimonio,Robo,Robo de maquinaria - Tractores y/o montacargas,Con violencia,0,0,0
1101,2026,10,Durango,El patrimonio,Robo,Robo de maquinaria - Tractores y/o montacargas,Sin violencia,0,0,0
1102,2026,10,Durango,El patrimonio,Robo,"Robo de maquinaria - Cables, tubos y otros objetos destinados a servicios publicos",Con violencia,0,0,0
1103,2026,10,Durango,El patrimonio,Robo,"Robo de maquinaria - Cables, tubos y otros objetos destinados a servicios publicos",Sin violencia,0,0,0
1104,2026,10,Durango,El patrimonio,Robo,Otros robos,Con violencia,19,3,12
1105,2026,10,Durango,El patrimonio,Robo,Otros robos,Sin violencia,56,69,62
1106,2026,10,Durango,El patrimonio,Fraude,Fraude,Fraude,127,120,105
1107,2026,10,Durango,El patrimonio,Abuso de confianza,Abuso de confianza,Abuso de confianza,22,21,25
1108,2026,10,Durango,El patrimonio,Extorsion,Extorsion presencial,Extorsion presencial,0,0,0
1109,2026,10,Durango,El patrimonio,Extorsion,Tentativa de extorsion presencial,Tentativa de extorsion presencial,0,0,0
1110,2026,10,Durango,El patrimonio,Extorsion,Extorsion por otros medios,Extorsion por otros medios,4,4,3
1111,2026,10,Durango,El patrimonio,Extorsion,Tentativa de extorsion por otros medios,Tentativa de extorsion por otros medios,0,0,0
1112,2026,10,Durango,El patrimonio,Dano a la propiedad,Dano a la propiedad,Dano a la propiedad,149,111,135
1113,2026,10,Durango,El patrimonio,Despojo,Despojo,Despojo,21,17,23
1114,2026,10,Durango,La familia,Otros delitos contra la familia,Otros delitos contra la familia,Otros delitos contra la familia,24,33,28
1115,2026,10,Durango,La familia,Violencia familiar,Violencia familiar,Violencia familiar,365,412,414
1116,2026,10,Durango,La familia,Violencia de genero en todas sus modalidades distinta a la violencia familiar,Violencia de genero en todas sus modalidades distinta a la violencia familiar,Violencia de genero en todas sus modalidades distinta a la violencia familiar,0,0,0
1117,2026,10,Durango,La familia,Incumplimiento de obligaciones de asistencia familiar,Incumplimiento de obligaciones de asistencia familiar,Incumplimiento de obligaciones de asistencia familiar,14,15,13
1118,2026,10,Durango,La sociedad,Corrupcion de menores,Corrupcion de menores,Corrupcion de menores,0,0,0
1119,2026,10,Durango,La sociedad,Otros delitos contra la sociedad,Otros delitos contra la sociedad,Otros delitos contra la sociedad,0,0,2
1120,2026,10,Durango,La sociedad,Trata de personas,Trata de personas con fines de explotacion sexual,Trata de personas con fines de explotacion sexual,0,0,0
1121,2026,10,Durango,La sociedad,Trata de personas,Trata de personas con fines de trabajo o servicios forzados,Trata de personas con fines de trabajo o servicios forzados,0,0,0
1122,2026,10,Durango,La sociedad,Trata de personas,Trata de personas con fines de trafico de organos,Trata de personas con fines de trafico de organos,0,0,0
1123,2026,10,Durango,La sociedad,Trata de personas,Trata de personas con otros fines,Trata de personas con otros fines,0,0,0
1124,2026,10,Durango,La sociedad,Pornografia infantil,Pornografia infantil,Pornografia infantil,0,1,1
1125,2026,10,Durango,La sociedad,Discriminacion,Discriminacion,Discriminacion,2,2,3
1126,2026,10,Durango,Otros bienes juridicos afectados (del fuero comun),Narcomenudeo,Narcomenudeo posesion simple,Narcomenudeo posesion simple,50,63,50
1127,2026,10,Durango,Otros bienes juridicos afectados (del fuero comun),Otros delitos del Fuero Comun,Otros delitos del Fuero Comun,Otros delitos del Fuero Comun,33,38,34
1128,2026,10,Durango,Otros bienes juridicos afectados (del fuero comun),Narcomenudeo,Narcomenudeo con fines de venta,Narcomenudeo con fines de venta,0,0,0
1129,2026,10,Durango,Otros bienes juridicos afectados (del fuero comun),Amenazas,Amenazas,Amenazas,86,88,82
1130,2026,10,Durango,Otros bienes juridicos afectados (del fuero comun),Allanamiento de morada,Allanamiento de morada,Allanamiento de morada,8,7,9
1131,2026,10,Durango,Otros bienes juridicos afectados (del fuero comun),Evasion de presos,Evasion de presos,Evasion de presos,0,0,0
1132,2026,10,Durango,Otros bienes juridicos afectados (del fuero comun),Falsedad,Falsedad,Falsedad,1,2,2
1133,2026,10,Durango,Otros bienes juridicos afectados (del fuero comun),Falsificacion,Falsificacion,Falsificacion,8,1,12
1134,2026,10,Durango,Otros bienes juridicos afectados (del fuero comun),Contra el medio ambiente,Contra el medio ambiente,Contra el medio ambiente,0,0,0
1135,2026,10,Durango,Otros bienes juridicos afectados (del fuero comun),Delitos cometidos por servidores publicos,Delitos cometidos por servidores publicos,Delitos cometidos por servidores publicos,0,0,0
1136,2026,10,Durango,Otros bienes juridicos afectados (del fuero comun),Electorales,Electorales,Electorales,0,0,0
1137,2026,10,Durango,Otros bienes juridicos afectados (del fuero comun),Delitos contra la administracion de justicia,Delitos contra la administracion de justicia,Delitos contra la administracion de justicia,0,0,0
1138,2026,10,Durango,Otros bienes juridicos afectados (del fuero comun),Suplantacion y usurpacion de identidad,Suplantacion y usurpacion de identidad,Suplantacion y usurpacion de identidad,14,1,0
1139,2026,10,Durango,Otros bienes juridicos afectados (del fuero comun),Tortura,Tortura,Tortura,0,0,0
1140,2026,11,Guanajuato,La vida y la Integridad corporal,Homicidio,Homicidio doloso,Con arma blanca,0,1,1
1141,2026,11,Guanajuato,La vida y la Integridad corporal,Homicidio,Homicidio doloso,Con arma de fuego,92,96,113
1142,2026,11,Guanajuato,La vida y la Integridad corporal,Homicidio,Homicidio doloso,Con otro elemento,6,12,13
1143,2026,11,Guanajuato,La vida y la Integridad corporal,Homicidio,Homicidio doloso,No especificado,0,0,0
1144,2026,11,Guanajuato,La vida y la Integridad corporal,Homicidio,Tentativa de homicidio doloso,Tentativa de homicidio doloso,7,14,12
1145,2026,11,Guanajuato,La vida y la Integridad corporal,Homicidio,Homicidio culposo,Con arma blanca,0,0,0
1146,2026,11,Guanajuato,La vida y la Integridad corporal,Homicidio,Homicidio culposo,Con arma de fuego,2,0,0
1147,2026,11,Guanajuato,La vida y la Integridad corporal,Homicidio,Homicidio culposo,Con otro elemento,59,61,76
1148,2026,11,Guanajuato,La vida y la Integridad corporal,Homicidio,Homicidio culposo,En accidente de transito,37,54,63
1149,2026,11,Guanajuato,La vida y la Integridad corporal,Homicidio,Homicidio culposo,No especificado,0,0,0
1150,2026,11,Guanajuato,La vida y la Integridad corporal,Otros delitos que atentan contra la vida y la integridad corporal,Otros delitos que atentan contra la vida y la integridad corporal,Otros delitos que atentan contra la vida y la integridad corporal,5,6,8
1151,2026,11,Guanajuato,La vida y la Integridad corporal,Lesiones,Lesiones dolosas,Con arma blanca,48,39,71
1152,2026,11,Guanajuato,La vida y la Integridad corporal,Lesiones,Lesiones dolosas,Con arma de fuego,136,89,107
1153,2026,11,Guanajuato,La vida y la Integridad corporal,Lesiones,Lesiones dolosas,Con otro elemento,1080,1161,1458
1154,2026,11,Guanajuato,La vida y la Integridad corporal,Lesiones,Lesiones dolosas,No especificado,0,0,0
1155,2026,11,Guanajuato,La vida y la Integridad corporal,Lesiones,Lesiones culposas,Con arma blanca,0,0,0
1156,2026,11,Guanajuato,La vida y la Integridad corporal,Lesiones,Lesiones culposas,Con arma de fuego,0,0,0
1157,2026,11,Guanajuato,La vida y la Integridad corporal,Lesiones,Lesiones culposas,Con otro elemento,2,5,4
1158,2026,11,Guanajuato,La vida y la Integridad corporal,Lesiones,Lesiones culposas,En accidente de transito,2,0,0
1159,2026,11,Guanajuato,La vida y la Integridad corporal,Lesiones,Lesiones culposas,No especificado,0,0,0
1160,2026,11,Guanajuato,La vida y la Integridad corporal,Feminicidio,Feminicidio,Con arma blanca,0,0,0
1161,2026,11,Guanajuato,La vida y la Integridad corporal,Feminicidio,Feminicidio,Con arma de fuego,0,0,0
1162,2026,11,Guanajuato,La vida y la Integridad corporal,Feminicidio,Feminicidio,Con otro elemento,1,0,3
1163,2026,11,Guanajuato,La vida y la Integridad corporal,Feminicidio,Feminicidio,No especificado,0,0,0
1164,2026,11,Guanajuato,La vida y la Integridad corporal,Feminicidio,Tentativa de feminicidio,Tentativa de feminicidio,4,3,1
1165,2026,11,Guanajuato,La vida y la Integridad corporal,Aborto,Aborto,Aborto,6,1,4
1166,2026,11,Guanajuato,Libertad personal,Otros delitos que atentan contra la libertad personal,Otros delitos que atentan contra la libertad personal,Otros delitos que atentan contra la libertad personal,1,1,3
1167,2026,11,Guanajuato,Libertad personal,Secuestro,Secuestro extorsivo,Secuestro extorsivo,0,2,1
1168,2026,11,Guanajuato,Libertad personal,Secuestro,Secuestro con calidad de rehen,Secuestro con calidad de rehen,0,0,0
1169,2026,11,Guanajuato,Libertad personal,Secuestro,Secuestro para causar dano,Secuestro para causar dano,0,0,0
1170,2026,11,Guanajuato,Libertad personal,Secuestro,Secuestro expres,Secuestro expres,0,0,0
1171,2026,11,Guanajuato,Libertad personal,Trafico de menores,Trafico de menores,Trafico de menores,0,0,0
1172,2026,11,Guanajuato,Libertad personal,Rapto,Rapto,Rapto,0,0,0
1173,2026,11,Guanajuato,Libertad personal,Privacion ilegal de la libertad,Privacion ilegal de la libertad,Privacion ilegal de la libertad,26,25,34
1174,2026,11,Guanajuato,Libertad personal,Retencion o sustraccion de menores e incapaces,Retencion o sustraccion de menores e incapaces,Retencion o sustraccion de menores e incapaces,171,137,174
1175,2026,11,Guanajuato,La libertad y la seguridad sexual,Abuso sexual,Abuso sexual,Abuso sexual,100,145,179
1176,2026,11,Guanajuato,La libertad y la seguridad sexual,Otros delitos que atentan contra la libertad y la seguridad sexual,Otros delitos que atentan contra la libertad y la seguridad sexual,Otros delitos que atentan contra la libertad y la seguridad sexual,3,3,8
1177,2026,11,Guanajuato,La libertad y la seguridad sexual,Acoso sexual,Acoso sexual,Acoso sexual,34,30,44
1178,2026,11,Guanajuato,La libertad y la seguridad sexual,Hostigamiento sexual,Hostigamiento sexual,Hostigamiento sexual,4,4,3
1179,2026,11,Guanajuato,La libertad y la seguridad sexual,Incesto,Incesto,Incesto,0,0,0
1180,2026,11,Guanajuato,La libertad y la seguridad sexual,Violacion,Violacion simple,Violacion simple,71,77,99
1181,2026,11,Guanajuato,La libertad y la seguridad sexual,Violacion,Violacion equiparada,Violacion equiparada,6,7,6
1182,2026,11,Guanajuato,La libertad y la seguridad sexual,Violacion a la intimidad sexual,Violacion a la intimidad sexual,Violacion a la intimidad sexual,52,43,71
1183,2026,11,Guanajuato,El patrimonio,Otros delitos contra el patrimonio,Otros delitos contra el patrimonio,Otros delitos contra el patrimonio,250,320,283
1184,2026,11,Guanajuato,El patrimonio,Robo,Robo a casa habitacion,Con violencia,21,22,23
1185,2026,11,Guanajuato,El patrimonio,Robo,Robo a casa habitacion,Sin violencia,213,169,213
1186,2026,11,Guanajuato,El patrimonio,Robo,Robo de vehiculo automotor - Coche de 4 ruedas,Con violencia,114,57,81
1187,2026,11,Guanajuato,El patrimonio,Robo,Robo de vehiculo automotor - Coche de 4 ruedas,Sin violencia,112,102,112
1188,2026,11,Guanajuato,El patrimonio,Robo,Robo de vehiculo automotor - Motocicleta,Con violencia,55,38,46
1189,2026,11,Guanajuato,El patrimonio,Robo,Robo de vehiculo automotor - Motocicleta,Sin violencia,318,204,258
1190,2026,11,Guanajuato,El patrimonio,Robo,Robo de vehiculo automotor - Embarcaciones,Con violencia,0,0,0
1191,2026,11,Guanajuato,El patrimonio,Robo,Robo de vehiculo automotor - Embarcaciones,Sin violencia,0,0,0
1192,2026,11,Guanajuato,El patrimonio,Robo,Robo de autopartes,Con violencia,2,0,1
1193,2026,11,Guanajuato,El patrimonio,Robo,Robo de autopartes,Sin violencia,7,4,14
1194,2026,11,Guanajuato,El patrimonio,Robo,Robo a transportista,Con violencia,2,0,1
1195,2026,11,Guanajuato,El patrimonio,Robo,Robo a transportista,Sin violencia,0,0,0
1196,2026,11,Guanajuato,El patrimonio,Robo,Robo a transeunte en via publica,Con violencia,24,12,20
1197,2026,11,Guanajuato,El patrimonio,Robo,Robo a transeunte en via publica,Sin violencia,6,6,8
1198,2026,11,Guanajuato,El patrimonio,Robo,Robo a transeunte en espacio abierto al publico,Con violencia,0,0,0
1199,2026,11,Guanajuato,El patrimonio,Robo,Robo a transeunte en espacio abierto al publico,Sin violencia,0,0,0
1200,2026,11,Guanajuato,El patrimonio,Robo,Robo en transporte publico individual,Con violencia,0,0,0
1201,2026,11,Guanajuato,El patrimonio,Robo,Robo en transporte publico individual,Sin violencia,0,0,0
1202,2026,11,Guanajuato,El patrimonio,Robo,Robo en transporte publico colectivo,Con violencia,0,0,0
1203,2026,11,Guanajuato,El patrimonio,Robo,Robo en transporte publico colectivo,Sin violencia,0,0,0
1204,2026,11,Guanajuato,El patrimonio,Robo,Robo en transporte individual,Con violencia,0,0,0
1205,2026,11,Guanajuato,El patrimonio,Robo,Robo en transporte individual,Sin violencia,0,0,0
1206,2026,11,Guanajuato,El patrimonio,Robo,Robo a institucion bancaria,Con violencia,0,0,1
1207,2026,11,Guanajuato,El patrimonio,Robo,Robo a institucion bancaria,Sin violencia,0,2,2
1208,2026,11,Guanajuato,El patrimonio,Robo,Robo a negocio,Con violencia,160,170,189
1209,2026,11,Guanajuato,El patrimonio,Robo,Robo a negocio,Sin violencia,193,194,226
1210,2026,11,Guanajuato,El patrimonio,Robo,Robo de ganado,Con violencia,1,1,0
1211,2026,11,Guanajuato,El patrimonio,Robo,Robo de ganado,Sin violencia,13,23,13
1212,2026,11,Guanajuato,El patrimonio,Robo,Robo de maquinaria - Herramienta industrial o agricola,Con violencia,0,0,0
1213,2026,11,Guanajuato,El patrimonio,Robo,Robo de maquinaria - Herramienta industrial o agricola,Sin violencia,0,0,0
1214,2026,11,Guanajuato,El patrimonio,Robo,Robo de maquinaria - Tractores y/o montacargas,Con violencia,0,0,0
1215,2026,11,Guanajuato,El patrimonio,Robo,Robo de maquinaria - Tractores y/o montacargas,Sin violencia,0,0,0
1216,2026,11,Guanajuato,El patrimonio,Robo,"Robo de maquinaria - Cables, tubos y otros objetos destinados a servicios publicos",Con violencia,0,0,0
1217,2026,11,Guanajuato,El patrimonio,Robo,"Robo de maquinaria - Cables, tubos y otros objetos destinados a servicios publicos",Sin violencia,0,0,0
1218,2026,11,Guanajuato,El patrimonio,Robo,Otros robos,Con violencia,275,252,338
1219,2026,11,Guanajuato,El patrimonio,Robo,Otros robos,Sin violencia,874,747,922
1220,2026,11,Guanajuato,El patrimonio,Fraude,Fraude,Fraude,478,471,492
1221,2026,11,Guanajuato,El patrimonio,Abuso de confianza,Abuso de confianza,Abuso de confianza,174,176,174
1222,2026,11,Guanajuato,El patrimonio,Extorsion,Extorsion presencial,Extorsion presencial,0,0,0
1223,2026,11,Guanajuato,El patrimonio,Extorsion,Tentativa de extorsion presencial,Tentativa de extorsion presencial,0,0,0
1224,2026,11,Guanajuato,El patrimonio,Extorsion,Extorsion por otros medios,Extorsion por otros medios,96,109,104
1225,2026,11,Guanajuato,El patrimonio,Extorsion,Tentativa de extorsion por otros medios,Tentativa de extorsion por otros medios,0,0,0
1226,2026,11,Guanajuato,El patrimonio,Dano a la propiedad,Dano a la propiedad,Dano a la propiedad,1308,1221,1403
1227,2026,11,Guanajuato,El patrimonio,Despojo,Despojo,Despojo,132,134,164
1228,2026,11,Guanajuato,La familia,Otros delitos contra la familia,Otros delitos contra la familia,Otros delitos contra la familia,1,2,5
1229,2026,11,Guanajuato,La familia,Violencia familiar,Violencia familiar,Violencia familiar,1223,1209,1561
1230,2026,11,Guanajuato,La familia,Violencia de genero en todas sus modalidades distinta a la violencia familiar,Violencia de genero en todas sus modalidades distinta a la violencia familiar,Violencia de genero en todas sus modalidades distinta a la violencia familiar,0,0,0
1231,2026,11,Guanajuato,La familia,Incumplimiento de obligaciones de asistencia familiar,Incumplimiento de obligaciones de asistencia familiar,Incumplimiento de obligaciones de asistencia familiar,277,218,273
1232,2026,11,Guanajuato,La sociedad,Corrupcion de menores,Corrupcion de menores,Corrupcion de menores,57,50,92
1233,2026,11,Guanajuato,La sociedad,Otros delitos contra la sociedad,Otros delitos contra la sociedad,Otros delitos contra la sociedad,0,0,0
1234,2026,11,Guanajuato,La sociedad,Trata de personas,Trata de personas con fines de explotacion sexual,Trata de personas con fines de explotacion sexual,0,0,0
1235,2026,11,Guanajuato,La sociedad,Trata de personas,Trata de personas con fines de trabajo o servicios forzados,Trata de personas con fines de trabajo o servicios forzados,0,0,0
1236,2026,11,Guanajuato,La sociedad,Trata de personas,Trata de personas con fines de trafico de organos,Trata de personas con fines de trafico de organos,0,0,0
1237,2026,11,Guanajuato,La sociedad,Trata de personas,Trata de personas con otros fines,Trata de personas con otros fines,6,2,0
1238,2026,11,Guanajuato,La sociedad,Pornografia infantil,Pornografia infantil,Pornografia infantil,0,0,0
1239,2026,11,Guanajuato,La sociedad,Discriminacion,Discriminacion,Discriminacion,0,0,0
1240,2026,11,Guanajuato,Otros bienes juridicos afectados (del fuero comun),Narcomenudeo,Narcomenudeo posesion simple,Narcomenudeo posesion simple,482,479,484
1241,2026,11,Guanajuato,Otros bienes juridicos afectados (del fuero comun),Otros delitos del Fuero Comun,Otros delitos del Fuero Comun,Otros delitos del Fuero Comun,1585,1588,1949
1242,2026,11,Guanajuato,Otros bienes juridicos afectados (del fuero comun),Narcomenudeo,Narcomenudeo con fines de venta,Narcomenudeo con fines de venta,365,318,367
1243,2026,11,Guanajuato,Otros bienes juridicos afectados (del fuero comun),Amenazas,Amenazas,Amenazas,1079,1067,1426
1244,2026,11,Guanajuato,Otros bienes juridicos afectados (del fuero comun),Allanamiento de morada,Allanamiento de morada,Allanamiento de morada,43,47,56
1245,2026,11,Guanajuato,Otros bienes juridicos afectados (del fuero comun),Evasion de presos,Evasion de presos,Evasion de presos,0,0,0
1246,2026,11,Guanajuato,Otros bienes juridicos afectados (del fuero comun),Falsedad,Falsedad,Falsedad,19,30,35
1247,2026,11,Guanajuato,Otros bienes juridicos afectados (del fuero comun),Falsificacion,Falsificacion,Falsificacion,81,78,129
1248,2026,11,Guanajuato,Otros bienes juridicos afectados (del fuero comun),Contra el medio ambiente,Contra el medio ambiente,Contra el medio ambiente,0,0,1
1249,2026,11,Guanajuato,Otros bienes juridicos afectados (del fuero comun),Delitos cometidos por servidores publicos,Delitos cometidos por servidores publicos,Delitos cometidos por servidores publicos,17,17,34
1250,2026,11,Guanajuato,Otros bienes juridicos afectados (del fuero comun),Electorales,Electorales,Electorales,0,0,0
1251,2026,11,Guanajuato,Otros bienes juridicos afectados (del fuero comun),Delitos contra la administracion de justicia,Delitos contra la administracion de justicia,Delitos contra la administracion de justicia,0,0,0
1252,2026,11,Guanajuato,Otros bienes juridicos afectados (del fuero comun),Suplantacion y usurpacion de identidad,Suplantacion y usurpacion de identidad,Suplantacion y usurpacion de identidad,89,74,81
1253,2026,11,Guanajuato,Otros bienes juridicos afectados (del fuero comun),Tortura,Tortura,Tortura,1,1,2
1254,2026,12,Guerrero,La vida y la Integridad corporal,Homicidio,Homicidio doloso,Con arma blanca,2,1,3
1255,2026,12,Guerrero,La vida y la Integridad corporal,Homicidio,Homicidio doloso,Con arma de fuego,60,36,56
1256,2026,12,Guerrero,La vida y la Integridad corporal,Homicidio,Homicidio doloso,Con otro elemento,14,9,16
1257,2026,12,Guerrero,La vida y la Integridad corporal,Homicidio,Homicidio doloso,No especificado,0,0,0
1258,2026,12,Guerrero,La vida y la Integridad corporal,Homicidio,Tentativa de homicidio doloso,Tentativa de homicidio doloso,0,7,7
1259,2026,12,Guerrero,La vida y la Integridad corporal,Homicidio,Homicidio culposo,Con arma blanca,0,0,0
1260,2026,12,Guerrero,La vida y la Integridad corporal,Homicidio,Homicidio culposo,Con arma de fuego,0,0,0
1261,2026,12,Guerrero,La vida y la Integridad corporal,Homicidio,Homicidio culposo,Con otro elemento,4,6,1
1262,2026,12,Guerrero,La vida y la Integridad corporal,Homicidio,Homicidio culposo,En accidente de transito,23,24,30
1263,2026,12,Guerrero,La vida y la Integridad corporal,Homicidio,Homicidio culposo,No especificado,0,0,0
1264,2026,12,Guerrero,La vida y la Integridad corporal,Otros delitos que atentan contra la vida y la integridad corporal,Otros delitos que atentan contra la vida y la integridad corporal,Otros delitos que atentan contra la vida y la integridad corporal,3,2,3
1265,2026,12,Guerrero,La vida y la Integridad corporal,Lesiones,Lesiones dolosas,Con arma blanca,9,14,11
1266,2026,12,Guerrero,La vida y la Integridad corporal,Lesiones,Lesiones dolosas,Con arma de fuego,29,27,17
1267,2026,12,Guerrero,La vida y la Integridad corporal,Lesiones,Lesiones dolosas,Con otro elemento,216,158,207
1268,2026,12,Guerrero,La vida y la Integridad corporal,Lesiones,Lesiones dolosas,No especificado,0,0,0
1269,2026,12,Guerrero,La vida y la Integridad corporal,Lesiones,Lesiones culposas,Con arma blanca,0,1,0
1270,2026,12,Guerrero,La vida y la Integridad corporal,Lesiones,Lesiones culposas,Con arma de fuego,0,0,0
1271,2026,12,Guerrero,La vida y la Integridad corporal,Lesiones,Lesiones culposas,Con otro elemento,13,5,2
1272,2026,12,Guerrero,La vida y la Integridad corporal,Lesiones,Lesiones culposas,En accidente de transito,49,45,63
1273,2026,12,Guerrero,La vida y la Integridad corporal,Lesiones,Lesiones culposas,No especificado,0,0,0
1274,2026,12,Guerrero,La vida y la Integridad corporal,Feminicidio,Feminicidio,Con arma blanca,0,0,0
1275,2026,12,Guerrero,La vida y la Integridad corporal,Feminicidio,Feminicidio,Con arma de fuego,1,0,0
1276,2026,12,Guerrero,La vida y la Integridad corporal,Feminicidio,Feminicidio,Con otro elemento,1,0,2
1277,2026,12,Guerrero,La vida y la Integridad corporal,Feminicidio,Feminicidio,No especificado,0,0,0
1278,2026,12,Guerrero,La vida y la Integridad corporal,Feminicidio,Tentativa de feminicidio,Tentativa de feminicidio,0,0,0
1279,2026,12,Guerrero,La vida y la Integridad corporal,Aborto,Aborto,Aborto,0,0,0
1280,2026,12,Guerrero,Libertad personal,Otros delitos que atentan contra la libertad personal,Otros delitos que atentan contra la libertad personal,Otros delitos que atentan contra la libertad personal,31,39,61
1281,2026,12,Guerrero,Libertad personal,Secuestro,Secuestro extorsivo,Secuestro extorsivo,0,0,2
1282,2026,12,Guerrero,Libertad personal,Secuestro,Secuestro con calidad de rehen,Secuestro con calidad de rehen,0,0,0
1283,2026,12,Guerrero,Libertad personal,Secuestro,Secuestro para causar dano,Secuestro para causar dano,0,0,0
1284,2026,12,Guerrero,Libertad personal,Secuestro,Secuestro expres,Secuestro expres,0,0,0
1285,2026,12,Guerrero,Libertad personal,Trafico de menores,Trafico de menores,Trafico de menores,0,0,0
1286,2026,12,Guerrero,Libertad personal,Rapto,Rapto,Rapto,2,0,0
1287,2026,12,Guerrero,Libertad personal,Privacion ilegal de la libertad,Privacion ilegal de la libertad,Privacion ilegal de la libertad,18,0,0
1288,2026,12,Guerrero,Libertad personal,Retencion o sustraccion de menores e incapaces,Retencion o sustraccion de menores e incapaces,Retencion o sustraccion de menores e incapaces,8,11,11
1289,2026,12,Guerrero,La libertad y la seguridad sexual,Abuso sexual,Abuso sexual,Abuso sexual,27,28,34
1290,2026,12,Guerrero,La libertad y la seguridad sexual,Otros delitos que atentan contra la libertad y la seguridad sexual,Otros delitos que atentan contra la libertad y la seguridad sexual,Otros delitos que atentan contra la libertad y la seguridad sexual,2,0,0
1291,2026,12,Guerrero,La libertad y la seguridad sexual,Acoso sexual,Acoso sexual,Acoso sexual,10,9,14
1292,2026,12,Guerrero,La libertad y la seguridad sexual,Hostigamiento sexual,Hostigamiento sexual,Hostigamiento sexual,4,0,4
1293,2026,12,Guerrero,La libertad y la seguridad sexual,Incesto,Incesto,Incesto,0,0,0
1294,2026,12,Guerrero,La libertad y la seguridad sexual,Violacion,Violacion simple,Violacion simple,20,4,21
1295,2026,12,Guerrero,La libertad y la seguridad sexual,Violacion,Violacion equiparada,Violacion equiparada,15,11,21
1296,2026,12,Guerrero,La libertad y la seguridad sexual,Violacion a la intimidad sexual,Violacion a la intimidad sexual,Violacion a la intimidad sexual,0,0,0
1297,2026,12,Guerrero,El patrimonio,Otros delitos contra el patrimonio,Otros delitos contra el patrimonio,Otros delitos contra el patrimonio,0,4,1
1298,2026,12,Guerrero,El patrimonio,Robo,Robo a casa habitacion,Con violencia,5,5,3
1299,2026,12,Guerrero,El patrimonio,Robo,Robo a casa habitacion,Sin violencia,11,8,17
1300,2026,12,Guerrero,El patrimonio,Robo,Robo de vehiculo automotor - Coche de 4 ruedas,Con violencia,61,78,70
1301,2026,12,Guerrero,El patrimonio,Robo,Robo de vehiculo automotor - Coche de 4 ruedas,Sin violencia,32,26,37
1302,2026,12,Guerrero,El patrimonio,Robo,Robo de vehiculo automotor - Motocicleta,Con violencia,10,6,6
1303,2026,12,Guerrero,El patrimonio,Robo,Robo de vehiculo automotor - Motocicleta,Sin violencia,65,55,59
1304,2026,12,Guerrero,El patrimonio,Robo,Robo de vehiculo automotor - Embarcaciones,Con violencia,0,0,0
1305,2026,12,Guerrero,El patrimonio,Robo,Robo de vehiculo automotor - Embarcaciones,Sin violencia,1,0,0
1306,2026,12,Guerrero,El patrimonio,Robo,Robo de autopartes,Con violencia,0,0,0
1307,2026,12,Guerrero,El patrimonio,Robo,Robo de autopartes,Sin violencia,3,2,2
1308,2026,12,Guerrero,El patrimonio,Robo,Robo a transportista,Con violencia,0,0,0
1309,2026,12,Guerrero,El patrimonio,Robo,Robo a transportista,Sin violencia,0,0,0
1310,2026,12,Guerrero,El patrimonio,Robo,Robo a transeunte en via publica,Con violencia,4,1,1
1311,2026,12,Guerrero,El patrimonio,Robo,Robo a transeunte en via publica,Sin violencia,0,1,0
1312,2026,12,Guerrero,El patrimonio,Robo,Robo a transeunte en espacio abierto al publico,Con violencia,0,0,0
1313,2026,12,Guerrero,El patrimonio,Robo,Robo a transeunte en espacio abierto al publico,Sin violencia,0,0,1
1314,2026,12,Guerrero,El patrimonio,Robo,Robo en transporte publico individual,Con violencia,0,0,0
1315,2026,12,Guerrero,El patrimonio,Robo,Robo en transporte publico individual,Sin violencia,0,0,0
1316,2026,12,Guerrero,El patrimonio,Robo,Robo en transporte publico colectivo,Con violencia,0,0,0
1317,2026,12,Guerrero,El patrimonio,Robo,Robo en transporte publico colectivo,Sin violencia,0,0,0
1318,2026,12,Guerrero,El patrimonio,Robo,Robo en transporte individual,Con violencia,0,0,0
1319,2026,12,Guerrero,El patrimonio,Robo,Robo en transporte individual,Sin violencia,0,0,0
1320,2026,12,Guerrero,El patrimonio,Robo,Robo a institucion bancaria,Con violencia,0,0,0
1321,2026,12,Guerrero,El patrimonio,Robo,Robo a institucion bancaria,Sin violencia,0,0,1
1322,2026,12,Guerrero,El patrimonio,Robo,Robo a negocio,Con violencia,8,8,12
1323,2026,12,Guerrero,El patrimonio,Robo,Robo a negocio,Sin violencia,32,25,29
1324,2026,12,Guerrero,El patrimonio,Robo,Robo de ganado,Con violencia,0,0,0
1325,2026,12,Guerrero,El patrimonio,Robo,Robo de ganado,Sin violencia,4,4,1
1326,2026,12,Guerrero,El patrimonio,Robo,Robo de maquinaria - Herramienta industrial o agricola,Con violencia,0,0,0
1327,2026,12,Guerrero,El patrimonio,Robo,Robo de maquinaria - Herramienta industrial o agricola,Sin violencia,0,0,0
1328,2026,12,Guerrero,El patrimonio,Robo,Robo de maquinaria - Tractores y/o montacargas,Con violencia,0,0,0
1329,2026,12,Guerrero,El patrimonio,Robo,Robo de maquinaria - Tractores y/o montacargas,Sin violencia,0,0,0
1330,2026,12,Guerrero,El patrimonio,Robo,"Robo de maquinaria - Cables, tubos y otros objetos destinados a servicios publicos",Con violencia,0,0,0
1331,2026,12,Guerrero,El patrimonio,Robo,"Robo de maquinaria - Cables, tubos y otros objetos destinados a servicios publicos",Sin violencia,0,0,0
1332,2026,12,Guerrero,El patrimonio,Robo,Otros robos,Con violencia,52,50,58
1333,2026,12,Guerrero,El patrimonio,Robo,Otros robos,Sin violencia,108,117,146
1334,2026,12,Guerrero,El patrimonio,Fraude,Fraude,Fraude,72,98,87
1335,2026,12,Guerrero,El patrimonio,Abuso de confianza,Abuso de confianza,Abuso de confianza,26,38,34
1336,2026,12,Guerrero,El patrimonio,Extorsion,Extorsion presencial,Extorsion presencial,0,0,0
1337,2026,12,Guerrero,El patrimonio,Extorsion,Tentativa de extorsion presencial,Tentativa de extorsion presencial,0,0,0
1338,2026,12,Guerrero,El patrimonio,Extorsion,Extorsion por otros medios,Extorsion por otros medios,6,10,12
1339,2026,12,Guerrero,El patrimonio,Extorsion,Tentativa de extorsion por otros medios,Tentativa de extorsion por otros medios,0,3,11
1340,2026,12,Guerrero,El patrimonio,Dano a la propiedad,Dano a la propiedad,Dano a la propiedad,184,165,192
1341,2026,12,Guerrero,El patrimonio,Despojo,Despojo,Despojo,33,33,39
1342,2026,12,Guerrero,La familia,Otros delitos contra la familia,Otros delitos contra la familia,Otros delitos contra la familia,10,11,14
1343,2026,12,Guerrero,La familia,Violencia familiar,Violencia familiar,Violencia familiar,249,222,260
1344,2026,12,Guerrero,La familia,Violencia de genero en todas sus modalidades distinta a la violencia familiar,Violencia de genero en todas sus modalidades distinta a la violencia familiar,Violencia de genero en todas sus modalidades distinta a la violencia familiar,41,25,55
1345,2026,12,Guerrero,La familia,Incumplimiento de obligaciones de asistencia familiar,Incumplimiento de obligaciones de asistencia familiar,Incumplimiento de obligaciones de asistencia familiar,41,46,52
1346,2026,12,Guerrero,La sociedad,Corrupcion de menores,Corrupcion de menores,Corrupcion de menores,2,0,1
1347,2026,12,Guerrero,La sociedad,Otros delitos contra la sociedad,Otros delitos contra la sociedad,Otros delitos contra la sociedad,0,0,0
1348,2026,12,Guerrero,La sociedad,Trata de personas,Trata de personas con fines de explotacion sexual,Trata de personas con fines de explotacion sexual,0,2,1
1349,2026,12,Guerrero,La sociedad,Trata de personas,Trata de personas con fines de trabajo o servicios forzados,Trata de personas con fines de trabajo o servicios forzados,0,0,0
1350,2026,12,Guerrero,La sociedad,Trata de personas,Trata de personas con fines de trafico de organos,Trata de personas con fines de trafico de organos,0,0,0
1351,2026,12,Guerrero,La sociedad,Trata de personas,Trata de personas con otros fines,Trata de personas con otros fines,1,0,0
1352,2026,12,Guerrero,La sociedad,Pornografia infantil,Pornografia infantil,Pornografia infantil,0,0,0
1353,2026,12,Guerrero,La sociedad,Discriminacion,Discriminacion,Discriminacion,1,0,3
1354,2026,12,Guerrero,Otros bienes juridicos afectados (del fuero comun),Narcomenudeo,Narcomenudeo posesion simple,Narcomenudeo posesion simple,90,92,91
1355,2026,12,Guerrero,Otros bienes juridicos afectados (del fuero comun),Otros delitos del Fuero Comun,Otros delitos del Fuero Comun,Otros delitos del Fuero Comun,48,48,56
1356,2026,12,Guerrero,Otros bienes juridicos afectados (del fuero comun),Narcomenudeo,Narcomenudeo con fines de venta,Narcomenudeo con fines de venta,1,3,21
1357,2026,12,Guerrero,Otros bienes juridicos afectados (del fuero comun),Amenazas,Amenazas,Amenazas,241,213,291
1358,2026,12,Guerrero,Otros bienes juridicos afectados (del fuero comun),Allanamiento de morada,Allanamiento de morada,Allanamiento de morada,24,19,31
1359,2026,12,Guerrero,Otros bienes juridicos afectados (del fuero comun),Evasion de presos,Evasion de presos,Evasion de presos,0,0,1
1360,2026,12,Guerrero,Otros bienes juridicos afectados (del fuero comun),Falsedad,Falsedad,Falsedad,2,7,11
1361,2026,12,Guerrero,Otros bienes juridicos afectados (del fuero comun),Falsificacion,Falsificacion,Falsificacion,14,14,17
1362,2026,12,Guerrero,Otros bienes juridicos afectados (del fuero comun),Contra el medio ambiente,Contra el medio ambiente,Contra el medio ambiente,1,0,1
1363,2026,12,Guerrero,Otros bienes juridicos afectados (del fuero comun),Delitos cometidos por servidores publicos,Delitos cometidos por servidores publicos,Delitos cometidos por servidores publicos,19,13,21
1364,2026,12,Guerrero,Otros bienes juridicos afectados (del fuero comun),Electorales,Electorales,Electorales,1,1,1
1365,2026,12,Guerrero,Otros bienes juridicos afectados (del fuero comun),Delitos contra la administracion de justicia,Delitos contra la administracion de justicia,Delitos contra la administracion de justicia,0,0,0
1366,2026,12,Guerrero,Otros bienes juridicos afectados (del fuero comun),Suplantacion y usurpacion de identidad,Suplantacion y usurpacion de identidad,Suplantacion y usurpacion de identidad,0,0,0
1367,2026,12,Guerrero,Otros bienes juridicos afectados (del fuero comun),Tortura,Tortura,Tortura,0,0,0
1368,2026,13,Hidalgo,La vida y la Integridad corporal,Homicidio,Homicidio doloso,Con arma blanca,0,0,2
1369,2026,13,Hidalgo,La vida y la Integridad corporal,Homicidio,Homicidio doloso,Con arma de fuego,18,5,4
1370,2026,13,Hidalgo,La vida y la Integridad corporal,Homicidio,Homicidio doloso,Con otro elemento,2,3,12
1371,2026,13,Hidalgo,La vida y la Integridad corporal,Homicidio,Homicidio doloso,No especificado,0,0,0
1372,2026,13,Hidalgo,La vida y la Integridad corporal,Homicidio,Tentativa de homicidio doloso,Tentativa de homicidio doloso,0,0,0
1373,2026,13,Hidalgo,La vida y la Integridad corporal,Homicidio,Homicidio culposo,Con arma blanca,0,0,0
1374,2026,13,Hidalgo,La vida y la Integridad corporal,Homicidio,Homicidio culposo,Con arma de fuego,0,0,0
1375,2026,13,Hidalgo,La vida y la Integridad corporal,Homicidio,Homicidio culposo,Con otro elemento,0,0,0
1376,2026,13,Hidalgo,La vida y la Integridad corporal,Homicidio,Homicidio culposo,En accidente de transito,11,20,11
1377,2026,13,Hidalgo,La vida y la Integridad corporal,Homicidio,Homicidio culposo,No especificado,0,0,0
1378,2026,13,Hidalgo,La vida y la Integridad corporal,Otros delitos que atentan contra la vida y la integridad corporal,Otros delitos que atentan contra la vida y la integridad corporal,Otros delitos que atentan contra la vida y la integridad corporal,39,28,39
1379,2026,13,Hidalgo,La vida y la Integridad corporal,Lesiones,Lesiones dolosas,Con arma blanca,15,13,13
1380,2026,13,Hidalgo,La vida y la Integridad corporal,Lesiones,Lesiones dolosas,Con arma de fuego,9,18,20
1381,2026,13,Hidalgo,La vida y la Integridad corporal,Lesiones,Lesiones dolosas,Con otro elemento,353,345,436
1382,2026,13,Hidalgo,La vida y la Integridad corporal,Lesiones,Lesiones dolosas,No especificado,0,0,0
1383,2026,13,Hidalgo,La vida y la Integridad corporal,Lesiones,Lesiones culposas,Con arma blanca,0,1,1
1384,2026,13,Hidalgo,La vida y la Integridad corporal,Lesiones,Lesiones culposas,Con arma de fuego,2,0,1
1385,2026,13,Hidalgo,La vida y la Integridad corporal,Lesiones,Lesiones culposas,Con otro elemento,118,96,109
1386,2026,13,Hidalgo,La vida y la Integridad corporal,Lesiones,Lesiones culposas,En accidente de transito,58,79,100
1387,2026,13,Hidalgo,La vida y la Integridad corporal,Lesiones,Lesiones culposas,No especificado,0,0,0
1388,2026,13,Hidalgo,La vida y la Integridad corporal,Feminicidio,Feminicidio,Con arma blanca,0,1,0
1389,2026,13,Hidalgo,La vida y la Integridad corporal,Feminicidio,Feminicidio,Con arma de fuego,0,0,0
1390,2026,13,Hidalgo,La vida y la Integridad corporal,Feminicidio,Feminicidio,Con otro elemento,0,0,0
1391,2026,13,Hidalgo,La vida y la Integridad corporal,Feminicidio,Feminicidio,No especificado,0,0,0
1392,2026,13,Hidalgo,La vida y la Integridad corporal,Feminicidio,Tentativa de feminicidio,Tentativa de feminicidio,0,0,0
1393,2026,13,Hidalgo,La vida y la Integridad corporal,Aborto,Aborto,Aborto,1,1,0
1394,2026,13,Hidalgo,Libertad personal,Otros delitos que atentan contra la libertad personal,Otros delitos que atentan contra la libertad personal,Otros delitos que atentan contra la libertad personal,1,1,0
1395,2026,13,Hidalgo,Libertad personal,Secuestro,Secuestro extorsivo,Secuestro extorsivo,0,1,1
1396,2026,13,Hidalgo,Libertad personal,Secuestro,Secuestro con calidad de rehen,Secuestro con calidad de rehen,0,0,0
1397,2026,13,Hidalgo,Libertad personal,Secuestro,Secuestro para causar dano,Secuestro para causar dano,0,0,0
1398,2026,13,Hidalgo,Libertad personal,Secuestro,Secuestro expres,Secuestro expres,0,0,0
1399,2026,13,Hidalgo,Libertad personal,Trafico de menores,Trafico de menores,Trafico de menores,0,0,0
1400,2026,13,Hidalgo,Libertad personal,Rapto,Rapto,Rapto,0,0,0
1401,2026,13,Hidalgo,Libertad personal,Privacion ilegal de la libertad,Privacion ilegal de la libertad,Privacion ilegal de la libertad,63,68,82
1402,2026,13,Hidalgo,Libertad personal,Retencion o sustraccion de menores e incapaces,Retencion o sustraccion de menores e incapaces,Retencion o sustraccion de menores e incapaces,11,18,16
1403,2026,13,Hidalgo,La libertad y la seguridad sexual,Abuso sexual,Abuso sexual,Abuso sexual,55,66,78
1404,2026,13,Hidalgo,La libertad y la seguridad sexual,Otros delitos que atentan contra la libertad y la seguridad sexual,Otros delitos que atentan contra la libertad y la seguridad sexual,Otros delitos que atentan contra la libertad y la seguridad sexual,4,5,7
1405,2026,13,Hidalgo,La libertad y la seguridad sexual,Acoso sexual,Acoso sexual,Acoso sexual,0,0,0
1406,2026,13,Hidalgo,La libertad y la seguridad sexual,Hostigamiento sexual,Hostigamiento sexual,Hostigamiento sexual,22,24,24
1407,2026,13,Hidalgo,La libertad y la seguridad sexual,Incesto,Incesto,Incesto,0,0,0
1408,2026,13,Hidalgo,La libertad y la seguridad sexual,Violacion,Violacion simple,Violacion simple,25,53,53
1409,2026,13,Hidalgo,La libertad y la seguridad sexual,Violacion,Violacion equiparada,Violacion equiparada,32,30,41
1410,2026,13,Hidalgo,La libertad y la seguridad sexual,Violacion a la intimidad sexual,Violacion a la intimidad sexual,Violacion a la intimidad sexual,29,33,49
1411,2026,13,Hidalgo,El patrimonio,Otros delitos contra el patrimonio,Otros delitos contra el patrimonio,Otros delitos contra el patrimonio,73,36,56
1412,2026,13,Hidalgo,El patrimonio,Robo,Robo a casa habitacion,Con violencia,7,16,9
1413,2026,13,Hidalgo,El patrimonio,Robo,Robo a casa habitacion,Sin violencia,136,101,141
1414,2026,13,Hidalgo,El patrimonio,Robo,Robo de vehiculo automotor - Coche de 4 ruedas,Con violencia,39,37,57
1415,2026,13,Hidalgo,El patrimonio,Robo,Robo de vehiculo automotor - Coche de 4 ruedas,Sin violencia,98,94,101
1416,2026,13,Hidalgo,El patrimonio,Robo,Robo de vehiculo automotor - Motocicleta,Con violencia,20,17,15
1417,2026,13,Hidalgo,El patrimonio,Robo,Robo de vehiculo automotor - Motocicleta,Sin violencia,105,94,88
1418,2026,13,Hidalgo,El patrimonio,Robo,Robo de vehiculo automotor - Embarcaciones,Con violencia,0,0,0
1419,2026,13,Hidalgo,El patrimonio,Robo,Robo de vehiculo automotor - Embarcaciones,Sin violencia,0,0,0
1420,2026,13,Hidalgo,El patrimonio,Robo,Robo de autopartes,Con violencia,0,0,0
1421,2026,13,Hidalgo,El patrimonio,Robo,Robo de autopartes,Sin violencia,5,6,6
1422,2026,13,Hidalgo,El patrimonio,Robo,Robo a transportista,Con violencia,1,2,0
1423,2026,13,Hidalgo,El patrimonio,Robo,Robo a transportista,Sin violencia,0,0,3
1424,2026,13,Hidalgo,El patrimonio,Robo,Robo a transeunte en via publica,Con violencia,39,25,21
1425,2026,13,Hidalgo,El patrimonio,Robo,Robo a transeunte en via publica,Sin violencia,6,7,11
1426,2026,13,Hidalgo,El patrimonio,Robo,Robo a transeunte en espacio abierto al publico,Con violencia,73,64,72
1427,2026,13,Hidalgo,El patrimonio,Robo,Robo a transeunte en espacio abierto al publico,Sin violencia,13,14,8
1428,2026,13,Hidalgo,El patrimonio,Robo,Robo en transporte publico individual,Con violencia,51,0,0
1429,2026,13,Hidalgo,El patrimonio,Robo,Robo en transporte publico individual,Sin violencia,5,0,0
1430,2026,13,Hidalgo,El patrimonio,Robo,Robo en transporte publico colectivo,Con violencia,4,8,10
1431,2026,13,Hidalgo,El patrimonio,Robo,Robo en transporte publico colectivo,Sin violencia,0,3,3
1432,2026,13,Hidalgo,El patrimonio,Robo,Robo en transporte individual,Con violencia,0,51,58
1433,2026,13,Hidalgo,El patrimonio,Robo,Robo en transporte individual,Sin violencia,0,6,3
1434,2026,13,Hidalgo,El patrimonio,Robo,Robo a institucion bancaria,Con violencia,0,0,0
1435,2026,13,Hidalgo,El patrimonio,Robo,Robo a institucion bancaria,Sin violencia,0,0,0
1436,2026,13,Hidalgo,El patrimonio,Robo,Robo a negocio,Con violencia,81,84,77
1437,2026,13,Hidalgo,El patrimonio,Robo,Robo a negocio,Sin violencia,91,115,101
1438,2026,13,Hidalgo,El patrimonio,Robo,Robo de ganado,Con violencia,0,1,1
1439,2026,13,Hidalgo,El patrimonio,Robo,Robo de ganado,Sin violencia,9,7,3
1440,2026,13,Hidalgo,El patrimonio,Robo,Robo de maquinaria - Herramienta industrial o agricola,Con violencia,1,0,0
1441,2026,13,Hidalgo,El patrimonio,Robo,Robo de maquinaria - Herramienta industrial o agricola,Sin violencia,1,2,0
1442,2026,13,Hidalgo,El patrimonio,Robo,Robo de maquinaria - Tractores y/o montacargas,Con violencia,0,0,0
1443,2026,13,Hidalgo,El patrimonio,Robo,Robo de maquinaria - Tractores y/o montacargas,Sin violencia,0,0,1
1444,2026,13,Hidalgo,El patrimonio,Robo,"Robo de maquinaria - Cables, tubos y otros objetos destinados a servicios publicos",Con violencia,0,0,0
1445,2026,13,Hidalgo,El patrimonio,Robo,"Robo de maquinaria - Cables, tubos y otros objetos destinados a servicios publicos",Sin violencia,0,0,0
1446,2026,13,Hidalgo,El patrimonio,Robo,Otros robos,Con violencia,48,44,48
1447,2026,13,Hidalgo,El patrimonio,Robo,Otros robos,Sin violencia,144,147,164
1448,2026,13,Hidalgo,El patrimonio,Fraude,Fraude,Fraude,228,218,273
1449,2026,13,Hidalgo,El patrimonio,Abuso de confianza,Abuso de confianza,Abuso de confianza,44,58,58
1450,2026,13,Hidalgo,El patrimonio,Extorsion,Extorsion presencial,Extorsion presencial,0,0,0
1451,2026,13,Hidalgo,El patrimonio,Extorsion,Tentativa de extorsion presencial,Tentativa de extorsion presencial,0,0,0
1452,2026,13,Hidalgo,El patrimonio,Extorsion,Extorsion por otros medios,Extorsion por otros medios,3,5,15
1453,2026,13,Hidalgo,El patrimonio,Extorsion,Tentativa de extorsion por otros medios,Tentativa de extorsion por otros medios,0,0,0
1454,2026,13,Hidalgo,El patrimonio,Dano a la propiedad,Dano a la propiedad,Dano a la propiedad,319,314,315
1455,2026,13,Hidalgo,El patrimonio,Despojo,Despojo,Despojo,82,92,97
1456,2026,13,Hidalgo,La familia,Otros delitos contra la familia,Otros delitos contra la familia,Otros delitos contra la familia,1,2,3
1457,2026,13,Hidalgo,La familia,Violencia familiar,Violencia familiar,Violencia familiar,592,571,733
1458,2026,13,Hidalgo,La familia,Violencia de genero en todas sus modalidades distinta a la violencia familiar,Violencia de genero en todas sus modalidades distinta a la violencia familiar,Violencia de genero en todas sus modalidades distinta a la violencia familiar,0,0,0
1459,2026,13,Hidalgo,La familia,Incumplimiento de obligaciones de asistencia familiar,Incumplimiento de obligaciones de asistencia familiar,Incumplimiento de obligaciones de asistencia familiar,103,131,129
1460,2026,13,Hidalgo,La sociedad,Corrupcion de menores,Corrupcion de menores,Corrupcion de menores,3,9,14
1461,2026,13,Hidalgo,La sociedad,Otros delitos contra la sociedad,Otros delitos contra la sociedad,Otros delitos contra la sociedad,0,1,2
1462,2026,13,Hidalgo,La sociedad,Trata de personas,Trata de personas con fines de explotacion sexual,Trata de personas con fines de explotacion sexual,0,0,0
1463,2026,13,Hidalgo,La sociedad,Trata de personas,Trata de personas con fines de trabajo o servicios forzados,Trata de personas con fines de trabajo o servicios forzados,0,0,0
1464,2026,13,Hidalgo,La sociedad,Trata de personas,Trata de personas con fines de trafico de organos,Trata de personas con fines de trafico de organos,0,0,0
1465,2026,13,Hidalgo,La sociedad,Trata de personas,Trata de personas con otros fines,Trata de personas con otros fines,0,0,0
1466,2026,13,Hidalgo,La sociedad,Pornografia infantil,Pornografia infantil,Pornografia infantil,0,0,0
1467,2026,13,Hidalgo,La sociedad,Discriminacion,Discriminacion,Discriminacion,15,14,20
1468,2026,13,Hidalgo,Otros bienes juridicos afectados (del fuero comun),Narcomenudeo,Narcomenudeo posesion simple,Narcomenudeo posesion simple,52,47,67
1469,2026,13,Hidalgo,Otros bienes juridicos afectados (del fuero comun),Otros delitos del Fuero Comun,Otros delitos del Fuero Comun,Otros delitos del Fuero Comun,268,153,187
1470,2026,13,Hidalgo,Otros bienes juridicos afectados (del fuero comun),Narcomenudeo,Narcomenudeo con fines de venta,Narcomenudeo con fines de venta,52,49,53
1471,2026,13,Hidalgo,Otros bienes juridicos afectados (del fuero comun),Amenazas,Amenazas,Amenazas,330,370,453
1472,2026,13,Hidalgo,Otros bienes juridicos afectados (del fuero comun),Allanamiento de morada,Allanamiento de morada,Allanamiento de morada,26,30,24
1473,2026,13,Hidalgo,Otros bienes juridicos afectados (del fuero comun),Evasion de presos,Evasion de presos,Evasion de presos,1,1,0
1474,2026,13,Hidalgo,Otros bienes juridicos afectados (del fuero comun),Falsedad,Falsedad,Falsedad,7,24,25
1475,2026,13,Hidalgo,Otros bienes juridicos afectados (del fuero comun),Falsificacion,Falsificacion,Falsificacion,13,14,28
1476,2026,13,Hidalgo,Otros bienes juridicos afectados (del fuero comun),Contra el medio ambiente,Contra el medio ambiente,Contra el medio ambiente,11,7,10
1477,2026,13,Hidalgo,Otros bienes juridicos afectados (del fuero comun),Delitos cometidos por servidores publicos,Delitos cometidos por servidores publicos,Delitos cometidos por servidores publicos,56,79,87
1478,2026,13,Hidalgo,Otros bienes juridicos afectados (del fuero comun),Electorales,Electorales,Electorales,2,1,3
1479,2026,13,Hidalgo,Otros bienes juridicos afectados (del fuero comun),Delitos contra la administracion de justicia,Delitos contra la administracion de justicia,Delitos contra la administracion de justicia,0,24,37
1480,2026,13,Hidalgo,Otros bienes juridicos afectados (del fuero comun),Suplantacion y usurpacion de identidad,Suplantacion y usurpacion de identidad,Suplantacion y usurpacion de identidad,19,31,38
1481,2026,13,Hidalgo,Otros bienes juridicos afectados (del fuero comun),Tortura,Tortura,Tortura,3,3,1
1482,2026,14,Jalisco,La vida y la Integridad corporal,Homicidio,Homicidio doloso,Con arma blanca,12,5,10
1483,2026,14,Jalisco,La vida y la Integridad corporal,Homicidio,Homicidio doloso,Con arma de fuego,50,35,31
1484,2026,14,Jalisco,La vida y la Integridad corporal,Homicidio,Homicidio doloso,Con otro elemento,8,8,15
1485,2026,14,Jalisco,La vida y la Integridad corporal,Homicidio,Homicidio doloso,No especificado,3,2,4
1486,2026,14,Jalisco,La vida y la Integridad corporal,Homicidio,Tentativa de homicidio doloso,Tentativa de homicidio doloso,3,2,0
1487,2026,14,Jalisco,La vida y la Integridad corporal,Homicidio,Homicidio culposo,Con arma blanca,0,0,0
1488,2026,14,Jalisco,La vida y la Integridad corporal,Homicidio,Homicidio culposo,Con arma de fuego,0,1,0
1489,2026,14,Jalisco,La vida y la Integridad corporal,Homicidio,Homicidio culposo,Con otro elemento,1,0,0
1490,2026,14,Jalisco,La vida y la Integridad corporal,Homicidio,Homicidio culposo,En accidente de transito,88,84,85
1491,2026,14,Jalisco,La vida y la Integridad corporal,Homicidio,Homicidio culposo,No especificado,0,0,0
1492,2026,14,Jalisco,La vida y la Integridad corporal,Otros delitos que atentan contra la vida y la integridad corporal,Otros delitos que atentan contra la vida y la integridad corporal,Otros delitos que atentan contra la vida y la integridad corporal,8,15,19
1493,2026,14,Jalisco,La vida y la Integridad corporal,Lesiones,Lesiones dolosas,Con arma blanca,48,28,56
1494,2026,14,Jalisco,La vida y la Integridad corporal,Lesiones,Lesiones dolosas,Con arma de fuego,48,57,49
1495,2026,14,Jalisco,La vida y la Integridad corporal,Lesiones,Lesiones dolosas,Con otro elemento,548,581,748
1496,2026,14,Jalisco,La vida y la Integridad corporal,Lesiones,Lesiones dolosas,No especificado,0,0,0
1497,2026,14,Jalisco,La vida y la Integridad corporal,Lesiones,Lesiones culposas,Con arma blanca,0,0,0
1498,2026,14,Jalisco,La vida y la Integridad corporal,Lesiones,Lesiones culposas,Con arma de fuego,2,0,0
1499,2026,14,Jalisco,La vida y la Integridad corporal,Lesiones,Lesiones culposas,Con otro elemento,8,5,11
1500,2026,14,Jalisco,La vida y la Integridad corporal,Lesiones,Lesiones culposas,En accidente de transito,486,428,555
1501,2026,14,Jalisco,La vida y la Integridad corporal,Lesiones,Lesiones culposas,No especificado,0,0,0
1502,2026,14,Jalisco,La vida y la Integridad corporal,Feminicidio,Feminicidio,Con arma blanca,2,1,0
1503,2026,14,Jalisco,La vida y la Integridad corporal,Feminicidio,Feminicidio,Con arma de fuego,0,0,0
1504,2026,14,Jalisco,La vida y la Integridad corporal,Feminicidio,Feminicidio,Con otro elemento,1,0,2
1505,2026,14,Jalisco,La vida y la Integridad corporal,Feminicidio,Feminicidio,No especificado,0,0,0
1506,2026,14,Jalisco,La vida y la Integridad corporal,Feminicidio,Tentativa de feminicidio,Tentativa de feminicidio,0,1,3
1507,2026,14,Jalisco,La vida y la Integridad corporal,Aborto,Aborto,Aborto,1,0,1
1508,2026,14,Jalisco,Libertad personal,Otros delitos que atentan contra la libertad personal,Otros delitos que atentan contra la libertad personal,Otros delitos que atentan contra la libertad personal,10,11,10
1509,2026,14,Jalisco,Libertad personal,Secuestro,Secuestro extorsivo,Secuestro extorsivo,1,0,0
1510,2026,14,Jalisco,Libertad personal,Secuestro,Secuestro con calidad de rehen,Secuestro con calidad de rehen,0,0,0
1511,2026,14,Jalisco,Libertad personal,Secuestro,Secuestro para causar dano,Secuestro para causar dano,0,0,0
1512,2026,14,Jalisco,Libertad personal,Secuestro,Secuestro expres,Secuestro expres,0,0,0
1513,2026,14,Jalisco,Libertad personal,Trafico de menores,Trafico de menores,Trafico de menores,0,0,0
1514,2026,14,Jalisco,Libertad personal,Rapto,Rapto,Rapto,0,0,0
1515,2026,14,Jalisco,Libertad personal,Privacion ilegal de la libertad,Privacion ilegal de la libertad,Privacion ilegal de la libertad,44,24,65
1516,2026,14,Jalisco,Libertad personal,Retencion o sustraccion de menores e incapaces,Retencion o sustraccion de menores e incapaces,Retencion o sustraccion de menores e incapaces,36,23,25
1517,2026,14,Jalisco,La libertad y la seguridad sexual,Abuso sexual,Abuso sexual,Abuso sexual,337,285,339
1518,2026,14,Jalisco,La libertad y la seguridad sexual,Otros delitos que atentan contra la libertad y la seguridad sexual,Otros delitos que atentan contra la libertad y la seguridad sexual,Otros delitos que atentan contra la libertad y la seguridad sexual,115,86,89
1519,2026,14,Jalisco,La libertad y la seguridad sexual,Acoso sexual,Acoso sexual,Acoso sexual,20,22,29
1520,2026,14,Jalisco,La libertad y la seguridad sexual,Hostigamiento sexual,Hostigamiento sexual,Hostigamiento sexual,5,9,11
1521,2026,14,Jalisco,La libertad y la seguridad sexual,Incesto,Incesto,Incesto,0,0,0
1522,2026,14,Jalisco,La libertad y la seguridad sexual,Violacion,Violacion simple,Violacion simple,34,33,41
1523,2026,14,Jalisco,La libertad y la seguridad sexual,Violacion,Violacion equiparada,Violacion equiparada,0,0,0
1524,2026,14,Jalisco,La libertad y la seguridad sexual,Violacion a la intimidad sexual,Violacion a la intimidad sexual,Violacion a la intimidad sexual,0,0,50
1525,2026,14,Jalisco,El patrimonio,Otros delitos contra el patrimonio,Otros delitos contra el patrimonio,Otros delitos contra el patrimonio,22,22,17
1526,2026,14,Jalisco,El patrimonio,Robo,Robo a casa habitacion,Con violencia,23,14,25
1527,2026,14,Jalisco,El patrimonio,Robo,Robo a casa habitacion,Sin violencia,139,95,129
1528,2026,14,Jalisco,El patrimonio,Robo,Robo de vehiculo automotor - Coche de 4 ruedas,Con violencia,137,167,155
1529,2026,14,Jalisco,El patrimonio,Robo,Robo de vehiculo automotor - Coche de 4 ruedas,Sin violencia,300,299,370
1530,2026,14,Jalisco,El patrimonio,Robo,Robo de vehiculo automotor - Motocicleta,Con violencia,105,84,110
1531,2026,14,Jalisco,El patrimonio,Robo,Robo de vehiculo automotor - Motocicleta,Sin violencia,240,180,247
1532,2026,14,Jalisco,El patrimonio,Robo,Robo de vehiculo automotor - Embarcaciones,Con violencia,0,0,0
1533,2026,14,Jalisco,El patrimonio,Robo,Robo de vehiculo automotor - Embarcaciones,Sin violencia,0,0,0
1534,2026,14,Jalisco,El patrimonio,Robo,Robo de autopartes,Con violencia,0,0,0
1535,2026,14,Jalisco,El patrimonio,Robo,Robo de autopartes,Sin violencia,109,85,105
1536,2026,14,Jalisco,El patrimonio,Robo,Robo a transportista,Con violencia,10,9,10
1537,2026,14,Jalisco,El patrimonio,Robo,Robo a transportista,Sin violencia,0,0,0
1538,2026,14,Jalisco,El patrimonio,Robo,Robo a transeunte en via publica,Con violencia,213,254,272
1539,2026,14,Jalisco,El patrimonio,Robo,Robo a transeunte en via publica,Sin violencia,47,48,53
1540,2026,14,Jalisco,El patrimonio,Robo,Robo a transeunte en espacio abierto al publico,Con violencia,9,0,5
1541,2026,14,Jalisco,El patrimonio,Robo,Robo a transeunte en espacio abierto al publico,Sin violencia,17,0,6
1542,2026,14,Jalisco,El patrimonio,Robo,Robo en transporte publico individual,Con violencia,4,0,10
1543,2026,14,Jalisco,El patrimonio,Robo,Robo en transporte publico individual,Sin violencia,0,0,0
1544,2026,14,Jalisco,El patrimonio,Robo,Robo en transporte publico colectivo,Con violencia,1,0,3
1545,2026,14,Jalisco,El patrimonio,Robo,Robo en transporte publico colectivo,Sin violencia,0,0,2
1546,2026,14,Jalisco,El patrimonio,Robo,Robo en transporte individual,Con violencia,2,0,14
1547,2026,14,Jalisco,El patrimonio,Robo,Robo en transporte individual,Sin violencia,0,0,1
1548,2026,14,Jalisco,El patrimonio,Robo,Robo a institucion bancaria,Con violencia,1,0,0
1549,2026,14,Jalisco,El patrimonio,Robo,Robo a institucion bancaria,Sin violencia,0,0,0
1550,2026,14,Jalisco,El patrimonio,Robo,Robo a negocio,Con violencia,130,122,131
1551,2026,14,Jalisco,El patrimonio,Robo,Robo a negocio,Sin violencia,72,88,120
1552,2026,14,Jalisco,El patrimonio,Robo,Robo de ganado,Con violencia,0,0,0
1553,2026,14,Jalisco,El patrimonio,Robo,Robo de ganado,Sin violencia,7,4,8
1554,2026,14,Jalisco,El patrimonio,Robo,Robo de maquinaria - Herramienta industrial o agricola,Con violencia,0,0,1
1555,2026,14,Jalisco,El patrimonio,Robo,Robo de maquinaria - Herramienta industrial o agricola,Sin violencia,0,0,4
1556,2026,14,Jalisco,El patrimonio,Robo,Robo de maquinaria - Tractores y/o montacargas,Con violencia,0,0,0
1557,2026,14,Jalisco,El patrimonio,Robo,Robo de maquinaria - Tractores y/o montacargas,Sin violencia,0,0,1
1558,2026,14,Jalisco,El patrimonio,Robo,"Robo de maquinaria - Cables, tubos y otros objetos destinados a servicios publicos",Con violencia,0,0,0
1559,2026,14,Jalisco,El patrimonio,Robo,"Robo de maquinaria - Cables, tubos y otros objetos destinados a servicios publicos",Sin violencia,0,0,10
1560,2026,14,Jalisco,El patrimonio,Robo,Otros robos,Con violencia,186,131,185
1561,2026,14,Jalisco,El patrimonio,Robo,Otros robos,Sin violencia,660,573,654
1562,2026,14,Jalisco,El patrimonio,Fraude,Fraude,Fraude,700,797,918
1563,2026,14,Jalisco,El patrimonio,Abuso de confianza,Abuso de confianza,Abuso de confianza,60,61,76
1564,2026,14,Jalisco,El patrimonio,Extorsion,Extorsion presencial,Extorsion presencial,11,6,5
1565,2026,14,Jalisco,El patrimonio,Extorsion,Tentativa de extorsion presencial,Tentativa de extorsion presencial,0,0,0
1566,2026,14,Jalisco,El patrimonio,Extorsion,Extorsion por otros medios,Extorsion por otros medios,25,12,24
1567,2026,14,Jalisco,El patrimonio,Extorsion,Tentativa de extorsion por otros medios,Tentativa de extorsion por otros medios,2,0,0
1568,2026,14,Jalisco,El patrimonio,Dano a la propiedad,Dano a la propiedad,Dano a la propiedad,153,203,310
1569,2026,14,Jalisco,El patrimonio,Despojo,Despojo,Despojo,103,96,111
1570,2026,14,Jalisco,La familia,Otros delitos contra la familia,Otros delitos contra la familia,Otros delitos contra la familia,0,0,0
1571,2026,14,Jalisco,La familia,Violencia familiar,Violencia familiar,Violencia familiar,930,894,1135
1572,2026,14,Jalisco,La familia,Violencia de genero en todas sus modalidades distinta a la violencia familiar,Violencia de genero en todas sus modalidades distinta a la violencia familiar,Violencia de genero en todas sus modalidades distinta a la violencia familiar,0,0,0
1573,2026,14,Jalisco,La familia,Incumplimiento de obligaciones de asistencia familiar,Incumplimiento de obligaciones de asistencia familiar,Incumplimiento de obligaciones de asistencia familiar,77,57,90
1574,2026,14,Jalisco,La sociedad,Corrupcion de menores,Corrupcion de menores,Corrupcion de menores,14,10,15
1575,2026,14,Jalisco,La sociedad,Otros delitos contra la sociedad,Otros delitos contra la sociedad,Otros delitos contra la sociedad,1,2,0
1576,2026,14,Jalisco,La sociedad,Trata de personas,Trata de personas con fines de explotacion sexual,Trata de personas con fines de explotacion sexual,0,0,1
1577,2026,14,Jalisco,La sociedad,Trata de personas,Trata de personas con fines de trabajo o servicios forzados,Trata de personas con fines de trabajo o servicios forzados,1,1,0
1578,2026,14,Jalisco,La sociedad,Trata de personas,Trata de personas con fines de trafico de organos,Trata de personas con fines de trafico de organos,0,0,0
1579,2026,14,Jalisco,La sociedad,Trata de personas,Trata de personas con otros fines,Trata de personas con otros fines,0,0,0
1580,2026,14,Jalisco,La sociedad,Pornografia infantil,Pornografia infantil,Pornografia infantil,0,0,0
1581,2026,14,Jalisco,La sociedad,Discriminacion,Discriminacion,Discriminacion,0,0,0
1582,2026,14,Jalisco,Otros bienes juridicos afectados (del fuero comun),Narcomenudeo,Narcomenudeo posesion simple,Narcomenudeo posesion simple,234,214,239
1583,2026,14,Jalisco,Otros bienes juridicos afectados (del fuero comun),Otros delitos del Fuero Comun,Otros delitos del Fuero Comun,Otros delitos del Fuero Comun,658,671,817
1584,2026,14,Jalisco,Otros bienes juridicos afectados (del fuero comun),Narcomenudeo,Narcomenudeo con fines de venta,Narcomenudeo con fines de venta,0,0,0
1585,2026,14,Jalisco,Otros bienes juridicos afectados (del fuero comun),Amenazas,Amenazas,Amenazas,723,708,906
1586,2026,14,Jalisco,Otros bienes juridicos afectados (del fuero comun),Allanamiento de morada,Allanamiento de morada,Allanamiento de morada,25,14,24
1587,2026,14,Jalisco,Otros bienes juridicos afectados (del fuero comun),Evasion de presos,Evasion de presos,Evasion de presos,0,1,0
1588,2026,14,Jalisco,Otros bienes juridicos afectados (del fuero comun),Falsedad,Falsedad,Falsedad,15,11,6
1589,2026,14,Jalisco,Otros bienes juridicos afectados (del fuero comun),Falsificacion,Falsificacion,Falsificacion,151,140,153
1590,2026,14,Jalisco,Otros bienes juridicos afectados (del fuero comun),Contra el medio ambiente,Contra el medio ambiente,Contra el medio ambiente,1,3,2
1591,2026,14,Jalisco,Otros bienes juridicos afectados (del fuero comun),Delitos cometidos por servidores publicos,Delitos cometidos por servidores publicos,Delitos cometidos por servidores publicos,37,25,33
1592,2026,14,Jalisco,Otros bienes juridicos afectados (del fuero comun),Electorales,Electorales,Electorales,0,0,0
1593,2026,14,Jalisco,Otros bienes juridicos afectados (del fuero comun),Delitos contra la administracion de justicia,Delitos contra la administracion de justicia,Delitos contra la administracion de justicia,0,0,0
1594,2026,14,Jalisco,Otros bienes juridicos afectados (del fuero comun),Suplantacion y usurpacion de identidad,Suplantacion y usurpacion de identidad,Suplantacion y usurpacion de identidad,368,327,442
1595,2026,14,Jalisco,Otros bienes juridicos afectados (del fuero comun),Tortura,Tortura,Tortura,2,1,3
1596,2026,15,Mexico,La vida y la Integridad corporal,Homicidio,Homicidio doloso,Con arma blanca,3,0,3
1597,2026,15,Mexico,La vida y la Integridad corporal,Homicidio,Homicidio doloso,Con arma de fuego,73,56,76
1598,2026,15,Mexico,La vida y la Integridad corporal,Homicidio,Homicidio doloso,Con otro elemento,22,5,7
1599,2026,15,Mexico,La vida y la Integridad corporal,Homicidio,Homicidio doloso,No especificado,0,0,0
1600,2026,15,Mexico,La vida y la Integridad corporal,Homicidio,Tentativa de homicidio doloso,Tentativa de homicidio doloso,0,0,0
1601,2026,15,Mexico,La vida y la Integridad corporal,Homicidio,Homicidio culposo,Con arma blanca,0,0,0
1602,2026,15,Mexico,La vida y la Integridad corporal,Homicidio,Homicidio culposo,Con arma de fuego,0,0,0
1603,2026,15,Mexico,La vida y la Integridad corporal,Homicidio,Homicidio culposo,Con otro elemento,0,0,0
1604,2026,15,Mexico,La vida y la Integridad corporal,Homicidio,Homicidio culposo,En accidente de transito,118,134,141
1605,2026,15,Mexico,La vida y la Integridad corporal,Homicidio,Homicidio culposo,No especificado,0,0,0
1606,2026,15,Mexico,La vida y la Integridad corporal,Otros delitos que atentan contra la vida y la integridad corporal,Otros delitos que atentan contra la vida y la integridad corporal,Otros delitos que atentan contra la vida y la integridad corporal,127,122,133
1607,2026,15,Mexico,La vida y la Integridad corporal,Lesiones,Lesiones dolosas,Con arma blanca,110,90,194
1608,2026,15,Mexico,La vida y la Integridad corporal,Lesiones,Lesiones dolosas,Con arma de fuego,120,125,135
1609,2026,15,Mexico,La vida y la Integridad corporal,Lesiones,Lesiones dolosas,Con otro elemento,2840,2849,3217
1610,2026,15,Mexico,La vida y la Integridad corporal,Lesiones,Lesiones dolosas,No especificado,0,0,2
1611,2026,15,Mexico,La vida y la Integridad corporal,Lesiones,Lesiones culposas,Con arma blanca,0,0,43
1612,2026,15,Mexico,La vida y la Integridad corporal,Lesiones,Lesiones culposas,Con arma de fuego,0,1,1
1613,2026,15,Mexico,La vida y la Integridad corporal,Lesiones,Lesiones culposas,Con otro elemento,373,308,300
1614,2026,15,Mexico,La vida y la Integridad corporal,Lesiones,Lesiones culposas,En accidente de transito,686,623,715
1615,2026,15,Mexico,La vida y la Integridad corporal,Lesiones,Lesiones culposas,No especificado,0,0,0
1616,2026,15,Mexico,La vida y la Integridad corporal,Feminicidio,Feminicidio,Con arma blanca,0,1,0
1617,2026,15,Mexico,La vida y la Integridad corporal,Feminicidio,Feminicidio,Con arma de fuego,1,0,0
1618,2026,15,Mexico,La vida y la Integridad corporal,Feminicidio,Feminicidio,Con otro elemento,2,1,5
1619,2026,15,Mexico,La vida y la Integridad corporal,Feminicidio,Feminicidio,No especificado,0,0,0
1620,2026,15,Mexico,La vida y la Integridad corporal,Feminicidio,Tentativa de feminicidio,Tentativa de feminicidio,0,0,0
1621,2026,15,Mexico,La vida y la Integridad corporal,Aborto,Aborto,Aborto,16,17,14
1622,2026,15,Mexico,Libertad personal,Otros delitos que atentan contra la libertad personal,Otros delitos que atentan contra la libertad personal,Otros delitos que atentan contra la libertad personal,15,1,2
1623,2026,15,Mexico,Libertad personal,Secuestro,Secuestro extorsivo,Secuestro extorsivo,0,0,4
1624,2026,15,Mexico,Libertad personal,Secuestro,Secuestro con calidad de rehen,Secuestro con calidad de rehen,0,0,0
1625,2026,15,Mexico,Libertad personal,Secuestro,Secuestro para causar dano,Secuestro para causar dano,0,0,0
1626,2026,15,Mexico,Libertad personal,Secuestro,Secuestro expres,Secuestro expres,0,1,0
1627,2026,15,Mexico,Libertad personal,Trafico de menores,Trafico de menores,Trafico de menores,0,0,0
1628,2026,15,Mexico,Libertad personal,Rapto,Rapto,Rapto,0,0,0
1629,2026,15,Mexico,Libertad personal,Privacion ilegal de la libertad,Privacion ilegal de la libertad,Privacion ilegal de la libertad,111,80,98
1630,2026,15,Mexico,Libertad personal,Retencion o sustraccion de menores e incapaces,Retencion o sustraccion de menores e incapaces,Retencion o sustraccion de menores e incapaces,152,121,173
1631,2026,15,Mexico,La libertad y la seguridad sexual,Abuso sexual,Abuso sexual,Abuso sexual,382,382,445
1632,2026,15,Mexico,La libertad y la seguridad sexual,Otros delitos que atentan contra la libertad y la seguridad sexual,Otros delitos que atentan contra la libertad y la seguridad sexual,Otros delitos que atentan contra la libertad y la seguridad sexual,7,7,6
1633,2026,15,Mexico,La libertad y la seguridad sexual,Acoso sexual,Acoso sexual,Acoso sexual,195,185,226
1634,2026,15,Mexico,La libertad y la seguridad sexual,Hostigamiento sexual,Hostigamiento sexual,Hostigamiento sexual,6,4,17
1635,2026,15,Mexico,La libertad y la seguridad sexual,Incesto,Incesto,Incesto,0,0,0
1636,2026,15,Mexico,La libertad y la seguridad sexual,Violacion,Violacion simple,Violacion simple,139,148,180
1637,2026,15,Mexico,La libertad y la seguridad sexual,Violacion,Violacion equiparada,Violacion equiparada,72,49,72
1638,2026,15,Mexico,La libertad y la seguridad sexual,Violacion a la intimidad sexual,Violacion a la intimidad sexual,Violacion a la intimidad sexual,0,0,0
1639,2026,15,Mexico,El patrimonio,Otros delitos contra el patrimonio,Otros delitos contra el patrimonio,Otros delitos contra el patrimonio,329,254,283
1640,2026,15,Mexico,El patrimonio,Robo,Robo a casa habitacion,Con violencia,61,32,48
1641,2026,15,Mexico,El patrimonio,Robo,Robo a casa habitacion,Sin violencia,235,215,226
1642,2026,15,Mexico,El patrimonio,Robo,Robo de vehiculo automotor - Coche de 4 ruedas,Con violencia,500,398,531
1643,2026,15,Mexico,El patrimonio,Robo,Robo de vehiculo automotor - Coche de 4 ruedas,Sin violencia,303,328,275
1644,2026,15,Mexico,El patrimonio,Robo,Robo de vehiculo automotor - Motocicleta,Con violencia,221,239,265
1645,2026,15,Mexico,El patrimonio,Robo,Robo de vehiculo automotor - Motocicleta,Sin violencia,313,269,260
1646,2026,15,Mexico,El patrimonio,Robo,Robo de vehiculo automotor - Embarcaciones,Con violencia,0,0,0
1647,2026,15,Mexico,El patrimonio,Robo,Robo de vehiculo automotor - Embarcaciones,Sin violencia,0,0,0
1648,2026,15,Mexico,El patrimonio,Robo,Robo de autopartes,Con violencia,7,3,0
1649,2026,15,Mexico,El patrimonio,Robo,Robo de autopartes,Sin violencia,210,175,198
1650,2026,15,Mexico,El patrimonio,Robo,Robo a transportista,Con violencia,190,148,181
1651,2026,15,Mexico,El patrimonio,Robo,Robo a transportista,Sin violencia,49,40,62
1652,2026,15,Mexico,El patrimonio,Robo,Robo a transeunte en via publica,Con violencia,1012,879,1135
1653,2026,15,Mexico,El patrimonio,Robo,Robo a transeunte en via publica,Sin violencia,57,42,59
1654,2026,15,Mexico,El patrimonio,Robo,Robo a transeunte en espacio abierto al publico,Con violencia,0,0,0
1655,2026,15,Mexico,El patrimonio,Robo,Robo a transeunte en espacio abierto al publico,Sin violencia,0,0,0
1656,2026,15,Mexico,El patrimonio,Robo,Robo en transporte publico individual,Con violencia,31,19,36
1657,2026,15,Mexico,El patrimonio,Robo,Robo en transporte publico individual,Sin violencia,8,9,12
1658,2026,15,Mexico,El patrimonio,Robo,Robo en transporte publico colectivo,Con violencia,313,260,215
1659,2026,15,Mexico,El patrimonio,Robo,Robo en transporte publico colectivo,Sin violencia,54,49,53
1660,2026,15,Mexico,El patrimonio,Robo,Robo en transporte individual,Con violencia,79,70,57
1661,2026,15,Mexico,El patrimonio,Robo,Robo en transporte individual,Sin violencia,503,436,537
1662,2026,15,Mexico,El patrimonio,Robo,Robo a institucion bancaria,Con violencia,1,1,0
1663,2026,15,Mexico,El patrimonio,Robo,Robo a institucion bancaria,Sin violencia,0,0,0
1664,2026,15,Mexico,El patrimonio,Robo,Robo a negocio,Con violencia,461,423,442
1665,2026,15,Mexico,El patrimonio,Robo,Robo a negocio,Sin violencia,597,611,680
1666,2026,15,Mexico,El patrimonio,Robo,Robo de ganado,Con violencia,0,0,0
1667,2026,15,Mexico,El patrimonio,Robo,Robo de ganado,Sin violencia,12,15,14
1668,2026,15,Mexico,El patrimonio,Robo,Robo de maquinaria - Herramienta industrial o agricola,Con violencia,0,0,0
1669,2026,15,Mexico,El patrimonio,Robo,Robo de maquinaria - Herramienta industrial o agricola,Sin violencia,0,0,0
1670,2026,15,Mexico,El patrimonio,Robo,Robo de maquinaria - Tractores y/o montacargas,Con violencia,0,0,0
1671,2026,15,Mexico,El patrimonio,Robo,Robo de maquinaria - Tractores y/o montacargas,Sin violencia,0,0,0
1672,2026,15,Mexico,El patrimonio,Robo,"Robo de maquinaria - Cables, tubos y otros objetos destinados a servicios publicos",Con violencia,0,0,0
1673,2026,15,Mexico,El patrimonio,Robo,"Robo de maquinaria - Cables, tubos y otros objetos destinados a servicios publicos",Sin violencia,0,0,0
1674,2026,15,Mexico,El patrimonio,Robo,Otros robos,Con violencia,484,477,475
1675,2026,15,Mexico,El patrimonio,Robo,Otros robos,Sin violencia,1571,1444,1278
1676,2026,15,Mexico,El patrimonio,Fraude,Fraude,Fraude,1511,1502,1539
1677,2026,15,Mexico,El patrimonio,Abuso de confianza,Abuso de confianza,Abuso de confianza,505,441,515
1678,2026,15,Mexico,El patrimonio,Extorsion,Extorsion presencial,Extorsion presencial,0,25,61
1679,2026,15,Mexico,El patrimonio,Extorsion,Tentativa de extorsion presencial,Tentativa de extorsion presencial,0,0,0
1680,2026,15,Mexico,El patrimonio,Extorsion,Extorsion por otros medios,Extorsion por otros medios,107,99,112
1681,2026,15,Mexico,El patrimonio,Extorsion,Tentativa de extorsion por otros medios,Tentativa de extorsion por otros medios,0,0,0
1682,2026,15,Mexico,El patrimonio,Dano a la propiedad,Dano a la propiedad,Dano a la propiedad,1235,1259,1502
1683,2026,15,Mexico,El patrimonio,Despojo,Despojo,Despojo,425,420,450
1684,2026,15,Mexico,La familia,Otros delitos contra la familia,Otros delitos contra la familia,Otros delitos contra la familia,0,0,1
1685,2026,15,Mexico,La familia,Violencia familiar,Violencia familiar,Violencia familiar,2017,2015,2376
1686,2026,15,Mexico,La familia,Violencia de genero en todas sus modalidades distinta a la violencia familiar,Violencia de genero en todas sus modalidades distinta a la violencia familiar,Violencia de genero en todas sus modalidades distinta a la violencia familiar,0,0,0
1687,2026,15,Mexico,La familia,Incumplimiento de obligaciones de asistencia familiar,Incumplimiento de obligaciones de asistencia familiar,Incumplimiento de obligaciones de asistencia familiar,236,220,280
1688,2026,15,Mexico,La sociedad,Corrupcion de menores,Corrupcion de menores,Corrupcion de menores,4,7,10
1689,2026,15,Mexico,La sociedad,Otros delitos contra la sociedad,Otros delitos contra la sociedad,Otros delitos contra la sociedad,155,169,163
1690,2026,15,Mexico,La sociedad,Trata de personas,Trata de personas con fines de explotacion sexual,Trata de personas con fines de explotacion sexual,1,4,5
1691,2026,15,Mexico,La sociedad,Trata de personas,Trata de personas con fines de trabajo o servicios forzados,Trata de personas con fines de trabajo o servicios forzados,0,3,2
1692,2026,15,Mexico,La sociedad,Trata de personas,Trata de personas con fines de trafico de organos,Trata de personas con fines de trafico de organos,0,0,0
1693,2026,15,Mexico,La sociedad,Trata de personas,Trata de personas con otros fines,Trata de personas con otros fines,3,12,3
1694,2026,15,Mexico,La sociedad,Pornografia infantil,Pornografia infantil,Pornografia infantil,0,0,0
1695,2026,15,Mexico,La sociedad,Discriminacion,Discriminacion,Discriminacion,28,31,34
1696,2026,15,Mexico,Otros bienes juridicos afectados (del fuero comun),Narcomenudeo,Narcomenudeo posesion simple,Narcomenudeo posesion simple,87,98,126
1697,2026,15,Mexico,Otros bienes juridicos afectados (del fuero comun),Otros delitos del Fuero Comun,Otros delitos del Fuero Comun,Otros delitos del Fuero Comun,7821,6275,5648
1698,2026,15,Mexico,Otros bienes juridicos afectados (del fuero comun),Narcomenudeo,Narcomenudeo con fines de venta,Narcomenudeo con fines de venta,202,202,259
1699,2026,15,Mexico,Otros bienes juridicos afectados (del fuero comun),Amenazas,Amenazas,Amenazas,0,0,0
1700,2026,15,Mexico,Otros bienes juridicos afectados (del fuero comun),Allanamiento de morada,Allanamiento de morada,Allanamiento de morada,140,114,119
1701,2026,15,Mexico,Otros bienes juridicos afectados (del fuero comun),Evasion de presos,Evasion de presos,Evasion de presos,2,2,2
1702,2026,15,Mexico,Otros bienes juridicos afectados (del fuero comun),Falsedad,Falsedad,Falsedad,3,12,13
1703,2026,15,Mexico,Otros bienes juridicos afectados (del fuero comun),Falsificacion,Falsificacion,Falsificacion,109,121,159
1704,2026,15,Mexico,Otros bienes juridicos afectados (del fuero comun),Contra el medio ambiente,Contra el medio ambiente,Contra el medio ambiente,18,21,23
1705,2026,15,Mexico,Otros bienes juridicos afectados (del fuero comun),Delitos cometidos por servidores publicos,Delitos cometidos por servidores publicos,Delitos cometidos por servidores publicos,338,339,340
1706,2026,15,Mexico,Otros bienes juridicos afectados (del fuero comun),Electorales,Electorales,Electorales,0,0,0
1707,2026,15,Mexico,Otros bienes juridicos afectados (del fuero comun),Delitos contra la administracion de justicia,Delitos contra la administracion de justicia,Delitos contra la administracion de justicia,0,0,0
1708,2026,15,Mexico,Otros bienes juridicos afectados (del fuero comun),Suplantacion y usurpacion de identidad,Suplantacion y usurpacion de identidad,Suplantacion y usurpacion de identidad,162,127,182
1709,2026,15,Mexico,Otros bienes juridicos afectados (del fuero comun),Tortura,Tortura,Tortura,38,51,72
1710,2026,16,Michoacan de Ocampo,La vida y la Integridad corporal,Homicidio,Homicidio doloso,Con arma blanca,2,2,0
1711,2026,16,Michoacan de Ocampo,La vida y la Integridad corporal,Homicidio,Homicidio doloso,Con arma de fuego,64,43,40
1712,2026,16,Michoacan de Ocampo,La vida y la Integridad corporal,Homicidio,Homicidio doloso,Con otro elemento,6,1,4
1713,2026,16,Michoacan de Ocampo,La vida y la Integridad corporal,Homicidio,Homicidio doloso,No especificado,0,0,0
1714,2026,16,Michoacan de Ocampo,La vida y la Integridad corporal,Homicidio,Tentativa de homicidio doloso,Tentativa de homicidio doloso,5,6,6
1715,2026,16,Michoacan de Ocampo,La vida y la Integridad corporal,Homicidio,Homicidio culposo,Con arma blanca,0,1,2
1716,2026,16,Michoacan de Ocampo,La vida y la Integridad corporal,Homicidio,Homicidio culposo,Con arma de fuego,0,2,2
1717,2026,16,Michoacan de Ocampo,La vida y la Integridad corporal,Homicidio,Homicidio culposo,Con otro elemento,31,59,72
1718,2026,16,Michoacan de Ocampo,La vida y la Integridad corporal,Homicidio,Homicidio culposo,En accidente de transito,79,78,84
1719,2026,16,Michoacan de Ocampo,La vida y la Integridad corporal,Homicidio,Homicidio culposo,No especificado,0,0,0
1720,2026,16,Michoacan de Ocampo,La vida y la Integridad corporal,Otros delitos que atentan contra la vida y la integridad corporal,Otros delitos que atentan contra la vida y la integridad corporal,Otros delitos que atentan contra la vida y la integridad corporal,12,16,16
1721,2026,16,Michoacan de Ocampo,La vida y la Integridad corporal,Lesiones,Lesiones dolosas,Con arma blanca,23,23,27
1722,2026,16,Michoacan de Ocampo,La vida y la Integridad corporal,Lesiones,Lesiones dolosas,Con arma de fuego,32,44,40
1723,2026,16,Michoacan de Ocampo,La vida y la Integridad corporal,Lesiones,Lesiones dolosas,Con otro elemento,376,383,438
1724,2026,16,Michoacan de Ocampo,La vida y la Integridad corporal,Lesiones,Lesiones dolosas,No especificado,50,82,81
1725,2026,16,Michoacan de Ocampo,La vida y la Integridad corporal,Lesiones,Lesiones culposas,Con arma blanca,0,0,0
1726,2026,16,Michoacan de Ocampo,La vida y la Integridad corporal,Lesiones,Lesiones culposas,Con arma de fuego,1,0,0
1727,2026,16,Michoacan de Ocampo,La vida y la Integridad corporal,Lesiones,Lesiones culposas,Con otro elemento,2,4,8
1728,2026,16,Michoacan de Ocampo,La vida y la Integridad corporal,Lesiones,Lesiones culposas,En accidente de transito,116,127,124
1729,2026,16,Michoacan de Ocampo,La vida y la Integridad corporal,Lesiones,Lesiones culposas,No especificado,4,5,12
1730,2026,16,Michoacan de Ocampo,La vida y la Integridad corporal,Feminicidio,Feminicidio,Con arma blanca,0,0,0
1731,2026,16,Michoacan de Ocampo,La vida y la Integridad corporal,Feminicidio,Feminicidio,Con arma de fuego,1,0,1
1732,2026,16,Michoacan de Ocampo,La vida y la Integridad corporal,Feminicidio,Feminicidio,Con otro elemento,0,0,0
1733,2026,16,Michoacan de Ocampo,La vida y la Integridad corporal,Feminicidio,Feminicidio,No especificado,0,0,0
1734,2026,16,Michoacan de Ocampo,La vida y la Integridad corporal,Feminicidio,Tentativa de feminicidio,Tentativa de feminicidio,0,1,0
1735,2026,16,Michoacan de Ocampo,La vida y la Integridad corporal,Aborto,Aborto,Aborto,2,1,5
1736,2026,16,Michoacan de Ocampo,Libertad personal,Otros delitos que atentan contra la libertad personal,Otros delitos que atentan contra la libertad personal,Otros delitos que atentan contra la libertad personal,120,97,107
1737,2026,16,Michoacan de Ocampo,Libertad personal,Secuestro,Secuestro extorsivo,Secuestro extorsivo,4,2,3
1738,2026,16,Michoacan de Ocampo,Libertad personal,Secuestro,Secuestro con calidad de rehen,Secuestro con calidad de rehen,0,0,0
1739,2026,16,Michoacan de Ocampo,Libertad personal,Secuestro,Secuestro para causar dano,Secuestro para causar dano,0,0,0
1740,2026,16,Michoacan de Ocampo,Libertad personal,Secuestro,Secuestro expres,Secuestro expres,0,0,0
1741,2026,16,Michoacan de Ocampo,Libertad personal,Trafico de menores,Trafico de menores,Trafico de menores,0,0,0
1742,2026,16,Michoacan de Ocampo,Libertad personal,Rapto,Rapto,Rapto,0,0,0
1743,2026,16,Michoacan de Ocampo,Libertad personal,Privacion ilegal de la libertad,Privacion ilegal de la libertad,Privacion ilegal de la libertad,16,20,25
1744,2026,16,Michoacan de Ocampo,Libertad personal,Retencion o sustraccion de menores e incapaces,Retencion o sustraccion de menores e incapaces,Retencion o sustraccion de menores e incapaces,0,0,0
1745,2026,16,Michoacan de Ocampo,La libertad y la seguridad sexual,Abuso sexual,Abuso sexual,Abuso sexual,59,35,60
1746,2026,16,Michoacan de Ocampo,La libertad y la seguridad sexual,Otros delitos que atentan contra la libertad y la seguridad sexual,Otros delitos que atentan contra la libertad y la seguridad sexual,Otros delitos que atentan contra la libertad y la seguridad sexual,30,27,28
1747,2026,16,Michoacan de Ocampo,La libertad y la seguridad sexual,Acoso sexual,Acoso sexual,Acoso sexual,18,24,29
1748,2026,16,Michoacan de Ocampo,La libertad y la seguridad sexual,Hostigamiento sexual,Hostigamiento sexual,Hostigamiento sexual,2,4,6
1749,2026,16,Michoacan de Ocampo,La libertad y la seguridad sexual,Incesto,Incesto,Incesto,0,0,0
1750,2026,16,Michoacan de Ocampo,La libertad y la seguridad sexual,Violacion,Violacion simple,Violacion simple,22,32,28
1751,2026,16,Michoacan de Ocampo,La libertad y la seguridad sexual,Violacion,Violacion equiparada,Violacion equiparada,18,18,24
1752,2026,16,Michoacan de Ocampo,La libertad y la seguridad sexual,Violacion a la intimidad sexual,Violacion a la intimidad sexual,Violacion a la intimidad sexual,0,0,0
1753,2026,16,Michoacan de Ocampo,El patrimonio,Otros delitos contra el patrimonio,Otros delitos contra el patrimonio,Otros delitos contra el patrimonio,29,12,2
1754,2026,16,Michoacan de Ocampo,El patrimonio,Robo,Robo a casa habitacion,Con violencia,20,11,9
1755,2026,16,Michoacan de Ocampo,El patrimonio,Robo,Robo a casa habitacion,Sin violencia,55,59,56
1756,2026,16,Michoacan de Ocampo,El patrimonio,Robo,Robo de vehiculo automotor - Coche de 4 ruedas,Con violencia,151,185,170
1757,2026,16,Michoacan de Ocampo,El patrimonio,Robo,Robo de vehiculo automotor - Coche de 4 ruedas,Sin violencia,108,108,98
1758,2026,16,Michoacan de Ocampo,El patrimonio,Robo,Robo de vehiculo automotor - Motocicleta,Con violencia,55,62,54
1759,2026,16,Michoacan de Ocampo,El patrimonio,Robo,Robo de vehiculo automotor - Motocicleta,Sin violencia,140,114,140
1760,2026,16,Michoacan de Ocampo,El patrimonio,Robo,Robo de vehiculo automotor - Embarcaciones,Con violencia,0,0,0
1761,2026,16,Michoacan de Ocampo,El patrimonio,Robo,Robo de vehiculo automotor - Embarcaciones,Sin violencia,0,0,0
1762,2026,16,Michoacan de Ocampo,El patrimonio,Robo,Robo de autopartes,Con violencia,0,0,2
1763,2026,16,Michoacan de Ocampo,El patrimonio,Robo,Robo de autopartes,Sin violencia,1,0,5
1764,2026,16,Michoacan de Ocampo,El patrimonio,Robo,Robo a transportista,Con violencia,18,13,21
1765,2026,16,Michoacan de Ocampo,El patrimonio,Robo,Robo a transportista,Sin violencia,3,7,11
1766,2026,16,Michoacan de Ocampo,El patrimonio,Robo,Robo a transeunte en via publica,Con violencia,17,11,19
1767,2026,16,Michoacan de Ocampo,El patrimonio,Robo,Robo a transeunte en via publica,Sin violencia,11,25,24
1768,2026,16,Michoacan de Ocampo,El patrimonio,Robo,Robo a transeunte en espacio abierto al publico,Con violencia,1,3,1
1769,2026,16,Michoacan de Ocampo,El patrimonio,Robo,Robo a transeunte en espacio abierto al publico,Sin violencia,4,2,3
1770,2026,16,Michoacan de Ocampo,El patrimonio,Robo,Robo en transporte publico individual,Con violencia,0,0,0
1771,2026,16,Michoacan de Ocampo,El patrimonio,Robo,Robo en transporte publico individual,Sin violencia,0,0,0
1772,2026,16,Michoacan de Ocampo,El patrimonio,Robo,Robo en transporte publico colectivo,Con violencia,10,1,0
1773,2026,16,Michoacan de Ocampo,El patrimonio,Robo,Robo en transporte publico colectivo,Sin violencia,1,0,1
1774,2026,16,Michoacan de Ocampo,El patrimonio,Robo,Robo en transporte individual,Con violencia,0,0,0
1775,2026,16,Michoacan de Ocampo,El patrimonio,Robo,Robo en transporte individual,Sin violencia,0,0,1
1776,2026,16,Michoacan de Ocampo,El patrimonio,Robo,Robo a institucion bancaria,Con violencia,0,0,2
1777,2026,16,Michoacan de Ocampo,El patrimonio,Robo,Robo a institucion bancaria,Sin violencia,0,0,2
1778,2026,16,Michoacan de Ocampo,El patrimonio,Robo,Robo a negocio,Con violencia,35,24,52
1779,2026,16,Michoacan de Ocampo,El patrimonio,Robo,Robo a negocio,Sin violencia,39,42,56
1780,2026,16,Michoacan de Ocampo,El patrimonio,Robo,Robo de ganado,Con violencia,0,1,1
1781,2026,16,Michoacan de Ocampo,El patrimonio,Robo,Robo de ganado,Sin violencia,6,5,8
1782,2026,16,Michoacan de Ocampo,El patrimonio,Robo,Robo de maquinaria - Herramienta industrial o agricola,Con violencia,1,2,1
1783,2026,16,Michoacan de Ocampo,El patrimonio,Robo,Robo de maquinaria - Herramienta industrial o agricola,Sin violencia,1,2,1
1784,2026,16,Michoacan de Ocampo,El patrimonio,Robo,Robo de maquinaria - Tractores y/o montacargas,Con violencia,1,0,1
1785,2026,16,Michoacan de Ocampo,El patrimonio,Robo,Robo de maquinaria - Tractores y/o montacargas,Sin violencia,4,2,3
1786,2026,16,Michoacan de Ocampo,El patrimonio,Robo,"Robo de maquinaria - Cables, tubos y otros objetos destinados a servicios publicos",Con violencia,0,0,0
1787,2026,16,Michoacan de Ocampo,El patrimonio,Robo,"Robo de maquinaria - Cables, tubos y otros objetos destinados a servicios publicos",Sin violencia,1,2,4
1788,2026,16,Michoacan de Ocampo,El patrimonio,Robo,Otros robos,Con violencia,59,52,54
1789,2026,16,Michoacan de Ocampo,El patrimonio,Robo,Otros robos,Sin violencia,145,161,180
1790,2026,16,Michoacan de Ocampo,El patrimonio,Fraude,Fraude,Fraude,259,207,263
1791,2026,16,Michoacan de Ocampo,El patrimonio,Abuso de confianza,Abuso de confianza,Abuso de confianza,59,74,58
1792,2026,16,Michoacan de Ocampo,El patrimonio,Extorsion,Extorsion presencial,Extorsion presencial,25,28,30
1793,2026,16,Michoacan de Ocampo,El patrimonio,Extorsion,Tentativa de extorsion presencial,Tentativa de extorsion presencial,0,1,15
1794,2026,16,Michoacan de Ocampo,El patrimonio,Extorsion,Extorsion por otros medios,Extorsion por otros medios,0,0,0
1795,2026,16,Michoacan de Ocampo,El patrimonio,Extorsion,Tentativa de extorsion por otros medios,Tentativa de extorsion por otros medios,0,0,0
1796,2026,16,Michoacan de Ocampo,El patrimonio,Dano a la propiedad,Dano a la propiedad,Dano a la propiedad,347,378,415
1797,2026,16,Michoacan de Ocampo,El patrimonio,Despojo,Despojo,Despojo,73,73,95
1798,2026,16,Michoacan de Ocampo,La familia,Otros delitos contra la familia,Otros delitos contra la familia,Otros delitos contra la familia,3,6,3
1799,2026,16,Michoacan de Ocampo,La familia,Violencia familiar,Violencia familiar,Violencia familiar,155,138,166
1800,2026,16,Michoacan de Ocampo,La familia,Violencia de genero en todas sus modalidades distinta a la violencia familiar,Violencia de genero en todas sus modalidades distinta a la violencia familiar,Violencia de genero en todas sus modalidades distinta a la violencia familiar,0,0,0
1801,2026,16,Michoacan de Ocampo,La familia,Incumplimiento de obligaciones de asistencia familiar,Incumplimiento de obligaciones de asistencia familiar,Incumplimiento de obligaciones de asistencia familiar,20,27,40
1802,2026,16,Michoacan de Ocampo,La sociedad,Corrupcion de menores,Corrupcion de menores,Corrupcion de menores,2,2,2
1803,2026,16,Michoacan de Ocampo,La sociedad,Otros delitos contra la sociedad,Otros delitos contra la sociedad,Otros delitos contra la sociedad,0,0,0
1804,2026,16,Michoacan de Ocampo,La sociedad,Trata de personas,Trata de personas con fines de explotacion sexual,Trata de personas con fines de explotacion sexual,0,2,2
1805,2026,16,Michoacan de Ocampo,La sociedad,Trata de personas,Trata de personas con fines de trabajo o servicios forzados,Trata de personas con fines de trabajo o servicios forzados,0,0,0
1806,2026,16,Michoacan de Ocampo,La sociedad,Trata de personas,Trata de personas con fines de trafico de organos,Trata de personas con fines de trafico de organos,0,0,0
1807,2026,16,Michoacan de Ocampo,La sociedad,Trata de personas,Trata de personas con otros fines,Trata de personas con otros fines,0,0,0
1808,2026,16,Michoacan de Ocampo,La sociedad,Pornografia infantil,Pornografia infantil,Pornografia infantil,2,0,0
1809,2026,16,Michoacan de Ocampo,La sociedad,Discriminacion,Discriminacion,Discriminacion,2,5,3
1810,2026,16,Michoacan de Ocampo,Otros bienes juridicos afectados (del fuero comun),Narcomenudeo,Narcomenudeo posesion simple,Narcomenudeo posesion simple,135,106,106
1811,2026,16,Michoacan de Ocampo,Otros bienes juridicos afectados (del fuero comun),Otros delitos del Fuero Comun,Otros delitos del Fuero Comun,Otros delitos del Fuero Comun,210,287,304
1812,2026,16,Michoacan de Ocampo,Otros bienes juridicos afectados (del fuero comun),Narcomenudeo,Narcomenudeo con fines de venta,Narcomenudeo con fines de venta,53,70,70
1813,2026,16,Michoacan de Ocampo,Otros bienes juridicos afectados (del fuero comun),Amenazas,Amenazas,Amenazas,408,420,484
1814,2026,16,Michoacan de Ocampo,Otros bienes juridicos afectados (del fuero comun),Allanamiento de morada,Allanamiento de morada,Allanamiento de morada,23,25,35
1815,2026,16,Michoacan de Ocampo,Otros bienes juridicos afectados (del fuero comun),Evasion de presos,Evasion de presos,Evasion de presos,1,0,1
1816,2026,16,Michoacan de Ocampo,Otros bienes juridicos afectados (del fuero comun),Falsedad,Falsedad,Falsedad,3,1,3
1817,2026,16,Michoacan de Ocampo,Otros bienes juridicos afectados (del fuero comun),Falsificacion,Falsificacion,Falsificacion,47,47,54
1818,2026,16,Michoacan de Ocampo,Otros bienes juridicos afectados (del fuero comun),Contra el medio ambiente,Contra el medio ambiente,Contra el medio ambiente,15,50,29
1819,2026,16,Michoacan de Ocampo,Otros bienes juridicos afectados (del fuero comun),Delitos cometidos por servidores publicos,Delitos cometidos por servidores publicos,Delitos cometidos por servidores publicos,21,11,23
1820,2026,16,Michoacan de Ocampo,Otros bienes juridicos afectados (del fuero comun),Electorales,Electorales,Electorales,0,0,0
1821,2026,16,Michoacan de Ocampo,Otros bienes juridicos afectados (del fuero comun),Delitos contra la administracion de justicia,Delitos contra la administracion de justicia,Delitos contra la administracion de justicia,0,0,0
1822,2026,16,Michoacan de Ocampo,Otros bienes juridicos afectados (del fuero comun),Suplantacion y usurpacion de identidad,Suplantacion y usurpacion de identidad,Suplantacion y usurpacion de identidad,41,32,40
1823,2026,16,Michoacan de Ocampo,Otros bienes juridicos afectados (del fuero comun),Tortura,Tortura,Tortura,0,0,0
1824,2026,17,Morelos,La vida y la Integridad corporal,Homicidio,Homicidio doloso,Con arma blanca,1,3,3
1825,2026,17,Morelos,La vida y la Integridad corporal,Homicidio,Homicidio doloso,Con arma de fuego,76,65,75
1826,2026,17,Morelos,La vida y la Integridad corporal,Homicidio,Homicidio doloso,Con otro elemento,13,8,11
1827,2026,17,Morelos,La vida y la Integridad corporal,Homicidio,Homicidio doloso,No especificado,0,0,0
1828,2026,17,Morelos,La vida y la Integridad corporal,Homicidio,Tentativa de homicidio doloso,Tentativa de homicidio doloso,28,0,55
1829,2026,17,Morelos,La vida y la Integridad corporal,Homicidio,Homicidio culposo,Con arma blanca,0,0,0
1830,2026,17,Morelos,La vida y la Integridad corporal,Homicidio,Homicidio culposo,Con arma de fuego,0,0,0
1831,2026,17,Morelos,La vida y la Integridad corporal,Homicidio,Homicidio culposo,Con otro elemento,0,0,0
1832,2026,17,Morelos,La vida y la Integridad corporal,Homicidio,Homicidio culposo,En accidente de transito,25,26,29
1833,2026,17,Morelos,La vida y la Integridad corporal,Homicidio,Homicidio culposo,No especificado,0,0,1
1834,2026,17,Morelos,La vida y la Integridad corporal,Otros delitos que atentan contra la vida y la integridad corporal,Otros delitos que atentan contra la vida y la integridad corporal,Otros delitos que atentan contra la vida y la integridad corporal,76,86,43
1835,2026,17,Morelos,La vida y la Integridad corporal,Lesiones,Lesiones dolosas,Con arma blanca,0,0,0
1836,2026,17,Morelos,La vida y la Integridad corporal,Lesiones,Lesiones dolosas,Con arma de fuego,8,0,9
1837,2026,17,Morelos,La vida y la Integridad corporal,Lesiones,Lesiones dolosas,Con otro elemento,0,0,0
1838,2026,17,Morelos,La vida y la Integridad corporal,Lesiones,Lesiones dolosas,No especificado,56,0,74
1839,2026,17,Morelos,La vida y la Integridad corporal,Lesiones,Lesiones culposas,Con arma blanca,0,0,0
1840,2026,17,Morelos,La vida y la Integridad corporal,Lesiones,Lesiones culposas,Con arma de fuego,0,2,0
1841,2026,17,Morelos,La vida y la Integridad corporal,Lesiones,Lesiones culposas,Con otro elemento,0,0,0
1842,2026,17,Morelos,La vida y la Integridad corporal,Lesiones,Lesiones culposas,En accidente de transito,0,0,0
1843,2026,17,Morelos,La vida y la Integridad corporal,Lesiones,Lesiones culposas,No especificado,289,367,345
1844,2026,17,Morelos,La vida y la Integridad corporal,Feminicidio,Feminicidio,Con arma blanca,0,0,0
1845,2026,17,Morelos,La vida y la Integridad corporal,Feminicidio,Feminicidio,Con arma de fuego,2,0,1
1846,2026,17,Morelos,La vida y la Integridad corporal,Feminicidio,Feminicidio,Con otro elemento,1,1,2
1847,2026,17,Morelos,La vida y la Integridad corporal,Feminicidio,Feminicidio,No especificado,0,0,1
1848,2026,17,Morelos,La vida y la Integridad corporal,Feminicidio,Tentativa de feminicidio,Tentativa de feminicidio,4,3,1
1849,2026,17,Morelos,La vida y la Integridad corporal,Aborto,Aborto,Aborto,1,2,2
1850,2026,17,Morelos,Libertad personal,Otros delitos que atentan contra la libertad personal,Otros delitos que atentan contra la libertad personal,Otros delitos que atentan contra la libertad personal,1,0,1
1851,2026,17,Morelos,Libertad personal,Secuestro,Secuestro extorsivo,Secuestro extorsivo,1,1,0
1852,2026,17,Morelos,Libertad personal,Secuestro,Secuestro con calidad de rehen,Secuestro con calidad de rehen,0,0,0
1853,2026,17,Morelos,Libertad personal,Secuestro,Secuestro para causar dano,Secuestro para causar dano,0,0,0
1854,2026,17,Morelos,Libertad personal,Secuestro,Secuestro expres,Secuestro expres,0,1,0
1855,2026,17,Morelos,Libertad personal,Trafico de menores,Trafico de menores,Trafico de menores,0,0,0
1856,2026,17,Morelos,Libertad personal,Rapto,Rapto,Rapto,0,0,1
1857,2026,17,Morelos,Libertad personal,Privacion ilegal de la libertad,Privacion ilegal de la libertad,Privacion ilegal de la libertad,6,9,18
1858,2026,17,Morelos,Libertad personal,Retencion o sustraccion de menores e incapaces,Retencion o sustraccion de menores e incapaces,Retencion o sustraccion de menores e incapaces,27,19,22
1859,2026,17,Morelos,La libertad y la seguridad sexual,Abuso sexual,Abuso sexual,Abuso sexual,35,47,63
1860,2026,17,Morelos,La libertad y la seguridad sexual,Otros delitos que atentan contra la libertad y la seguridad sexual,Otros delitos que atentan contra la libertad y la seguridad sexual,Otros delitos que atentan contra la libertad y la seguridad sexual,9,6,9
1861,2026,17,Morelos,La libertad y la seguridad sexual,Acoso sexual,Acoso sexual,Acoso sexual,0,0,0
1862,2026,17,Morelos,La libertad y la seguridad sexual,Hostigamiento sexual,Hostigamiento sexual,Hostigamiento sexual,14,7,9
1863,2026,17,Morelos,La libertad y la seguridad sexual,Incesto,Incesto,Incesto,0,0,0
1864,2026,17,Morelos,La libertad y la seguridad sexual,Violacion,Violacion simple,Violacion simple,37,40,46
1865,2026,17,Morelos,La libertad y la seguridad sexual,Violacion,Violacion equiparada,Violacion equiparada,0,2,0
1866,2026,17,Morelos,La libertad y la seguridad sexual,Violacion a la intimidad sexual,Violacion a la intimidad sexual,Violacion a la intimidad sexual,0,0,0
1867,2026,17,Morelos,El patrimonio,Otros delitos contra el patrimonio,Otros delitos contra el patrimonio,Otros delitos contra el patrimonio,33,38,31
1868,2026,17,Morelos,El patrimonio,Robo,Robo a casa habitacion,Con violencia,2,7,2
1869,2026,17,Morelos,El patrimonio,Robo,Robo a casa habitacion,Sin violencia,84,84,99
1870,2026,17,Morelos,El patrimonio,Robo,Robo de vehiculo automotor - Coche de 4 ruedas,Con violencia,95,76,79
1871,2026,17,Morelos,El patrimonio,Robo,Robo de vehiculo automotor - Coche de 4 ruedas,Sin violencia,78,65,66
1872,2026,17,Morelos,El patrimonio,Robo,Robo de vehiculo automotor - Motocicleta,Con violencia,96,71,82
1873,2026,17,Morelos,El patrimonio,Robo,Robo de vehiculo automotor - Motocicleta,Sin violencia,80,88,101
1874,2026,17,Morelos,El patrimonio,Robo,Robo de vehiculo automotor - Embarcaciones,Con violencia,0,0,0
1875,2026,17,Morelos,El patrimonio,Robo,Robo de vehiculo automotor - Embarcaciones,Sin violencia,0,0,0
1876,2026,17,Morelos,El patrimonio,Robo,Robo de autopartes,Con violencia,0,0,0
1877,2026,17,Morelos,El patrimonio,Robo,Robo de autopartes,Sin violencia,2,0,0
1878,2026,17,Morelos,El patrimonio,Robo,Robo a transportista,Con violencia,1,0,0
1879,2026,17,Morelos,El patrimonio,Robo,Robo a transportista,Sin violencia,0,1,0
1880,2026,17,Morelos,El patrimonio,Robo,Robo a transeunte en via publica,Con violencia,47,46,28
1881,2026,17,Morelos,El patrimonio,Robo,Robo a transeunte en via publica,Sin violencia,15,22,24
1882,2026,17,Morelos,El patrimonio,Robo,Robo a transeunte en espacio abierto al publico,Con violencia,0,0,0
1883,2026,17,Morelos,El patrimonio,Robo,Robo a transeunte en espacio abierto al publico,Sin violencia,1,0,0
1884,2026,17,Morelos,El patrimonio,Robo,Robo en transporte publico individual,Con violencia,0,0,1
1885,2026,17,Morelos,El patrimonio,Robo,Robo en transporte publico individual,Sin violencia,0,1,0
1886,2026,17,Morelos,El patrimonio,Robo,Robo en transporte publico colectivo,Con violencia,0,2,2
1887,2026,17,Morelos,El patrimonio,Robo,Robo en transporte publico colectivo,Sin violencia,0,2,1
1888,2026,17,Morelos,El patrimonio,Robo,Robo en transporte individual,Con violencia,3,0,3
1889,2026,17,Morelos,El patrimonio,Robo,Robo en transporte individual,Sin violencia,1,1,0
1890,2026,17,Morelos,El patrimonio,Robo,Robo a institucion bancaria,Con violencia,0,0,0
1891,2026,17,Morelos,El patrimonio,Robo,Robo a institucion bancaria,Sin violencia,0,0,1
1892,2026,17,Morelos,El patrimonio,Robo,Robo a negocio,Con violencia,40,26,50
1893,2026,17,Morelos,El patrimonio,Robo,Robo a negocio,Sin violencia,46,45,69
1894,2026,17,Morelos,El patrimonio,Robo,Robo de ganado,Con violencia,0,0,0
1895,2026,17,Morelos,El patrimonio,Robo,Robo de ganado,Sin violencia,2,1,1
1896,2026,17,Morelos,El patrimonio,Robo,Robo de maquinaria - Herramienta industrial o agricola,Con violencia,0,0,0
1897,2026,17,Morelos,El patrimonio,Robo,Robo de maquinaria - Herramienta industrial o agricola,Sin violencia,0,1,0
1898,2026,17,Morelos,El patrimonio,Robo,Robo de maquinaria - Tractores y/o montacargas,Con violencia,0,0,0
1899,2026,17,Morelos,El patrimonio,Robo,Robo de maquinaria - Tractores y/o montacargas,Sin violencia,0,0,0
1900,2026,17,Morelos,El patrimonio,Robo,"Robo de maquinaria - Cables, tubos y otros objetos destinados a servicios publicos",Con violencia,0,0,0
1901,2026,17,Morelos,El patrimonio,Robo,"Robo de maquinaria - Cables, tubos y otros objetos destinados a servicios publicos",Sin violencia,0,0,0
1902,2026,17,Morelos,El patrimonio,Robo,Otros robos,Con violencia,15,4,18
1903,2026,17,Morelos,El patrimonio,Robo,Otros robos,Sin violencia,396,363,355
1904,2026,17,Morelos,El patrimonio,Fraude,Fraude,Fraude,195,147,209
1905,2026,17,Morelos,El patrimonio,Abuso de confianza,Abuso de confianza,Abuso de confianza,61,47,71
1906,2026,17,Morelos,El patrimonio,Extorsion,Extorsion presencial,Extorsion presencial,25,22,24
1907,2026,17,Morelos,El patrimonio,Extorsion,Tentativa de extorsion presencial,Tentativa de extorsion presencial,0,0,0
1908,2026,17,Morelos,El patrimonio,Extorsion,Extorsion por otros medios,Extorsion por otros medios,17,23,45
1909,2026,17,Morelos,El patrimonio,Extorsion,Tentativa de extorsion por otros medios,Tentativa de extorsion por otros medios,0,0,0
1910,2026,17,Morelos,El patrimonio,Dano a la propiedad,Dano a la propiedad,Dano a la propiedad,307,230,236
1911,2026,17,Morelos,El patrimonio,Despojo,Despojo,Despojo,65,82,121
1912,2026,17,Morelos,La familia,Otros delitos contra la familia,Otros delitos contra la familia,Otros delitos contra la familia,1,1,3
1913,2026,17,Morelos,La familia,Violencia familiar,Violencia familiar,Violencia familiar,503,527,582
1914,2026,17,Morelos,La familia,Violencia de genero en todas sus modalidades distinta a la violencia familiar,Violencia de genero en todas sus modalidades distinta a la violencia familiar,Violencia de genero en todas sus modalidades distinta a la violencia familiar,0,0,0
1915,2026,17,Morelos,La familia,Incumplimiento de obligaciones de asistencia familiar,Incumplimiento de obligaciones de asistencia familiar,Incumplimiento de obligaciones de asistencia familiar,36,26,41
1916,2026,17,Morelos,La sociedad,Corrupcion de menores,Corrupcion de menores,Corrupcion de menores,7,6,8
1917,2026,17,Morelos,La sociedad,Otros delitos contra la sociedad,Otros delitos contra la sociedad,Otros delitos contra la sociedad,64,71,101
1918,2026,17,Morelos,La sociedad,Trata de personas,Trata de personas con fines de explotacion sexual,Trata de personas con fines de explotacion sexual,0,0,0
1919,2026,17,Morelos,La sociedad,Trata de personas,Trata de personas con fines de trabajo o servicios forzados,Trata de personas con fines de trabajo o servicios forzados,0,0,1
1920,2026,17,Morelos,La sociedad,Trata de personas,Trata de personas con fines de trafico de organos,Trata de personas con fines de trafico de organos,0,0,0
1921,2026,17,Morelos,La sociedad,Trata de personas,Trata de personas con otros fines,Trata de personas con otros fines,0,0,0
1922,2026,17,Morelos,La sociedad,Pornografia infantil,Pornografia infantil,Pornografia infantil,0,0,0
1923,2026,17,Morelos,La sociedad,Discriminacion,Discriminacion,Discriminacion,8,4,9
1924,2026,17,Morelos,Otros bienes juridicos afectados (del fuero comun),Narcomenudeo,Narcomenudeo posesion simple,Narcomenudeo posesion simple,82,85,130
1925,2026,17,Morelos,Otros bienes juridicos afectados (del fuero comun),Otros delitos del Fuero Comun,Otros delitos del Fuero Comun,Otros delitos del Fuero Comun,141,123,150
1926,2026,17,Morelos,Otros bienes juridicos afectados (del fuero comun),Narcomenudeo,Narcomenudeo con fines de venta,Narcomenudeo con fines de venta,0,0,0
1927,2026,17,Morelos,Otros bienes juridicos afectados (del fuero comun),Amenazas,Amenazas,Amenazas,408,372,501
1928,2026,17,Morelos,Otros bienes juridicos afectados (del fuero comun),Allanamiento de morada,Allanamiento de morada,Allanamiento de morada,35,30,36
1929,2026,17,Morelos,Otros bienes juridicos afectados (del fuero comun),Evasion de presos,Evasion de presos,Evasion de presos,0,1,0
1930,2026,17,Morelos,Otros bienes juridicos afectados (del fuero comun),Falsedad,Falsedad,Falsedad,5,12,8
1931,2026,17,Morelos,Otros bienes juridicos afectados (del fuero comun),Falsificacion,Falsificacion,Falsificacion,15,9,23
1932,2026,17,Morelos,Otros bienes juridicos afectados (del fuero comun),Contra el medio ambiente,Contra el medio ambiente,Contra el medio ambiente,3,1,3
1933,2026,17,Morelos,Otros bienes juridicos afectados (del fuero comun),Delitos cometidos por servidores publicos,Delitos cometidos por servidores publicos,Delitos cometidos por servidores publicos,12,17,19
1934,2026,17,Morelos,Otros bienes juridicos afectados (del fuero comun),Electorales,Electorales,Electorales,0,1,0
1935,2026,17,Morelos,Otros bienes juridicos afectados (del fuero comun),Delitos contra la administracion de justicia,Delitos contra la administracion de justicia,Delitos contra la administracion de justicia,14,18,17
1936,2026,17,Morelos,Otros bienes juridicos afectados (del fuero comun),Suplantacion y usurpacion de identidad,Suplantacion y usurpacion de identidad,Suplantacion y usurpacion de identidad,55,53,55
1937,2026,17,Morelos,Otros bienes juridicos afectados (del fuero comun),Tortura,Tortura,Tortura,1,1,1
1938,2026,18,Nayarit,La vida y la Integridad corporal,Homicidio,Homicidio doloso,Con arma blanca,0,0,0
1939,2026,18,Nayarit,La vida y la Integridad corporal,Homicidio,Homicidio doloso,Con arma de fuego,5,5,0
1940,2026,18,Nayarit,La vida y la Integridad corporal,Homicidio,Homicidio doloso,Con otro elemento,0,1,0
1941,2026,18,Nayarit,La vida y la Integridad corporal,Homicidio,Homicidio doloso,No especificado,0,1,0
1942,2026,18,Nayarit,La vida y la Integridad corporal,Homicidio,Tentativa de homicidio doloso,Tentativa de homicidio doloso,0,0,0
1943,2026,18,Nayarit,La vida y la Integridad corporal,Homicidio,Homicidio culposo,Con arma blanca,0,0,0
1944,2026,18,Nayarit,La vida y la Integridad corporal,Homicidio,Homicidio culposo,Con arma de fuego,0,0,0
1945,2026,18,Nayarit,La vida y la Integridad corporal,Homicidio,Homicidio culposo,Con otro elemento,1,1,1
1946,2026,18,Nayarit,La vida y la Integridad corporal,Homicidio,Homicidio culposo,En accidente de transito,6,10,4
1947,2026,18,Nayarit,La vida y la Integridad corporal,Homicidio,Homicidio culposo,No especificado,0,0,4
1948,2026,18,Nayarit,La vida y la Integridad corporal,Otros delitos que atentan contra la vida y la integridad corporal,Otros delitos que atentan contra la vida y la integridad corporal,Otros delitos que atentan contra la vida y la integridad corporal,1,0,0
1949,2026,18,Nayarit,La vida y la Integridad corporal,Lesiones,Lesiones dolosas,Con arma blanca,1,5,5
1950,2026,18,Nayarit,La vida y la Integridad corporal,Lesiones,Lesiones dolosas,Con arma de fuego,2,1,0
1951,2026,18,Nayarit,La vida y la Integridad corporal,Lesiones,Lesiones dolosas,Con otro elemento,25,26,29
1952,2026,18,Nayarit,La vida y la Integridad corporal,Lesiones,Lesiones dolosas,No especificado,14,37,16
1953,2026,18,Nayarit,La vida y la Integridad corporal,Lesiones,Lesiones culposas,Con arma blanca,2,1,1
1954,2026,18,Nayarit,La vida y la Integridad corporal,Lesiones,Lesiones culposas,Con arma de fuego,0,0,0
1955,2026,18,Nayarit,La vida y la Integridad corporal,Lesiones,Lesiones culposas,Con otro elemento,9,6,4
1956,2026,18,Nayarit,La vida y la Integridad corporal,Lesiones,Lesiones culposas,En accidente de transito,18,21,20
1957,2026,18,Nayarit,La vida y la Integridad corporal,Lesiones,Lesiones culposas,No especificado,32,28,25
1958,2026,18,Nayarit,La vida y la Integridad corporal,Feminicidio,Feminicidio,Con arma blanca,1,0,0
1959,2026,18,Nayarit,La vida y la Integridad corporal,Feminicidio,Feminicidio,Con arma de fuego,0,0,0
1960,2026,18,Nayarit,La vida y la Integridad corporal,Feminicidio,Feminicidio,Con otro elemento,0,0,0
1961,2026,18,Nayarit,La vida y la Integridad corporal,Feminicidio,Feminicidio,No especificado,0,0,0
1962,2026,18,Nayarit,La vida y la Integridad corporal,Feminicidio,Tentativa de feminicidio,Tentativa de feminicidio,0,1,0
1963,2026,18,Nayarit,La vida y la Integridad corporal,Aborto,Aborto,Aborto,0,0,0
1964,2026,18,Nayarit,Libertad personal,Otros delitos que atentan contra la libertad personal,Otros delitos que atentan contra la libertad personal,Otros delitos que atentan contra la libertad personal,54,41,41
1965,2026,18,Nayarit,Libertad personal,Secuestro,Secuestro extorsivo,Secuestro extorsivo,0,0,0
1966,2026,18,Nayarit,Libertad personal,Secuestro,Secuestro con calidad de rehen,Secuestro con calidad de rehen,0,0,0
1967,2026,18,Nayarit,Libertad personal,Secuestro,Secuestro para causar dano,Secuestro para causar dano,1,0,0
1968,2026,18,Nayarit,Libertad personal,Secuestro,Secuestro expres,Secuestro expres,0,1,0
1969,2026,18,Nayarit,Libertad personal,Trafico de menores,Trafico de menores,Trafico de menores,0,0,0
1970,2026,18,Nayarit,Libertad personal,Rapto,Rapto,Rapto,0,0,0
1971,2026,18,Nayarit,Libertad personal,Privacion ilegal de la libertad,Privacion ilegal de la libertad,Privacion ilegal de la libertad,8,8,5
1972,2026,18,Nayarit,Libertad personal,Retencion o sustraccion de menores e incapaces,Retencion o sustraccion de menores e incapaces,Retencion o sustraccion de menores e incapaces,6,2,3
1973,2026,18,Nayarit,La libertad y la seguridad sexual,Abuso sexual,Abuso sexual,Abuso sexual,24,19,19
1974,2026,18,Nayarit,La libertad y la seguridad sexual,Otros delitos que atentan contra la libertad y la seguridad sexual,Otros delitos que atentan contra la libertad y la seguridad sexual,Otros delitos que atentan contra la libertad y la seguridad sexual,4,0,3
1975,2026,18,Nayarit,La libertad y la seguridad sexual,Acoso sexual,Acoso sexual,Acoso sexual,0,0,0
1976,2026,18,Nayarit,La libertad y la seguridad sexual,Hostigamiento sexual,Hostigamiento sexual,Hostigamiento sexual,3,4,5
1977,2026,18,Nayarit,La libertad y la seguridad sexual,Incesto,Incesto,Incesto,0,0,0
1978,2026,18,Nayarit,La libertad y la seguridad sexual,Violacion,Violacion simple,Violacion simple,22,13,10
1979,2026,18,Nayarit,La libertad y la seguridad sexual,Violacion,Violacion equiparada,Violacion equiparada,0,0,0
1980,2026,18,Nayarit,La libertad y la seguridad sexual,Violacion a la intimidad sexual,Violacion a la intimidad sexual,Violacion a la intimidad sexual,2,5,1
1981,2026,18,Nayarit,El patrimonio,Otros delitos contra el patrimonio,Otros delitos contra el patrimonio,Otros delitos contra el patrimonio,2,2,4
1982,2026,18,Nayarit,El patrimonio,Robo,Robo a casa habitacion,Con violencia,0,0,2
1983,2026,18,Nayarit,El patrimonio,Robo,Robo a casa habitacion,Sin violencia,6,11,13
1984,2026,18,Nayarit,El patrimonio,Robo,Robo de vehiculo automotor - Coche de 4 ruedas,Con violencia,2,5,11
1985,2026,18,Nayarit,El patrimonio,Robo,Robo de vehiculo automotor - Coche de 4 ruedas,Sin violencia,18,19,38
1986,2026,18,Nayarit,El patrimonio,Robo,Robo de vehiculo automotor - Motocicleta,Con violencia,2,0,0
1987,2026,18,Nayarit,El patrimonio,Robo,Robo de vehiculo automotor - Motocicleta,Sin violencia,14,0,0
1988,2026,18,Nayarit,El patrimonio,Robo,Robo de vehiculo automotor - Embarcaciones,Con violencia,0,0,0
1989,2026,18,Nayarit,El patrimonio,Robo,Robo de vehiculo automotor - Embarcaciones,Sin violencia,0,0,0
1990,2026,18,Nayarit,El patrimonio,Robo,Robo de autopartes,Con violencia,0,0,0
1991,2026,18,Nayarit,El patrimonio,Robo,Robo de autopartes,Sin violencia,1,1,0
1992,2026,18,Nayarit,El patrimonio,Robo,Robo a transportista,Con violencia,0,0,0
1993,2026,18,Nayarit,El patrimonio,Robo,Robo a transportista,Sin violencia,0,0,0
1994,2026,18,Nayarit,El patrimonio,Robo,Robo a transeunte en via publica,Con violencia,0,0,0
1995,2026,18,Nayarit,El patrimonio,Robo,Robo a transeunte en via publica,Sin violencia,0,0,0
1996,2026,18,Nayarit,El patrimonio,Robo,Robo a transeunte en espacio abierto al publico,Con violencia,0,0,0
1997,2026,18,Nayarit,El patrimonio,Robo,Robo a transeunte en espacio abierto al publico,Sin violencia,0,0,0
1998,2026,18,Nayarit,El patrimonio,Robo,Robo en transporte publico individual,Con violencia,0,0,0
1999,2026,18,Nayarit,El patrimonio,Robo,Robo en transporte publico individual,Sin violencia,0,0,0
2000,2026,18,Nayarit,El patrimonio,Robo,Robo en transporte publico colectivo,Con violencia,0,0,0
2001,2026,18,Nayarit,El patrimonio,Robo,Robo en transporte publico colectivo,Sin violencia,0,0,0
2002,2026,18,Nayarit,El patrimonio,Robo,Robo en transporte individual,Con violencia,0,0,0
2003,2026,18,Nayarit,El patrimonio,Robo,Robo en transporte individual,Sin violencia,0,0,0
2004,2026,18,Nayarit,El patrimonio,Robo,Robo a institucion bancaria,Con violencia,0,0,0
2005,2026,18,Nayarit,El patrimonio,Robo,Robo a institucion bancaria,Sin violencia,0,0,0
2006,2026,18,Nayarit,El patrimonio,Robo,Robo a negocio,Con violencia,0,0,0
2007,2026,18,Nayarit,El patrimonio,Robo,Robo a negocio,Sin violencia,0,0,0
2008,2026,18,Nayarit,El patrimonio,Robo,Robo de ganado,Con violencia,0,0,0
2009,2026,18,Nayarit,El patrimonio,Robo,Robo de ganado,Sin violencia,1,1,0
2010,2026,18,Nayarit,El patrimonio,Robo,Robo de maquinaria - Herramienta industrial o agricola,Con violencia,0,0,0
2011,2026,18,Nayarit,El patrimonio,Robo,Robo de maquinaria - Herramienta industrial o agricola,Sin violencia,0,0,0
2012,2026,18,Nayarit,El patrimonio,Robo,Robo de maquinaria - Tractores y/o montacargas,Con violencia,0,0,0
2013,2026,18,Nayarit,El patrimonio,Robo,Robo de maquinaria - Tractores y/o montacargas,Sin violencia,0,0,0
2014,2026,18,Nayarit,El patrimonio,Robo,"Robo de maquinaria - Cables, tubos y otros objetos destinados a servicios publicos",Con violencia,0,0,0
2015,2026,18,Nayarit,El patrimonio,Robo,"Robo de maquinaria - Cables, tubos y otros objetos destinados a servicios publicos",Sin violencia,0,0,1
2016,2026,18,Nayarit,El patrimonio,Robo,Otros robos,Con violencia,7,5,7
2017,2026,18,Nayarit,El patrimonio,Robo,Otros robos,Sin violencia,27,24,25
2018,2026,18,Nayarit,El patrimonio,Fraude,Fraude,Fraude,66,49,16
2019,2026,18,Nayarit,El patrimonio,Abuso de confianza,Abuso de confianza,Abuso de confianza,19,19,4
2020,2026,18,Nayarit,El patrimonio,Extorsion,Extorsion presencial,Extorsion presencial,0,1,0
2021,2026,18,Nayarit,El patrimonio,Extorsion,Tentativa de extorsion presencial,Tentativa de extorsion presencial,0,0,0
2022,2026,18,Nayarit,El patrimonio,Extorsion,Extorsion por otros medios,Extorsion por otros medios,3,2,1
2023,2026,18,Nayarit,El patrimonio,Extorsion,Tentativa de extorsion por otros medios,Tentativa de extorsion por otros medios,0,0,0
2024,2026,18,Nayarit,El patrimonio,Dano a la propiedad,Dano a la propiedad,Dano a la propiedad,84,126,77
2025,2026,18,Nayarit,El patrimonio,Despojo,Despojo,Despojo,19,6,5
2026,2026,18,Nayarit,La familia,Otros delitos contra la familia,Otros delitos contra la familia,Otros delitos contra la familia,3,0,1
2027,2026,18,Nayarit,La familia,Violencia familiar,Violencia familiar,Violencia familiar,111,124,109
2028,2026,18,Nayarit,La familia,Violencia de genero en todas sus modalidades distinta a la violencia familiar,Violencia de genero en todas sus modalidades distinta a la violencia familiar,Violencia de genero en todas sus modalidades distinta a la violencia familiar,1,0,0
2029,2026,18,Nayarit,La familia,Incumplimiento de obligaciones de asistencia familiar,Incumplimiento de obligaciones de asistencia familiar,Incumplimiento de obligaciones de asistencia familiar,64,57,65
2030,2026,18,Nayarit,La sociedad,Corrupcion de menores,Corrupcion de menores,Corrupcion de menores,1,1,0
2031,2026,18,Nayarit,La sociedad,Otros delitos contra la sociedad,Otros delitos contra la sociedad,Otros delitos contra la sociedad,0,0,0
2032,2026,18,Nayarit,La sociedad,Trata de personas,Trata de personas con fines de explotacion sexual,Trata de personas con fines de explotacion sexual,0,0,0
2033,2026,18,Nayarit,La sociedad,Trata de personas,Trata de personas con fines de trabajo o servicios forzados,Trata de personas con fines de trabajo o servicios forzados,0,0,0
2034,2026,18,Nayarit,La sociedad,Trata de personas,Trata de personas con fines de trafico de organos,Trata de personas con fines de trafico de organos,0,0,0
2035,2026,18,Nayarit,La sociedad,Trata de personas,Trata de personas con otros fines,Trata de personas con otros fines,0,0,0
2036,2026,18,Nayarit,La sociedad,Pornografia infantil,Pornografia infantil,Pornografia infantil,0,0,0
2037,2026,18,Nayarit,La sociedad,Discriminacion,Discriminacion,Discriminacion,0,0,0
2038,2026,18,Nayarit,Otros bienes juridicos afectados (del fuero comun),Narcomenudeo,Narcomenudeo posesion simple,Narcomenudeo posesion simple,83,21,26
2039,2026,18,Nayarit,Otros bienes juridicos afectados (del fuero comun),Otros delitos del Fuero Comun,Otros delitos del Fuero Comun,Otros delitos del Fuero Comun,45,44,54
2040,2026,18,Nayarit,Otros bienes juridicos afectados (del fuero comun),Narcomenudeo,Narcomenudeo con fines de venta,Narcomenudeo con fines de venta,0,11,9
2041,2026,18,Nayarit,Otros bienes juridicos afectados (del fuero comun),Amenazas,Amenazas,Amenazas,74,72,47
2042,2026,18,Nayarit,Otros bienes juridicos afectados (del fuero comun),Allanamiento de morada,Allanamiento de morada,Allanamiento de morada,7,8,7
2043,2026,18,Nayarit,Otros bienes juridicos afectados (del fuero comun),Evasion de presos,Evasion de presos,Evasion de presos,0,0,0
2044,2026,18,Nayarit,Otros bienes juridicos afectados (del fuero comun),Falsedad,Falsedad,Falsedad,1,0,0
2045,2026,18,Nayarit,Otros bienes juridicos afectados (del fuero comun),Falsificacion,Falsificacion,Falsificacion,2,1,1
2046,2026,18,Nayarit,Otros bienes juridicos afectados (del fuero comun),Contra el medio ambiente,Contra el medio ambiente,Contra el medio ambiente,2,5,4
2047,2026,18,Nayarit,Otros bienes juridicos afectados (del fuero comun),Delitos cometidos por servidores publicos,Delitos cometidos por servidores publicos,Delitos cometidos por servidores publicos,12,5,2
2048,2026,18,Nayarit,Otros bienes juridicos afectados (del fuero comun),Electorales,Electorales,Electorales,0,0,0
2049,2026,18,Nayarit,Otros bienes juridicos afectados (del fuero comun),Delitos contra la administracion de justicia,Delitos contra la administracion de justicia,Delitos contra la administracion de justicia,0,1,1
2050,2026,18,Nayarit,Otros bienes juridicos afectados (del fuero comun),Suplantacion y usurpacion de identidad,Suplantacion y usurpacion de identidad,Suplantacion y usurpacion de identidad,2,2,1
2051,2026,18,Nayarit,Otros bienes juridicos afectados (del fuero comun),Tortura,Tortura,Tortura,0,0,0
2052,2026,19,Nuevo Leon,La vida y la Integridad corporal,Homicidio,Homicidio doloso,Con arma blanca,0,2,8
2053,2026,19,Nuevo Leon,La vida y la Integridad corporal,Homicidio,Homicidio doloso,Con arma de fuego,0,38,29
2054,2026,19,Nuevo Leon,La vida y la Integridad corporal,Homicidio,Homicidio doloso,Con otro elemento,0,5,3
2055,2026,19,Nuevo Leon,La vida y la Integridad corporal,Homicidio,Homicidio doloso,No especificado,38,0,0
2056,2026,19,Nuevo Leon,La vida y la Integridad corporal,Homicidio,Tentativa de homicidio doloso,Tentativa de homicidio doloso,0,0,0
2057,2026,19,Nuevo Leon,La vida y la Integridad corporal,Homicidio,Homicidio culposo,Con arma blanca,0,0,0
2058,2026,19,Nuevo Leon,La vida y la Integridad corporal,Homicidio,Homicidio culposo,Con arma de fuego,0,0,0
2059,2026,19,Nuevo Leon,La vida y la Integridad corporal,Homicidio,Homicidio culposo,Con otro elemento,1,0,0
2060,2026,19,Nuevo Leon,La vida y la Integridad corporal,Homicidio,Homicidio culposo,En accidente de transito,11,21,16
2061,2026,19,Nuevo Leon,La vida y la Integridad corporal,Homicidio,Homicidio culposo,No especificado,0,0,0
2062,2026,19,Nuevo Leon,La vida y la Integridad corporal,Otros delitos que atentan contra la vida y la integridad corporal,Otros delitos que atentan contra la vida y la integridad corporal,Otros delitos que atentan contra la vida y la integridad corporal,20,22,4
2063,2026,19,Nuevo Leon,La vida y la Integridad corporal,Lesiones,Lesiones dolosas,Con arma blanca,18,30,46
2064,2026,19,Nuevo Leon,La vida y la Integridad corporal,Lesiones,Lesiones dolosas,Con arma de fuego,15,11,10
2065,2026,19,Nuevo Leon,La vida y la Integridad corporal,Lesiones,Lesiones dolosas,Con otro elemento,168,75,191
2066,2026,19,Nuevo Leon,La vida y la Integridad corporal,Lesiones,Lesiones dolosas,No especificado,12,9,22
2067,2026,19,Nuevo Leon,La vida y la Integridad corporal,Lesiones,Lesiones culposas,Con arma blanca,0,0,0
2068,2026,19,Nuevo Leon,La vida y la Integridad corporal,Lesiones,Lesiones culposas,Con arma de fuego,0,0,0
2069,2026,19,Nuevo Leon,La vida y la Integridad corporal,Lesiones,Lesiones culposas,Con otro elemento,4,0,6
2070,2026,19,Nuevo Leon,La vida y la Integridad corporal,Lesiones,Lesiones culposas,En accidente de transito,132,84,156
2071,2026,19,Nuevo Leon,La vida y la Integridad corporal,Lesiones,Lesiones culposas,No especificado,0,0,0
2072,2026,19,Nuevo Leon,La vida y la Integridad corporal,Feminicidio,Feminicidio,Con arma blanca,0,0,1
2073,2026,19,Nuevo Leon,La vida y la Integridad corporal,Feminicidio,Feminicidio,Con arma de fuego,0,0,0
2074,2026,19,Nuevo Leon,La vida y la Integridad corporal,Feminicidio,Feminicidio,Con otro elemento,0,0,0
2075,2026,19,Nuevo Leon,La vida y la Integridad corporal,Feminicidio,Feminicidio,No especificado,3,0,0
2076,2026,19,Nuevo Leon,La vida y la Integridad corporal,Feminicidio,Tentativa de feminicidio,Tentativa de feminicidio,0,0,35
2077,2026,19,Nuevo Leon,La vida y la Integridad corporal,Aborto,Aborto,Aborto,4,15,22
2078,2026,19,Nuevo Leon,Libertad personal,Otros delitos que atentan contra la libertad personal,Otros delitos que atentan contra la libertad personal,Otros delitos que atentan contra la libertad personal,0,0,0
2079,2026,19,Nuevo Leon,Libertad personal,Secuestro,Secuestro extorsivo,Secuestro extorsivo,0,1,2
2080,2026,19,Nuevo Leon,Libertad personal,Secuestro,Secuestro con calidad de rehen,Secuestro con calidad de rehen,0,0,0
2081,2026,19,Nuevo Leon,Libertad personal,Secuestro,Secuestro para causar dano,Secuestro para causar dano,0,0,0
2082,2026,19,Nuevo Leon,Libertad personal,Secuestro,Secuestro expres,Secuestro expres,0,0,0
2083,2026,19,Nuevo Leon,Libertad personal,Trafico de menores,Trafico de menores,Trafico de menores,0,0,0
2084,2026,19,Nuevo Leon,Libertad personal,Rapto,Rapto,Rapto,1,1,2
2085,2026,19,Nuevo Leon,Libertad personal,Privacion ilegal de la libertad,Privacion ilegal de la libertad,Privacion ilegal de la libertad,3,9,11
2086,2026,19,Nuevo Leon,Libertad personal,Retencion o sustraccion de menores e incapaces,Retencion o sustraccion de menores e incapaces,Retencion o sustraccion de menores e incapaces,71,111,158
2087,2026,19,Nuevo Leon,La libertad y la seguridad sexual,Abuso sexual,Abuso sexual,Abuso sexual,64,127,138
2088,2026,19,Nuevo Leon,La libertad y la seguridad sexual,Otros delitos que atentan contra la libertad y la seguridad sexual,Otros delitos que atentan contra la libertad y la seguridad sexual,Otros delitos que atentan contra la libertad y la seguridad sexual,10,18,26
2089,2026,19,Nuevo Leon,La libertad y la seguridad sexual,Acoso sexual,Acoso sexual,Acoso sexual,25,60,80
2090,2026,19,Nuevo Leon,La libertad y la seguridad sexual,Hostigamiento sexual,Hostigamiento sexual,Hostigamiento sexual,3,4,4
2091,2026,19,Nuevo Leon,La libertad y la seguridad sexual,Incesto,Incesto,Incesto,0,0,0
2092,2026,19,Nuevo Leon,La libertad y la seguridad sexual,Violacion,Violacion simple,Violacion simple,26,58,84
2093,2026,19,Nuevo Leon,La libertad y la seguridad sexual,Violacion,Violacion equiparada,Violacion equiparada,22,38,54
2094,2026,19,Nuevo Leon,La libertad y la seguridad sexual,Violacion a la intimidad sexual,Violacion a la intimidad sexual,Violacion a la intimidad sexual,33,35,60
2095,2026,19,Nuevo Leon,El patrimonio,Otros delitos contra el patrimonio,Otros delitos contra el patrimonio,Otros delitos contra el patrimonio,5,10,10
2096,2026,19,Nuevo Leon,El patrimonio,Robo,Robo a casa habitacion,Con violencia,14,13,21
2097,2026,19,Nuevo Leon,El patrimonio,Robo,Robo a casa habitacion,Sin violencia,129,59,61
2098,2026,19,Nuevo Leon,El patrimonio,Robo,Robo de vehiculo automotor - Coche de 4 ruedas,Con violencia,3,8,7
2099,2026,19,Nuevo Leon,El patrimonio,Robo,Robo de vehiculo automotor - Coche de 4 ruedas,Sin violencia,18,24,35
2100,2026,19,Nuevo Leon,El patrimonio,Robo,Robo de vehiculo automotor - Motocicleta,Con violencia,4,1,1
2101,2026,19,Nuevo Leon,El patrimonio,Robo,Robo de vehiculo automotor - Motocicleta,Sin violencia,22,3,7
2102,2026,19,Nuevo Leon,El patrimonio,Robo,Robo de vehiculo automotor - Embarcaciones,Con violencia,0,0,0
2103,2026,19,Nuevo Leon,El patrimonio,Robo,Robo de vehiculo automotor - Embarcaciones,Sin violencia,0,0,0
2104,2026,19,Nuevo Leon,El patrimonio,Robo,Robo de autopartes,Con violencia,0,0,0
2105,2026,19,Nuevo Leon,El patrimonio,Robo,Robo de autopartes,Sin violencia,9,2,4
2106,2026,19,Nuevo Leon,El patrimonio,Robo,Robo a transportista,Con violencia,1,2,4
2107,2026,19,Nuevo Leon,El patrimonio,Robo,Robo a transportista,Sin violencia,0,2,6
2108,2026,19,Nuevo Leon,El patrimonio,Robo,Robo a transeunte en via publica,Con violencia,96,158,153
2109,2026,19,Nuevo Leon,El patrimonio,Robo,Robo a transeunte en via publica,Sin violencia,19,22,1
2110,2026,19,Nuevo Leon,El patrimonio,Robo,Robo a transeunte en espacio abierto al publico,Con violencia,17,15,29
2111,2026,19,Nuevo Leon,El patrimonio,Robo,Robo a transeunte en espacio abierto al publico,Sin violencia,24,13,5
2112,2026,19,Nuevo Leon,El patrimonio,Robo,Robo en transporte publico individual,Con violencia,9,17,6
2113,2026,19,Nuevo Leon,El patrimonio,Robo,Robo en transporte publico individual,Sin violencia,0,4,1
2114,2026,19,Nuevo Leon,El patrimonio,Robo,Robo en transporte publico colectivo,Con violencia,1,2,2
2115,2026,19,Nuevo Leon,El patrimonio,Robo,Robo en transporte publico colectivo,Sin violencia,9,2,0
2116,2026,19,Nuevo Leon,El patrimonio,Robo,Robo en transporte individual,Con violencia,3,10,5
2117,2026,19,Nuevo Leon,El patrimonio,Robo,Robo en transporte individual,Sin violencia,1,2,0
2118,2026,19,Nuevo Leon,El patrimonio,Robo,Robo a institucion bancaria,Con violencia,0,0,0
2119,2026,19,Nuevo Leon,El patrimonio,Robo,Robo a institucion bancaria,Sin violencia,0,0,0
2120,2026,19,Nuevo Leon,El patrimonio,Robo,Robo a negocio,Con violencia,172,55,35
2121,2026,19,Nuevo Leon,El patrimonio,Robo,Robo a negocio,Sin violencia,105,31,60
2122,2026,19,Nuevo Leon,El patrimonio,Robo,Robo de ganado,Con violencia,0,0,0
2123,2026,19,Nuevo Leon,El patrimonio,Robo,Robo de ganado,Sin violencia,5,5,5
2124,2026,19,Nuevo Leon,El patrimonio,Robo,Robo de maquinaria - Herramienta industrial o agricola,Con violencia,0,0,0
2125,2026,19,Nuevo Leon,El patrimonio,Robo,Robo de maquinaria - Herramienta industrial o agricola,Sin violencia,0,0,0
2126,2026,19,Nuevo Leon,El patrimonio,Robo,Robo de maquinaria - Tractores y/o montacargas,Con violencia,0,0,0
2127,2026,19,Nuevo Leon,El patrimonio,Robo,Robo de maquinaria - Tractores y/o montacargas,Sin violencia,0,2,1
2128,2026,19,Nuevo Leon,El patrimonio,Robo,"Robo de maquinaria - Cables, tubos y otros objetos destinados a servicios publicos",Con violencia,1,0,0
2129,2026,19,Nuevo Leon,El patrimonio,Robo,"Robo de maquinaria - Cables, tubos y otros objetos destinados a servicios publicos",Sin violencia,4,0,4
2130,2026,19,Nuevo Leon,El patrimonio,Robo,Otros robos,Con violencia,14,13,16
2131,2026,19,Nuevo Leon,El patrimonio,Robo,Otros robos,Sin violencia,415,151,151
2132,2026,19,Nuevo Leon,El patrimonio,Fraude,Fraude,Fraude,307,131,340
2133,2026,19,Nuevo Leon,El patrimonio,Abuso de confianza,Abuso de confianza,Abuso de confianza,46,17,53
2134,2026,19,Nuevo Leon,El patrimonio,Extorsion,Extorsion presencial,Extorsion presencial,0,0,0
2135,2026,19,Nuevo Leon,El patrimonio,Extorsion,Tentativa de extorsion presencial,Tentativa de extorsion presencial,0,0,0
2136,2026,19,Nuevo Leon,El patrimonio,Extorsion,Extorsion por otros medios,Extorsion por otros medios,16,70,106
2137,2026,19,Nuevo Leon,El patrimonio,Extorsion,Tentativa de extorsion por otros medios,Tentativa de extorsion por otros medios,0,0,0
2138,2026,19,Nuevo Leon,El patrimonio,Dano a la propiedad,Dano a la propiedad,Dano a la propiedad,348,102,244
2139,2026,19,Nuevo Leon,El patrimonio,Despojo,Despojo,Despojo,58,46,90
2140,2026,19,Nuevo Leon,La familia,Otros delitos contra la familia,Otros delitos contra la familia,Otros delitos contra la familia,260,367,724
2141,2026,19,Nuevo Leon,La familia,Violencia familiar,Violencia familiar,Violencia familiar,645,1173,1751
2142,2026,19,Nuevo Leon,La familia,Violencia de genero en todas sus modalidades distinta a la violencia familiar,Violencia de genero en todas sus modalidades distinta a la violencia familiar,Violencia de genero en todas sus modalidades distinta a la violencia familiar,0,0,0
2143,2026,19,Nuevo Leon,La familia,Incumplimiento de obligaciones de asistencia familiar,Incumplimiento de obligaciones de asistencia familiar,Incumplimiento de obligaciones de asistencia familiar,22,80,68
2144,2026,19,Nuevo Leon,La sociedad,Corrupcion de menores,Corrupcion de menores,Corrupcion de menores,3,18,14
2145,2026,19,Nuevo Leon,La sociedad,Otros delitos contra la sociedad,Otros delitos contra la sociedad,Otros delitos contra la sociedad,0,0,0
2146,2026,19,Nuevo Leon,La sociedad,Trata de personas,Trata de personas con fines de explotacion sexual,Trata de personas con fines de explotacion sexual,0,0,0
2147,2026,19,Nuevo Leon,La sociedad,Trata de personas,Trata de personas con fines de trabajo o servicios forzados,Trata de personas con fines de trabajo o servicios forzados,0,0,0
2148,2026,19,Nuevo Leon,La sociedad,Trata de personas,Trata de personas con fines de trafico de organos,Trata de personas con fines de trafico de organos,0,0,0
2149,2026,19,Nuevo Leon,La sociedad,Trata de personas,Trata de personas con otros fines,Trata de personas con otros fines,1,1,1
2150,2026,19,Nuevo Leon,La sociedad,Pornografia infantil,Pornografia infantil,Pornografia infantil,2,8,12
2151,2026,19,Nuevo Leon,La sociedad,Discriminacion,Discriminacion,Discriminacion,0,3,8
2152,2026,19,Nuevo Leon,Otros bienes juridicos afectados (del fuero comun),Narcomenudeo,Narcomenudeo posesion simple,Narcomenudeo posesion simple,479,798,748
2153,2026,19,Nuevo Leon,Otros bienes juridicos afectados (del fuero comun),Otros delitos del Fuero Comun,Otros delitos del Fuero Comun,Otros delitos del Fuero Comun,305,291,392
2154,2026,19,Nuevo Leon,Otros bienes juridicos afectados (del fuero comun),Narcomenudeo,Narcomenudeo con fines de venta,Narcomenudeo con fines de venta,19,54,47
2155,2026,19,Nuevo Leon,Otros bienes juridicos afectados (del fuero comun),Amenazas,Amenazas,Amenazas,308,113,297
2156,2026,19,Nuevo Leon,Otros bienes juridicos afectados (del fuero comun),Allanamiento de morada,Allanamiento de morada,Allanamiento de morada,26,26,16
2157,2026,19,Nuevo Leon,Otros bienes juridicos afectados (del fuero comun),Evasion de presos,Evasion de presos,Evasion de presos,1,0,0
2158,2026,19,Nuevo Leon,Otros bienes juridicos afectados (del fuero comun),Falsedad,Falsedad,Falsedad,2,13,23
2159,2026,19,Nuevo Leon,Otros bienes juridicos afectados (del fuero comun),Falsificacion,Falsificacion,Falsificacion,31,50,62
2160,2026,19,Nuevo Leon,Otros bienes juridicos afectados (del fuero comun),Contra el medio ambiente,Contra el medio ambiente,Contra el medio ambiente,27,43,59
2161,2026,19,Nuevo Leon,Otros bienes juridicos afectados (del fuero comun),Delitos cometidos por servidores publicos,Delitos cometidos por servidores publicos,Delitos cometidos por servidores publicos,96,134,142
2162,2026,19,Nuevo Leon,Otros bienes juridicos afectados (del fuero comun),Electorales,Electorales,Electorales,0,0,2
2163,2026,19,Nuevo Leon,Otros bienes juridicos afectados (del fuero comun),Delitos contra la administracion de justicia,Delitos contra la administracion de justicia,Delitos contra la administracion de justicia,3,4,6
2164,2026,19,Nuevo Leon,Otros bienes juridicos afectados (del fuero comun),Suplantacion y usurpacion de identidad,Suplantacion y usurpacion de identidad,Suplantacion y usurpacion de identidad,92,21,44
2165,2026,19,Nuevo Leon,Otros bienes juridicos afectados (del fuero comun),Tortura,Tortura,Tortura,3,4,3
2166,2026,20,Oaxaca,La vida y la Integridad corporal,Homicidio,Homicidio doloso,Con arma blanca,3,4,10
2167,2026,20,Oaxaca,La vida y la Integridad corporal,Homicidio,Homicidio doloso,Con arma de fuego,55,51,68
2168,2026,20,Oaxaca,La vida y la Integridad corporal,Homicidio,Homicidio doloso,Con otro elemento,2,7,4
2169,2026,20,Oaxaca,La vida y la Integridad corporal,Homicidio,Homicidio doloso,No especificado,0,0,0
2170,2026,20,Oaxaca,La vida y la Integridad corporal,Homicidio,Tentativa de homicidio doloso,Tentativa de homicidio doloso,0,0,4
2171,2026,20,Oaxaca,La vida y la Integridad corporal,Homicidio,Homicidio culposo,Con arma blanca,0,0,0
2172,2026,20,Oaxaca,La vida y la Integridad corporal,Homicidio,Homicidio culposo,Con arma de fuego,0,1,1
2173,2026,20,Oaxaca,La vida y la Integridad corporal,Homicidio,Homicidio culposo,Con otro elemento,19,0,3
2174,2026,20,Oaxaca,La vida y la Integridad corporal,Homicidio,Homicidio culposo,En accidente de transito,0,8,17
2175,2026,20,Oaxaca,La vida y la Integridad corporal,Homicidio,Homicidio culposo,No especificado,0,0,0
2176,2026,20,Oaxaca,La vida y la Integridad corporal,Otros delitos que atentan contra la vida y la integridad corporal,Otros delitos que atentan contra la vida y la integridad corporal,Otros delitos que atentan contra la vida y la integridad corporal,12,8,0
2177,2026,20,Oaxaca,La vida y la Integridad corporal,Lesiones,Lesiones dolosas,Con arma blanca,34,19,30
2178,2026,20,Oaxaca,La vida y la Integridad corporal,Lesiones,Lesiones dolosas,Con arma de fuego,12,8,14
2179,2026,20,Oaxaca,La vida y la Integridad corporal,Lesiones,Lesiones dolosas,Con otro elemento,180,162,173
2180,2026,20,Oaxaca,La vida y la Integridad corporal,Lesiones,Lesiones dolosas,No especificado,0,0,0
2181,2026,20,Oaxaca,La vida y la Integridad corporal,Lesiones,Lesiones culposas,Con arma blanca,0,0,0
2182,2026,20,Oaxaca,La vida y la Integridad corporal,Lesiones,Lesiones culposas,Con arma de fuego,0,0,1
2183,2026,20,Oaxaca,La vida y la Integridad corporal,Lesiones,Lesiones culposas,Con otro elemento,69,10,6
2184,2026,20,Oaxaca,La vida y la Integridad corporal,Lesiones,Lesiones culposas,En accidente de transito,0,64,78
2185,2026,20,Oaxaca,La vida y la Integridad corporal,Lesiones,Lesiones culposas,No especificado,0,0,0
2186,2026,20,Oaxaca,La vida y la Integridad corporal,Feminicidio,Feminicidio,Con arma blanca,1,1,0
2187,2026,20,Oaxaca,La vida y la Integridad corporal,Feminicidio,Feminicidio,Con arma de fuego,0,0,0
2188,2026,20,Oaxaca,La vida y la Integridad corporal,Feminicidio,Feminicidio,Con otro elemento,0,0,2
2189,2026,20,Oaxaca,La vida y la Integridad corporal,Feminicidio,Feminicidio,No especificado,0,0,0
2190,2026,20,Oaxaca,La vida y la Integridad corporal,Feminicidio,Tentativa de feminicidio,Tentativa de feminicidio,0,0,1
2191,2026,20,Oaxaca,La vida y la Integridad corporal,Aborto,Aborto,Aborto,0,0,0
2192,2026,20,Oaxaca,Libertad personal,Otros delitos que atentan contra la libertad personal,Otros delitos que atentan contra la libertad personal,Otros delitos que atentan contra la libertad personal,27,25,43
2193,2026,20,Oaxaca,Libertad personal,Secuestro,Secuestro extorsivo,Secuestro extorsivo,3,0,1
2194,2026,20,Oaxaca,Libertad personal,Secuestro,Secuestro con calidad de rehen,Secuestro con calidad de rehen,0,0,0
2195,2026,20,Oaxaca,Libertad personal,Secuestro,Secuestro para causar dano,Secuestro para causar dano,0,1,0
2196,2026,20,Oaxaca,Libertad personal,Secuestro,Secuestro expres,Secuestro expres,0,1,0
2197,2026,20,Oaxaca,Libertad personal,Trafico de menores,Trafico de menores,Trafico de menores,0,0,0
2198,2026,20,Oaxaca,Libertad personal,Rapto,Rapto,Rapto,0,0,0
2199,2026,20,Oaxaca,Libertad personal,Privacion ilegal de la libertad,Privacion ilegal de la libertad,Privacion ilegal de la libertad,12,18,12
2200,2026,20,Oaxaca,Libertad personal,Retencion o sustraccion de menores e incapaces,Retencion o sustraccion de menores e incapaces,Retencion o sustraccion de menores e incapaces,9,0,8
2201,2026,20,Oaxaca,La libertad y la seguridad sexual,Abuso sexual,Abuso sexual,Abuso sexual,44,44,48
2202,2026,20,Oaxaca,La libertad y la seguridad sexual,Otros delitos que atentan contra la libertad y la seguridad sexual,Otros delitos que atentan contra la libertad y la seguridad sexual,Otros delitos que atentan contra la libertad y la seguridad sexual,11,12,15
2203,2026,20,Oaxaca,La libertad y la seguridad sexual,Acoso sexual,Acoso sexual,Acoso sexual,16,13,14
2204,2026,20,Oaxaca,La libertad y la seguridad sexual,Hostigamiento sexual,Hostigamiento sexual,Hostigamiento sexual,6,3,4
2205,2026,20,Oaxaca,La libertad y la seguridad sexual,Incesto,Incesto,Incesto,0,0,0
2206,2026,20,Oaxaca,La libertad y la seguridad sexual,Violacion,Violacion simple,Violacion simple,21,22,31
2207,2026,20,Oaxaca,La libertad y la seguridad sexual,Violacion,Violacion equiparada,Violacion equiparada,25,23,36
2208,2026,20,Oaxaca,La libertad y la seguridad sexual,Violacion a la intimidad sexual,Violacion a la intimidad sexual,Violacion a la intimidad sexual,25,27,33
2209,2026,20,Oaxaca,El patrimonio,Otros delitos contra el patrimonio,Otros delitos contra el patrimonio,Otros delitos contra el patrimonio,16,12,10
2210,2026,20,Oaxaca,El patrimonio,Robo,Robo a casa habitacion,Con violencia,5,3,12
2211,2026,20,Oaxaca,El patrimonio,Robo,Robo a casa habitacion,Sin violencia,32,21,34
2212,2026,20,Oaxaca,El patrimonio,Robo,Robo de vehiculo automotor - Coche de 4 ruedas,Con violencia,14,14,19
2213,2026,20,Oaxaca,El patrimonio,Robo,Robo de vehiculo automotor - Coche de 4 ruedas,Sin violencia,57,57,55
2214,2026,20,Oaxaca,El patrimonio,Robo,Robo de vehiculo automotor - Motocicleta,Con violencia,8,14,17
2215,2026,20,Oaxaca,El patrimonio,Robo,Robo de vehiculo automotor - Motocicleta,Sin violencia,94,95,71
2216,2026,20,Oaxaca,El patrimonio,Robo,Robo de vehiculo automotor - Embarcaciones,Con violencia,0,0,0
2217,2026,20,Oaxaca,El patrimonio,Robo,Robo de vehiculo automotor - Embarcaciones,Sin violencia,0,0,0
2218,2026,20,Oaxaca,El patrimonio,Robo,Robo de autopartes,Con violencia,0,0,0
2219,2026,20,Oaxaca,El patrimonio,Robo,Robo de autopartes,Sin violencia,2,3,0
2220,2026,20,Oaxaca,El patrimonio,Robo,Robo a transportista,Con violencia,5,8,1
2221,2026,20,Oaxaca,El patrimonio,Robo,Robo a transportista,Sin violencia,3,1,1
2222,2026,20,Oaxaca,El patrimonio,Robo,Robo a transeunte en via publica,Con violencia,16,13,16
2223,2026,20,Oaxaca,El patrimonio,Robo,Robo a transeunte en via publica,Sin violencia,4,5,5
2224,2026,20,Oaxaca,El patrimonio,Robo,Robo a transeunte en espacio abierto al publico,Con violencia,0,2,1
2225,2026,20,Oaxaca,El patrimonio,Robo,Robo a transeunte en espacio abierto al publico,Sin violencia,0,1,1
2226,2026,20,Oaxaca,El patrimonio,Robo,Robo en transporte publico individual,Con violencia,0,0,0
2227,2026,20,Oaxaca,El patrimonio,Robo,Robo en transporte publico individual,Sin violencia,0,0,0
2228,2026,20,Oaxaca,El patrimonio,Robo,Robo en transporte publico colectivo,Con violencia,0,0,0
2229,2026,20,Oaxaca,El patrimonio,Robo,Robo en transporte publico colectivo,Sin violencia,0,0,0
2230,2026,20,Oaxaca,El patrimonio,Robo,Robo en transporte individual,Con violencia,0,0,0
2231,2026,20,Oaxaca,El patrimonio,Robo,Robo en transporte individual,Sin violencia,0,0,0
2232,2026,20,Oaxaca,El patrimonio,Robo,Robo a institucion bancaria,Con violencia,1,0,1
2233,2026,20,Oaxaca,El patrimonio,Robo,Robo a institucion bancaria,Sin violencia,0,0,0
2234,2026,20,Oaxaca,El patrimonio,Robo,Robo a negocio,Con violencia,14,20,19
2235,2026,20,Oaxaca,El patrimonio,Robo,Robo a negocio,Sin violencia,32,37,46
2236,2026,20,Oaxaca,El patrimonio,Robo,Robo de ganado,Con violencia,0,0,0
2237,2026,20,Oaxaca,El patrimonio,Robo,Robo de ganado,Sin violencia,5,6,2
2238,2026,20,Oaxaca,El patrimonio,Robo,Robo de maquinaria - Herramienta industrial o agricola,Con violencia,1,0,0
2239,2026,20,Oaxaca,El patrimonio,Robo,Robo de maquinaria - Herramienta industrial o agricola,Sin violencia,0,0,0
2240,2026,20,Oaxaca,El patrimonio,Robo,Robo de maquinaria - Tractores y/o montacargas,Con violencia,0,0,0
2241,2026,20,Oaxaca,El patrimonio,Robo,Robo de maquinaria - Tractores y/o montacargas,Sin violencia,0,0,0
2242,2026,20,Oaxaca,El patrimonio,Robo,"Robo de maquinaria - Cables, tubos y otros objetos destinados a servicios publicos",Con violencia,0,0,0
2243,2026,20,Oaxaca,El patrimonio,Robo,"Robo de maquinaria - Cables, tubos y otros objetos destinados a servicios publicos",Sin violencia,0,0,0
2244,2026,20,Oaxaca,El patrimonio,Robo,Otros robos,Con violencia,23,21,28
2245,2026,20,Oaxaca,El patrimonio,Robo,Otros robos,Sin violencia,70,62,37
2246,2026,20,Oaxaca,El patrimonio,Fraude,Fraude,Fraude,103,103,103
2247,2026,20,Oaxaca,El patrimonio,Abuso de confianza,Abuso de confianza,Abuso de confianza,27,21,21
2248,2026,20,Oaxaca,El patrimonio,Extorsion,Extorsion presencial,Extorsion presencial,0,0,0
2249,2026,20,Oaxaca,El patrimonio,Extorsion,Tentativa de extorsion presencial,Tentativa de extorsion presencial,0,0,0
2250,2026,20,Oaxaca,El patrimonio,Extorsion,Extorsion por otros medios,Extorsion por otros medios,5,4,6
2251,2026,20,Oaxaca,El patrimonio,Extorsion,Tentativa de extorsion por otros medios,Tentativa de extorsion por otros medios,0,0,0
2252,2026,20,Oaxaca,El patrimonio,Dano a la propiedad,Dano a la propiedad,Dano a la propiedad,103,128,136
2253,2026,20,Oaxaca,El patrimonio,Despojo,Despojo,Despojo,50,66,62
2254,2026,20,Oaxaca,La familia,Otros delitos contra la familia,Otros delitos contra la familia,Otros delitos contra la familia,7,18,7
2255,2026,20,Oaxaca,La familia,Violencia familiar,Violencia familiar,Violencia familiar,259,238,302
2256,2026,20,Oaxaca,La familia,Violencia de genero en todas sus modalidades distinta a la violencia familiar,Violencia de genero en todas sus modalidades distinta a la violencia familiar,Violencia de genero en todas sus modalidades distinta a la violencia familiar,0,0,0
2257,2026,20,Oaxaca,La familia,Incumplimiento de obligaciones de asistencia familiar,Incumplimiento de obligaciones de asistencia familiar,Incumplimiento de obligaciones de asistencia familiar,14,29,22
2258,2026,20,Oaxaca,La sociedad,Corrupcion de menores,Corrupcion de menores,Corrupcion de menores,3,3,2
2259,2026,20,Oaxaca,La sociedad,Otros delitos contra la sociedad,Otros delitos contra la sociedad,Otros delitos contra la sociedad,83,126,43
2260,2026,20,Oaxaca,La sociedad,Trata de personas,Trata de personas con fines de explotacion sexual,Trata de personas con fines de explotacion sexual,0,2,0
2261,2026,20,Oaxaca,La sociedad,Trata de personas,Trata de personas con fines de trabajo o servicios forzados,Trata de personas con fines de trabajo o servicios forzados,0,0,0
2262,2026,20,Oaxaca,La sociedad,Trata de personas,Trata de personas con fines de trafico de organos,Trata de personas con fines de trafico de organos,0,0,0
2263,2026,20,Oaxaca,La sociedad,Trata de personas,Trata de personas con otros fines,Trata de personas con otros fines,0,0,1
2264,2026,20,Oaxaca,La sociedad,Pornografia infantil,Pornografia infantil,Pornografia infantil,2,2,0
2265,2026,20,Oaxaca,La sociedad,Discriminacion,Discriminacion,Discriminacion,7,0,0
2266,2026,20,Oaxaca,Otros bienes juridicos afectados (del fuero comun),Narcomenudeo,Narcomenudeo posesion simple,Narcomenudeo posesion simple,55,21,22
2267,2026,20,Oaxaca,Otros bienes juridicos afectados (del fuero comun),Otros delitos del Fuero Comun,Otros delitos del Fuero Comun,Otros delitos del Fuero Comun,67,51,15
2268,2026,20,Oaxaca,Otros bienes juridicos afectados (del fuero comun),Narcomenudeo,Narcomenudeo con fines de venta,Narcomenudeo con fines de venta,20,48,49
2269,2026,20,Oaxaca,Otros bienes juridicos afectados (del fuero comun),Amenazas,Amenazas,Amenazas,280,307,311
2270,2026,20,Oaxaca,Otros bienes juridicos afectados (del fuero comun),Allanamiento de morada,Allanamiento de morada,Allanamiento de morada,23,15,21
2271,2026,20,Oaxaca,Otros bienes juridicos afectados (del fuero comun),Evasion de presos,Evasion de presos,Evasion de presos,1,0,0
2272,2026,20,Oaxaca,Otros bienes juridicos afectados (del fuero comun),Falsedad,Falsedad,Falsedad,10,27,27
2273,2026,20,Oaxaca,Otros bienes juridicos afectados (del fuero comun),Falsificacion,Falsificacion,Falsificacion,26,26,35
2274,2026,20,Oaxaca,Otros bienes juridicos afectados (del fuero comun),Contra el medio ambiente,Contra el medio ambiente,Contra el medio ambiente,2,0,0
2275,2026,20,Oaxaca,Otros bienes juridicos afectados (del fuero comun),Delitos cometidos por servidores publicos,Delitos cometidos por servidores publicos,Delitos cometidos por servidores publicos,13,24,24
2276,2026,20,Oaxaca,Otros bienes juridicos afectados (del fuero comun),Electorales,Electorales,Electorales,16,13,6
2277,2026,20,Oaxaca,Otros bienes juridicos afectados (del fuero comun),Delitos contra la administracion de justicia,Delitos contra la administracion de justicia,Delitos contra la administracion de justicia,0,0,0
2278,2026,20,Oaxaca,Otros bienes juridicos afectados (del fuero comun),Suplantacion y usurpacion de identidad,Suplantacion y usurpacion de identidad,Suplantacion y usurpacion de identidad,19,0,0
2279,2026,20,Oaxaca,Otros bienes juridicos afectados (del fuero comun),Tortura,Tortura,Tortura,5,5,13
2280,2026,21,Puebla,La vida y la Integridad corporal,Homicidio,Homicidio doloso,Con arma blanca,7,4,5
2281,2026,21,Puebla,La vida y la Integridad corporal,Homicidio,Homicidio doloso,Con arma de fuego,40,32,34
2282,2026,21,Puebla,La vida y la Integridad corporal,Homicidio,Homicidio doloso,Con otro elemento,13,4,10
2283,2026,21,Puebla,La vida y la Integridad corporal,Homicidio,Homicidio doloso,No especificado,0,0,0
2284,2026,21,Puebla,La vida y la Integridad corporal,Homicidio,Tentativa de homicidio doloso,Tentativa de homicidio doloso,2,5,6
2285,2026,21,Puebla,La vida y la Integridad corporal,Homicidio,Homicidio culposo,Con arma blanca,0,0,0
2286,2026,21,Puebla,La vida y la Integridad corporal,Homicidio,Homicidio culposo,Con arma de fuego,0,0,0
2287,2026,21,Puebla,La vida y la Integridad corporal,Homicidio,Homicidio culposo,Con otro elemento,1,1,2
2288,2026,21,Puebla,La vida y la Integridad corporal,Homicidio,Homicidio culposo,En accidente de transito,58,56,59
2289,2026,21,Puebla,La vida y la Integridad corporal,Homicidio,Homicidio culposo,No especificado,0,0,0
2290,2026,21,Puebla,La vida y la Integridad corporal,Otros delitos que atentan contra la vida y la integridad corporal,Otros delitos que atentan contra la vida y la integridad corporal,Otros delitos que atentan contra la vida y la integridad corporal,16,16,21
2291,2026,21,Puebla,La vida y la Integridad corporal,Lesiones,Lesiones dolosas,Con arma blanca,26,15,18
2292,2026,21,Puebla,La vida y la Integridad corporal,Lesiones,Lesiones dolosas,Con arma de fuego,21,17,18
2293,2026,21,Puebla,La vida y la Integridad corporal,Lesiones,Lesiones dolosas,Con otro elemento,302,306,379
2294,2026,21,Puebla,La vida y la Integridad corporal,Lesiones,Lesiones dolosas,No especificado,0,0,0
2295,2026,21,Puebla,La vida y la Integridad corporal,Lesiones,Lesiones culposas,Con arma blanca,0,0,0
2296,2026,21,Puebla,La vida y la Integridad corporal,Lesiones,Lesiones culposas,Con arma de fuego,0,0,0
2297,2026,21,Puebla,La vida y la Integridad corporal,Lesiones,Lesiones culposas,Con otro elemento,27,11,10
2298,2026,21,Puebla,La vida y la Integridad corporal,Lesiones,Lesiones culposas,En accidente de transito,75,65,0
2299,2026,21,Puebla,La vida y la Integridad corporal,Lesiones,Lesiones culposas,No especificado,0,3,76
2300,2026,21,Puebla,La vida y la Integridad corporal,Feminicidio,Feminicidio,Con arma blanca,1,0,1
2301,2026,21,Puebla,La vida y la Integridad corporal,Feminicidio,Feminicidio,Con arma de fuego,0,0,0
2302,2026,21,Puebla,La vida y la Integridad corporal,Feminicidio,Feminicidio,Con otro elemento,1,0,0
2303,2026,21,Puebla,La vida y la Integridad corporal,Feminicidio,Feminicidio,No especificado,0,0,0
2304,2026,21,Puebla,La vida y la Integridad corporal,Feminicidio,Tentativa de feminicidio,Tentativa de feminicidio,1,0,3
2305,2026,21,Puebla,La vida y la Integridad corporal,Aborto,Aborto,Aborto,0,1,1
2306,2026,21,Puebla,Libertad personal,Otros delitos que atentan contra la libertad personal,Otros delitos que atentan contra la libertad personal,Otros delitos que atentan contra la libertad personal,1,0,1
2307,2026,21,Puebla,Libertad personal,Secuestro,Secuestro extorsivo,Secuestro extorsivo,1,2,1
2308,2026,21,Puebla,Libertad personal,Secuestro,Secuestro con calidad de rehen,Secuestro con calidad de rehen,0,0,0
2309,2026,21,Puebla,Libertad personal,Secuestro,Secuestro para causar dano,Secuestro para causar dano,0,0,0
2310,2026,21,Puebla,Libertad personal,Secuestro,Secuestro expres,Secuestro expres,1,0,0
2311,2026,21,Puebla,Libertad personal,Trafico de menores,Trafico de menores,Trafico de menores,0,0,0
2312,2026,21,Puebla,Libertad personal,Rapto,Rapto,Rapto,0,0,0
2313,2026,21,Puebla,Libertad personal,Privacion ilegal de la libertad,Privacion ilegal de la libertad,Privacion ilegal de la libertad,9,6,15
2314,2026,21,Puebla,Libertad personal,Retencion o sustraccion de menores e incapaces,Retencion o sustraccion de menores e incapaces,Retencion o sustraccion de menores e incapaces,56,56,54
2315,2026,21,Puebla,La libertad y la seguridad sexual,Abuso sexual,Abuso sexual,Abuso sexual,61,83,91
2316,2026,21,Puebla,La libertad y la seguridad sexual,Otros delitos que atentan contra la libertad y la seguridad sexual,Otros delitos que atentan contra la libertad y la seguridad sexual,Otros delitos que atentan contra la libertad y la seguridad sexual,108,106,133
2317,2026,21,Puebla,La libertad y la seguridad sexual,Acoso sexual,Acoso sexual,Acoso sexual,28,41,50
2318,2026,21,Puebla,La libertad y la seguridad sexual,Hostigamiento sexual,Hostigamiento sexual,Hostigamiento sexual,7,12,5
2319,2026,21,Puebla,La libertad y la seguridad sexual,Incesto,Incesto,Incesto,0,0,0
2320,2026,21,Puebla,La libertad y la seguridad sexual,Violacion,Violacion simple,Violacion simple,37,26,50
2321,2026,21,Puebla,La libertad y la seguridad sexual,Violacion,Violacion equiparada,Violacion equiparada,25,22,36
2322,2026,21,Puebla,La libertad y la seguridad sexual,Violacion a la intimidad sexual,Violacion a la intimidad sexual,Violacion a la intimidad sexual,36,41,47
2323,2026,21,Puebla,El patrimonio,Otros delitos contra el patrimonio,Otros delitos contra el patrimonio,Otros delitos contra el patrimonio,18,19,25
2324,2026,21,Puebla,El patrimonio,Robo,Robo a casa habitacion,Con violencia,22,21,25
2325,2026,21,Puebla,El patrimonio,Robo,Robo a casa habitacion,Sin violencia,124,112,149
2326,2026,21,Puebla,El patrimonio,Robo,Robo de vehiculo automotor - Coche de 4 ruedas,Con violencia,208,160,181
2327,2026,21,Puebla,El patrimonio,Robo,Robo de vehiculo automotor - Coche de 4 ruedas,Sin violencia,275,271,339
2328,2026,21,Puebla,El patrimonio,Robo,Robo de vehiculo automotor - Motocicleta,Con violencia,51,53,58
2329,2026,21,Puebla,El patrimonio,Robo,Robo de vehiculo automotor - Motocicleta,Sin violencia,245,203,250
2330,2026,21,Puebla,El patrimonio,Robo,Robo de vehiculo automotor - Embarcaciones,Con violencia,0,0,0
2331,2026,21,Puebla,El patrimonio,Robo,Robo de vehiculo automotor - Embarcaciones,Sin violencia,0,0,0
2332,2026,21,Puebla,El patrimonio,Robo,Robo de autopartes,Con violencia,1,0,0
2333,2026,21,Puebla,El patrimonio,Robo,Robo de autopartes,Sin violencia,205,133,182
2334,2026,21,Puebla,El patrimonio,Robo,Robo a transportista,Con violencia,110,86,101
2335,2026,21,Puebla,El patrimonio,Robo,Robo a transportista,Sin violencia,6,4,4
2336,2026,21,Puebla,El patrimonio,Robo,Robo a transeunte en via publica,Con violencia,239,203,262
2337,2026,21,Puebla,El patrimonio,Robo,Robo a transeunte en via publica,Sin violencia,80,73,83
2338,2026,21,Puebla,El patrimonio,Robo,Robo a transeunte en espacio abierto al publico,Con violencia,0,0,0
2339,2026,21,Puebla,El patrimonio,Robo,Robo a transeunte en espacio abierto al publico,Sin violencia,0,0,0
2340,2026,21,Puebla,El patrimonio,Robo,Robo en transporte publico individual,Con violencia,3,8,14
2341,2026,21,Puebla,El patrimonio,Robo,Robo en transporte publico individual,Sin violencia,4,3,2
2342,2026,21,Puebla,El patrimonio,Robo,Robo en transporte publico colectivo,Con violencia,43,24,44
2343,2026,21,Puebla,El patrimonio,Robo,Robo en transporte publico colectivo,Sin violencia,110,96,115
2344,2026,21,Puebla,El patrimonio,Robo,Robo en transporte individual,Con violencia,41,41,55
2345,2026,21,Puebla,El patrimonio,Robo,Robo en transporte individual,Sin violencia,80,85,73
2346,2026,21,Puebla,El patrimonio,Robo,Robo a institucion bancaria,Con violencia,0,1,0
2347,2026,21,Puebla,El patrimonio,Robo,Robo a institucion bancaria,Sin violencia,0,0,0
2348,2026,21,Puebla,El patrimonio,Robo,Robo a negocio,Con violencia,140,128,138
2349,2026,21,Puebla,El patrimonio,Robo,Robo a negocio,Sin violencia,130,124,135
2350,2026,21,Puebla,El patrimonio,Robo,Robo de ganado,Con violencia,0,1,2
2351,2026,21,Puebla,El patrimonio,Robo,Robo de ganado,Sin violencia,6,4,3
2352,2026,21,Puebla,El patrimonio,Robo,Robo de maquinaria - Herramienta industrial o agricola,Con violencia,0,0,0
2353,2026,21,Puebla,El patrimonio,Robo,Robo de maquinaria - Herramienta industrial o agricola,Sin violencia,2,0,1
2354,2026,21,Puebla,El patrimonio,Robo,Robo de maquinaria - Tractores y/o montacargas,Con violencia,0,0,0
2355,2026,21,Puebla,El patrimonio,Robo,Robo de maquinaria - Tractores y/o montacargas,Sin violencia,0,0,0
2356,2026,21,Puebla,El patrimonio,Robo,"Robo de maquinaria - Cables, tubos y otros objetos destinados a servicios publicos",Con violencia,1,1,2
2357,2026,21,Puebla,El patrimonio,Robo,"Robo de maquinaria - Cables, tubos y otros objetos destinados a servicios publicos",Sin violencia,34,27,49
2358,2026,21,Puebla,El patrimonio,Robo,Otros robos,Con violencia,73,64,96
2359,2026,21,Puebla,El patrimonio,Robo,Otros robos,Sin violencia,339,330,377
2360,2026,21,Puebla,El patrimonio,Fraude,Fraude,Fraude,447,449,631
2361,2026,21,Puebla,El patrimonio,Abuso de confianza,Abuso de confianza,Abuso de confianza,135,122,145
2362,2026,21,Puebla,El patrimonio,Extorsion,Extorsion presencial,Extorsion presencial,3,9,3
2363,2026,21,Puebla,El patrimonio,Extorsion,Tentativa de extorsion presencial,Tentativa de extorsion presencial,0,0,0
2364,2026,21,Puebla,El patrimonio,Extorsion,Extorsion por otros medios,Extorsion por otros medios,5,14,15
2365,2026,21,Puebla,El patrimonio,Extorsion,Tentativa de extorsion por otros medios,Tentativa de extorsion por otros medios,0,0,0
2366,2026,21,Puebla,El patrimonio,Dano a la propiedad,Dano a la propiedad,Dano a la propiedad,387,310,393
2367,2026,21,Puebla,El patrimonio,Despojo,Despojo,Despojo,117,128,131
2368,2026,21,Puebla,La familia,Otros delitos contra la familia,Otros delitos contra la familia,Otros delitos contra la familia,0,2,0
2369,2026,21,Puebla,La familia,Violencia familiar,Violencia familiar,Violencia familiar,848,848,1005
2370,2026,21,Puebla,La familia,Violencia de genero en todas sus modalidades distinta a la violencia familiar,Violencia de genero en todas sus modalidades distinta a la violencia familiar,Violencia de genero en todas sus modalidades distinta a la violencia familiar,0,0,0
2371,2026,21,Puebla,La familia,Incumplimiento de obligaciones de asistencia familiar,Incumplimiento de obligaciones de asistencia familiar,Incumplimiento de obligaciones de asistencia familiar,28,36,44
2372,2026,21,Puebla,La sociedad,Corrupcion de menores,Corrupcion de menores,Corrupcion de menores,7,3,5
2373,2026,21,Puebla,La sociedad,Otros delitos contra la sociedad,Otros delitos contra la sociedad,Otros delitos contra la sociedad,8,6,57
2374,2026,21,Puebla,La sociedad,Trata de personas,Trata de personas con fines de explotacion sexual,Trata de personas con fines de explotacion sexual,0,0,0
2375,2026,21,Puebla,La sociedad,Trata de personas,Trata de personas con fines de trabajo o servicios forzados,Trata de personas con fines de trabajo o servicios forzados,0,0,0
2376,2026,21,Puebla,La sociedad,Trata de personas,Trata de personas con fines de trafico de organos,Trata de personas con fines de trafico de organos,0,0,0
2377,2026,21,Puebla,La sociedad,Trata de personas,Trata de personas con otros fines,Trata de personas con otros fines,1,1,1
2378,2026,21,Puebla,La sociedad,Pornografia infantil,Pornografia infantil,Pornografia infantil,0,2,1
2379,2026,21,Puebla,La sociedad,Discriminacion,Discriminacion,Discriminacion,5,1,7
2380,2026,21,Puebla,Otros bienes juridicos afectados (del fuero comun),Narcomenudeo,Narcomenudeo posesion simple,Narcomenudeo posesion simple,126,106,143
2381,2026,21,Puebla,Otros bienes juridicos afectados (del fuero comun),Otros delitos del Fuero Comun,Otros delitos del Fuero Comun,Otros delitos del Fuero Comun,192,194,255
2382,2026,21,Puebla,Otros bienes juridicos afectados (del fuero comun),Narcomenudeo,Narcomenudeo con fines de venta,Narcomenudeo con fines de venta,34,22,39
2383,2026,21,Puebla,Otros bienes juridicos afectados (del fuero comun),Amenazas,Amenazas,Amenazas,369,419,444
2384,2026,21,Puebla,Otros bienes juridicos afectados (del fuero comun),Allanamiento de morada,Allanamiento de morada,Allanamiento de morada,17,26,20
2385,2026,21,Puebla,Otros bienes juridicos afectados (del fuero comun),Evasion de presos,Evasion de presos,Evasion de presos,0,2,0
2386,2026,21,Puebla,Otros bienes juridicos afectados (del fuero comun),Falsedad,Falsedad,Falsedad,30,29,50
2387,2026,21,Puebla,Otros bienes juridicos afectados (del fuero comun),Falsificacion,Falsificacion,Falsificacion,26,37,34
2388,2026,21,Puebla,Otros bienes juridicos afectados (del fuero comun),Contra el medio ambiente,Contra el medio ambiente,Contra el medio ambiente,1,3,4
2389,2026,21,Puebla,Otros bienes juridicos afectados (del fuero comun),Delitos cometidos por servidores publicos,Delitos cometidos por servidores publicos,Delitos cometidos por servidores publicos,46,61,41
2390,2026,21,Puebla,Otros bienes juridicos afectados (del fuero comun),Electorales,Electorales,Electorales,0,6,1
2391,2026,21,Puebla,Otros bienes juridicos afectados (del fuero comun),Delitos contra la administracion de justicia,Delitos contra la administracion de justicia,Delitos contra la administracion de justicia,18,15,12
2392,2026,21,Puebla,Otros bienes juridicos afectados (del fuero comun),Suplantacion y usurpacion de identidad,Suplantacion y usurpacion de identidad,Suplantacion y usurpacion de identidad,0,0,0
2393,2026,21,Puebla,Otros bienes juridicos afectados (del fuero comun),Tortura,Tortura,Tortura,22,11,58
2394,2026,22,Queretaro,La vida y la Integridad corporal,Homicidio,Homicidio doloso,Con arma blanca,0,2,3
2395,2026,22,Queretaro,La vida y la Integridad corporal,Homicidio,Homicidio doloso,Con arma de fuego,7,4,7
2396,2026,22,Queretaro,La vida y la Integridad corporal,Homicidio,Homicidio doloso,Con otro elemento,0,2,2
2397,2026,22,Queretaro,La vida y la Integridad corporal,Homicidio,Homicidio doloso,No especificado,0,0,0
2398,2026,22,Queretaro,La vida y la Integridad corporal,Homicidio,Tentativa de homicidio doloso,Tentativa de homicidio doloso,8,4,11
2399,2026,22,Queretaro,La vida y la Integridad corporal,Homicidio,Homicidio culposo,Con arma blanca,0,0,0
2400,2026,22,Queretaro,La vida y la Integridad corporal,Homicidio,Homicidio culposo,Con arma de fuego,0,0,0
2401,2026,22,Queretaro,La vida y la Integridad corporal,Homicidio,Homicidio culposo,Con otro elemento,0,0,0
2402,2026,22,Queretaro,La vida y la Integridad corporal,Homicidio,Homicidio culposo,En accidente de transito,26,0,35
2403,2026,22,Queretaro,La vida y la Integridad corporal,Homicidio,Homicidio culposo,No especificado,1,34,0
2404,2026,22,Queretaro,La vida y la Integridad corporal,Otros delitos que atentan contra la vida y la integridad corporal,Otros delitos que atentan contra la vida y la integridad corporal,Otros delitos que atentan contra la vida y la integridad corporal,8,7,15
2405,2026,22,Queretaro,La vida y la Integridad corporal,Lesiones,Lesiones dolosas,Con arma blanca,20,13,23
2406,2026,22,Queretaro,La vida y la Integridad corporal,Lesiones,Lesiones dolosas,Con arma de fuego,14,12,10
2407,2026,22,Queretaro,La vida y la Integridad corporal,Lesiones,Lesiones dolosas,Con otro elemento,271,235,297
2408,2026,22,Queretaro,La vida y la Integridad corporal,Lesiones,Lesiones dolosas,No especificado,0,34,87
2409,2026,22,Queretaro,La vida y la Integridad corporal,Lesiones,Lesiones culposas,Con arma blanca,0,0,0
2410,2026,22,Queretaro,La vida y la Integridad corporal,Lesiones,Lesiones culposas,Con arma de fuego,0,0,0
2411,2026,22,Queretaro,La vida y la Integridad corporal,Lesiones,Lesiones culposas,Con otro elemento,8,4,6
2412,2026,22,Queretaro,La vida y la Integridad corporal,Lesiones,Lesiones culposas,En accidente de transito,107,13,108
2413,2026,22,Queretaro,La vida y la Integridad corporal,Lesiones,Lesiones culposas,No especificado,0,83,0
2414,2026,22,Queretaro,La vida y la Integridad corporal,Feminicidio,Feminicidio,Con arma blanca,2,0,0
2415,2026,22,Queretaro,La vida y la Integridad corporal,Feminicidio,Feminicidio,Con arma de fuego,0,0,0
2416,2026,22,Queretaro,La vida y la Integridad corporal,Feminicidio,Feminicidio,Con otro elemento,0,0,0
2417,2026,22,Queretaro,La vida y la Integridad corporal,Feminicidio,Feminicidio,No especificado,0,0,0
2418,2026,22,Queretaro,La vida y la Integridad corporal,Feminicidio,Tentativa de feminicidio,Tentativa de feminicidio,0,1,0
2419,2026,22,Queretaro,La vida y la Integridad corporal,Aborto,Aborto,Aborto,0,0,0
2420,2026,22,Queretaro,Libertad personal,Otros delitos que atentan contra la libertad personal,Otros delitos que atentan contra la libertad personal,Otros delitos que atentan contra la libertad personal,1,1,0
2421,2026,22,Queretaro,Libertad personal,Secuestro,Secuestro extorsivo,Secuestro extorsivo,0,0,0
2422,2026,22,Queretaro,Libertad personal,Secuestro,Secuestro con calidad de rehen,Secuestro con calidad de rehen,0,0,0
2423,2026,22,Queretaro,Libertad personal,Secuestro,Secuestro para causar dano,Secuestro para causar dano,0,0,0
2424,2026,22,Queretaro,Libertad personal,Secuestro,Secuestro expres,Secuestro expres,0,0,0
2425,2026,22,Queretaro,Libertad personal,Trafico de menores,Trafico de menores,Trafico de menores,0,0,0
2426,2026,22,Queretaro,Libertad personal,Rapto,Rapto,Rapto,0,0,0
2427,2026,22,Queretaro,Libertad personal,Privacion ilegal de la libertad,Privacion ilegal de la libertad,Privacion ilegal de la libertad,10,6,16
2428,2026,22,Queretaro,Libertad personal,Retencion o sustraccion de menores e incapaces,Retencion o sustraccion de menores e incapaces,Retencion o sustraccion de menores e incapaces,20,29,12
2429,2026,22,Queretaro,La libertad y la seguridad sexual,Abuso sexual,Abuso sexual,Abuso sexual,57,57,81
2430,2026,22,Queretaro,La libertad y la seguridad sexual,Otros delitos que atentan contra la libertad y la seguridad sexual,Otros delitos que atentan contra la libertad y la seguridad sexual,Otros delitos que atentan contra la libertad y la seguridad sexual,3,6,16
2431,2026,22,Queretaro,La libertad y la seguridad sexual,Acoso sexual,Acoso sexual,Acoso sexual,67,60,76
2432,2026,22,Queretaro,La libertad y la seguridad sexual,Hostigamiento sexual,Hostigamiento sexual,Hostigamiento sexual,2,2,7
2433,2026,22,Queretaro,La libertad y la seguridad sexual,Incesto,Incesto,Incesto,0,0,0
2434,2026,22,Queretaro,La libertad y la seguridad sexual,Violacion,Violacion simple,Violacion simple,22,47,45
2435,2026,22,Queretaro,La libertad y la seguridad sexual,Violacion,Violacion equiparada,Violacion equiparada,12,22,32
2436,2026,22,Queretaro,La libertad y la seguridad sexual,Violacion a la intimidad sexual,Violacion a la intimidad sexual,Violacion a la intimidad sexual,0,0,0
2437,2026,22,Queretaro,El patrimonio,Otros delitos contra el patrimonio,Otros delitos contra el patrimonio,Otros delitos contra el patrimonio,26,32,25
2438,2026,22,Queretaro,El patrimonio,Robo,Robo a casa habitacion,Con violencia,6,3,5
2439,2026,22,Queretaro,El patrimonio,Robo,Robo a casa habitacion,Sin violencia,120,87,84
2440,2026,22,Queretaro,El patrimonio,Robo,Robo de vehiculo automotor - Coche de 4 ruedas,Con violencia,20,14,18
2441,2026,22,Queretaro,El patrimonio,Robo,Robo de vehiculo automotor - Coche de 4 ruedas,Sin violencia,155,130,176
2442,2026,22,Queretaro,El patrimonio,Robo,Robo de vehiculo automotor - Motocicleta,Con violencia,3,3,5
2443,2026,22,Queretaro,El patrimonio,Robo,Robo de vehiculo automotor - Motocicleta,Sin violencia,98,62,82
2444,2026,22,Queretaro,El patrimonio,Robo,Robo de vehiculo automotor - Embarcaciones,Con violencia,0,0,0
2445,2026,22,Queretaro,El patrimonio,Robo,Robo de vehiculo automotor - Embarcaciones,Sin violencia,0,0,0
2446,2026,22,Queretaro,El patrimonio,Robo,Robo de autopartes,Con violencia,0,0,1
2447,2026,22,Queretaro,El patrimonio,Robo,Robo de autopartes,Sin violencia,23,18,14
2448,2026,22,Queretaro,El patrimonio,Robo,Robo a transportista,Con violencia,0,0,0
2449,2026,22,Queretaro,El patrimonio,Robo,Robo a transportista,Sin violencia,0,0,0
2450,2026,22,Queretaro,El patrimonio,Robo,Robo a transeunte en via publica,Con violencia,35,29,25
2451,2026,22,Queretaro,El patrimonio,Robo,Robo a transeunte en via publica,Sin violencia,33,41,32
2452,2026,22,Queretaro,El patrimonio,Robo,Robo a transeunte en espacio abierto al publico,Con violencia,4,2,4
2453,2026,22,Queretaro,El patrimonio,Robo,Robo a transeunte en espacio abierto al publico,Sin violencia,1,3,1
2454,2026,22,Queretaro,El patrimonio,Robo,Robo en transporte publico individual,Con violencia,1,1,1
2455,2026,22,Queretaro,El patrimonio,Robo,Robo en transporte publico individual,Sin violencia,0,3,5
2456,2026,22,Queretaro,El patrimonio,Robo,Robo en transporte publico colectivo,Con violencia,1,0,2
2457,2026,22,Queretaro,El patrimonio,Robo,Robo en transporte publico colectivo,Sin violencia,2,5,8
2458,2026,22,Queretaro,El patrimonio,Robo,Robo en transporte individual,Con violencia,8,10,14
2459,2026,22,Queretaro,El patrimonio,Robo,Robo en transporte individual,Sin violencia,5,7,15
2460,2026,22,Queretaro,El patrimonio,Robo,Robo a institucion bancaria,Con violencia,0,0,0
2461,2026,22,Queretaro,El patrimonio,Robo,Robo a institucion bancaria,Sin violencia,0,0,0
2462,2026,22,Queretaro,El patrimonio,Robo,Robo a negocio,Con violencia,50,41,27
2463,2026,22,Queretaro,El patrimonio,Robo,Robo a negocio,Sin violencia,206,192,207
2464,2026,22,Queretaro,El patrimonio,Robo,Robo de ganado,Con violencia,0,0,0
2465,2026,22,Queretaro,El patrimonio,Robo,Robo de ganado,Sin violencia,24,16,16
2466,2026,22,Queretaro,El patrimonio,Robo,Robo de maquinaria - Herramienta industrial o agricola,Con violencia,0,0,0
2467,2026,22,Queretaro,El patrimonio,Robo,Robo de maquinaria - Herramienta industrial o agricola,Sin violencia,1,0,1
2468,2026,22,Queretaro,El patrimonio,Robo,Robo de maquinaria - Tractores y/o montacargas,Con violencia,0,0,0
2469,2026,22,Queretaro,El patrimonio,Robo,Robo de maquinaria - Tractores y/o montacargas,Sin violencia,0,0,0
2470,2026,22,Queretaro,El patrimonio,Robo,"Robo de maquinaria - Cables, tubos y otros objetos destinados a servicios publicos",Con violencia,0,0,0
2471,2026,22,Queretaro,El patrimonio,Robo,"Robo de maquinaria - Cables, tubos y otros objetos destinados a servicios publicos",Sin violencia,0,0,0
2472,2026,22,Queretaro,El patrimonio,Robo,Otros robos,Con violencia,25,20,18
2473,2026,22,Queretaro,El patrimonio,Robo,Otros robos,Sin violencia,717,664,706
2474,2026,22,Queretaro,El patrimonio,Fraude,Fraude,Fraude,375,373,418
2475,2026,22,Queretaro,El patrimonio,Abuso de confianza,Abuso de confianza,Abuso de confianza,86,74,73
2476,2026,22,Queretaro,El patrimonio,Extorsion,Extorsion presencial,Extorsion presencial,2,3,3
2477,2026,22,Queretaro,El patrimonio,Extorsion,Tentativa de extorsion presencial,Tentativa de extorsion presencial,1,0,0
2478,2026,22,Queretaro,El patrimonio,Extorsion,Extorsion por otros medios,Extorsion por otros medios,21,15,39
2479,2026,22,Queretaro,El patrimonio,Extorsion,Tentativa de extorsion por otros medios,Tentativa de extorsion por otros medios,10,5,21
2480,2026,22,Queretaro,El patrimonio,Dano a la propiedad,Dano a la propiedad,Dano a la propiedad,133,137,140
2481,2026,22,Queretaro,El patrimonio,Despojo,Despojo,Despojo,79,74,81
2482,2026,22,Queretaro,La familia,Otros delitos contra la familia,Otros delitos contra la familia,Otros delitos contra la familia,0,1,2
2483,2026,22,Queretaro,La familia,Violencia familiar,Violencia familiar,Violencia familiar,338,357,440
2484,2026,22,Queretaro,La familia,Violencia de genero en todas sus modalidades distinta a la violencia familiar,Violencia de genero en todas sus modalidades distinta a la violencia familiar,Violencia de genero en todas sus modalidades distinta a la violencia familiar,110,120,160
2485,2026,22,Queretaro,La familia,Incumplimiento de obligaciones de asistencia familiar,Incumplimiento de obligaciones de asistencia familiar,Incumplimiento de obligaciones de asistencia familiar,57,54,60
2486,2026,22,Queretaro,La sociedad,Corrupcion de menores,Corrupcion de menores,Corrupcion de menores,0,0,0
2487,2026,22,Queretaro,La sociedad,Otros delitos contra la sociedad,Otros delitos contra la sociedad,Otros delitos contra la sociedad,65,55,67
2488,2026,22,Queretaro,La sociedad,Trata de personas,Trata de personas con fines de explotacion sexual,Trata de personas con fines de explotacion sexual,0,0,0
2489,2026,22,Queretaro,La sociedad,Trata de personas,Trata de personas con fines de trabajo o servicios forzados,Trata de personas con fines de trabajo o servicios forzados,0,0,0
2490,2026,22,Queretaro,La sociedad,Trata de personas,Trata de personas con fines de trafico de organos,Trata de personas con fines de trafico de organos,0,0,0
2491,2026,22,Queretaro,La sociedad,Trata de personas,Trata de personas con otros fines,Trata de personas con otros fines,0,0,0
2492,2026,22,Queretaro,La sociedad,Pornografia infantil,Pornografia infantil,Pornografia infantil,0,0,0
2493,2026,22,Queretaro,La sociedad,Discriminacion,Discriminacion,Discriminacion,6,8,4
2494,2026,22,Queretaro,Otros bienes juridicos afectados (del fuero comun),Narcomenudeo,Narcomenudeo posesion simple,Narcomenudeo posesion simple,195,184,191
2495,2026,22,Queretaro,Otros bienes juridicos afectados (del fuero comun),Otros delitos del Fuero Comun,Otros delitos del Fuero Comun,Otros delitos del Fuero Comun,488,490,569
2496,2026,22,Queretaro,Otros bienes juridicos afectados (del fuero comun),Narcomenudeo,Narcomenudeo con fines de venta,Narcomenudeo con fines de venta,26,34,26
2497,2026,22,Queretaro,Otros bienes juridicos afectados (del fuero comun),Amenazas,Amenazas,Amenazas,304,296,356
2498,2026,22,Queretaro,Otros bienes juridicos afectados (del fuero comun),Allanamiento de morada,Allanamiento de morada,Allanamiento de morada,22,24,16
2499,2026,22,Queretaro,Otros bienes juridicos afectados (del fuero comun),Evasion de presos,Evasion de presos,Evasion de presos,0,0,0
2500,2026,22,Queretaro,Otros bienes juridicos afectados (del fuero comun),Falsedad,Falsedad,Falsedad,17,22,18
2501,2026,22,Queretaro,Otros bienes juridicos afectados (del fuero comun),Falsificacion,Falsificacion,Falsificacion,9,15,26
2502,2026,22,Queretaro,Otros bienes juridicos afectados (del fuero comun),Contra el medio ambiente,Contra el medio ambiente,Contra el medio ambiente,0,0,0
2503,2026,22,Queretaro,Otros bienes juridicos afectados (del fuero comun),Delitos cometidos por servidores publicos,Delitos cometidos por servidores publicos,Delitos cometidos por servidores publicos,20,22,27
2504,2026,22,Queretaro,Otros bienes juridicos afectados (del fuero comun),Electorales,Electorales,Electorales,0,0,0
2505,2026,22,Queretaro,Otros bienes juridicos afectados (del fuero comun),Delitos contra la administracion de justicia,Delitos contra la administracion de justicia,Delitos contra la administracion de justicia,0,0,0
2506,2026,22,Queretaro,Otros bienes juridicos afectados (del fuero comun),Suplantacion y usurpacion de identidad,Suplantacion y usurpacion de identidad,Suplantacion y usurpacion de identidad,51,34,41
2507,2026,22,Queretaro,Otros bienes juridicos afectados (del fuero comun),Tortura,Tortura,Tortura,1,0,0
2508,2026,23,Quintana Roo,La vida y la Integridad corporal,Homicidio,Homicidio doloso,Con arma blanca,1,0,0
2509,2026,23,Quintana Roo,La vida y la Integridad corporal,Homicidio,Homicidio doloso,Con arma de fuego,8,9,13
2510,2026,23,Quintana Roo,La vida y la Integridad corporal,Homicidio,Homicidio doloso,Con otro elemento,0,0,0
2511,2026,23,Quintana Roo,La vida y la Integridad corporal,Homicidio,Homicidio doloso,No especificado,1,1,1
2512,2026,23,Quintana Roo,La vida y la Integridad corporal,Homicidio,Tentativa de homicidio doloso,Tentativa de homicidio doloso,3,17,11
2513,2026,23,Quintana Roo,La vida y la Integridad corporal,Homicidio,Homicidio culposo,Con arma blanca,0,0,0
2514,2026,23,Quintana Roo,La vida y la Integridad corporal,Homicidio,Homicidio culposo,Con arma de fuego,6,2,8
2515,2026,23,Quintana Roo,La vida y la Integridad corporal,Homicidio,Homicidio culposo,Con otro elemento,0,0,0
2516,2026,23,Quintana Roo,La vida y la Integridad corporal,Homicidio,Homicidio culposo,En accidente de transito,0,0,0
2517,2026,23,Quintana Roo,La vida y la Integridad corporal,Homicidio,Homicidio culposo,No especificado,75,65,71
2518,2026,23,Quintana Roo,La vida y la Integridad corporal,Otros delitos que atentan contra la vida y la integridad corporal,Otros delitos que atentan contra la vida y la integridad corporal,Otros delitos que atentan contra la vida y la integridad corporal,26,8,8
2519,2026,23,Quintana Roo,La vida y la Integridad corporal,Lesiones,Lesiones dolosas,Con arma blanca,12,14,16
2520,2026,23,Quintana Roo,La vida y la Integridad corporal,Lesiones,Lesiones dolosas,Con arma de fuego,6,2,1
2521,2026,23,Quintana Roo,La vida y la Integridad corporal,Lesiones,Lesiones dolosas,Con otro elemento,0,0,0
2522,2026,23,Quintana Roo,La vida y la Integridad corporal,Lesiones,Lesiones dolosas,No especificado,210,233,253
2523,2026,23,Quintana Roo,La vida y la Integridad corporal,Lesiones,Lesiones culposas,Con arma blanca,0,0,0
2524,2026,23,Quintana Roo,La vida y la Integridad corporal,Lesiones,Lesiones culposas,Con arma de fuego,0,0,0
2525,2026,23,Quintana Roo,La vida y la Integridad corporal,Lesiones,Lesiones culposas,Con otro elemento,0,0,0
2526,2026,23,Quintana Roo,La vida y la Integridad corporal,Lesiones,Lesiones culposas,En accidente de transito,0,0,0
2527,2026,23,Quintana Roo,La vida y la Integridad corporal,Lesiones,Lesiones culposas,No especificado,165,130,160
2528,2026,23,Quintana Roo,La vida y la Integridad corporal,Feminicidio,Feminicidio,Con arma blanca,0,0,0
2529,2026,23,Quintana Roo,La vida y la Integridad corporal,Feminicidio,Feminicidio,Con arma de fuego,0,0,1
2530,2026,23,Quintana Roo,La vida y la Integridad corporal,Feminicidio,Feminicidio,Con otro elemento,0,0,0
2531,2026,23,Quintana Roo,La vida y la Integridad corporal,Feminicidio,Feminicidio,No especificado,0,1,0
2532,2026,23,Quintana Roo,La vida y la Integridad corporal,Feminicidio,Tentativa de feminicidio,Tentativa de feminicidio,1,1,5
2533,2026,23,Quintana Roo,La vida y la Integridad corporal,Aborto,Aborto,Aborto,0,2,1
2534,2026,23,Quintana Roo,Libertad personal,Otros delitos que atentan contra la libertad personal,Otros delitos que atentan contra la libertad personal,Otros delitos que atentan contra la libertad personal,78,69,106
2535,2026,23,Quintana Roo,Libertad personal,Secuestro,Secuestro extorsivo,Secuestro extorsivo,0,0,0
2536,2026,23,Quintana Roo,Libertad personal,Secuestro,Secuestro con calidad de rehen,Secuestro con calidad de rehen,0,0,0
2537,2026,23,Quintana Roo,Libertad personal,Secuestro,Secuestro para causar dano,Secuestro para causar dano,0,0,0
2538,2026,23,Quintana Roo,Libertad personal,Secuestro,Secuestro expres,Secuestro expres,0,0,0
2539,2026,23,Quintana Roo,Libertad personal,Trafico de menores,Trafico de menores,Trafico de menores,0,0,0
2540,2026,23,Quintana Roo,Libertad personal,Rapto,Rapto,Rapto,0,0,0
2541,2026,23,Quintana Roo,Libertad personal,Privacion ilegal de la libertad,Privacion ilegal de la libertad,Privacion ilegal de la libertad,13,9,28
2542,2026,23,Quintana Roo,Libertad personal,Retencion o sustraccion de menores e incapaces,Retencion o sustraccion de menores e incapaces,Retencion o sustraccion de menores e incapaces,0,0,0
2543,2026,23,Quintana Roo,La libertad y la seguridad sexual,Abuso sexual,Abuso sexual,Abuso sexual,96,97,130
2544,2026,23,Quintana Roo,La libertad y la seguridad sexual,Otros delitos que atentan contra la libertad y la seguridad sexual,Otros delitos que atentan contra la libertad y la seguridad sexual,Otros delitos que atentan contra la libertad y la seguridad sexual,91,77,102
2545,2026,23,Quintana Roo,La libertad y la seguridad sexual,Acoso sexual,Acoso sexual,Acoso sexual,17,23,24
2546,2026,23,Quintana Roo,La libertad y la seguridad sexual,Hostigamiento sexual,Hostigamiento sexual,Hostigamiento sexual,2,6,3
2547,2026,23,Quintana Roo,La libertad y la seguridad sexual,Incesto,Incesto,Incesto,0,0,0
2548,2026,23,Quintana Roo,La libertad y la seguridad sexual,Violacion,Violacion simple,Violacion simple,0,0,0
2549,2026,23,Quintana Roo,La libertad y la seguridad sexual,Violacion,Violacion equiparada,Violacion equiparada,0,0,0
2550,2026,23,Quintana Roo,La libertad y la seguridad sexual,Violacion a la intimidad sexual,Violacion a la intimidad sexual,Violacion a la intimidad sexual,34,26,41
2551,2026,23,Quintana Roo,El patrimonio,Otros delitos contra el patrimonio,Otros delitos contra el patrimonio,Otros delitos contra el patrimonio,32,28,44
2552,2026,23,Quintana Roo,El patrimonio,Robo,Robo a casa habitacion,Con violencia,4,2,2
2553,2026,23,Quintana Roo,El patrimonio,Robo,Robo a casa habitacion,Sin violencia,82,61,74
2554,2026,23,Quintana Roo,El patrimonio,Robo,Robo de vehiculo automotor - Coche de 4 ruedas,Con violencia,6,8,8
2555,2026,23,Quintana Roo,El patrimonio,Robo,Robo de vehiculo automotor - Coche de 4 ruedas,Sin violencia,38,35,41
2556,2026,23,Quintana Roo,El patrimonio,Robo,Robo de vehiculo automotor - Motocicleta,Con violencia,16,17,17
2557,2026,23,Quintana Roo,El patrimonio,Robo,Robo de vehiculo automotor - Motocicleta,Sin violencia,171,108,127
2558,2026,23,Quintana Roo,El patrimonio,Robo,Robo de vehiculo automotor - Embarcaciones,Con violencia,0,0,0
2559,2026,23,Quintana Roo,El patrimonio,Robo,Robo de vehiculo automotor - Embarcaciones,Sin violencia,0,0,2
2560,2026,23,Quintana Roo,El patrimonio,Robo,Robo de autopartes,Con violencia,0,0,0
2561,2026,23,Quintana Roo,El patrimonio,Robo,Robo de autopartes,Sin violencia,0,0,0
2562,2026,23,Quintana Roo,El patrimonio,Robo,Robo a transportista,Con violencia,0,1,1
2563,2026,23,Quintana Roo,El patrimonio,Robo,Robo a transportista,Sin violencia,0,0,1
2564,2026,23,Quintana Roo,El patrimonio,Robo,Robo a transeunte en via publica,Con violencia,29,34,47
2565,2026,23,Quintana Roo,El patrimonio,Robo,Robo a transeunte en via publica,Sin violencia,60,43,49
2566,2026,23,Quintana Roo,El patrimonio,Robo,Robo a transeunte en espacio abierto al publico,Con violencia,5,5,6
2567,2026,23,Quintana Roo,El patrimonio,Robo,Robo a transeunte en espacio abierto al publico,Sin violencia,36,22,32
2568,2026,23,Quintana Roo,El patrimonio,Robo,Robo en transporte publico individual,Con violencia,0,0,1
2569,2026,23,Quintana Roo,El patrimonio,Robo,Robo en transporte publico individual,Sin violencia,1,2,1
2570,2026,23,Quintana Roo,El patrimonio,Robo,Robo en transporte publico colectivo,Con violencia,0,0,0
2571,2026,23,Quintana Roo,El patrimonio,Robo,Robo en transporte publico colectivo,Sin violencia,2,0,1
2572,2026,23,Quintana Roo,El patrimonio,Robo,Robo en transporte individual,Con violencia,0,1,1
2573,2026,23,Quintana Roo,El patrimonio,Robo,Robo en transporte individual,Sin violencia,3,0,3
2574,2026,23,Quintana Roo,El patrimonio,Robo,Robo a institucion bancaria,Con violencia,0,0,0
2575,2026,23,Quintana Roo,El patrimonio,Robo,Robo a institucion bancaria,Sin violencia,0,0,1
2576,2026,23,Quintana Roo,El patrimonio,Robo,Robo a negocio,Con violencia,45,47,63
2577,2026,23,Quintana Roo,El patrimonio,Robo,Robo a negocio,Sin violencia,58,73,66
2578,2026,23,Quintana Roo,El patrimonio,Robo,Robo de ganado,Con violencia,0,0,0
2579,2026,23,Quintana Roo,El patrimonio,Robo,Robo de ganado,Sin violencia,2,1,2
2580,2026,23,Quintana Roo,El patrimonio,Robo,Robo de maquinaria - Herramienta industrial o agricola,Con violencia,0,0,0
2581,2026,23,Quintana Roo,El patrimonio,Robo,Robo de maquinaria - Herramienta industrial o agricola,Sin violencia,0,0,0
2582,2026,23,Quintana Roo,El patrimonio,Robo,Robo de maquinaria - Tractores y/o montacargas,Con violencia,0,0,0
2583,2026,23,Quintana Roo,El patrimonio,Robo,Robo de maquinaria - Tractores y/o montacargas,Sin violencia,0,0,0
2584,2026,23,Quintana Roo,El patrimonio,Robo,"Robo de maquinaria - Cables, tubos y otros objetos destinados a servicios publicos",Con violencia,0,0,0
2585,2026,23,Quintana Roo,El patrimonio,Robo,"Robo de maquinaria - Cables, tubos y otros objetos destinados a servicios publicos",Sin violencia,3,3,2
2586,2026,23,Quintana Roo,El patrimonio,Robo,Otros robos,Con violencia,25,27,34
2587,2026,23,Quintana Roo,El patrimonio,Robo,Otros robos,Sin violencia,385,380,378
2588,2026,23,Quintana Roo,El patrimonio,Fraude,Fraude,Fraude,380,391,379
2589,2026,23,Quintana Roo,El patrimonio,Abuso de confianza,Abuso de confianza,Abuso de confianza,101,76,112
2590,2026,23,Quintana Roo,El patrimonio,Extorsion,Extorsion presencial,Extorsion presencial,0,0,0
2591,2026,23,Quintana Roo,El patrimonio,Extorsion,Tentativa de extorsion presencial,Tentativa de extorsion presencial,0,0,0
2592,2026,23,Quintana Roo,El patrimonio,Extorsion,Extorsion por otros medios,Extorsion por otros medios,16,10,21
2593,2026,23,Quintana Roo,El patrimonio,Extorsion,Tentativa de extorsion por otros medios,Tentativa de extorsion por otros medios,1,1,0
2594,2026,23,Quintana Roo,El patrimonio,Dano a la propiedad,Dano a la propiedad,Dano a la propiedad,480,455,540
2595,2026,23,Quintana Roo,El patrimonio,Despojo,Despojo,Despojo,51,51,90
2596,2026,23,Quintana Roo,La familia,Otros delitos contra la familia,Otros delitos contra la familia,Otros delitos contra la familia,79,61,65
2597,2026,23,Quintana Roo,La familia,Violencia familiar,Violencia familiar,Violencia familiar,578,536,685
2598,2026,23,Quintana Roo,La familia,Violencia de genero en todas sus modalidades distinta a la violencia familiar,Violencia de genero en todas sus modalidades distinta a la violencia familiar,Violencia de genero en todas sus modalidades distinta a la violencia familiar,0,0,0
2599,2026,23,Quintana Roo,La familia,Incumplimiento de obligaciones de asistencia familiar,Incumplimiento de obligaciones de asistencia familiar,Incumplimiento de obligaciones de asistencia familiar,51,49,59
2600,2026,23,Quintana Roo,La sociedad,Corrupcion de menores,Corrupcion de menores,Corrupcion de menores,12,22,32
2601,2026,23,Quintana Roo,La sociedad,Otros delitos contra la sociedad,Otros delitos contra la sociedad,Otros delitos contra la sociedad,1,2,1
2602,2026,23,Quintana Roo,La sociedad,Trata de personas,Trata de personas con fines de explotacion sexual,Trata de personas con fines de explotacion sexual,0,0,0
2603,2026,23,Quintana Roo,La sociedad,Trata de personas,Trata de personas con fines de trabajo o servicios forzados,Trata de personas con fines de trabajo o servicios forzados,0,0,0
2604,2026,23,Quintana Roo,La sociedad,Trata de personas,Trata de personas con fines de trafico de organos,Trata de personas con fines de trafico de organos,0,0,0
2605,2026,23,Quintana Roo,La sociedad,Trata de personas,Trata de personas con otros fines,Trata de personas con otros fines,13,17,16
2606,2026,23,Quintana Roo,La sociedad,Pornografia infantil,Pornografia infantil,Pornografia infantil,3,2,7
2607,2026,23,Quintana Roo,La sociedad,Discriminacion,Discriminacion,Discriminacion,0,0,0
2608,2026,23,Quintana Roo,Otros bienes juridicos afectados (del fuero comun),Narcomenudeo,Narcomenudeo posesion simple,Narcomenudeo posesion simple,272,261,332
2609,2026,23,Quintana Roo,Otros bienes juridicos afectados (del fuero comun),Otros delitos del Fuero Comun,Otros delitos del Fuero Comun,Otros delitos del Fuero Comun,205,155,185
2610,2026,23,Quintana Roo,Otros bienes juridicos afectados (del fuero comun),Narcomenudeo,Narcomenudeo con fines de venta,Narcomenudeo con fines de venta,0,0,0
2611,2026,23,Quintana Roo,Otros bienes juridicos afectados (del fuero comun),Amenazas,Amenazas,Amenazas,355,317,453
2612,2026,23,Quintana Roo,Otros bienes juridicos afectados (del fuero comun),Allanamiento de morada,Allanamiento de morada,Allanamiento de morada,26,24,31
2613,2026,23,Quintana Roo,Otros bienes juridicos afectados (del fuero comun),Evasion de presos,Evasion de presos,Evasion de presos,1,0,0
2614,2026,23,Quintana Roo,Otros bienes juridicos afectados (del fuero comun),Falsedad,Falsedad,Falsedad,43,42,65
2615,2026,23,Quintana Roo,Otros bienes juridicos afectados (del fuero comun),Falsificacion,Falsificacion,Falsificacion,12,26,33
2616,2026,23,Quintana Roo,Otros bienes juridicos afectados (del fuero comun),Contra el medio ambiente,Contra el medio ambiente,Contra el medio ambiente,17,14,13
2617,2026,23,Quintana Roo,Otros bienes juridicos afectados (del fuero comun),Delitos cometidos por servidores publicos,Delitos cometidos por servidores publicos,Delitos cometidos por servidores publicos,34,19,41
2618,2026,23,Quintana Roo,Otros bienes juridicos afectados (del fuero comun),Electorales,Electorales,Electorales,0,0,1
2619,2026,23,Quintana Roo,Otros bienes juridicos afectados (del fuero comun),Delitos contra la administracion de justicia,Delitos contra la administracion de justicia,Delitos contra la administracion de justicia,129,112,148
2620,2026,23,Quintana Roo,Otros bienes juridicos afectados (del fuero comun),Suplantacion y usurpacion de identidad,Suplantacion y usurpacion de identidad,Suplantacion y usurpacion de identidad,0,0,0
2621,2026,23,Quintana Roo,Otros bienes juridicos afectados (del fuero comun),Tortura,Tortura,Tortura,20,24,23
2622,2026,24,San Luis Potosi,La vida y la Integridad corporal,Homicidio,Homicidio doloso,Con arma blanca,1,0,0
2623,2026,24,San Luis Potosi,La vida y la Integridad corporal,Homicidio,Homicidio doloso,Con arma de fuego,3,3,3
2624,2026,24,San Luis Potosi,La vida y la Integridad corporal,Homicidio,Homicidio doloso,Con otro elemento,0,0,0
2625,2026,24,San Luis Potosi,La vida y la Integridad corporal,Homicidio,Homicidio doloso,No especificado,0,0,0
2626,2026,24,San Luis Potosi,La vida y la Integridad corporal,Homicidio,Tentativa de homicidio doloso,Tentativa de homicidio doloso,0,0,4
2627,2026,24,San Luis Potosi,La vida y la Integridad corporal,Homicidio,Homicidio culposo,Con arma blanca,0,0,0
2628,2026,24,San Luis Potosi,La vida y la Integridad corporal,Homicidio,Homicidio culposo,Con arma de fuego,0,0,0
2629,2026,24,San Luis Potosi,La vida y la Integridad corporal,Homicidio,Homicidio culposo,Con otro elemento,0,0,0
2630,2026,24,San Luis Potosi,La vida y la Integridad corporal,Homicidio,Homicidio culposo,En accidente de transito,32,29,37
2631,2026,24,San Luis Potosi,La vida y la Integridad corporal,Homicidio,Homicidio culposo,No especificado,0,0,0
2632,2026,24,San Luis Potosi,La vida y la Integridad corporal,Otros delitos que atentan contra la vida y la integridad corporal,Otros delitos que atentan contra la vida y la integridad corporal,Otros delitos que atentan contra la vida y la integridad corporal,23,16,18
2633,2026,24,San Luis Potosi,La vida y la Integridad corporal,Lesiones,Lesiones dolosas,Con arma blanca,16,20,21
2634,2026,24,San Luis Potosi,La vida y la Integridad corporal,Lesiones,Lesiones dolosas,Con arma de fuego,12,16,11
2635,2026,24,San Luis Potosi,La vida y la Integridad corporal,Lesiones,Lesiones dolosas,Con otro elemento,143,183,183
2636,2026,24,San Luis Potosi,La vida y la Integridad corporal,Lesiones,Lesiones dolosas,No especificado,126,113,161
2637,2026,24,San Luis Potosi,La vida y la Integridad corporal,Lesiones,Lesiones culposas,Con arma blanca,0,0,0
2638,2026,24,San Luis Potosi,La vida y la Integridad corporal,Lesiones,Lesiones culposas,Con arma de fuego,0,0,0
2639,2026,24,San Luis Potosi,La vida y la Integridad corporal,Lesiones,Lesiones culposas,Con otro elemento,0,0,0
2640,2026,24,San Luis Potosi,La vida y la Integridad corporal,Lesiones,Lesiones culposas,En accidente de transito,58,55,52
2641,2026,24,San Luis Potosi,La vida y la Integridad corporal,Lesiones,Lesiones culposas,No especificado,0,0,0
2642,2026,24,San Luis Potosi,La vida y la Integridad corporal,Feminicidio,Feminicidio,Con arma blanca,0,0,0
2643,2026,24,San Luis Potosi,La vida y la Integridad corporal,Feminicidio,Feminicidio,Con arma de fuego,0,0,0
2644,2026,24,San Luis Potosi,La vida y la Integridad corporal,Feminicidio,Feminicidio,Con otro elemento,1,2,0
2645,2026,24,San Luis Potosi,La vida y la Integridad corporal,Feminicidio,Feminicidio,No especificado,0,0,0
2646,2026,24,San Luis Potosi,La vida y la Integridad corporal,Feminicidio,Tentativa de feminicidio,Tentativa de feminicidio,0,0,3
2647,2026,24,San Luis Potosi,La vida y la Integridad corporal,Aborto,Aborto,Aborto,1,1,2
2648,2026,24,San Luis Potosi,Libertad personal,Otros delitos que atentan contra la libertad personal,Otros delitos que atentan contra la libertad personal,Otros delitos que atentan contra la libertad personal,1,3,2
2649,2026,24,San Luis Potosi,Libertad personal,Secuestro,Secuestro extorsivo,Secuestro extorsivo,1,0,0
2650,2026,24,San Luis Potosi,Libertad personal,Secuestro,Secuestro con calidad de rehen,Secuestro con calidad de rehen,0,0,0
2651,2026,24,San Luis Potosi,Libertad personal,Secuestro,Secuestro para causar dano,Secuestro para causar dano,0,0,0
2652,2026,24,San Luis Potosi,Libertad personal,Secuestro,Secuestro expres,Secuestro expres,0,0,0
2653,2026,24,San Luis Potosi,Libertad personal,Trafico de menores,Trafico de menores,Trafico de menores,0,0,0
2654,2026,24,San Luis Potosi,Libertad personal,Rapto,Rapto,Rapto,0,0,0
2655,2026,24,San Luis Potosi,Libertad personal,Privacion ilegal de la libertad,Privacion ilegal de la libertad,Privacion ilegal de la libertad,10,10,12
2656,2026,24,San Luis Potosi,Libertad personal,Retencion o sustraccion de menores e incapaces,Retencion o sustraccion de menores e incapaces,Retencion o sustraccion de menores e incapaces,27,24,22
2657,2026,24,San Luis Potosi,La libertad y la seguridad sexual,Abuso sexual,Abuso sexual,Abuso sexual,30,52,65
2658,2026,24,San Luis Potosi,La libertad y la seguridad sexual,Otros delitos que atentan contra la libertad y la seguridad sexual,Otros delitos que atentan contra la libertad y la seguridad sexual,Otros delitos que atentan contra la libertad y la seguridad sexual,25,11,32
2659,2026,24,San Luis Potosi,La libertad y la seguridad sexual,Acoso sexual,Acoso sexual,Acoso sexual,25,26,35
2660,2026,24,San Luis Potosi,La libertad y la seguridad sexual,Hostigamiento sexual,Hostigamiento sexual,Hostigamiento sexual,2,2,3
2661,2026,24,San Luis Potosi,La libertad y la seguridad sexual,Incesto,Incesto,Incesto,0,0,0
2662,2026,24,San Luis Potosi,La libertad y la seguridad sexual,Violacion,Violacion simple,Violacion simple,40,41,35
2663,2026,24,San Luis Potosi,La libertad y la seguridad sexual,Violacion,Violacion equiparada,Violacion equiparada,0,0,0
2664,2026,24,San Luis Potosi,La libertad y la seguridad sexual,Violacion a la intimidad sexual,Violacion a la intimidad sexual,Violacion a la intimidad sexual,0,0,0
2665,2026,24,San Luis Potosi,El patrimonio,Otros delitos contra el patrimonio,Otros delitos contra el patrimonio,Otros delitos contra el patrimonio,47,60,36
2666,2026,24,San Luis Potosi,El patrimonio,Robo,Robo a casa habitacion,Con violencia,7,4,6
2667,2026,24,San Luis Potosi,El patrimonio,Robo,Robo a casa habitacion,Sin violencia,31,28,36
2668,2026,24,San Luis Potosi,El patrimonio,Robo,Robo de vehiculo automotor - Coche de 4 ruedas,Con violencia,19,21,34
2669,2026,24,San Luis Potosi,El patrimonio,Robo,Robo de vehiculo automotor - Coche de 4 ruedas,Sin violencia,39,48,57
2670,2026,24,San Luis Potosi,El patrimonio,Robo,Robo de vehiculo automotor - Motocicleta,Con violencia,17,9,16
2671,2026,24,San Luis Potosi,El patrimonio,Robo,Robo de vehiculo automotor - Motocicleta,Sin violencia,53,55,71
2672,2026,24,San Luis Potosi,El patrimonio,Robo,Robo de vehiculo automotor - Embarcaciones,Con violencia,0,0,0
2673,2026,24,San Luis Potosi,El patrimonio,Robo,Robo de vehiculo automotor - Embarcaciones,Sin violencia,0,0,0
2674,2026,24,San Luis Potosi,El patrimonio,Robo,Robo de autopartes,Con violencia,0,0,2
2675,2026,24,San Luis Potosi,El patrimonio,Robo,Robo de autopartes,Sin violencia,5,8,16
2676,2026,24,San Luis Potosi,El patrimonio,Robo,Robo a transportista,Con violencia,8,13,9
2677,2026,24,San Luis Potosi,El patrimonio,Robo,Robo a transportista,Sin violencia,26,13,21
2678,2026,24,San Luis Potosi,El patrimonio,Robo,Robo a transeunte en via publica,Con violencia,39,33,46
2679,2026,24,San Luis Potosi,El patrimonio,Robo,Robo a transeunte en via publica,Sin violencia,21,28,25
2680,2026,24,San Luis Potosi,El patrimonio,Robo,Robo a transeunte en espacio abierto al publico,Con violencia,1,0,2
2681,2026,24,San Luis Potosi,El patrimonio,Robo,Robo a transeunte en espacio abierto al publico,Sin violencia,0,0,1
2682,2026,24,San Luis Potosi,El patrimonio,Robo,Robo en transporte publico individual,Con violencia,0,0,0
2683,2026,24,San Luis Potosi,El patrimonio,Robo,Robo en transporte publico individual,Sin violencia,0,0,0
2684,2026,24,San Luis Potosi,El patrimonio,Robo,Robo en transporte publico colectivo,Con violencia,0,0,0
2685,2026,24,San Luis Potosi,El patrimonio,Robo,Robo en transporte publico colectivo,Sin violencia,1,0,0
2686,2026,24,San Luis Potosi,El patrimonio,Robo,Robo en transporte individual,Con violencia,0,0,0
2687,2026,24,San Luis Potosi,El patrimonio,Robo,Robo en transporte individual,Sin violencia,0,0,0
2688,2026,24,San Luis Potosi,El patrimonio,Robo,Robo a institucion bancaria,Con violencia,0,0,0
2689,2026,24,San Luis Potosi,El patrimonio,Robo,Robo a institucion bancaria,Sin violencia,0,0,0
2690,2026,24,San Luis Potosi,El patrimonio,Robo,Robo a negocio,Con violencia,21,32,28
2691,2026,24,San Luis Potosi,El patrimonio,Robo,Robo a negocio,Sin violencia,24,23,29
2692,2026,24,San Luis Potosi,El patrimonio,Robo,Robo de ganado,Con violencia,0,0,2
2693,2026,24,San Luis Potosi,El patrimonio,Robo,Robo de ganado,Sin violencia,17,20,8
2694,2026,24,San Luis Potosi,El patrimonio,Robo,Robo de maquinaria - Herramienta industrial o agricola,Con violencia,0,0,0
2695,2026,24,San Luis Potosi,El patrimonio,Robo,Robo de maquinaria - Herramienta industrial o agricola,Sin violencia,2,0,1
2696,2026,24,San Luis Potosi,El patrimonio,Robo,Robo de maquinaria - Tractores y/o montacargas,Con violencia,0,0,0
2697,2026,24,San Luis Potosi,El patrimonio,Robo,Robo de maquinaria - Tractores y/o montacargas,Sin violencia,0,0,0
2698,2026,24,San Luis Potosi,El patrimonio,Robo,"Robo de maquinaria - Cables, tubos y otros objetos destinados a servicios publicos",Con violencia,0,0,0
2699,2026,24,San Luis Potosi,El patrimonio,Robo,"Robo de maquinaria - Cables, tubos y otros objetos destinados a servicios publicos",Sin violencia,1,1,3
2700,2026,24,San Luis Potosi,El patrimonio,Robo,Otros robos,Con violencia,74,66,56
2701,2026,24,San Luis Potosi,El patrimonio,Robo,Otros robos,Sin violencia,421,358,417
2702,2026,24,San Luis Potosi,El patrimonio,Fraude,Fraude,Fraude,237,235,212
2703,2026,24,San Luis Potosi,El patrimonio,Abuso de confianza,Abuso de confianza,Abuso de confianza,46,53,43
2704,2026,24,San Luis Potosi,El patrimonio,Extorsion,Extorsion presencial,Extorsion presencial,0,0,0
2705,2026,24,San Luis Potosi,El patrimonio,Extorsion,Tentativa de extorsion presencial,Tentativa de extorsion presencial,0,0,0
2706,2026,24,San Luis Potosi,El patrimonio,Extorsion,Extorsion por otros medios,Extorsion por otros medios,11,14,12
2707,2026,24,San Luis Potosi,El patrimonio,Extorsion,Tentativa de extorsion por otros medios,Tentativa de extorsion por otros medios,0,0,18
2708,2026,24,San Luis Potosi,El patrimonio,Dano a la propiedad,Dano a la propiedad,Dano a la propiedad,425,429,404
2709,2026,24,San Luis Potosi,El patrimonio,Despojo,Despojo,Despojo,49,41,35
2710,2026,24,San Luis Potosi,La familia,Otros delitos contra la familia,Otros delitos contra la familia,Otros delitos contra la familia,16,14,7
2711,2026,24,San Luis Potosi,La familia,Violencia familiar,Violencia familiar,Violencia familiar,706,757,836
2712,2026,24,San Luis Potosi,La familia,Violencia de genero en todas sus modalidades distinta a la violencia familiar,Violencia de genero en todas sus modalidades distinta a la violencia familiar,Violencia de genero en todas sus modalidades distinta a la violencia familiar,0,0,0
2713,2026,24,San Luis Potosi,La familia,Incumplimiento de obligaciones de asistencia familiar,Incumplimiento de obligaciones de asistencia familiar,Incumplimiento de obligaciones de asistencia familiar,44,56,50
2714,2026,24,San Luis Potosi,La sociedad,Corrupcion de menores,Corrupcion de menores,Corrupcion de menores,0,4,2
2715,2026,24,San Luis Potosi,La sociedad,Otros delitos contra la sociedad,Otros delitos contra la sociedad,Otros delitos contra la sociedad,0,0,0
2716,2026,24,San Luis Potosi,La sociedad,Trata de personas,Trata de personas con fines de explotacion sexual,Trata de personas con fines de explotacion sexual,0,0,0
2717,2026,24,San Luis Potosi,La sociedad,Trata de personas,Trata de personas con fines de trabajo o servicios forzados,Trata de personas con fines de trabajo o servicios forzados,1,0,0
2718,2026,24,San Luis Potosi,La sociedad,Trata de personas,Trata de personas con fines de trafico de organos,Trata de personas con fines de trafico de organos,0,0,0
2719,2026,24,San Luis Potosi,La sociedad,Trata de personas,Trata de personas con otros fines,Trata de personas con otros fines,0,2,1
2720,2026,24,San Luis Potosi,La sociedad,Pornografia infantil,Pornografia infantil,Pornografia infantil,0,0,0
2721,2026,24,San Luis Potosi,La sociedad,Discriminacion,Discriminacion,Discriminacion,7,5,15
2722,2026,24,San Luis Potosi,Otros bienes juridicos afectados (del fuero comun),Narcomenudeo,Narcomenudeo posesion simple,Narcomenudeo posesion simple,1077,894,967
2723,2026,24,San Luis Potosi,Otros bienes juridicos afectados (del fuero comun),Otros delitos del Fuero Comun,Otros delitos del Fuero Comun,Otros delitos del Fuero Comun,274,230,256
2724,2026,24,San Luis Potosi,Otros bienes juridicos afectados (del fuero comun),Narcomenudeo,Narcomenudeo con fines de venta,Narcomenudeo con fines de venta,0,0,0
2725,2026,24,San Luis Potosi,Otros bienes juridicos afectados (del fuero comun),Amenazas,Amenazas,Amenazas,210,257,246
2726,2026,24,San Luis Potosi,Otros bienes juridicos afectados (del fuero comun),Allanamiento de morada,Allanamiento de morada,Allanamiento de morada,56,52,64
2727,2026,24,San Luis Potosi,Otros bienes juridicos afectados (del fuero comun),Evasion de presos,Evasion de presos,Evasion de presos,0,0,0
2728,2026,24,San Luis Potosi,Otros bienes juridicos afectados (del fuero comun),Falsedad,Falsedad,Falsedad,0,0,0
2729,2026,24,San Luis Potosi,Otros bienes juridicos afectados (del fuero comun),Falsificacion,Falsificacion,Falsificacion,13,7,15
2730,2026,24,San Luis Potosi,Otros bienes juridicos afectados (del fuero comun),Contra el medio ambiente,Contra el medio ambiente,Contra el medio ambiente,13,12,14
2731,2026,24,San Luis Potosi,Otros bienes juridicos afectados (del fuero comun),Delitos cometidos por servidores publicos,Delitos cometidos por servidores publicos,Delitos cometidos por servidores publicos,46,57,34
2732,2026,24,San Luis Potosi,Otros bienes juridicos afectados (del fuero comun),Electorales,Electorales,Electorales,0,0,1
2733,2026,24,San Luis Potosi,Otros bienes juridicos afectados (del fuero comun),Delitos contra la administracion de justicia,Delitos contra la administracion de justicia,Delitos contra la administracion de justicia,0,0,0
2734,2026,24,San Luis Potosi,Otros bienes juridicos afectados (del fuero comun),Suplantacion y usurpacion de identidad,Suplantacion y usurpacion de identidad,Suplantacion y usurpacion de identidad,0,0,0
2735,2026,24,San Luis Potosi,Otros bienes juridicos afectados (del fuero comun),Tortura,Tortura,Tortura,5,7,6
2736,2026,25,Sinaloa,La vida y la Integridad corporal,Homicidio,Homicidio doloso,Con arma blanca,6,7,4
2737,2026,25,Sinaloa,La vida y la Integridad corporal,Homicidio,Homicidio doloso,Con arma de fuego,84,84,57
2738,2026,25,Sinaloa,La vida y la Integridad corporal,Homicidio,Homicidio doloso,Con otro elemento,0,0,0
2739,2026,25,Sinaloa,La vida y la Integridad corporal,Homicidio,Homicidio doloso,No especificado,3,3,5
2740,2026,25,Sinaloa,La vida y la Integridad corporal,Homicidio,Tentativa de homicidio doloso,Tentativa de homicidio doloso,0,0,0
2741,2026,25,Sinaloa,La vida y la Integridad corporal,Homicidio,Homicidio culposo,Con arma blanca,0,0,0
2742,2026,25,Sinaloa,La vida y la Integridad corporal,Homicidio,Homicidio culposo,Con arma de fuego,0,0,0
2743,2026,25,Sinaloa,La vida y la Integridad corporal,Homicidio,Homicidio culposo,Con otro elemento,0,0,1
2744,2026,25,Sinaloa,La vida y la Integridad corporal,Homicidio,Homicidio culposo,En accidente de transito,34,35,35
2745,2026,25,Sinaloa,La vida y la Integridad corporal,Homicidio,Homicidio culposo,No especificado,0,0,0
2746,2026,25,Sinaloa,La vida y la Integridad corporal,Otros delitos que atentan contra la vida y la integridad corporal,Otros delitos que atentan contra la vida y la integridad corporal,Otros delitos que atentan contra la vida y la integridad corporal,21,15,0
2747,2026,25,Sinaloa,La vida y la Integridad corporal,Lesiones,Lesiones dolosas,Con arma blanca,12,19,22
2748,2026,25,Sinaloa,La vida y la Integridad corporal,Lesiones,Lesiones dolosas,Con arma de fuego,34,24,29
2749,2026,25,Sinaloa,La vida y la Integridad corporal,Lesiones,Lesiones dolosas,Con otro elemento,191,202,331
2750,2026,25,Sinaloa,La vida y la Integridad corporal,Lesiones,Lesiones dolosas,No especificado,31,42,33
2751,2026,25,Sinaloa,La vida y la Integridad corporal,Lesiones,Lesiones culposas,Con arma blanca,0,0,0
2752,2026,25,Sinaloa,La vida y la Integridad corporal,Lesiones,Lesiones culposas,Con arma de fuego,1,1,0
2753,2026,25,Sinaloa,La vida y la Integridad corporal,Lesiones,Lesiones culposas,Con otro elemento,0,0,2
2754,2026,25,Sinaloa,La vida y la Integridad corporal,Lesiones,Lesiones culposas,En accidente de transito,86,93,113
2755,2026,25,Sinaloa,La vida y la Integridad corporal,Lesiones,Lesiones culposas,No especificado,4,8,7
2756,2026,25,Sinaloa,La vida y la Integridad corporal,Feminicidio,Feminicidio,Con arma blanca,0,1,0
2757,2026,25,Sinaloa,La vida y la Integridad corporal,Feminicidio,Feminicidio,Con arma de fuego,6,4,2
2758,2026,25,Sinaloa,La vida y la Integridad corporal,Feminicidio,Feminicidio,Con otro elemento,0,0,0
2759,2026,25,Sinaloa,La vida y la Integridad corporal,Feminicidio,Feminicidio,No especificado,1,0,0
2760,2026,25,Sinaloa,La vida y la Integridad corporal,Feminicidio,Tentativa de feminicidio,Tentativa de feminicidio,0,0,0
2761,2026,25,Sinaloa,La vida y la Integridad corporal,Aborto,Aborto,Aborto,0,0,0
2762,2026,25,Sinaloa,Libertad personal,Otros delitos que atentan contra la libertad personal,Otros delitos que atentan contra la libertad personal,Otros delitos que atentan contra la libertad personal,44,54,27
2763,2026,25,Sinaloa,Libertad personal,Secuestro,Secuestro extorsivo,Secuestro extorsivo,1,2,2
2764,2026,25,Sinaloa,Libertad personal,Secuestro,Secuestro con calidad de rehen,Secuestro con calidad de rehen,0,0,0
2765,2026,25,Sinaloa,Libertad personal,Secuestro,Secuestro para causar dano,Secuestro para causar dano,0,0,0
2766,2026,25,Sinaloa,Libertad personal,Secuestro,Secuestro expres,Secuestro expres,0,0,0
2767,2026,25,Sinaloa,Libertad personal,Trafico de menores,Trafico de menores,Trafico de menores,0,0,0
2768,2026,25,Sinaloa,Libertad personal,Rapto,Rapto,Rapto,0,0,0
2769,2026,25,Sinaloa,Libertad personal,Privacion ilegal de la libertad,Privacion ilegal de la libertad,Privacion ilegal de la libertad,109,101,126
2770,2026,25,Sinaloa,Libertad personal,Retencion o sustraccion de menores e incapaces,Retencion o sustraccion de menores e incapaces,Retencion o sustraccion de menores e incapaces,24,28,29
2771,2026,25,Sinaloa,La libertad y la seguridad sexual,Abuso sexual,Abuso sexual,Abuso sexual,21,48,45
2772,2026,25,Sinaloa,La libertad y la seguridad sexual,Otros delitos que atentan contra la libertad y la seguridad sexual,Otros delitos que atentan contra la libertad y la seguridad sexual,Otros delitos que atentan contra la libertad y la seguridad sexual,11,18,14
2773,2026,25,Sinaloa,La libertad y la seguridad sexual,Acoso sexual,Acoso sexual,Acoso sexual,15,8,23
2774,2026,25,Sinaloa,La libertad y la seguridad sexual,Hostigamiento sexual,Hostigamiento sexual,Hostigamiento sexual,0,1,1
2775,2026,25,Sinaloa,La libertad y la seguridad sexual,Incesto,Incesto,Incesto,0,0,1
2776,2026,25,Sinaloa,La libertad y la seguridad sexual,Violacion,Violacion simple,Violacion simple,17,27,35
2777,2026,25,Sinaloa,La libertad y la seguridad sexual,Violacion,Violacion equiparada,Violacion equiparada,11,6,5
2778,2026,25,Sinaloa,La libertad y la seguridad sexual,Violacion a la intimidad sexual,Violacion a la intimidad sexual,Violacion a la intimidad sexual,0,0,0
2779,2026,25,Sinaloa,El patrimonio,Otros delitos contra el patrimonio,Otros delitos contra el patrimonio,Otros delitos contra el patrimonio,2,6,8
2780,2026,25,Sinaloa,El patrimonio,Robo,Robo a casa habitacion,Con violencia,0,2,2
2781,2026,25,Sinaloa,El patrimonio,Robo,Robo a casa habitacion,Sin violencia,28,40,42
2782,2026,25,Sinaloa,El patrimonio,Robo,Robo de vehiculo automotor - Coche de 4 ruedas,Con violencia,262,197,167
2783,2026,25,Sinaloa,El patrimonio,Robo,Robo de vehiculo automotor - Coche de 4 ruedas,Sin violencia,39,27,40
2784,2026,25,Sinaloa,El patrimonio,Robo,Robo de vehiculo automotor - Motocicleta,Con violencia,68,88,96
2785,2026,25,Sinaloa,El patrimonio,Robo,Robo de vehiculo automotor - Motocicleta,Sin violencia,105,69,98
2786,2026,25,Sinaloa,El patrimonio,Robo,Robo de vehiculo automotor - Embarcaciones,Con violencia,0,0,0
2787,2026,25,Sinaloa,El patrimonio,Robo,Robo de vehiculo automotor - Embarcaciones,Sin violencia,0,0,0
2788,2026,25,Sinaloa,El patrimonio,Robo,Robo de autopartes,Con violencia,0,0,0
2789,2026,25,Sinaloa,El patrimonio,Robo,Robo de autopartes,Sin violencia,0,0,0
2790,2026,25,Sinaloa,El patrimonio,Robo,Robo a transportista,Con violencia,0,0,0
2791,2026,25,Sinaloa,El patrimonio,Robo,Robo a transportista,Sin violencia,0,0,0
2792,2026,25,Sinaloa,El patrimonio,Robo,Robo a transeunte en via publica,Con violencia,0,1,0
2793,2026,25,Sinaloa,El patrimonio,Robo,Robo a transeunte en via publica,Sin violencia,0,0,2
2794,2026,25,Sinaloa,El patrimonio,Robo,Robo a transeunte en espacio abierto al publico,Con violencia,0,0,0
2795,2026,25,Sinaloa,El patrimonio,Robo,Robo a transeunte en espacio abierto al publico,Sin violencia,0,0,0
2796,2026,25,Sinaloa,El patrimonio,Robo,Robo en transporte publico individual,Con violencia,0,0,0
2797,2026,25,Sinaloa,El patrimonio,Robo,Robo en transporte publico individual,Sin violencia,0,0,0
2798,2026,25,Sinaloa,El patrimonio,Robo,Robo en transporte publico colectivo,Con violencia,0,0,0
2799,2026,25,Sinaloa,El patrimonio,Robo,Robo en transporte publico colectivo,Sin violencia,0,0,0
2800,2026,25,Sinaloa,El patrimonio,Robo,Robo en transporte individual,Con violencia,0,4,0
2801,2026,25,Sinaloa,El patrimonio,Robo,Robo en transporte individual,Sin violencia,0,0,0
2802,2026,25,Sinaloa,El patrimonio,Robo,Robo a institucion bancaria,Con violencia,0,0,0
2803,2026,25,Sinaloa,El patrimonio,Robo,Robo a institucion bancaria,Sin violencia,0,0,0
2804,2026,25,Sinaloa,El patrimonio,Robo,Robo a negocio,Con violencia,80,63,102
2805,2026,25,Sinaloa,El patrimonio,Robo,Robo a negocio,Sin violencia,65,61,62
2806,2026,25,Sinaloa,El patrimonio,Robo,Robo de ganado,Con violencia,0,0,0
2807,2026,25,Sinaloa,El patrimonio,Robo,Robo de ganado,Sin violencia,2,2,2
2808,2026,25,Sinaloa,El patrimonio,Robo,Robo de maquinaria - Herramienta industrial o agricola,Con violencia,0,0,0
2809,2026,25,Sinaloa,El patrimonio,Robo,Robo de maquinaria - Herramienta industrial o agricola,Sin violencia,0,0,0
2810,2026,25,Sinaloa,El patrimonio,Robo,Robo de maquinaria - Tractores y/o montacargas,Con violencia,0,0,0
2811,2026,25,Sinaloa,El patrimonio,Robo,Robo de maquinaria - Tractores y/o montacargas,Sin violencia,0,0,0
2812,2026,25,Sinaloa,El patrimonio,Robo,"Robo de maquinaria - Cables, tubos y otros objetos destinados a servicios publicos",Con violencia,0,0,0
2813,2026,25,Sinaloa,El patrimonio,Robo,"Robo de maquinaria - Cables, tubos y otros objetos destinados a servicios publicos",Sin violencia,0,0,0
2814,2026,25,Sinaloa,El patrimonio,Robo,Otros robos,Con violencia,61,78,81
2815,2026,25,Sinaloa,El patrimonio,Robo,Otros robos,Sin violencia,165,176,210
2816,2026,25,Sinaloa,El patrimonio,Fraude,Fraude,Fraude,75,96,132
2817,2026,25,Sinaloa,El patrimonio,Abuso de confianza,Abuso de confianza,Abuso de confianza,28,29,28
2818,2026,25,Sinaloa,El patrimonio,Extorsion,Extorsion presencial,Extorsion presencial,6,10,6
2819,2026,25,Sinaloa,El patrimonio,Extorsion,Tentativa de extorsion presencial,Tentativa de extorsion presencial,0,0,0
2820,2026,25,Sinaloa,El patrimonio,Extorsion,Extorsion por otros medios,Extorsion por otros medios,0,0,0
2821,2026,25,Sinaloa,El patrimonio,Extorsion,Tentativa de extorsion por otros medios,Tentativa de extorsion por otros medios,0,0,0
2822,2026,25,Sinaloa,El patrimonio,Dano a la propiedad,Dano a la propiedad,Dano a la propiedad,238,254,254
2823,2026,25,Sinaloa,El patrimonio,Despojo,Despojo,Despojo,28,39,64
2824,2026,25,Sinaloa,La familia,Otros delitos contra la familia,Otros delitos contra la familia,Otros delitos contra la familia,26,34,35
2825,2026,25,Sinaloa,La familia,Violencia familiar,Violencia familiar,Violencia familiar,521,541,657
2826,2026,25,Sinaloa,La familia,Violencia de genero en todas sus modalidades distinta a la violencia familiar,Violencia de genero en todas sus modalidades distinta a la violencia familiar,Violencia de genero en todas sus modalidades distinta a la violencia familiar,0,0,0
2827,2026,25,Sinaloa,La familia,Incumplimiento de obligaciones de asistencia familiar,Incumplimiento de obligaciones de asistencia familiar,Incumplimiento de obligaciones de asistencia familiar,24,22,28
2828,2026,25,Sinaloa,La sociedad,Corrupcion de menores,Corrupcion de menores,Corrupcion de menores,2,8,7
2829,2026,25,Sinaloa,La sociedad,Otros delitos contra la sociedad,Otros delitos contra la sociedad,Otros delitos contra la sociedad,23,33,24
2830,2026,25,Sinaloa,La sociedad,Trata de personas,Trata de personas con fines de explotacion sexual,Trata de personas con fines de explotacion sexual,0,0,1
2831,2026,25,Sinaloa,La sociedad,Trata de personas,Trata de personas con fines de trabajo o servicios forzados,Trata de personas con fines de trabajo o servicios forzados,0,0,1
2832,2026,25,Sinaloa,La sociedad,Trata de personas,Trata de personas con fines de trafico de organos,Trata de personas con fines de trafico de organos,0,0,0
2833,2026,25,Sinaloa,La sociedad,Trata de personas,Trata de personas con otros fines,Trata de personas con otros fines,0,0,0
2834,2026,25,Sinaloa,La sociedad,Pornografia infantil,Pornografia infantil,Pornografia infantil,0,0,0
2835,2026,25,Sinaloa,La sociedad,Discriminacion,Discriminacion,Discriminacion,3,11,7
2836,2026,25,Sinaloa,Otros bienes juridicos afectados (del fuero comun),Narcomenudeo,Narcomenudeo posesion simple,Narcomenudeo posesion simple,17,16,19
2837,2026,25,Sinaloa,Otros bienes juridicos afectados (del fuero comun),Otros delitos del Fuero Comun,Otros delitos del Fuero Comun,Otros delitos del Fuero Comun,30,52,54
2838,2026,25,Sinaloa,Otros bienes juridicos afectados (del fuero comun),Narcomenudeo,Narcomenudeo con fines de venta,Narcomenudeo con fines de venta,16,18,13
2839,2026,25,Sinaloa,Otros bienes juridicos afectados (del fuero comun),Amenazas,Amenazas,Amenazas,214,239,309
2840,2026,25,Sinaloa,Otros bienes juridicos afectados (del fuero comun),Allanamiento de morada,Allanamiento de morada,Allanamiento de morada,6,7,7
2841,2026,25,Sinaloa,Otros bienes juridicos afectados (del fuero comun),Evasion de presos,Evasion de presos,Evasion de presos,0,0,1
2842,2026,25,Sinaloa,Otros bienes juridicos afectados (del fuero comun),Falsedad,Falsedad,Falsedad,2,4,5
2843,2026,25,Sinaloa,Otros bienes juridicos afectados (del fuero comun),Falsificacion,Falsificacion,Falsificacion,17,31,33
2844,2026,25,Sinaloa,Otros bienes juridicos afectados (del fuero comun),Contra el medio ambiente,Contra el medio ambiente,Contra el medio ambiente,0,0,0
2845,2026,25,Sinaloa,Otros bienes juridicos afectados (del fuero comun),Delitos cometidos por servidores publicos,Delitos cometidos por servidores publicos,Delitos cometidos por servidores publicos,21,20,17
2846,2026,25,Sinaloa,Otros bienes juridicos afectados (del fuero comun),Electorales,Electorales,Electorales,0,0,0
2847,2026,25,Sinaloa,Otros bienes juridicos afectados (del fuero comun),Delitos contra la administracion de justicia,Delitos contra la administracion de justicia,Delitos contra la administracion de justicia,2,0,1
2848,2026,25,Sinaloa,Otros bienes juridicos afectados (del fuero comun),Suplantacion y usurpacion de identidad,Suplantacion y usurpacion de identidad,Suplantacion y usurpacion de identidad,33,28,40
2849,2026,25,Sinaloa,Otros bienes juridicos afectados (del fuero comun),Tortura,Tortura,Tortura,0,0,0
2850,2026,26,Sonora,La vida y la Integridad corporal,Homicidio,Homicidio doloso,Con arma blanca,2,4,4
2851,2026,26,Sonora,La vida y la Integridad corporal,Homicidio,Homicidio doloso,Con arma de fuego,55,32,48
2852,2026,26,Sonora,La vida y la Integridad corporal,Homicidio,Homicidio doloso,Con otro elemento,14,12,16
2853,2026,26,Sonora,La vida y la Integridad corporal,Homicidio,Homicidio doloso,No especificado,0,0,0
2854,2026,26,Sonora,La vida y la Integridad corporal,Homicidio,Tentativa de homicidio doloso,Tentativa de homicidio doloso,35,38,8
2855,2026,26,Sonora,La vida y la Integridad corporal,Homicidio,Homicidio culposo,Con arma blanca,0,0,0
2856,2026,26,Sonora,La vida y la Integridad corporal,Homicidio,Homicidio culposo,Con arma de fuego,0,0,0
2857,2026,26,Sonora,La vida y la Integridad corporal,Homicidio,Homicidio culposo,Con otro elemento,0,0,2
2858,2026,26,Sonora,La vida y la Integridad corporal,Homicidio,Homicidio culposo,En accidente de transito,14,16,33
2859,2026,26,Sonora,La vida y la Integridad corporal,Homicidio,Homicidio culposo,No especificado,0,0,0
2860,2026,26,Sonora,La vida y la Integridad corporal,Otros delitos que atentan contra la vida y la integridad corporal,Otros delitos que atentan contra la vida y la integridad corporal,Otros delitos que atentan contra la vida y la integridad corporal,5,6,6
2861,2026,26,Sonora,La vida y la Integridad corporal,Lesiones,Lesiones dolosas,Con arma blanca,6,16,16
2862,2026,26,Sonora,La vida y la Integridad corporal,Lesiones,Lesiones dolosas,Con arma de fuego,1,5,29
2863,2026,26,Sonora,La vida y la Integridad corporal,Lesiones,Lesiones dolosas,Con otro elemento,70,102,131
2864,2026,26,Sonora,La vida y la Integridad corporal,Lesiones,Lesiones dolosas,No especificado,0,0,0
2865,2026,26,Sonora,La vida y la Integridad corporal,Lesiones,Lesiones culposas,Con arma blanca,0,0,0
2866,2026,26,Sonora,La vida y la Integridad corporal,Lesiones,Lesiones culposas,Con arma de fuego,0,0,0
2867,2026,26,Sonora,La vida y la Integridad corporal,Lesiones,Lesiones culposas,Con otro elemento,3,9,6
2868,2026,26,Sonora,La vida y la Integridad corporal,Lesiones,Lesiones culposas,En accidente de transito,45,51,68
2869,2026,26,Sonora,La vida y la Integridad corporal,Lesiones,Lesiones culposas,No especificado,0,0,0
2870,2026,26,Sonora,La vida y la Integridad corporal,Feminicidio,Feminicidio,Con arma blanca,0,1,1
2871,2026,26,Sonora,La vida y la Integridad corporal,Feminicidio,Feminicidio,Con arma de fuego,0,1,1
2872,2026,26,Sonora,La vida y la Integridad corporal,Feminicidio,Feminicidio,Con otro elemento,2,2,2
2873,2026,26,Sonora,La vida y la Integridad corporal,Feminicidio,Feminicidio,No especificado,0,0,0
2874,2026,26,Sonora,La vida y la Integridad corporal,Feminicidio,Tentativa de feminicidio,Tentativa de feminicidio,7,5,3
2875,2026,26,Sonora,La vida y la Integridad corporal,Aborto,Aborto,Aborto,0,1,1
2876,2026,26,Sonora,Libertad personal,Otros delitos que atentan contra la libertad personal,Otros delitos que atentan contra la libertad personal,Otros delitos que atentan contra la libertad personal,6,5,2
2877,2026,26,Sonora,Libertad personal,Secuestro,Secuestro extorsivo,Secuestro extorsivo,2,1,0
2878,2026,26,Sonora,Libertad personal,Secuestro,Secuestro con calidad de rehen,Secuestro con calidad de rehen,0,0,0
2879,2026,26,Sonora,Libertad personal,Secuestro,Secuestro para causar dano,Secuestro para causar dano,1,0,0
2880,2026,26,Sonora,Libertad personal,Secuestro,Secuestro expres,Secuestro expres,0,0,0
2881,2026,26,Sonora,Libertad personal,Trafico de menores,Trafico de menores,Trafico de menores,0,0,0
2882,2026,26,Sonora,Libertad personal,Rapto,Rapto,Rapto,0,0,0
2883,2026,26,Sonora,Libertad personal,Privacion ilegal de la libertad,Privacion ilegal de la libertad,Privacion ilegal de la libertad,30,32,32
2884,2026,26,Sonora,Libertad personal,Retencion o sustraccion de menores e incapaces,Retencion o sustraccion de menores e incapaces,Retencion o sustraccion de menores e incapaces,4,1,3
2885,2026,26,Sonora,La libertad y la seguridad sexual,Abuso sexual,Abuso sexual,Abuso sexual,32,55,58
2886,2026,26,Sonora,La libertad y la seguridad sexual,Otros delitos que atentan contra la libertad y la seguridad sexual,Otros delitos que atentan contra la libertad y la seguridad sexual,Otros delitos que atentan contra la libertad y la seguridad sexual,6,4,2
2887,2026,26,Sonora,La libertad y la seguridad sexual,Acoso sexual,Acoso sexual,Acoso sexual,3,11,3
2888,2026,26,Sonora,La libertad y la seguridad sexual,Hostigamiento sexual,Hostigamiento sexual,Hostigamiento sexual,0,1,0
2889,2026,26,Sonora,La libertad y la seguridad sexual,Incesto,Incesto,Incesto,0,0,0
2890,2026,26,Sonora,La libertad y la seguridad sexual,Violacion,Violacion simple,Violacion simple,16,10,8
2891,2026,26,Sonora,La libertad y la seguridad sexual,Violacion,Violacion equiparada,Violacion equiparada,3,5,3
2892,2026,26,Sonora,La libertad y la seguridad sexual,Violacion a la intimidad sexual,Violacion a la intimidad sexual,Violacion a la intimidad sexual,4,5,4
2893,2026,26,Sonora,El patrimonio,Otros delitos contra el patrimonio,Otros delitos contra el patrimonio,Otros delitos contra el patrimonio,41,49,51
2894,2026,26,Sonora,El patrimonio,Robo,Robo a casa habitacion,Con violencia,7,4,11
2895,2026,26,Sonora,El patrimonio,Robo,Robo a casa habitacion,Sin violencia,8,15,16
2896,2026,26,Sonora,El patrimonio,Robo,Robo de vehiculo automotor - Coche de 4 ruedas,Con violencia,34,23,30
2897,2026,26,Sonora,El patrimonio,Robo,Robo de vehiculo automotor - Coche de 4 ruedas,Sin violencia,74,86,94
2898,2026,26,Sonora,El patrimonio,Robo,Robo de vehiculo automotor - Motocicleta,Con violencia,12,13,14
2899,2026,26,Sonora,El patrimonio,Robo,Robo de vehiculo automotor - Motocicleta,Sin violencia,37,64,57
2900,2026,26,Sonora,El patrimonio,Robo,Robo de vehiculo automotor - Embarcaciones,Con violencia,0,0,0
2901,2026,26,Sonora,El patrimonio,Robo,Robo de vehiculo automotor - Embarcaciones,Sin violencia,0,0,0
2902,2026,26,Sonora,El patrimonio,Robo,Robo de autopartes,Con violencia,2,0,4
2903,2026,26,Sonora,El patrimonio,Robo,Robo de autopartes,Sin violencia,5,2,4
2904,2026,26,Sonora,El patrimonio,Robo,Robo a transportista,Con violencia,1,0,0
2905,2026,26,Sonora,El patrimonio,Robo,Robo a transportista,Sin violencia,1,0,0
2906,2026,26,Sonora,El patrimonio,Robo,Robo a transeunte en via publica,Con violencia,11,6,6
2907,2026,26,Sonora,El patrimonio,Robo,Robo a transeunte en via publica,Sin violencia,6,3,4
2908,2026,26,Sonora,El patrimonio,Robo,Robo a transeunte en espacio abierto al publico,Con violencia,2,1,2
2909,2026,26,Sonora,El patrimonio,Robo,Robo a transeunte en espacio abierto al publico,Sin violencia,2,0,4
2910,2026,26,Sonora,El patrimonio,Robo,Robo en transporte publico individual,Con violencia,0,0,0
2911,2026,26,Sonora,El patrimonio,Robo,Robo en transporte publico individual,Sin violencia,0,0,0
2912,2026,26,Sonora,El patrimonio,Robo,Robo en transporte publico colectivo,Con violencia,0,0,0
2913,2026,26,Sonora,El patrimonio,Robo,Robo en transporte publico colectivo,Sin violencia,0,0,0
2914,2026,26,Sonora,El patrimonio,Robo,Robo en transporte individual,Con violencia,1,0,0
2915,2026,26,Sonora,El patrimonio,Robo,Robo en transporte individual,Sin violencia,0,0,0
2916,2026,26,Sonora,El patrimonio,Robo,Robo a institucion bancaria,Con violencia,0,0,0
2917,2026,26,Sonora,El patrimonio,Robo,Robo a institucion bancaria,Sin violencia,0,0,0
2918,2026,26,Sonora,El patrimonio,Robo,Robo a negocio,Con violencia,7,5,11
2919,2026,26,Sonora,El patrimonio,Robo,Robo a negocio,Sin violencia,23,19,14
2920,2026,26,Sonora,El patrimonio,Robo,Robo de ganado,Con violencia,0,0,1
2921,2026,26,Sonora,El patrimonio,Robo,Robo de ganado,Sin violencia,2,0,1
2922,2026,26,Sonora,El patrimonio,Robo,Robo de maquinaria - Herramienta industrial o agricola,Con violencia,0,0,0
2923,2026,26,Sonora,El patrimonio,Robo,Robo de maquinaria - Herramienta industrial o agricola,Sin violencia,1,0,2
2924,2026,26,Sonora,El patrimonio,Robo,Robo de maquinaria - Tractores y/o montacargas,Con violencia,1,0,0
2925,2026,26,Sonora,El patrimonio,Robo,Robo de maquinaria - Tractores y/o montacargas,Sin violencia,0,0,1
2926,2026,26,Sonora,El patrimonio,Robo,"Robo de maquinaria - Cables, tubos y otros objetos destinados a servicios publicos",Con violencia,0,0,0
2927,2026,26,Sonora,El patrimonio,Robo,"Robo de maquinaria - Cables, tubos y otros objetos destinados a servicios publicos",Sin violencia,0,0,0
2928,2026,26,Sonora,El patrimonio,Robo,Otros robos,Con violencia,69,60,87
2929,2026,26,Sonora,El patrimonio,Robo,Otros robos,Sin violencia,33,26,35
2930,2026,26,Sonora,El patrimonio,Fraude,Fraude,Fraude,22,18,61
2931,2026,26,Sonora,El patrimonio,Abuso de confianza,Abuso de confianza,Abuso de confianza,7,7,9
2932,2026,26,Sonora,El patrimonio,Extorsion,Extorsion presencial,Extorsion presencial,3,0,0
2933,2026,26,Sonora,El patrimonio,Extorsion,Tentativa de extorsion presencial,Tentativa de extorsion presencial,0,0,0
2934,2026,26,Sonora,El patrimonio,Extorsion,Extorsion por otros medios,Extorsion por otros medios,3,3,0
2935,2026,26,Sonora,El patrimonio,Extorsion,Tentativa de extorsion por otros medios,Tentativa de extorsion por otros medios,1,0,0
2936,2026,26,Sonora,El patrimonio,Dano a la propiedad,Dano a la propiedad,Dano a la propiedad,113,174,202
2937,2026,26,Sonora,El patrimonio,Despojo,Despojo,Despojo,12,27,30
2938,2026,26,Sonora,La familia,Otros delitos contra la familia,Otros delitos contra la familia,Otros delitos contra la familia,7,9,14
2939,2026,26,Sonora,La familia,Violencia familiar,Violencia familiar,Violencia familiar,382,398,522
2940,2026,26,Sonora,La familia,Violencia de genero en todas sus modalidades distinta a la violencia familiar,Violencia de genero en todas sus modalidades distinta a la violencia familiar,Violencia de genero en todas sus modalidades distinta a la violencia familiar,0,1,1
2941,2026,26,Sonora,La familia,Incumplimiento de obligaciones de asistencia familiar,Incumplimiento de obligaciones de asistencia familiar,Incumplimiento de obligaciones de asistencia familiar,110,143,202
2942,2026,26,Sonora,La sociedad,Corrupcion de menores,Corrupcion de menores,Corrupcion de menores,5,5,7
2943,2026,26,Sonora,La sociedad,Otros delitos contra la sociedad,Otros delitos contra la sociedad,Otros delitos contra la sociedad,8,11,18
2944,2026,26,Sonora,La sociedad,Trata de personas,Trata de personas con fines de explotacion sexual,Trata de personas con fines de explotacion sexual,0,0,0
2945,2026,26,Sonora,La sociedad,Trata de personas,Trata de personas con fines de trabajo o servicios forzados,Trata de personas con fines de trabajo o servicios forzados,0,0,0
2946,2026,26,Sonora,La sociedad,Trata de personas,Trata de personas con fines de trafico de organos,Trata de personas con fines de trafico de organos,0,0,0
2947,2026,26,Sonora,La sociedad,Trata de personas,Trata de personas con otros fines,Trata de personas con otros fines,0,0,0
2948,2026,26,Sonora,La sociedad,Pornografia infantil,Pornografia infantil,Pornografia infantil,0,1,0
2949,2026,26,Sonora,La sociedad,Discriminacion,Discriminacion,Discriminacion,1,0,0
2950,2026,26,Sonora,Otros bienes juridicos afectados (del fuero comun),Narcomenudeo,Narcomenudeo posesion simple,Narcomenudeo posesion simple,167,168,255
2951,2026,26,Sonora,Otros bienes juridicos afectados (del fuero comun),Otros delitos del Fuero Comun,Otros delitos del Fuero Comun,Otros delitos del Fuero Comun,159,176,177
2952,2026,26,Sonora,Otros bienes juridicos afectados (del fuero comun),Narcomenudeo,Narcomenudeo con fines de venta,Narcomenudeo con fines de venta,225,346,484
2953,2026,26,Sonora,Otros bienes juridicos afectados (del fuero comun),Amenazas,Amenazas,Amenazas,76,109,152
2954,2026,26,Sonora,Otros bienes juridicos afectados (del fuero comun),Allanamiento de morada,Allanamiento de morada,Allanamiento de morada,31,36,37
2955,2026,26,Sonora,Otros bienes juridicos afectados (del fuero comun),Evasion de presos,Evasion de presos,Evasion de presos,0,0,0
2956,2026,26,Sonora,Otros bienes juridicos afectados (del fuero comun),Falsedad,Falsedad,Falsedad,4,4,3
2957,2026,26,Sonora,Otros bienes juridicos afectados (del fuero comun),Falsificacion,Falsificacion,Falsificacion,4,4,1
2958,2026,26,Sonora,Otros bienes juridicos afectados (del fuero comun),Contra el medio ambiente,Contra el medio ambiente,Contra el medio ambiente,0,8,10
2959,2026,26,Sonora,Otros bienes juridicos afectados (del fuero comun),Delitos cometidos por servidores publicos,Delitos cometidos por servidores publicos,Delitos cometidos por servidores publicos,2,3,12
2960,2026,26,Sonora,Otros bienes juridicos afectados (del fuero comun),Electorales,Electorales,Electorales,0,0,0
2961,2026,26,Sonora,Otros bienes juridicos afectados (del fuero comun),Delitos contra la administracion de justicia,Delitos contra la administracion de justicia,Delitos contra la administracion de justicia,0,0,1
2962,2026,26,Sonora,Otros bienes juridicos afectados (del fuero comun),Suplantacion y usurpacion de identidad,Suplantacion y usurpacion de identidad,Suplantacion y usurpacion de identidad,1,1,6
2963,2026,26,Sonora,Otros bienes juridicos afectados (del fuero comun),Tortura,Tortura,Tortura,0,0,0
2964,2026,27,Tabasco,La vida y la Integridad corporal,Homicidio,Homicidio doloso,Con arma blanca,4,33,6
2965,2026,27,Tabasco,La vida y la Integridad corporal,Homicidio,Homicidio doloso,Con arma de fuego,36,3,41
2966,2026,27,Tabasco,La vida y la Integridad corporal,Homicidio,Homicidio doloso,Con otro elemento,5,2,1
2967,2026,27,Tabasco,La vida y la Integridad corporal,Homicidio,Homicidio doloso,No especificado,0,2,1
2968,2026,27,Tabasco,La vida y la Integridad corporal,Homicidio,Tentativa de homicidio doloso,Tentativa de homicidio doloso,1,3,5
2969,2026,27,Tabasco,La vida y la Integridad corporal,Homicidio,Homicidio culposo,Con arma blanca,0,1,0
2970,2026,27,Tabasco,La vida y la Integridad corporal,Homicidio,Homicidio culposo,Con arma de fuego,0,2,0
2971,2026,27,Tabasco,La vida y la Integridad corporal,Homicidio,Homicidio culposo,Con otro elemento,2,1,33
2972,2026,27,Tabasco,La vida y la Integridad corporal,Homicidio,Homicidio culposo,En accidente de transito,28,20,0
2973,2026,27,Tabasco,La vida y la Integridad corporal,Homicidio,Homicidio culposo,No especificado,1,8,8
2974,2026,27,Tabasco,La vida y la Integridad corporal,Otros delitos que atentan contra la vida y la integridad corporal,Otros delitos que atentan contra la vida y la integridad corporal,Otros delitos que atentan contra la vida y la integridad corporal,31,0,1
2975,2026,27,Tabasco,La vida y la Integridad corporal,Lesiones,Lesiones dolosas,Con arma blanca,25,16,38
2976,2026,27,Tabasco,La vida y la Integridad corporal,Lesiones,Lesiones dolosas,Con arma de fuego,21,26,31
2977,2026,27,Tabasco,La vida y la Integridad corporal,Lesiones,Lesiones dolosas,Con otro elemento,148,45,85
2978,2026,27,Tabasco,La vida y la Integridad corporal,Lesiones,Lesiones dolosas,No especificado,39,186,195
2979,2026,27,Tabasco,La vida y la Integridad corporal,Lesiones,Lesiones culposas,Con arma blanca,8,1,0
2980,2026,27,Tabasco,La vida y la Integridad corporal,Lesiones,Lesiones culposas,Con arma de fuego,0,0,0
2981,2026,27,Tabasco,La vida y la Integridad corporal,Lesiones,Lesiones culposas,Con otro elemento,0,27,86
2982,2026,27,Tabasco,La vida y la Integridad corporal,Lesiones,Lesiones culposas,En accidente de transito,0,0,0
2983,2026,27,Tabasco,La vida y la Integridad corporal,Lesiones,Lesiones culposas,No especificado,72,57,16
2984,2026,27,Tabasco,La vida y la Integridad corporal,Feminicidio,Feminicidio,Con arma blanca,0,0,0
2985,2026,27,Tabasco,La vida y la Integridad corporal,Feminicidio,Feminicidio,Con arma de fuego,0,0,0
2986,2026,27,Tabasco,La vida y la Integridad corporal,Feminicidio,Feminicidio,Con otro elemento,0,0,0
2987,2026,27,Tabasco,La vida y la Integridad corporal,Feminicidio,Feminicidio,No especificado,0,1,1
2988,2026,27,Tabasco,La vida y la Integridad corporal,Feminicidio,Tentativa de feminicidio,Tentativa de feminicidio,4,2,4
2989,2026,27,Tabasco,La vida y la Integridad corporal,Aborto,Aborto,Aborto,0,0,0
2990,2026,27,Tabasco,Libertad personal,Otros delitos que atentan contra la libertad personal,Otros delitos que atentan contra la libertad personal,Otros delitos que atentan contra la libertad personal,1,0,0
2991,2026,27,Tabasco,Libertad personal,Secuestro,Secuestro extorsivo,Secuestro extorsivo,1,2,0
2992,2026,27,Tabasco,Libertad personal,Secuestro,Secuestro con calidad de rehen,Secuestro con calidad de rehen,0,0,0
2993,2026,27,Tabasco,Libertad personal,Secuestro,Secuestro para causar dano,Secuestro para causar dano,0,0,0
2994,2026,27,Tabasco,Libertad personal,Secuestro,Secuestro expres,Secuestro expres,0,2,1
2995,2026,27,Tabasco,Libertad personal,Trafico de menores,Trafico de menores,Trafico de menores,0,0,0
2996,2026,27,Tabasco,Libertad personal,Rapto,Rapto,Rapto,0,0,0
2997,2026,27,Tabasco,Libertad personal,Privacion ilegal de la libertad,Privacion ilegal de la libertad,Privacion ilegal de la libertad,5,3,6
2998,2026,27,Tabasco,Libertad personal,Retencion o sustraccion de menores e incapaces,Retencion o sustraccion de menores e incapaces,Retencion o sustraccion de menores e incapaces,23,27,26
2999,2026,27,Tabasco,La libertad y la seguridad sexual,Abuso sexual,Abuso sexual,Abuso sexual,24,26,27
3000,2026,27,Tabasco,La libertad y la seguridad sexual,Otros delitos que atentan contra la libertad y la seguridad sexual,Otros delitos que atentan contra la libertad y la seguridad sexual,Otros delitos que atentan contra la libertad y la seguridad sexual,48,44,49
3001,2026,27,Tabasco,La libertad y la seguridad sexual,Acoso sexual,Acoso sexual,Acoso sexual,0,2,7
3002,2026,27,Tabasco,La libertad y la seguridad sexual,Hostigamiento sexual,Hostigamiento sexual,Hostigamiento sexual,11,20,11
3003,2026,27,Tabasco,La libertad y la seguridad sexual,Incesto,Incesto,Incesto,0,0,0
3004,2026,27,Tabasco,La libertad y la seguridad sexual,Violacion,Violacion simple,Violacion simple,15,16,19
3005,2026,27,Tabasco,La libertad y la seguridad sexual,Violacion,Violacion equiparada,Violacion equiparada,0,0,0
3006,2026,27,Tabasco,La libertad y la seguridad sexual,Violacion a la intimidad sexual,Violacion a la intimidad sexual,Violacion a la intimidad sexual,4,1,4
3007,2026,27,Tabasco,El patrimonio,Otros delitos contra el patrimonio,Otros delitos contra el patrimonio,Otros delitos contra el patrimonio,38,40,47
3008,2026,27,Tabasco,El patrimonio,Robo,Robo a casa habitacion,Con violencia,17,5,8
3009,2026,27,Tabasco,El patrimonio,Robo,Robo a casa habitacion,Sin violencia,59,30,28
3010,2026,27,Tabasco,El patrimonio,Robo,Robo de vehiculo automotor - Coche de 4 ruedas,Con violencia,36,27,26
3011,2026,27,Tabasco,El patrimonio,Robo,Robo de vehiculo automotor - Coche de 4 ruedas,Sin violencia,40,36,34
3012,2026,27,Tabasco,El patrimonio,Robo,Robo de vehiculo automotor - Motocicleta,Con violencia,31,17,26
3013,2026,27,Tabasco,El patrimonio,Robo,Robo de vehiculo automotor - Motocicleta,Sin violencia,58,65,71
3014,2026,27,Tabasco,El patrimonio,Robo,Robo de vehiculo automotor - Embarcaciones,Con violencia,0,0,0
3015,2026,27,Tabasco,El patrimonio,Robo,Robo de vehiculo automotor - Embarcaciones,Sin violencia,0,0,0
3016,2026,27,Tabasco,El patrimonio,Robo,Robo de autopartes,Con violencia,0,0,0
3017,2026,27,Tabasco,El patrimonio,Robo,Robo de autopartes,Sin violencia,0,1,0
3018,2026,27,Tabasco,El patrimonio,Robo,Robo a transportista,Con violencia,0,2,2
3019,2026,27,Tabasco,El patrimonio,Robo,Robo a transportista,Sin violencia,0,6,3
3020,2026,27,Tabasco,El patrimonio,Robo,Robo a transeunte en via publica,Con violencia,32,13,6
3021,2026,27,Tabasco,El patrimonio,Robo,Robo a transeunte en via publica,Sin violencia,11,7,11
3022,2026,27,Tabasco,El patrimonio,Robo,Robo a transeunte en espacio abierto al publico,Con violencia,0,18,17
3023,2026,27,Tabasco,El patrimonio,Robo,Robo a transeunte en espacio abierto al publico,Sin violencia,0,8,3
3024,2026,27,Tabasco,El patrimonio,Robo,Robo en transporte publico individual,Con violencia,0,0,0
3025,2026,27,Tabasco,El patrimonio,Robo,Robo en transporte publico individual,Sin violencia,0,0,0
3026,2026,27,Tabasco,El patrimonio,Robo,Robo en transporte publico colectivo,Con violencia,0,1,1
3027,2026,27,Tabasco,El patrimonio,Robo,Robo en transporte publico colectivo,Sin violencia,0,3,5
3028,2026,27,Tabasco,El patrimonio,Robo,Robo en transporte individual,Con violencia,0,2,0
3029,2026,27,Tabasco,El patrimonio,Robo,Robo en transporte individual,Sin violencia,0,1,4
3030,2026,27,Tabasco,El patrimonio,Robo,Robo a institucion bancaria,Con violencia,0,0,0
3031,2026,27,Tabasco,El patrimonio,Robo,Robo a institucion bancaria,Sin violencia,0,0,0
3032,2026,27,Tabasco,El patrimonio,Robo,Robo a negocio,Con violencia,106,59,96
3033,2026,27,Tabasco,El patrimonio,Robo,Robo a negocio,Sin violencia,53,50,48
3034,2026,27,Tabasco,El patrimonio,Robo,Robo de ganado,Con violencia,0,0,0
3035,2026,27,Tabasco,El patrimonio,Robo,Robo de ganado,Sin violencia,30,23,29
3036,2026,27,Tabasco,El patrimonio,Robo,Robo de maquinaria - Herramienta industrial o agricola,Con violencia,0,0,0
3037,2026,27,Tabasco,El patrimonio,Robo,Robo de maquinaria - Herramienta industrial o agricola,Sin violencia,0,1,1
3038,2026,27,Tabasco,El patrimonio,Robo,Robo de maquinaria - Tractores y/o montacargas,Con violencia,2,0,0
3039,2026,27,Tabasco,El patrimonio,Robo,Robo de maquinaria - Tractores y/o montacargas,Sin violencia,1,1,1
3040,2026,27,Tabasco,El patrimonio,Robo,"Robo de maquinaria - Cables, tubos y otros objetos destinados a servicios publicos",Con violencia,0,1,0
3041,2026,27,Tabasco,El patrimonio,Robo,"Robo de maquinaria - Cables, tubos y otros objetos destinados a servicios publicos",Sin violencia,4,6,5
3042,2026,27,Tabasco,El patrimonio,Robo,Otros robos,Con violencia,87,66,83
3043,2026,27,Tabasco,El patrimonio,Robo,Otros robos,Sin violencia,162,182,184
3044,2026,27,Tabasco,El patrimonio,Fraude,Fraude,Fraude,138,110,155
3045,2026,27,Tabasco,El patrimonio,Abuso de confianza,Abuso de confianza,Abuso de confianza,62,64,71
3046,2026,27,Tabasco,El patrimonio,Extorsion,Extorsion presencial,Extorsion presencial,1,1,3
3047,2026,27,Tabasco,El patrimonio,Extorsion,Tentativa de extorsion presencial,Tentativa de extorsion presencial,2,4,8
3048,2026,27,Tabasco,El patrimonio,Extorsion,Extorsion por otros medios,Extorsion por otros medios,14,10,17
3049,2026,27,Tabasco,El patrimonio,Extorsion,Tentativa de extorsion por otros medios,Tentativa de extorsion por otros medios,17,8,22
3050,2026,27,Tabasco,El patrimonio,Dano a la propiedad,Dano a la propiedad,Dano a la propiedad,260,165,164
3051,2026,27,Tabasco,El patrimonio,Despojo,Despojo,Despojo,32,42,54
3052,2026,27,Tabasco,La familia,Otros delitos contra la familia,Otros delitos contra la familia,Otros delitos contra la familia,45,40,37
3053,2026,27,Tabasco,La familia,Violencia familiar,Violencia familiar,Violencia familiar,459,473,628
3054,2026,27,Tabasco,La familia,Violencia de genero en todas sus modalidades distinta a la violencia familiar,Violencia de genero en todas sus modalidades distinta a la violencia familiar,Violencia de genero en todas sus modalidades distinta a la violencia familiar,0,0,0
3055,2026,27,Tabasco,La familia,Incumplimiento de obligaciones de asistencia familiar,Incumplimiento de obligaciones de asistencia familiar,Incumplimiento de obligaciones de asistencia familiar,71,97,117
3056,2026,27,Tabasco,La sociedad,Corrupcion de menores,Corrupcion de menores,Corrupcion de menores,2,2,4
3057,2026,27,Tabasco,La sociedad,Otros delitos contra la sociedad,Otros delitos contra la sociedad,Otros delitos contra la sociedad,2,10,8
3058,2026,27,Tabasco,La sociedad,Trata de personas,Trata de personas con fines de explotacion sexual,Trata de personas con fines de explotacion sexual,1,1,1
3059,2026,27,Tabasco,La sociedad,Trata de personas,Trata de personas con fines de trabajo o servicios forzados,Trata de personas con fines de trabajo o servicios forzados,0,0,0
3060,2026,27,Tabasco,La sociedad,Trata de personas,Trata de personas con fines de trafico de organos,Trata de personas con fines de trafico de organos,0,0,0
3061,2026,27,Tabasco,La sociedad,Trata de personas,Trata de personas con otros fines,Trata de personas con otros fines,0,0,0
3062,2026,27,Tabasco,La sociedad,Pornografia infantil,Pornografia infantil,Pornografia infantil,1,1,1
3063,2026,27,Tabasco,La sociedad,Discriminacion,Discriminacion,Discriminacion,9,8,10
3064,2026,27,Tabasco,Otros bienes juridicos afectados (del fuero comun),Narcomenudeo,Narcomenudeo posesion simple,Narcomenudeo posesion simple,16,44,58
3065,2026,27,Tabasco,Otros bienes juridicos afectados (del fuero comun),Otros delitos del Fuero Comun,Otros delitos del Fuero Comun,Otros delitos del Fuero Comun,453,644,702
3066,2026,27,Tabasco,Otros bienes juridicos afectados (del fuero comun),Narcomenudeo,Narcomenudeo con fines de venta,Narcomenudeo con fines de venta,92,31,24
3067,2026,27,Tabasco,Otros bienes juridicos afectados (del fuero comun),Amenazas,Amenazas,Amenazas,331,406,448
3068,2026,27,Tabasco,Otros bienes juridicos afectados (del fuero comun),Allanamiento de morada,Allanamiento de morada,Allanamiento de morada,17,27,28
3069,2026,27,Tabasco,Otros bienes juridicos afectados (del fuero comun),Evasion de presos,Evasion de presos,Evasion de presos,12,8,9
3070,2026,27,Tabasco,Otros bienes juridicos afectados (del fuero comun),Falsedad,Falsedad,Falsedad,3,4,12
3071,2026,27,Tabasco,Otros bienes juridicos afectados (del fuero comun),Falsificacion,Falsificacion,Falsificacion,14,10,10
3072,2026,27,Tabasco,Otros bienes juridicos afectados (del fuero comun),Contra el medio ambiente,Contra el medio ambiente,Contra el medio ambiente,2,8,11
3073,2026,27,Tabasco,Otros bienes juridicos afectados (del fuero comun),Delitos cometidos por servidores publicos,Delitos cometidos por servidores publicos,Delitos cometidos por servidores publicos,13,22,35
3074,2026,27,Tabasco,Otros bienes juridicos afectados (del fuero comun),Electorales,Electorales,Electorales,2,0,0
3075,2026,27,Tabasco,Otros bienes juridicos afectados (del fuero comun),Delitos contra la administracion de justicia,Delitos contra la administracion de justicia,Delitos contra la administracion de justicia,3,5,8
3076,2026,27,Tabasco,Otros bienes juridicos afectados (del fuero comun),Suplantacion y usurpacion de identidad,Suplantacion y usurpacion de identidad,Suplantacion y usurpacion de identidad,0,0,0
3077,2026,27,Tabasco,Otros bienes juridicos afectados (del fuero comun),Tortura,Tortura,Tortura,17,9,23
3078,2026,28,Tamaulipas,La vida y la Integridad corporal,Homicidio,Homicidio doloso,Con arma blanca,5,2,2
3079,2026,28,Tamaulipas,La vida y la Integridad corporal,Homicidio,Homicidio doloso,Con arma de fuego,5,5,4
3080,2026,28,Tamaulipas,La vida y la Integridad corporal,Homicidio,Homicidio doloso,Con otro elemento,4,4,12
3081,2026,28,Tamaulipas,La vida y la Integridad corporal,Homicidio,Homicidio doloso,No especificado,0,1,0
3082,2026,28,Tamaulipas,La vida y la Integridad corporal,Homicidio,Tentativa de homicidio doloso,Tentativa de homicidio doloso,1,2,1
3083,2026,28,Tamaulipas,La vida y la Integridad corporal,Homicidio,Homicidio culposo,Con arma blanca,0,0,0
3084,2026,28,Tamaulipas,La vida y la Integridad corporal,Homicidio,Homicidio culposo,Con arma de fuego,0,0,1
3085,2026,28,Tamaulipas,La vida y la Integridad corporal,Homicidio,Homicidio culposo,Con otro elemento,8,14,15
3086,2026,28,Tamaulipas,La vida y la Integridad corporal,Homicidio,Homicidio culposo,En accidente de transito,28,34,51
3087,2026,28,Tamaulipas,La vida y la Integridad corporal,Homicidio,Homicidio culposo,No especificado,9,0,0
3088,2026,28,Tamaulipas,La vida y la Integridad corporal,Otros delitos que atentan contra la vida y la integridad corporal,Otros delitos que atentan contra la vida y la integridad corporal,Otros delitos que atentan contra la vida y la integridad corporal,23,32,42
3089,2026,28,Tamaulipas,La vida y la Integridad corporal,Lesiones,Lesiones dolosas,Con arma blanca,0,0,0
3090,2026,28,Tamaulipas,La vida y la Integridad corporal,Lesiones,Lesiones dolosas,Con arma de fuego,4,1,3
3091,2026,28,Tamaulipas,La vida y la Integridad corporal,Lesiones,Lesiones dolosas,Con otro elemento,88,114,141
3092,2026,28,Tamaulipas,La vida y la Integridad corporal,Lesiones,Lesiones dolosas,No especificado,46,72,100
3093,2026,28,Tamaulipas,La vida y la Integridad corporal,Lesiones,Lesiones culposas,Con arma blanca,0,0,0
3094,2026,28,Tamaulipas,La vida y la Integridad corporal,Lesiones,Lesiones culposas,Con arma de fuego,0,1,0
3095,2026,28,Tamaulipas,La vida y la Integridad corporal,Lesiones,Lesiones culposas,Con otro elemento,10,10,4
3096,2026,28,Tamaulipas,La vida y la Integridad corporal,Lesiones,Lesiones culposas,En accidente de transito,77,80,107
3097,2026,28,Tamaulipas,La vida y la Integridad corporal,Lesiones,Lesiones culposas,No especificado,37,41,39
3098,2026,28,Tamaulipas,La vida y la Integridad corporal,Feminicidio,Feminicidio,Con arma blanca,0,0,0
3099,2026,28,Tamaulipas,La vida y la Integridad corporal,Feminicidio,Feminicidio,Con arma de fuego,1,0,0
3100,2026,28,Tamaulipas,La vida y la Integridad corporal,Feminicidio,Feminicidio,Con otro elemento,3,1,1
3101,2026,28,Tamaulipas,La vida y la Integridad corporal,Feminicidio,Feminicidio,No especificado,0,0,0
3102,2026,28,Tamaulipas,La vida y la Integridad corporal,Feminicidio,Tentativa de feminicidio,Tentativa de feminicidio,1,3,0
3103,2026,28,Tamaulipas,La vida y la Integridad corporal,Aborto,Aborto,Aborto,3,3,8
3104,2026,28,Tamaulipas,Libertad personal,Otros delitos que atentan contra la libertad personal,Otros delitos que atentan contra la libertad personal,Otros delitos que atentan contra la libertad personal,2,1,0
3105,2026,28,Tamaulipas,Libertad personal,Secuestro,Secuestro extorsivo,Secuestro extorsivo,0,0,2
3106,2026,28,Tamaulipas,Libertad personal,Secuestro,Secuestro con calidad de rehen,Secuestro con calidad de rehen,0,0,1
3107,2026,28,Tamaulipas,Libertad personal,Secuestro,Secuestro para causar dano,Secuestro para causar dano,0,0,0
3108,2026,28,Tamaulipas,Libertad personal,Secuestro,Secuestro expres,Secuestro expres,0,0,0
3109,2026,28,Tamaulipas,Libertad personal,Trafico de menores,Trafico de menores,Trafico de menores,0,0,0
3110,2026,28,Tamaulipas,Libertad personal,Rapto,Rapto,Rapto,0,0,0
3111,2026,28,Tamaulipas,Libertad personal,Privacion ilegal de la libertad,Privacion ilegal de la libertad,Privacion ilegal de la libertad,32,24,25
3112,2026,28,Tamaulipas,Libertad personal,Retencion o sustraccion de menores e incapaces,Retencion o sustraccion de menores e incapaces,Retencion o sustraccion de menores e incapaces,42,43,50
3113,2026,28,Tamaulipas,La libertad y la seguridad sexual,Abuso sexual,Abuso sexual,Abuso sexual,57,53,73
3114,2026,28,Tamaulipas,La libertad y la seguridad sexual,Otros delitos que atentan contra la libertad y la seguridad sexual,Otros delitos que atentan contra la libertad y la seguridad sexual,Otros delitos que atentan contra la libertad y la seguridad sexual,5,3,9
3115,2026,28,Tamaulipas,La libertad y la seguridad sexual,Acoso sexual,Acoso sexual,Acoso sexual,8,13,10
3116,2026,28,Tamaulipas,La libertad y la seguridad sexual,Hostigamiento sexual,Hostigamiento sexual,Hostigamiento sexual,6,5,2
3117,2026,28,Tamaulipas,La libertad y la seguridad sexual,Incesto,Incesto,Incesto,0,0,0
3118,2026,28,Tamaulipas,La libertad y la seguridad sexual,Violacion,Violacion simple,Violacion simple,39,25,55
3119,2026,28,Tamaulipas,La libertad y la seguridad sexual,Violacion,Violacion equiparada,Violacion equiparada,0,0,0
3120,2026,28,Tamaulipas,La libertad y la seguridad sexual,Violacion a la intimidad sexual,Violacion a la intimidad sexual,Violacion a la intimidad sexual,14,10,10
3121,2026,28,Tamaulipas,El patrimonio,Otros delitos contra el patrimonio,Otros delitos contra el patrimonio,Otros delitos contra el patrimonio,7,5,4
3122,2026,28,Tamaulipas,El patrimonio,Robo,Robo a casa habitacion,Con violencia,6,6,6
3123,2026,28,Tamaulipas,El patrimonio,Robo,Robo a casa habitacion,Sin violencia,48,59,75
3124,2026,28,Tamaulipas,El patrimonio,Robo,Robo de vehiculo automotor - Coche de 4 ruedas,Con violencia,30,42,38
3125,2026,28,Tamaulipas,El patrimonio,Robo,Robo de vehiculo automotor - Coche de 4 ruedas,Sin violencia,110,59,70
3126,2026,28,Tamaulipas,El patrimonio,Robo,Robo de vehiculo automotor - Motocicleta,Con violencia,0,2,3
3127,2026,28,Tamaulipas,El patrimonio,Robo,Robo de vehiculo automotor - Motocicleta,Sin violencia,0,43,41
3128,2026,28,Tamaulipas,El patrimonio,Robo,Robo de vehiculo automotor - Embarcaciones,Con violencia,0,0,0
3129,2026,28,Tamaulipas,El patrimonio,Robo,Robo de vehiculo automotor - Embarcaciones,Sin violencia,0,0,0
3130,2026,28,Tamaulipas,El patrimonio,Robo,Robo de autopartes,Con violencia,0,0,0
3131,2026,28,Tamaulipas,El patrimonio,Robo,Robo de autopartes,Sin violencia,2,0,1
3132,2026,28,Tamaulipas,El patrimonio,Robo,Robo a transportista,Con violencia,0,1,0
3133,2026,28,Tamaulipas,El patrimonio,Robo,Robo a transportista,Sin violencia,0,0,0
3134,2026,28,Tamaulipas,El patrimonio,Robo,Robo a transeunte en via publica,Con violencia,7,5,7
3135,2026,28,Tamaulipas,El patrimonio,Robo,Robo a transeunte en via publica,Sin violencia,1,1,0
3136,2026,28,Tamaulipas,El patrimonio,Robo,Robo a transeunte en espacio abierto al publico,Con violencia,1,0,1
3137,2026,28,Tamaulipas,El patrimonio,Robo,Robo a transeunte en espacio abierto al publico,Sin violencia,0,0,0
3138,2026,28,Tamaulipas,El patrimonio,Robo,Robo en transporte publico individual,Con violencia,0,0,0
3139,2026,28,Tamaulipas,El patrimonio,Robo,Robo en transporte publico individual,Sin violencia,0,0,0
3140,2026,28,Tamaulipas,El patrimonio,Robo,Robo en transporte publico colectivo,Con violencia,0,0,0
3141,2026,28,Tamaulipas,El patrimonio,Robo,Robo en transporte publico colectivo,Sin violencia,0,0,0
3142,2026,28,Tamaulipas,El patrimonio,Robo,Robo en transporte individual,Con violencia,0,0,0
3143,2026,28,Tamaulipas,El patrimonio,Robo,Robo en transporte individual,Sin violencia,0,0,0
3144,2026,28,Tamaulipas,El patrimonio,Robo,Robo a institucion bancaria,Con violencia,0,0,1
3145,2026,28,Tamaulipas,El patrimonio,Robo,Robo a institucion bancaria,Sin violencia,0,0,0
3146,2026,28,Tamaulipas,El patrimonio,Robo,Robo a negocio,Con violencia,55,65,111
3147,2026,28,Tamaulipas,El patrimonio,Robo,Robo a negocio,Sin violencia,30,37,34
3148,2026,28,Tamaulipas,El patrimonio,Robo,Robo de ganado,Con violencia,0,0,0
3149,2026,28,Tamaulipas,El patrimonio,Robo,Robo de ganado,Sin violencia,3,3,3
3150,2026,28,Tamaulipas,El patrimonio,Robo,Robo de maquinaria - Herramienta industrial o agricola,Con violencia,0,0,0
3151,2026,28,Tamaulipas,El patrimonio,Robo,Robo de maquinaria - Herramienta industrial o agricola,Sin violencia,0,0,0
3152,2026,28,Tamaulipas,El patrimonio,Robo,Robo de maquinaria - Tractores y/o montacargas,Con violencia,0,0,0
3153,2026,28,Tamaulipas,El patrimonio,Robo,Robo de maquinaria - Tractores y/o montacargas,Sin violencia,0,0,0
3154,2026,28,Tamaulipas,El patrimonio,Robo,"Robo de maquinaria - Cables, tubos y otros objetos destinados a servicios publicos",Con violencia,0,0,0
3155,2026,28,Tamaulipas,El patrimonio,Robo,"Robo de maquinaria - Cables, tubos y otros objetos destinados a servicios publicos",Sin violencia,0,0,0
3156,2026,28,Tamaulipas,El patrimonio,Robo,Otros robos,Con violencia,41,67,46
3157,2026,28,Tamaulipas,El patrimonio,Robo,Otros robos,Sin violencia,293,240,256
3158,2026,28,Tamaulipas,El patrimonio,Fraude,Fraude,Fraude,137,149,164
3159,2026,28,Tamaulipas,El patrimonio,Abuso de confianza,Abuso de confianza,Abuso de confianza,36,49,74
3160,2026,28,Tamaulipas,El patrimonio,Extorsion,Extorsion presencial,Extorsion presencial,0,0,0
3161,2026,28,Tamaulipas,El patrimonio,Extorsion,Tentativa de extorsion presencial,Tentativa de extorsion presencial,0,0,0
3162,2026,28,Tamaulipas,El patrimonio,Extorsion,Extorsion por otros medios,Extorsion por otros medios,3,4,7
3163,2026,28,Tamaulipas,El patrimonio,Extorsion,Tentativa de extorsion por otros medios,Tentativa de extorsion por otros medios,5,0,4
3164,2026,28,Tamaulipas,El patrimonio,Dano a la propiedad,Dano a la propiedad,Dano a la propiedad,335,337,392
3165,2026,28,Tamaulipas,El patrimonio,Despojo,Despojo,Despojo,34,42,47
3166,2026,28,Tamaulipas,La familia,Otros delitos contra la familia,Otros delitos contra la familia,Otros delitos contra la familia,10,2,6
3167,2026,28,Tamaulipas,La familia,Violencia familiar,Violencia familiar,Violencia familiar,495,558,730
3168,2026,28,Tamaulipas,La familia,Violencia de genero en todas sus modalidades distinta a la violencia familiar,Violencia de genero en todas sus modalidades distinta a la violencia familiar,Violencia de genero en todas sus modalidades distinta a la violencia familiar,0,0,0
3169,2026,28,Tamaulipas,La familia,Incumplimiento de obligaciones de asistencia familiar,Incumplimiento de obligaciones de asistencia familiar,Incumplimiento de obligaciones de asistencia familiar,128,157,166
3170,2026,28,Tamaulipas,La sociedad,Corrupcion de menores,Corrupcion de menores,Corrupcion de menores,5,5,4
3171,2026,28,Tamaulipas,La sociedad,Otros delitos contra la sociedad,Otros delitos contra la sociedad,Otros delitos contra la sociedad,0,1,1
3172,2026,28,Tamaulipas,La sociedad,Trata de personas,Trata de personas con fines de explotacion sexual,Trata de personas con fines de explotacion sexual,0,0,0
3173,2026,28,Tamaulipas,La sociedad,Trata de personas,Trata de personas con fines de trabajo o servicios forzados,Trata de personas con fines de trabajo o servicios forzados,0,0,0
3174,2026,28,Tamaulipas,La sociedad,Trata de personas,Trata de personas con fines de trafico de organos,Trata de personas con fines de trafico de organos,0,0,0
3175,2026,28,Tamaulipas,La sociedad,Trata de personas,Trata de personas con otros fines,Trata de personas con otros fines,0,0,0
3176,2026,28,Tamaulipas,La sociedad,Pornografia infantil,Pornografia infantil,Pornografia infantil,2,3,1
3177,2026,28,Tamaulipas,La sociedad,Discriminacion,Discriminacion,Discriminacion,3,5,6
3178,2026,28,Tamaulipas,Otros bienes juridicos afectados (del fuero comun),Narcomenudeo,Narcomenudeo posesion simple,Narcomenudeo posesion simple,28,41,30
3179,2026,28,Tamaulipas,Otros bienes juridicos afectados (del fuero comun),Otros delitos del Fuero Comun,Otros delitos del Fuero Comun,Otros delitos del Fuero Comun,259,258,275
3180,2026,28,Tamaulipas,Otros bienes juridicos afectados (del fuero comun),Narcomenudeo,Narcomenudeo con fines de venta,Narcomenudeo con fines de venta,12,6,7
3181,2026,28,Tamaulipas,Otros bienes juridicos afectados (del fuero comun),Amenazas,Amenazas,Amenazas,178,191,211
3182,2026,28,Tamaulipas,Otros bienes juridicos afectados (del fuero comun),Allanamiento de morada,Allanamiento de morada,Allanamiento de morada,16,13,22
3183,2026,28,Tamaulipas,Otros bienes juridicos afectados (del fuero comun),Evasion de presos,Evasion de presos,Evasion de presos,0,0,0
3184,2026,28,Tamaulipas,Otros bienes juridicos afectados (del fuero comun),Falsedad,Falsedad,Falsedad,8,8,17
3185,2026,28,Tamaulipas,Otros bienes juridicos afectados (del fuero comun),Falsificacion,Falsificacion,Falsificacion,7,12,22
3186,2026,28,Tamaulipas,Otros bienes juridicos afectados (del fuero comun),Contra el medio ambiente,Contra el medio ambiente,Contra el medio ambiente,2,3,0
3187,2026,28,Tamaulipas,Otros bienes juridicos afectados (del fuero comun),Delitos cometidos por servidores publicos,Delitos cometidos por servidores publicos,Delitos cometidos por servidores publicos,24,31,31
3188,2026,28,Tamaulipas,Otros bienes juridicos afectados (del fuero comun),Electorales,Electorales,Electorales,0,1,0
3189,2026,28,Tamaulipas,Otros bienes juridicos afectados (del fuero comun),Delitos contra la administracion de justicia,Delitos contra la administracion de justicia,Delitos contra la administracion de justicia,3,4,8
3190,2026,28,Tamaulipas,Otros bienes juridicos afectados (del fuero comun),Suplantacion y usurpacion de identidad,Suplantacion y usurpacion de identidad,Suplantacion y usurpacion de identidad,0,5,1
3191,2026,28,Tamaulipas,Otros bienes juridicos afectados (del fuero comun),Tortura,Tortura,Tortura,4,2,3
3192,2026,29,Tlaxcala,La vida y la Integridad corporal,Homicidio,Homicidio doloso,Con arma blanca,0,0,0
3193,2026,29,Tlaxcala,La vida y la Integridad corporal,Homicidio,Homicidio doloso,Con arma de fuego,2,7,9
3194,2026,29,Tlaxcala,La vida y la Integridad corporal,Homicidio,Homicidio doloso,Con otro elemento,0,5,0
3195,2026,29,Tlaxcala,La vida y la Integridad corporal,Homicidio,Homicidio doloso,No especificado,1,0,4
3196,2026,29,Tlaxcala,La vida y la Integridad corporal,Homicidio,Tentativa de homicidio doloso,Tentativa de homicidio doloso,0,0,0
3197,2026,29,Tlaxcala,La vida y la Integridad corporal,Homicidio,Homicidio culposo,Con arma blanca,0,0,0
3198,2026,29,Tlaxcala,La vida y la Integridad corporal,Homicidio,Homicidio culposo,Con arma de fuego,0,0,0
3199,2026,29,Tlaxcala,La vida y la Integridad corporal,Homicidio,Homicidio culposo,Con otro elemento,0,0,0
3200,2026,29,Tlaxcala,La vida y la Integridad corporal,Homicidio,Homicidio culposo,En accidente de transito,1,5,3
3201,2026,29,Tlaxcala,La vida y la Integridad corporal,Homicidio,Homicidio culposo,No especificado,0,0,0
3202,2026,29,Tlaxcala,La vida y la Integridad corporal,Otros delitos que atentan contra la vida y la integridad corporal,Otros delitos que atentan contra la vida y la integridad corporal,Otros delitos que atentan contra la vida y la integridad corporal,0,0,0
3203,2026,29,Tlaxcala,La vida y la Integridad corporal,Lesiones,Lesiones dolosas,Con arma blanca,1,1,0
3204,2026,29,Tlaxcala,La vida y la Integridad corporal,Lesiones,Lesiones dolosas,Con arma de fuego,0,0,0
3205,2026,29,Tlaxcala,La vida y la Integridad corporal,Lesiones,Lesiones dolosas,Con otro elemento,7,1,4
3206,2026,29,Tlaxcala,La vida y la Integridad corporal,Lesiones,Lesiones dolosas,No especificado,0,0,0
3207,2026,29,Tlaxcala,La vida y la Integridad corporal,Lesiones,Lesiones culposas,Con arma blanca,0,0,0
3208,2026,29,Tlaxcala,La vida y la Integridad corporal,Lesiones,Lesiones culposas,Con arma de fuego,0,0,0
3209,2026,29,Tlaxcala,La vida y la Integridad corporal,Lesiones,Lesiones culposas,Con otro elemento,0,0,0
3210,2026,29,Tlaxcala,La vida y la Integridad corporal,Lesiones,Lesiones culposas,En accidente de transito,5,6,9
3211,2026,29,Tlaxcala,La vida y la Integridad corporal,Lesiones,Lesiones culposas,No especificado,0,0,0
3212,2026,29,Tlaxcala,La vida y la Integridad corporal,Feminicidio,Feminicidio,Con arma blanca,0,0,0
3213,2026,29,Tlaxcala,La vida y la Integridad corporal,Feminicidio,Feminicidio,Con arma de fuego,0,0,0
3214,2026,29,Tlaxcala,La vida y la Integridad corporal,Feminicidio,Feminicidio,Con otro elemento,0,0,0
3215,2026,29,Tlaxcala,La vida y la Integridad corporal,Feminicidio,Feminicidio,No especificado,0,0,1
3216,2026,29,Tlaxcala,La vida y la Integridad corporal,Feminicidio,Tentativa de feminicidio,Tentativa de feminicidio,0,0,0
3217,2026,29,Tlaxcala,La vida y la Integridad corporal,Aborto,Aborto,Aborto,0,0,0
3218,2026,29,Tlaxcala,Libertad personal,Otros delitos que atentan contra la libertad personal,Otros delitos que atentan contra la libertad personal,Otros delitos que atentan contra la libertad personal,2,5,2
3219,2026,29,Tlaxcala,Libertad personal,Secuestro,Secuestro extorsivo,Secuestro extorsivo,0,1,0
3220,2026,29,Tlaxcala,Libertad personal,Secuestro,Secuestro con calidad de rehen,Secuestro con calidad de rehen,0,0,0
3221,2026,29,Tlaxcala,Libertad personal,Secuestro,Secuestro para causar dano,Secuestro para causar dano,0,0,0
3222,2026,29,Tlaxcala,Libertad personal,Secuestro,Secuestro expres,Secuestro expres,0,0,0
3223,2026,29,Tlaxcala,Libertad personal,Trafico de menores,Trafico de menores,Trafico de menores,0,0,0
3224,2026,29,Tlaxcala,Libertad personal,Rapto,Rapto,Rapto,0,0,0
3225,2026,29,Tlaxcala,Libertad personal,Privacion ilegal de la libertad,Privacion ilegal de la libertad,Privacion ilegal de la libertad,0,0,2
3226,2026,29,Tlaxcala,Libertad personal,Retencion o sustraccion de menores e incapaces,Retencion o sustraccion de menores e incapaces,Retencion o sustraccion de menores e incapaces,0,0,0
3227,2026,29,Tlaxcala,La libertad y la seguridad sexual,Abuso sexual,Abuso sexual,Abuso sexual,0,1,4
3228,2026,29,Tlaxcala,La libertad y la seguridad sexual,Otros delitos que atentan contra la libertad y la seguridad sexual,Otros delitos que atentan contra la libertad y la seguridad sexual,Otros delitos que atentan contra la libertad y la seguridad sexual,0,0,0
3229,2026,29,Tlaxcala,La libertad y la seguridad sexual,Acoso sexual,Acoso sexual,Acoso sexual,0,0,0
3230,2026,29,Tlaxcala,La libertad y la seguridad sexual,Hostigamiento sexual,Hostigamiento sexual,Hostigamiento sexual,0,0,0
3231,2026,29,Tlaxcala,La libertad y la seguridad sexual,Incesto,Incesto,Incesto,0,0,0
3232,2026,29,Tlaxcala,La libertad y la seguridad sexual,Violacion,Violacion simple,Violacion simple,2,0,3
3233,2026,29,Tlaxcala,La libertad y la seguridad sexual,Violacion,Violacion equiparada,Violacion equiparada,0,0,0
3234,2026,29,Tlaxcala,La libertad y la seguridad sexual,Violacion a la intimidad sexual,Violacion a la intimidad sexual,Violacion a la intimidad sexual,0,0,0
3235,2026,29,Tlaxcala,El patrimonio,Otros delitos contra el patrimonio,Otros delitos contra el patrimonio,Otros delitos contra el patrimonio,0,0,1
3236,2026,29,Tlaxcala,El patrimonio,Robo,Robo a casa habitacion,Con violencia,2,23,6
3237,2026,29,Tlaxcala,El patrimonio,Robo,Robo a casa habitacion,Sin violencia,12,0,12
3238,2026,29,Tlaxcala,El patrimonio,Robo,Robo de vehiculo automotor - Coche de 4 ruedas,Con violencia,17,16,12
3239,2026,29,Tlaxcala,El patrimonio,Robo,Robo de vehiculo automotor - Coche de 4 ruedas,Sin violencia,1,0,6
3240,2026,29,Tlaxcala,El patrimonio,Robo,Robo de vehiculo automotor - Motocicleta,Con violencia,7,4,4
3241,2026,29,Tlaxcala,El patrimonio,Robo,Robo de vehiculo automotor - Motocicleta,Sin violencia,4,0,2
3242,2026,29,Tlaxcala,El patrimonio,Robo,Robo de vehiculo automotor - Embarcaciones,Con violencia,0,0,0
3243,2026,29,Tlaxcala,El patrimonio,Robo,Robo de vehiculo automotor - Embarcaciones,Sin violencia,0,0,0
3244,2026,29,Tlaxcala,El patrimonio,Robo,Robo de autopartes,Con violencia,0,0,0
3245,2026,29,Tlaxcala,El patrimonio,Robo,Robo de autopartes,Sin violencia,0,0,0
3246,2026,29,Tlaxcala,El patrimonio,Robo,Robo a transportista,Con violencia,4,5,1
3247,2026,29,Tlaxcala,El patrimonio,Robo,Robo a transportista,Sin violencia,0,0,0
3248,2026,29,Tlaxcala,El patrimonio,Robo,Robo a transeunte en via publica,Con violencia,3,9,3
3249,2026,29,Tlaxcala,El patrimonio,Robo,Robo a transeunte en via publica,Sin violencia,0,0,0
3250,2026,29,Tlaxcala,El patrimonio,Robo,Robo a transeunte en espacio abierto al publico,Con violencia,0,2,0
3251,2026,29,Tlaxcala,El patrimonio,Robo,Robo a transeunte en espacio abierto al publico,Sin violencia,0,0,0
3252,2026,29,Tlaxcala,El patrimonio,Robo,Robo en transporte publico individual,Con violencia,0,0,0
3253,2026,29,Tlaxcala,El patrimonio,Robo,Robo en transporte publico individual,Sin violencia,0,0,0
3254,2026,29,Tlaxcala,El patrimonio,Robo,Robo en transporte publico colectivo,Con violencia,0,0,0
3255,2026,29,Tlaxcala,El patrimonio,Robo,Robo en transporte publico colectivo,Sin violencia,0,0,0
3256,2026,29,Tlaxcala,El patrimonio,Robo,Robo en transporte individual,Con violencia,0,0,0
3257,2026,29,Tlaxcala,El patrimonio,Robo,Robo en transporte individual,Sin violencia,0,0,0
3258,2026,29,Tlaxcala,El patrimonio,Robo,Robo a institucion bancaria,Con violencia,0,0,0
3259,2026,29,Tlaxcala,El patrimonio,Robo,Robo a institucion bancaria,Sin violencia,0,0,0
3260,2026,29,Tlaxcala,El patrimonio,Robo,Robo a negocio,Con violencia,2,14,2
3261,2026,29,Tlaxcala,El patrimonio,Robo,Robo a negocio,Sin violencia,10,0,12
3262,2026,29,Tlaxcala,El patrimonio,Robo,Robo de ganado,Con violencia,0,2,0
3263,2026,29,Tlaxcala,El patrimonio,Robo,Robo de ganado,Sin violencia,2,0,1
3264,2026,29,Tlaxcala,El patrimonio,Robo,Robo de maquinaria - Herramienta industrial o agricola,Con violencia,0,0,0
3265,2026,29,Tlaxcala,El patrimonio,Robo,Robo de maquinaria - Herramienta industrial o agricola,Sin violencia,2,0,0
3266,2026,29,Tlaxcala,El patrimonio,Robo,Robo de maquinaria - Tractores y/o montacargas,Con violencia,0,1,0
3267,2026,29,Tlaxcala,El patrimonio,Robo,Robo de maquinaria - Tractores y/o montacargas,Sin violencia,0,0,0
3268,2026,29,Tlaxcala,El patrimonio,Robo,"Robo de maquinaria - Cables, tubos y otros objetos destinados a servicios publicos",Con violencia,0,2,0
3269,2026,29,Tlaxcala,El patrimonio,Robo,"Robo de maquinaria - Cables, tubos y otros objetos destinados a servicios publicos",Sin violencia,0,0,1
3270,2026,29,Tlaxcala,El patrimonio,Robo,Otros robos,Con violencia,0,3,0
3271,2026,29,Tlaxcala,El patrimonio,Robo,Otros robos,Sin violencia,4,0,7
3272,2026,29,Tlaxcala,El patrimonio,Fraude,Fraude,Fraude,2,4,3
3273,2026,29,Tlaxcala,El patrimonio,Abuso de confianza,Abuso de confianza,Abuso de confianza,0,0,0
3274,2026,29,Tlaxcala,El patrimonio,Extorsion,Extorsion presencial,Extorsion presencial,0,0,0
3275,2026,29,Tlaxcala,El patrimonio,Extorsion,Tentativa de extorsion presencial,Tentativa de extorsion presencial,0,0,0
3276,2026,29,Tlaxcala,El patrimonio,Extorsion,Extorsion por otros medios,Extorsion por otros medios,0,0,0
3277,2026,29,Tlaxcala,El patrimonio,Extorsion,Tentativa de extorsion por otros medios,Tentativa de extorsion por otros medios,0,0,0
3278,2026,29,Tlaxcala,El patrimonio,Dano a la propiedad,Dano a la propiedad,Dano a la propiedad,2,2,4
3279,2026,29,Tlaxcala,El patrimonio,Despojo,Despojo,Despojo,2,1,0
3280,2026,29,Tlaxcala,La familia,Otros delitos contra la familia,Otros delitos contra la familia,Otros delitos contra la familia,0,0,0
3281,2026,29,Tlaxcala,La familia,Violencia familiar,Violencia familiar,Violencia familiar,1,6,1
3282,2026,29,Tlaxcala,La familia,Violencia de genero en todas sus modalidades distinta a la violencia familiar,Violencia de genero en todas sus modalidades distinta a la violencia familiar,Violencia de genero en todas sus modalidades distinta a la violencia familiar,1,0,0
3283,2026,29,Tlaxcala,La familia,Incumplimiento de obligaciones de asistencia familiar,Incumplimiento de obligaciones de asistencia familiar,Incumplimiento de obligaciones de asistencia familiar,4,5,5
3284,2026,29,Tlaxcala,La sociedad,Corrupcion de menores,Corrupcion de menores,Corrupcion de menores,0,0,0
3285,2026,29,Tlaxcala,La sociedad,Otros delitos contra la sociedad,Otros delitos contra la sociedad,Otros delitos contra la sociedad,0,0,0
3286,2026,29,Tlaxcala,La sociedad,Trata de personas,Trata de personas con fines de explotacion sexual,Trata de personas con fines de explotacion sexual,0,0,1
3287,2026,29,Tlaxcala,La sociedad,Trata de personas,Trata de personas con fines de trabajo o servicios forzados,Trata de personas con fines de trabajo o servicios forzados,0,0,0
3288,2026,29,Tlaxcala,La sociedad,Trata de personas,Trata de personas con fines de trafico de organos,Trata de personas con fines de trafico de organos,0,0,0
3289,2026,29,Tlaxcala,La sociedad,Trata de personas,Trata de personas con otros fines,Trata de personas con otros fines,0,0,0
3290,2026,29,Tlaxcala,La sociedad,Pornografia infantil,Pornografia infantil,Pornografia infantil,0,0,0
3291,2026,29,Tlaxcala,La sociedad,Discriminacion,Discriminacion,Discriminacion,0,0,0
3292,2026,29,Tlaxcala,Otros bienes juridicos afectados (del fuero comun),Narcomenudeo,Narcomenudeo posesion simple,Narcomenudeo posesion simple,13,13,23
3293,2026,29,Tlaxcala,Otros bienes juridicos afectados (del fuero comun),Otros delitos del Fuero Comun,Otros delitos del Fuero Comun,Otros delitos del Fuero Comun,7,10,9
3294,2026,29,Tlaxcala,Otros bienes juridicos afectados (del fuero comun),Narcomenudeo,Narcomenudeo con fines de venta,Narcomenudeo con fines de venta,0,0,0
3295,2026,29,Tlaxcala,Otros bienes juridicos afectados (del fuero comun),Amenazas,Amenazas,Amenazas,1,0,0
3296,2026,29,Tlaxcala,Otros bienes juridicos afectados (del fuero comun),Allanamiento de morada,Allanamiento de morada,Allanamiento de morada,4,1,0
3297,2026,29,Tlaxcala,Otros bienes juridicos afectados (del fuero comun),Evasion de presos,Evasion de presos,Evasion de presos,0,0,0
3298,2026,29,Tlaxcala,Otros bienes juridicos afectados (del fuero comun),Falsedad,Falsedad,Falsedad,0,0,0
3299,2026,29,Tlaxcala,Otros bienes juridicos afectados (del fuero comun),Falsificacion,Falsificacion,Falsificacion,1,0,0
3300,2026,29,Tlaxcala,Otros bienes juridicos afectados (del fuero comun),Contra el medio ambiente,Contra el medio ambiente,Contra el medio ambiente,0,0,0
3301,2026,29,Tlaxcala,Otros bienes juridicos afectados (del fuero comun),Delitos cometidos por servidores publicos,Delitos cometidos por servidores publicos,Delitos cometidos por servidores publicos,0,0,0
3302,2026,29,Tlaxcala,Otros bienes juridicos afectados (del fuero comun),Electorales,Electorales,Electorales,0,0,0
3303,2026,29,Tlaxcala,Otros bienes juridicos afectados (del fuero comun),Delitos contra la administracion de justicia,Delitos contra la administracion de justicia,Delitos contra la administracion de justicia,0,0,0
3304,2026,29,Tlaxcala,Otros bienes juridicos afectados (del fuero comun),Suplantacion y usurpacion de identidad,Suplantacion y usurpacion de identidad,Suplantacion y usurpacion de identidad,0,0,0
3305,2026,29,Tlaxcala,Otros bienes juridicos afectados (del fuero comun),Tortura,Tortura,Tortura,0,0,0
3306,2026,30,Veracruz de Ignacio de la Llave,La vida y la Integridad corporal,Homicidio,Homicidio doloso,Con arma blanca,7,7,8
3307,2026,30,Veracruz de Ignacio de la Llave,La vida y la Integridad corporal,Homicidio,Homicidio doloso,Con arma de fuego,50,48,55
3308,2026,30,Veracruz de Ignacio de la Llave,La vida y la Integridad corporal,Homicidio,Homicidio doloso,Con otro elemento,11,15,14
3309,2026,30,Veracruz de Ignacio de la Llave,La vida y la Integridad corporal,Homicidio,Homicidio doloso,No especificado,0,0,0
3310,2026,30,Veracruz de Ignacio de la Llave,La vida y la Integridad corporal,Homicidio,Tentativa de homicidio doloso,Tentativa de homicidio doloso,2,10,8
3311,2026,30,Veracruz de Ignacio de la Llave,La vida y la Integridad corporal,Homicidio,Homicidio culposo,Con arma blanca,0,0,0
3312,2026,30,Veracruz de Ignacio de la Llave,La vida y la Integridad corporal,Homicidio,Homicidio culposo,Con arma de fuego,1,1,0
3313,2026,30,Veracruz de Ignacio de la Llave,La vida y la Integridad corporal,Homicidio,Homicidio culposo,Con otro elemento,4,8,6
3314,2026,30,Veracruz de Ignacio de la Llave,La vida y la Integridad corporal,Homicidio,Homicidio culposo,En accidente de transito,88,96,75
3315,2026,30,Veracruz de Ignacio de la Llave,La vida y la Integridad corporal,Homicidio,Homicidio culposo,No especificado,0,0,0
3316,2026,30,Veracruz de Ignacio de la Llave,La vida y la Integridad corporal,Otros delitos que atentan contra la vida y la integridad corporal,Otros delitos que atentan contra la vida y la integridad corporal,Otros delitos que atentan contra la vida y la integridad corporal,11,11,12
3317,2026,30,Veracruz de Ignacio de la Llave,La vida y la Integridad corporal,Lesiones,Lesiones dolosas,Con arma blanca,61,72,66
3318,2026,30,Veracruz de Ignacio de la Llave,La vida y la Integridad corporal,Lesiones,Lesiones dolosas,Con arma de fuego,43,39,46
3319,2026,30,Veracruz de Ignacio de la Llave,La vida y la Integridad corporal,Lesiones,Lesiones dolosas,Con otro elemento,357,348,514
3320,2026,30,Veracruz de Ignacio de la Llave,La vida y la Integridad corporal,Lesiones,Lesiones dolosas,No especificado,0,0,0
3321,2026,30,Veracruz de Ignacio de la Llave,La vida y la Integridad corporal,Lesiones,Lesiones culposas,Con arma blanca,2,1,2
3322,2026,30,Veracruz de Ignacio de la Llave,La vida y la Integridad corporal,Lesiones,Lesiones culposas,Con arma de fuego,3,0,1
3323,2026,30,Veracruz de Ignacio de la Llave,La vida y la Integridad corporal,Lesiones,Lesiones culposas,Con otro elemento,60,49,72
3324,2026,30,Veracruz de Ignacio de la Llave,La vida y la Integridad corporal,Lesiones,Lesiones culposas,En accidente de transito,117,130,109
3325,2026,30,Veracruz de Ignacio de la Llave,La vida y la Integridad corporal,Lesiones,Lesiones culposas,No especificado,0,0,0
3326,2026,30,Veracruz de Ignacio de la Llave,La vida y la Integridad corporal,Feminicidio,Feminicidio,Con arma blanca,2,1,0
3327,2026,30,Veracruz de Ignacio de la Llave,La vida y la Integridad corporal,Feminicidio,Feminicidio,Con arma de fuego,1,1,0
3328,2026,30,Veracruz de Ignacio de la Llave,La vida y la Integridad corporal,Feminicidio,Feminicidio,Con otro elemento,0,4,0
3329,2026,30,Veracruz de Ignacio de la Llave,La vida y la Integridad corporal,Feminicidio,Feminicidio,No especificado,0,0,0
3330,2026,30,Veracruz de Ignacio de la Llave,La vida y la Integridad corporal,Feminicidio,Tentativa de feminicidio,Tentativa de feminicidio,1,0,1
3331,2026,30,Veracruz de Ignacio de la Llave,La vida y la Integridad corporal,Aborto,Aborto,Aborto,1,1,1
3332,2026,30,Veracruz de Ignacio de la Llave,Libertad personal,Otros delitos que atentan contra la libertad personal,Otros delitos que atentan contra la libertad personal,Otros delitos que atentan contra la libertad personal,14,12,9
3333,2026,30,Veracruz de Ignacio de la Llave,Libertad personal,Secuestro,Secuestro extorsivo,Secuestro extorsivo,3,3,4
3334,2026,30,Veracruz de Ignacio de la Llave,Libertad personal,Secuestro,Secuestro con calidad de rehen,Secuestro con calidad de rehen,0,0,0
3335,2026,30,Veracruz de Ignacio de la Llave,Libertad personal,Secuestro,Secuestro para causar dano,Secuestro para causar dano,0,0,0
3336,2026,30,Veracruz de Ignacio de la Llave,Libertad personal,Secuestro,Secuestro expres,Secuestro expres,0,0,0
3337,2026,30,Veracruz de Ignacio de la Llave,Libertad personal,Trafico de menores,Trafico de menores,Trafico de menores,0,0,0
3338,2026,30,Veracruz de Ignacio de la Llave,Libertad personal,Rapto,Rapto,Rapto,0,0,0
3339,2026,30,Veracruz de Ignacio de la Llave,Libertad personal,Privacion ilegal de la libertad,Privacion ilegal de la libertad,Privacion ilegal de la libertad,32,41,49
3340,2026,30,Veracruz de Ignacio de la Llave,Libertad personal,Retencion o sustraccion de menores e incapaces,Retencion o sustraccion de menores e incapaces,Retencion o sustraccion de menores e incapaces,93,82,85
3341,2026,30,Veracruz de Ignacio de la Llave,La libertad y la seguridad sexual,Abuso sexual,Abuso sexual,Abuso sexual,66,77,123
3342,2026,30,Veracruz de Ignacio de la Llave,La libertad y la seguridad sexual,Otros delitos que atentan contra la libertad y la seguridad sexual,Otros delitos que atentan contra la libertad y la seguridad sexual,Otros delitos que atentan contra la libertad y la seguridad sexual,111,129,135
3343,2026,30,Veracruz de Ignacio de la Llave,La libertad y la seguridad sexual,Acoso sexual,Acoso sexual,Acoso sexual,36,33,46
3344,2026,30,Veracruz de Ignacio de la Llave,La libertad y la seguridad sexual,Hostigamiento sexual,Hostigamiento sexual,Hostigamiento sexual,6,1,5
3345,2026,30,Veracruz de Ignacio de la Llave,La libertad y la seguridad sexual,Incesto,Incesto,Incesto,0,0,0
3346,2026,30,Veracruz de Ignacio de la Llave,La libertad y la seguridad sexual,Violacion,Violacion simple,Violacion simple,39,29,59
3347,2026,30,Veracruz de Ignacio de la Llave,La libertad y la seguridad sexual,Violacion,Violacion equiparada,Violacion equiparada,2,3,0
3348,2026,30,Veracruz de Ignacio de la Llave,La libertad y la seguridad sexual,Violacion a la intimidad sexual,Violacion a la intimidad sexual,Violacion a la intimidad sexual,28,24,31
3349,2026,30,Veracruz de Ignacio de la Llave,El patrimonio,Otros delitos contra el patrimonio,Otros delitos contra el patrimonio,Otros delitos contra el patrimonio,79,102,79
3350,2026,30,Veracruz de Ignacio de la Llave,El patrimonio,Robo,Robo a casa habitacion,Con violencia,21,25,24
3351,2026,30,Veracruz de Ignacio de la Llave,El patrimonio,Robo,Robo a casa habitacion,Sin violencia,126,106,115
3352,2026,30,Veracruz de Ignacio de la Llave,El patrimonio,Robo,Robo de vehiculo automotor - Coche de 4 ruedas,Con violencia,68,69,84
3353,2026,30,Veracruz de Ignacio de la Llave,El patrimonio,Robo,Robo de vehiculo automotor - Coche de 4 ruedas,Sin violencia,170,155,186
3354,2026,30,Veracruz de Ignacio de la Llave,El patrimonio,Robo,Robo de vehiculo automotor - Motocicleta,Con violencia,22,14,22
3355,2026,30,Veracruz de Ignacio de la Llave,El patrimonio,Robo,Robo de vehiculo automotor - Motocicleta,Sin violencia,213,192,164
3356,2026,30,Veracruz de Ignacio de la Llave,El patrimonio,Robo,Robo de vehiculo automotor - Embarcaciones,Con violencia,0,0,0
3357,2026,30,Veracruz de Ignacio de la Llave,El patrimonio,Robo,Robo de vehiculo automotor - Embarcaciones,Sin violencia,2,0,0
3358,2026,30,Veracruz de Ignacio de la Llave,El patrimonio,Robo,Robo de autopartes,Con violencia,0,1,1
3359,2026,30,Veracruz de Ignacio de la Llave,El patrimonio,Robo,Robo de autopartes,Sin violencia,10,12,11
3360,2026,30,Veracruz de Ignacio de la Llave,El patrimonio,Robo,Robo a transportista,Con violencia,8,2,6
3361,2026,30,Veracruz de Ignacio de la Llave,El patrimonio,Robo,Robo a transportista,Sin violencia,1,0,2
3362,2026,30,Veracruz de Ignacio de la Llave,El patrimonio,Robo,Robo a transeunte en via publica,Con violencia,69,54,62
3363,2026,30,Veracruz de Ignacio de la Llave,El patrimonio,Robo,Robo a transeunte en via publica,Sin violencia,33,43,43
3364,2026,30,Veracruz de Ignacio de la Llave,El patrimonio,Robo,Robo a transeunte en espacio abierto al publico,Con violencia,9,6,5
3365,2026,30,Veracruz de Ignacio de la Llave,El patrimonio,Robo,Robo a transeunte en espacio abierto al publico,Sin violencia,11,16,16
3366,2026,30,Veracruz de Ignacio de la Llave,El patrimonio,Robo,Robo en transporte publico individual,Con violencia,2,2,3
3367,2026,30,Veracruz de Ignacio de la Llave,El patrimonio,Robo,Robo en transporte publico individual,Sin violencia,4,2,0
3368,2026,30,Veracruz de Ignacio de la Llave,El patrimonio,Robo,Robo en transporte publico colectivo,Con violencia,0,0,1
3369,2026,30,Veracruz de Ignacio de la Llave,El patrimonio,Robo,Robo en transporte publico colectivo,Sin violencia,1,1,1
3370,2026,30,Veracruz de Ignacio de la Llave,El patrimonio,Robo,Robo en transporte individual,Con violencia,4,3,3
3371,2026,30,Veracruz de Ignacio de la Llave,El patrimonio,Robo,Robo en transporte individual,Sin violencia,1,2,0
3372,2026,30,Veracruz de Ignacio de la Llave,El patrimonio,Robo,Robo a institucion bancaria,Con violencia,0,1,1
3373,2026,30,Veracruz de Ignacio de la Llave,El patrimonio,Robo,Robo a institucion bancaria,Sin violencia,0,0,0
3374,2026,30,Veracruz de Ignacio de la Llave,El patrimonio,Robo,Robo a negocio,Con violencia,205,146,210
3375,2026,30,Veracruz de Ignacio de la Llave,El patrimonio,Robo,Robo a negocio,Sin violencia,178,139,206
3376,2026,30,Veracruz de Ignacio de la Llave,El patrimonio,Robo,Robo de ganado,Con violencia,2,0,0
3377,2026,30,Veracruz de Ignacio de la Llave,El patrimonio,Robo,Robo de ganado,Sin violencia,23,13,16
3378,2026,30,Veracruz de Ignacio de la Llave,El patrimonio,Robo,Robo de maquinaria - Herramienta industrial o agricola,Con violencia,0,0,0
3379,2026,30,Veracruz de Ignacio de la Llave,El patrimonio,Robo,Robo de maquinaria - Herramienta industrial o agricola,Sin violencia,1,1,1
3380,2026,30,Veracruz de Ignacio de la Llave,El patrimonio,Robo,Robo de maquinaria - Tractores y/o montacargas,Con violencia,0,0,0
3381,2026,30,Veracruz de Ignacio de la Llave,El patrimonio,Robo,Robo de maquinaria - Tractores y/o montacargas,Sin violencia,0,0,0
3382,2026,30,Veracruz de Ignacio de la Llave,El patrimonio,Robo,"Robo de maquinaria - Cables, tubos y otros objetos destinados a servicios publicos",Con violencia,0,0,0
3383,2026,30,Veracruz de Ignacio de la Llave,El patrimonio,Robo,"Robo de maquinaria - Cables, tubos y otros objetos destinados a servicios publicos",Sin violencia,1,3,1
3384,2026,30,Veracruz de Ignacio de la Llave,El patrimonio,Robo,Otros robos,Con violencia,41,41,58
3385,2026,30,Veracruz de Ignacio de la Llave,El patrimonio,Robo,Otros robos,Sin violencia,208,197,238
3386,2026,30,Veracruz de Ignacio de la Llave,El patrimonio,Fraude,Fraude,Fraude,270,294,350
3387,2026,30,Veracruz de Ignacio de la Llave,El patrimonio,Abuso de confianza,Abuso de confianza,Abuso de confianza,64,84,92
3388,2026,30,Veracruz de Ignacio de la Llave,El patrimonio,Extorsion,Extorsion presencial,Extorsion presencial,14,12,12
3389,2026,30,Veracruz de Ignacio de la Llave,El patrimonio,Extorsion,Tentativa de extorsion presencial,Tentativa de extorsion presencial,3,3,0
3390,2026,30,Veracruz de Ignacio de la Llave,El patrimonio,Extorsion,Extorsion por otros medios,Extorsion por otros medios,15,19,20
3391,2026,30,Veracruz de Ignacio de la Llave,El patrimonio,Extorsion,Tentativa de extorsion por otros medios,Tentativa de extorsion por otros medios,2,1,0
3392,2026,30,Veracruz de Ignacio de la Llave,El patrimonio,Dano a la propiedad,Dano a la propiedad,Dano a la propiedad,510,475,538
3393,2026,30,Veracruz de Ignacio de la Llave,El patrimonio,Despojo,Despojo,Despojo,99,109,115
3394,2026,30,Veracruz de Ignacio de la Llave,La familia,Otros delitos contra la familia,Otros delitos contra la familia,Otros delitos contra la familia,77,79,98
3395,2026,30,Veracruz de Ignacio de la Llave,La familia,Violencia familiar,Violencia familiar,Violencia familiar,787,739,1034
3396,2026,30,Veracruz de Ignacio de la Llave,La familia,Violencia de genero en todas sus modalidades distinta a la violencia familiar,Violencia de genero en todas sus modalidades distinta a la violencia familiar,Violencia de genero en todas sus modalidades distinta a la violencia familiar,162,192,229
3397,2026,30,Veracruz de Ignacio de la Llave,La familia,Incumplimiento de obligaciones de asistencia familiar,Incumplimiento de obligaciones de asistencia familiar,Incumplimiento de obligaciones de asistencia familiar,88,94,106
3398,2026,30,Veracruz de Ignacio de la Llave,La sociedad,Corrupcion de menores,Corrupcion de menores,Corrupcion de menores,6,1,8
3399,2026,30,Veracruz de Ignacio de la Llave,La sociedad,Otros delitos contra la sociedad,Otros delitos contra la sociedad,Otros delitos contra la sociedad,0,0,0
3400,2026,30,Veracruz de Ignacio de la Llave,La sociedad,Trata de personas,Trata de personas con fines de explotacion sexual,Trata de personas con fines de explotacion sexual,0,0,0
3401,2026,30,Veracruz de Ignacio de la Llave,La sociedad,Trata de personas,Trata de personas con fines de trabajo o servicios forzados,Trata de personas con fines de trabajo o servicios forzados,0,0,0
3402,2026,30,Veracruz de Ignacio de la Llave,La sociedad,Trata de personas,Trata de personas con fines de trafico de organos,Trata de personas con fines de trafico de organos,0,0,0
3403,2026,30,Veracruz de Ignacio de la Llave,La sociedad,Trata de personas,Trata de personas con otros fines,Trata de personas con otros fines,0,0,0
3404,2026,30,Veracruz de Ignacio de la Llave,La sociedad,Pornografia infantil,Pornografia infantil,Pornografia infantil,0,0,0
3405,2026,30,Veracruz de Ignacio de la Llave,La sociedad,Discriminacion,Discriminacion,Discriminacion,0,0,10
3406,2026,30,Veracruz de Ignacio de la Llave,Otros bienes juridicos afectados (del fuero comun),Narcomenudeo,Narcomenudeo posesion simple,Narcomenudeo posesion simple,346,380,511
3407,2026,30,Veracruz de Ignacio de la Llave,Otros bienes juridicos afectados (del fuero comun),Otros delitos del Fuero Comun,Otros delitos del Fuero Comun,Otros delitos del Fuero Comun,217,202,229
3408,2026,30,Veracruz de Ignacio de la Llave,Otros bienes juridicos afectados (del fuero comun),Narcomenudeo,Narcomenudeo con fines de venta,Narcomenudeo con fines de venta,0,0,0
3409,2026,30,Veracruz de Ignacio de la Llave,Otros bienes juridicos afectados (del fuero comun),Amenazas,Amenazas,Amenazas,506,499,679
3410,2026,30,Veracruz de Ignacio de la Llave,Otros bienes juridicos afectados (del fuero comun),Allanamiento de morada,Allanamiento de morada,Allanamiento de morada,55,52,43
3411,2026,30,Veracruz de Ignacio de la Llave,Otros bienes juridicos afectados (del fuero comun),Evasion de presos,Evasion de presos,Evasion de presos,0,1,2
3412,2026,30,Veracruz de Ignacio de la Llave,Otros bienes juridicos afectados (del fuero comun),Falsedad,Falsedad,Falsedad,23,21,29
3413,2026,30,Veracruz de Ignacio de la Llave,Otros bienes juridicos afectados (del fuero comun),Falsificacion,Falsificacion,Falsificacion,15,45,40
3414,2026,30,Veracruz de Ignacio de la Llave,Otros bienes juridicos afectados (del fuero comun),Contra el medio ambiente,Contra el medio ambiente,Contra el medio ambiente,5,1,5
3415,2026,30,Veracruz de Ignacio de la Llave,Otros bienes juridicos afectados (del fuero comun),Delitos cometidos por servidores publicos,Delitos cometidos por servidores publicos,Delitos cometidos por servidores publicos,50,58,151
3416,2026,30,Veracruz de Ignacio de la Llave,Otros bienes juridicos afectados (del fuero comun),Electorales,Electorales,Electorales,0,1,1
3417,2026,30,Veracruz de Ignacio de la Llave,Otros bienes juridicos afectados (del fuero comun),Delitos contra la administracion de justicia,Delitos contra la administracion de justicia,Delitos contra la administracion de justicia,9,16,18
3418,2026,30,Veracruz de Ignacio de la Llave,Otros bienes juridicos afectados (del fuero comun),Suplantacion y usurpacion de identidad,Suplantacion y usurpacion de identidad,Suplantacion y usurpacion de identidad,109,94,126
3419,2026,30,Veracruz de Ignacio de la Llave,Otros bienes juridicos afectados (del fuero comun),Tortura,Tortura,Tortura,7,12,21
3420,2026,31,Yucatan,La vida y la Integridad corporal,Homicidio,Homicidio doloso,Con arma blanca,0,0,0
3421,2026,31,Yucatan,La vida y la Integridad corporal,Homicidio,Homicidio doloso,Con arma de fuego,3,1,3
3422,2026,31,Yucatan,La vida y la Integridad corporal,Homicidio,Homicidio doloso,Con otro elemento,0,2,0
3423,2026,31,Yucatan,La vida y la Integridad corporal,Homicidio,Homicidio doloso,No especificado,0,0,0
3424,2026,31,Yucatan,La vida y la Integridad corporal,Homicidio,Tentativa de homicidio doloso,Tentativa de homicidio doloso,0,0,0
3425,2026,31,Yucatan,La vida y la Integridad corporal,Homicidio,Homicidio culposo,Con arma blanca,0,0,0
3426,2026,31,Yucatan,La vida y la Integridad corporal,Homicidio,Homicidio culposo,Con arma de fuego,0,0,0
3427,2026,31,Yucatan,La vida y la Integridad corporal,Homicidio,Homicidio culposo,Con otro elemento,1,0,0
3428,2026,31,Yucatan,La vida y la Integridad corporal,Homicidio,Homicidio culposo,En accidente de transito,8,19,12
3429,2026,31,Yucatan,La vida y la Integridad corporal,Homicidio,Homicidio culposo,No especificado,3,0,0
3430,2026,31,Yucatan,La vida y la Integridad corporal,Otros delitos que atentan contra la vida y la integridad corporal,Otros delitos que atentan contra la vida y la integridad corporal,Otros delitos que atentan contra la vida y la integridad corporal,2,0,0
3431,2026,31,Yucatan,La vida y la Integridad corporal,Lesiones,Lesiones dolosas,Con arma blanca,2,3,5
3432,2026,31,Yucatan,La vida y la Integridad corporal,Lesiones,Lesiones dolosas,Con arma de fuego,1,0,1
3433,2026,31,Yucatan,La vida y la Integridad corporal,Lesiones,Lesiones dolosas,Con otro elemento,46,55,59
3434,2026,31,Yucatan,La vida y la Integridad corporal,Lesiones,Lesiones dolosas,No especificado,1,0,0
3435,2026,31,Yucatan,La vida y la Integridad corporal,Lesiones,Lesiones culposas,Con arma blanca,0,0,0
3436,2026,31,Yucatan,La vida y la Integridad corporal,Lesiones,Lesiones culposas,Con arma de fuego,0,0,0
3437,2026,31,Yucatan,La vida y la Integridad corporal,Lesiones,Lesiones culposas,Con otro elemento,1,0,0
3438,2026,31,Yucatan,La vida y la Integridad corporal,Lesiones,Lesiones culposas,En accidente de transito,6,2,3
3439,2026,31,Yucatan,La vida y la Integridad corporal,Lesiones,Lesiones culposas,No especificado,0,0,0
3440,2026,31,Yucatan,La vida y la Integridad corporal,Feminicidio,Feminicidio,Con arma blanca,0,0,0
3441,2026,31,Yucatan,La vida y la Integridad corporal,Feminicidio,Feminicidio,Con arma de fuego,0,0,0
3442,2026,31,Yucatan,La vida y la Integridad corporal,Feminicidio,Feminicidio,Con otro elemento,0,0,1
3443,2026,31,Yucatan,La vida y la Integridad corporal,Feminicidio,Feminicidio,No especificado,0,0,0
3444,2026,31,Yucatan,La vida y la Integridad corporal,Feminicidio,Tentativa de feminicidio,Tentativa de feminicidio,1,1,1
3445,2026,31,Yucatan,La vida y la Integridad corporal,Aborto,Aborto,Aborto,0,0,0
3446,2026,31,Yucatan,Libertad personal,Otros delitos que atentan contra la libertad personal,Otros delitos que atentan contra la libertad personal,Otros delitos que atentan contra la libertad personal,2,0,0
3447,2026,31,Yucatan,Libertad personal,Secuestro,Secuestro extorsivo,Secuestro extorsivo,0,0,0
3448,2026,31,Yucatan,Libertad personal,Secuestro,Secuestro con calidad de rehen,Secuestro con calidad de rehen,0,0,0
3449,2026,31,Yucatan,Libertad personal,Secuestro,Secuestro para causar dano,Secuestro para causar dano,0,0,0
3450,2026,31,Yucatan,Libertad personal,Secuestro,Secuestro expres,Secuestro expres,0,0,0
3451,2026,31,Yucatan,Libertad personal,Trafico de menores,Trafico de menores,Trafico de menores,0,0,0
3452,2026,31,Yucatan,Libertad personal,Rapto,Rapto,Rapto,0,0,0
3453,2026,31,Yucatan,Libertad personal,Privacion ilegal de la libertad,Privacion ilegal de la libertad,Privacion ilegal de la libertad,0,0,0
3454,2026,31,Yucatan,Libertad personal,Retencion o sustraccion de menores e incapaces,Retencion o sustraccion de menores e incapaces,Retencion o sustraccion de menores e incapaces,0,0,0
3455,2026,31,Yucatan,La libertad y la seguridad sexual,Abuso sexual,Abuso sexual,Abuso sexual,11,8,4
3456,2026,31,Yucatan,La libertad y la seguridad sexual,Otros delitos que atentan contra la libertad y la seguridad sexual,Otros delitos que atentan contra la libertad y la seguridad sexual,Otros delitos que atentan contra la libertad y la seguridad sexual,0,0,0
3457,2026,31,Yucatan,La libertad y la seguridad sexual,Acoso sexual,Acoso sexual,Acoso sexual,2,2,3
3458,2026,31,Yucatan,La libertad y la seguridad sexual,Hostigamiento sexual,Hostigamiento sexual,Hostigamiento sexual,1,0,0
3459,2026,31,Yucatan,La libertad y la seguridad sexual,Incesto,Incesto,Incesto,0,0,0
3460,2026,31,Yucatan,La libertad y la seguridad sexual,Violacion,Violacion simple,Violacion simple,6,1,3
3461,2026,31,Yucatan,La libertad y la seguridad sexual,Violacion,Violacion equiparada,Violacion equiparada,0,0,1
3462,2026,31,Yucatan,La libertad y la seguridad sexual,Violacion a la intimidad sexual,Violacion a la intimidad sexual,Violacion a la intimidad sexual,0,0,0
3463,2026,31,Yucatan,El patrimonio,Otros delitos contra el patrimonio,Otros delitos contra el patrimonio,Otros delitos contra el patrimonio,0,4,0
3464,2026,31,Yucatan,El patrimonio,Robo,Robo a casa habitacion,Con violencia,0,2,0
3465,2026,31,Yucatan,El patrimonio,Robo,Robo a casa habitacion,Sin violencia,25,22,26
3466,2026,31,Yucatan,El patrimonio,Robo,Robo de vehiculo automotor - Coche de 4 ruedas,Con violencia,0,0,0
3467,2026,31,Yucatan,El patrimonio,Robo,Robo de vehiculo automotor - Coche de 4 ruedas,Sin violencia,3,4,7
3468,2026,31,Yucatan,El patrimonio,Robo,Robo de vehiculo automotor - Motocicleta,Con violencia,0,0,1
3469,2026,31,Yucatan,El patrimonio,Robo,Robo de vehiculo automotor - Motocicleta,Sin violencia,2,2,3
3470,2026,31,Yucatan,El patrimonio,Robo,Robo de vehiculo automotor - Embarcaciones,Con violencia,0,0,0
3471,2026,31,Yucatan,El patrimonio,Robo,Robo de vehiculo automotor - Embarcaciones,Sin violencia,0,0,0
3472,2026,31,Yucatan,El patrimonio,Robo,Robo de autopartes,Con violencia,0,0,0
3473,2026,31,Yucatan,El patrimonio,Robo,Robo de autopartes,Sin violencia,0,0,0
3474,2026,31,Yucatan,El patrimonio,Robo,Robo a transportista,Con violencia,0,0,0
3475,2026,31,Yucatan,El patrimonio,Robo,Robo a transportista,Sin violencia,0,0,0
3476,2026,31,Yucatan,El patrimonio,Robo,Robo a transeunte en via publica,Con violencia,4,4,1
3477,2026,31,Yucatan,El patrimonio,Robo,Robo a transeunte en via publica,Sin violencia,6,2,10
3478,2026,31,Yucatan,El patrimonio,Robo,Robo a transeunte en espacio abierto al publico,Con violencia,0,0,0
3479,2026,31,Yucatan,El patrimonio,Robo,Robo a transeunte en espacio abierto al publico,Sin violencia,0,0,0
3480,2026,31,Yucatan,El patrimonio,Robo,Robo en transporte publico individual,Con violencia,0,0,0
3481,2026,31,Yucatan,El patrimonio,Robo,Robo en transporte publico individual,Sin violencia,0,0,0
3482,2026,31,Yucatan,El patrimonio,Robo,Robo en transporte publico colectivo,Con violencia,0,0,0
3483,2026,31,Yucatan,El patrimonio,Robo,Robo en transporte publico colectivo,Sin violencia,0,0,0
3484,2026,31,Yucatan,El patrimonio,Robo,Robo en transporte individual,Con violencia,0,0,0
3485,2026,31,Yucatan,El patrimonio,Robo,Robo en transporte individual,Sin violencia,0,0,0
3486,2026,31,Yucatan,El patrimonio,Robo,Robo a institucion bancaria,Con violencia,0,0,0
3487,2026,31,Yucatan,El patrimonio,Robo,Robo a institucion bancaria,Sin violencia,0,0,0
3488,2026,31,Yucatan,El patrimonio,Robo,Robo a negocio,Con violencia,0,0,0
3489,2026,31,Yucatan,El patrimonio,Robo,Robo a negocio,Sin violencia,15,20,22
3490,2026,31,Yucatan,El patrimonio,Robo,Robo de ganado,Con violencia,0,0,0
3491,2026,31,Yucatan,El patrimonio,Robo,Robo de ganado,Sin violencia,1,2,0
3492,2026,31,Yucatan,El patrimonio,Robo,Robo de maquinaria - Herramienta industrial o agricola,Con violencia,0,0,0
3493,2026,31,Yucatan,El patrimonio,Robo,Robo de maquinaria - Herramienta industrial o agricola,Sin violencia,0,0,0
3494,2026,31,Yucatan,El patrimonio,Robo,Robo de maquinaria - Tractores y/o montacargas,Con violencia,0,0,0
3495,2026,31,Yucatan,El patrimonio,Robo,Robo de maquinaria - Tractores y/o montacargas,Sin violencia,0,0,0
3496,2026,31,Yucatan,El patrimonio,Robo,"Robo de maquinaria - Cables, tubos y otros objetos destinados a servicios publicos",Con violencia,0,0,0
3497,2026,31,Yucatan,El patrimonio,Robo,"Robo de maquinaria - Cables, tubos y otros objetos destinados a servicios publicos",Sin violencia,0,0,0
3498,2026,31,Yucatan,El patrimonio,Robo,Otros robos,Con violencia,1,1,0
3499,2026,31,Yucatan,El patrimonio,Robo,Otros robos,Sin violencia,19,34,20
3500,2026,31,Yucatan,El patrimonio,Fraude,Fraude,Fraude,27,31,28
3501,2026,31,Yucatan,El patrimonio,Abuso de confianza,Abuso de confianza,Abuso de confianza,14,17,22
3502,2026,31,Yucatan,El patrimonio,Extorsion,Extorsion presencial,Extorsion presencial,0,0,0
3503,2026,31,Yucatan,El patrimonio,Extorsion,Tentativa de extorsion presencial,Tentativa de extorsion presencial,0,0,0
3504,2026,31,Yucatan,El patrimonio,Extorsion,Extorsion por otros medios,Extorsion por otros medios,1,0,2
3505,2026,31,Yucatan,El patrimonio,Extorsion,Tentativa de extorsion por otros medios,Tentativa de extorsion por otros medios,0,0,1
3506,2026,31,Yucatan,El patrimonio,Dano a la propiedad,Dano a la propiedad,Dano a la propiedad,113,120,111
3507,2026,31,Yucatan,El patrimonio,Despojo,Despojo,Despojo,20,13,10
3508,2026,31,Yucatan,La familia,Otros delitos contra la familia,Otros delitos contra la familia,Otros delitos contra la familia,0,1,4
3509,2026,31,Yucatan,La familia,Violencia familiar,Violencia familiar,Violencia familiar,25,18,22
3510,2026,31,Yucatan,La familia,Violencia de genero en todas sus modalidades distinta a la violencia familiar,Violencia de genero en todas sus modalidades distinta a la violencia familiar,Violencia de genero en todas sus modalidades distinta a la violencia familiar,1,2,1
3511,2026,31,Yucatan,La familia,Incumplimiento de obligaciones de asistencia familiar,Incumplimiento de obligaciones de asistencia familiar,Incumplimiento de obligaciones de asistencia familiar,8,16,24
3512,2026,31,Yucatan,La sociedad,Corrupcion de menores,Corrupcion de menores,Corrupcion de menores,0,1,0
3513,2026,31,Yucatan,La sociedad,Otros delitos contra la sociedad,Otros delitos contra la sociedad,Otros delitos contra la sociedad,0,0,0
3514,2026,31,Yucatan,La sociedad,Trata de personas,Trata de personas con fines de explotacion sexual,Trata de personas con fines de explotacion sexual,0,0,0
3515,2026,31,Yucatan,La sociedad,Trata de personas,Trata de personas con fines de trabajo o servicios forzados,Trata de personas con fines de trabajo o servicios forzados,0,0,0
3516,2026,31,Yucatan,La sociedad,Trata de personas,Trata de personas con fines de trafico de organos,Trata de personas con fines de trafico de organos,0,0,0
3517,2026,31,Yucatan,La sociedad,Trata de personas,Trata de personas con otros fines,Trata de personas con otros fines,0,0,0
3518,2026,31,Yucatan,La sociedad,Pornografia infantil,Pornografia infantil,Pornografia infantil,0,0,0
3519,2026,31,Yucatan,La sociedad,Discriminacion,Discriminacion,Discriminacion,0,0,0
3520,2026,31,Yucatan,Otros bienes juridicos afectados (del fuero comun),Narcomenudeo,Narcomenudeo posesion simple,Narcomenudeo posesion simple,1,43,23
3521,2026,31,Yucatan,Otros bienes juridicos afectados (del fuero comun),Otros delitos del Fuero Comun,Otros delitos del Fuero Comun,Otros delitos del Fuero Comun,48,16,11
3522,2026,31,Yucatan,Otros bienes juridicos afectados (del fuero comun),Narcomenudeo,Narcomenudeo con fines de venta,Narcomenudeo con fines de venta,10,0,0
3523,2026,31,Yucatan,Otros bienes juridicos afectados (del fuero comun),Amenazas,Amenazas,Amenazas,107,100,133
3524,2026,31,Yucatan,Otros bienes juridicos afectados (del fuero comun),Allanamiento de morada,Allanamiento de morada,Allanamiento de morada,7,5,4
3525,2026,31,Yucatan,Otros bienes juridicos afectados (del fuero comun),Evasion de presos,Evasion de presos,Evasion de presos,0,0,0
3526,2026,31,Yucatan,Otros bienes juridicos afectados (del fuero comun),Falsedad,Falsedad,Falsedad,3,2,1
3527,2026,31,Yucatan,Otros bienes juridicos afectados (del fuero comun),Falsificacion,Falsificacion,Falsificacion,2,1,1
3528,2026,31,Yucatan,Otros bienes juridicos afectados (del fuero comun),Contra el medio ambiente,Contra el medio ambiente,Contra el medio ambiente,0,0,1
3529,2026,31,Yucatan,Otros bienes juridicos afectados (del fuero comun),Delitos cometidos por servidores publicos,Delitos cometidos por servidores publicos,Delitos cometidos por servidores publicos,2,2,6
3530,2026,31,Yucatan,Otros bienes juridicos afectados (del fuero comun),Electorales,Electorales,Electorales,0,0,0
3531,2026,31,Yucatan,Otros bienes juridicos afectados (del fuero comun),Delitos contra la administracion de justicia,Delitos contra la administracion de justicia,Delitos contra la administracion de justicia,0,0,0
3532,2026,31,Yucatan,Otros bienes juridicos afectados (del fuero comun),Suplantacion y usurpacion de identidad,Suplantacion y usurpacion de identidad,Suplantacion y usurpacion de identidad,0,0,0
3533,2026,31,Yucatan,Otros bienes juridicos afectados (del fuero comun),Tortura,Tortura,Tortura,0,0,0
3534,2026,32,Zacatecas,La vida y la Integridad corporal,Homicidio,Homicidio doloso,Con arma blanca,0,2,0
3535,2026,32,Zacatecas,La vida y la Integridad corporal,Homicidio,Homicidio doloso,Con arma de fuego,2,3,4
3536,2026,32,Zacatecas,La vida y la Integridad corporal,Homicidio,Homicidio doloso,Con otro elemento,0,1,0
3537,2026,32,Zacatecas,La vida y la Integridad corporal,Homicidio,Homicidio doloso,No especificado,0,2,0
3538,2026,32,Zacatecas,La vida y la Integridad corporal,Homicidio,Tentativa de homicidio doloso,Tentativa de homicidio doloso,2,5,7
3539,2026,32,Zacatecas,La vida y la Integridad corporal,Homicidio,Homicidio culposo,Con arma blanca,0,0,0
3540,2026,32,Zacatecas,La vida y la Integridad corporal,Homicidio,Homicidio culposo,Con arma de fuego,0,0,0
3541,2026,32,Zacatecas,La vida y la Integridad corporal,Homicidio,Homicidio culposo,Con otro elemento,4,5,5
3542,2026,32,Zacatecas,La vida y la Integridad corporal,Homicidio,Homicidio culposo,En accidente de transito,27,27,27
3543,2026,32,Zacatecas,La vida y la Integridad corporal,Homicidio,Homicidio culposo,No especificado,1,3,0
3544,2026,32,Zacatecas,La vida y la Integridad corporal,Otros delitos que atentan contra la vida y la integridad corporal,Otros delitos que atentan contra la vida y la integridad corporal,Otros delitos que atentan contra la vida y la integridad corporal,8,8,7
3545,2026,32,Zacatecas,La vida y la Integridad corporal,Lesiones,Lesiones dolosas,Con arma blanca,6,3,9
3546,2026,32,Zacatecas,La vida y la Integridad corporal,Lesiones,Lesiones dolosas,Con arma de fuego,1,2,3
3547,2026,32,Zacatecas,La vida y la Integridad corporal,Lesiones,Lesiones dolosas,Con otro elemento,82,87,104
3548,2026,32,Zacatecas,La vida y la Integridad corporal,Lesiones,Lesiones dolosas,No especificado,15,37,24
3549,2026,32,Zacatecas,La vida y la Integridad corporal,Lesiones,Lesiones culposas,Con arma blanca,0,0,1
3550,2026,32,Zacatecas,La vida y la Integridad corporal,Lesiones,Lesiones culposas,Con arma de fuego,1,0,2
3551,2026,32,Zacatecas,La vida y la Integridad corporal,Lesiones,Lesiones culposas,Con otro elemento,14,9,10
3552,2026,32,Zacatecas,La vida y la Integridad corporal,Lesiones,Lesiones culposas,En accidente de transito,22,21,35
3553,2026,32,Zacatecas,La vida y la Integridad corporal,Lesiones,Lesiones culposas,No especificado,26,18,27
3554,2026,32,Zacatecas,La vida y la Integridad corporal,Feminicidio,Feminicidio,Con arma blanca,0,0,0
3555,2026,32,Zacatecas,La vida y la Integridad corporal,Feminicidio,Feminicidio,Con arma de fuego,0,0,0
3556,2026,32,Zacatecas,La vida y la Integridad corporal,Feminicidio,Feminicidio,Con otro elemento,0,1,0
3557,2026,32,Zacatecas,La vida y la Integridad corporal,Feminicidio,Feminicidio,No especificado,0,1,0
3558,2026,32,Zacatecas,La vida y la Integridad corporal,Feminicidio,Tentativa de feminicidio,Tentativa de feminicidio,0,0,1
3559,2026,32,Zacatecas,La vida y la Integridad corporal,Aborto,Aborto,Aborto,0,0,2
3560,2026,32,Zacatecas,Libertad personal,Otros delitos que atentan contra la libertad personal,Otros delitos que atentan contra la libertad personal,Otros delitos que atentan contra la libertad personal,6,18,24
3561,2026,32,Zacatecas,Libertad personal,Secuestro,Secuestro extorsivo,Secuestro extorsivo,0,0,0
3562,2026,32,Zacatecas,Libertad personal,Secuestro,Secuestro con calidad de rehen,Secuestro con calidad de rehen,0,0,0
3563,2026,32,Zacatecas,Libertad personal,Secuestro,Secuestro para causar dano,Secuestro para causar dano,0,0,0
3564,2026,32,Zacatecas,Libertad personal,Secuestro,Secuestro expres,Secuestro expres,0,0,0
3565,2026,32,Zacatecas,Libertad personal,Trafico de menores,Trafico de menores,Trafico de menores,0,0,0
3566,2026,32,Zacatecas,Libertad personal,Rapto,Rapto,Rapto,0,0,0
3567,2026,32,Zacatecas,Libertad personal,Privacion ilegal de la libertad,Privacion ilegal de la libertad,Privacion ilegal de la libertad,15,13,24
3568,2026,32,Zacatecas,Libertad personal,Retencion o sustraccion de menores e incapaces,Retencion o sustraccion de menores e incapaces,Retencion o sustraccion de menores e incapaces,0,0,0
3569,2026,32,Zacatecas,La libertad y la seguridad sexual,Abuso sexual,Abuso sexual,Abuso sexual,27,20,28
3570,2026,32,Zacatecas,La libertad y la seguridad sexual,Otros delitos que atentan contra la libertad y la seguridad sexual,Otros delitos que atentan contra la libertad y la seguridad sexual,Otros delitos que atentan contra la libertad y la seguridad sexual,0,0,0
3571,2026,32,Zacatecas,La libertad y la seguridad sexual,Acoso sexual,Acoso sexual,Acoso sexual,13,15,14
3572,2026,32,Zacatecas,La libertad y la seguridad sexual,Hostigamiento sexual,Hostigamiento sexual,Hostigamiento sexual,0,4,3
3573,2026,32,Zacatecas,La libertad y la seguridad sexual,Incesto,Incesto,Incesto,0,0,0
3574,2026,32,Zacatecas,La libertad y la seguridad sexual,Violacion,Violacion simple,Violacion simple,11,12,19
3575,2026,32,Zacatecas,La libertad y la seguridad sexual,Violacion,Violacion equiparada,Violacion equiparada,8,8,14
3576,2026,32,Zacatecas,La libertad y la seguridad sexual,Violacion a la intimidad sexual,Violacion a la intimidad sexual,Violacion a la intimidad sexual,17,21,19
3577,2026,32,Zacatecas,El patrimonio,Otros delitos contra el patrimonio,Otros delitos contra el patrimonio,Otros delitos contra el patrimonio,7,6,16
3578,2026,32,Zacatecas,El patrimonio,Robo,Robo a casa habitacion,Con violencia,7,7,6
3579,2026,32,Zacatecas,El patrimonio,Robo,Robo a casa habitacion,Sin violencia,26,30,20
3580,2026,32,Zacatecas,El patrimonio,Robo,Robo de vehiculo automotor - Coche de 4 ruedas,Con violencia,11,23,19
3581,2026,32,Zacatecas,El patrimonio,Robo,Robo de vehiculo automotor - Coche de 4 ruedas,Sin violencia,29,33,28
3582,2026,32,Zacatecas,El patrimonio,Robo,Robo de vehiculo automotor - Motocicleta,Con violencia,2,4,4
3583,2026,32,Zacatecas,El patrimonio,Robo,Robo de vehiculo automotor - Motocicleta,Sin violencia,28,40,32
3584,2026,32,Zacatecas,El patrimonio,Robo,Robo de vehiculo automotor - Embarcaciones,Con violencia,0,0,0
3585,2026,32,Zacatecas,El patrimonio,Robo,Robo de vehiculo automotor - Embarcaciones,Sin violencia,0,0,0
3586,2026,32,Zacatecas,El patrimonio,Robo,Robo de autopartes,Con violencia,1,0,0
3587,2026,32,Zacatecas,El patrimonio,Robo,Robo de autopartes,Sin violencia,10,0,6
3588,2026,32,Zacatecas,El patrimonio,Robo,Robo a transportista,Con violencia,0,0,0
3589,2026,32,Zacatecas,El patrimonio,Robo,Robo a transportista,Sin violencia,2,0,0
3590,2026,32,Zacatecas,El patrimonio,Robo,Robo a transeunte en via publica,Con violencia,2,0,4
3591,2026,32,Zacatecas,El patrimonio,Robo,Robo a transeunte en via publica,Sin violencia,1,4,3
3592,2026,32,Zacatecas,El patrimonio,Robo,Robo a transeunte en espacio abierto al publico,Con violencia,0,0,0
3593,2026,32,Zacatecas,El patrimonio,Robo,Robo a transeunte en espacio abierto al publico,Sin violencia,0,0,0
3594,2026,32,Zacatecas,El patrimonio,Robo,Robo en transporte publico individual,Con violencia,0,0,0
3595,2026,32,Zacatecas,El patrimonio,Robo,Robo en transporte publico individual,Sin violencia,0,1,0
3596,2026,32,Zacatecas,El patrimonio,Robo,Robo en transporte publico colectivo,Con violencia,0,1,0
3597,2026,32,Zacatecas,El patrimonio,Robo,Robo en transporte publico colectivo,Sin violencia,0,0,1
3598,2026,32,Zacatecas,El patrimonio,Robo,Robo en transporte individual,Con violencia,0,1,0
3599,2026,32,Zacatecas,El patrimonio,Robo,Robo en transporte individual,Sin violencia,0,0,0
3600,2026,32,Zacatecas,El patrimonio,Robo,Robo a institucion bancaria,Con violencia,0,0,0
3601,2026,32,Zacatecas,El patrimonio,Robo,Robo a institucion bancaria,Sin violencia,0,0,0
3602,2026,32,Zacatecas,El patrimonio,Robo,Robo a negocio,Con violencia,1,5,8
3603,2026,32,Zacatecas,El patrimonio,Robo,Robo a negocio,Sin violencia,10,11,15
3604,2026,32,Zacatecas,El patrimonio,Robo,Robo de ganado,Con violencia,1,0,0
3605,2026,32,Zacatecas,El patrimonio,Robo,Robo de ganado,Sin violencia,6,3,6
3606,2026,32,Zacatecas,El patrimonio,Robo,Robo de maquinaria - Herramienta industrial o agricola,Con violencia,0,0,0
3607,2026,32,Zacatecas,El patrimonio,Robo,Robo de maquinaria - Herramienta industrial o agricola,Sin violencia,0,2,0
3608,2026,32,Zacatecas,El patrimonio,Robo,Robo de maquinaria - Tractores y/o montacargas,Con violencia,1,0,0
3609,2026,32,Zacatecas,El patrimonio,Robo,Robo de maquinaria - Tractores y/o montacargas,Sin violencia,1,0,0
3610,2026,32,Zacatecas,El patrimonio,Robo,"Robo de maquinaria - Cables, tubos y otros objetos destinados a servicios publicos",Con violencia,0,0,0
3611,2026,32,Zacatecas,El patrimonio,Robo,"Robo de maquinaria - Cables, tubos y otros objetos destinados a servicios publicos",Sin violencia,0,1,0
3612,2026,32,Zacatecas,El patrimonio,Robo,Otros robos,Con violencia,30,39,51
3613,2026,32,Zacatecas,El patrimonio,Robo,Otros robos,Sin violencia,213,173,198
3614,2026,32,Zacatecas,El patrimonio,Fraude,Fraude,Fraude,159,118,140
3615,2026,32,Zacatecas,El patrimonio,Abuso de confianza,Abuso de confianza,Abuso de confianza,22,29,28
3616,2026,32,Zacatecas,El patrimonio,Extorsion,Extorsion presencial,Extorsion presencial,0,1,2
3617,2026,32,Zacatecas,El patrimonio,Extorsion,Tentativa de extorsion presencial,Tentativa de extorsion presencial,0,0,0
3618,2026,32,Zacatecas,El patrimonio,Extorsion,Extorsion por otros medios,Extorsion por otros medios,16,38,45
3619,2026,32,Zacatecas,El patrimonio,Extorsion,Tentativa de extorsion por otros medios,Tentativa de extorsion por otros medios,1,7,2
3620,2026,32,Zacatecas,El patrimonio,Dano a la propiedad,Dano a la propiedad,Dano a la propiedad,206,253,248
3621,2026,32,Zacatecas,El patrimonio,Despojo,Despojo,Despojo,31,27,32
3622,2026,32,Zacatecas,La familia,Otros delitos contra la familia,Otros delitos contra la familia,Otros delitos contra la familia,11,7,4
3623,2026,32,Zacatecas,La familia,Violencia familiar,Violencia familiar,Violencia familiar,264,260,300
3624,2026,32,Zacatecas,La familia,Violencia de genero en todas sus modalidades distinta a la violencia familiar,Violencia de genero en todas sus modalidades distinta a la violencia familiar,Violencia de genero en todas sus modalidades distinta a la violencia familiar,0,0,0
3625,2026,32,Zacatecas,La familia,Incumplimiento de obligaciones de asistencia familiar,Incumplimiento de obligaciones de asistencia familiar,Incumplimiento de obligaciones de asistencia familiar,51,74,79
3626,2026,32,Zacatecas,La sociedad,Corrupcion de menores,Corrupcion de menores,Corrupcion de menores,0,2,3
3627,2026,32,Zacatecas,La sociedad,Otros delitos contra la sociedad,Otros delitos contra la sociedad,Otros delitos contra la sociedad,0,0,0
3628,2026,32,Zacatecas,La sociedad,Trata de personas,Trata de personas con fines de explotacion sexual,Trata de personas con fines de explotacion sexual,1,0,0
3629,2026,32,Zacatecas,La sociedad,Trata de personas,Trata de personas con fines de trabajo o servicios forzados,Trata de personas con fines de trabajo o servicios forzados,0,1,0
3630,2026,32,Zacatecas,La sociedad,Trata de personas,Trata de personas con fines de trafico de organos,Trata de personas con fines de trafico de organos,0,0,0
3631,2026,32,Zacatecas,La sociedad,Trata de personas,Trata de personas con otros fines,Trata de personas con otros fines,0,0,0
3632,2026,32,Zacatecas,La sociedad,Pornografia infantil,Pornografia infantil,Pornografia infantil,0,0,0
3633,2026,32,Zacatecas,La sociedad,Discriminacion,Discriminacion,Discriminacion,1,5,7
3634,2026,32,Zacatecas,Otros bienes juridicos afectados (del fuero comun),Narcomenudeo,Narcomenudeo posesion simple,Narcomenudeo posesion simple,7,7,4
3635,2026,32,Zacatecas,Otros bienes juridicos afectados (del fuero comun),Otros delitos del Fuero Comun,Otros delitos del Fuero Comun,Otros delitos del Fuero Comun,27,46,40
3636,2026,32,Zacatecas,Otros bienes juridicos afectados (del fuero comun),Narcomenudeo,Narcomenudeo con fines de venta,Narcomenudeo con fines de venta,42,65,44
3637,2026,32,Zacatecas,Otros bienes juridicos afectados (del fuero comun),Amenazas,Amenazas,Amenazas,96,93,123
3638,2026,32,Zacatecas,Otros bienes juridicos afectados (del fuero comun),Allanamiento de morada,Allanamiento de morada,Allanamiento de morada,12,13,11
3639,2026,32,Zacatecas,Otros bienes juridicos afectados (del fuero comun),Evasion de presos,Evasion de presos,Evasion de presos,0,0,0
3640,2026,32,Zacatecas,Otros bienes juridicos afectados (del fuero comun),Falsedad,Falsedad,Falsedad,8,2,7
3641,2026,32,Zacatecas,Otros bienes juridicos afectados (del fuero comun),Falsificacion,Falsificacion,Falsificacion,6,8,6
3642,2026,32,Zacatecas,Otros bienes juridicos afectados (del fuero comun),Contra el medio ambiente,Contra el medio ambiente,Contra el medio ambiente,0,0,0
3643,2026,32,Zacatecas,Otros bienes juridicos afectados (del fuero comun),Delitos cometidos por servidores publicos,Delitos cometidos por servidores publicos,Delitos cometidos por servidores publicos,15,11,19
3644,2026,32,Zacatecas,Otros bienes juridicos afectados (del fuero comun),Electorales,Electorales,Electorales,0,1,1
3645,2026,32,Zacatecas,Otros bienes juridicos afectados (del fuero comun),Delitos contra la administracion de justicia,Delitos contra la administracion de justicia,Delitos contra la administracion de justicia,21,10,116
3646,2026,32,Zacatecas,Otros bienes juridicos afectados (del fuero comun),Suplantacion y usurpacion de identidad,Suplantacion y usurpacion de identidad,Suplantacion y usurpacion de identidad,5,8,11
3647,2026,32,Zacatecas,Otros bienes juridicos afectados (del fuero comun),Tortura,Tortura,Tortura,5,5,10
