Rank,Name,Platform,Year,Genre,Publisher,NA_Sales,EU_Sales,JP_Sales,Other_Sales,Global_Sales
12006,Ultimate Marvel vs. Capcom 3,X360,2011,Fighting,Capcom,0,0.03,0.04,0,0.07
12306,Hisshou Pachinko*Pachi-Slot Kouryaku Series Vol. 14: CR Shinseiki Evangelion: Saigo no Mono,PS2,2009,Misc,D3Publisher,0,0,0.06,0,0.06
12276,Bionicle,XB,2003,Action,Electronic Arts,0.05,0.01,0,0,0.06
13642,Tabi no Yubisashi Kaiwachou DS: DS Series 5 Deutsch,DS,2006,Misc,Nintendo,0,0,0.04,0,0.04
16269,Kurogane Kaikitan,PSV,2015,Adventure,Minato Station,0,0,0.01,0,0.01
14109,Marines: Modern Urban Combat,Wii,2010,Shooter,O-Games,0.03,0,0,0,0.03
13904,Dramatic Soccer Game: Nippon Daihyou Senshu Ninarou!,PS2,2002,Sports,Enix Corporation,0,0,0.04,0,0.04
5630,Prince of Persia: The Sands of Time,GC,2003,Action,Ubisoft,0.25,0.06,0,0.01,0.32
14991,AMF Xtreme Bowling,PS2,2006,Sports,Mastertronic,0.01,0.01,0,0,0.02
181,Dragon Quest VIII: Journey of the Cursed King,PS2,2004,Role-Playing,Square Enix,0.65,0.75,3.61,0.2,5.21
16489,Case Closed: One Truth Prevails,Wii,2007,Adventure,Nobilis,0,0,0.01,0,0.01
5597,LEGO Marvel's Avengers,XOne,2016,Action,Warner Bros. Interactive Entertainment,0.18,0.11,0,0.03,0.32
14851,My DoItAll,DS,2009,Misc,Tomy Corporation,0.02,0,0,0,0.03
13384,Test Drive Le Mans,PS,1999,Racing,Infogrames,0.03,0.02,0,0,0.05
9707,NHL 2002,GBA,2002,Sports,Electronic Arts,0.09,0.03,0,0,0.12
14790,Hermie Hopperhead: Scrap Panic,PS,1995,Platform,Sony Computer Entertainment,0,0,0.02,0,0.03
9250,The Amazing Race,Wii,2010,Misc,Ubisoft,0.13,0,0,0.01,0.14
10142,MLB Power Pros,PS2,2007,Sports,Konami Digital Entertainment,0,0,0.11,0,0.11
11385,Robotron X,PS,1996,Shooter,GT Interactive,0.05,0.03,0,0.01,0.08
6453,Create,Wii,2010,Action,Electronic Arts,0.22,0.03,0,0.02,0.26
12260,Desert Strike Advance,GBA,2002,Simulation,Electronic Arts,0.05,0.02,0,0,0.06
11375,Super Monkey Ball Adventure,PSP,2006,Platform,Sega,0.05,0.02,0,0.01,0.08
14202,Sunday vs Magazine Shuuketsu! Choujou Daikessen,PSP,2009,Fighting,Konami Digital Entertainment,0,0,0.03,0,0.03
2004,Jeremy McGrath Supercross 98,PS,1998,Racing,Acclaim Entertainment,0.91,0.1,0,0.03,1.04
2890,"WarioWare, Inc.: Mega Party Game$",GC,2003,Puzzle,Nintendo,0.2,0.05,0.44,0.02,0.71
12042,Crayon Shin-Chan: Densetsu o Yobu Omake no To Shukkugaan!,GBA,2006,Action,Banpresto,0,0,0.07,0,0.07
15847,White Album 2: Shiawase no Mukougawa,PSV,2013,Adventure,Aqua Plus,0,0,0.02,0,0.02
9117,Scooby-Doo! Night of 100 Frights,XB,2003,Platform,THQ,0.11,0.03,0,0.01,0.14
9967,de Blob 2,DS,2011,Platform,THQ,0.09,0.02,0,0.01,0.12
9116,Arctic Tale,DS,2007,Adventure,Zoo Digital Publishing,0.13,0,0,0.01,0.14
16307,Moto Racer Advance,GBA,2002,Racing,Ubisoft,0.01,0,0,0,0.01
1967,Cosmic Ark,2600,1981,Shooter,Imagic,0.99,0.05,0,0.01,1.05
8176,Biohazard: Revival Selection,PS3,2011,Action,Capcom,0,0,0.18,0,0.18
7440,Shrek: Reekin' Havoc,GBA,2003,Platform,TDK Mediactive,0.15,0.06,0,0,0.21
13701,Gitaroo Man Lives!,PSP,2006,Misc,Tecmo Koei,0.03,0,0,0,0.04
2313,Madden NFL 99,N64,1998,Sports,Electronic Arts,0.84,0.05,0,0.01,0.9
15570,Mary King's Riding School 2,Wii,2009,Simulation,Midas Interactive Entertainment,0,0.02,0,0,0.02
9257,Happy Feet,Wii,2006,Action,Midway Games,0.12,0,0,0.01,0.14
16198,Legoland,PC,1999,Action,LEGO Media,0,0.01,0,0,0.01
2282,Tokyo Xtreme Racer 3,PS2,2003,Racing,Genki,0.35,0.27,0.21,0.09,0.91
13987,NHL Legacy,PS3,2015,Action,Electronic Arts,0.03,0,0,0.01,0.04
15834,LifeSigns: Surgical Unit,DS,2005,Simulation,JoWood Productions,0.01,0.01,0,0,0.02
13844,Zatch Bell! Mamodo Fury,GC,2005,Fighting,Namco Bandai Games,0.03,0.01,0,0,0.04
11891,Speed,Wii,2010,Racing,Unknown,0.04,0.02,0,0.01,0.07
2228,White Knight Chronicles: International Edition,PS3,2008,Role-Playing,Sony Computer Entertainment,0.33,0.16,0.36,0.08,0.93
11956,Open Season,Wii,2006,Platform,Ubisoft,0.06,0,0,0.01,0.07
15909,Tokyo Friend Park II DS,DS,2006,Misc,Rocket Company,0,0,0.02,0,0.02
5785,Midway Arcade Treasures 2,XB,2004,Misc,Midway Games,0.24,0.05,0,0.01,0.31
16319,Daiya no Kuni no Alice: Wonderful Mirror World,PSP,2013,Adventure,Quinrose,0,0,0.01,0,0.01
7806,Conflict: Denied Ops,PS3,2008,Shooter,Eidos Interactive,0.05,0.1,0,0.03,0.19
14694,Battle Arena Toshinden URA,SAT,1995,Fighting,Sega,0,0,0.03,0,0.03
3233,LEGO Jurassic World,XOne,2015,Action,Warner Bros. Interactive Entertainment,0.35,0.22,0,0.06,0.63
8015,Half-Minute Hero,PSP,2009,Role-Playing,Rising Star Games,0.08,0.02,0.07,0.02,0.18
3706,Michael Jackson: The Experience,PS3,2011,Misc,Ubisoft,0.25,0.2,0,0.08,0.54
7856,Sudeki,XB,2004,Role-Playing,Microsoft Game Studios,0.14,0.04,0,0.01,0.19
4373,Tekken Advance,GBA,2001,Fighting,Infogrames,0.32,0.12,0,0.01,0.45
12323,Zill O'll Infinite Plus,PSP,2009,Role-Playing,Tecmo Koei,0,0,0.06,0,0.06
11366,Strider 2,PS,2000,Platform,Virgin Interactive,0.05,0.03,0,0.01,0.08
2795,The Sims 2: Castaway,DS,2007,Simulation,Electronic Arts,0.63,0.05,0,0.06,0.73
11093,Sidewinder Max,PS2,2000,Simulation,Asmik Ace Entertainment,0,0,0.09,0,0.09
10394,Digimon Digital Card Battle,PS,1999,Strategy,Namco Bandai Games,0.06,0.04,0,0.01,0.11
8495,Robotech: Battlecry,GC,2002,Shooter,TDK Mediactive,0.13,0.03,0,0,0.16
12488,Summon Night 2,DS,2008,Role-Playing,Namco Bandai Games,0,0,0.06,0,0.06
8818,Serious Sam,XB,2002,Shooter,Take-Two Interactive,0.11,0.03,0,0.01,0.15
16069,Pachitte Chonmage Tatsujin 16: Pachinko Hissatsu Shigotojin III,PS2,2010,Misc,Hackberry,0,0,0.01,0,0.01
15584,Niko Puchi Girls Runway,3DS,2015,Misc,Happinet,0,0,0.02,0,0.02
16106,Kana: Imouto,PSP,2010,Adventure,CyberFront,0,0,0.01,0,0.01
12840,Unsolved Crimes,DS,2008,Adventure,Empire Interactive,0.04,0.01,0,0,0.05
13630,Jissen Pachislot Hisshouhou! Hokuto no Ken DS,DS,2005,Misc,Sega,0,0,0.04,0,0.04
6611,Combination Pro Soccer: J-League no Kantoku ni Natte Sekai wo Mezase!!,PS,1998,Sports,Axela,0,0,0.24,0.02,0.25
7402,Namco Museum Megamix,Wii,2010,Misc,Namco Bandai Games,0.2,0,0,0.01,0.21
705,Borderlands 2,PS3,2012,Shooter,Take-Two Interactive,1.05,0.77,0.1,0.36,2.28
2460,NBA 2K10,PS3,2009,Sports,Take-Two Interactive,0.75,0.01,0.01,0.07,0.84
12719,Wantame Fortune Channel,DS,2007,Misc,Capcom,0,0,0.06,0,0.06
3988,Dead or Alive Ultimate,XB,2004,Fighting,Tecmo Koei,0.3,0.1,0.08,0.02,0.5
3274,Pac-Man Player's Choice Bundle,GC,2003,Misc,Namco Bandai Games,0.48,0.12,0,0.02,0.62
8202,Marvel Super Hero Squad: The Infinity Gauntlet,PS3,2010,Action,THQ,0.12,0.03,0,0.02,0.18
5491,Legends of Wrestling II,PS2,2002,Fighting,Acclaim Entertainment,0.16,0.13,0,0.04,0.33
1017,Xenosaga Episode I: Der Wille zur Macht,PS2,2002,Role-Playing,Namco Bandai Games,0.63,0.49,0.45,0.17,1.74
10561,My Healthy Cooking Coach,DS,N/A,Simulation,Unknown,0.09,0,0,0.01,0.1
10338,Victory Zone,PS,1995,Misc,Sony Computer Entertainment,0,0,0.1,0.01,0.11
3863,Lair,PS3,2007,Action,Sony Computer Entertainment,0.36,0.04,0.08,0.04,0.52
476,Devil May Cry,PS2,2001,Action,Capcom,1.36,0.86,0.64,0.13,2.99
11741,In The Groove,PS2,2005,Misc,RedOctane,0.04,0.03,0,0.01,0.07
5222,NBA 2K12,Wii,2011,Sports,Take-Two Interactive,0.3,0.03,0,0.02,0.36
11398,NHL 06,GC,2005,Sports,Electronic Arts,0.06,0.02,0,0,0.08
12456,Disney's Kim Possible: Global Gemini,DS,2007,Platform,Disney Interactive Studios,0.05,0.01,0,0,0.06
252,Zelda II: The Adventure of Link,NES,1987,Adventure,Nintendo,2.19,0.5,1.61,0.08,4.38
14976,Demigod,PC,2009,Strategy,Atari,0,0.02,0,0,0.02
15530,Rozen Maiden: Duellwalzer,PS2,2006,Adventure,Taito,0,0,0.02,0,0.02
3878,My Word Coach,Wii,2007,Misc,Ubisoft,0.46,0.02,0,0.04,0.51
3085,Suikoden IV,PS2,2004,Role-Playing,Konami Digital Entertainment,0.17,0.13,0.3,0.05,0.66
11389,J-League Winning Eleven 2009: Club Championship,PS2,2009,Sports,Konami Digital Entertainment,0,0,0.08,0,0.08
12814,Amazing Island,GC,2004,Strategy,Sega,0.04,0.01,0,0,0.06
8717,Mat Hoffman's Pro BMX 2,GBA,2002,Sports,Activision,0.11,0.04,0,0,0.16
7134,Petz Monkeyz House,DS,2008,Simulation,Ubisoft,0.2,0,0,0.02,0.23
7248,Tales of Berseria,PS4,2016,Role-Playing,Namco Bandai Games,0,0,0.22,0,0.22
16586,Carmageddon 64,N64,1999,Action,Virgin Interactive,0.01,0,0,0,0.01
4898,Disney's Brother Bear,GBA,2003,Action,THQ,0.28,0.1,0,0.01,0.39
14724,King Arthur II,PC,2011,Strategy,Paradox Interactive,0,0.02,0,0,0.03
14951,Juusanshi Engi Engetsu Sangokuden 2,PSP,2014,Action,Idea Factory,0,0,0.02,0,0.02
4045,"Transformers: Revenge of the Fallen (XBox 360, PS3, & PC Versions)",Wii,2009,Shooter,Activision,0.24,0.2,0,0.05,0.49
4555,Backyard Baseball,GBA,2002,Sports,Atari,0.31,0.11,0,0.01,0.43
1527,Need for Speed Carbon,Wii,2006,Racing,Electronic Arts,0.46,0.66,0.02,0.15,1.29
4040,Grandia III,PS2,2005,Role-Playing,Square Enix,0.12,0.1,0.24,0.03,0.49
4533,WipEout 64,N64,1998,Racing,Midway Games,0.28,0.14,0,0.01,0.43
10264,SimAnimals Africa,DS,2009,Simulation,Electronic Arts,0.08,0.02,0,0.01,0.11
5997,J-League Victory Goal '96,SAT,1996,Sports,Sega,0,0,0.29,0,0.29
1417,A Collection of Activision Classic Games for the Atari 2600,PS,1998,Misc,Activision,0.76,0.52,0,0.09,1.37
15033,Urakata Hakuoki,PSP,2013,Adventure,Idea Factory,0,0,0.02,0,0.02
246,God of War,PS2,2005,Action,Sony Computer Entertainment,2.71,1.29,0.02,0.43,4.45
11347,Orega Kantoku Da! Gekitou Pennant Race,PS2,2000,Sports,Enix Corporation,0,0,0.08,0,0.08
12839,Gladiator: Sword of Vengeance,XB,2003,Action,Acclaim Entertainment,0.04,0.01,0,0,0.05
1832,Spider-Man 2,XB,2004,Action,Activision,0.82,0.26,0,0.04,1.12
15606,Tsuki no Hikari: Shizumeru Kane no Satsujin,PS2,2002,Adventure,Victor Interactive,0,0,0.02,0,0.02
452,Madden NFL 2002,PS2,2001,Sports,Electronic Arts,2.5,0.16,0.01,0.42,3.08
9306,Battlefield: Hardline,PC,2015,Shooter,Electronic Arts,0,0.13,0,0.01,0.14
13792,Date A Live: Rine Utopia,PS3,2013,Adventure,Compile Heart,0,0,0.04,0,0.04
7321,The Dukes of Hazzard: Return of the General Lee,PS2,2004,Racing,Ubisoft,0.11,0.08,0,0.03,0.21
1680,SolarStriker,GB,1989,Shooter,Nintendo,0.4,0.39,0.36,0.04,1.2
12977,The Idolmaster 2,X360,2011,Simulation,Namco Bandai Games,0,0,0.05,0,0.05
1243,Madden NFL 15,XOne,2014,Sports,Electronic Arts,1.3,0.09,0,0.12,1.51
4478,Devil May Cry HD Collection,X360,2012,Action,Capcom,0.28,0.11,0.01,0.03,0.44
10501,Risen 3: Titan Lords,PS3,2014,Role-Playing,Deep Silver,0.02,0.06,0,0.02,0.1
368,Rugrats in Paris: The Movie,PS,2000,Action,THQ,1.96,1.33,0,0.23,3.52
15852,Poupee Girl DS 2: Elegant Mint / Sweet Pink Style,DS,2010,Misc,Alvion,0,0,0.02,0,0.02
11207,Midnight Play! Pack,DS,2008,Misc,Ubisoft,0.08,0,0,0.01,0.09
13685,Horses 3D,3DS,2012,Misc,Ubisoft,0.04,0,0,0,0.04
6439,Sonic X: Game Boy Advance Video Volume 1,GBA,2004,Misc,N/A,0.19,0.07,0,0,0.27
16208,Caladrius,X360,2013,Shooter,Moss,0,0,0.01,0,0.01
2078,Wheel of Fortune,Wii,2010,Misc,THQ,0.89,0.04,0,0.06,1
7074,Rocket League,PS4,2016,Sports,505 Games,0.02,0.14,0,0.07,0.23
10789,Pony Friends 2,Wii,2009,Simulation,Eidos Interactive,0.04,0.05,0,0.01,0.1
16419,Chaos;Child,PS3,2015,Adventure,5pb,0,0,0.01,0,0.01
15142,Max Payne,PC,2001,Shooter,Take-Two Interactive,0,0.02,0,0,0.02
6374,NBA Live 2004,GC,2003,Sports,Electronic Arts,0.21,0.05,0,0.01,0.27
6783,That's So Raven: Psychic on the Scene,DS,2006,Adventure,Disney Interactive Studios,0.23,0,0,0.02,0.24
12556,Theresia...,DS,2008,Adventure,Arc System Works,0.06,0,0,0,0.06
3802,Front Mission 2,PS,1997,Strategy,SquareSoft,0,0,0.49,0.03,0.53
8666,Bomberman Land Touch! 2,DS,2007,Puzzle,Rising Star Games,0.13,0,0.01,0.01,0.16
6562,X-Men vs. Street Fighter,SAT,1997,Fighting,Capcom,0,0,0.26,0,0.26
4625,Dr. Mario 64,N64,2001,Puzzle,Nintendo,0.34,0.07,0,0,0.42
11917,Alexi Lalas International Soccer,PS,1998,Sports,Take-Two Interactive,0.04,0.03,0,0,0.07
8699,The Incredible Hulk: The Pantheon Saga,PS,1996,Action,Eidos Interactive,0.09,0.06,0,0.01,0.16
12434,Zero Escape: Zero Time Dilemma,3DS,2016,Adventure,Aksys Games,0.04,0,0.01,0.01,0.06
7813,Legacy of Kain: Defiance,XB,2003,Action,Eidos Interactive,0.14,0.04,0,0.01,0.19
3183,Middle-Earth: Shadow of Mordor,PS3,2014,Action,Warner Bros. Interactive Entertainment,0.2,0.33,0.01,0.1,0.64
16170,Order Up!!,3DS,2011,Action,Funbox Media,0,0.01,0,0,0.01
4075,Tales of Legendia,PS2,2005,Role-Playing,Namco Bandai Games,0.07,0.05,0.35,0.02,0.49
884,Jet Moto 2,PS,1997,Racing,Sony Computer Entertainment,1.41,0.42,0.03,0.07,1.94
11772,Jewel Link Chronicles: Legend of Athena,DS,2011,Puzzle,GSP,0,0.06,0,0.01,0.07
12138,Spawn: Armageddon,GC,2003,Action,Electronic Arts,0.05,0.01,0,0,0.07
7455,Rayman Legends,PSV,2014,Platform,Ubisoft,0.03,0.12,0,0.05,0.21
12809,GRID,DS,N/A,Racing,Codemasters,0.04,0.01,0,0,0.06
16541,Sea Monsters: A Prehistoric Adventure,DS,2007,Adventure,DSI Games,0.01,0,0,0,0.01
7363,Bratz: Girlz Really Rock,Wii,2008,Action,THQ,0.19,0,0,0.02,0.21
15138,Freestyle Metal X,XB,2003,Racing,Midway Games,0.02,0,0,0,0.02
16190,Jewel Quest II,PC,2007,Puzzle,Avanquest,0,0.01,0,0,0.01
7683,Bust-A-Move 2 Arcade Edition,PS,1995,Puzzle,Acclaim Entertainment,0.11,0.07,0,0.01,0.2
4116,All-Star Baseball 99,N64,1998,Sports,Acclaim Entertainment,0.44,0.04,0,0,0.48
5487,Medal of Honor: Warfighter,PC,2012,Action,Electronic Arts,0.14,0.15,0,0.04,0.33
4894,NASCAR Heat,PS,2000,Racing,Hasbro Interactive,0.22,0.15,0,0.03,0.39
8764,The Adventures of Tintin: The Game,3DS,2011,Action,Ubisoft,0.05,0.09,0,0.02,0.15
8835,Mind Zero,PSV,2013,Role-Playing,GungHo,0.08,0,0.04,0.02,0.15
2157,LEGO Pirates of the Caribbean: The Video Game,DS,2011,Action,Disney Interactive Studios,0.37,0.49,0,0.1,0.96
8157,Mobile Suit Gundam Seed Destiny: Generation of C.E.,PS2,2005,Action,Namco Bandai Games,0,0,0.18,0,0.18
14710,Otome wa Oanesama ni Koi Shiteru Portable: 2-Jin no Elder,PSP,2011,Adventure,Alchemist,0,0,0.03,0,0.03
5158,LEGO Batman 2: DC Super Heroes,PSV,2012,Action,Warner Bros. Interactive Entertainment,0.17,0.13,0,0.06,0.37
4611,Star Wars Trilogy: Apprentice of the Force,GBA,2004,Action,Ubisoft,0.3,0.11,0,0.01,0.42
12353,Robotica,SAT,1994,Shooter,Sega,0,0,0.06,0,0.06
4932,All-Star Baseball 2000,N64,1999,Sports,Acclaim Entertainment,0.36,0.03,0,0,0.39
11948,Romance of the Three Kingdoms IX,PS2,2003,Strategy,Tecmo Koei,0.03,0.03,0,0.01,0.07
13236,Ms Saga: A New Dawn,PS2,2005,Role-Playing,Namco Bandai Games,0.02,0.02,0,0.01,0.05
11522,MXGP 2,PS4,2016,Racing,Milestone S.r.l.,0.02,0.05,0,0.01,0.08
9014,Power Rangers: Super Legends,PS2,2007,Action,Disney Interactive Studios,0.07,0.06,0,0.02,0.14
7130,Rogue Ops,PS2,2003,Action,Kemco,0.11,0.09,0,0.03,0.23
8243,Major League Baseball 2K9,PS3,2009,Sports,Spike,0.16,0,0,0.01,0.17
15589,Summon Night Granthese: Horobi no Ken to Yakusoku no Kishi,PS2,2010,Role-Playing,Namco Bandai Games,0,0,0.02,0,0.02
11667,No One Can Stop Mr. Domino!,PS,1998,Misc,JVC,0.04,0.03,0,0,0.08
3880,Dragon Age: Origins,PC,2009,Role-Playing,Electronic Arts,0,0.46,0,0.06,0.51
8458,Bakugan Battle Brawlers: Defenders of the Core,PS3,2010,Action,Activision,0.14,0.01,0,0.02,0.17
15098,Kawasaki Jet Ski,Wii,2008,Racing,Metro 3D,0.02,0,0,0,0.02
8113,Soccer Tsuku Tokudai Gou: J-League Pro Soccer Club o Tsukurou,DC,2000,Sports,Sega,0,0,0.18,0,0.18
10121,Samurai Warriors 4-II,PS3,2015,Action,Tecmo Koei,0,0,0.11,0,0.11
8304,RoadKill,PS2,2003,Action,Midway Games,0.08,0.07,0,0.02,0.17
13887,Hatsune Miku: Project Diva X,PS4,2016,Misc,Sega,0.01,0,0.02,0,0.04
6263,Kenka Bancho: Badass Rumble,PSP,2008,Action,Spike,0.06,0,0.2,0.01,0.27
2860,Madden NFL 2003,XB,2002,Sports,Electronic Arts,0.67,0.02,0,0.03,0.71
13702,Chibi Maruko-Chan DS: Maru-Chan no Machi,DS,2009,Puzzle,Namco Bandai Games,0,0,0.04,0,0.04
7416,Cruis'n Exotica,N64,2000,Racing,Midway Games,0.17,0.04,0,0,0.21
12641,Call of Duty: The War Collection,X360,2010,Shooter,Activision,0.05,0,0,0,0.06
13814,Valhalla Knights 2: Battle Stance,PSP,2009,Role-Playing,Marvelous Interactive,0,0,0.04,0,0.04
4872,Scooby-Doo! and the Spooky Swamp,DS,2010,Action,Warner Bros. Interactive Entertainment,0.26,0.1,0,0.03,0.4
15102,Daito Giken Koushiki Pachi-Slot Simulator: Hihouden - Fuujirareta Megami Portable,PSP,2011,Misc,Paon,0,0,0.02,0,0.02
5284,Batman: Rise of Sin Tzu,PS2,2003,Action,Ubisoft,0.17,0.13,0,0.05,0.35
5096,Tiger Woods PGA Tour 09,PS2,2008,Sports,Electronic Arts,0.16,0,0,0.21,0.37
13262,Sword Art Online: Game Director's Edition,PS4,2015,Role-Playing,Namco Bandai Games,0,0,0.05,0,0.05
8144,FIFA Soccer 2002,GC,2001,Sports,Electronic Arts,0.14,0.04,0,0,0.18
1916,Star Fox: Assault,GC,2005,Shooter,Nintendo,0.68,0.18,0.19,0.03,1.08
1280,Nintendo World Cup,NES,1990,Sports,Nintendo,0.28,0.5,0.65,0.05,1.48
3562,True Crime: Streets of LA,GC,2003,Action,Activision,0.44,0.11,0,0.02,0.56
1300,The SpongeBob SquarePants Movie,GBA,2004,Platform,THQ,1.02,0.38,0,0.06,1.46
15542,The Talos Principle,PS4,2015,Puzzle,Devolver Digital,0,0.02,0,0,0.02
2745,The Amazing Spider-Man (Console Version),X360,2012,Action,Activision,0.43,0.26,0,0.06,0.75
1140,Sled Storm,PS,1998,Racing,Electronic Arts,0.9,0.61,0,0.11,1.62
14700,HotBrain,PSP,2007,Puzzle,Midway Games,0.02,0,0,0,0.03
647,Tetris Plus,PS,1996,Puzzle,JVC,2.1,0.24,0,0.07,2.4
13942,Aquanaut's Holiday: Kakusareta Kiroku,PS3,2008,Adventure,Sony Computer Entertainment,0,0,0.04,0,0.04
7492,Kung Fu Rider,PS3,2010,Action,Sony Computer Entertainment,0.06,0.1,0.01,0.04,0.21
8747,Tak: The Great Juju Challenge,GC,2005,Platform,THQ,0.12,0.03,0,0,0.15
7126,Senran Kagura: Estival Versus,PSV,2015,Action,Marvelous Interactive,0.06,0.05,0.09,0.03,0.23
15701,Hisshou Pachinko*Pachi-Slot Kouryaku Series Vol. 9: CR Fever Captain Harlock,PS2,2007,Misc,D3Publisher,0,0,0.02,0,0.02
5015,NHL 15,PS3,2014,Sports,Electronic Arts,0.21,0.11,0,0.06,0.38
5770,Harvest Moon: Magical Melody,Wii,2008,Simulation,Rising Star Games,0.25,0.04,0,0.03,0.31
10896,Galactic Taz Ball,DS,2010,Platform,Warner Bros. Interactive Entertainment,0.09,0,0,0.01,0.09
5364,Skylanders: Trap Team,XOne,2014,Action,Activision,0.25,0.07,0,0.03,0.34
11058,Winter Stars,PS3,2011,Sports,Deep Silver,0.01,0.06,0,0.02,0.09
12568,Winning Post 4 Maximum,PS2,2000,Sports,Tecmo Koei,0,0,0.06,0,0.06
3675,Enslaved: Odyssey to the West,X360,2010,Action,Namco Bandai Games,0.3,0.19,0,0.05,0.55
9930,DreamWorks Super Star Kartz,PS3,2011,Racing,Activision,0.06,0.03,0,0.02,0.12
5683,Momotarou Dentetsu Happy,SNES,1996,Misc,Hudson Soft,0,0,0.32,0,0.32
12835,Drivers Ed Portable,DS,2008,Misc,JoWood Productions,0.05,0,0,0,0.05
9446,The BIGS 2,PS3,2009,Sports,Take-Two Interactive,0.12,0,0,0.01,0.13
15965,Imperium Romanum,PC,2008,Strategy,Kalypso Media,0,0.01,0,0,0.02
14998,Bugriders: The Race of Kings,PS,1997,Racing,GT Interactive,0.01,0.01,0,0,0.02
16579,Rugby Challenge 3,XOne,2016,Sports,Alternative Software,0,0.01,0,0,0.01
11139,Jikkyou Powerful Pro Yakyuu 2012,PSV,2012,Action,Konami Digital Entertainment,0,0,0.09,0,0.09
763,Call of Duty: Roads to Victory,PSP,2007,Shooter,Activision,0.52,1.03,0,0.59,2.14
12601,Jewel Legends: Tree of Life,DS,2011,Puzzle,Rising Star Games,0,0.05,0,0.01,0.06
13212,ZooCube,GBA,2002,Puzzle,Acclaim Entertainment,0.03,0.01,0,0,0.05
7495,Power Rangers: Wild Force,GBA,2002,Action,THQ,0.15,0.05,0,0,0.21
8221,The Wild Thornberrys: Animal Adventures,PS,2000,Adventure,Mattel Interactive,0.1,0.07,0,0.01,0.17
5713,Contra 4,DS,2007,Shooter,Konami Digital Entertainment,0.28,0,0.01,0.02,0.31
12381,Warhammer: Battle For Atluma,PSP,2006,Action,Namco Bandai Games,0.05,0,0,0.01,0.06
15141,Plants vs. Zombies: Garden Warfare,PC,2014,Shooter,Electronic Arts,0,0.02,0,0,0.02
11108,Bakugan: Rise of the Resistance,DS,2011,Strategy,Activision,0.06,0.02,0,0.01,0.09
4816,Rocksmith 2014,XOne,2014,Misc,Ubisoft,0.29,0.08,0,0.04,0.4
14914,Senjou no Waltz,PSV,2014,Adventure,Idea Factory,0,0,0.02,0,0.02
11352,Metal Slug Advance,GBA,2004,Shooter,Ignition Entertainment,0.06,0.02,0,0,0.08
1126,Viva Pinata,X360,2006,Simulation,Microsoft Game Studios,0.45,0.96,0.02,0.2,1.63
11779,Gladius,GC,2003,Strategy,Activision,0.06,0.01,0,0,0.07
9037,Dragon Age: Origins - Ultimate Edition,PC,2010,Role-Playing,Electronic Arts,0,0.12,0,0.02,0.14
7181,A Boy and His Blob,Wii,2009,Platform,Majesco Entertainment,0.19,0.02,0,0.02,0.22
13930,Shin Hayarigami,PS3,2014,Adventure,Nippon Ichi Software,0,0,0.04,0,0.04
13733,MLB 2K12 / NBA 2K12 Combo Pack,X360,2012,Sports,Take-Two Interactive,0.04,0,0,0,0.04
15045,Aria: The Origination ~Aoi Wakusei no El Cielo~,PS2,2008,Adventure,Alchemist,0,0,0.02,0,0.02
3689,LEGO The Hobbit,PS3,2014,Action,Warner Bros. Interactive Entertainment,0.12,0.32,0,0.1,0.54
5919,Reel Fishing: Angler's Dream,Wii,2009,Sports,Zushi Games,0.26,0.01,0,0.02,0.3
488,inFAMOUS,PS3,2009,Action,Sony Computer Entertainment,1.76,0.69,0.12,0.37,2.94
9588,Torino 2006,PS2,2006,Sports,Take-Two Interactive,0.06,0.05,0,0.02,0.13
8915,Power Pro Kun Pocket 9,DS,2006,Sports,Konami Digital Entertainment,0,0,0.15,0,0.15
16393,World Snooker Championship 2007,X360,2007,Sports,Sega,0,0.01,0,0,0.01
6032,War Gods,N64,1997,Fighting,Midway Games,0.23,0.06,0,0,0.29
7375,Yu-Gi-Oh! 5D's World Championship 2011: Over the Nexus,DS,2011,Strategy,Konami Digital Entertainment,0.1,0.03,0.07,0.01,0.21
5186,LocoRoco 2,PSP,2008,Platform,Sony Computer Entertainment,0.21,0.09,0.01,0.05,0.36
14591,Megpoid the Music#,PSP,2013,Misc,Asgard,0,0,0.03,0,0.03
15707,Cabbage Patch Kids: The Patch Puppy Rescue,GBA,2007,Misc,D3Publisher,0.01,0,0,0,0.02
15894,Trigger Man,GC,2004,Shooter,Crave Entertainment,0.01,0,0,0,0.02
3062,NCAA March Madness 2003,PS2,2002,Sports,Electronic Arts,0.32,0.25,0,0.08,0.66
6070,Snowboarding,PS,2000,Sports,Midas Interactive Entertainment,0.16,0.11,0,0.02,0.29
11049,Castlevania Dracula X,SNES,1995,Platform,Konami Digital Entertainment,0.03,0.01,0.05,0,0.09
12402,Tecmo Classic Arcade,XB,2005,Misc,Microsoft Game Studios,0.05,0.01,0,0,0.06
11878,Disney's Donald Duck Advance,GBA,2001,Platform,Ubisoft,0.05,0.02,0,0,0.07
13312,Kakuto Chojin,XB,2002,Fighting,Microsoft Game Studios,0.04,0.01,0,0,0.05
7206,KORG DS-10 Synthesizer,DS,2008,Misc,AQ Interactive,0.2,0.01,0,0.02,0.22
15366,Chicago Enforcer,XB,2005,Shooter,Kemco,0.02,0,0,0,0.02
13697,Breeding Stud 2,PS,1998,Sports,Konami Digital Entertainment,0,0,0.04,0,0.04
3162,The Lord of the Rings: Conquest,X360,2009,Action,Electronic Arts,0.37,0.21,0,0.06,0.64
6906,Sherlock Holmes and the Mystery of Osborne House,DS,2010,Adventure,Focus Home Interactive,0.07,0.14,0,0.03,0.24
602,Sonic Adventure 2 Battle,GC,2001,Platform,Sega,1.7,0.59,0.21,0.07,2.56
14304,Metroid Prime: Federation Force,3DS,2016,Action,Nintendo,0.02,0.01,0.01,0,0.03
11739,Kinnikuman Muscle Grand Prix Max 2: Tokumori,PS2,2008,Fighting,Namco Bandai Games,0,0,0.07,0,0.07
8975,Summon Night 5,PSP,2013,Role-Playing,Namco Bandai Games,0,0,0.15,0,0.15
6605,Nickelodeon Dance,Wii,2011,Misc,Take-Two Interactive,0.23,0.01,0,0.02,0.26
15271,Final Fantasy XIV: Heavensward,PS3,2015,Action,Square Enix,0.01,0,0.01,0,0.02
6089,World of Warcraft: Legion,PC,2016,Role-Playing,Activision,0.14,0.12,0,0.02,0.29
3798,Tom Clancy's Ghost Recon Advanced Warfighter 2,PSP,2007,Shooter,Ubisoft,0.35,0.1,0,0.08,0.53
1599,Ratchet: Deadlocked,PS2,2005,Shooter,Sony Computer Entertainment,0.85,0.03,0.22,0.14,1.24
8916,Rubik's World,Wii,2008,Puzzle,Game Factory,0.13,0.01,0,0.01,0.15
10181,Alvin and the Chipmunks: Chipwrecked,DS,2011,Misc,505 Games,0.07,0.03,0,0.01,0.11
7992,Cabela's Survival: Shadows of Katmai,X360,2011,Sports,Activision,0.14,0.03,0,0.01,0.19
550,L.A. Noire,X360,2011,Adventure,Take-Two Interactive,1.52,0.94,0.02,0.24,2.72
3747,Mat Hoffman's Pro BMX,PS,2001,Sports,Activision,0.3,0.2,0,0.04,0.54
6233,Pokemon Box: Ruby & Sapphire,GC,2003,Misc,Nintendo,0,0,0.27,0.01,0.28
12331,Bomberman Land,PSP,2007,Misc,Hudson Entertainment,0.06,0,0,0.01,0.06
6482,Inazuma Eleven GO 3: Galaxy,3DS,2013,Sports,Level 5,0,0,0.26,0,0.26
5874,DmC: Devil May Cry,PS4,2015,Action,Capcom,0.12,0.13,0,0.05,0.3
2724,Legends of Wrestling,PS2,2001,Fighting,Acclaim Entertainment,0.37,0.29,0,0.1,0.76
11489,Earth Defense Force 2017,X360,2006,Action,D3Publisher,0.04,0.01,0.03,0,0.08
14910,Konohana 2: Todoke Kanai Requiem,PS2,2002,Adventure,Success,0,0,0.03,0,0.03
8178,Driver: San Francisco,Wii,2011,Racing,Ubisoft,0.06,0.09,0,0.02,0.18
15393,Elminage Gothic: Ulm Zakir to Yami no Gishiki,PSP,2012,Role-Playing,Starfish,0,0,0.02,0,0.02
15103,Geten no Hana,PSP,2013,Misc,Tecmo Koei,0,0,0.02,0,0.02
8894,DreamWorks Super Star Kartz,Wii,2011,Racing,Activision,0.1,0.04,0,0.01,0.15
1761,FIFA Soccer 10,PSP,2009,Sports,Electronic Arts,0.15,0.68,0.01,0.32,1.16
9130,World Tour Soccer 2003,PS2,2002,Sports,Sony Computer Entertainment,0.07,0.05,0,0.02,0.14
14134,The Void,PC,2008,Adventure,Mamba Games,0,0.03,0,0.01,0.03
4945,Just Dance 4,WiiU,2012,Misc,Ubisoft,0.22,0.14,0,0.03,0.39
4093,Mario Golf: World Tour,3DS,2014,Sports,Nintendo,0.15,0.14,0.17,0.03,0.48
14252,The Binding of Isaac,PC,2012,Action,Unknown,0,0.03,0,0,0.03
10747,Rapala Pro Bass Fishing 2010,DS,2010,Sports,Activision,0.09,0,0,0.01,0.1
8217,Winning Eleven: Pro Evolution Soccer 2007,DS,2006,Sports,Konami Digital Entertainment,0,0,0.17,0,0.17
10444,Pariah,XB,2005,Action,Hip Interactive,0.08,0.02,0,0,0.1
1117,Dig Dug,2600,1982,Puzzle,Atari,1.52,0.1,0,0.02,1.64
3476,Gex: Enter the Gecko,PS,1998,Platform,BMG Interactive Entertainment,0.32,0.22,0,0.04,0.58
546,Mario Paint,SNES,1992,Misc,Nintendo,1.43,0.54,0.71,0.07,2.75
8456,Project X Zone 2: Brave New World,3DS,2015,Role-Playing,Namco Bandai Games,0.04,0.04,0.08,0.01,0.17
2515,Clu Clu Land,NES,1984,Puzzle,Nintendo,0.42,0.1,0.28,0.02,0.82
563,Need for Speed: Shift,PS3,2009,Racing,Electronic Arts,0.69,1.41,0.04,0.53,2.68
1179,Hannah Montana: Music Jam,DS,2007,Action,Disney Interactive Studios,1.06,0.37,0,0.15,1.58
16157,Bratz: Forever Diamondz,PS2,2006,Adventure,THQ,0.01,0.01,0,0,0.01
11401,Initial D: Extreme Stage,PS3,2008,Racing,Sega,0,0,0.08,0,0.08
16076,Empire Deluxe,PC,1992,Strategy,New World Computing,0.01,0,0,0,0.01
2420,Ford Racing,PS,2001,Racing,Empire Interactive,0.48,0.33,0,0.06,0.86
15192,Heart no Kuni no Alice Anniversary Ver.: Wonderful Wonder World,PSP,2011,Adventure,Quinrose,0,0,0.02,0,0.02
15409,Fist of the North Star: Ken's Rage 2,WiiU,2013,Fighting,Tecmo Koei,0,0,0.02,0,0.02
7210,Nicktoons Collection: Game Boy Advance Video Volume 2,GBA,2004,Misc,N/A,0.16,0.06,0,0,0.22
1383,Need For Speed: Undercover,PS2,2008,Racing,Electronic Arts,0.38,0.08,0.03,0.93,1.4
12553,Fate/Tiger Colosseum Upper,PSP,2008,Fighting,Capcom,0,0,0.06,0,0.06
11317,Captain America: Super Soldier,3DS,2011,Action,Sega,0.05,0.02,0,0.01,0.08
4981,Triple Play 97,PS,1996,Sports,Electronic Arts Victor,0.21,0.15,0,0.03,0.38
15215,Disney's Meet the Robinsons,DS,2007,Action,Disney Interactive Studios,0.02,0,0,0,0.02
5516,Cabela's Dangerous Hunts 2011,PS3,2010,Sports,Activision,0.26,0.04,0,0.03,0.33
5992,Kagero: Deception II,PS,1998,Strategy,Virgin Interactive,0.03,0.02,0.22,0.02,0.29
16187,Fatal Fury: Battle Archives Volume 2 (JP sales),PS2,2007,Fighting,SNK Playmore,0,0,0.01,0,0.01
16573,Farming 2017 - The Simulation,PS4,2016,Simulation,UIG Entertainment,0,0.01,0,0,0.01
15176,Happiness! De-Lucks,PS2,2007,Adventure,Marvelous Interactive,0,0,0.02,0,0.02
262,Super Mario 3D World,WiiU,2013,Platform,Nintendo,2.11,1.11,0.72,0.3,4.25
8795,Darksiders,PC,2010,Action,THQ,0.07,0.06,0,0.02,0.15
11969,ESPN National Hockey Night,PS2,2001,Sports,Konami Digital Entertainment,0.03,0.03,0,0.01,0.07
13964,World of Tanks,X360,N/A,Shooter,N/A,0,0.03,0,0,0.04
16473,Amnesia Later,PSV,2014,Misc,Idea Factory,0,0,0.01,0,0.01
7883,Warriors: Legends of Troy,PS3,2011,Action,Tecmo Koei,0.06,0.05,0.07,0.02,0.19
2926,Hannah Montana: The Movie,DS,2009,Adventure,Disney Interactive Studios,0.38,0.25,0,0.07,0.7
13663,Hellboy: The Science of Evil,PSP,2008,Action,Konami Digital Entertainment,0.04,0,0,0,0.04
1911,LEGO City Undercover,WiiU,2013,Platform,Nintendo,0.47,0.4,0.13,0.08,1.08
3444,Just Dance 2016,WiiU,2015,Misc,Ubisoft,0.28,0.25,0,0.05,0.58
11391,Grand Prix Challenge,PS2,2002,Racing,Atari,0.04,0.03,0,0.01,0.08
16107,Barbie and Her Sisters Puppy Rescue,WiiU,2015,Action,Namco Bandai Games,0,0.01,0,0,0.01
14008,Castlevania: Lords of Shadow - Reverie,PS3,2011,Action,Konami Digital Entertainment,0.02,0.01,0,0.01,0.04
10735,Persona 5,PS3,2016,Role-Playing,Unknown,0,0,0.1,0,0.1
6188,Virtua Fighter 5 Online,X360,2007,Fighting,Sega,0.2,0.03,0.03,0.02,0.28
3946,Monopoly Party,PS2,2002,Misc,Infogrames,0.25,0.19,0,0.06,0.51
3097,NHL 13,PS3,2012,Sports,Electronic Arts,0.33,0.22,0,0.1,0.65
8207,Castlevania Judgment,Wii,2008,Fighting,Konami Digital Entertainment,0.13,0.02,0.01,0.01,0.18
15817,Konductra,DS,2006,Puzzle,O3 Entertainment,0.02,0,0,0,0.02
7215,LEGO Harry Potter: Years 5-7,PC,N/A,Action,Warner Bros. Interactive Entertainment,0.05,0.14,0,0.03,0.22
12944,DoDonPachi Resurrection,X360,2010,Shooter,Rising Star Games,0,0.05,0,0.01,0.05
1557,Pokemon Mystery Dungeon: Gates to Infinity,3DS,2012,Role-Playing,Nintendo,0.44,0.3,0.47,0.06,1.27
10627,nail'd,X360,2010,Racing,Deep Silver,0.08,0.02,0,0.01,0.1
13543,Dai Senryaku VII: Modern Military Tactics,XB,2003,Strategy,Kool Kizz,0.03,0.01,0,0,0.04
12061,Fairy Tail: Zelef Kakusei,PSP,2012,Action,Unknown,0,0,0.07,0,0.07
15913,Shin Hisui no Shizuku: Hiiro no Kakera 2 Portable,PSP,2010,Adventure,Idea Factory,0,0,0.02,0,0.02
15691,Pirates PlundArrr,Wii,2010,Action,Majesco Entertainment,0.02,0,0,0,0.02
13820,Bomberman: Act Zero,X360,2006,Puzzle,Konami Digital Entertainment,0.04,0,0,0,0.04
11620,Terraria,3DS,2016,Action,505 Games,0,0.03,0.04,0,0.08
13608,The Monkey King: The Legend Begins,Wii,2007,Shooter,Starfish,0.04,0,0,0,0.04
867,BioShock Infinite,X360,2013,Shooter,Take-Two Interactive,1.22,0.57,0.02,0.15,1.96
5766,Calvin Tucker's Redneck Jamboree,Wii,2008,Misc,Zoo Games,0.29,0,0,0.02,0.31
15512,Mushihimesama,X360,2012,Action,Cave,0,0,0.02,0,0.02
8123,Marvel Super Hero Squad: Comic Combat,X360,2011,Action,THQ,0.13,0.04,0,0.01,0.18
11896,Robocalypse,DS,2008,Strategy,Tecmo Koei,0.07,0,0,0,0.07
15375,Super Bowling,N64,1999,Sports,Athena,0.02,0,0,0,0.02
2053,The LEGO Movie Videogame,PS3,2014,Action,Warner Bros. Interactive Entertainment,0.33,0.48,0.02,0.18,1.01
14292,Arthur and the Invisibles,DS,2007,Adventure,Atari,0.03,0,0,0,0.03
11402,Pinobee: Wings of Adventure,GBA,2001,Platform,Hudson Entertainment,0.06,0.02,0,0,0.08
2997,Cars: Mater-National Championship,DS,2007,Racing,THQ,0.63,0.01,0,0.05,0.68
366,Battlefield 4,X360,2013,Shooter,Electronic Arts,2.14,1.08,0.02,0.29,3.53
14923,Spy Hunter / Super Sprint,GBA,2005,Racing,Zoo Digital Publishing,0.02,0.01,0,0,0.02
12817,Carmen Sandiego: The Secret of the Stolen Drums,PS2,2004,Action,BAM! Entertainment,0.03,0.02,0,0.01,0.06
6044,Nicktoons: Battle for Volcano Island,GC,N/A,Action,Unknown,0.22,0.06,0,0.01,0.29
6297,Pac-Pix,DS,2005,Puzzle,Namco Bandai Games,0.16,0,0.1,0.01,0.27
15827,A Vampyre Story,PC,2008,Adventure,Crimson Cow,0,0.01,0,0,0.02
2336,The Jak and Daxter Collection,PS3,2012,Platform,Sony Computer Entertainment,0.6,0.19,0,0.1,0.89
11303,The King of Fighters '98: Dream Match Never Ends,PS,1999,Fighting,SNK Playmore,0.05,0.03,0,0.01,0.08
12850,Countdown: The Game,Wii,2009,Puzzle,Mindscape,0,0.05,0,0,0.05
11367,ShellShock 2: Blood Trails,PS3,2009,Shooter,Eidos Interactive,0.04,0.03,0,0.01,0.08
5048,MX vs. ATV Untamed,PS2,2007,Racing,THQ,0.32,0.01,0,0.05,0.38
6877,Mobile Suit Gundam Battlefield Record U.C.0081,PS3,2009,Action,Namco Bandai Games,0,0,0.24,0,0.24
2164,Dragon Quest Monsters: Terry's Wonderland 3D,3DS,2012,Role-Playing,Square Enix,0,0,0.96,0,0.96
13453,Short Track Racing: Trading Paint,PS2,2009,Racing,THQ,0.02,0.02,0,0.01,0.05
2014,EA Sports UFC,PS4,2014,Sports,Electronic Arts,0.46,0.4,0.01,0.17,1.04
10137,To Heart 2: Dungeon Travelers,PSP,2011,Adventure,Aqua Plus,0,0,0.11,0,0.11
1954,LEGO Indiana Jones: The Original Adventures,PS3,2008,Action,Activision,0.44,0.44,0,0.18,1.06
6795,Corpse Party: Blood Drive,PSV,2014,Adventure,Marvelous Interactive,0.11,0.03,0.06,0.05,0.24
14440,Ebikore Photo Kano Kiss,PSV,2015,Action,Kadokawa Games,0,0,0.03,0,0.03
799,Battlefield: Hardline,PS4,2015,Shooter,Electronic Arts,0.7,0.93,0.14,0.32,2.09
3889,HSX HyperSonic.Xtreme,PS2,2002,Racing,Midas Interactive Entertainment,0.25,0.2,0,0.07,0.51
9254,Need for Speed Underground 2,DS,2005,Racing,Electronic Arts,0.11,0.02,0,0.01,0.14
9464,Steel Battalion: Heavy Armor,X360,2012,Misc,Capcom,0.08,0.03,0.02,0.01,0.13
1777,Donkey Konga,GC,2003,Misc,Nintendo,0.5,0.16,0.46,0.03,1.15
13502,Crushed Baseball,GBA,2004,Sports,Summitsoft,0.03,0.01,0,0,0.04
3517,Iron Man,X360,2008,Action,Sega,0.27,0.24,0,0.06,0.57
9128,Farming Simulator 2012,3DS,2012,Action,Excalibur Publishing,0,0.12,0,0.02,0.14
3972,LEGO The Hobbit,X360,2014,Action,Warner Bros. Interactive Entertainment,0.2,0.26,0,0.04,0.5
9466,Mega Man Anniversary Collection,XB,2005,Platform,Capcom,0.1,0.03,0,0,0.13
12373,Mega Minis Volume 3,PSP,2011,Misc,Sony Computer Entertainment,0,0.05,0,0.02,0.06
2037,The Lost World: Jurassic Park,PS,1997,Action,Electronic Arts,0.57,0.39,0,0.07,1.02
8155,Velvet Assassin,X360,2009,Shooter,DTP Entertainment,0.14,0.02,0.01,0.01,0.18
11805,Resident Evil Zero,XOne,2016,Action,Capcom,0.05,0.02,0,0.01,0.07
9290,MLB 14: The Show,PSV,2014,Sports,Sony Computer Entertainment America,0.11,0,0,0.02,0.14
16019,Cosmetic Paradise: Make no Kiseki,DS,2008,Misc,Global A Entertainment,0,0,0.01,0,0.01
1570,Yokai Watch 3,3DS,2016,Action,Level 5,0,0,1.27,0,1.27
1467,WWE SmackDown vs Raw 2008,PS3,2007,Fighting,THQ,0.62,0.5,0.01,0.21,1.33
3458,WWE 2K16,XOne,2015,Sports,Take-Two Interactive,0.31,0.22,0,0.05,0.58
2521,Tales of the Abyss,3DS,2011,Role-Playing,Namco Bandai Games,0.42,0.19,0.14,0.06,0.82
760,Tom Clancy's Rainbow Six: Siege,PS4,2015,Shooter,Ubisoft,0.54,1.16,0.13,0.32,2.15
15945,UNO 52,DS,2006,Misc,Zoo Digital Publishing,0.01,0,0,0,0.02
7236,Jewel Quest: Expeditions,DS,2007,Puzzle,Avanquest,0.03,0.18,0,0.01,0.22
4124,Football Manager 2015,PC,2014,Simulation,Sega,0,0.43,0,0.05,0.48
9859,Rubik's World,DS,2008,Puzzle,Game Factory,0.1,0.01,0,0.01,0.12
11513,Jillian Michaels Fitness Ultimatum 2010,DS,2009,Sports,Majesco Entertainment,0.07,0,0,0.01,0.08
6405,NBA ShootOut 2001,PS,2000,Sports,Sony Computer Entertainment,0.15,0.1,0,0.02,0.27
4393,Worms: Open Warfare 2,PSP,2007,Strategy,THQ,0.04,0.26,0,0.14,0.45
14723,Negima!? Dream Tactic Yumemiru Otome Princess,PS2,2007,Strategy,Konami Digital Entertainment,0,0,0.03,0,0.03
3341,Backyard Wrestling: Don't Try This at Home,PS2,2003,Fighting,Eidos Interactive,0.3,0.23,0,0.08,0.6
14728,Auto Modellista,GC,2003,Racing,Capcom,0.02,0.01,0,0,0.03
6745,Anno 2205,PC,2015,Strategy,Ubisoft,0.02,0.22,0,0.01,0.25
1343,Need for Speed Rivals,PS3,2013,Racing,Electronic Arts,0.33,0.74,0.05,0.31,1.44
12151,RedCard 20-03,PS2,2002,Sports,Midway Games,0.03,0.03,0,0.01,0.07
3877,Jampack Winter 2002,PS2,2002,Misc,Sony Computer Entertainment,0.25,0.2,0,0.07,0.52
876,Star Wars: Dark Forces,PC,1994,Shooter,LucasArts,1.09,0.77,0,0.09,1.95
10810,Natural Doctrine,PS4,2014,Role-Playing,Nippon Ichi Software,0.05,0.02,0.02,0.01,0.1
15304,Brain Dead 13,PS,1996,Adventure,Coconuts Japan,0.01,0.01,0,0,0.02
392,F-1 Race,GB,1990,Racing,Nintendo,1.73,0.69,0.59,0.4,3.41
16496,The Smurfs,3DS,N/A,Action,Unknown,0,0.01,0,0,0.01
9235,FIFA 06 Soccer,GC,2005,Sports,Electronic Arts,0.11,0.03,0,0,0.14
6250,Power Pro Kun Pocket 3,GBA,2001,Sports,Konami Digital Entertainment,0,0,0.27,0.01,0.28
8715,Top Spin 4,Wii,2011,Sports,Take-Two Interactive,0.05,0.09,0,0.02,0.16
15721,Marvel Superheroes 3D: Grandmaster's Challenge,Wii,2010,Action,Neko Entertainment,0,0.01,0,0,0.02
8951,Tamagotchi no Narikiri Channel,DS,2009,Role-Playing,Namco Bandai Games,0,0,0.15,0,0.15
418,L.A. Noire,PS3,2011,Adventure,Take-Two Interactive,1.27,1.33,0.12,0.51,3.23
3650,Yokai Sangokushi,3DS,2016,Action,Level 5,0,0,0.55,0,0.55
4606,Avatar: The Last Airbender - The Burning Earth,PS2,2007,Action,THQ,0.21,0.16,0,0.05,0.42
3949,The Adventures of Jimmy Neutron Boy Genius: Attack of the Twonkies,GBA,2004,Action,THQ,0.36,0.13,0,0.01,0.5
5033,Grandia Xtreme,PS2,2002,Role-Playing,Enix Corporation,0.07,0.05,0.25,0.02,0.38
9533,Onechanbara: Bikini Samurai Squad,X360,2006,Action,D3Publisher,0.11,0.01,0,0.01,0.13
12324,Pawly Pets: My Vet Practice,DS,2007,Strategy,Ubisoft,0,0.06,0,0.01,0.06
9981,Hisshou Pachinko*Pachi-Slot Kouryaku Series Vol.10: CR Shinseiki Evangelion: Kiseki no Kachi,PS2,2007,Misc,D3Publisher,0,0,0.12,0,0.12
7140,TNA iMPACT!,PS2,2008,Fighting,Midway Games,0.1,0,0,0.12,0.22
3915,Lost: Via Domus,PS3,2008,Action,Ubisoft,0.19,0.23,0,0.09,0.51
9163,International Cricket 2010,X360,2010,Sports,Codemasters,0,0.12,0,0.02,0.14
5112,Cabela's Deer Hunt 2005 Season,PS2,2004,Sports,Activision,0.18,0.14,0,0.05,0.37
1845,Pikmin 3,WiiU,2013,Strategy,Nintendo,0.45,0.31,0.29,0.06,1.11
5400,Backstreet Billiards,PS,1998,Misc,ASCII Entertainment,0.19,0.13,0,0.02,0.34
8333,Luxor 3,Wii,2008,Puzzle,Mumbo Jumbo,0.16,0,0,0.01,0.17
6088,NASCAR 08,X360,2007,Racing,Electronic Arts,0.26,0,0,0.02,0.29
11544,The First Templar,PC,2011,Action,Kalypso Media,0.06,0.01,0,0.01,0.08
7044,Madden NFL 06,GBA,2005,Sports,Electronic Arts,0.17,0.06,0,0,0.23
10854,The King of Fighters XIV,PS4,2016,Fighting,Deep Silver,0.04,0.01,0.03,0.01,0.09
15167,Evolution Snowboarding,PS2,2002,Sports,Konami Digital Entertainment,0.01,0.01,0,0,0.02
16525,Karnaaj Rally,GBA,2003,Racing,Jaleco,0.01,0,0,0,0.01
13311,The Dark Spire,DS,2008,Role-Playing,Success,0.04,0,0,0,0.05
7860,Hyperdevotion Noire: Goddess Black Heart,PSV,2014,Role-Playing,Idea Factory,0.08,0.02,0.06,0.03,0.19
3970,Crash: Mind Over Mutant,PS2,2008,Platform,Vivendi Games,0.25,0.19,0,0.06,0.5
7168,Cloudy With a Chance of Meatballs,DS,2009,Platform,Ubisoft,0.2,0.01,0,0.02,0.22
9319,Tom Clancy's Ghost Recon,Wii,2010,Shooter,Ubisoft,0.11,0.01,0,0.01,0.14
9440,Attack on Titan (KOEI),PSV,2016,Action,Tecmo Koei,0,0,0.13,0,0.13
9796,Breakdown,XB,2004,Adventure,Electronic Arts,0.09,0.03,0,0,0.12
15914,Robopon 2: Ring Version,GBA,2001,Role-Playing,Hudson Entertainment,0.01,0,0,0,0.02
8213,Petz: Horseshoe Ranch,DS,2009,Adventure,Ubisoft,0.16,0,0,0.01,0.17
11774,Touch Detective: Nameko Shigeru,3DS,2013,Adventure,Success,0,0,0.07,0,0.07
2153,PlayStation All-Stars Battle Royale,PS3,2012,Action,Sony Computer Entertainment,0.5,0.28,0.04,0.14,0.96
9758,Daikaijyuu Monogatari II,SNES,1996,Role-Playing,Hudson Soft,0,0,0.12,0,0.12
6084,SAW,X360,2009,Action,Konami Digital Entertainment,0.13,0.12,0,0.03,0.29
6198,NBA In The Zone,PS,1995,Sports,Konami Digital Entertainment,0.16,0.11,0,0.02,0.28
16509,Samurai Shodown: Warrios Rage,PS,1999,Fighting,SNK,0.01,0,0,0,0.01
13504,Just Sing! Vol. 2,DS,2011,Misc,PQube,0,0.04,0,0.01,0.04
15370,Princess Isabella: A Witch's Curse,Wii,2010,Adventure,Destineer,0.02,0,0,0,0.02
9607,World Cup Golf: Professional Edition,PS,1995,Sports,U.S. Gold,0.07,0.05,0,0.01,0.13
6574,Dead or Alive Xtreme 2,X360,2006,Sports,Tecmo Koei,0.15,0.03,0.06,0.02,0.26
14127,Championship Manager Season 01/02,PC,2001,Sports,Eidos Interactive,0,0.03,0,0.01,0.03
2440,Blazing Angels: Squadrons of WWII,Wii,2007,Simulation,Ubisoft,0.74,0.04,0,0.06,0.85
13279,Pachitte Chonmage Tatsujin 15: Pachinko Fuyu no Sonata 2,PS2,2008,Misc,Hackberry,0,0,0.05,0,0.05
10202,Naval Ops: Warship Gunner,PS2,2003,Simulation,Tecmo Koei,0.05,0.04,0,0.01,0.11
1279,Dirge of Cerberus: Final Fantasy VII,PS2,2006,Shooter,Square Enix,0.47,0.37,0.52,0.12,1.48
9500,NightCaster,XB,2002,Action,Microsoft Game Studios,0.1,0.03,0,0,0.13
12442,Terraria,PS4,2014,Action,505 Games,0,0.05,0.01,0.01,0.06
7553,Bratz: Rock Angelz,GC,2005,Misc,THQ,0.16,0.04,0,0.01,0.2
1625,Castlevania,NES,1986,Platform,Konami Digital Entertainment,0.54,0.06,0.62,0.01,1.23
748,Yu-Gi-Oh: Duel Monsters 4,GB,2000,Role-Playing,Konami Digital Entertainment,0,0,2.17,0.01,2.18
11604,Agatha Christie: And Then There Were None,Wii,2008,Adventure,The Adventure Company,0.06,0.01,0,0.01,0.08
4294,Vin Diesel: Wheelman,X360,2009,Racing,Ubisoft,0.24,0.17,0,0.05,0.46
5065,Green Day: Rock Band,Wii,2010,Misc,MTV Games,0.22,0.12,0,0.03,0.38
5867,Looney Tunes: Duck Amuck,DS,2007,Action,Warner Bros. Interactive Entertainment,0.28,0,0,0.02,0.3
10048,FIFA Soccer 06,PSP,2005,Sports,Electronic Arts,0.1,0.01,0,0.01,0.11
6883,Ghost Rider,PSP,2007,Action,Take-Two Interactive,0.22,0,0,0.02,0.24
408,Max Payne,PS2,2001,Shooter,Take-Two Interactive,1.99,1.05,0.05,0.22,3.31
13461,Summon Night Craft Sword Monogatari: Hajimari no Ishi,GBA,2005,Role-Playing,Banpresto,0,0,0.04,0,0.04
4889,Dungeon Siege III,PS3,2011,Role-Playing,Square Enix,0.17,0.14,0.03,0.06,0.39
6342,Reader Rabbit Kindergarten,DS,2008,Misc,Nordic Games,0.25,0,0,0.02,0.27
16448,Wade Hixton's Counter Punch,GBA,2004,Sports,"Destination Software, Inc",0.01,0,0,0,0.01
9610,428: Fuusa Sareta Shibuya de,Wii,2008,Adventure,Sega,0,0,0.13,0,0.13
11751,Super Baseball,2600,1987,Sports,Atari,0.07,0,0,0,0.07
16379,Super Bubble Pop,XB,2002,Puzzle,Jaleco,0.01,0,0,0,0.01
9482,NBA Jam 2000,N64,1999,Sports,Acclaim Entertainment,0.12,0.01,0,0,0.13
14474,Armored Core SL: Silent Line Portable,PSP,2009,Simulation,From Software,0,0,0.03,0,0.03
9725,Puzzle Quest: Challenge of the Warlords,PS2,2007,Puzzle,D3Publisher,0.06,0.05,0,0.02,0.12
11843,Teenage Mutant Ninja Turtles: Mutants in Manhattan,PS4,2016,Action,Activision,0.04,0.02,0,0.01,0.07
14297,Custom Beat Battle: Draglade 2,DS,2008,Fighting,Namco Bandai Games,0,0,0.03,0,0.03
9654,Conduit 2,Wii,2011,Shooter,Sega,0.07,0.04,0,0.01,0.13
16513,Palais de Reine,PS2,2007,Strategy,Interchannel-Holon,0,0,0.01,0,0.01
14020,World in Conflict,PC,2007,Strategy,Vivendi Games,0,0.03,0,0.01,0.04
11573,Dreamer Series: Shop Owner,DS,2009,Simulation,Deep Silver,0.07,0,0,0.01,0.08
12800,Tony Hawk's Pro Skater 5,PS3,2015,Sports,Activision,0.04,0,0,0.01,0.06
2133,Mass Effect 3,PC,2012,Role-Playing,Electronic Arts,0.4,0.44,0,0.13,0.97
2467,Harvest Moon: Tree of Tranquility,Wii,2007,Simulation,Rising Star Games,0.69,0.03,0.06,0.06,0.84
2446,Overwatch,XOne,2016,Shooter,Activision,0.52,0.25,0,0.08,0.85
245,Call of Duty: Advanced Warfare,PS3,2014,Shooter,Activision,1.54,1.94,0.19,0.77,4.45
13568,Pro Evolution Soccer 2016,PC,2015,Sports,Konami Digital Entertainment,0,0.04,0,0,0.04
8242,Major League Baseball 2K6,GC,2006,Sports,Take-Two Interactive,0.13,0.03,0,0,0.17
6406,Knockout Kings 2002,XB,2002,Sports,Electronic Arts,0.2,0.06,0,0.01,0.27
10428,My First Dollhouse,DS,2010,Misc,505 Games,0.1,0,0,0.01,0.1
3787,Kirby and the Rainbow Curse,WiiU,2015,Platform,Nintendo,0.23,0.14,0.12,0.04,0.53
2173,LEGO Jurassic World,X360,2015,Action,Warner Bros. Interactive Entertainment,0.47,0.4,0,0.08,0.95
6446,Dungeons & Dragons: Eye of the Beholder,GBA,2002,Role-Playing,Atari,0.19,0.07,0,0,0.26
11038,Quantum Theory,X360,2010,Shooter,Tecmo Koei,0.06,0.02,0,0.01,0.09
14837,The Peanuts Movie: Snoopy's Grand Adventure,PS4,2015,Action,Activision,0,0.02,0,0,0.03
5276,Battalion Wars 2,Wii,2007,Strategy,Nintendo,0.22,0.03,0.08,0.02,0.35
15376,Rat Attack!,N64,2000,Puzzle,Mindscape,0.02,0,0,0,0.02
11497,Soul Bubbles,DS,2008,Puzzle,Eidos Interactive,0.05,0.02,0,0.01,0.08
15731,Final Fight: Streetwise,XB,2006,Action,Capcom,0.01,0,0,0,0.02
13613,FIFA Soccer 2003 (weekly jp sales),PS2,2002,Sports,Electronic Arts,0,0,0.04,0,0.04
4146,Emergency Heroes,Wii,2008,Racing,Ubisoft,0.15,0.27,0,0.06,0.48
12351,Panzer Tactics,DS,2007,Strategy,10TACLE Studios,0.06,0,0,0,0.06
5111,Reel Fishing III,PS2,2003,Sports,Natsume,0.18,0.14,0,0.05,0.37
10909,Ribbit King,PS2,2003,Sports,Atari,0.05,0.04,0,0.01,0.09
7544,Jikkyou Powerful Pro Yakyuu 10 Chou Ketteiban: 2003 Memorial,PS2,2003,Sports,Konami Digital Entertainment,0,0,0.2,0,0.2
10748,Derby Jockey 2,SNES,1995,Sports,Asmik Corp,0,0,0.1,0,0.1
5184,Metro: Last Light,X360,2013,Action,Deep Silver,0.17,0.16,0,0.03,0.36
15164,Lode Runner,DS,2006,Puzzle,Hudson Entertainment,0,0,0.02,0,0.02
1733,Cool Boarders 4,PS,1998,Sports,989 Studios,0.65,0.44,0,0.08,1.17
6928,DanceDanceRevolution II,Wii,N/A,Misc,Konami Digital Entertainment,0.22,0,0,0.02,0.24
15234,The Sims: Complete Collection,PC,2005,Simulation,Electronic Arts,0.01,0.01,0,0,0.02
9686,Godzilla Unleashed: Double Smash,DS,2007,Action,Atari,0.11,0,0,0.01,0.12
14073,Planescape: Torment,PC,1998,Role-Playing,Interplay,0.01,0.02,0,0.01,0.04
12887,Bleach: Blade Battlers,PS2,2006,Fighting,Sony Computer Entertainment,0,0,0.05,0,0.05
434,Ace Combat 04: Shattered Skies,PS2,2001,Simulation,Sony Computer Entertainment Europe,2.06,0.56,0.38,0.17,3.17
4299,Hyperdimension Neptunia,PS3,2010,Role-Playing,Tecmo Koei,0.22,0.11,0.07,0.05,0.46
13425,Yager,XB,2003,Shooter,THQ,0.03,0.01,0,0,0.05
14488,Ducati World Racing Challenge,PS,2001,Racing,Acclaim Entertainment,0.02,0.01,0,0,0.03
5854,Charlie and the Chocolate Factory,GBA,2005,Adventure,Global Star,0.22,0.08,0,0.01,0.3
12344,Arc the Lad: End of Darkness,PS2,2004,Role-Playing,Sony Computer Entertainment,0.03,0.02,0,0.01,0.06
5604,Dragon Quest Monsters 1·2,PS,2002,Role-Playing,Enix Corporation,0,0,0.3,0.02,0.32
109,Mario Kart 8,WiiU,2014,Racing,Nintendo,3.13,2.07,1.27,0.49,6.96
10270,Shining Ark,PSP,2013,Role-Playing,Sega,0,0,0.11,0,0.11
14964,Ikki Tousen: Eloquent Fist,PSP,2008,Fighting,Marvelous Interactive,0,0,0.02,0,0.02
13885,Superstars V8 Racing,PS3,2009,Racing,Black Bean Games,0,0.02,0,0.01,0.04
2466,ATV Quad Power Racing 2,PS2,2003,Racing,Acclaim Entertainment,0.41,0.32,0,0.11,0.84
4394,NBA Live 2005,GC,2004,Sports,Electronic Arts,0.35,0.09,0,0.01,0.45
9006,"Lunar 2: Eternal Blue(sales, but wrong system)",GEN,1994,Role-Playing,Game Arts,0,0,0.14,0,0.14
8675,Guilty Gear Xrd: Sign,PS4,2014,Fighting,Arc System Works,0.1,0,0.04,0.02,0.16
4563,NHL FaceOff 99,PS,1997,Sports,989 Studios,0.24,0.16,0,0.03,0.43
11907,Pac-Man and the Ghostly Adventures 2,WiiU,2014,Adventure,Namco Bandai Games,0.05,0.02,0,0.01,0.07
1045,Deal or No Deal,DS,2007,Misc,Mindscape,1.15,0.41,0,0.15,1.71
2049,Championship Manager 3,PC,2003,Sports,Eidos Interactive,0,0.93,0,0.08,1.01
13240,Next Generation of Chaos,PS2,2002,Role-Playing,Idea Factory,0,0,0.05,0,0.05
15123,Franklin's Great Adventures,DS,2006,Action,Game Factory,0.02,0,0,0,0.02
12879,Bottom of the 9th '99,PS,1998,Sports,Konami Digital Entertainment,0.03,0.02,0,0,0.05
14626,Exist Archive: The Other Side of the Sky,PS4,2015,Role-Playing,Aksys Games,0,0,0.03,0,0.03
10506,The Story of Noah's Ark,DS,2010,Action,SouthPeak Games,0.1,0,0,0.01,0.1
15610,Sega Ages 2500 Series Vol. 26: Dynamite Deka,PS2,2006,Action,Sega,0,0,0.02,0,0.02
14066,Shin Koihime Musou: Otome Ryouran * Sangokushi Engi - Shu-Hen,PSP,2010,Adventure,Yeti,0,0,0.04,0,0.04
14135,TOCA Race Driver 3,XB,2006,Racing,Codemasters,0.03,0.01,0,0,0.03
711,Wario Land 4,GBA,2001,Platform,Nintendo,0.9,0.73,0.54,0.09,2.26
5234,Dai-2-Ji Super Robot Taisen Z Saisei-hen,PSP,2012,Strategy,Namco Bandai Games,0,0,0.36,0,0.36
11356,Mortal Kombat Kollection,PS2,2008,Fighting,Midway Games,0.04,0.03,0,0.01,0.08
10257,X-Men: Next Dimension,XB,2002,Fighting,Activision,0.08,0.02,0,0,0.11
816,The Sims 3,PS3,2010,Simulation,Electronic Arts,0.73,0.97,0.02,0.34,2.06
16041,Totally Spies! Totally Party,PS2,2008,Misc,Ubisoft,0.01,0.01,0,0,0.01
14107,Alienators: Evolution Continues,GBA,2001,Action,Activision,0.03,0.01,0,0,0.03
12566,Satisfashion,DS,2010,Misc,Destineer,0.06,0,0,0,0.06
15831,The Haunted: Hell's Reach,PC,2011,Shooter,Visco,0.02,0,0,0,0.02
16257,Goku Makaimura Kai,PSP,2007,Platform,Capcom,0,0,0.01,0,0.01
15034,Cities XL 2011,PC,2010,Simulation,Focus Home Interactive,0,0.02,0,0,0.02
4774,From Russia With Love,PS2,2005,Action,Electronic Arts,0.34,0.01,0,0.06,0.41
6355,Need for Speed Rivals,PC,2013,Racing,Electronic Arts,0.04,0.19,0,0.04,0.27
13581,Katekyoo Hitman Reborn! Battle Arena,PSP,2008,Fighting,Marvelous Interactive,0,0,0.04,0,0.04
7911,Big Air,PS,1999,Sports,Accolade,0.1,0.07,0,0.01,0.19
14241,Prince of Persia: The Forgotten Sands,PC,2010,Action,Ubisoft,0,0.03,0,0,0.03
5374,Iron Storm,SAT,1995,Shooter,Sega,0,0,0.34,0,0.34
1015,2 Games in 1: Disney Princess & The Lion King,GBA,2004,Misc,THQ,1.25,0.46,0,0.03,1.75
8559,Scarface: Money. Power. Respect.,PSP,2006,Strategy,Vivendi Games,0.15,0,0,0.01,0.16
3400,Total War: Shogun 2,PC,2011,Strategy,Sega,0.19,0.31,0,0.09,0.59
7667,Ridge Racer,PSV,2011,Racing,Namco Bandai Games,0.04,0.08,0.05,0.03,0.2
10713,Project FIFA World Cup,PS2,2002,Sports,Electronic Arts,0,0,0.1,0,0.1
351,Resident Evil 4,PS2,2005,Action,Capcom,2.08,0.83,0.46,0.25,3.62
15194,Serious Sam: Next Encounter,GC,2004,Shooter,Global Star,0.02,0,0,0,0.02
14084,Hitman: Blood Money,PC,2006,Action,Eidos Interactive,0,0.03,0,0.01,0.04
6622,Bomberman Generation,GC,2002,Adventure,Vivendi Games,0.15,0.04,0.06,0.01,0.25
16261,Championship Manager 2010,PC,2009,Sports,Eidos Interactive,0,0.01,0,0,0.01
13993,Harukanaru Toki no Naka de 3: Unmei no Meikyuu Aizouban,PSP,2009,Adventure,Tecmo Koei,0,0,0.04,0,0.04
12342,The Pinball of the Dead,GBA,2002,Misc,Sega,0.05,0.02,0,0,0.06
4982,Virtua Tennis 2009,PS3,2009,Sports,Sega,0.09,0.23,0,0.07,0.38
8134,American Chopper 2: Full Throttle,PS2,2005,Racing,Zoo Digital Publishing,0.09,0.07,0,0.02,0.18
1940,Mortal Kombat: Armageddon,PS2,2006,Fighting,Midway Games,0.88,0.04,0,0.14,1.06
5964,Mini Ninjas,X360,2009,Action,Eidos Interactive,0.12,0.14,0,0.03,0.29
15118,Brandish: The Dark Revenant,PSP,2009,Role-Playing,Falcom Corporation,0,0,0.02,0,0.02
16405,Tenchu San Portable,PSP,2009,Action,From Software,0,0,0.01,0,0.01
7875,Fighter Within,XOne,2013,Fighting,Ubisoft,0.11,0.07,0,0.02,0.19
15498,Spirits and Demons: 5 Game Pack,PC,2015,Misc,Focus Multimedia,0,0.02,0,0,0.02
6664,Men of Valor,XB,2004,Shooter,Vivendi Games,0.19,0.05,0,0.01,0.25
5371,Iron Man 2,DS,2010,Action,Sega,0.15,0.16,0,0.03,0.34
10507,Brooktown High: Senior Year,PSP,2007,Simulation,Konami Digital Entertainment,0.09,0,0,0.01,0.1
1577,Need for Speed Carbon,PS3,2006,Racing,Electronic Arts,0.49,0.52,0.03,0.21,1.26
15563,Downtown Nekketsu Koushinkyoku: Soreyuke Daiundoukai All-Star Special,PS3,2015,Action,Arc System Works,0,0,0.02,0,0.02
6537,Batman: Vengeance,GC,2001,Adventure,Ubisoft,0.2,0.05,0,0.01,0.26
4049,Bakugan Battle Brawlers: Defenders of the Core,DS,2010,Action,Activision,0.42,0.02,0.02,0.03,0.49
12976,JoJo no Kimy? na B?ken Fantomu Buraddo,PS2,2006,Action,Namco Bandai Games,0,0,0.05,0,0.05
903,Toy Story Mania!,Wii,2009,Misc,Disney Interactive Studios,1.06,0.67,0,0.18,1.92
14478,Lethal Enforcers I & II,PS,1996,Shooter,Konami Digital Entertainment,0.02,0.01,0,0,0.03
6212,Danganronpa Another Episode: Ultra Despair Girls,PSV,2014,Action,Nippon Ichi Software,0.1,0.03,0.12,0.04,0.28
1220,Fight Night Round 4,PS3,2009,Fighting,Electronic Arts,0.92,0.41,0,0.21,1.53
4835,NBA Jam,X360,2010,Sports,Electronic Arts,0.27,0.1,0,0.03,0.4
14845,Last Escort 2: Shinya no Amai Toge,PS2,2008,Adventure,D3Publisher,0,0,0.03,0,0.03
9161,Atari's Greatest Hits: Volume 1,DS,2010,Misc,Atari,0.13,0,0,0.01,0.14
518,Medal of Honor,PS3,2010,Shooter,Electronic Arts,1.28,1.05,0.07,0.43,2.83
10280,Where the Wild Things Are,PS3,2009,Platform,Warner Bros. Interactive Entertainment,0.09,0.01,0,0.01,0.11
7868,Disney Magic World 2,3DS,2015,Action,Nintendo,0,0,0.19,0,0.19
14959,Ken to Mahou to Gakuen Mono. 2G,PS3,2010,Role-Playing,Acquire,0,0,0.02,0,0.02
6231,SimCity 2000,SAT,1994,Simulation,Sega,0,0,0.28,0,0.28
9845,Burning Road,PS,1996,Racing,FunSoft,0.07,0.05,0,0.01,0.12
13749,Dragon's Lair 3D: Return to the Lair,GC,2002,Platform,THQ,0.03,0.01,0,0,0.04
2248,Blue Dragon,X360,2006,Role-Playing,Microsoft Game Studios,0.3,0.33,0.21,0.08,0.92
11637,Aliens in the Attic,Wii,2009,Action,Playlogic Game Factory,0.07,0,0,0.01,0.08
5966,The BIGS 2,Wii,2009,Sports,Take-Two Interactive,0.26,0.01,0,0.02,0.29
13535,Monster Trux Arenas: Special Edition,Wii,2007,Racing,Popcorn Arcade,0.04,0,0,0,0.04
15663,Nobunaga no Yabou: Soutensoku with Power-Up Kit,PSP,2011,Strategy,Tecmo Koei,0,0,0.02,0,0.02
8830,Street Fighter Anniversary Collection,XB,2004,Fighting,Capcom,0.11,0.03,0,0.01,0.15
7645,Mat Hoffman's Pro BMX 2,XB,2002,Sports,Activision,0.15,0.04,0,0.01,0.2
4188,Bomberman Hero,N64,1998,Platform,Nintendo,0.27,0.06,0.08,0.05,0.47
10311,Final Fantasy I & II,NES,1994,Role-Playing,Square,0,0,0.11,0,0.11
13147,Hail to the Chimp,PS3,2008,Misc,Gamecock,0.05,0,0,0,0.05
9278,7th Dragon,DS,2009,Role-Playing,Sega,0,0,0.14,0,0.14
14846,Pop'n Music 13 Carnival,PS2,2006,Simulation,Konami Digital Entertainment,0,0,0.03,0,0.03
938,Rayman Raving Rabbids 2,Wii,2007,Misc,Ubisoft,0.83,0.82,0,0.2,1.85
9898,Deca Sports Extreme,3DS,2011,Sports,Hudson Soft,0.08,0,0.03,0.01,0.12
38,Call of Duty: Modern Warfare 3,PS3,2011,Shooter,Activision,5.54,5.82,0.49,1.62,13.46
4698,Grudge Warriors,PS,1999,Action,Take-Two Interactive,0.23,0.16,0,0.03,0.41
7730,Demon Gaze,PSV,2013,Role-Playing,Nippon Ichi Software,0.06,0.03,0.08,0.02,0.2
11691,Crayola: Colorful Journey,Wii,2009,Misc,Crave Entertainment,0.07,0,0,0.01,0.08
9441,Soccer Tsuku DS: World Challenge 2010,DS,2010,Sports,Sega,0,0,0.13,0,0.13
13831,Twin Strike: Operation Thunder,Wii,2008,Shooter,Zoo Games,0.04,0,0,0,0.04
9742,Escape The Museum,Wii,2009,Adventure,Majesco Entertainment,0.11,0.01,0,0.01,0.12
8822,Hidden Mysteries: Salem Secrets - Witch Trials of 1692,DS,2010,Puzzle,Astragon,0.09,0.04,0,0.01,0.15
6267,Mr. Do!,2600,1982,Action,Coleco,0.26,0.02,0,0,0.27
3793,The Lord of the Rings: The Fellowship of the Ring,XB,2002,Action,Universal Interactive,0.31,0.19,0,0.03,0.53
5304,Dragon Ball Z: Budokai Tenkaichi 2 (JP sales),Wii,N/A,Action,N/A,0.15,0.05,0.14,0.01,0.35
13659,Way of the Samurai 2 Portable,PSP,2009,Action,Spike,0,0,0.04,0,0.04
11353,Pac-Man World Rally,GC,2006,Racing,Namco Bandai Games,0.06,0.02,0,0,0.08
9219,Star Wars: Jedi Power Battles,GBA,2002,Action,THQ,0.1,0.04,0,0,0.14
7486,Defiance,PC,2013,Shooter,Trion Worlds,0.14,0.04,0,0.02,0.21
6199,Corvette,GBA,2003,Racing,TDK Mediactive,0.2,0.07,0,0.01,0.28
2465,Dragon Age II,PS3,2011,Action,Electronic Arts,0.4,0.27,0.05,0.12,0.84
10316,Hexen: Beyond Heretic,PS,1997,Shooter,GT Interactive,0.06,0.04,0,0.01,0.11
8013,NBA Live 08,Wii,2007,Sports,Electronic Arts,0.17,0,0,0.02,0.18
8276,Sudoku Gridmaster,DS,2006,Puzzle,Nintendo,0.13,0.03,0,0.01,0.17
8811,All Japan Pro Wrestling featuring Virtua,SAT,1997,Fighting,Sega,0,0,0.15,0,0.15
14011,Enchanted Arms (JP sales),PS3,2007,Role-Playing,Ubisoft,0,0,0.04,0,0.04
3764,Jampack Volume 11,PS2,2004,Misc,Sony Computer Entertainment,0.26,0.2,0,0.07,0.53
1979,Dragon Ball: XenoVerse,PS4,2015,Fighting,Namco Bandai Games,0.3,0.48,0.12,0.15,1.05
13767,Sega Ages 2500 Series Vol. 33: Fantasy Zone Complete Collection,PS2,2008,Shooter,Sega,0,0,0.04,0,0.04
3157,LEGO Star Wars II: The Original Trilogy,X360,2006,Action,LucasArts,0.55,0.04,0,0.05,0.64
6629,Ice Age 2: The Meltdown,GBA,2006,Platform,Vivendi Games,0.18,0.07,0,0,0.25
1549,Manhunt,PS2,2003,Action,Take-Two Interactive,0.63,0.49,0,0.16,1.28
15896,Hiiro no Kakera Portable,PSP,2008,Adventure,Idea Factory,0,0,0.02,0,0.02
15189,Yamasa Digi Portable: Matsuri no Tatsujin - Win-Chan no Natsumatsuri,PSP,2006,Misc,Yamasa Entertainment,0,0,0.02,0,0.02
7447,StokEd,X360,2009,Sports,Zushi Games,0.18,0.01,0,0.01,0.21
11315,Kidou Senshi Gundam 00,DS,2008,Action,Namco Bandai Games,0,0,0.08,0,0.08
6387,Dora the Explorer: Dora Saves the Crystal Kingdom,Wii,2009,Misc,Take-Two Interactive,0.24,0.01,0,0.02,0.27
9215,Ben 10 Galactic Racing,DS,2011,Racing,D3Publisher,0.1,0.03,0,0.01,0.14
3742,Star Fox Command,DS,2006,Shooter,Nintendo,0.39,0.01,0.1,0.04,0.54
13134,Guilty Gear Dust Strikers,DS,2006,Fighting,Majesco Entertainment,0.05,0,0,0,0.05
9667,Disney's Atlantis: The Lost Empire,GBA,2001,Platform,THQ,0.09,0.03,0,0,0.12
2708,Taiko no Tatsujin: Tatakon de Dodon ga Don,PS2,2002,Misc,Namco Bandai Games,0,0,0.76,0,0.76
10217,Batman & Robin,PS,1998,Action,Acclaim Entertainment,0.06,0.04,0,0.01,0.11
6722,X-Men Origins: Wolverine,Wii,2009,Action,Activision,0.19,0.04,0,0.02,0.25
14436,Nacho Libre,DS,2006,Action,Majesco Entertainment,0.03,0,0,0,0.03
6584,Fire Emblem: Thracia 776,SNES,1999,Strategy,Nintendo,0,0,0.26,0,0.26
7311,Ride,PS4,2015,Racing,Milestone S.r.l.,0.03,0.13,0.03,0.03,0.22
4475,Just Dance 4,PS3,2012,Misc,Ubisoft,0.26,0.12,0,0.06,0.44
13917,Rabbids Land,WiiU,2012,Misc,Ubisoft,0.02,0.01,0,0,0.04
12325,Tonka Rescue Patrol,GC,2003,Action,TDK Mediactive,0.05,0.01,0,0,0.06
1597,Tom Clancy's Splinter Cell: Pandora Tomorrow,PS2,2004,Action,Ubisoft,0.52,0.56,0,0.17,1.25
5418,Angry Birds Star Wars,3DS,2013,Strategy,Activision,0.15,0.15,0,0.03,0.34
15202,Natsuiro no Sunadokei,PS2,2002,Adventure,Princess Soft,0,0,0.02,0,0.02
5775,Mountain King,2600,1982,Action,CBS Electronics,0.29,0.02,0,0,0.31
7327,Teenage Mutant Ninja Turtles: Smash-Up,PS2,2009,Fighting,Ubisoft,0.11,0.08,0,0.03,0.21
8384,Naruto Shippuden: Ultimate Ninja 5,PS2,2007,Fighting,Namco Bandai Games,0,0,0.17,0,0.17
9816,Zubo,DS,2008,Misc,Electronic Arts,0.09,0.03,0,0.01,0.12
15333,Katekyoo Hitman Reborn! Dream Hyper Battle! Wii,Wii,2008,Fighting,Marvelous Interactive,0,0,0.02,0,0.02
1750,LEGO Star Wars III: The Clone Wars,DS,2011,Action,LucasArts,0.66,0.39,0,0.11,1.16
13574,Chessmaster,GBA,2002,Misc,Ubisoft,0.03,0.01,0,0,0.04
1658,LEGO Indiana Jones 2: The Adventure Continues,DS,2009,Action,Activision,0.66,0.43,0,0.12,1.21
1667,World Soccer Winning Eleven 9 (JP & Others sales),PSP,2005,Sports,Konami Digital Entertainment,0.01,0.88,0.31,0,1.2
8100,Sesame Street: Elmo's Letter Adventure,N64,1999,Misc,NewKidCo,0.14,0.04,0,0,0.18
6165,Jackass the Game,PS2,2007,Action,Empire Interactive,0.14,0.11,0,0.04,0.28
14550,007: Quantum of Solace,PC,2008,Action,Activision,0.01,0.01,0,0,0.03
13553,Jewel Quest 5: The Sleepless Star,PC,2011,Action,Astragon,0.01,0.02,0,0.01,0.04
12609,Arcana Heart 3,PSV,2014,Fighting,Arc System Works,0.03,0,0.02,0.01,0.06
3779,Jampack Vol. 2,PS,1996,Misc,Sony Computer Entertainment,0.3,0.2,0,0.03,0.53
211,Uncharted: Drake's Fortune,PS3,2007,Action,Sony Computer Entertainment,2.31,1.73,0.12,0.78,4.94
5689,"Monsters, Inc.",PS2,2002,Adventure,Sony Computer Entertainment,0.15,0.12,0,0.04,0.32
14842,Metal Saga,PS2,2005,Role-Playing,Success,0.01,0.01,0,0,0.03
3695,FIFA Soccer 07,XB,2006,Sports,Electronic Arts,0.16,0.35,0,0.04,0.54
3586,Backyard NFL Football,GBA,2002,Sports,Infogrames,0.4,0.15,0,0.01,0.56
12544,Little League World Series Baseball 2008,DS,2008,Sports,Activision,0.06,0,0,0,0.06
13873,Song of the Deep,XOne,2016,Action,Insomniac Games,0.03,0,0,0,0.04
280,Madden NFL 2003,PS2,2002,Sports,Electronic Arts,3.36,0.21,0.01,0.56,4.14
11714,WRC 5: FIA World Rally Championship,PSV,2015,Sports,Bigben Interactive,0,0.06,0,0.02,0.08
4934,Extreme-G: XG2,N64,1998,Racing,Acclaim Entertainment,0.31,0.07,0,0,0.39
11587,Striker 96,PS,1995,Sports,Time Warner Interactive,0.04,0.03,0,0.01,0.08
5217,Middle-Earth: Shadow of Mordor,PC,2014,Action,Warner Bros. Interactive Entertainment,0.12,0.2,0,0.04,0.36
9717,Colony Wars III: Red Sun,PS,2000,Simulation,Psygnosis,0.07,0.05,0,0.01,0.12
13600,Doraemon: Shin Nobita no Daimakyou Peko to 5-nin no Tankenta,3DS,2014,Action,FuRyu,0,0,0.04,0,0.04
3362,Mickey's Speedway USA,N64,2000,Racing,Nintendo,0.37,0.08,0.14,0.01,0.6
7109,.hack//G.U. Vol.2//Reminisce,PS2,2006,Role-Playing,Namco Bandai Games,0.11,0.09,0,0.03,0.23
13075,Bakemonogatari Portable,PSP,2012,Action,Namco Bandai Games,0,0,0.05,0,0.05
11595,Boku no Natsuyasumi 3: Hokkoku Hen: Chiisana Boku no Dai Sougen,PS3,2007,Adventure,Sony Computer Entertainment,0,0,0.08,0,0.08
2772,Mortal Kombat: Unchained,PSP,2006,Fighting,Midway Games,0.67,0.01,0,0.06,0.74
2579,NBA 2K16,PS3,2015,Sports,Take-Two Interactive,0.44,0.19,0.03,0.13,0.8
314,Sports Champions,PS3,2010,Sports,Sony Computer Entertainment,2.12,1.14,0.1,0.51,3.87
9409,NHL 2003,GC,2002,Sports,Electronic Arts,0.1,0.03,0,0,0.13
8865,Space Station Silicon Valley,N64,1997,Adventure,Take-Two Interactive,0.12,0.03,0,0,0.15
4766,Marvel: Ultimate Alliance 2,PS2,2009,Role-Playing,Activision,0.23,0.02,0,0.16,0.41
8190,LEGO Island 2: The Brickster's Revenge,PS,2001,Adventure,LEGO Media,0.1,0.07,0,0.01,0.18
4567,Juiced: Eliminator,PSP,2006,Racing,THQ,0.11,0.2,0,0.12,0.43
3003,Mass Effect,PC,2008,Role-Playing,Electronic Arts,0,0.59,0,0.09,0.68
11099,Dark Angel: Vampire Apocalypse,PS2,2001,Role-Playing,Metro 3D,0.04,0.03,0,0.01,0.09
12048,Enemy Front,PS3,2014,Shooter,City Interactive,0.01,0.05,0,0.01,0.07
8930,F1 2012,PC,2012,Racing,Codemasters,0.01,0.11,0,0.03,0.15
8953,Rayman Origins,3DS,2012,Platform,Ubisoft,0.06,0.08,0,0.01,0.15
5314,SpongeBob SquarePants: The Yellow Avenger,DS,2005,Action,THQ,0.32,0,0,0.02,0.35
5698,LEGO Marvel's Avengers,PS3,2016,Action,Warner Bros. Interactive Entertainment,0.1,0.17,0,0.05,0.32
13385,Counter Force,Wii,2007,Shooter,505 Games,0.04,0,0,0,0.05
13479,RollerCoaster Tycoon,PC,N/A,Strategy,Microprose,0.02,0.02,0,0.01,0.04
3564,Donkey Kong Jungle Climber,DS,2007,Platform,Nintendo,0.26,0.04,0.24,0.03,0.56
15345,Rinne no Lagrange: Kamogawa Days,PS3,2012,Adventure,Namco Bandai Games,0,0,0.02,0,0.02
7282,Darksiders II,PS4,2015,Action,Nordic Games,0.09,0.1,0,0.04,0.22
2012,MotorStorm: Arctic Edge,PSP,2009,Racing,Sony Computer Entertainment,0.16,0.58,0,0.3,1.04
6589,ATV: Quad Power Racing,GBA,2002,Racing,Liquid Games,0.18,0.07,0,0,0.26
1427,Burnout Paradise,X360,2008,Racing,Electronic Arts,0.63,0.58,0.01,0.15,1.36
16199,Rave Master: Special Attack Force!,GBA,2002,Fighting,Konami Digital Entertainment,0.01,0,0,0,0.01
148,Final Fantasy XII,PS2,2006,Role-Playing,Square Enix,1.88,0,2.33,1.74,5.95
7671,Dave Mirra Freestyle BMX 2,XB,2001,Sports,Acclaim Entertainment,0.15,0.04,0,0.01,0.2
6098,PGA Tour 97,PS,1996,Sports,Electronic Arts,0.16,0.11,0,0.02,0.29
5482,NCAA Basketball 10,PS3,2009,Sports,Electronic Arts,0.31,0,0,0.03,0.33
9805,Cory in the House,DS,2007,Action,Disney Interactive Studios,0.11,0,0,0.01,0.12
13223,J-League Winning Eleven 2010: Club Championship,PS2,2010,Sports,Konami Digital Entertainment,0,0,0.05,0,0.05
1313,Medal of Honor: Warfighter,PS3,2012,Action,Electronic Arts,0.47,0.65,0.06,0.28,1.46
3642,Shin Super Robot Taisen,PS,1996,Role-Playing,Banpresto,0,0,0.52,0.04,0.55
14208,The Italian Job,GC,2003,Racing,Eidos Interactive,0.03,0.01,0,0,0.03
3778,Blitz: The League,XB,2004,Sports,Midway Games,0.4,0.11,0,0.02,0.53
7132,3rd Super Robot Wars Z Jigoku Hen,PS3,2014,Role-Playing,Namco Bandai Games,0,0,0.23,0,0.23
15101,ScrapLand,XB,2005,Action,Deep Silver,0.02,0,0,0,0.02
4089,Children of Mana,DS,2006,Role-Playing,Nintendo,0.16,0.01,0.29,0.02,0.48
9178,Skylanders Giants,3DS,2012,Action,Activision,0.12,0.01,0,0.01,0.14
10844,Raven Squad: Operation Hidden Dagger,X360,2009,Shooter,Evolved Games,0.08,0.01,0,0.01,0.09
11949,Second Sight,XB,2004,Adventure,Codemasters,0.05,0.02,0,0,0.07
6421,Superman Returns,X360,2006,Action,Electronic Arts,0.23,0.02,0,0.02,0.27
14952,No More Heroes: Heroes' Paradise,X360,2010,Action,Marvelous Interactive,0,0,0.02,0,0.02
16205,Hakuoki: Reimeiroku DS,DS,2012,Action,Idea Factory,0,0,0.01,0,0.01
3722,Dragon Ball Z: Ultimate Tenkaichi,X360,2011,Fighting,Namco Bandai Games,0.39,0.1,0.01,0.04,0.54
7429,Famicom Mini: Ganbare Goemon! Karakuri Douchuu,GBA,2004,Platform,Konami Digital Entertainment,0,0,0.2,0.01,0.21
5384,Frostbite,2600,1983,Action,Activision,0.32,0.02,0,0,0.34
5397,Bank Heist,2600,1982,Action,20th Century Fox Video Games,0.32,0.02,0,0,0.34
4094,Need for Speed: Porsche Unleashed,GBA,2004,Racing,Zoo Digital Publishing,0.35,0.13,0,0.01,0.48
15307,Hoppie,DS,2011,Platform,Jack of All Games,0.02,0,0,0,0.02
3561,Breath of Fire IV,PS,2000,Role-Playing,Capcom,0.11,0.08,0.34,0.04,0.56
3744,ESPN NBA Basketball,PS2,2003,Sports,Sega,0.26,0.21,0,0.07,0.54
6193,NFL Blitz 20-02,PS2,2002,Sports,Midway Games,0.14,0.11,0,0.04,0.28
16096,Grand Theft Auto III,PC,2002,Action,Take-Two Interactive,0,0.01,0,0,0.01
11577,Drama Queens,DS,2009,Misc,Majesco Entertainment,0.07,0,0,0.01,0.08
7800,Supreme Commander 2,PC,2010,Strategy,Square Enix,0,0.15,0,0.04,0.19
7783,X-Men Origins: Wolverine,PSP,2009,Action,Activision,0.13,0.03,0,0.03,0.19
1923,Red Dead Redemption: Undead Nightmare,X360,2010,Action,Take-Two Interactive,0.57,0.39,0.02,0.09,1.07
14506,Marble Madness / Klax,GBA,2005,Puzzle,Zoo Digital Publishing,0.02,0.01,0,0,0.03
14630,Monsters vs. Aliens,PC,2009,Action,Activision,0.01,0.01,0,0,0.03
14358,DragonHeart: Fire & Steel,PS,1996,Action,Acclaim Entertainment,0.02,0.01,0,0,0.03
2866,Top Spin 4,PS3,2011,Sports,Take-Two Interactive,0.17,0.4,0,0.14,0.71
14654,Nisenochigiri: Omoide no Saki e,PSP,2011,Adventure,Idea Factory,0,0,0.03,0,0.03
2479,Ben 10: Protector of Earth,PS2,2007,Action,D3Publisher,0.09,0,0,0.74,0.84
7946,Earth Defense Force: Insect Armageddon,X360,2011,Shooter,D3Publisher,0.1,0.05,0.03,0.01,0.19
9626,Teenage Mutant Ninja Turtles: Arcade Attack,DS,2009,Action,Ubisoft,0.12,0,0,0.01,0.13
13138,George of the Jungle and the Search for the Secret,DS,2008,Platform,Ignition Entertainment,0.05,0,0,0,0.05
3976,Bleach: Soul Resurreccion,PS3,2011,Fighting,Nippon Ichi Software,0.27,0.11,0.07,0.05,0.5
9326,Legends of Wrestling,XB,2002,Fighting,Acclaim Entertainment,0.1,0.03,0,0,0.14
5876,Dynasty Warriors 6,X360,2007,Action,Tecmo Koei,0.15,0.06,0.06,0.02,0.3
5774,Little King's Story,Wii,2009,Strategy,Rising Star Games,0.15,0.11,0.02,0.02,0.31
2718,FIFA 15,Wii,2014,Sports,Electronic Arts,0.24,0.46,0,0.06,0.76
3758,"Sakura Taisen 2 - Kimi, Shinitamou Koto Nakare",SAT,1998,Adventure,Sega,0,0,0.53,0,0.53
3928,Harry Potter and the Half-Blood Prince,PSP,2009,Action,Electronic Arts,0.18,0.21,0,0.12,0.51
8102,Gokujou Parodius,SNES,1994,Shooter,Konami Digital Entertainment,0,0,0.18,0,0.18
7866,Quake,N64,1998,Shooter,GT Interactive,0.15,0.04,0,0,0.19
4663,WWE All Stars,PS3,2011,Fighting,THQ,0.16,0.18,0,0.07,0.42
5614,ESPN X-Games Pro Boarder,PS,1997,Sports,Sony Computer Entertainment,0.18,0.12,0,0.02,0.32
15114,Neo Angelique,PS2,2006,Adventure,Tecmo Koei,0,0,0.02,0,0.02
9658,Actua Tennis,PS,1997,Sports,Gremlin Interactive Ltd,0.07,0.05,0,0.01,0.13
2698,ISS Pro Evolution,PS,1998,Sports,Konami Digital Entertainment,0,0,0.71,0.05,0.76
497,Sega Superstars Tennis,X360,2008,Sports,Sega,1.75,0.86,0,0.28,2.9
1289,SoulCalibur IV,PS3,2008,Fighting,Ubisoft,0.72,0.41,0.14,0.2,1.47
14538,Robin Hood: Defender of the Crown,XB,2003,Strategy,Capcom,0.02,0.01,0,0,0.03
12913,NFL Blitz Pro,XB,2003,Sports,Midway Games,0.04,0.01,0,0,0.05
12854,Front Mission 2089: Border of Madness,DS,2008,Strategy,Square Enix,0,0,0.05,0,0.05
13277,Amnesia Crowd,PSP,2013,Misc,Idea Factory,0,0,0.05,0,0.05
8643,F-Zero: GP Legend,GBA,2003,Racing,Nintendo,0.11,0.04,0,0,0.16
11736,Backyard NBA Basketball,DS,2007,Sports,Atari,0.07,0,0,0.01,0.07
11992,GunParade Orchestra: Shiro no Shou,PS2,2006,Adventure,Sony Computer Entertainment,0,0,0.07,0,0.07
14623,101-in-1 Sports Party Megamix,Wii,2010,Sports,Nordcurrent,0.02,0,0,0,0.03
10643,Milo's Astro Lanes,N64,1998,Sports,Interplay,0.08,0.02,0,0,0.1
9954,Merv Griffin's Crosswords,Wii,2008,Puzzle,THQ,0.11,0,0,0.01,0.12
10886,Fishing Master World Tour,Wii,2009,Sports,Hudson Entertainment,0.09,0,0,0.01,0.09
7791,Breath of Fire: Dragon Quarter,PS2,2002,Role-Playing,Capcom,0.09,0.07,0,0.02,0.19
5539,NCAA GameBreaker 2001,PS,2000,Sports,Sony Computer Entertainment,0.18,0.12,0,0.02,0.33
10689,Generator Rex: Agent of Providence,3DS,2011,Action,Activision,0.07,0.02,0,0.01,0.1
12017,Drake of the 99 Dragons,XB,N/A,Shooter,Unknown,0.05,0.01,0,0,0.07
6238,Dave Mirra Freestyle BMX 2,GC,2001,Sports,Acclaim Entertainment,0.21,0.06,0,0.01,0.28
16009,Secret Game Portable,PSP,2010,Adventure,Yeti,0,0,0.01,0,0.01
7020,NCAA GameBreaker 2003,PS2,2002,Sports,Sony Computer Entertainment,0.11,0.09,0,0.03,0.23
8793,Frogger's Adventures: The Rescue,GC,2003,Platform,Konami Digital Entertainment,0.12,0.03,0,0,0.15
3769,NCAA March Madness 2005,PS2,2004,Sports,Electronic Arts,0.44,0.02,0,0.07,0.53
14288,Disney's Hide & Sneak,GC,2003,Action,Capcom,0.03,0.01,0,0,0.03
12327,Crimson Gem Saga,PSP,2008,Role-Playing,Sega,0.06,0,0,0,0.06
10982,Space Invaders Extreme,PSP,2008,Shooter,Square Enix,0.06,0.01,0.01,0.01,0.09
1394,Deus Ex: Human Revolution,PS3,2011,Shooter,Square Enix,0.5,0.6,0.07,0.23,1.39
14362,PriPara & Pretty Rhythm: PriPara de Tsukaeru Oshare Item 1450!,3DS,2015,Action,Namco Bandai Games,0,0,0.03,0,0.03
10943,Crash Boom Bang!,DS,2006,Misc,Vivendi Games,0.07,0.01,0,0.01,0.09
9614,X-Men: Next Dimension,GC,2002,Fighting,Activision,0.1,0.03,0,0,0.13
3483,Dragon Ball Z: Chou Saiya Densetsu,SNES,1992,Role-Playing,Namco Bandai Games,0,0,0.58,0,0.58
14357,Totally Spies!,GBA,2005,Platform,Atari,0.02,0.01,0,0,0.03
6610,Secret Weapons Over Normandy,XB,2003,Simulation,LucasArts,0.19,0.05,0,0.01,0.25
6556,Classic NES Series: Bomberman,GBA,2004,Action,Nintendo,0.1,0.04,0.11,0.01,0.26
7665,My Secret World by Imagine,DS,2008,Misc,Ubisoft,0,0.2,0,0,0.2
6656,Madagascar: Escape 2 Africa,X360,2008,Action,Activision,0.12,0.1,0,0.03,0.25
7226,Mega Man 64,N64,2000,Action,Capcom,0.14,0.03,0.05,0,0.22
9955,Rango: The Video Game,DS,2011,Action,Electronic Arts,0.07,0.03,0,0.01,0.12
15436,Mount & Blade: Warband,PC,2010,Role-Playing,Paradox Interactive,0.01,0.01,0,0,0.02
468,Gears of War: Ultimate Edition,XOne,2015,Shooter,Microsoft Game Studios,2.38,0.32,0,0.31,3
4800,WipeOut 3 The Game,Wii,2012,Action,Activision,0.38,0,0,0.03,0.4
1972,Dance on Broadway,Wii,2010,Misc,Ubisoft,0.27,0.66,0,0.12,1.05
7031,What's Cooking? Jamie Oliver,DS,2008,Simulation,Atari,0.2,0.01,0,0.02,0.23
9062,FIFA Soccer 2005,GC,2004,Sports,Electronic Arts,0.11,0.03,0,0,0.14
5948,Teenage Mutant Ninja Turtles,XB,2003,Action,Konami Digital Entertainment,0.22,0.06,0,0.01,0.3
15113,School Days LxH,PS2,2008,Adventure,Interchannel,0,0,0.02,0,0.02
14635,1000 Cooking Recipes from ELLE à table,DS,2010,Misc,Nintendo,0,0.02,0,0,0.03
15210,Ballblazer Champions,PS,1997,Sports,CTO SpA,0.01,0.01,0,0,0.02
12624,S.T.A.L.K.E.R.: Shadow of Chernobyl,PC,2007,Shooter,THQ,0.01,0.04,0,0.01,0.06
7,New Super Mario Bros.,DS,2006,Platform,Nintendo,11.38,9.23,6.5,2.9,30.01
4016,Nicktoons: Attack of the Toybots,PS2,2007,Platform,THQ,0.24,0.19,0,0.06,0.5
6428,Rory McIlroy PGA Tour,XOne,2015,Action,Electronic Arts,0.15,0.09,0,0.02,0.27
4334,NFL Head Coach,PS2,2006,Sports,Electronic Arts,0.38,0.01,0,0.06,0.45
8788,Blazing Angels 2: Secret Missions of WWII,PS3,2007,Simulation,Ubisoft,0.1,0.03,0,0.02,0.15
2677,Star Wars Episode II: Attack of the Clones,GBA,2002,Action,THQ,0.55,0.2,0,0.01,0.77
15885,Earth Defense Force 2017 (old JP sales),X360,2006,Shooter,D3Publisher,0,0,0.02,0,0.02
1193,Dragon Quest Monsters 2,GB,2001,Role-Playing,Enix Corporation,0,0,1.56,0,1.56
11085,MLB Superstars,Wii,2008,Sports,Take-Two Interactive,0.08,0,0,0.01,0.09
9110,Risen,PC,2009,Role-Playing,Deep Silver,0,0.11,0,0.03,0.14
4781,NFL GameDay 2002,PS,2001,Sports,Sony Computer Entertainment,0.23,0.15,0,0.03,0.4
1325,Tamagotchi,GB,1996,Simulation,Namco Bandai Games,0,0,1.44,0.01,1.45
2041,Harry Potter and the Prisoner of Azkaban,PS2,2004,Action,Electronic Arts,0.5,0.39,0,0.13,1.02
1857,WWE SmackDown vs. Raw 2011,PS3,2010,Fighting,THQ,0.44,0.46,0.01,0.18,1.1
8470,Vehicular Combat League presents Motor Mayhem,PS2,2001,Racing,Atari,0.08,0.06,0,0.02,0.16
208,Guitar Hero III: Legends of Rock,PS2,2007,Misc,Activision,3.49,0.01,0.01,1.48,4.98
8283,Space Battleship Yamato: Harukanaru Hoshi Iscandar,PS,1999,Strategy,Namco Bandai Games,0,0,0.16,0.01,0.17
3347,Disney Infinity,WiiU,2013,Action,Disney Interactive Studios,0.33,0.22,0,0.05,0.6
8875,Sam & Max: Season One,Wii,2008,Adventure,JoWood Productions,0.13,0.01,0,0.01,0.15
12649,Tiger Woods PGA Tour 08,DS,2007,Sports,Electronic Arts,0.05,0,0,0,0.06
12157,Cities XL 2012,PC,2011,Strategy,Focus Home Interactive,0.01,0.05,0,0.01,0.07
2721,Kane & Lynch: Dead Men,PS3,2007,Shooter,Eidos Interactive,0.29,0.32,0.01,0.13,0.76
6351,Tohoku Daigaku Karei Igaku Kenkyuusho - Kawashima Ryuuta Kyouju Kanshuu - Mono Sugoku Nou o Kitaeru 5-Funkan no Oni Training,3DS,2012,Action,Nintendo,0,0,0.27,0,0.27
14240,Summer Athletics: The Ultimate Challenge,X360,2008,Sports,DTP Entertainment,0.02,0.01,0,0,0.03
743,Saints Row,X360,2006,Action,THQ,1.17,0.78,0.02,0.22,2.19
7146,EX Monopoly,GBA,2001,Misc,Takara,0.16,0.06,0,0,0.22
16497,Legends of Oz: Dorothy's Return,3DS,2014,Puzzle,N/A,0,0.01,0,0,0.01
16179,San-X Character Channel: All-Star Daishuugou!,DS,2008,Action,MTO,0,0,0.01,0,0.01
1162,The Legend of Zelda: Twilight Princess,GC,2006,Action,Nintendo,1.15,0.36,0.04,0.04,1.59
5128,Scooby-Doo! Classic Creep Capers,N64,2000,Action,THQ,0.3,0.06,0,0,0.37
7936,The Munchables,Wii,2009,Action,Namco Bandai Games,0.17,0,0,0.01,0.19
3600,Lips: Number One Hits,X360,2009,Misc,Microsoft Game Studios,0.15,0.35,0,0.07,0.56
6959,Wallace & Gromit in Project Zoo,PS2,2003,Platform,BAM! Entertainment,0.11,0.09,0,0.03,0.23
62,Call of Duty: Ghosts,X360,2013,Shooter,Activision,6.72,2.63,0.04,0.82,10.21
9218,Ninjatown,DS,2008,Strategy,SouthPeak Games,0.12,0,0,0.01,0.14
5166,My Horse & Me,DS,2007,Sports,Atari,0.33,0,0,0.03,0.36
8966,"NewU Fitness First Mind Body, Yoga & Pilates Workout",Wii,2010,Sports,Black Bean Games,0.12,0.02,0,0.01,0.15
2801,Mortal Kombat 4,N64,1998,Fighting,GT Interactive,0.55,0.17,0,0.01,0.73
11575,Dead Island: Riptide,PC,N/A,Action,Deep Silver,0,0.07,0,0.01,0.08
14459,DokiDoki Majo Shinpan! 2,DS,2008,Adventure,SNK Playmore,0,0,0.03,0,0.03
5446,Fracture,X360,2008,Shooter,LucasArts,0.15,0.14,0,0.04,0.33
11135,Hyperdimension Neptunia Re;Birth 2,PSV,2014,Action,Idea Factory International,0.05,0.02,0,0.02,0.09
5776,Jampack Volume 12,PS2,2005,Misc,Sony Computer Entertainment,0.15,0.12,0,0.04,0.31
7329,Transformers: Dark of the Moon,3DS,2011,Action,Activision,0.16,0.04,0,0.02,0.21
8124,SingStar Motown,PS3,2009,Misc,Sony Computer Entertainment,0,0.16,0,0.02,0.18
13120,PachiPara 14: Fuu to Kumo to Super Umi in Okinawa,PS2,2007,Misc,Irem Software Engineering,0,0,0.05,0,0.05
12165,Chuugaku Eitango Target 1800 DS,DS,2006,Misc,IE Institute,0,0,0.07,0,0.07
6594,Silent Hunter 5: Battle of the Atlantic,PC,2010,Simulation,Ubisoft,0,0.21,0,0.05,0.26
8287,SWAT: Global Strike Team,XB,2003,Shooter,Vivendi Games,0.13,0.04,0,0.01,0.17
950,Secret of Mana,SNES,1993,Role-Playing,SquareSoft,0.25,0.07,1.49,0.02,1.83
2121,Far Cry 4,X360,2014,Shooter,Ubisoft,0.45,0.44,0,0.08,0.98
7698,Playboy: The Mansion,PS2,2005,Simulation,Ubisoft,0.1,0.08,0,0.03,0.2
1615,Ninja Gaiden,XB,2004,Action,Microsoft Game Studios,0.92,0.2,0.07,0.04,1.23
9151,Scene It? Bright Lights! Big Screen!,Wii,2009,Misc,Warner Bros. Interactive Entertainment,0.13,0,0,0.01,0.14
14069,Sega Arcade Gallery,GBA,2003,Misc,THQ,0.03,0.01,0,0,0.04
1988,Pokemon Conquest,DS,2012,Role-Playing,Nintendo,0.58,0.06,0.37,0.04,1.05
13171,Baku Baku,SAT,1995,Puzzle,Sega,0,0,0.05,0,0.05
6856,Sakura Wars: Atsuki Chishio Ni,PS2,2003,Role-Playing,Sega,0,0,0.24,0,0.24
6486,Project Runway,Wii,2010,Simulation,Atari,0.24,0,0,0.02,0.26
629,Midnight Club: Los Angeles,PS3,2008,Racing,Take-Two Interactive,1.55,0.54,0.05,0.31,2.45
13686,Yourself Fitness,PS2,2005,Sports,responDESIGN,0.02,0.02,0,0.01,0.04
15574,WorldShift,PC,2009,Strategy,Playlogic Game Factory,0.02,0,0,0,0.02
8034,Casper: Friends Around the World,PS,2000,Action,TDK Core,0.1,0.07,0,0.01,0.18
605,Pokémon Colosseum,GC,2003,Role-Playing,Nintendo,1.21,0.57,0.7,0.07,2.54
8945,DrumMania,PS2,2000,Simulation,Konami Digital Entertainment,0,0,0.15,0,0.15
4732,UEFA Euro 2008 Austria-Switzerland,PS3,2008,Sports,Electronic Arts,0.08,0.27,0,0.06,0.41
14853,Shakugan no Shana,PS2,2006,Adventure,Media Works,0,0,0.03,0,0.03
6291,Burstrick: Wake Boarding!!,PS,2000,Sports,Natsume,0.15,0.1,0,0.02,0.27
4304,Disney Guilty Party,Wii,2010,Misc,Disney Interactive Studios,0.43,0,0,0.03,0.46
6944,Afro Samurai,X360,2009,Action,Atari,0.16,0.05,0,0.02,0.24
5007,Ice Age,GBA,2002,Action,Ubisoft,0.27,0.1,0,0.01,0.38
9693,Tom Clancy's Splinter Cell Trilogy,PS3,2011,Action,Ubisoft,0,0.1,0,0.03,0.12
3060,Tiger Woods PGA Tour 2000,PS,1998,Sports,Electronic Arts,0.37,0.25,0,0.04,0.66
8561,Pro Yaky? Spirits 3,PS2,2006,Sports,Konami Digital Entertainment,0,0,0.16,0,0.16
10993,Jikkyou Powerful Pro Yakyuu 14 Ketteiban,PS2,2007,Sports,Konami Digital Entertainment,0,0,0.09,0,0.09
2137,Skylanders: Spyro's Adventure,X360,2011,Action,Activision,0.53,0.35,0,0.1,0.97
9469,The Oregon Trail,3DS,2011,Simulation,Crave Entertainment,0.12,0,0,0.01,0.13
14227,James Pond: Codename Robocod,GBA,2005,Platform,Play It,0.02,0.01,0,0,0.03
6402,Deadly Premonition,X360,2010,Action,Rising Star Games,0.18,0.06,0,0.02,0.27
8613,Rudolph the Red-Nosed Reindeer,Wii,2010,Action,Crave Entertainment,0.15,0,0,0.01,0.16
9206,Disney's Chicken Little,XB,2005,Platform,Disney Interactive Studios,0.1,0.03,0,0,0.14
15991,Don Bradman Cricket 14,X360,2014,Sports,Tru Blu Entertainment,0,0.01,0,0,0.01
15448,Battle Princess of Arcadias,PS3,2013,Role-Playing,Nippon Ichi Software,0,0,0.02,0,0.02
3471,Unreal Tournament,PS2,2000,Shooter,Infogrames,0.28,0.22,0,0.07,0.58
16250,Ultraman Fighting Evolution 0,PSP,2006,Fighting,Banpresto,0,0,0.01,0,0.01
11820,Kengo: Legend of The 9,X360,2006,Fighting,Majesco Entertainment,0.06,0.01,0,0.01,0.07
3686,Top Gun: Fire at Will!,PS,1996,Misc,Microprose,0.3,0.21,0,0.04,0.55
7799,Descent,PS,1996,Shooter,Interplay,0.11,0.07,0,0.01,0.19
11801,Mega Man Xtreme,GB,2000,Platform,Capcom,0,0,0.07,0,0.07
16221,Family Jockey,Wii,2008,Sports,Namco Bandai Games,0,0,0.01,0,0.01
16397,Nova Usagi no Game de Ryuugaku!? DS,DS,2007,Misc,Konami Digital Entertainment,0,0,0.01,0,0.01
9644,Last Ranker,PSP,2010,Role-Playing,Capcom,0,0,0.13,0,0.13
2965,Need for Speed: Shift 2 Unleashed,PS3,2011,Racing,Electronic Arts,0.2,0.36,0,0.13,0.69
1905,FIFA Soccer 11,Wii,2010,Sports,Electronic Arts,0.26,0.69,0,0.12,1.08
13177,Virtua Tennis 3,X360,2007,Sports,Sega,0.03,0.02,0,0,0.05
11386,Pretty Rhythm: My Deco Rainbow Wedding,3DS,2013,Misc,Takara Tomy,0,0,0.08,0,0.08
5014,Marvel Nemesis: Rise of the Imperfects,GC,2005,Fighting,Electronic Arts,0.3,0.08,0,0.01,0.38
8657,Power Rangers Double Pack,GBA,2005,Action,THQ,0.11,0.04,0,0,0.16
9852,4 Game Fun Pack: Monopoly / Boggle / Yahtzee / Battleship,DS,2005,Misc,Atari,0.11,0,0,0.01,0.12
2148,Final Fantasy X / X-2 HD Remaster,PSV,2013,Role-Playing,Square Enix,0.21,0.31,0.28,0.16,0.97
3601,Hamtaro: Ham-Hams Unite!,GB,2001,Role-Playing,Nintendo,0,0,0.56,0,0.56
11584,Scooby-Doo! Who's Watching Who?,PSP,2006,Adventure,THQ,0.07,0.01,0,0.01,0.08
14906,Evangelion: Jo,PS2,2009,Action,Namco Bandai Games,0,0,0.03,0,0.03
12753,Tokyo Twilight Ghost Hunters,PS3,2014,Role-Playing,Aksys Games,0.03,0,0.02,0.01,0.06
494,FIFA 14,PS4,2013,Sports,Electronic Arts,0.61,1.85,0.11,0.33,2.9
2569,ABBA: You Can Dance,Wii,2011,Misc,Ubisoft,0.19,0.5,0,0.11,0.8
15244,Maji de Manabu: LEC de Ukaru - DS Hishou Boki 3-Kyuu,DS,2008,Misc,Square Enix,0,0,0.02,0,0.02
16211,Super Robot Monkey Team: Game Boy Advance Video Volume 1,GBA,2005,Misc,N/A,0.01,0,0,0,0.01
86,Mario & Sonic at the Olympic Games,Wii,2007,Sports,Sega,2.58,3.9,0.66,0.91,8.06
14034,RLH: Run Like Hell,XB,2003,Shooter,Avalon Interactive,0.03,0.01,0,0,0.04
9630,Kidz Sports: Crazy Golf,Wii,2008,Sports,Data Design Interactive,0.11,0,0,0.01,0.13
5173,Bejeweled 3,DS,N/A,Puzzle,Unknown,0.32,0.02,0,0.03,0.36
156,Tetris,NES,1988,Puzzle,Nintendo,2.97,0.69,1.81,0.11,5.58
12711,Mobile Ops: The One Year War,X360,N/A,Simulation,Namco Bandai Games,0,0,0.06,0,0.06
1835,"Transformers: The Game (XBox 360, PS2, PS3, Wii & PC Versions)",PS2,2007,Action,Activision,0.63,0.37,0,0.11,1.11
5652,SpongeBob SquarePants: Double Pack,GBA,2005,Platform,THQ,0.23,0.08,0,0.01,0.32
9879,NBA 2K2,GC,2002,Sports,Sega,0.09,0.02,0,0,0.12
15712,Ultraman Star Chronicles,PSP,2013,Strategy,Namco Bandai Games,0,0,0.02,0,0.02
14460,S.L.A.I.: Steel Lancer Arena International,PS2,2005,Simulation,Konami Digital Entertainment,0.01,0.01,0,0,0.03
2342,F1 2009,Wii,2009,Racing,Codemasters,0.15,0.63,0,0.11,0.89
2207,The Witcher 2: Assassins of Kings,X360,2012,Action,Namco Bandai Games,0.48,0.36,0.02,0.08,0.94
15039,Tokyo Xanadu eX+,PS4,2016,Role-Playing,Nihon Falcom Corporation,0,0,0.02,0,0.02
10421,Squinkies 2: Adventure Mall Surprize!,DS,2011,Platform,Activision,0.1,0,0,0.01,0.1
15579,Sega Ages 2500 Series Vol. 29: Monster World Complete Collection,PS2,2007,Role-Playing,Sega,0,0,0.02,0,0.02
13076,Sam & Max: Beyond Time and Space,Wii,2010,Adventure,Atari,0.05,0,0,0,0.05
9314,Imagine: Fashion Stylist,DS,2010,Simulation,Ubisoft,0.13,0,0,0.01,0.14
11687,Brothers in Arms: Furious 4,PS3,2012,Shooter,Ubisoft,0.01,0.05,0,0.02,0.08
2565,Fight Night Champion,X360,2011,Fighting,Electronic Arts,0.4,0.33,0,0.07,0.8
3309,Littlest Pet Shop: Garden,DS,2008,Simulation,Electronic Arts,0.31,0.24,0,0.06,0.61
12436,Bubble Bobble: Old & New,GBA,2002,Puzzle,Empire Interactive,0.04,0.02,0,0,0.06
2378,Gex,PS,1995,Platform,Crystal Dynamics,0.49,0.33,0,0.06,0.87
12091,Judie no Atelier: Guramnat no Renkinjutsushi,PS2,2002,Role-Playing,Gust,0,0,0.07,0,0.07
2668,Duke Nukem Forever,PS3,2011,Shooter,Take-Two Interactive,0.33,0.31,0,0.12,0.77
2468,Final Fantasy,NES,1987,Role-Playing,SquareSoft,0.32,0,0.52,0,0.84
9120,Chicken Shoot,DS,2007,Action,Zoo Digital Publishing,0.13,0,0,0.01,0.14
12878,WTA Tour Tennis,PS2,2001,Sports,Konami Digital Entertainment,0.03,0.02,0,0.01,0.05
10714,System Flaw,DS,2009,Shooter,Enjoy Gaming ltd.,0.09,0,0,0.01,0.1
13275,Detective Conan: Marionette Symphony,3DS,2013,Adventure,Namco Bandai Games,0,0,0.05,0,0.05
4008,Super Robot Taisen Z,PS2,2008,Strategy,Namco Bandai Games,0,0,0.5,0,0.5
15535,Kamen Rider: Battride War II,WiiU,2014,Action,Namco Bandai Games,0,0,0.02,0,0.02
975,SpongeBob SquarePants: SuperSponge,PS,2001,Action,THQ,1.12,0.58,0,0.08,1.78
3710,Inazuma Eleven,DS,2008,Role-Playing,Nintendo,0,0.14,0.38,0.02,0.54
12329,Order Up!!,PS3,2011,Action,Funbox Media,0.04,0.01,0,0.01,0.06
3267,Metal Gear Solid V: Ground Zeroes,PS3,2014,Action,Konami Digital Entertainment,0.14,0.14,0.27,0.06,0.62
1938,Hot Wheels Turbo Racing,PS,1999,Racing,Electronic Arts,0.59,0.4,0,0.07,1.07
16321,Dungeon Explorer: Warriors of Ancient Arts,PSP,2007,Role-Playing,Rising Star Games,0.01,0,0,0,0.01
292,Forza Motorsport 2,X360,2007,Racing,Microsoft Game Studios,2.35,1.28,0.03,0.41,4.06
8360,Gyakuten Saiban 3,GBA,2004,Adventure,Capcom,0,0,0.16,0,0.17
3617,Soul Sacrifice,PSV,2013,Role-Playing,Sony Computer Entertainment,0.18,0.09,0.22,0.06,0.56
14984,Star Trek Online,PC,2010,Role-Playing,Atari,0,0.02,0,0,0.02
10729,Animal Planet: Vet Life,Wii,2009,Simulation,Activision,0.09,0,0,0.01,0.1
4532,Command & Conquer 3: Tiberium Wars,X360,2007,Strategy,Electronic Arts,0.35,0.05,0,0.03,0.43
8748,Deponia,PC,2012,Adventure,Daedalic,0,0.13,0,0.03,0.15
3531,Defiance,X360,2013,Shooter,Trion Worlds,0.38,0.15,0,0.04,0.57
2344,EA Sports UFC 2,PS4,2016,Sports,Electronic Arts,0.28,0.47,0,0.14,0.89
13415,Wrath Unleashed,XB,2004,Strategy,LucasArts,0.03,0.01,0,0,0.05
302,Left 4 Dead 2,X360,2009,Shooter,Electronic Arts,2.67,0.89,0.05,0.37,3.99
5939,Spirit: Stallion of the Cimarron,GBA,2002,Platform,THQ,0.21,0.08,0,0.01,0.3
3041,Rock Band 3,Wii,2010,Misc,MTV Games,0.56,0.06,0,0.05,0.67
15982,Xblaze: Lost Memories,PS3,2015,Adventure,Arc System Works,0.01,0,0,0,0.02
11310,101-in-1 Sports Megamix,DS,2010,Sports,Nordcurrent,0.08,0,0,0.01,0.08
7848,The Polar Express,GBA,2004,Adventure,THQ,0.14,0.05,0,0,0.19
15342,Homefront: The Revolution,PC,2016,Shooter,Deep Silver,0,0.02,0,0,0.02
14808,Galileo,DS,2008,Adventure,D3Publisher,0,0,0.03,0,0.03
3658,Assassin's Creed: Unity,PC,2014,Action,Ubisoft,0.17,0.33,0,0.05,0.55
10095,Sega Touring Car Championship,SAT,1996,Racing,Sega,0,0,0.11,0,0.11
11927,Vampire Legends: Power of Three,DS,2010,Adventure,THQ,0.07,0,0,0,0.07
8138,Heavy Fire: Afghanistan,PS3,2011,Shooter,Unknown,0.17,0,0,0.01,0.18
3857,J-League Pro Soccer Club o Tsukurou! 3,PS2,2003,Sports,Sega,0,0,0.52,0,0.52
147,The Last of Us,PS3,2013,Action,Sony Computer Entertainment Europe,2.41,2.28,0.28,1.01,5.99
12,Mario Kart DS,DS,2005,Racing,Nintendo,9.81,7.57,4.13,1.92,23.42
9430,Resident Evil: Revelations 2,PSV,2015,Action,Capcom,0.01,0.05,0.06,0.01,0.13
908,LEGO Star Wars III: The Clone Wars,Wii,2011,Action,LucasArts,1.08,0.66,0,0.17,1.91
4729,Dig Dug,NES,1985,Puzzle,Namco Bandai Games,0,0,0.41,0,0.41
13237,Kekkon Zenya,SAT,1995,Adventure,Shogakukan,0,0,0.05,0,0.05
4883,GRID 2,PS3,2013,Racing,Codemasters,0.07,0.23,0.01,0.09,0.39
13501,Resident Evil 6,PC,2012,Shooter,Capcom,0,0.04,0,0.01,0.04
4344,NHL 2005,PS2,2004,Sports,Electronic Arts,0.22,0.17,0,0.06,0.45
10249,Sakura Taisen Hanagumi Tsuushin,SAT,1997,Misc,Sega,0,0,0.11,0,0.11
4376,Band Hero,DS,2009,Misc,Activision,0.21,0.19,0,0.05,0.45
4743,Disney Princess: Enchanting Storybooks,Wii,2011,Misc,THQ,0.26,0.11,0,0.04,0.41
3593,Mega Man X2,SNES,1993,Platform,Laguna,0.09,0.02,0.45,0,0.56
7155,Gundam Battle Chronicle,PSP,2007,Action,Namco Bandai Games,0,0,0.22,0,0.22
3340,Wave Race: Blue Storm,GC,2001,Racing,Nintendo,0.4,0.1,0.09,0.02,0.6
12645,Jewel Master: Cradle of Persia,DS,2012,Puzzle,Rising Star Games,0,0.05,0,0.01,0.06
8179,UFC: Sudden Impact,PS2,2004,Fighting,Global Star,0.09,0.07,0,0.02,0.18
16161,Monkey Madness: Island Escape,DS,2010,Action,Storm City Games,0.01,0,0,0,0.01
2872,Godzilla: Destroy All Monsters Melee,GC,2002,Fighting,Atari,0.55,0.14,0,0.02,0.71
13981,Gumby vs. the Astrobots,GBA,2005,Action,Namco Bandai Games,0.03,0.01,0,0,0.04
1661,Star Wars Episode 1: Jedi Power Battles,PS,1999,Action,LucasArts,0.66,0.48,0.01,0.06,1.21
12282,Broken Sword 5: The Serpent's Curse,PS4,2015,Adventure,Revolution Software,0,0.06,0,0.01,0.06
6069,Shrek the Third,Wii,2007,Action,Activision,0.26,0.01,0,0.02,0.29
15871,Shin Sangoku Musou Online: Souten Ranbu,PS3,2010,Action,Tecmo Koei,0,0,0.02,0,0.02
14045,Hot Potato!,GBA,2001,Action,BAM! Entertainment,0.03,0.01,0,0,0.04
6441,Gallop Racer 2: One and Only Road to Victory,PS,1997,Sports,Tecmo Koei,0,0,0.25,0.02,0.27
2641,Marvel vs. Capcom: Clash of Super Heroes,PS,1999,Fighting,Capcom,0.43,0.3,0,0.05,0.78
1649,WCW Mayhem,PS,1998,Fighting,Electronic Arts,0.68,0.46,0,0.08,1.22
8323,Backyard NFL Football '10,Wii,2009,Sports,Atari,0.16,0,0,0.01,0.17
14380,Fullmetal Alchemist: Brotherhood,PSP,N/A,Action,Unknown,0,0,0.03,0,0.03
15350,The Idolmaster: Gravure For You! Vol.8,PS3,2012,Action,Namco Bandai Games,0,0,0.02,0,0.02
890,Virtua Fighter 2,SAT,1995,Fighting,Sega,0.34,0.26,1.3,0.03,1.93
1959,Diablo II: Lord of Destruction,PC,2001,Role-Playing,Vivendi Games,1.03,0.02,0,0,1.06
14369,Lock On: Modern Air Combat,PC,2003,Simulation,Ubisoft,0,0.03,0,0.01,0.03
1088,Fight Night Round 3,PS3,2006,Fighting,Electronic Arts,0.81,0.59,0.01,0.26,1.67
13421,Family Fortunes,DS,2009,Misc,Mindscape,0,0.04,0,0,0.05
9330,Quick Yoga Training,DS,2008,Misc,Ubisoft,0.13,0,0,0.01,0.14
8110,Horrid Henry: Missions of Mischief,DS,2010,Adventure,SouthPeak Games,0.01,0.15,0,0.02,0.18
6867,Bakugan: Battle Brawlers,PS3,2009,Action,Activision,0.19,0.03,0,0.02,0.24
9910,Sniper Elite,Wii,2010,Shooter,Reef Entertainment,0.08,0.03,0,0.01,0.12
11547,Little League World Series Baseball 2010,PS3,2010,Sports,Activision,0.07,0,0,0.01,0.08
937,Jak 3,PS2,2004,Platform,Sony Computer Entertainment,1.33,0.49,0,0.03,1.85
2397,Buzz! Master Quiz,PSP,2008,Misc,Sony Computer Entertainment,0.2,0.44,0,0.23,0.87
3229,Tiger Woods PGA Tour 12: The Masters,X360,2011,Sports,Electronic Arts,0.4,0.17,0,0.05,0.63
4895,Bloody Roar,PS,1997,Fighting,Virgin Interactive,0.22,0.15,0,0.03,0.39
270,FIFA Soccer 06,PS2,2005,Sports,Electronic Arts,0.78,2.55,0.04,0.84,4.21
12257,Zatch Bell! Mamodo Battles,GC,2005,Fighting,Namco Bandai Games,0.05,0.01,0,0,0.06
13677,Luxor: Pharaoh's Challenge,Wii,N/A,Puzzle,Funsta,0.01,0.03,0,0,0.04
3651,Extermination,PS2,2001,Action,Sony Computer Entertainment,0.21,0.16,0.12,0.05,0.55
9851,Famicom Mini: TwinBee,GBA,2004,Shooter,Konami Digital Entertainment,0,0,0.12,0,0.12
173,Assassin's Creed III,X360,2012,Action,Ubisoft,3.13,1.71,0.03,0.44,5.3
1952,Worms Armageddon,PS,1999,Strategy,Microprose,0.18,0.81,0,0.08,1.06
14648,Pacific Liberator,Wii,2009,Action,Zoo Games,0.03,0,0,0,0.03
3974,Boogie,Wii,2007,Misc,Electronic Arts,0.43,0.03,0,0.04,0.5
9217,Super Puzzle Fighter II Turbo,PS,1996,Puzzle,Virgin Interactive,0.08,0.05,0,0.01,0.14
2782,The Lord of the Rings: The Two Towers,GBA,2002,Action,Electronic Arts,0.53,0.2,0,0.01,0.74
4264,NHL FaceOff '97,PS,1996,Sports,Sony Computer Entertainment,0.26,0.17,0,0.03,0.46
13589,Free Running,Wii,2009,Sports,Reef Entertainment,0.02,0.02,0,0,0.04
12927,ZombiU,PS4,2016,Action,Ubisoft,0,0.04,0.01,0.01,0.05
1611,Star Wars Episode III: Revenge of the Sith,XB,2005,Action,Activision,0.82,0.38,0,0.04,1.24
3388,Beijing 2008,X360,2008,Sports,Sega,0.15,0.38,0,0.07,0.59
1137,Rage,X360,2011,Shooter,Bethesda Softworks,0.82,0.61,0.03,0.15,1.62
13037,Ontamarama,DS,2007,Action,Atlus,0.05,0,0,0,0.05
5610,The Legend of Spyro: Dawn of the Dragon,X360,2008,Platform,Vivendi Games,0.16,0.13,0,0.03,0.32
10533,X-Men: Children of the Atom,PS,1998,Fighting,Acclaim Entertainment,0.06,0.04,0,0.01,0.1
6863,NBA Live 10,PSP,2009,Sports,Electronic Arts,0.21,0,0.01,0.02,0.24
9483,Castlevania: Legacy of Darkness,N64,1999,Platform,Konami Digital Entertainment,0.06,0.02,0.05,0,0.13
16304,Fireman Sam: Action Stations,DS,2013,Action,Avanquest Software,0,0.01,0,0,0.01
7040,Yu-Gi-Oh! GX: Tag Force 3,PSP,2008,Strategy,Konami Digital Entertainment,0,0.03,0.18,0.01,0.23
5350,UEFA Euro 2008 Austria-Switzerland,X360,2008,Sports,Electronic Arts,0.08,0.23,0,0.03,0.35
13418,Bleach: Soul Carnival,PSP,2008,Fighting,Sony Computer Entertainment,0,0,0.05,0,0.05
2516,Killer Instinct Gold,N64,1996,Fighting,Nintendo,0.61,0.19,0,0.01,0.82
16532,Hirameki Action: Chibikko Wagyan no Daiki na Bouken,DS,2009,Action,Namco Bandai Games,0,0,0.01,0,0.01
8573,Doctor Who: Evacuation Earth,DS,2010,Adventure,Asylum Entertainment,0,0.14,0,0.02,0.16
16438,Getsuei Gakuen: kou,PSV,2013,Adventure,Arc System Works,0,0,0.01,0,0.01
3799,X-Men Legends,GC,2004,Role-Playing,Activision,0.41,0.11,0,0.01,0.53
3166,The Princess and the Frog,DS,2009,Platform,Disney Interactive Studios,0.41,0.17,0,0.06,0.64
3705,Sonic & All-Stars Racing Transformed,PS3,2012,Racing,Sega,0.08,0.33,0.01,0.11,0.54
7857,Rango: The Video Game,PS3,2011,Action,Electronic Arts,0.07,0.09,0,0.04,0.19
6872,Road Rash 64,N64,1999,Racing,THQ,0.19,0.05,0,0,0.24
1312,LEGO Batman 2: DC Super Heroes,Wii,2012,Action,Warner Bros. Interactive Entertainment,0.94,0.4,0,0.11,1.46
8001,Hello Kitty: Birthday Adventures,DS,2010,Adventure,Namco Bandai Games,0.06,0.11,0,0.02,0.18
12200,Cabela's Big Game Hunter 2005 Adventures,GC,2004,Sports,Activision,0.05,0.01,0,0,0.07
1990,Guinness World Records: The Videogame,Wii,2008,Action,Warner Bros. Interactive Entertainment,0.46,0.47,0,0.11,1.04
1525,Digimon World,PS,1999,Role-Playing,Namco Bandai Games,0.56,0.38,0.28,0.08,1.3
5588,Test Drive Unlimited,X360,2006,Racing,Atari,0.23,0.04,0.02,0.03,0.32
15374,Jewel Link: Galactic Quest,DS,2012,Action,Avanquest Software,0,0.02,0,0,0.02
8400,Batman Beyond: Return of the Joker,PS,2000,Action,Ubisoft,0.09,0.06,0,0.01,0.17
1552,Tomb Raider: Underworld,PS3,2008,Action,Eidos Interactive,0.45,0.56,0.05,0.22,1.27
11339,RTX Red Rock,PS2,2003,Shooter,LucasArts,0.04,0.03,0,0.01,0.08
7649,Wing Arms,SAT,1994,Shooter,Sega,0,0,0.2,0,0.2
1253,SoulCalibur II,GC,2003,Fighting,Namco Bandai Games,0.99,0.32,0.11,0.08,1.5
4452,Super Bomberman 4,SNES,1996,Puzzle,Hudson Soft,0,0,0.44,0,0.44
5625,Minute to Win It,X360,2011,Misc,Zoo Games,0.3,0,0,0.02,0.32
5024,SSX 3,GC,2003,Sports,Electronic Arts,0.29,0.08,0,0.01,0.38
8229,Mark Davis Pro Bass Challenge,PS2,2002,Sports,Natsume,0.09,0.07,0,0.02,0.17
5638,Peppa Pig: Theme Park Fun,DS,2011,Misc,P2 Games,0,0.28,0,0.04,0.32
257,FIFA 14,X360,2013,Sports,Electronic Arts,0.92,2.93,0.01,0.46,4.31
13819,Ookami to Koushinryou: Boku to Horo no Ichinen,DS,2008,Adventure,ASCII Media Works,0,0,0.04,0,0.04
1063,Jampack Winter '99,PS,1999,Misc,Sony Computer Entertainment,0.94,0.64,0,0.11,1.69
3825,Seaman,DC,1999,Simulation,Sega,0,0,0.52,0,0.52
10705,Naruto Shippuden: Gekito Ninja Taisen! EX,Wii,2007,Fighting,Takara Tomy,0,0,0.1,0,0.1
13583,Saki Portable,PSP,2010,Adventure,Alchemist,0,0,0.04,0,0.04
16373,Gobliiins 4,PC,2009,Adventure,Kalypso Media,0,0.01,0,0,0.01
7705,Ratatouille,GBA,2007,Action,THQ,0.14,0.05,0,0,0.2
9366,Ben 10 Galactic Racing,3DS,2011,Racing,D3Publisher,0.07,0.06,0,0.01,0.13
13169,Empire Earth,PC,2001,Strategy,Vivendi Games,0,0.04,0,0.01,0.05
15541,Guitar Freaks V3 & DrumMania V3,PS2,2007,Simulation,Konami Digital Entertainment,0,0,0.02,0,0.02
5332,Hello Kitty Daily,DS,2008,Misc,Nobilis,0.32,0,0,0.03,0.35
7716,Baldur's Gate: Dark Alliance,XB,2002,Role-Playing,Virgin Interactive,0.15,0.04,0,0.01,0.2
13118,Chameleon Twist 2,N64,1998,Platform,Infogrames,0.04,0.01,0,0,0.05
785,Dynasty Warriors 4,PS2,2003,Action,Tecmo Koei,0.63,0.21,1.13,0.13,2.11
5345,Over the Hedge,GC,2006,Platform,Activision,0.27,0.07,0,0.01,0.35
13274,Saiyuki: Journey West,PS,1999,Strategy,Tecmo Koei,0.03,0.02,0,0,0.05
5018,Overlord: Dark Legend,Wii,2009,Action,Codemasters,0.12,0.22,0,0.04,0.38
4275,Farming Simulator 2015,PS3,2015,Simulation,Koch Media,0.11,0.28,0,0.07,0.46
13933,Corpse Party: Blood Covered - Repeated Fear,3DS,2015,Adventure,5pb,0,0,0.04,0,0.04
11532,Hidden Invasion,PS2,2001,Shooter,Swing! Entertainment,0.04,0.03,0,0.01,0.08
2212,NCAA Football 10,X360,2009,Sports,Electronic Arts,0.87,0,0,0.07,0.94
6909,Viva Pinata: Party Animals,X360,2007,Misc,Microsoft Game Studios,0.19,0.03,0,0.02,0.24
13920,Rodea the Sky Soldier,3DS,2015,Action,Nippon Ichi Software,0.03,0,0,0,0.04
13027,Luminous Arc Infinity,PSV,2015,Action,Marvel Entertainment,0,0,0.05,0,0.05
7787,Risen,X360,2009,Role-Playing,Deep Silver,0.07,0.11,0,0.01,0.19
14530,Muv-Luv Alternative: Total Eclipse,PS3,2013,Simulation,5pb,0,0,0.03,0,0.03
6571,Daisy Fuentes Pilates,Wii,2009,Sports,505 Games,0.17,0.06,0,0.02,0.26
3335,New Play Control! Pikmin 2,Wii,2009,Strategy,Nintendo,0.11,0.14,0.33,0.02,0.6
15718,Franklin: A Birthday Surprise,PS2,2006,Misc,Game Factory,0.01,0.01,0,0,0.02
1678,Ganbare Goemon! Karakuri Douchuu,NES,1986,Platform,Konami Digital Entertainment,0,0,1.2,0,1.2
396,Metal Gear Solid V: The Phantom Pain,PS4,2015,Action,Konami Digital Entertainment,1.08,1.35,0.48,0.47,3.38
16398,LMA Manager 2007,X360,2006,Sports,Codemasters,0,0.01,0,0,0.01
941,inFAMOUS 2,PS3,2011,Action,Sony Computer Entertainment,1.05,0.49,0.08,0.23,1.85
7532,Midnight Club 3: DUB Edition Remix,XB,2006,Racing,Take-Two Interactive,0.15,0.04,0,0.01,0.2
4594,Colony Wars,PS,1997,Simulation,Psygnosis,0.24,0.16,0,0.03,0.42
16226,Nyaruko-San: Nafushigatai Game no You na Mono,PSV,2013,Adventure,5pb,0,0,0.01,0,0.01
9830,Phantasy Star Universe,X360,2006,Role-Playing,Sega,0.09,0.02,0,0.01,0.12
3058,MLB 2004,PS2,2003,Sports,Sony Computer Entertainment,0.32,0.25,0,0.08,0.66
3840,We Love Katamari,PS2,2005,Puzzle,Electronic Arts,0.26,0.2,0,0.07,0.52
11735,Yoru no Nai Kuni,PS4,2015,Role-Playing,Tecmo Koei,0,0,0.08,0,0.08
8850,Pokémon: Johto Photo Finish: Game Boy Advance Video,GBA,2004,Misc,N/A,0.11,0.04,0,0,0.15
10408,Child of Light,PSV,2014,Role-Playing,Ubisoft,0,0.07,0.02,0.02,0.11
9362,Shovel Knight,3DS,2015,Platform,Yacht Club Games,0.07,0.04,0.01,0.01,0.13
174,Final Fantasy IX,PS,2000,Role-Playing,SquareSoft,1.62,0.77,2.78,0.14,5.3
6760,Major League Baseball 2K7,PS3,2007,Sports,Spike,0.23,0,0,0.02,0.25
12164,Batman: Rise of Sin Tzu,GBA,2003,Action,Ubisoft,0.05,0.02,0,0,0.07
12052,Pitfall: The Lost Expedition,XB,2004,Platform,Activision,0.05,0.01,0,0,0.07
16203,Hyakka Yakou,PSV,2015,Action,Unknown,0,0,0.01,0,0.01
13564,Life is Strange,PC,2016,Adventure,Square Enix,0.01,0.03,0,0,0.04
5123,Dungeon Siege III,X360,2011,Role-Playing,Square Enix,0.21,0.12,0.01,0.03,0.37
12084,Godzilla (2014),PS3,2014,Action,Namco Bandai Games,0,0.01,0.06,0,0.07
7847,Inazuma Eleven Strikers 2012 Xtreme,Wii,2011,Role-Playing,Level 5,0,0,0.19,0,0.19
2327,Call of Juarez: Bound in Blood,PS3,2009,Shooter,Ubisoft,0.35,0.38,0.01,0.16,0.89
8985,Cars: Mater-National Championship,X360,2007,Racing,THQ,0.13,0,0,0.01,0.15
13681,Hayate no Gotoku! Ojousama Produce Daisakusen Boku Iro ni Somare! Gakkou-Hen,DS,2008,Simulation,Konami Digital Entertainment,0,0,0.04,0,0.04
3511,Far Cry Instincts,XB,2005,Shooter,Ubisoft,0.32,0.24,0,0.02,0.57
3480,Petz Nursery,DS,2009,Simulation,Ubisoft,0.53,0,0,0.04,0.58
3264,Wipeout: The Game,DS,2010,Misc,Activision,0.58,0,0,0.04,0.62
3237,Namco Museum,GC,2002,Misc,Namco Bandai Games,0.48,0.13,0,0.02,0.63
5428,Persona 5,PS4,2016,Role-Playing,Atlus,0,0,0.34,0,0.34
3622,Monster Jam: Path of Destruction,Wii,2010,Racing,Activision,0.5,0.02,0,0.03,0.56
6010,Imagine: Fashion Designer World Tour,DS,2009,Simulation,Ubisoft,0.27,0,0,0.02,0.29
16229,Victory Spike,PS,1996,Sports,Imagineer,0,0,0.01,0,0.01
9067,Record of Agarest War 2,PS3,2010,Role-Playing,Compile Heart,0.09,0,0.04,0.01,0.14
4720,Monotaro Dentetsu 2010: Sengoku Ishin no Hero Daishuugou! no Maki,Wii,2009,Misc,Hudson Soft,0,0,0.41,0,0.41
3842,Way of the Samurai 3,PS3,2008,Action,Gamebridge,0.18,0.08,0.22,0.04,0.52
3997,Alien: Isolation,XOne,2014,Shooter,Sega,0.22,0.24,0,0.04,0.5
4497,Dora the Explorer: Dora Puppy,DS,2009,Misc,Take-Two Interactive,0.39,0.01,0,0.03,0.43
5778,Tiger Woods PGA Tour 06,X360,2005,Sports,Electronic Arts,0.28,0,0,0.02,0.31
1509,LEGO Battles,DS,2009,Strategy,Warner Bros. Interactive Entertainment,0.81,0.38,0,0.12,1.31
6039,Heroes of the Pacific,PS2,2005,Simulation,Codemasters,0.14,0.11,0,0.04,0.29
12231,Pocky & Rocky with Becky,GBA,2001,Shooter,Altron,0.05,0.02,0,0,0.07
15613,Let's Dance with Mel B,X360,2011,Sports,Black Bean Games,0,0.02,0,0,0.02
14467,Dennou Senki Virtual-On Force,X360,2010,Fighting,Sega,0,0,0.03,0,0.03
578,Pac-Man: Adventures in Time,PSP,2006,Fighting,Sony Computer Entertainment,0.76,1.1,0.12,0.65,2.63
13104,Medal of Honor: European Assault (weekly JP sales),PS2,2005,Shooter,Electronic Arts,0,0,0.05,0,0.05
4065,Crazy Taxi,GC,2001,Racing,Acclaim Entertainment,0.36,0.09,0.02,0.01,0.49
4557,TRON: Evolution,PS3,2010,Action,Disney Interactive Studios,0.27,0.1,0,0.05,0.43
9052,Doshin the Giant,GC,2002,Simulation,Nintendo,0,0,0.14,0,0.14
5043,DiRT 2,Wii,2009,Racing,Codemasters,0.11,0.23,0,0.04,0.38
4288,Scooby-Doo! and the Spooky Swamp,Wii,2010,Action,Warner Bros. Interactive Entertainment,0.29,0.13,0,0.04,0.46
2125,Madden NFL 16,X360,2015,Sports,Electronic Arts,0.82,0.05,0,0.1,0.98
7865,Chou-Kuukan Night Pro Yakyuu King (weekly JP sales),N64,1996,Sports,Imagineer,0,0,0.19,0,0.19
5378,Radiant Historia,DS,2010,Role-Playing,Atlus,0.24,0,0.09,0.02,0.34
11885,SNK Arcade Classics Vol. 1,Wii,2008,Misc,Ignition Entertainment,0.06,0,0,0.01,0.07
1448,The Simpsons: Hit & Run,XB,2003,Racing,Vivendi Games,0.7,0.58,0,0.07,1.35
8542,Puzzle Quest: Galactrix,DS,2009,Puzzle,D3Publisher,0.15,0,0,0.01,0.16
2421,Madden Football 64,N64,1997,Sports,Electronic Arts,0.81,0.04,0,0.01,0.86
2948,Shrek the Third,X360,2007,Action,Activision,0.54,0.1,0,0.06,0.69
813,Dark Souls,PS3,2011,Role-Playing,Namco Bandai Games,0.75,0.54,0.54,0.23,2.07
1408,Dead Rising 2,PS3,2010,Action,Capcom,0.43,0.57,0.15,0.22,1.38
887,Batman: Arkham Origins,X360,2013,Action,Warner Bros. Interactive Entertainment,1.15,0.61,0,0.17,1.93
4575,The Legend of Spyro: The Eternal Night,PS2,2007,Platform,Vivendi Games,0.21,0.16,0,0.05,0.42
10414,Fairy Tail: Portable Guild,PSP,2010,Fighting,Konami Digital Entertainment,0,0,0.11,0,0.11
6744,Harry Potter and the Order of the Phoenix,PS3,2007,Action,Electronic Arts,0.18,0.04,0,0.03,0.25
13505,Heatseeker,PSP,2007,Action,Codemasters,0.04,0,0,0,0.04
14750,Pro Evolution Soccer 2012,3DS,2011,Action,Konami Digital Entertainment,0.02,0,0,0,0.03
3570,Classic NES Series: Dr. Mario,GBA,2004,Puzzle,Nintendo,0.31,0.11,0.13,0.01,0.56
10059,Puyo Puyo Tetris,3DS,2014,Puzzle,Sega,0,0,0.11,0,0.11
766,R.C. Pro-Am,NES,1988,Racing,Nintendo,1.47,0.38,0.19,0.1,2.14
1757,Medal of Honor Heroes 2,PSP,2007,Shooter,Electronic Arts,0.5,0.39,0.02,0.25,1.16
8855,Bakugan Battle Brawlers: Defenders of the Core,PSP,2010,Action,Activision,0.09,0.04,0,0.03,0.15
7508,World Championship Cards,PSP,2008,Misc,Crave Entertainment,0.19,0,0,0.02,0.2
11697,One Piece: Gear Spirit,DS,2007,Fighting,Namco Bandai Games,0,0,0.08,0,0.08
15398,B-17: Fortress in the Sky,DS,2007,Simulation,DSI Games,0.02,0,0,0,0.02
4490,Dragon Ball Z: Shin Budokai - Another Road,PSP,2007,Fighting,Atari,0.19,0.09,0.08,0.07,0.44
11910,"Flower, Sun, and Rain",DS,2008,Adventure,Rising Star Games,0.07,0,0,0.01,0.07
5396,Off Road Challenge,N64,1998,Racing,GT Interactive,0.27,0.06,0,0,0.34
6459,Dragon Age Origins: Awakening,PS3,2010,Role-Playing,Spike,0.24,0,0,0.02,0.26
1652,Super Street Fighter IV: 3D Edition,3DS,2011,Fighting,Capcom,0.55,0.44,0.14,0.09,1.22
10556,Baten Kaitos Origins,GC,2006,Role-Playing,Unknown,0.06,0.02,0.02,0,0.1
3900,Summoner,PS2,2000,Role-Playing,THQ,0.25,0.2,0,0.07,0.51
11530,Tempest 3X,PS,1995,Shooter,Interplay,0.04,0.03,0,0.01,0.08
2146,LEGO Star Wars II: The Original Trilogy,GC,2006,Action,LucasArts,0.75,0.19,0,0.03,0.97
2363,Rock Band 3,X360,2010,Misc,MTV Games,0.73,0.1,0,0.06,0.88
6370,Thoroughbred Breeder II,SNES,1994,Simulation,Hect,0,0,0.27,0,0.27
10548,Daito Giken Koushiki Pachi-Slot Simulator: Hihouden - Ossu! Banchou - Yoshimune DS,DS,2007,Misc,Paon,0,0,0.1,0,0.1
900,The Sims: Makin' Magic,PC,2003,Simulation,Electronic Arts,1.03,0.8,0,0.09,1.92
8195,Madden NFL 09,XB,2008,Sports,Electronic Arts,0.13,0.04,0,0.01,0.18
11187,Puss in Boots,PS3,2011,Action,THQ,0.07,0.01,0,0.01,0.09
14183,Junior Island Adventure,DS,2011,Puzzle,Unknown,0.03,0,0,0,0.03
8871,T'ai Fu: Wrath of the Tiger,PS,1998,Action,Activision,0.08,0.06,0,0.01,0.15
1473,Spider-Man: The Movie,GBA,2002,Action,Activision,0.92,0.35,0.01,0.05,1.33
4500,Need for Speed Underground 2,GBA,2004,Racing,Electronic Arts,0.31,0.12,0,0.01,0.43
14911,Derby Time 2006,PSP,2006,Sports,Sony Computer Entertainment,0,0,0.03,0,0.03
7384,Robotech: Battlecry,XB,N/A,Shooter,Unknown,0.16,0.05,0,0.01,0.21
16089,"Iza, Shutsujin! Koisen",PSP,2011,Adventure,Quinrose,0,0,0.01,0,0.01
11840,Mugen Souls Z,PS3,2013,Role-Playing,Nippon Ichi Software,0.02,0.01,0.04,0.01,0.07
15285,Jake Hunter: Detective Chronicles,DS,2008,Adventure,Aksys Games,0.02,0,0,0,0.02
2894,Jeopardy!,PS,1997,Misc,Hasbro Interactive,0.39,0.27,0,0.05,0.71
1349,LEGO Indiana Jones 2: The Adventure Continues,Wii,2009,Action,Activision,0.91,0.39,0,0.13,1.43
4438,50 Cent: Bulletproof,XB,2005,Action,Vivendi Games,0.33,0.1,0,0.02,0.44
754,Final Fantasy XIII,X360,2010,Role-Playing,Square Enix,1.27,0.68,0.01,0.2,2.17
14733,Greg Hastings' Tournament Paintball Max'd,GBA,2006,Shooter,Activision,0.02,0.01,0,0,0.03
13445,Wayne Gretzky's 3D Hockey '98,PS,1997,Sports,GT Interactive,0.03,0.02,0,0,0.05
12054,Higurashi no Naku Koro ni Matsuri: Kakera Asobi,PS2,2007,Adventure,Alchemist,0,0,0.07,0,0.07
3574,Harry Potter Collection,PS2,2006,Misc,Electronic Arts,0.28,0.21,0,0.07,0.56
11853,Alvin and the Chipmunks,PS2,2007,Misc,Brash Entertainment,0.04,0.03,0,0.01,0.07
4024,Tony Hawk's Project 8,X360,2006,Sports,Activision,0.44,0.02,0,0.04,0.49
6803,Cabela's Outdoor Adventures (2009),X360,2009,Sports,Activision Value,0.23,0,0,0.02,0.24
6768,Classic NES Series: Excitebike,GBA,2004,Racing,Nintendo,0.11,0.04,0.1,0.01,0.25
3811,Juiced,PS2,2005,Racing,THQ,0.26,0.2,0,0.07,0.53
16462,Rugby World Cup 2015,PC,2015,Sports,Ubisoft,0,0.01,0,0,0.01
12615,Dig Dug: Digging Strike,DS,2005,Puzzle,Atari,0.05,0,0,0,0.06
7164,Discovery Kids: Dolphin Discovery,DS,2008,Simulation,505 Games,0.21,0,0,0.01,0.22
2823,SSX,X360,2012,Sports,Electronic Arts,0.38,0.28,0,0.06,0.72
8772,Cartoon Network Collection: Game Boy Advance Video Special Edition,GBA,2005,Misc,N/A,0.11,0.04,0,0,0.15
14896,R-Type Delta,PS,1998,Shooter,Irem Software Engineering,0.01,0.01,0,0,0.03
5623,TrackMania Turbo,PS4,2016,Action,Ubisoft,0.03,0.24,0,0.05,0.32
8478,Alien Resurrection,PS,2000,Shooter,Fox Interactive,0.09,0.06,0,0.01,0.16
7653,BioShock The Collection,PS4,2016,Shooter,Take-Two Interactive,0.05,0.11,0.01,0.03,0.2
5080,The Golden Compass,PSP,N/A,Action,Sega,0.11,0.16,0,0.1,0.38
8839,Spider-Man: Friend or Foe,Wii,2007,Action,Activision,0.13,0.01,0,0.01,0.15
15053,Luxor: The Wrath of Set,PSP,2006,Puzzle,Mumbo Jumbo,0.02,0,0,0,0.02
7484,Anarchy Reigns,PS3,2012,Action,Sega,0.1,0.03,0.06,0.02,0.21
1585,NBA Live 2001,PS,2000,Sports,Electronic Arts,0.7,0.47,0,0.08,1.25
15242,Discovery Kids: Snake Safari,DS,2009,Simulation,505 Games,0.02,0,0,0,0.02
10296,Rock Band: Metal Track Pack,PS2,2009,Misc,MTV Games,0.05,0.04,0,0.01,0.11
2621,FIFA 12,Wii,2011,Sports,Electronic Arts,0.16,0.52,0,0.11,0.79
6187,Backyard Wrestling 2: There Goes the Neighborhood,PS2,2004,Fighting,Eidos Interactive,0.14,0.11,0,0.04,0.28
3834,The Golden Compass,PS2,2007,Action,Sega,0.13,0,0,0.39,0.52
7340,College Hoops 2K7,X360,2006,Sports,Take-Two Interactive,0.2,0,0,0.02,0.21
9260,Major League Baseball 2K8,Wii,2008,Sports,Take-Two Interactive,0.13,0,0,0.01,0.14
3049,Borderlands: The Pre-Sequel,PS3,2014,Shooter,Take-Two Interactive,0.25,0.26,0.05,0.11,0.67
15257,Tengen Toppa Gurren-Lagann,DS,2007,Action,Konami Digital Entertainment,0,0,0.02,0,0.02
13747,Kikou Heidan J-Phoenix 2,PS2,2003,Action,Takara,0,0,0.04,0,0.04
5592,NCAA Basketball 10,X360,2009,Sports,Electronic Arts,0.3,0,0,0.02,0.32
16377,Cross Edge Dash,X360,2009,Role-Playing,Compile Heart,0,0,0.01,0,0.01
8371,Disney's Planes,Wii,2013,Simulation,Disney Interactive Studios,0.08,0.07,0,0.02,0.17
7094,World Soccer Winning Eleven 2010: Aoki Samurai no Chousen,PS3,2010,Sports,Konami Digital Entertainment,0,0,0.23,0,0.23
15981,Meiji Toukyou Renka: Twilight Kiss,PSP,2015,Action,Broccoli,0,0,0.02,0,0.02
5557,Samurai Warriors 2: Xtreme Legends (JP sales),PS2,2007,Action,Tecmo Koei,0,0,0.33,0,0.33
15320,Hot 'n' Cold,DS,2009,Action,Majesco Entertainment,0.02,0,0,0,0.02
2398,Brothers in Arms: Hell's Highway,X360,2008,Shooter,Ubisoft,0.47,0.31,0,0.09,0.87
3438,Doom 3 BFG Edition,PS3,2012,Shooter,Bethesda Softworks,0.26,0.22,0,0.1,0.59
10129,Funky Barn,3DS,2012,Simulation,Ubisoft,0.07,0.03,0,0.01,0.11
3033,Wild ARMs 2,PS,1999,Role-Playing,Sony Computer Entertainment,0.19,0.13,0.31,0.04,0.67
13640,Devil May Cry 4,PC,2008,Action,Capcom,0.01,0.02,0,0.01,0.04
11970,Rec Room Games,DS,2011,Sports,Destineer,0.07,0,0,0,0.07
8049,How to Train Your Dragon,PS3,2010,Action,Activision,0.12,0.04,0,0.02,0.18
5030,Elite Beat Agents,DS,2006,Misc,Nintendo,0.31,0.03,0,0.03,0.38
9019,The Fifth Element,PS,1998,Action,Sony Computer Entertainment,0.08,0.05,0,0.01,0.14
3258,Bolt,DS,2008,Adventure,Disney Interactive Studios,0.35,0.21,0,0.06,0.62
6498,Jonah Lomu Rugby Challenge,PS3,N/A,Sports,Home Entertainment Suppliers,0,0.2,0,0.06,0.26
16417,thinkSMART: Chess for Kids,DS,2011,Misc,Mentor Interactive,0.01,0,0,0,0.01
12246,Jewel Quest IV: Heritage,DS,2011,Puzzle,iWin,0,0.05,0,0.01,0.06
9113,The Da Vinci Code,PS2,2006,Action,Take-Two Interactive,0.07,0.05,0,0.02,0.14
14400,Jikandia: The Timeless Land,PSP,2010,Role-Playing,Idea Factory,0.03,0,0,0,0.03
4023,Super Monkey Ball 3D,3DS,2011,Action,Sega,0.26,0.15,0.05,0.04,0.49
4882,Ultimate Spider-Man,XB,2005,Action,Activision,0.26,0.11,0,0.02,0.39
9716,Gladiator Begins,PSP,2010,Action,PQube,0.05,0.01,0.05,0.01,0.12
7293,SBK X: Superbike World Championship,PS3,2010,Racing,Black Bean Games,0.05,0.13,0,0.04,0.22
6630,The Suite Life of Zack & Cody: Tipton Trouble,DS,2006,Action,Disney Interactive Studios,0.23,0,0,0.02,0.25
14972,Pony Luv,DS,2008,Simulation,GSP,0.02,0,0,0,0.02
7976,Harry Potter: Quidditch World Cup,XB,2003,Sports,Electronic Arts,0.14,0.04,0,0.01,0.19
3913,"Transformers: War for Cybertron (XBox 360, PS3, & PC Versions)",PS3,2010,Shooter,Activision,0.24,0.19,0,0.08,0.51
14704,Magicka,PC,2011,Role-Playing,Paradox Interactive,0,0.02,0,0.01,0.03
9432,Destruction Derby Arenas,PS2,2004,Racing,Sony Computer Entertainment,0.06,0.05,0,0.02,0.13
11874,Exhibition Volume 4,XB,2003,Misc,Microsoft Game Studios,0.05,0.02,0,0,0.07
12908,Sitting Ducks,PS2,2003,Platform,LSP Games,0.03,0.02,0,0.01,0.05
12521,BlazBlue: Chrono Phantasma Extend,XOne,2015,Action,PQube,0.05,0.01,0,0.01,0.06
8377,Reloaded,PS,1996,Action,Gremlin Interactive Ltd,0.09,0.06,0,0.01,0.17
4840,Brunswick Pro Bowling,PS2,2007,Sports,505 Games,0.2,0.15,0,0.05,0.4
731,Need for Speed: Hot Pursuit,X360,2010,Racing,Electronic Arts,1.03,0.98,0,0.21,2.22
2051,Oshare Majo Love and Berry: DS Collection,DS,2006,Misc,Sega,0,0,1.01,0,1.01
4582,Guitar Hero: Smash Hits,X360,2009,Misc,Activision,0.23,0.15,0,0.04,0.42
12652,Nendoroid Generation,PSP,2012,Role-Playing,Namco Bandai Games,0,0,0.06,0,0.06
14309,Sonic Boom: Fire & Ice,3DS,2016,Platform,Sega,0.03,0,0,0,0.03
6697,The Mummy: Tomb of the Dragon Emperor,PS2,2008,Action,Vivendi Games,0.12,0.1,0,0.03,0.25
3746,Over the Hedge,PS2,2006,Platform,Activision,0.45,0.02,0,0.07,0.54
6949,Lunar Knights,DS,2006,Role-Playing,Konami Digital Entertainment,0.17,0.01,0.04,0.02,0.24
12617,Brave: A Warrior's Tale,Wii,2009,Action,SouthPeak Games,0.05,0,0,0,0.06
15247,Shooter: Starfighter Sanvein,PS,2000,Shooter,Midas Interactive Entertainment,0.01,0.01,0,0,0.02
673,LEGO Harry Potter: Years 1-4,DS,2010,Action,Warner Bros. Interactive Entertainment,1.07,1.05,0,0.23,2.35
8829,Build-A-Bear Workshop: Welcome to Hugsville,DS,2010,Misc,Game Factory,0.14,0,0,0.01,0.15
15364,Prehistorik Man,GBA,2001,Platform,THQ,0.01,0.01,0,0,0.02
9611,Kelly Slater's Pro Surfer,GBA,2002,Sports,Activision,0.09,0.03,0,0,0.13
13457,National Geographic Panda (US sales),DS,2008,Simulation,Ubisoft,0.04,0,0,0,0.04
4199,NBA Ballers: Phenom,PS2,2006,Sports,Midway Games,0.23,0.18,0,0.06,0.47
9074,MTV Music Generator 3: This Is the Remix,PS2,2004,Misc,Codemasters,0.07,0.05,0,0.02,0.14
13818,Headhunter: Redemption,PS2,2004,Action,Sega,0.02,0.01,0,0,0.04
12204,Tokobot,PSP,2005,Platform,Take-Two Interactive,0.06,0,0,0.01,0.07
3241,Tony Hawk's American Wasteland,XB,2005,Sports,Activision,0.4,0.2,0,0.03,0.62
395,LEGO Batman: The Videogame,X360,2008,Action,Warner Bros. Interactive Entertainment,2.03,1.03,0,0.32,3.38
6915,Wild 9,PS,1998,Action,Interplay,0.13,0.09,0,0.02,0.24
14204,Dead or Alive Xtreme 3: Venus,PSV,2016,Sports,Tecmo Koei,0,0,0.03,0,0.03
4348,Phoenix,2600,1981,Simulation,Atari,0.42,0.02,0,0,0.45
12831,Medal of Honor: Airborne,PC,2007,Shooter,Electronic Arts,0,0.04,0,0.01,0.05
15922,Rayman 10th Anniversary,GBA,2005,Platform,Ubisoft,0.01,0,0,0,0.02
5571,Shin Nippon Pro Wrestling: Toukon Retsuden,PS,1995,Fighting,Tomy Corporation,0,0,0.3,0.02,0.33
7681,High School Musical 3: Senior Year DANCE!,X360,2008,Misc,Disney Interactive Studios,0.18,0,0,0.01,0.2
13119,Nounai Aeshe: IQ Suppli DS 2 - Sukkiri King Ketteisen,DS,2007,Misc,Spike,0,0,0.05,0,0.05
9345,Dokapon Kingdom,Wii,2008,Role-Playing,Sting,0.12,0,0,0.01,0.13
15236,Dance! It's Your Stage,PS3,2011,Misc,DTP Entertainment,0,0.02,0,0.01,0.02
12527,Showtime Championship Boxing,DS,2007,Fighting,Zoo Digital Publishing,0.06,0,0,0,0.06
14534,Hakuouki,PS2,2008,Adventure,Idea Factory,0,0,0.03,0,0.03
1466,MVP Baseball 2004,PS2,2004,Sports,Electronic Arts,1.1,0.06,0,0.18,1.34
10736,Power Stone Collection,PSP,2006,Action,Capcom,0.08,0,0,0.01,0.1
8701,Megamind: Ultimate Showdown,PS3,2010,Action,THQ,0.07,0.06,0,0.02,0.16
13669,Unison: Rebels of Rhythm & Dance,PS2,2000,Misc,Tecmo Koei,0.02,0.02,0,0.01,0.04
1971,Defender,2600,1980,Misc,Atari,0.99,0.05,0,0.01,1.05
1726,Sonic Rush Adventure,DS,2007,Platform,Sega,0.54,0.49,0.01,0.12,1.17
2352,Call of Duty: Modern Warfare 3,Wii,2011,Shooter,Activision,0.6,0.21,0,0.08,0.89
16558,Codename: Panzers Complete Collection,PC,2016,Strategy,Nordic Games,0,0.01,0,0,0.01
16236,Marvel: Ultimate Alliance,PC,2006,Role-Playing,Activision,0.01,0,0,0,0.01
110,Fallout 4,PS4,2015,Role-Playing,Bethesda Softworks,2.47,3.15,0.24,1.1,6.96
4634,Mega Man Anniversary Collection,GC,2004,Platform,Capcom,0.32,0.08,0,0.01,0.42
7591,Ogre Battle Saga Episode Five: The March of the Black Queen,PS,1996,Role-Playing,ArtDink,0.06,0.04,0.09,0.01,0.2
2231,LEGO Jurassic World,PS3,2015,Action,Warner Bros. Interactive Entertainment,0.34,0.44,0,0.15,0.93
415,Monster Hunter X,3DS,2015,Action,Capcom,0.25,0.19,2.78,0.04,3.26
9056,Destroy All Humans! Big Willy Unleashed,Wii,2008,Action,THQ,0.13,0,0,0.01,0.14
10814,Minority Report: Everybody Runs,XB,2002,Action,Activision,0.07,0.02,0,0,0.1
12199,Fairy Fencer F: Advent Dark Force,PS4,2015,Role-Playing,Idea Factory International,0.02,0,0.05,0,0.07
893,Watch Dogs,PS3,2014,Action,Ubisoft,0.56,0.89,0.1,0.37,1.93
16174,Dark Parables: The Exiled Prince,PC,2011,Puzzle,Unknown,0,0.01,0,0,0.01
16073,East India Company,PC,2009,Strategy,Paradox Interactive,0.01,0,0,0,0.01
13944,Little Red Riding Hood's Zombie BBQ,DS,2008,Shooter,Destineer,0.03,0,0,0,0.04
7376,Metal Gear Solid V: The Phantom Pain,X360,2015,Action,Konami Digital Entertainment,0.12,0.08,0,0.02,0.21
10726,Star Trek: Shattered Universe,PS2,2004,Simulation,Global Star,0.05,0.04,0,0.01,0.1
1768,Kaboom!,2600,1980,Misc,Activision,1.07,0.07,0,0.01,1.15
7678,Sid Meier's Pirates!,PSP,2007,Strategy,Take-Two Interactive,0.16,0.01,0,0.02,0.2
2083,Dead Space 3,X360,2013,Action,Electronic Arts,0.64,0.28,0,0.08,0.99
5106,Tom Clancy's The Division,PC,2016,Shooter,Ubisoft,0.2,0.14,0,0.03,0.37
9214,Cabela's African Safari,X360,2006,Sports,Activision Value,0.13,0,0,0.01,0.14
3524,Tomb Raider: Anniversary,PSP,2007,Action,Eidos Interactive,0.21,0.23,0,0.13,0.57
8956,Risen 2: Dark Waters,X360,2012,Role-Playing,Deep Silver,0.05,0.08,0,0.01,0.15
14555,Popeye: Rush for Spinach,GBA,2005,Platform,Atari,0.02,0.01,0,0,0.03
10697,F1 2014,PC,2014,Racing,Codemasters,0,0.09,0,0.01,0.1
9042,Pinball Hall of Fame: The Gottlieb Collection,Wii,2006,Misc,System 3 Arcade Software,0.13,0,0,0.01,0.14
14890,The Peanuts Movie: Snoopy's Grand Adventure,X360,2015,Action,Activision,0,0.02,0,0,0.03
2439,Army of Two: The 40th Day,PS3,2010,Shooter,Electronic Arts,0.44,0.27,0.01,0.12,0.85
16413,"Sakigake!! Otokojuku - Nihon yo, Kore ga Otoko Dearu!",PS3,2014,Fighting,Namco Bandai Games,0,0,0.01,0,0.01
3844,DC Universe Online,PS3,2011,Role-Playing,Sony Online Entertainment,0.35,0.12,0,0.06,0.52
6038,Turning Point: Fall of Liberty,X360,2008,Shooter,Codemasters,0.23,0.04,0,0.02,0.29
7037,Tribes: Aerial Assault,PS2,N/A,Shooter,Unknown,0.11,0.09,0,0.03,0.23
10132,Pac-Man Pinball Advance,GBA,2005,Misc,Zoo Digital Publishing,0.08,0.03,0,0,0.11
9772,Curious George,PS2,2006,Action,Namco Bandai Games,0.06,0.05,0,0.02,0.12
10749,Famicom Mini: Mappy,GBA,2004,Platform,Nintendo,0,0,0.09,0,0.1
10547,Hunter: The Reckoning,GC,2002,Action,Virgin Interactive,0.08,0.02,0,0,0.1
1918,Marvel vs. Capcom 3: Fate of Two Worlds,X360,2011,Fighting,Capcom,0.79,0.18,0.03,0.07,1.08
13525,Minna ga Shuyaku no NHK Kouhaku Quiz Kassen,Wii,2009,Misc,Nintendo,0,0,0.04,0,0.04
4850,Nicktoons: Freeze Frame Frenzy,GBA,2004,Action,THQ,0.29,0.11,0,0.01,0.4
3879,Way of the Samurai,PS2,2002,Action,Eidos Interactive,0.13,0.1,0.25,0.03,0.51
13786,Guild Wars Trilogy,PC,2005,Role-Playing,NCSoft,0,0.03,0,0.01,0.04
5494,Silent Hill: Downpour,X360,2012,Action,Konami Digital Entertainment,0.22,0.08,0,0.03,0.33
3169,Gravity Rush,PSV,2012,Action,Sony Computer Entertainment,0.26,0.2,0.09,0.1,0.64
13470,The Hustle: Detroit Streets,PS2,2006,Sports,Activision,0.02,0.02,0,0.01,0.04
12097,Secret Files: Tunguska,Wii,2008,Adventure,Koch Media,0.05,0.02,0,0.01,0.07
15629,Tomb Raider: Legend,PC,2006,Action,Eidos Interactive,0,0.01,0,0,0.02
13777,The Legend of Heroes: Trails in the Sky First Chapter,PS3,2012,Role-Playing,Falcom Corporation,0,0,0.04,0,0.04
2713,Kane & Lynch: Dead Men,X360,2007,Shooter,Eidos Interactive,0.36,0.31,0.01,0.08,0.76
15077,Bottom of the 9th '97,PS,1997,Sports,Konami Digital Entertainment,0.01,0.01,0,0,0.02
4938,Dawn of Discovery,PC,2009,Simulation,Ubisoft,0,0.32,0,0.07,0.39
7195,Rapala's Fishing Frenzy,Wii,2008,Sports,Activision,0.2,0,0,0.02,0.22
11467,Qubed,X360,2009,Puzzle,Atari,0.07,0,0,0.01,0.08
13351,Ore-Sama Kingdom: Koi no Manga mo Debut o Mokushise! Doki Doki Love Lesson,DS,2011,Action,Namco Bandai Games,0,0,0.05,0,0.05
14143,Yggdra Union: We'll Never Fight Alone,GBA,2006,Role-Playing,Sting,0,0,0.03,0,0.03
5136,Kotoba no Puzzle: Mojipittan DS,DS,2007,Puzzle,Namco Bandai Games,0,0,0.37,0,0.37
10101,Zangeki no Reginleiv,Wii,2010,Action,Nintendo,0,0,0.11,0,0.11
15109,D.Gray-man: Sousha no Shikaku,PS2,2008,Adventure,Konami Digital Entertainment,0,0,0.02,0,0.02
14165,Gacharoku,PS2,2002,Misc,Sony Computer Entertainment,0,0,0.03,0,0.03
6110,SingStar Country,PS2,2008,Misc,Sony Computer Entertainment,0.14,0.11,0,0.04,0.28
3801,Littlest Pet Shop 3: Biggest Stars - Blue / Pink / Purple Team,DS,2010,Simulation,Electronic Arts,0.5,0,0,0.03,0.53
8917,Gallop & Ride!,Wii,2008,Sports,THQ,0.14,0,0,0.01,0.15
14548,Kung Fu Panda: Showdown of Legendary Legends,X360,2015,Action,Little Orbit,0,0.03,0,0,0.03
5672,The Conveni: Ano Machi wo Dokusen Seyo,PS,1997,Simulation,Human Entertainment,0,0,0.3,0.02,0.32
485,Wave Race 64,N64,1996,Racing,Nintendo,1.98,0.58,0.34,0.04,2.94
4686,Tomb Raider: The Last Revelation,PC,1998,Action,Eidos Interactive,0.41,0,0,0,0.41
10801,Mind Quiz,PSP,2006,Action,Ubisoft,0.08,0.01,0,0.01,0.1
2431,FIFA Soccer 08,DS,2007,Sports,Electronic Arts,0.1,0.65,0,0.11,0.85
3515,Tales of the Abyss,PS2,2005,Role-Playing,Namco Bandai Games,0,0,0.57,0,0.57
7824,Dave Mirra Freestyle BMX 2,GBA,2001,Sports,Acclaim Entertainment,0.14,0.05,0,0,0.19
11624,Ultimate Fighting Championship: Throwdown,GC,2002,Fighting,Ubisoft,0.06,0.02,0,0,0.08
13038,Hakuoki: Stories of the Shinsengumi,PS3,2010,Adventure,Idea Factory,0.02,0,0.03,0,0.05
7239,Touch the Dead,DS,2007,Shooter,Eidos Interactive,0.2,0,0,0.02,0.22
5339,Lunar 2: Eternal Blue Complete,PS,1999,Role-Playing,Kadokawa Shoten,0.19,0.13,0,0.02,0.35
3559,Tom Clancy's HAWX,PS3,2009,Action,Ubisoft,0.21,0.22,0.05,0.09,0.57
4893,Danball Senki,PSP,2011,Role-Playing,Level 5,0,0,0.39,0,0.39
5934,Mega Man ZX,DS,2006,Platform,Capcom,0.18,0,0.1,0.02,0.3
9051,Legend of the Guardians: The Owls of Ga'Hoole,DS,2010,Action,Warner Bros. Interactive Entertainment,0.11,0.02,0,0.01,0.14
6318,Flag Capture,2600,N/A,Action,Atari,0.25,0.02,0,0,0.27
4677,Zone of the Enders: The 2nd Runner,PS2,2003,Simulation,Konami Digital Entertainment,0.15,0.12,0.11,0.04,0.41
11555,Tomb Raider: Legend,GC,2006,Action,Eidos Interactive,0.06,0.02,0,0,0.08
6956,Need For Speed: Undercover,DS,2008,Racing,Electronic Arts,0.18,0.03,0,0.02,0.23
13994,Rhapsody: A Musical Adventure,PS,1998,Role-Playing,Nippon Ichi Software,0.02,0.01,0,0,0.04
5590,Madden NFL 13,PSV,2012,Sports,Electronic Arts,0.3,0,0,0.03,0.32
9136,Spyro: A Hero's Tail,XB,2004,Platform,Vivendi Games,0.11,0.03,0,0.01,0.14
12435,Shonen Jump's Shaman King: Legacy of the Spirits - Soaring Hawk/Sprinting Wolf,GBA,2005,Action,Konami Digital Entertainment,0.04,0.02,0,0,0.06
9562,Legend of the Guardians: The Owls of Ga'Hoole,Wii,2010,Action,Warner Bros. Interactive Entertainment,0.11,0.01,0,0.01,0.13
1628,"WarioWare, Inc.: Mega MicroGame$",GBA,2003,Puzzle,Nintendo,0.4,0.11,0.7,0.02,1.23
9555,Transformers: War for Cybertron -- Decepticons,DS,2010,Action,Activision,0.11,0.01,0,0.01,0.13
3937,Dragon Ball Z: Supersonic Warriors,GBA,2004,Fighting,Atari,0.36,0.13,0,0.01,0.51
13619,Hana to Ikimo no Rittai Zukan,3DS,2011,Misc,Nintendo,0,0,0.04,0,0.04
14220,Pachitte Chonmage Tatsujin 12: Pachinko Ultraman,PS2,2007,Misc,Hackberry,0,0,0.03,0,0.03
14527,Emily Archer and the Curse of Tutankhamun,DS,2011,Adventure,Mastertronic,0,0.03,0,0,0.03
13270,Venus & Braves: Majo to Megami to Horobi no Yogen,PSP,2011,Role-Playing,Namco Bandai Games,0,0,0.05,0,0.05
2427,Dynasty Warriors 4: Xtreme Legends,PS2,2003,Action,Tecmo Koei,0.17,0.13,0.51,0.04,0.86
9661,Sonic Jam,SAT,1997,Platform,Sega,0,0,0.12,0,0.12
9768,Chase: Hollywood Stunt Driver,XB,2002,Racing,BAM! Entertainment,0.09,0.03,0,0,0.12
12575,Atelier Sophie: The Alchemist of the Mysterious Book,PSV,2015,Role-Playing,Tecmo Koei,0,0,0.06,0,0.06
11512,NBA 10: The Inside,PSP,2009,Sports,Sony Computer Entertainment,0.07,0,0,0.01,0.08
5581,Teenage Mutant Ninja Turtles 2: Battle Nexus,GBA,2004,Action,Konami Digital Entertainment,0.23,0.09,0,0.01,0.32
5538,1001 Touch Games,DS,2011,Action,Avanquest,0.12,0.17,0,0.04,0.33
8879,BloodRayne 2,XB,2004,Shooter,THQ,0.11,0.03,0,0.01,0.15
3369,PGR3 - Project Gotham Racing 3,X360,2005,Racing,Microsoft Game Studios,0.49,0.03,0.03,0.05,0.6
2626,Personal Trainer: Walking,DS,2008,Sports,Nintendo,0.22,0.32,0.17,0.07,0.79
2673,Dragon Ball: Raging Blast,PS3,2009,Fighting,Namco Bandai Games,0.37,0.19,0.11,0.1,0.77
7113,Family Party: 30 Great Games Winter Fun,Wii,2010,Sports,D3Publisher,0.21,0,0,0.01,0.23
7075,Wipeout 2,3DS,2011,Misc,Activision,0.22,0,0,0.01,0.23
3724,Bust A Groove,PS,1998,Misc,Sony Computer Entertainment,0.09,0.06,0.35,0.04,0.54
5443,Ninja Blade,X360,2009,Action,Microsoft Game Studios,0.14,0.14,0.02,0.03,0.33
1425,Tom Clancy's Ghost Recon 2,XB,2004,Shooter,Ubisoft,0.86,0.45,0,0.06,1.36
5382,Thunderstrike: Operation Phoenix,PS2,2001,Simulation,Eidos Interactive,0.17,0.13,0,0.04,0.34
10315,Cats & Dogs: The Revenge of Kitty Galore,DS,2010,Action,505 Games,0.1,0,0,0.01,0.11
9849,Space Chimps,PS2,2008,Platform,Brash Entertainment,0.06,0.05,0,0.02,0.12
1568,Jet Li: Rise to Honor,PS2,2004,Action,Sony Computer Entertainment,0.62,0.48,0,0.16,1.27
11214,Might & Magic Heroes VII,PC,2015,Strategy,Ubisoft,0,0.08,0,0,0.09
14145,Gekiatsu!! Pachi Game Tamashi Max: Evangelion 7 x Seimei no Kodou,PS3,2012,Misc,Fields,0,0,0.03,0,0.03
7937,We Dance,Wii,2011,Misc,Nordic Games,0,0.17,0,0.02,0.19
300,Fallout 3,PS3,2008,Role-Playing,Bethesda Softworks,2.15,1.2,0.07,0.59,4.01
13211,Adventure Time: Explore the Dungeon Because I Don't Know!,PS3,2013,Action,D3Publisher,0.02,0.02,0,0.01,0.05
9985,Fantastic Four: Rise of the Silver Surfer,X360,2007,Action,Take-Two Interactive,0.1,0.01,0,0.01,0.12
118,Zumba Fitness,Wii,2010,Sports,505 Games,3.5,2.64,0,0.67,6.81
12801,WWF Wrestlemania: The Arcade Game,PS,1995,Fighting,Acclaim Entertainment,0.03,0.02,0,0,0.06
3973,Babysitting Mama,Wii,2010,Simulation,505 Games,0.34,0.12,0,0.04,0.5
429,Enter the Matrix,PS2,2003,Action,Atari,1.78,1.12,0.09,0.19,3.18
13687,Chaos;Head - Love Chu*Chu!,PSP,2011,Adventure,5pb,0,0,0.04,0,0.04
5769,Shrek's Carnival Craze Party Games,Wii,2008,Misc,Activision,0.28,0,0,0.02,0.31
10205,Shin Sangoku Musou 6 Special,PSP,2011,Action,Tecmo Koei,0,0,0.11,0,0.11
7338,Akiba's Trip: Undead & Undressed,PSV,2013,Action,Nippon Ichi Software,0.09,0.02,0.08,0.03,0.21
2715,Mortal Kombat: Deception,XB,2004,Fighting,Midway Games,0.61,0.12,0,0.03,0.76
22,Super Mario Land,GB,1989,Platform,Nintendo,10.83,2.71,4.18,0.42,18.14
3624,MX 2002 Featuring Ricky Carmichael,PS2,2001,Racing,THQ,0.27,0.21,0,0.07,0.56
11553,Johnny Test,DS,2011,Platform,505 Games,0.07,0,0,0.01,0.08
4410,Just Dance 2014,XOne,2013,Misc,Ubisoft,0.3,0.11,0,0.04,0.45
12770,Dreamer Series: Babysitter,DS,2009,Simulation,Deep Silver,0.05,0,0,0,0.06
5490,Sonic Boom: Rise of Lyric,WiiU,2014,Action,Sega,0.21,0.09,0,0.03,0.33
2915,Madden NFL 2005,GC,2004,Sports,Electronic Arts,0.54,0.14,0,0.02,0.7
3938,Dishonored,PC,2012,Action,Bethesda Softworks,0.26,0.19,0,0.06,0.51
5870,Decathlete,SAT,1994,Sports,Sega,0,0,0.3,0,0.3
116,Uncharted 3: Drake's Deception,PS3,2011,Action,Sony Computer Entertainment,2.77,2.8,0.19,1.06,6.83
4254,Brothers In Arms: Earned in Blood,PS2,2005,Shooter,Ubisoft,0.38,0.01,0,0.06,0.46
1642,F1 2011,PS3,2011,Racing,Codemasters,0.12,0.75,0.11,0.25,1.22
232,The Legend of Zelda: A Link to the Past,SNES,1991,Action,Nintendo,2.42,0.91,1.15,0.13,4.61
1075,World Championship Poker: Featuring Howard Lederer - All In,PS2,2006,Misc,Oxygen Interactive,0.82,0.64,0,0.22,1.68
14342,My Pet Shop (JP sales),DS,2008,Simulation,Square Enix,0,0,0.03,0,0.03
11561,7 Wonders of the Ancient World,PSP,2007,Puzzle,Mumbo Jumbo,0.07,0,0,0.01,0.08
9600,Fit in Six,PS3,2011,Sports,Ubisoft,0.12,0,0,0.01,0.13
4185,Spider-Man 3,DS,2007,Platform,Activision,0.41,0.02,0,0.04,0.47
7919,Taiko no Tatsujin: Wii U Version!,WiiU,2013,Misc,Namco Bandai Games,0,0,0.19,0,0.19
8265,X-Men: The Official Game,X360,2006,Action,Activision,0.16,0.01,0,0.01,0.17
696,Tomb Raider II,PC,1997,Action,Eidos Interactive,0.91,1.25,0,0.13,2.29
132,Kingdom Hearts,PS2,2002,Role-Playing,Sony Computer Entertainment,3.64,1.2,1.49,0.07,6.4
9964,Lunar 2: Eternal Blue,SAT,1998,Role-Playing,Kadokawa Shoten,0,0,0.12,0,0.12
15372,The Legend of Heroes: Trails in the Sky Third Chapter,PSV,2016,Role-Playing,Nihon Falcom Corporation,0,0,0.02,0,0.02
840,Just Dance 3,X360,2011,Misc,Ubisoft,1.47,0.4,0,0.16,2.03
14047,Kiniro no Corda 2 f,PSP,2009,Role-Playing,Tecmo Koei,0,0,0.04,0,0.04
15041,Steins;Gate: Senkei Kousoku no Phonogram,X360,2013,Adventure,5pb,0,0,0.02,0,0.02
1765,Gauntlet: Dark Legacy,PS2,2001,Action,Midway Games,0.56,0.44,0,0.15,1.15
6430,Summer Sports 2: Island Sports Party,Wii,2008,Sports,Ubisoft,0.24,0,0,0.02,0.27
11528,Cartoon Network Collection: Game Boy Advance Video Volume 2,GBA,2004,Misc,N/A,0.06,0.02,0,0,0.08
3713,Resident Evil: Revelations 2,PS4,2015,Action,Capcom,0.13,0.24,0.1,0.07,0.54
2323,NBA Live 2005,XB,2004,Sports,Electronic Arts,0.81,0.05,0,0.04,0.9
971,Beyond: Two Souls,PS3,2013,Adventure,Sony Computer Entertainment,0.52,0.88,0.06,0.34,1.79
10158,Jikkyou Powerful Pro Baseball 2016,PS3,2016,Sports,Konami Digital Entertainment,0,0,0.11,0,0.11
9605,Deepak Chopra's Leela,X360,2011,Misc,THQ,0.07,0.05,0,0.01,0.13
15476,Adidas Power Soccer 98,PS,1998,Sports,Psygnosis,0.01,0.01,0,0,0.02
4829,Top Gear Rally,N64,1997,Racing,Kemco,0.32,0.07,0,0,0.4
6444,Reload: Target Down,Wii,2010,Shooter,Mastiff,0.25,0,0,0.02,0.26
10164,Pinball Hall of Fame: The Williams Collection,PSP,2008,Misc,System 3 Arcade Software,0.09,0.01,0,0.01,0.11
15335,Gal Gun,PS3,2012,Shooter,Alchemist,0,0,0.02,0,0.02
4866,Command & Conquer,PS,1996,Strategy,Virgin Interactive,0.22,0.15,0,0.03,0.4
6690,MRC: Multi-Racing Championship,N64,1997,Racing,Ocean,0.2,0.05,0,0,0.25
7674,Puzzle & Dragons X: God Chapter / Dragon Chapter,3DS,2016,Action,GungHo,0,0,0.2,0,0.2
9174,Monster Jam,DS,2007,Racing,Activision,0.13,0,0,0.01,0.14
2020,NCAA March Madness 2004,PS2,2003,Sports,Electronic Arts,0.5,0.39,0,0.13,1.03
12674,The Sims 2: University,PC,2005,Simulation,Electronic Arts,0.01,0.04,0,0.01,0.06
14136,Daito Giken Premium Pachi-Slot Collection: Yoshimune,PS2,2006,Misc,Daito,0,0,0.03,0,0.03
11888,Kidou Senshi Gundam: Giren no Yabou - Axis no Kyoui V,PSP,2009,Strategy,Namco Bandai Games,0,0,0.07,0,0.07
7518,Sloane to MacHale no Nazo no Monogatari,DS,2009,Puzzle,Level 5,0,0,0.2,0,0.2
16082,Egg Mania: Eggstreme Madness,XB,2002,Puzzle,Kemco,0.01,0,0,0,0.01
2570,Moto Racer,PS,1997,Racing,Electronic Arts,0.45,0.3,0,0.05,0.8
10238,Transformers: Devastation,PS3,2015,Action,Activision,0.03,0.07,0,0.02,0.11
487,WWE SmackDown! vs. RAW 2006,PS2,2005,Fighting,THQ,1.45,1.11,0.04,0.33,2.94
4175,Lego Batman 3: Beyond Gotham,WiiU,2014,Action,Warner Bros. Interactive Entertainment,0.23,0.21,0,0.04,0.47
9886,Jeremy McGrath Supercross World,GC,2002,Racing,Acclaim Entertainment,0.09,0.02,0,0,0.12
3398,Kane & Lynch 2: Dog Days,PS3,2010,Shooter,Square Enix,0.17,0.28,0.05,0.1,0.59
9143,Gungrave: Overdose,PS2,2004,Shooter,Play It,0.07,0.05,0,0.02,0.14
8716,Prince of Persia: The Forgotten Sands,DS,2010,Action,Ubisoft,0.14,0.01,0,0.01,0.16
7796,Super Robot Taisen: Scramble Commander,PS2,2003,Strategy,Banpresto,0,0,0.19,0,0.19
2736,Mega Man X5,PS,2000,Platform,Capcom,0.3,0.21,0.2,0.05,0.75
3128,Star Ocean: First Departure,PSP,2007,Role-Playing,Square Enix,0.2,0.14,0.22,0.09,0.65
3737,How to Train Your Dragon,DS,2010,Action,Activision,0.32,0.17,0,0.05,0.54
14209,Crazy Chicken: Star Karts,DS,2008,Racing,Phenomedia,0.03,0,0,0,0.03
3716,Despicable Me: The Game - Minion Mayhem,DS,2010,Puzzle,D3Publisher,0.42,0.09,0,0.04,0.54
12221,Top Gun,PS3,2011,Simulation,505 Games,0.06,0,0,0.01,0.07
12320,Octomania,Wii,2007,Puzzle,Midas Interactive Entertainment,0.06,0,0,0,0.06
855,Harry Potter and the Chamber of Secrets,GBA,2002,Action,Electronic Arts,1.21,0.64,0.05,0.09,1.99
11410,Fatal Frame III: The Tormented,PS2,2005,Action,Take-Two Interactive,0.04,0.03,0,0.01,0.08
2753,X-Men Origins: Wolverine - Uncaged Edition,PS3,2009,Action,Activision,0.31,0.32,0,0.13,0.75
5954,AMF Bowling 2004,XB,2003,Sports,Mud Duck Productions,0.22,0.06,0,0.01,0.3
4057,Epic Mickey: Power of Illusion,3DS,2012,Action,Disney Interactive Studios,0.36,0.04,0.04,0.04,0.49
5346,Naruto Shippuden: Ultimate Ninja Impact,PSP,2011,Fighting,Namco Bandai Games,0.09,0.07,0.15,0.04,0.35
6727,Prince of Persia: The Forgotten Sands,Wii,2010,Action,Ubisoft,0.11,0.11,0,0.02,0.25
9392,Rogue Ops,XB,2003,Action,Kemco,0.1,0.03,0,0,0.13
8316,Hunter: The Reckoning Redeemer,XB,2003,Action,Interplay,0.13,0.04,0,0.01,0.17
12536,Ivy the Kiwi?,Wii,2010,Puzzle,Rising Star Games,0.04,0.02,0,0,0.06
12385,Blur,PC,2010,Racing,Activision,0.01,0.04,0,0.01,0.06
8959,Super Monkey Ball Deluxe,XB,2005,Misc,Sega,0.11,0.03,0,0.01,0.15
9662,Puella Magi Madoka Magica Portable,PSP,2012,Role-Playing,Namco Bandai Games,0,0,0.12,0,0.12
3011,Return to Castle Wolfenstein: Tides of War,XB,2003,Shooter,Activision,0.49,0.16,0,0.02,0.67
2906,Tony Hawk's Underground,GC,2003,Sports,Activision,0.54,0.14,0,0.02,0.7
10895,Uta no Prince-Sama: Debut,PSP,2012,Adventure,Broccoli,0,0,0.09,0,0.09
12971,Metal Slug Anthology,PSP,2007,Shooter,Ignition Entertainment,0.02,0,0.02,0.01,0.05
8094,Tokyo Xtreme Racer DRIFT,PS2,2003,Racing,Genki,0.09,0.07,0,0.02,0.18
11203,Knights in the Nightmare,PSP,2010,Role-Playing,Atlus,0.06,0,0.02,0.01,0.09
115,Medal of Honor: Frontline,PS2,2002,Shooter,Electronic Arts,2.93,2.75,0.17,0.99,6.83
375,Kung Fu,NES,1985,Action,Nintendo,1.64,0.38,1.42,0.06,3.5
6693,Wayne Gretzky's 3D Hockey '98,N64,1997,Sports,Midway Games,0.23,0.02,0,0,0.25
4028,Dragon Quest Heroes: The World's Tree Woe and the Blight Below,PS3,2015,Action,Square Enix,0,0,0.49,0,0.49
382,Assassin's Creed: Unity,XOne,2014,Action,Ubisoft,2.26,0.89,0,0.3,3.46
15515,Soukoku no Kusabi: Hiiro no Kakera 3 - Ashita e no Tobira,PSP,2012,Action,Idea Factory,0,0,0.02,0,0.02
1668,The Lord of the Rings: The Fellowship of the Ring,PS2,2002,Action,Black Label Games,0.59,0.46,0,0.15,1.2
3026,Need For Speed: Undercover,Wii,2008,Racing,Electronic Arts,0.27,0.32,0,0.07,0.67
7072,Naruto Shippuden: Ninja Council 4,DS,2007,Action,Nintendo,0.09,0,0.13,0.01,0.23
16233,Hi Hi Puffy AmiYumi: The Genie & the Amp,DS,2006,Action,D3Publisher,0.01,0,0,0,0.01
16447,Madagascar: Escape 2 Africa,PC,2008,Action,Activision,0.01,0,0,0,0.01
6156,Kung Fu Chaos,XB,2003,Fighting,Microsoft Game Studios,0.21,0.06,0,0.01,0.28
5037,Dora The Explorer: Dora Saves the Snow Princess,PS2,2008,Platform,Take-Two Interactive,0.19,0.15,0,0.05,0.38
8317,The Rise of the Argonauts,X360,2008,Role-Playing,Codemasters,0.03,0.12,0,0.01,0.17
5017,Forza Horizon 3,XOne,2016,Racing,Microsoft Game Studios,0.15,0.2,0,0.03,0.38
984,Madden NFL 25,PS3,2013,Sports,Electronic Arts,1.59,0.03,0,0.15,1.77
9240,Pro Yakyuu Netsu Star 2006,PS2,2006,Sports,Namco Bandai Games,0,0,0.14,0,0.14
11941,Fantasy Aquarium by DS,DS,2008,Simulation,Mercury Games,0.07,0,0,0.01,0.07
15741,Clue / Mouse Trap / Perfection / Aggravation,DS,2006,Misc,Unknown,0.02,0,0,0,0.02
15128,Tokyo Mew Mew,PS,2002,Role-Playing,Takara,0,0,0.02,0,0.02
13974,Chaos Wars,PS2,2006,Strategy,Idea Factory,0,0,0.04,0,0.04
14757,Xblaze: Lost Memories,PSV,2015,Adventure,Arc System Works,0.02,0,0,0.01,0.03
2618,Dead Island: Riptide,X360,2013,Action,Deep Silver,0.44,0.27,0.01,0.07,0.79
4350,F.E.A.R. 3,X360,2011,Shooter,Warner Bros. Interactive Entertainment,0.3,0.11,0.01,0.04,0.45
597,WWE SmackDown vs. RAW 2007,PS2,2006,Fighting,THQ,1.4,0.88,0.03,0.26,2.58
4492,Star Wars: Jedi Starfighter,XB,2002,Simulation,Activision,0.35,0.07,0,0.02,0.44
7715,DS Kageyama Method: Dennou Hanpuku - Masu x Masu Hyaku Masu Keisan,DS,2006,Misc,Shogakukan,0,0,0.2,0,0.2
3626,NCAA Football 07,XB,2006,Sports,Electronic Arts,0.42,0.12,0,0.01,0.56
10878,Raiden Fighters Aces,X360,2008,Shooter,Valcon Games,0.06,0.03,0,0.01,0.09
8987,Drawn to Life Collection,DS,2010,Misc,THQ,0.14,0,0,0.01,0.15
1409,Hasbro Family Game Night 2,Wii,2009,Misc,Electronic Arts,0.71,0.53,0,0.13,1.38
2508,Tony Hawk's Underground 2 Remix,PSP,2005,Sports,Activision,0.46,0.21,0,0.15,0.82
1579,Brian Lara Cricket,PS,1998,Sports,Codemasters,0.02,1.13,0.01,0.1,1.26
12281,BMX XXX,GC,2002,Sports,Acclaim Entertainment,0.05,0.01,0,0,0.06
10659,Silent Scope Complete,XB,2004,Shooter,Konami Digital Entertainment,0.07,0.02,0,0,0.1
3618,G-Force,DS,2009,Action,Disney Interactive Studios,0.27,0.23,0,0.06,0.56
1078,Yoshi's Cookie,GB,1992,Puzzle,Nintendo,0.59,0.24,0.82,0.03,1.68
3908,Rugrats: Scavenger Hunt,N64,1999,Misc,THQ,0.41,0.09,0,0.01,0.51
10683,Kung Fu Panda 2,PS3,2011,Action,THQ,0.04,0.04,0,0.02,0.1
7978,Little Battlers eXperience W,PSP,2012,Role-Playing,Level 5,0,0,0.19,0,0.19
11778,And1 Streetball,XB,2006,Action,Ubisoft,0.06,0.02,0,0,0.07
479,The Sims 4,PC,2014,Simulation,Electronic Arts,0.96,1.72,0,0.29,2.97
14680,Nobunaga no Yabou DS 2,DS,2008,Strategy,Tecmo Koei,0,0,0.03,0,0.03
6684,Mortal Kombat: Armageddon,Wii,2007,Fighting,Midway Games,0.21,0.02,0,0.02,0.25
10557,E·O·E: Eve of Extinction,PS2,2002,Fighting,Eidos Interactive,0.04,0.03,0.02,0.01,0.1
6731,America's Army: Rise of a Soldier,XB,2005,Shooter,Ubisoft,0.19,0.05,0,0.01,0.25
2341,Ace Combat 2,PS,1997,Simulation,Sony Computer Entertainment,0.16,0.11,0.56,0.06,0.89
4343,Sega Rally Revo,X360,2007,Racing,Sega,0.12,0.28,0,0.05,0.45
1157,Dragon Quest V: Hand of the Heavenly Bride,DS,2008,Role-Playing,Square Enix,0.19,0.02,1.36,0.02,1.6
11226,FIFA 12,PS2,2011,Sports,Electronic Arts,0,0.02,0,0.06,0.09
13340,Supreme Commander,PC,2007,Strategy,THQ,0,0.04,0,0.01,0.05
11165,R: Racing Evolution,XB,2003,Racing,Namco Bandai Games,0.06,0.02,0,0,0.09
13069,The Typing of the Dead,DC,2000,Shooter,Sega,0,0,0.05,0,0.05
2079,Disney Infinity,PS3,2013,Action,Disney Interactive Studios,0.48,0.35,0,0.16,1
13843,Blue Roses: Yousei to Aoi Hitomi no Senshitachi,PSP,2010,Adventure,Nippon Ichi Software,0,0,0.04,0,0.04
2381,Derby Stallion II,SNES,1994,Sports,ASCII Entertainment,0,0,0.87,0,0.87
896,The Legend of Zelda: Oracle of Ages,GB,2001,Action,Nintendo,0.92,0.53,0.41,0.06,1.92
7325,Crash 'N' Burn,PS2,2004,Racing,Eidos Interactive,0.11,0.08,0,0.03,0.21
10112,Murakumo: Renegade Mech Pursuit,XB,2002,Shooter,From Software,0.04,0.01,0.06,0,0.11
13061,Yanya Caballista: City Skater,PS2,2001,Sports,Tecmo Koei,0.02,0.02,0,0.01,0.05
11866,Tak: The Great Juju Challenge,XB,2005,Platform,THQ,0.05,0.02,0,0,0.07
5082,Quake 4,X360,2005,Shooter,Activision,0.32,0.03,0,0.03,0.38
9099,Xevious 3D/G+,PS,1997,Shooter,Sony Computer Entertainment,0.01,0.01,0.11,0.01,0.14
16063,"Pachi-Slot Teiou: Golgo 13 Las Vegas (JP sales, but wrong system)",PS2,2002,Misc,Media Entertainment,0,0,0.01,0,0.01
1699,Hitman 2: Silent Assassin,XB,N/A,Action,Eidos Interactive,0.76,0.38,0,0.05,1.19
2728,Harvest Moon: Animal Parade,Wii,2008,Simulation,Rising Star Games,0.6,0.09,0.02,0.05,0.76
756,Tennis,NES,1984,Sports,Nintendo,0.48,0.11,1.56,0.02,2.17
5240,U-Sing,Wii,2009,Misc,Mindscape,0,0.32,0,0.03,0.36
3119,SingStar Pop Hits,PS2,2007,Misc,Sony Computer Entertainment,0,0.5,0,0.15,0.65
12482,World Series of Poker 2008: Battle for the Bracelets,DS,2007,Misc,Activision,0.05,0,0,0,0.06
1951,Mercenaries 2: World in Flames,X360,2008,Shooter,Electronic Arts,0.65,0.3,0.01,0.1,1.06
1780,Tak and the Power of Juju,PS2,2003,Platform,THQ,0.56,0.44,0,0.15,1.15
10646,Fifi and the Flowertots,DS,2009,Misc,Avanquest,0,0.09,0,0.01,0.1
9888,HardBall 5,PS,1996,Sports,SPS,0.07,0.04,0,0.01,0.12
6860,Monster Jam,PS2,2007,Racing,Activision,0.12,0.09,0,0.03,0.24
14905,War Gods,PS,1996,Fighting,GT Interactive,0.01,0.01,0,0,0.03
14268,Rome: Total War - Gold Edition,PC,2006,Strategy,Sega,0,0.03,0,0.01,0.03
7205,Barbie: Groom and Glam Pups,Wii,2010,Action,THQ,0.19,0.02,0,0.01,0.22
593,LittleBigPlanet,PSP,2009,Platform,Sony Computer Entertainment,0.64,1.24,0.01,0.69,2.58
422,Baseball,NES,1983,Sports,Nintendo,0.73,0.1,2.35,0.02,3.2
14471,Nettou! Powerful Koushien,DS,2010,Sports,Konami Digital Entertainment,0,0,0.03,0,0.03
3615,WWE 2K15,XOne,2014,Sports,Take-Two Interactive,0.28,0.23,0,0.04,0.56
2179,South Park: The Stick of Truth,X360,2014,Role-Playing,Ubisoft,0.57,0.3,0,0.08,0.95
6635,Game of Thrones,PS3,2012,Role-Playing,Focus Home Interactive,0.1,0.11,0,0.04,0.25
10624,The Bard's Tale,XB,2004,Role-Playing,Ubisoft,0.08,0.02,0,0,0.1
11304,Air Conflicts: Secret Wars,X360,2011,Simulation,bitComposer Games,0.06,0.02,0,0.01,0.08
5488,Kelly Slater's Pro Surfer,PS2,2002,Sports,Activision,0.16,0.13,0,0.04,0.33
14866,Open Season,PS2,2006,Platform,Ubisoft,0.01,0.01,0,0,0.03
686,Grand Theft Auto,PS,1997,Action,Take-Two Interactive,0.79,1.35,0.04,0.14,2.32
14614,Race Driver 2006,PSP,2006,Racing,Codemasters,0.03,0,0,0,0.03
