Rank,Name,Platform,Year,Genre,Publisher,NA_Sales,EU_Sales,JP_Sales,Other_Sales,Global_Sales
11603,Mission Runway,DS,2008,Simulation,Eidos Interactive,0.07,0.01,0,0.01,0.08
6295,Hatsune Miku: Project Diva f,PS3,2013,Misc,Sega,0.08,0,0.19,0.01,0.27
15764,One Piece Mansion,PS,2001,Action,Capcom,0.01,0.01,0,0,0.02
15165,Zathura,XB,2005,Adventure,Take-Two Interactive,0.02,0,0,0,0.02
11334,SaGa 3: Jikuu no Hasha - Shadow or Light,DS,2011,Role-Playing,Square Enix,0,0,0.08,0,0.08
12244,Walt Disney Pictures Presents Enchanted,DS,2007,Platform,Disney Interactive Studios,0.04,0.01,0,0.01,0.07
6332,Yu-Gi-Oh! The Sacred Cards (JP weekly sales),GBA,2002,Role-Playing,Konami Digital Entertainment,0,0,0.26,0.01,0.27
7932,F1 2011,PC,2011,Racing,Codemasters,0,0.15,0,0.04,0.19
3851,IL-2 Sturmovik: Birds of Prey,X360,2009,Simulation,505 Games,0.23,0.24,0,0.05,0.52
170,Final Fantasy XIII,PS3,2009,Role-Playing,Square Enix,1.74,1.24,1.87,0.52,5.36
4962,Super Famista 3,SNES,1994,Sports,Namco Bandai Games,0,0,0.39,0,0.39
15037,PDC World Championship Darts: Pro Tour,X360,2010,Sports,O-Games,0,0.02,0,0,0.02
2535,Ready 2 Rumble Boxing: Round 2,PS2,2000,Fighting,Midway Games,0.4,0.31,0,0.1,0.81
4706,Farming Simulator 2015,X360,2015,Simulation,Koch Media,0.21,0.16,0,0.04,0.41
4182,"Warhammer 40,000: Dawn of War II",PC,2009,Strategy,THQ,0,0.45,0,0.02,0.47
27,Pokemon Black/Pokemon White,DS,2010,Role-Playing,Nintendo,5.57,3.28,5.65,0.82,15.32
1346,NCAA Football 2003,PS2,2002,Sports,Electronic Arts,1.16,0.08,0,0.19,1.44
8204,My French Coach,DS,2007,Misc,Ubisoft,0.15,0.02,0,0.01,0.18
15081,HatsuKare * Renai Debut Sengen!,PSP,2013,Adventure,FuRyu,0,0,0.02,0,0.02
13405,City Life: World Edition,PC,2007,Simulation,Monte Christo Multimedia,0,0.04,0,0.01,0.05
5887,Monster Truck Madness 64,N64,1999,Racing,Take-Two Interactive,0.24,0.06,0,0,0.3
15904,Games Explosion!,GBA,2006,Action,THQ,0.01,0,0,0,0.02
12761,Roogoo Twisted Towers,Wii,2009,Puzzle,SouthPeak Games,0.05,0,0,0,0.06
5050,Dai-4-Ji Super Robot Taisen,SNES,1995,Strategy,Banpresto,0,0,0.38,0,0.38
6999,Carnival Island,PS3,2011,Misc,Sony Computer Entertainment,0.13,0.06,0,0.04,0.23
924,Donkey Kong Country Returns,3DS,2013,Platform,Nintendo,0.73,0.62,0.4,0.12,1.87
14337,Classic Dungeon: Fuyoku no Masoujin,PSP,2010,Role-Playing,Nippon Ichi Software,0,0,0.03,0,0.03
5,Pokemon Red/Pokemon Blue,GB,1996,Role-Playing,Nintendo,11.27,8.89,10.22,1,31.37
15360,Saki: Achiga-Hen Portable,PSP,2013,Adventure,Alchemist,0,0,0.02,0,0.02
857,SimCity,SNES,1991,Simulation,Nintendo,0.93,0.27,0.75,0.04,1.98
2316,Samba De Amigo,Wii,2008,Misc,Sega,0.42,0.37,0.01,0.1,0.9
15026,Brothers in Arms: Hell's Highway,PC,2008,Shooter,Ubisoft,0,0.02,0,0,0.02
128,The Legend of Zelda,NES,1986,Action,Nintendo,3.74,0.93,1.69,0.14,6.51
4179,Shadowrun,X360,2007,Role-Playing,Microsoft Game Studios,0.41,0.02,0,0.04,0.47
13882,Glacier2,Wii,2009,Racing,Zoo Games,0.04,0,0,0,0.04
13660,Heroes of Might and Magic V,PC,2006,Strategy,Ubisoft,0,0.03,0,0.01,0.04
1910,DiRT 3,PS3,2011,Racing,Codemasters,0.27,0.59,0.01,0.21,1.08
776,Project Gotham Racing,XB,2001,Racing,Microsoft Game Studios,1.37,0.61,0.05,0.09,2.12
13172,Pro Cycling Manager 2016,PS4,2016,Sports,Focus Home Interactive,0,0.04,0,0.01,0.05
14656,Age of Conan: Rise of the Godslayer,PC,2010,Role-Playing,Funcom,0,0.02,0,0,0.03
7810,Avatar: The Last Airbender - Into the Inferno,Wii,2008,Adventure,THQ,0.17,0.01,0,0.01,0.19
461,Epic Mickey,Wii,2010,Platform,Disney Interactive Studios,2.06,0.64,0.12,0.22,3.04
16550,Bookworm Deluxe,PC,2006,Puzzle,PopCap Games,0.01,0,0,0,0.01
1546,Army Men 3D,PS,1999,Action,3DO,1.1,0.14,0,0.04,1.28
5725,Barbie as The Island Princess,DS,2007,Adventure,Activision,0.28,0.01,0,0.02,0.31
12106,The Putter Golf,PS,2001,Sports,D3Publisher,0.04,0.03,0,0,0.07
5584,Batman: Arkham Origins,PC,2013,Action,Warner Bros. Interactive Entertainment,0.13,0.16,0,0.04,0.32
4484,Nicktoons: Attack of the Toybots,Wii,2007,Platform,THQ,0.4,0,0,0.03,0.44
3566,Ms. Pac-Man Maze Madness,GBA,2004,Puzzle,Zoo Digital Publishing,0.4,0.15,0,0.01,0.56
483,Hitman 2: Silent Assassin,PS2,2002,Action,Eidos Interactive,1.36,1.15,0.04,0.41,2.96
7870,Tottadoo! Yoiko no Mujintou Seikatsu,DS,2008,Adventure,Namco Bandai Games,0,0,0.19,0,0.19
13969,Winning Post 8,PSV,2014,Racing,Tecmo Koei,0,0,0.04,0,0.04
2461,Xenoblade Chronicles X,WiiU,2015,Role-Playing,Nintendo,0.36,0.28,0.14,0.06,0.84
12797,Tom Clancy's Rainbow Six 3,GC,2004,Shooter,Ubisoft,0.04,0.01,0,0,0.06
13388,Fantastic Four: Rise of the Silver Surfer,Wii,2007,Action,Take-Two Interactive,0.04,0.01,0,0,0.05
15378,Chuugen no Hasha: Sangoku Shouseiden,PSP,2006,Strategy,Namco Bandai Games,0,0,0.02,0,0.02
14455,Peak Performance,PS,1997,Racing,JVC,0.02,0.01,0,0,0.03
13551,Castle of Shikigami III,Wii,2007,Shooter,PQube,0.04,0,0,0,0.04
1077,LEGO Batman 2: DC Super Heroes,X360,2012,Action,Warner Bros. Interactive Entertainment,0.9,0.64,0,0.15,1.68
1620,Guitar Hero: Aerosmith,X360,2008,Misc,Activision,1,0.14,0,0.1,1.23
104,Battlefield 3,PS3,2011,Shooter,Electronic Arts,2.85,2.93,0.35,1.1,7.23
10558,Pro Evolution Soccer 2016,XOne,2015,Sports,Konami Digital Entertainment,0.03,0.06,0,0.01,0.1
10620,Choujikuu Yousai Macross: Ai Oboete Imasu ka,SAT,1997,Shooter,Namco Bandai Games,0,0,0.1,0,0.1
12368,Mystic Heroes,PS2,2002,Action,Tecmo Koei,0.03,0.02,0,0.01,0.06
16317,Really? Really! DS,DS,2009,Adventure,Kadokawa Shoten,0,0,0.01,0,0.01
2580,All Star Cheer Squad,Wii,2008,Sports,THQ,0.43,0.29,0,0.08,0.8
10738,Blast Chamber,PS,1996,Shooter,Activision,0.05,0.04,0,0.01,0.1
11930,Mahjong Fight Club DS: Wi-Fi Taiou,DS,2006,Misc,Konami Digital Entertainment,0,0,0.07,0,0.07
7914,Harry Potter and the Prisoner of Azkaban,XB,2004,Action,Electronic Arts,0.14,0.04,0,0.01,0.19
13434,Pool Hall Pro,Wii,2009,Sports,Playlogic Game Factory,0.04,0,0,0,0.05
4214,World Series of Poker,PS2,2005,Misc,Activision,0.39,0.01,0,0.06,0.47
11297,SeaWorld Adventure Parks: Shamu's Deep Sea Adventure,GBA,2005,Adventure,Activision,0.06,0.02,0,0,0.08
7647,Untold Legends: Dark Kingdom,PS3,2006,Role-Playing,Electronic Arts,0.14,0.02,0.02,0.02,0.2
871,Kirby Squeak Squad,DS,2006,Platform,Nintendo,0.79,0.03,1.05,0.08,1.96
2103,Shadow The Hedgehog,GC,2005,Platform,Sega,0.76,0.2,0,0.03,0.99
8852,The Legend of Heroes: Trails of Cold Steel II,PSV,2014,Role-Playing,Nippon Ichi Software,0.02,0,0.13,0.01,0.15
14948,Warhammer Online: Age of Reckoning,PC,2008,Role-Playing,GOA,0,0.02,0,0,0.02
1537,Mystery Case Files: MillionHeir,DS,2008,Adventure,Nintendo,0.76,0.4,0,0.12,1.29
8695,Kingdom Hearts: Birth by Sleep - Final Mix,PSP,2011,Role-Playing,Square Enix,0,0,0.16,0,0.16
11767,Generator Rex: Agent of Providence,PS3,2011,Action,Activision,0.05,0.01,0,0.01,0.07
12859,Saki: Zenkoku-hen,PSV,2015,Misc,Kaga Create,0,0,0.05,0,0.05
8381,Hot Wheels: Beat That!,X360,2007,Racing,Activision,0.15,0,0,0.01,0.17
6994,Test Drive: Eve of Destruction,PS2,2004,Racing,Atari,0.11,0.09,0,0.03,0.23
9353,Blade II,XB,2002,Action,Activision,0.1,0.03,0,0,0.13
4817,Samurai Shodown,SNES,1994,Fighting,Takara,0,0,0.4,0,0.4
9315,Pro Evolution Soccer 2015,XOne,2014,Sports,Konami Digital Entertainment,0.02,0.1,0,0.01,0.14
9491,TRON: Evolution,PSP,2010,Action,Disney Interactive Studios,0.09,0.02,0,0.02,0.13
3982,Fortune Street,Wii,2011,Misc,Nintendo,0.27,0.04,0.17,0.02,0.5
7596,Treasure World,DS,2009,Simulation,Aspyr,0.19,0,0,0.01,0.2
8920,Capcom Classics Collection,XB,2005,Misc,Capcom,0.11,0.03,0,0.01,0.15
16392,WSC REAL 09: World Snooker Championship,X360,2009,Sports,Deep Silver,0,0.01,0,0,0.01
10925,Brain Age: Concentration Training,3DS,2012,Puzzle,Nintendo,0.09,0,0,0.01,0.09
13267,2002 FIFA World Cup,GC,2002,Sports,Electronic Arts,0.04,0.01,0,0,0.05
400,Professor Layton and the Unwound Future,DS,2008,Puzzle,Nintendo,0.65,1.61,0.82,0.28,3.36
4005,Dynasty Warriors: Gundam 2,PS3,2008,Action,Namco Bandai Games,0.09,0.07,0.32,0.03,0.5
13688,Lost Planet 3,PC,2013,Shooter,Capcom,0,0.03,0,0.01,0.04
15310,The Lord of the Rings Online: Mines of Moria,PC,2008,Role-Playing,Codemasters Online,0,0.02,0,0,0.02
6901,Hello Kitty Seasons,Wii,2010,Adventure,Namco Bandai Games,0.16,0.06,0,0.02,0.24
16253,Strider (2014),PS3,2014,Platform,Capcom,0,0,0.01,0,0.01
6047,Madden NFL 08,XB,2007,Sports,Electronic Arts,0.22,0.06,0,0.01,0.29
7241,Nickelodeon Party Blast,XB,2002,Misc,Infogrames,0.16,0.05,0,0.01,0.22
8420,Blood Bowl,X360,2009,Sports,Focus Home Interactive,0.13,0.03,0,0.01,0.17
12616,Dance Sensation!,Wii,2010,Misc,Majesco Entertainment,0.06,0,0,0,0.06
7928,SoulCalibur Legends,Wii,2007,Action,Namco Bandai Games,0.16,0.01,0,0.01,0.19
141,Gears of War 3,X360,2011,Shooter,Microsoft Game Studios,4.05,1.62,0.07,0.49,6.24
8610,Ener-G Horse Riders,DS,2008,Sports,Ubisoft,0.14,0.01,0,0.01,0.16
11005,DaGeDar,DS,2011,Action,GameMill Entertainment,0.09,0,0,0.01,0.09
3944,Guitar Hero Live,XOne,2015,Misc,Activision,0.29,0.17,0,0.05,0.51
9468,Sally's Salon,DS,2008,Simulation,Capcom,0.12,0,0,0.01,0.13
10604,Lord of Apocalypse,PSV,2011,Role-Playing,Square Enix,0,0,0.1,0,0.1
7923,Arcania: Gothic 4,PC,2010,Role-Playing,JoWood Productions,0.09,0.08,0,0.02,0.19
4696,Mobile Suit Gundam: Gundam vs. Gundam NEXT PLUS,PSP,2009,Fighting,Namco Bandai Games,0,0,0.41,0,0.41
1119,Ghosts 'n Goblins,NES,1986,Action,Capcom,0.74,0.26,0.61,0.03,1.64
16062,Alfa Romeo Racing Italiano,PS2,2005,Racing,Black Bean Games,0.01,0.01,0,0,0.01
10704,Ride,XOne,2015,Racing,Milestone S.r.l.,0.04,0.05,0,0.01,0.1
4385,Final Fantasy Collection,PS,1999,Role-Playing,Square,0,0,0.42,0.03,0.45
8346,Time and Eternity,PS3,2012,Role-Playing,Nippon Ichi Software,0.06,0.03,0.06,0.02,0.17
12661,Hajime no Ippo Portable: Victorious Spirits,PSP,2007,Fighting,Grand Prix Games,0,0,0.06,0,0.06
11451,Kaidan Restaurant: Ura Menu 100-Sen,DS,2010,Misc,Namco Bandai Games,0,0,0.08,0,0.08
5211,North American Hunting Extravaganza,Wii,2008,Sports,Zushi Games,0.33,0,0,0.03,0.36
3871,Petz: Hamsterz Life 2,DS,2007,Misc,Ubisoft,0.48,0,0,0.04,0.52
5456,Street Fighter Alpha 3 MAX,PSP,2006,Fighting,Capcom,0.27,0.01,0.02,0.03,0.33
13878,Holly Hobbie & Friends,DS,2007,Misc,Majesco Entertainment,0.04,0,0,0,0.04
3379,Major League Baseball 2K7,PS2,2007,Sports,Spike,0.29,0.23,0,0.08,0.6
13268,Colin McRae Rally 2005,XB,2004,Racing,Codemasters,0.04,0.01,0,0,0.05
5298,One Piece: Gigant Battle 2 Shin Sekai,DS,2011,Fighting,Namco Bandai Games,0,0,0.35,0,0.35
12795,Imagine: Party Planner,DS,2009,Simulation,Ubisoft,0.05,0,0,0,0.06
11167,Bomberman Land Touch!,DS,2006,Puzzle,Rising Star Games,0.04,0,0.04,0,0.09
11106,No More Heroes: Red Zone,PS3,2011,Action,Marvelous Interactive,0,0,0.09,0,0.09
1152,Dollar Dash,PS2,2005,Action,Take-Two Interactive,1.3,0.23,0,0.07,1.6
10871,Field & Stream: Total Outdoorsman Challenge,X360,2010,Sports,505 Games,0.09,0,0,0.01,0.09
15850,Final Fantasy XI: All-In-One Pack 2006,X360,2006,Role-Playing,Square Enix,0,0,0.02,0,0.02
9058,Ford Racing Off Road,PSP,2008,Racing,Xplosiv,0.05,0.08,0,0.02,0.14
2824,Style Savvy: Trendsetters,3DS,2012,Simulation,Nintendo,0.16,0.02,0.53,0.01,0.72
13320,Naruto: Uzumaki Chronicles 2 (JP sales),PS2,2006,Action,Namco Bandai Games,0,0,0.05,0,0.05
6322,The Adventures of Tintin: The Game,PS3,2011,Action,Ubisoft,0.06,0.16,0,0.05,0.27
8029,Evolve,PC,2015,Shooter,Take-Two Interactive,0.07,0.1,0,0.01,0.18
7064,Family Fest presents: Movie Games,Wii,2008,Action,Ubisoft,0.2,0.01,0,0.02,0.23
5619,Naruto: Ultimate Ninja (JP sales),PS2,2003,Fighting,Atari,0,0,0.32,0,0.32
6075,BlazBlue: Chrono Phantasma,PS3,2013,Fighting,Arc System Works,0.13,0,0.14,0.02,0.29
701,Yokai Watch Busters,3DS,2015,Action,Level 5,0,0,2.28,0,2.28
10870,Altered Beast: Guardian of the Realms,GBA,2002,Action,THQ,0.07,0.02,0,0,0.09
6062,Dynasty Tactics,PS2,2002,Strategy,Tecmo Koei,0.06,0.05,0.16,0.02,0.29
4352,Plants vs. Zombies: Garden Warfare 2,PS4,2016,Shooter,Electronic Arts,0.17,0.21,0,0.07,0.45
13872,Sega Rally 2006,PS2,N/A,Racing,Unknown,0,0,0.04,0,0.04
15829,Exhibition Volume 6,XB,2004,Misc,Microsoft Game Studios,0.01,0,0,0,0.02
12973,Game no Kanzume Vol 2,SCD,1994,Misc,Sega,0,0,0.05,0,0.05
15763,Discworld II: Mortality Bytes!,PS,1996,Adventure,Psygnosis,0.01,0.01,0,0,0.02
8549,Yu-Gi-Oh! 5D's Tag Force 6,PSP,2011,Strategy,Konami Digital Entertainment,0,0,0.16,0,0.16
10176,Machinarium,PC,2009,Adventure,Daedalic,0,0.09,0,0.02,0.11
6998,The Club,PS3,2008,Shooter,Sega,0.14,0.07,0,0.03,0.23
12160,Heroes Phantasia,PSP,2012,Role-Playing,Namco Bandai Games,0,0,0.07,0,0.07
2073,NBA Live 97,PS,1996,Sports,Electronic Arts,0.55,0.38,0,0.07,1
15686,Machi: Unmei no Kousaten,PSP,2006,Adventure,ChunSoft,0,0,0.02,0,0.02
7958,The Scorpion King: Sword of Osiris,GBA,2002,Action,Vivendi Games,0.13,0.05,0,0,0.19
2867,Resident Evil: Survivor,PS,2000,Action,Eidos Interactive,0.23,0.15,0.29,0.05,0.71
9071,Monster Lab,DS,2008,Role-Playing,Eidos Interactive,0.12,0.01,0,0.01,0.14
10621,Vanishing Point,PS,2001,Racing,Acclaim Entertainment,0.06,0.04,0,0.01,0.1
12379,Star Trek: Tactical Assault,DS,2006,Strategy,Ubisoft,0.05,0.01,0,0,0.06
15621,Ben 10 Omniverse 2,3DS,2013,Action,Namco Bandai Games,0,0.02,0,0,0.02
463,Rayman,PS,1995,Platform,Ubisoft,1.54,1.33,0,0.16,3.03
7178,Petz Rescue: Endangered Paradise,DS,2008,Adventure,Ubisoft,0.21,0,0,0.02,0.22
9911,Etrian Odyssey V,3DS,2016,Role-Playing,Atlus,0,0,0.12,0,0.12
1151,Moshi Monsters: Moshling Zoo,DS,2011,Misc,Activision,0.4,0.99,0,0.22,1.6
14854,Monster Mayhem: Build and Battle,Wii,2009,Simulation,Zushi Games,0.02,0,0,0,0.03
587,Harry Potter and the Chamber of Secrets,PS2,2002,Action,Electronic Arts,0.9,1.22,0.04,0.44,2.61
14154,Trap Gunner: Countdown to Oblivion,PS,1998,Strategy,Konami Digital Entertainment,0.02,0.01,0,0,0.03
15124,Test Drive Unlimited,PC,2007,Racing,Atari,0,0.02,0,0,0.02
6367,Resident Evil: Revelations,X360,2013,Action,Capcom,0.12,0.11,0.02,0.02,0.27
1586,Star Wars: The Force Unleashed,PS2,2008,Action,LucasArts,0.49,0,0.01,0.75,1.25
4579,NHL 2K6,PS2,2005,Sports,Take-Two Interactive,0.21,0.16,0,0.05,0.42
4396,WWE Day of Reckoning,GC,2004,Fighting,THQ,0.35,0.09,0,0.01,0.45
12457,Big Bang Mini,DS,2009,Shooter,SouthPeak Games,0.05,0,0,0,0.06
14755,Star Wars The Clone Wars: Republic Heroes,PC,2009,Action,LucasArts,0,0.02,0,0,0.03
6978,Saint Seiya: Sanctuary Battle,PS3,2011,Action,Namco Bandai Games,0,0.09,0.11,0.03,0.23
12400,Taiko no Tatsujin: Atsumete Tomodachi Daisakusen!,WiiU,2015,Misc,Namco Bandai Games,0,0,0.06,0,0.06
9462,Romance of the Three Kingdoms IV: Wall of Fire,PS,1995,Strategy,Tecmo Koei,0.05,0.03,0.04,0.01,0.13
1895,NASCAR Thunder 2004,PS2,2003,Racing,Electronic Arts,0.53,0.41,0,0.14,1.08
6983,Cross Edge,PS3,2008,Role-Playing,Nippon Ichi Software,0.14,0.02,0.05,0.02,0.23
5119,Tiger Woods PGA Tour 12: The Masters,Wii,2011,Sports,Electronic Arts,0.21,0.13,0,0.03,0.37
6631,World Series of Poker,XB,2005,Misc,Activision,0.19,0.05,0,0.01,0.25
13228,Downtown no Gaki no Tsukai Yaarahen de!! Zettai ni Tsukamatte Haikenai Gasu Kurobikari Land,3DS,2015,Action,Alchemist,0,0,0.05,0,0.05
1764,Omerta: City of Gangsters,PS3,2011,Simulation,Konami Digital Entertainment,0.52,0.46,0,0.17,1.15
7339,Speed Racer: The Videogame,PS2,2008,Racing,Warner Bros. Interactive Entertainment,0.1,0.08,0,0.03,0.21
8109,Burnout Legends,DS,2005,Racing,Electronic Arts,0.15,0.02,0,0.01,0.18
5659,Dragster,2600,N/A,Racing,Activision,0.3,0.02,0,0,0.32
15751,Just Cause,PC,2006,Action,Eidos Interactive,0,0.01,0,0,0.02
10509,Zombie Army Trilogy,XOne,2015,Shooter,Rebellion Developments,0.04,0.05,0,0.01,0.1
14060,Cook Wars,Wii,2009,Misc,Ubisoft,0.03,0,0,0,0.04
8252,Cabela's Big Game Hunter: Hunting Party,X360,2011,Sports,Activision,0.16,0,0,0.01,0.17
1969,Skylanders: Trap Team,Wii,2014,Action,Activision,0.42,0.54,0,0.08,1.05
4896,Bump 'n' Jump,2600,1982,Racing,Mattel Interactive,0.37,0.02,0,0,0.39
11174,Team Elimination Games,Wii,2009,Misc,Ubisoft,0.08,0,0,0.01,0.09
690,Chrono Trigger,SNES,1995,Role-Playing,SquareSoft,0.28,0,2.02,0.01,2.31
491,WarioWare: Smooth Moves,Wii,2006,Puzzle,Nintendo,0.87,1.06,0.73,0.26,2.92
11395,FIFA Soccer 2005,GBA,2004,Sports,Electronic Arts,0.06,0.02,0,0,0.08
9763,Megamind: Ultimate Showdown,X360,2010,Action,THQ,0.07,0.04,0,0.01,0.12
2759,Borderlands: The Pre-Sequel,X360,2014,Shooter,Take-Two Interactive,0.46,0.22,0.01,0.06,0.75
3405,BurgerTime,2600,1981,Puzzle,Mattel Interactive,0.55,0.03,0,0.01,0.59
15639,Haneru no Tobira Wii: Girigirissu,Wii,2007,Misc,Namco Bandai Games,0,0,0.02,0,0.02
8926,Pac-Man World 3,XB,2005,Platform,Namco Bandai Games,0.11,0.04,0,0.01,0.15
9887,Uta no * Prince-Sama: All Star,PSP,2013,Action,Broccoli,0,0,0.12,0,0.12
4461,Petz: Horsez 2,DS,2007,Simulation,Ubisoft,0.41,0,0,0.03,0.44
12206,Gambler Densetsu Tetsuya,PS2,2001,Adventure,Athena,0,0,0.07,0,0.07
11525,Lost Dimension,PS3,2014,Role-Playing,Nippon Ichi Software,0.05,0.01,0,0.01,0.08
6780,Trials Fusion,XOne,2014,Racing,Ubisoft,0.12,0.1,0,0.02,0.24
15205,Tale of a Hero,PC,2010,Adventure,Daedalic,0,0.02,0,0.01,0.02
13626,Amagami,PSV,2014,Adventure,Kadokawa Games,0,0,0.04,0,0.04
419,Madden NFL 16,PS4,2015,Sports,Electronic Arts,2.33,0.3,0,0.59,3.22
14957,Steel Battalion: Line of Contact,XB,2004,Simulation,Capcom,0.02,0.01,0,0,0.02
15298,Casper: Spirit Dimensions,GC,2002,Platform,TDK Mediactive,0.02,0,0,0,0.02
2852,Monster Hunter Tri,WiiU,2012,Role-Playing,Nintendo,0.26,0.19,0.22,0.04,0.72
8789,Bigfoot: Collision Course,DS,2009,Racing,Zoo Digital Publishing,0.14,0,0,0.01,0.15
1411,Gardening Mama,DS,2009,Puzzle,505 Games,0.8,0.43,0.01,0.13,1.38
3065,NHL 10,X360,2009,Sports,Electronic Arts,0.51,0.1,0,0.06,0.66
11936,Homie Rollerz,DS,2008,Racing,Destineer,0.07,0,0,0.01,0.07
11016,Sega Casino,DS,2005,Misc,Sega,0.08,0,0,0.01,0.09
9486,Rango: The Video Game,X360,2011,Action,Electronic Arts,0.06,0.06,0,0.01,0.13
10034,Girl Time,DS,2009,Simulation,THQ,0.11,0,0,0.01,0.11
11111,The Mummy: Tomb of the Dragon Emperor,DS,2008,Action,Vivendi Games,0.08,0,0,0.01,0.09
12029,Alpha and Omega,DS,2010,Action,Unknown,0.06,0,0,0,0.07
11158,Jumper: Griffin's Story,Wii,2008,Action,Eidos Interactive,0.08,0,0,0.01,0.09
4243,Kessen II,PS2,2001,Strategy,THQ,0.13,0.1,0.2,0.03,0.46
13768,Antz Extreme Racing,PS2,2002,Racing,Empire Interactive,0.02,0.02,0,0.01,0.04
15155,18 Wheels of Steel: Extreme Trucker,PC,2009,Racing,Rondomedia,0,0.02,0,0,0.02
1536,Guitar Hero: Aerosmith,Wii,2008,Misc,Activision,1.04,0.14,0,0.1,1.29
10790,Castlevania Double Pack,GBA,2006,Platform,Konami Digital Entertainment,0.07,0.03,0,0,0.1
14213,M&Ms Shell Shocked,PS,2001,Action,Berkeley,0.02,0.01,0,0,0.03
7217,Imagine: Boutique Owner,DS,2009,Simulation,Ubisoft,0.2,0,0,0.02,0.22
9539,NBA 08,PS2,2007,Sports,Sony Computer Entertainment,0.06,0.05,0,0.02,0.13
13492,Dead Island Definitive Collection,XOne,2016,Action,Deep Silver,0.02,0.02,0,0,0.04
16528,Blazer Drive,DS,2008,Role-Playing,Sega,0,0,0.01,0,0.01
8163,Tomb Raider: Underworld,PS2,2009,Action,Eidos Interactive,0.09,0.04,0,0.05,0.18
9875,Onimusha: Blade Warriors,PS2,2003,Fighting,Capcom,0.06,0.05,0,0.02,0.12
16491,Bomberman,Wii,2008,Puzzle,Hudson Entertainment,0,0,0.01,0,0.01
13618,The Sims 2: Pets,PC,2006,Simulation,Electronic Arts,0.01,0.02,0,0.01,0.04
4534,Mischief Makers,N64,1997,Platform,Nintendo,0.25,0.06,0.07,0.06,0.43
5238,Dance Dance Revolution 3rdMix,PS,2000,Simulation,Konami Digital Entertainment,0,0,0.33,0.02,0.36
7975,J-League Pro Soccer Club o Tsukurou! 5,PS2,2007,Sports,Sega,0,0,0.19,0,0.19
10670,Kiku! Kaku! Kotoba o Fuyasu! Hajimete no Eigo Training,DS,2007,Misc,Benesse,0,0,0.1,0,0.1
1012,Kirby's Adventure,NES,1993,Platform,Nintendo,0.79,0.14,0.8,0.02,1.75
734,Devil May Cry 3: Dante's Awakening Special Edition,PS2,2006,Action,Capcom,1.06,0.82,0.05,0.28,2.21
1203,Spider-Man 2: Enter: Electro,PS,2001,Action,Activision,0.57,0.87,0.02,0.09,1.55
13743,Rally Challenge 2000,N64,1999,Racing,Imagineer,0.03,0.01,0,0,0.04
7895,Cabela's Survival: Shadows of Katmai,PS3,2011,Sports,Activision,0.11,0.05,0,0.03,0.19
7558,Spectrobes: Origins,Wii,2009,Role-Playing,Disney Interactive Studios,0.16,0.02,0,0.02,0.2
163,Super Mario Advance,GBA,2001,Platform,Nintendo,3.14,1.24,0.91,0.2,5.49
12382,Sudoku Ball Detective,DS,2009,Puzzle,Playlogic Game Factory,0.06,0,0,0,0.06
9714,Wild ARMs 5 (jp sales),PS2,2006,Role-Playing,505 Games,0,0,0.12,0,0.12
14484,Power Rangers Super Megaforce,3DS,2014,Action,Namco Bandai Games,0.01,0.01,0,0,0.03
5467,Ultimate Marvel vs. Capcom 3,PSV,2011,Fighting,Capcom,0.2,0.09,0,0.05,0.33
8654,Sniper: Ghost Warrior,PC,2010,Shooter,City Interactive,0,0.13,0,0.03,0.16
6357,Fantastic 4,XB,2005,Action,Activision,0.2,0.06,0,0.01,0.27
1830,Guitar Hero 5,PS2,2009,Misc,Activision,0.28,0.3,0,0.54,1.12
7317,Cabela's Big Game Hunter: Ultimate Challenge,PS,2001,Sports,Activision Value,0.12,0.08,0,0.01,0.21
14296,Foto Showdown,DS,2010,Role-Playing,Unknown,0.03,0,0,0,0.03
3216,Metroid Prime: Trilogy,Wii,2009,Shooter,Nintendo,0.43,0.05,0,0.14,0.63
7271,Rugby 2004,PS2,2003,Sports,Electronic Arts,0.11,0.08,0,0.03,0.22
15355,Hakuoki: Shinkai - Furi no Shou,PSV,2015,Action,Idea Factory,0,0,0.02,0,0.02
85,GoldenEye 007,N64,1997,Shooter,Nintendo,5.8,2.01,0.13,0.15,8.09
12947,Dynamite Headdy,GEN,1993,Platform,Sega,0,0,0.05,0,0.05
14389,Stacked with Daniel Negreanu,XB,2006,Misc,Myelin Media,0.02,0.01,0,0,0.03
12239,Hasbro Family Game Night Fun Pack,X360,2011,Misc,Electronic Arts,0.06,0,0,0,0.07
3968,Chopper Command,2600,1982,Shooter,Activision,0.47,0.03,0,0.01,0.5
8648,Darksiders II,WiiU,2012,Action,THQ,0.07,0.07,0,0.01,0.16
16511,The Rise of the Argonauts,PC,2008,Role-Playing,Codemasters,0,0.01,0,0,0.01
9677,Disney Sing It: Party Hits,PS3,2010,Misc,Disney Interactive Studios,0.1,0.01,0,0.01,0.12
3005,Country Dance,Wii,2011,Misc,Funbox Media,0.59,0.04,0,0.04,0.68
12774,Meitantei Conan: Tantei Ryoku Trainer,DS,2007,Misc,Namco Bandai Games,0,0,0.06,0,0.06
15990,Blackthorne,GBA,2003,Action,Activision,0.01,0,0,0,0.01
12803,Cabela's Big Game Hunter 2005 Adventures,GBA,2004,Sports,Activision,0.04,0.01,0,0,0.06
427,Dragon Quest VI: Maboroshi no Daichi,SNES,1995,Role-Playing,Enix Corporation,0,0,3.19,0,3.19
16334,Rondo of Swords (jp sales),DS,2007,Role-Playing,Success,0,0,0.01,0,0.01
5239,Ryu Ga Gotoku Kenzan!,PS3,2008,Adventure,Sega,0,0,0.36,0,0.36
15380,The Sims 2: Happy Holiday Stuff,PC,2006,Simulation,Electronic Arts,0.01,0.01,0,0,0.02
2522,Rocket Power: Beach Bandits,PS2,2002,Platform,THQ,0.4,0.31,0,0.1,0.82
5008,Sega Superstars Tennis,PS2,2008,Sports,Sega,0.1,0,0,0.28,0.38
13127,Dead in the Water,PS,1999,Action,ASC Games,0.03,0.02,0,0,0.05
2928,Ape Escape: On the Loose,PSP,2005,Platform,Sony Computer Entertainment,0.52,0.01,0.12,0.05,0.7
5105,Mini Ninjas,Wii,2009,Action,Eidos Interactive,0.17,0.17,0,0.04,0.37
8649,Dragon's Lair Trilogy,Wii,2010,Adventure,Destineer,0.15,0,0,0.01,0.16
10027,Retro Game Challenge,DS,2007,Action,Namco Bandai Games,0,0,0.11,0,0.11
11674,Pac-Man World 3,PSP,2005,Platform,Namco Bandai Games,0.07,0,0,0.01,0.08
9828,Dora the Explorer: Dora Saves the Mermaids,PS2,2008,Platform,Take-Two Interactive,0.06,0.05,0,0.02,0.12
11336,Phantom Brave: The Hermuda Triangle,PSP,2010,Role-Playing,Nippon Ichi Software,0.05,0,0.03,0.01,0.08
1195,LEGO Marvel Super Heroes,PS4,2013,Action,Warner Bros. Interactive Entertainment,0.59,0.75,0.01,0.21,1.56
4395,Defender II,2600,1987,Shooter,Atari,0.42,0.02,0,0,0.45
6015,Hamster Club 4: Shigessa Daidassou,GBA,2003,Simulation,Jorudan,0,0,0.28,0.01,0.29
9890,MLB Inside Pitch 2003,XB,2003,Sports,Microsoft Game Studios,0.09,0.03,0,0,0.12
12371,Tron 2.0: Killer App,GBA,2004,Action,Disney Interactive Studios,0.04,0.02,0,0,0.06
11747,Boku no Natsuyasumi Portable 2: Nazo Nazo Shimai to Chinbotsusen no Himitsu,PSP,2010,Adventure,Sony Computer Entertainment,0,0,0.07,0,0.07
11755,Buster Bros. Collection,PS,1997,Puzzle,Capcom,0.04,0.03,0,0,0.07
13536,Conflict: Desert Storm II - Back to Bagdhad,GC,2004,Shooter,SCi,0.03,0.01,0,0,0.04
3756,The Incredible Hulk: Ultimate Destruction,PS2,2005,Action,Vivendi Games,0.26,0.2,0,0.07,0.54
2917,SplashDown,PS2,2001,Racing,Atari,0.34,0.27,0,0.09,0.7
13962,The Sum of All Fears,GBA,2002,Shooter,Ubisoft,0.03,0.01,0,0,0.04
15556,Super Dodge Ball,NG,1995,Sports,Technos Japan Corporation,0,0,0.02,0,0.02
9546,Puppies 3D,3DS,2011,Misc,Ubisoft,0.08,0.04,0,0.01,0.13
11180,Escape Dead Island,X360,2014,Action,Deep Silver,0.03,0.05,0,0.01,0.09
1476,The Sims: Bustin' Out,GBA,2003,Simulation,Electronic Arts,0.93,0.35,0,0.06,1.33
8027,Dynasty Warriors 8: Empires,PS4,2014,Action,Tecmo Koei,0.06,0.07,0.03,0.02,0.18
521,Finding Nemo,GBA,2003,Action,THQ,1.59,1.05,0.04,0.14,2.82
7136,Legion: The Legend of Excalibur,PS2,2002,Action,Midway Games,0.11,0.09,0,0.03,0.22
15930,Race Driver: Create & Race,DS,2007,Racing,Codemasters,0.01,0,0,0,0.02
4847,The Urbz: Sims in the City,GC,2004,Simulation,Electronic Arts,0.24,0.14,0,0.02,0.4
8957,Blazing Dragons,PS,1996,Adventure,Crystal Dynamics,0.08,0.06,0,0.01,0.15
3484,NBA 2K7,X360,2006,Sports,Take-Two Interactive,0.53,0,0,0.04,0.58
8343,Codename: Kids Next Door: Game Boy Advance Video Volume 1,GBA,2004,Misc,N/A,0.12,0.05,0,0,0.17
11659,Katekyoo Hitman Reborn! DS: Flame Rumble Kaien Ring Soudatsuen!,DS,2007,Fighting,Takara Tomy,0,0,0.08,0,0.08
9583,Assassination Classroom: Grand Siege on Kuro-sensei,3DS,2015,Action,Namco Bandai Games,0,0,0.13,0,0.13
3785,Peter Jackson's King Kong: The Official Game of the Movie,XB,2005,Action,Ubisoft,0.34,0.17,0,0.02,0.53
8170,Super Robot Taisen A Portable,PSP,2008,Strategy,Namco Bandai Games,0,0,0.18,0,0.18
11329,The Seven Deadly Sins: Unjust Sin,3DS,2015,Adventure,Namco Bandai Games,0,0,0.08,0,0.08
14975,TV Anime Idolm@ster: Cinderella Girls G4U! Pack Vol.1,PS3,2015,Action,Namco Bandai Games,0,0,0.02,0,0.02
16464,Razor Freestyle Scooter,GBA,2001,Sports,Ubisoft,0.01,0,0,0,0.01
4618,Mobile Suit Gundam: Gundam vs. Gundam,PSP,2008,Fighting,Namco Bandai Games,0,0,0.42,0,0.42
16165,Tiger Woods PGA Tour 2005,PC,2004,Sports,Electronic Arts,0,0.01,0,0,0.01
9132,Bravo Air Race,PS,1997,Racing,THQ,0.08,0.05,0,0.01,0.14
2654,Jr. Pac-Man,2600,1983,Puzzle,Atari,0.72,0.05,0,0.01,0.78
3816,The Walking Dead: Survival Instinct,PS3,2013,Shooter,Activision,0.28,0.17,0,0.08,0.53
5331,NFL Street,GC,2004,Sports,Electronic Arts,0.27,0.07,0,0.01,0.35
6583,Armored Core: Master of Arena,PS,1999,Simulation,From Software,0.07,0.05,0.13,0.02,0.26
15531,Rugby 06,XB,2006,Sports,Electronic Arts,0.01,0,0,0,0.02
5009,Headhunter,PS2,2002,Action,Sega,0.19,0.15,0,0.05,0.38
1260,Madden NFL 2001,PS2,2000,Sports,Electronic Arts,1.19,0.07,0.05,0.2,1.5
6633,Galactic Attack,SAT,1994,Shooter,Acclaim Entertainment,0,0,0.25,0,0.25
12880,Dynasty Warriors 5,XB,2005,Action,Tecmo Koei,0.04,0.01,0,0,0.05
4303,Top Spin,XB,2003,Sports,Microsoft Game Studios,0.36,0.08,0,0.02,0.46
8844,Musashi: Samurai Legend,PS2,2005,Role-Playing,Atari,0.07,0.06,0,0.02,0.15
12595,Kelly Slater's Pro Surfer,GC,2002,Sports,Activision,0.05,0.01,0,0,0.06
13596,Igor: The Game,DS,2008,Adventure,Legacy Interactive,0.04,0,0,0,0.04
12477,Hagane no Renkinjutsushi - Fullmetal Alchemist: Yakusoku no Hi e,PSP,2010,Action,Namco Bandai Games,0,0,0.06,0,0.06
15157,Winning Post 8 2015,PS3,2015,Action,Tecmo Koei,0,0,0.02,0,0.02
15897,Antz Extreme Racing,XB,2002,Racing,Empire Interactive,0.01,0,0,0,0.02
11101,Spider-Man: Edge of Time,Wii,2011,Action,Activision,0.06,0.02,0,0.01,0.09
9567,Brothers in Arms: Double Time,Wii,2008,Shooter,Ubisoft,0.11,0,0,0.01,0.13
1679,NFL 2K,DC,1999,Sports,Sega,1.12,0.05,0,0.02,1.2
8778,Enthusia Professional Racing,PS2,2005,Racing,Konami Digital Entertainment,0.07,0.06,0,0.02,0.15
10692,Happy Feet Two,X360,N/A,Action,Warner Bros. Interactive Entertainment,0.08,0.01,0,0.01,0.1
1792,South Park,N64,1998,Shooter,Acclaim Entertainment,0.9,0.23,0,0.02,1.14
12787,Ken to Mahou to Gakuen Mono. 3D,3DS,2011,Role-Playing,Acquire,0,0,0.06,0,0.06
8983,Sonic Advance & Sonic Pinball Party Combo Pack,GBA,2005,Misc,Sega,0.1,0.04,0,0,0.15
15241,The Idolmaster: Gravure For You! Vol.9,PS3,2012,Action,Namco Bandai Games,0,0,0.02,0,0.02
2429,Forza Horizon 2,X360,2014,Racing,Microsoft Game Studios,0.35,0.43,0,0.07,0.85
13222,Winter Sports 3: The Great Tournament,Wii,2010,Sports,Tradewest,0.02,0.02,0,0,0.05
9620,Doukyuusei 2,SAT,1997,Role-Playing,NEC Interchannel,0,0,0.13,0,0.13
9650,Power Pro Kun Pocket 13,DS,2010,Sports,Konami Digital Entertainment,0,0,0.13,0,0.13
8332,Dragon Ball GT: Game Boy Advance Video Volume 1,GBA,2004,Misc,N/A,0.12,0.05,0,0,0.17
3509,Spider-Man 3,X360,2007,Platform,Activision,0.49,0.04,0,0.04,0.57
6952,DC Universe Online,PC,2011,Role-Playing,Sony Online Entertainment,0.16,0.06,0,0.02,0.24
12126,Cartoon Network: Punch Time Explosion XL,PS3,2011,Fighting,Crave Entertainment,0.06,0,0,0,0.07
13604,Refrain no Chika Meikyuu to Majo no Ryodan,PSV,2016,Action,Nippon Ichi Software,0,0,0.04,0,0.04
10356,Jupiter Strike,PS,1994,Shooter,Acclaim Entertainment,0.06,0.04,0,0.01,0.11
10077,18 Wheeler: American Pro Trucker,GC,2002,Racing,Acclaim Entertainment,0.09,0.02,0,0,0.11
3006,Turok,PS3,2008,Action,Touchstone,0.35,0.22,0.01,0.1,0.68
3110,Cartoon Network Block Party / Cartoon Network Speedway Double Pack,GBA,2005,Misc,THQ,0.47,0.17,0,0.01,0.65
9560,Legends of Wrestling,GC,2002,Fighting,Acclaim Entertainment,0.1,0.03,0,0,0.13
14622,Triple Pack: Xbox Live Arcade Compilation,X360,2011,Misc,Microsoft Game Studios,0.03,0,0,0,0.03
721,Dissidia: Final Fantasy,PSP,2008,Fighting,Square Enix,0.51,0.51,0.91,0.32,2.25
12037,Catwoman,GC,2004,Action,Electronic Arts,0.05,0.01,0,0,0.07
5773,Mega Man Battle Network 2,GBA,2002,Action,Ubisoft,0.22,0.08,0,0.01,0.31
7780,Disgaea DS,DS,2008,Role-Playing,Square Enix,0.11,0.02,0.05,0.01,0.19
2656,Banjo-Kazooie: Nuts & Bolts,X360,2008,Platform,Microsoft Game Studios,0.32,0.36,0,0.09,0.78
12362,Age of Empires Online,PC,2011,Strategy,Microsoft Game Studios,0.01,0.04,0,0.01,0.06
10040,DiRT Rally,XOne,2016,Racing,Codemasters,0.03,0.08,0,0.01,0.11
8426,Super Power League,SNES,1993,Sports,Hudson Soft,0,0,0.17,0,0.17
9374,WipeOut 3 The Game,WiiU,2012,Action,Activision,0.12,0,0,0.01,0.13
13339,Clever Kids: Creepy Crawlies,DS,2009,Action,Midas Interactive Entertainment,0,0.04,0,0,0.05
15767,Soul Eater: Monotone Princess,Wii,2008,Action,Square Enix,0,0,0.02,0,0.02
2392,Beijing 2008,PS3,2008,Sports,Sega,0.14,0.54,0.01,0.18,0.87
2186,NCAA Football 2000,PS,1999,Sports,Electronic Arts,0.53,0.36,0,0.06,0.95
16598,SCORE International Baja 1000: The Official Game,PS2,2008,Racing,Activision,0,0,0,0,0.01
2119,Driver: San Francisco,PS3,2011,Racing,Ubisoft,0.24,0.54,0.01,0.18,0.98
12958,Pachinko Wars II,SNES,1993,Misc,Coconuts Japan,0,0,0.05,0,0.05
2023,The Simpsons Game,Wii,2007,Action,Electronic Arts,0.45,0.47,0,0.11,1.03
7916,3rd Super Robot Wars Z Jigoku Hen,PSV,2014,Role-Playing,Namco Bandai Games,0,0,0.19,0,0.19
10017,Mechanic Master,DS,2008,Puzzle,Midway Games,0.1,0,0,0.01,0.11
14043,The Croods: Prehistoric Party!,3DS,2013,Misc,D3Publisher,0.01,0.02,0,0,0.04
6706,Pro Yakyuu Team o Tsukurou!,SAT,1998,Sports,Sega,0,0,0.25,0,0.25
5054,Etrian Odyssey IV: Legends of the Titans,3DS,2012,Role-Playing,Atlus,0.12,0.05,0.2,0.01,0.38
7269,Hasbro Family Game Night,DS,2009,Puzzle,Electronic Arts,0.01,0.19,0,0.02,0.22
12079,Robot Alchemic Drive,PS2,2002,Action,Enix Corporation,0.03,0.03,0,0.01,0.07
1547,WWE '13,X360,2012,Action,THQ,0.72,0.45,0,0.11,1.28
2732,Spectrobes,DS,2007,Role-Playing,Disney Interactive Studios,0.67,0.03,0,0.06,0.75
5634,Kirby's Block Ball,GB,1995,Puzzle,Nintendo,0,0,0.32,0,0.32
7244,G.I. Joe: The Rise of Cobra,Wii,2009,Action,Electronic Arts,0.17,0.03,0,0.02,0.22
4887,NHL 99,N64,1998,Sports,Electronic Arts,0.38,0.01,0,0,0.39
10622,SCORE International Baja 1000: The Official Game,Wii,2008,Racing,Activision,0.09,0,0,0.01,0.1
10255,Outlaw Golf: Nine Holes of Christmas,XB,2002,Sports,Simon & Schuster Interactive,0.08,0.02,0,0,0.11
15086,G1 Jockey Wii,Wii,2007,Sports,Tecmo Koei,0,0.01,0.02,0,0.02
9524,Nintendo Puzzle Collection,GC,N/A,Puzzle,Unknown,0,0,0.13,0,0.13
10951,NHL 2K8,PS3,2007,Sports,Take-Two Interactive,0.08,0.01,0,0.01,0.09
10696,CSI: Hard Evidence,X360,2007,Adventure,Ubisoft,0.07,0.02,0,0.01,0.1
16301,Nitroplus Blasterz: Heroines Infinite Duel,PS3,2015,Fighting,Nitroplus,0,0,0.01,0,0.01
4753,NBA 2K11,PS2,2010,Action,Take-Two Interactive,0.34,0.01,0,0.06,0.41
15600,Frisbee Disc Freestyle / Frisbee Disc Golf,DS,2007,Sports,DSI Games,0.02,0,0,0,0.02
6800,Guitar Freaks,PS,1999,Simulation,Konami Digital Entertainment,0,0,0.23,0.02,0.24
15278,World Championship Poker featuring Howard Lederer: All In,Wii,2006,Misc,505 Games,0.02,0,0,0,0.02
13322,Snoopy vs the Red Baron,PSP,2006,Adventure,Namco Bandai Games,0.04,0,0,0,0.05
735,Rock Band 2,X360,2008,Misc,Electronic Arts,1.78,0.24,0,0.18,2.2
75,Mario Party DS,DS,2007,Misc,Nintendo,4.46,1.88,1.98,0.7,9.02
8520,Midway Arcade Treasures 2,GC,2004,Misc,Midway Games,0.13,0.03,0,0,0.16
8527,Dancing With The Stars,PS2,2007,Misc,Activision,0.08,0.06,0,0.02,0.16
6475,Virtua Racing,GEN,1994,Racing,Sega,0,0,0.26,0,0.26
1513,Gold's Gym: Cardio Workout,Wii,2008,Sports,Ubisoft,1.11,0.04,0.06,0.09,1.31
15819,Winning Post 7 2013,PSV,2013,Sports,Tecmo Koei,0,0,0.02,0,0.02
3449,Q*bert,2600,1982,Puzzle,Parker Bros.,0.55,0.03,0,0.01,0.58
5437,Battlefield: Hardline,X360,2015,Shooter,Electronic Arts,0.17,0.14,0,0.03,0.34
2101,WWE SmackDown vs Raw 2008,Wii,2007,Fighting,THQ,0.38,0.5,0,0.11,0.99
16281,Monster Bomber,DS,2006,Puzzle,505 Games,0.01,0,0,0,0.01
13161,Ty the Tasmanian Tiger 3: Night of the Quinkan,GBA,2005,Action,Zoo Digital Publishing,0.04,0.01,0,0,0.05
13805,Pure Pinball,XB,2004,Misc,XS Games,0.03,0.01,0,0,0.04
4580,Medal of Honor: Rising Sun,GC,2003,Shooter,Electronic Arts,0.33,0.09,0,0.01,0.42
3975,Theatrhythm: Final Fantasy,3DS,2012,Misc,Square Enix,0.22,0.07,0.18,0.02,0.5
3688,Dragon Ball Z: Shin Budokai,PSP,2006,Fighting,Atari,0.26,0.08,0.13,0.07,0.55
13254,Dynasty Warriors Vol. 2,PSP,2006,Action,Tecmo Koei,0.04,0,0,0,0.05
16194,Homeworld Remastered Collection,PC,N/A,Strategy,N/A,0,0.01,0,0,0.01
853,Tenchu: Stealth Assassins,PS,1997,Action,Activision,0.95,0.64,0.27,0.13,1.99
5639,Rally Cross,PS,1997,Racing,Sony Computer Entertainment,0.18,0.12,0,0.02,0.32
7494,X2: Wolverine's Revenge,XB,2003,Platform,Activision,0.15,0.04,0,0.01,0.21
14768,Mahou Sensei Negima! Kagai Jugyou ~Otome no Dokidoki Beachside~,PS2,2006,Adventure,Konami Digital Entertainment,0,0,0.03,0,0.03
9871,Vacation Isle: Beach Party,Wii,2010,Misc,Warner Bros. Interactive Entertainment,0.09,0.02,0,0.01,0.12
15028,Future Tactics: The Uprising,GC,2004,Strategy,JoWood Productions,0.02,0,0,0,0.02
10183,Smash Court Tennis 3,X360,2007,Sports,Atari,0.08,0.02,0,0.01,0.11
956,The Sims: Hot Date,PC,2001,Simulation,Electronic Arts,1.81,0,0,0,1.82
10599,NASCAR The Game: Inside Line,X360,2012,Racing,Activision,0.09,0,0,0.01,0.1
7237,NBA Jam Extreme,PS,1996,Sports,Acclaim Entertainment,0.12,0.08,0,0.01,0.22
16142,Norn + Nonette: Last Era,PSV,2015,Action,Idea Factory,0,0,0.01,0,0.01
11259,Winter Sports 2: The Next Challenge,PS2,2008,Sports,Conspiracy Entertainment,0.04,0.03,0,0.01,0.08
10108,Surf's Up,PSP,2007,Sports,Ubisoft,0.02,0.06,0,0.03,0.11
6850,Luminous Arc,DS,2007,Role-Playing,Rising Star Games,0.16,0,0.06,0.01,0.24
11719,The Idolmaster: Gravure For You! Vol. 3,PS3,2011,Misc,Namco Bandai Games,0,0,0.08,0,0.08
13838,The Sims 4: Spa Day,PC,2015,Simulation,Electronic Arts,0,0.04,0,0,0.04
1776,Ratchet & Clank: All 4 One,PS3,2011,Platform,Sony Computer Entertainment,0.75,0.22,0.05,0.12,1.15
13128,Winning Post 7 2013,PS3,2013,Sports,Tecmo Koei,0,0,0.05,0,0.05
13710,NBA in the Zone 2000,N64,2000,Sports,Konami Digital Entertainment,0.04,0,0,0,0.04
12886,Defendin' De Penguin,Wii,2008,Strategy,Zushi Games,0.05,0,0,0,0.05
15854,Monster Trux Offroad,Wii,2007,Racing,Popcorn Arcade,0.01,0,0,0,0.02
16000,Black Cat,PS2,2006,Action,Capcom,0,0,0.01,0,0.01
1350,Sonic's Ultimate Genesis Collection,X360,2009,Misc,Sega,0.85,0.46,0,0.13,1.43
145,Metal Gear Solid 4: Guns of the Patriots,PS3,2008,Action,Konami Digital Entertainment,2.63,1.74,0.83,0.83,6.03
1663,Need for Speed Underground,GC,2003,Racing,Electronic Arts,0.69,0.48,0.01,0.03,1.21
3813,Batman: Arkham Origins Blackgate,PSV,2013,Action,Warner Bros. Interactive Entertainment,0.2,0.2,0,0.13,0.53
11098,Pro Yaky? Spirits 2014,PSP,2014,Sports,Konami Digital Entertainment,0,0,0.09,0,0.09
1495,Mega Man Battle Network 4: Red Sun / Blue Moon,GBA,2003,Role-Playing,Capcom,0.31,0.04,0.96,0.01,1.32
4867,Harvest Moon: Save the Homeland,PS2,N/A,Simulation,Unknown,0.19,0.15,0,0.05,0.4
2671,Boxing,2600,1980,Fighting,Activision,0.72,0.04,0,0.01,0.77
10006,Nobunaga no Yabou: Tenshoki,SAT,1995,Strategy,Tecmo Koei,0,0,0.11,0,0.11
10589,Alvin and the Chipmunks: Chipwrecked,X360,2011,Misc,505 Games,0.08,0.01,0,0.01,0.1
2410,SingStar '90s,PS2,2007,Misc,Sony Computer Entertainment,0.1,0.59,0,0.18,0.87
6579,Hunted: The Demon's Forge,PS3,2011,Action,Bethesda Softworks,0.12,0.08,0.02,0.04,0.26
9638,The Stronghold Collection,PC,2009,Strategy,Take-Two Interactive,0.03,0.08,0,0.02,0.13
8012,Indiana Jones and the Emperor's Tomb,XB,2003,Action,LucasArts,0.14,0.04,0,0.01,0.18
1893,NFL Blitz 2000,PS,1998,Sports,Midway Games,0.6,0.41,0,0.07,1.09
925,The Legend of Zelda: Oracle of Seasons,GB,2001,Adventure,Nintendo,0.87,0.52,0.41,0.06,1.86
3508,Blacksite: Area 51,X360,2007,Shooter,Midway Games,0.29,0.23,0,0.06,0.57
16071,Mortal Kombat: Tournament Edition,GBA,2003,Fighting,Midway Games,0.01,0,0,0,0.01
12771,Diva Girls: Divas on Ice,DS,2009,Sports,505 Games,0.05,0,0,0,0.06
1875,Yakuza 2,PS2,2006,Adventure,Sega,0.05,0.04,0.84,0.16,1.09
2355,Seiken Densetsu 3,SNES,1995,Role-Playing,SquareSoft,0,0,0.89,0,0.89
4891,Brunswick Pro Bowling,Wii,2007,Sports,505 Games,0.36,0.01,0,0.03,0.39
10161,Happy Feet Two,3DS,2011,Action,Warner Bros. Interactive Entertainment,0.08,0.02,0,0.01,0.11
15772,Clock Zero: Shuuen no Ichibyou - ExTime,PSV,2015,Action,Idea Factory,0,0,0.02,0,0.02
124,Red Dead Redemption,PS3,2010,Action,Take-Two Interactive,2.79,2.61,0.17,1.03,6.6
6224,Dynasty Warriors: Gundam,PS2,2008,Action,Namco Bandai Games,0,0,0.28,0,0.28
6527,Armorines: Project S.W.A.R.M.,N64,1999,Shooter,Acclaim Entertainment,0.21,0.05,0,0,0.26
11694,Stella Deus: The Gate of Eternity,PS2,2004,Strategy,505 Games,0.04,0.03,0,0.01,0.08
13643,Fashion Week Jr. Designer,DS,2009,Simulation,505 Games,0.04,0,0,0,0.04
1839,Rock Band,PS2,N/A,Misc,Electronic Arts,0.71,0.06,0,0.35,1.11
1270,Medal of Honor: Frontline,XB,2002,Shooter,Electronic Arts,1,0.43,0,0.06,1.49
16083,Virtua Tennis 3,PC,2007,Sports,Sega,0,0.01,0,0,0.01
14378,Hajime no Ippo: The Fighting! (2014),PS3,2014,Sports,Namco Bandai Games,0,0,0.03,0,0.03
4283,Command & Conquer: Red Alert 3,X360,2008,Strategy,Electronic Arts,0.18,0.23,0,0.05,0.46
16200,Simple 2000 Series Vol. 120: The Saigo no Nippon Tsuwamono,PS2,2007,Strategy,D3Publisher,0,0,0.01,0,0.01
12969,Taito Legends Power Up,PSP,2007,Action,Destineer,0.05,0,0,0,0.05
6711,Marvel: Ultimate Alliance 2,PSP,2009,Role-Playing,Activision,0.17,0.04,0,0.04,0.25
6654,Up,PS3,2009,Action,THQ,0.15,0.07,0,0.03,0.25
3337,Hot Shots Golf: World Invitational,PSV,2011,Sports,Sony Computer Entertainment,0.19,0.11,0.25,0.06,0.6
1040,Madden NFL 2005,XB,2004,Sports,Electronic Arts,1.61,0.03,0,0.08,1.72
1903,NCAA Football 13,X360,2012,Action,Electronic Arts,1.02,0,0,0.06,1.08
12961,The Nightmare of Druaga: Fushigino Dungeon,PS2,2004,Role-Playing,Arika,0.03,0.02,0,0.01,0.05
3238,Nobunaga no Yabou: Haouden,SNES,1993,Strategy,Tecmo Koei,0.3,0,0.32,0,0.62
10038,Primal Rage,PS,1994,Fighting,Time Warner Interactive,0.06,0.04,0,0.01,0.11
3151,LEGO Marvel's Avengers,PS4,2016,Action,Warner Bros. Interactive Entertainment,0.25,0.29,0,0.1,0.64
12411,Paws & Claws: Pampered Pets 2,DS,2011,Simulation,THQ,0.06,0,0,0,0.06
2094,Cars: Race-O-Rama,Wii,2009,Racing,THQ,0.61,0.3,0,0.09,0.99
2247,Top Gun: Combat Zones,PS2,2001,Simulation,Titus,0.45,0.35,0,0.12,0.92
1478,Metroid Prime 2: Echoes,GC,2004,Shooter,Nintendo,0.87,0.35,0.07,0.04,1.33
106,Tekken 3,PS,1998,Fighting,Sony Computer Entertainment,3.27,2.22,1.4,0.29,7.16
11834,NOëL: La Neige,PS,1998,Adventure,Pioneer LDC,0,0,0.07,0,0.07
1389,Colin McRae Rally 3,PS2,2002,Racing,Codemasters,0.03,1.05,0.02,0.3,1.4
347,Pokemon Snap,N64,1999,Simulation,Nintendo,2.23,0.68,0.66,0.06,3.63
2977,Star Wars: Masters of Teras Kasi,PS,1997,Action,LucasArts,0.38,0.26,0,0.04,0.68
4463,Yu-Gi-Oh! 5D's Tag Force 4,PSP,2009,Strategy,Konami Digital Entertainment,0.19,0.07,0.12,0.06,0.44
14094,Batman: A Telltale Game Series,PS4,2016,Adventure,Telltale Games,0.01,0.02,0,0.01,0.04
14730,"Hanayaka Kana, Ware ga Ichizoku Twin Pack",PSP,2011,Misc,Idea Factory,0,0,0.03,0,0.03
2411,Monster Strike 3DS,3DS,2015,Action,"mixi, Inc",0,0,0.86,0,0.86
4379,Viking: Battle for Asgard,X360,2008,Action,Sega,0.16,0.24,0,0.05,0.45
16271,Dokuro,PSV,2012,Action,GungHo,0,0,0.01,0,0.01
1885,The Godfather,PS2,2006,Action,Electronic Arts,0.89,0.03,0.01,0.15,1.09
8468,MLB 16: The Show,PS3,2016,Action,Sony Computer Entertainment,0.13,0,0,0.03,0.16
4909,NBA Live 09,PSP,2008,Sports,Electronic Arts,0.23,0.07,0.03,0.06,0.39
6847,PDC World Championship Darts 2008,Wii,2008,Sports,Oxygen Interactive,0.02,0.21,0,0.01,0.24
6132,Tony Hawk: Shred,PS3,2010,Sports,Activision,0.18,0.07,0,0.04,0.28
10693,Age of Empires II: The Age of Kings,PC,1999,Strategy,Microsoft Game Studios,0.01,0.08,0,0.02,0.1
16375,"Crouching Tiger, Hidden Dragon",XB,2003,Action,Ubisoft,0.01,0,0,0,0.01
6941,Rampage,2600,1988,Action,Activision,0.22,0.01,0,0,0.24
13447,Hakuouki SSL: Sweet School Life,PSV,2014,Adventure,Idea Factory,0,0,0.05,0,0.05
12189,The King of Fighters 02/03,PS2,2005,Fighting,SNK,0.03,0.03,0,0.01,0.07
389,Grand Theft Auto 2,PS,1998,Action,Take-Two Interactive,1.13,2.07,0,0.22,3.42
10491,Castlevania: Lords of Shadow 2,X360,2014,Action,Konami Digital Entertainment,0.02,0.07,0,0.01,0.1
10584,Guitar Hero: Van Halen,PS2,2009,Misc,Activision,0.05,0.04,0,0.01,0.1
7472,SpongeBob SquarePants: Game Boy Advance Video Volume 3,GBA,2004,Misc,N/A,0.15,0.05,0,0,0.21
7453,Mortal Kombat: Special Forces,PS,2000,Fighting,Midway Games,0.12,0.08,0,0.01,0.21
6186,Hot Wheels: Track Attack,DS,2010,Racing,THQ,0.18,0.08,0,0.02,0.28
4878,Suzuki TT Superbikes,PS2,2005,Racing,Jester Interactive,0.33,0.01,0,0.05,0.4
8507,Kid Adventures: Sky Captain,Wii,2010,Action,Unknown,0.11,0.04,0,0.01,0.16
5520,Goosebumps HorrorLand,DS,2008,Adventure,Scholastic Inc.,0.31,0,0,0.02,0.33
10711,Arcania: Gothic 4,X360,2010,Role-Playing,JoWood Productions,0.03,0.04,0.01,0.01,0.1
8365,Fuzion Frenzy 2,X360,2007,Misc,Microsoft Game Studios,0.14,0.01,0,0.01,0.17
13746,Deadly Arts,N64,1998,Fighting,Konami Digital Entertainment,0.03,0.01,0,0,0.04
3603,Viva Pinata: Pocket Paradise,DS,2008,Simulation,THQ,0.27,0.23,0,0.06,0.56
7005,Looney Tunes: Acme Arsenal,Wii,2007,Action,Warner Bros. Interactive Entertainment,0.21,0.01,0,0.02,0.23
4229,Iridion 3D,GBA,2001,Shooter,THQ,0.33,0.12,0,0.01,0.46
13894,Richard Burns Rally,PC,2004,Racing,SCi,0,0.03,0,0.01,0.04
12285,Western Riding Academy,DS,2010,Simulation,Destineer,0.06,0,0,0,0.06
885,Tom Clancy's Ghost Recon,PS2,2002,Shooter,Ubisoft,1.42,0.4,0,0.12,1.94
11828,Damage Inc.: Pacific Squadron WWII,X360,2012,Simulation,Mad Catz,0.07,0,0,0.01,0.07
13389,Big Air Freestyle,GC,2002,Racing,Atari,0.04,0.01,0,0,0.05
9194,Dino Crisis 3,XB,2003,Action,Capcom,0.08,0.03,0.03,0,0.14
11475,Uta no Prince-Sama: All Star After Secret,PSP,2015,Action,Broccoli,0,0,0.08,0,0.08
15038,Shanghai: True Valor,PS,1998,Puzzle,Activision,0.01,0.01,0,0,0.02
6302,Gunship,PS,1996,Simulation,Microprose,0.15,0.1,0,0.02,0.27
7609,Saints Row IV,XOne,2015,Action,Deep Silver,0.1,0.09,0,0.02,0.2
10864,Terranigma,SNES,1995,Role-Playing,Nintendo,0,0,0.09,0,0.09
14334,Pachinko Kamen Rider: Shocker Zenmetsu Daisakusen,PS2,2008,Misc,Hackberry,0,0,0.03,0,0.03
5716,Ganbare Goemon: KiraKira Douchuu - Boku ga Dancer ni Natta Riyuu,SNES,1995,Platform,Konami Digital Entertainment,0,0,0.31,0,0.31
5969,The Chronicles of Riddick: Assault on Dark Athena,X360,2009,Shooter,Atari,0.16,0.1,0,0.03,0.29
4009,PoPoLoCrois Monogatari,PS,1996,Role-Playing,Sony Computer Entertainment,0,0,0.46,0.03,0.5
5748,KISS Pinball,PS,2001,Action,Take-Two Interactive,0.17,0.12,0,0.02,0.31
3709,LEGO Dimensions,PS3,2015,Action,Warner Bros. Interactive Entertainment,0.15,0.3,0,0.09,0.54
2502,Dragon Ball: Raging Blast 2,PS3,2010,Fighting,Namco Bandai Games,0.42,0.2,0.11,0.09,0.83
16308,Duel Masters: Shadow of the Code,GBA,2004,Misc,Atari,0.01,0,0,0,0.01
11535,Superman: Shadow of Apokolips,GC,2003,Action,Atari,0.06,0.02,0,0,0.08
16493,SBK Superbike World Championship,PSP,2008,Racing,Black Bean Games,0.01,0,0,0,0.01
679,My Fitness Coach,Wii,2008,Sports,Ubisoft,1.2,0.9,0,0.24,2.34
5046,Guitar Hero On Tour: Modern Hits,DS,2009,Misc,Activision,0.13,0.2,0,0.04,0.38
12500,Flipnic: Ultimate Pinball,PS2,2003,Misc,Ubisoft,0.03,0.02,0,0.01,0.06
1367,Tomb Raider (2013),PS4,2014,Action,Square Enix,0.47,0.64,0.06,0.25,1.41
6136,Fantastic 4: Flame On,GBA,2005,Action,Activision,0.2,0.08,0,0.01,0.28
1647,SimCity 2000,PS,1996,Simulation,Maxis,0.68,0.46,0,0.08,1.22
5727,Hatsune Miku: Project Mirai DX,3DS,2015,Misc,Sega,0.15,0.04,0.1,0.02,0.31
10836,Barnyard,PS2,2006,Action,THQ,0.05,0.04,0,0.01,0.09
6858,NHRA Championship Drag Racing,PS2,2005,Racing,ValuSoft,0.12,0.09,0,0.03,0.24
8454,Anarchy Reigns,X360,2012,Action,Sega,0.11,0.02,0.02,0.01,0.17
7782,Space Invaders Extreme 2,DS,2009,Shooter,Square Enix,0.17,0.01,0,0.01,0.19
4435,Battlefield 2: Modern Combat,PS2,2005,Shooter,Electronic Arts,0.37,0.01,0,0.06,0.44
14754,The Battle of Yuu Yuu Hakusho: Shitou! Ankoku Bujutsukai! 120%,PS2,2007,Fighting,Banpresto,0,0,0.03,0,0.03
6171,Carol Vorderman's Sudoku,PS2,2006,Puzzle,Xplosiv,0,0.23,0,0.05,0.28
6977,Zumba Fitness: World Party,XOne,2013,Misc,Majesco Entertainment,0.17,0.05,0,0.02,0.23
10542,The Destiny of Zorro,Wii,2009,Action,505 Games,0.1,0,0,0.01,0.1
6012,The Smurfs: Dance Party,Wii,2011,Misc,Ubisoft,0.22,0.04,0,0.02,0.29
854,Tennis,GB,1989,Sports,Nintendo,0.75,0.3,0.9,0.04,1.99
15640,RoboCop,XB,2003,Shooter,Titus,0.01,0,0,0,0.02
11458,Jikkyou Powerful Major League 2009,PS2,2009,Sports,Konami Digital Entertainment,0,0,0.08,0,0.08
14909,Kyokugen Dasshutsu ADV: Zennin Shiboudesu,PSV,2012,Adventure,ChunSoft,0,0,0.03,0,0.03
709,Super Monkey Ball: Banana Blitz,Wii,2006,Misc,Sega,1.07,0.92,0.04,0.24,2.27
6487,Jikkyou Powerful Pro Yakyuu 2013,PS3,2013,Sports,Konami Digital Entertainment,0,0,0.26,0,0.26
12503,Cabela's Big Game Hunter (2008),X360,2007,Sports,Activision Value,0.06,0,0,0,0.06
10873,Shining Tears,PS2,2004,Role-Playing,Sega,0.05,0.04,0,0.01,0.09
5205,NBA 2K6,XB,2005,Action,Take-Two Interactive,0.27,0.08,0,0.01,0.36
2778,Madden NFL 11,Wii,N/A,Sports,Unknown,0.7,0,0,0.05,0.74
16444,G1 Jockey 4 2007,PS2,2007,Sports,Tecmo Koei,0,0,0.01,0,0.01
8327,NBA 09: The Inside,PSP,2008,Sports,Sony Computer Entertainment,0.16,0,0,0.01,0.17
16380,Fullmetal Alchemist: Trading Card Game,DS,2007,Misc,Destineer,0.01,0,0,0,0.01
5100,NBA Inside Drive 2002,XB,2002,Sports,Microsoft Game Studios,0.28,0.08,0,0.01,0.37
14777,Farm Frenzy 3,DS,2011,Strategy,Unknown,0,0.02,0,0,0.03
10777,MotoGP 2,XB,2003,Racing,THQ,0.07,0.02,0,0,0.1
9558,Fuse (Insomniac),X360,2013,Shooter,Electronic Arts,0.08,0.04,0,0.01,0.13
11704,Metal Gear Solid V: The Phantom Pain,PC,2015,Action,Konami Digital Entertainment,0,0.07,0,0,0.08
1827,SOCOM: U.S. Navy SEALs Fireteam Bravo,PSP,2005,Shooter,Sony Computer Entertainment,1.03,0,0.01,0.08,1.12
831,Kingdom Hearts 358/2 Days,DS,2009,Role-Playing,Square Enix,1.11,0.27,0.53,0.14,2.04
2875,Silent Hill 3,PS2,2003,Action,Konami Digital Entertainment,0.35,0.27,0,0.09,0.71
11348,America's Next Top Model,Wii,2010,Action,Crave Entertainment,0.08,0,0,0.01,0.08
15899,Truck Racer,Wii,2009,Racing,Nordic Games,0,0.01,0,0,0.02
3252,LEGO Pirates of the Caribbean: The Video Game,3DS,2011,Action,Disney Interactive Studios,0.29,0.28,0,0.06,0.62
8279,The King of Fighters '97,SAT,1998,Fighting,SNK,0,0,0.17,0,0.17
12952,Dragon's Lair 3D: Return to the Lair,XB,2002,Platform,Ubisoft,0.04,0.01,0,0,0.05
931,LittleBigPlanet 3,PS4,2014,Platform,Sony Computer Entertainment,0.64,0.92,0.01,0.29,1.86
16152,Minna no Conveni,DS,2010,Simulation,Taito,0,0,0.01,0,0.01
870,Soccer,NES,1985,Sports,Nintendo,0.18,0.23,1.53,0.02,1.96
15260,Spider-Man: Web of Shadows,PC,2008,Action,Activision,0,0.02,0,0,0.02
8826,Super Monkey Ball Adventure,GC,2006,Platform,Sega,0.12,0.03,0,0,0.15
1463,Need for Speed Carbon,PS2,2006,Racing,Electronic Arts,1.22,0.05,0.05,0.01,1.34
1752,Jet Force Gemini,N64,1999,Shooter,Nintendo,0.78,0.28,0.07,0.02,1.16
16254,Jinsei Game Q DS: Shouwa no Dekigoto,DS,2007,Misc,Takara Tomy,0,0,0.01,0,0.01
7275,Naruto: Ninja Council,GBA,2003,Action,Tomy Corporation,0.16,0.06,0,0,0.22
10342,Dynasty Warriors Advance,GBA,2005,Action,Nintendo,0.08,0.03,0,0,0.11
14752,Warship Gunner 2,PS2,2006,Simulation,Tecmo Koei,0.01,0.01,0,0,0.03
1638,Game & Watch Gallery 2,GB,1997,Misc,Nintendo,0.76,0.3,0.12,0.04,1.22
11387,Kamen Rider: Travelers Senki,3DS,2013,Action,Seventh Chord,0,0,0.08,0,0.08
3338,Monster Trucks,GBA,2004,Racing,Majesco Entertainment,0.43,0.16,0,0.01,0.6
4830,NFL Quarterback Club 2000,N64,1999,Sports,Acclaim Entertainment,0.37,0.03,0,0,0.4
5679,Littlest Pet Shop: City Friends,DS,2009,Simulation,Electronic Arts,0.29,0,0,0.02,0.32
8936,NHL 2K10,X360,2009,Sports,Take-Two Interactive,0.11,0.02,0,0.01,0.15
2552,EarthBound,SNES,1994,Role-Playing,Nintendo,0,0,0.81,0,0.81
11380,Iron Man / X-O Manowar in Heavy Metal,PS,1996,Platform,Acclaim Entertainment,0.05,0.03,0,0.01,0.08
15569,TV Anime Idolm@ster: Cinderella Girls G4U! Pack Vol.8,PS3,2016,Misc,Namco Bandai Games,0,0,0.02,0,0.02
14405,Zero Escape: Virtue's Last Reward,3DS,2012,Adventure,Rising Star Games,0.03,0,0,0,0.03
11262,Ultimate Card Games DS,DS,2008,Strategy,Telegames,0.08,0,0,0.01,0.08
10180,Worms Forts: Under Siege,PS2,2004,Strategy,Acclaim Entertainment,0.05,0.04,0,0.01,0.11
10555,Freaky Flyers,PS2,2003,Racing,Midway Games,0.05,0.04,0,0.01,0.1
13828,Draglade (JP sales),DS,2007,Fighting,505 Games,0,0,0.04,0,0.04
231,Guitar Hero III: Legends of Rock,Wii,2007,Misc,Activision,3.06,1.12,0,0.44,4.62
2818,Ratchet & Clank Collection,PS3,2012,Action,Sony Computer Entertainment,0.47,0.14,0.02,0.09,0.73
218,StarCraft II: Wings of Liberty,PC,2010,Strategy,Activision,2.56,1.68,0,0.59,4.83
123,Big Brain Academy,DS,2005,Misc,Nintendo,1.67,2.78,1.6,0.62,6.67
4130,FlingSmash,Wii,2010,Action,Nintendo,0.38,0.01,0.07,0.02,0.48
3125,MX vs. ATV Untamed,PSP,2007,Racing,THQ,0.35,0.18,0,0.12,0.65
9700,Zen-Nippon Pro Wrestling: Ouja no Kon,PS,1999,Fighting,Human Entertainment,0,0,0.12,0.01,0.12
6366,The Incredible Hulk,PS3,2008,Action,Sega,0.22,0.03,0,0.03,0.27
7343,Bratz: Forever Diamondz,GC,2006,Adventure,THQ,0.17,0.04,0,0.01,0.21
1617,Driv3r,PS2,2004,Racing,Atari,0.6,0.47,0,0.16,1.23
3714,Manhunt 2,Wii,2007,Action,Take-Two Interactive,0.25,0.23,0,0.06,0.54
8796,The Secret Saturdays: Beasts of the 5th Sun,PS2,2009,Action,D3Publisher,0.05,0.02,0,0.08,0.15
12552,Zoo Tycoon 2,PC,2004,Strategy,Microsoft Game Studios,0,0.05,0,0.01,0.06
13598,Card Fight!! Vanguard G: Stride to Victory!!,3DS,2016,Misc,FuRyu,0,0,0.04,0,0.04
10318,Kotoba no Puzzle: Mojipittan Daijiten,PSP,2004,Puzzle,Namco Bandai Games,0,0,0.11,0,0.11
14793,DrumMania 7th Mix,PS2,2001,Simulation,Konami Digital Entertainment,0,0,0.03,0,0.03
2691,Raving Rabbids: Travel in Time,Wii,2010,Adventure,Ubisoft,0.22,0.47,0,0.08,0.76
13046,Street Fighter V,PC,2016,Fighting,Capcom,0,0.05,0,0,0.05
9324,Little League World Series Baseball 2009,DS,2009,Sports,Activision,0.13,0,0,0.01,0.14
4153,Karate,2600,N/A,Fighting,Ultravision,0.44,0.03,0,0,0.47
16394,Handball 16,X360,2015,Sports,Bigben Interactive,0,0.01,0,0,0.01
1254,Resistance 3,PS3,2011,Shooter,Sony Computer Entertainment,0.64,0.58,0.05,0.23,1.5
6585,Desert Falcon,2600,1987,Shooter,Atari,0.24,0.01,0,0,0.26
16592,Chou Ezaru wa Akai Hana: Koi wa Tsuki ni Shirube Kareru,PSV,2016,Action,dramatic create,0,0,0.01,0,0.01
6023,Fast Food,2600,1981,Action,Unknown,0.27,0.02,0,0,0.29
7646,Treasure Hunter G,SNES,1996,Role-Playing,SquareSoft,0,0,0.2,0,0.2
2095,Oddworld: Abe's Exoddus,PS,1998,Platform,GT Interactive,0.55,0.38,0,0.06,0.99
10263,Nicktoons: Unite!,DS,2006,Adventure,THQ,0.1,0,0,0.01,0.11
14377,JoJo's Bizarre Adventure: Eyes of Heaven,PS3,2015,Fighting,Namco Bandai Games,0,0,0.03,0,0.03
6456,Rune: Viking Warlord,PS2,2001,Action,Take-Two Interactive,0.13,0.1,0,0.03,0.26
15786,Namco Museum 50th Anniversary (JP sales),PS2,2005,Misc,Namco Bandai Games,0,0,0.02,0,0.02
1163,Soul Edge,PS,1996,Fighting,Sony Computer Entertainment,0.61,0.41,0.46,0.1,1.59
6097,Links 2004,XB,2003,Sports,Microsoft Game Studios,0.21,0.06,0,0.01,0.29
1420,Sonic Colors,DS,2010,Platform,Sega,0.74,0.5,0.01,0.13,1.37
13513,Daito Giken Koushiki Pachi-Slot Simulator: Shake II,PS2,2007,Misc,Paon,0,0,0.04,0,0.04
11419,Ultimate Ghosts 'n Goblins,PSP,2006,Platform,Capcom,0.07,0.01,0,0.01,0.08
2688,Sonic Unleashed,PS2,2008,Platform,Sega,0.37,0.04,0,0.36,0.76
5738,Einhänder,PS,1997,Shooter,SquareSoft,0.1,0.07,0.13,0.02,0.31
5489,Shrek SuperSlam,GBA,2005,Action,Activision,0.24,0.09,0,0.01,0.33
10677,Micro Machines V3,PS,1997,Racing,Codemasters,0.06,0.04,0,0.01,0.1
8883,Pro Yaky? Spirits 6,PS3,2009,Sports,Konami Digital Entertainment,0,0,0.15,0,0.15
9766,Ferrari Challenge Trofeo Pirelli,PS2,2008,Racing,System 3 Arcade Software,0.06,0.05,0,0.02,0.12
4427,Metro: Last Light,PS3,2013,Action,Deep Silver,0.14,0.2,0.03,0.08,0.44
1487,Dark Souls II,PS3,2014,Role-Playing,Namco Bandai Games,0.4,0.36,0.4,0.17,1.32
3067,Madagascar,GC,2005,Platform,Activision,0.52,0.13,0,0.02,0.66
3730,Valkyria Chronicles II,PSP,2010,Role-Playing,Sega,0.12,0.16,0.18,0.09,0.54
2056,NERF N-Strike Elite,Wii,2009,Shooter,Electronic Arts,0.93,0,0,0.07,1
11655,Madden NFL 08,GC,2007,Sports,Electronic Arts,0.06,0.02,0,0,0.08
2297,Rhythm Heaven,Wii,N/A,Misc,Unknown,0.13,0,0.77,0.01,0.9
14226,The Sum of All Fears,GC,2003,Shooter,Ubisoft,0.03,0.01,0,0,0.03
5375,Harry Potter and the Deathly Hallows - Part 2,X360,2011,Action,Electronic Arts,0.19,0.12,0,0.03,0.34
8640,Konami Krazy Racers,GBA,2001,Racing,Konami Digital Entertainment,0.09,0.03,0.04,0,0.16
6826,Midway Arcade Treasures: Extended Play,PSP,2005,Misc,Midway Games,0.21,0.01,0,0.02,0.24
14435,Alia's Carnival! Sacrament,PSV,2015,Adventure,dramatic create,0,0,0.03,0,0.03
11072,Bleach: Heat the Soul 6,PSP,2009,Fighting,Sony Computer Entertainment,0,0,0.09,0,0.09
1935,Disney Universe,Wii,2011,Action,Disney Interactive Studios,0.67,0.3,0,0.1,1.07
5808,My Virtual Tutor: Reading Adventure Pre-K to Kindergarten,DS,2009,Misc,Mentor Interactive,0.29,0,0,0.02,0.31
254,Resistance: Fall of Man,PS3,2006,Shooter,Sony Computer Entertainment,1.73,1.73,0.14,0.75,4.35
9327,Queen's Gate: Spiral Chaos,PSP,2011,Role-Playing,Namco Bandai Games,0,0,0.14,0,0.14
10987,Pro Evolution Soccer 2012,PC,2011,Action,Konami Digital Entertainment,0,0.07,0,0.02,0.09
4832,18 Wheeler: American Pro Trucker,PS2,2001,Racing,Acclaim Entertainment,0.2,0.15,0,0.05,0.4
5894,Macross Digital Mission VF-X,PS,1997,Simulation,Namco Bandai Games,0,0,0.28,0.02,0.3
13651,Saint Seiya: Soldiers' Soul,PS3,2015,Fighting,Namco Bandai Games,0,0,0.04,0,0.04
3567,Arena Football,PS2,2006,Sports,Electronic Arts,0.28,0.22,0,0.07,0.56
13148,The Lost Vikings,GBA,2003,Puzzle,Activision,0.04,0.01,0,0,0.05
8667,Michael Jackson: The Experience,PSP,2010,Misc,Ubisoft,0.11,0.03,0,0.02,0.16
7089,Soldier of Fortune II: Double Helix,XB,2003,Shooter,Activision,0.17,0.05,0,0.01,0.23
14544,Curious George,XB,2006,Action,Namco Bandai Games,0.02,0.01,0,0,0.03
7359,The BIGS 2,X360,2009,Sports,Take-Two Interactive,0.19,0.01,0,0.02,0.21
4097,Silent Hill: Shattered Memories,Wii,2009,Action,Konami Digital Entertainment,0.23,0.19,0.01,0.05,0.48
7521,Sengoku Basara 2 Heroes,PS2,2007,Action,Capcom,0,0,0.2,0,0.2
8821,Kingdom of Paradise,PSP,2005,Role-Playing,Sony Computer Entertainment,0.14,0,0,0.01,0.15
8790,Marvel Super Hero Squad: The Infinity Gauntlet,X360,2010,Action,THQ,0.12,0.02,0,0.01,0.15
13934,Suzumiya Haruhi no Tsuisou,PSP,2011,Adventure,Namco Bandai Games,0,0,0.04,0,0.04
9840,Dodge Racing: Charger vs Challenger,Wii,2009,Racing,Zushi Games,0.11,0,0,0.01,0.12
14833,Senran Kagura: Bon Appétit!,PSV,2014,Misc,Marvelous Entertainment,0,0,0.03,0,0.03
2298,Mini-Yonku Shining Scorpion: Let's & Go!!,SNES,1996,Racing,ASCII Entertainment,0,0,0.9,0,0.9
16312,Rally Championship,GC,2003,Racing,SCi,0.01,0,0,0,0.01
4246,Wolfenstein: The New Order,PC,2014,Shooter,Bethesda Softworks,0.12,0.29,0,0.05,0.46
14762,Demon Driver: Time to Burn Rubber!,GBA,2003,Racing,Ignition Entertainment,0.02,0.01,0,0,0.03
7418,WinBack: Covert Operations,N64,1999,Shooter,Virgin Interactive,0.17,0.04,0,0,0.21
6078,Namco Museum Vol.2,PS,1996,Misc,Sony Computer Entertainment,0.03,0.02,0.21,0.02,0.29
7463,NCAA March Madness 07,X360,2007,Sports,Electronic Arts,0.19,0,0,0.02,0.21
5059,Saints Row: The Third,PC,2011,Action,THQ,0.16,0.16,0,0.06,0.38
7151,Assault,2600,1982,Action,Bomb,0.21,0.01,0,0,0.22
4238,F.E.A.R. 3,PS3,2011,Shooter,Warner Bros. Interactive Entertainment,0.21,0.17,0.01,0.07,0.46
11847,Mucha Lucha! Mascaritas of the Lost Code,GBA,2003,Fighting,Ubisoft,0.05,0.02,0,0,0.07
6280,Need for Speed: Most Wanted,DS,2005,Racing,Electronic Arts,0.24,0.01,0,0.02,0.27
674,Donkey Kong Land II,GB,1996,Platform,Nintendo,1.39,0.48,0.4,0.08,2.35
7526,Major League Baseball 2K11,PS3,2011,Sports,Take-Two Interactive,0.15,0.03,0,0.02,0.2
12906,Arcana Heart 3,X360,2011,Fighting,PQube,0,0.03,0.02,0,0.05
5120,Rage,PC,2011,Shooter,Bethesda Softworks,0.14,0.18,0,0.06,0.37
243,Dragon Quest VII: Warriors of Eden,PS,2000,Role-Playing,Enix Corporation,0.2,0.14,4.1,0.02,4.47
15214,Koisuru Otome to Shugo no Tate: The Shield of AIGIS,PS2,2008,Adventure,Alchemist,0,0,0.02,0,0.02
12902,Medabots: Infinity,GC,2003,Role-Playing,Ubisoft,0.04,0.01,0,0,0.05
16292,The Train Giant,PC,2012,Strategy,Ascaron Entertainment,0,0.01,0,0,0.01
6961,Wizards of Waverly Place: Spellbound,DS,2010,Misc,Disney Interactive Studios,0.16,0.06,0,0.02,0.23
8419,WRC 2: FIA World Rally Championship,PS3,2011,Racing,Ubisoft,0,0.13,0,0.04,0.17
9077,Terminator 3: Rise of the Machines,XB,2003,Action,Atari,0.11,0.03,0,0.01,0.14
15940,Oyaku de Asoberu DS Ehon: Ukkari Penelope,DS,2008,Simulation,Tecmo Koei,0,0,0.02,0,0.02
4884,LEGO The Lord of the Rings,3DS,2012,Action,Warner Bros. Interactive Entertainment,0.19,0.17,0,0.03,0.39
5987,Majin and the Forsaken Kingdom,PS3,2010,Adventure,Namco Bandai Games,0.09,0.14,0.01,0.05,0.29
3410,Smurf: Rescue In Gargamel's Castle,2600,1981,Action,Coleco,0.55,0.03,0,0.01,0.59
13391,Rugby World Cup 2015,X360,2015,Sports,Ubisoft,0,0.04,0,0,0.05
4596,Big Strike Bowling,PS,2003,Sports,Gotham Games,0.23,0.16,0,0.03,0.42
8526,Heroes over Europe,PS3,2009,Simulation,Ubisoft,0.12,0.02,0,0.02,0.16
9141,X-Blades,X360,2009,Action,SouthPeak Games,0.1,0.02,0.02,0.01,0.14
12036,Trick DS-han: Kakushi Kami no Sumukan,DS,2010,Misc,Konami Digital Entertainment,0,0,0.07,0,0.07
13842,Kidou Gekidan Haro Ichiza Gundam Mahjong DS: Oyaji nimo Agarareta koto nai noni!,DS,2005,Misc,Namco Bandai Games,0,0,0.04,0,0.04
7061,Risen 2: Dark Waters,PC,2012,Role-Playing,Deep Silver,0,0.19,0,0.04,0.23
2235,Mega Man 4,NES,1991,Platform,Capcom,0.51,0.09,0.32,0.01,0.93
15681,50 Classic Games,3DS,2012,Misc,Avanquest Software,0,0.02,0,0,0.02
7199,Tony Hawk's Downhill Jam,DS,2006,Sports,Activision,0.2,0,0,0.02,0.22
5411,Rayman Legends,XOne,2014,Platform,Ubisoft,0.13,0.18,0,0.03,0.34
8423,Nobunaga no Yabou: Tenshoki,SNES,1996,Strategy,Tecmo Koei,0,0,0.17,0,0.17
5947,MLB SlugFest Loaded,PS2,2004,Sports,Midway Games,0.14,0.11,0,0.04,0.3
3810,The Lord of the Rings: The Two Towers,GC,2002,Action,Electronic Arts,0.41,0.11,0,0.01,0.53
7832,Binary Domain,X360,2012,Action,Sega,0.09,0.07,0.02,0.02,0.19
16264,Naxat Soft Reachmania Vol. 1: CR Galaxy Angel,PS2,2008,Misc,Naxat Soft,0,0,0.01,0,0.01
6908,Dora the Explorer: Super Star Adventures,GBA,2004,Adventure,Game Factory,0.17,0.06,0,0,0.24
2140,Grand Theft Auto: Vice City Stories,PS2,2007,Action,Take-Two Interactive,0.78,0.03,0.03,0.13,0.97
2296,Tiger Woods PGA Tour 2002,PS2,2002,Sports,Electronic Arts,0.44,0.35,0,0.12,0.9
7287,J-League Winning Eleven 2008: Club Championship,PS2,2008,Sports,Konami Digital Entertainment,0,0,0.22,0,0.22
1307,Super Monkey Ball,GC,2001,Puzzle,Atari,0.95,0.37,0.1,0.04,1.46
14732,Guild Wars: Nightfall,PC,2006,Role-Playing,NCSoft,0,0.02,0,0.01,0.03
2885,LEGO Racers,N64,1999,Racing,LEGO Media,0.51,0.18,0,0.01,0.71
6771,Disney's Planes,DS,2013,Simulation,Disney Interactive Studios,0.13,0.1,0,0.02,0.25
1240,Call of Duty 3,PS3,2006,Shooter,Activision,0.6,0.63,0.03,0.26,1.52
3992,The Saboteur,PS3,2009,Action,Electronic Arts,0.2,0.22,0,0.08,0.5
2068,UFC Undisputed 3,X360,2012,Action,THQ,0.72,0.21,0,0.07,1
10959,Resident Evil Chronicles HD,PS3,2012,Shooter,Capcom,0,0,0.09,0,0.09
13408,Wolfenstein,PC,2009,Shooter,Activision,0.01,0.03,0,0.01,0.05
16570,Fujiko F. Fujio Characters: Great Assembly! Slightly Fantastic Slapstick Party,3DS,2014,Action,Namco Bandai Games,0,0,0.01,0,0.01
14146,Rapala Tournament Fishing!,X360,2006,Sports,Activision,0.03,0,0,0,0.03
8831,Final Fantasy XI: Vana'diel Collection 2008,X360,2007,Role-Playing,Square Enix,0.13,0,0.01,0.01,0.15
947,World of Warcraft: Mists of Pandaria,PC,2012,Role-Playing,Activision,0.84,0.76,0,0.23,1.83
12581,TrackMania Turbo,XOne,2016,Action,Ubisoft,0.02,0.03,0,0,0.06
6363,Etrian Odyssey II: Heroes of Lagaard,DS,2008,Role-Playing,Atlus,0.1,0,0.16,0.01,0.27
10327,Railroad Tycoon II,PS,1999,Strategy,PopTop Software,0.06,0.04,0,0.01,0.11
5873,Tom Clancy's Splinter Cell 3D,3DS,2011,Action,Ubisoft,0.14,0.07,0.07,0.02,0.3
5970,Need for Speed Underground,GBA,2003,Racing,Electronic Arts,0.21,0.08,0,0.01,0.29
6083,Tomba! 2: The Evil Swine Return,PS,1999,Platform,Sony Computer Entertainment,0.16,0.11,0,0.02,0.29
12310,Kiniro no Corda 2,PS2,2007,Role-Playing,Tecmo Koei,0,0,0.06,0,0.06
1319,Batman: Arkham Knight,XOne,2015,Action,Warner Bros. Interactive Entertainment,0.86,0.46,0,0.13,1.45
11957,Football Manager 2010,PC,2009,Sports,Sega,0,0.06,0,0.01,0.07
5534,The Black Eyed Peas Experience,X360,2011,Misc,Ubisoft,0.2,0.1,0,0.03,0.33
6811,Imagine: Teacher Class Trip,DS,2009,Adventure,Ubisoft,0.1,0.12,0,0.02,0.24
5533,MLB 08: The Show,PSP,2008,Sports,Sony Computer Entertainment,0.3,0,0,0.02,0.33
14057,Half-Minute Hero 2,PSP,N/A,Role-Playing,Rising Star Games,0,0,0.04,0,0.04
11230,Edna & Harvey: Harvey's New Eyes,PC,2011,Adventure,Rondomedia,0,0.07,0,0.01,0.09
15391,Uta no * Prince-Sama,PSP,2010,Adventure,Broccoli,0,0,0.02,0,0.02
4422,Disney Infinity 3.0,WiiU,2015,Action,Disney Interactive Studios,0.2,0.21,0,0.04,0.44
10169,Eragon,PSP,2006,Action,Vivendi Games,0.1,0,0,0.01,0.11
5951,Mah Jong Quest: Expeditions,DS,2007,Puzzle,Avanquest,0.02,0.26,0,0.01,0.3
14265,Driv3r,GBA,2005,Racing,Atari,0.02,0.01,0,0,0.03
11934,Vampire Knight DS,DS,2009,Adventure,D3Publisher,0,0,0.07,0,0.07
11625,Deep Fear,SAT,1998,Adventure,Sega,0,0,0.08,0,0.08
16463,"Horse Life 4: My Horse, My Friend, My Champion",3DS,2015,Action,Unknown,0,0.01,0,0,0.01
8281,Goosebumps HorrorLand,Wii,2008,Adventure,Scholastic Inc.,0.16,0,0,0.01,0.17
14967,Disney's Magical Quest 3 Starring Mickey and Donald,GBA,2003,Action,Capcom,0.02,0.01,0,0,0.02
8497,Zapper: One Wicked Cricket!,PS2,2002,Platform,Infogrames,0.08,0.06,0,0.02,0.16
6737,Dood's Big Adventure,Wii,2010,Platform,THQ,0.22,0.01,0,0.02,0.25
11678,Need for Speed: Most Wanted,PC,2012,Racing,Electronic Arts,0,0.06,0,0.02,0.08
2243,Inazuma Eleven 3,DS,2010,Role-Playing,Level 5,0,0,0.93,0,0.93
8312,Cabela's Legendary Adventures,PSP,2008,Sports,Activision,0.16,0,0,0.01,0.17
4064,Sniper: Art of Victory,PC,2008,Shooter,City Interactive,0,0.45,0,0.03,0.49
7757,Dynasty Warriors: Gundam 2,X360,2008,Action,Namco Bandai Games,0.07,0.03,0.08,0.01,0.19
6063,The Urbz: Sims In the City (US weekly sales),DS,2004,Simulation,Electronic Arts,0.27,0,0,0.02,0.29
12828,Airline Tycoon 2,PC,2011,Simulation,Kalypso Media,0,0.04,0,0.01,0.05
8670,Kidou Senshi Gundam: Giren no Yabou - Axis no Kyoui,PSP,2008,Strategy,Namco Bandai Games,0,0,0.16,0,0.16
7869,Squeeballs Party,Wii,2009,Puzzle,Performance Designed Products,0.18,0,0,0.01,0.19
8251,Dungeon Siege III,PC,2011,Role-Playing,Square Enix,0.08,0.08,0,0.02,0.17
139,Driver,PS,1999,Action,GT Interactive,3.11,2.8,0.02,0.33,6.27
10712,Ben 10 Galactic Racing,X360,2011,Racing,D3Publisher,0.07,0.02,0,0.01,0.1
298,Minecraft,PS4,2014,Misc,Sony Computer Entertainment Europe,1.38,1.87,0.12,0.65,4.02
15864,Arcana Famiglia 2,PSP,2013,Adventure,Comfort,0,0,0.02,0,0.02
5165,Dreamworks Madagascar Kartz,DS,2009,Racing,Activision,0.25,0.08,0,0.03,0.36
4697,Cool Boarders 2001,PS,2000,Sports,Sony Computer Entertainment,0.23,0.16,0,0.03,0.41
2472,Big Mutha Truckers,PS2,2002,Racing,Empire Interactive,0.41,0.32,0,0.11,0.84
2518,Custer's Revenge,2600,1981,Action,Mystique,0.76,0.05,0,0.01,0.82
90,Pac-Man,2600,1982,Puzzle,Atari,7.28,0.45,0,0.08,7.81
407,Star Wars Episode III: Revenge of the Sith,PS2,2005,Action,LucasArts,1.47,1.39,0.03,0.43,3.32
11967,Blast Radius,PS,1998,Action,Psygnosis,0.04,0.03,0,0,0.07
11488,Line Rider 2: Unbound,DS,2008,Puzzle,Deep Silver,0.07,0,0,0.01,0.08
12339,Chou Gekijouban Keroro Gunsou 3: Tenkuu Daibouken de Arimasu!,DS,2008,Action,Namco Bandai Games,0,0,0.06,0,0.06
9894,One Piece: Super Grand Battle! X,3DS,2014,Fighting,Namco Bandai Games,0,0,0.12,0,0.12
12062,Strike Point,PS,1996,Simulation,Elite,0.04,0.03,0,0,0.07
13063,Imagine: Artist,DS,2009,Misc,Ubisoft,0.05,0,0,0,0.05
4619,Test Drive,XB,2002,Racing,Atari,0.35,0.05,0,0.02,0.42
13841,JASF: Jane's Advanced Strike Fighters,PC,2011,Simulation,Deep Silver,0.02,0.01,0,0,0.04
9148,NBA ShootOut 2002,PS,2001,Sports,Sony Computer Entertainment,0.08,0.05,0,0.01,0.14
14312,Captain Morgane and the Golden Turtle,DS,2012,Adventure,Reef Entertainment,0,0.03,0,0,0.03
3738,SSX Tricky,GC,2001,Sports,Electronic Arts,0.42,0.11,0,0.01,0.54
9993,Hasbro Family Game Night Fun Pack,Wii,2011,Misc,Electronic Arts,0.11,0,0,0.01,0.12
13675,Dark Half,SNES,1996,Role-Playing,Enix Corporation,0,0,0.04,0,0.04
1781,Asteroids,PS,1998,Shooter,Success,0.64,0.43,0,0.07,1.15
13150,Yaiba: Ninja Gaiden Z,X360,2014,Action,Tecmo Koei,0.03,0.02,0,0,0.05
67,Final Fantasy VII,PS,1997,Role-Playing,Sony Computer Entertainment,3.01,2.47,3.28,0.96,9.72
15180,Love Once: Mermaid's Tears,PS3,2011,Adventure,Unknown,0,0,0.02,0,0.02
10145,Kousoku Card Battle: Card Hero,DS,2007,Strategy,Nintendo,0,0,0.11,0,0.11
4099,The Legend of the Mystical Ninja,SNES,1991,Adventure,Konami Digital Entertainment,0,0,0.48,0,0.48
11030,Agatha Christie: Evil Under the Sun,Wii,2008,Adventure,The Adventure Company,0.07,0.02,0,0.01,0.09
3739,WWE SmackDown vs. Raw 2010,DS,2009,Fighting,THQ,0.35,0.14,0,0.05,0.54
9489,Shimano Xtreme Fishing,Wii,2009,Sports,Mastiff,0.12,0,0,0.01,0.13
11068,Uta no Prince-Sama: Music 2,PSP,2013,Adventure,Broccoli,0,0,0.09,0,0.09
7559,Earth Defense Force: Insect Armageddon,PS3,2011,Shooter,D3Publisher,0.06,0.04,0.08,0.02,0.2
9022,Diner Dash: Flo on the Go,DS,2009,Puzzle,Zoo Games,0.13,0,0,0.01,0.14
12856,Dual Hearts,PS2,2002,Role-Playing,Sony Computer Entertainment,0.03,0.02,0,0.01,0.05
9959,Deadpool,XOne,2015,Action,Activision,0.08,0.03,0,0.01,0.12
10275,Animal Planet: Vet Life,DS,2009,Simulation,Activision,0.1,0,0,0.01,0.11
8971,Dance Dance Revolution (North America),PS,2001,Simulation,Konami Digital Entertainment,0.08,0.06,0,0.01,0.15
10254,Astro Boy: The Video Game,Wii,2009,Action,D3Publisher,0.1,0,0,0.01,0.11
3971,WWE 2K16,X360,2015,Sports,Take-Two Interactive,0.27,0.19,0,0.04,0.5
14033,Stadium Games,GBA,2003,Sports,Ignition Entertainment,0.03,0.01,0,0,0.04
8041,Alone in the Dark,Wii,2008,Adventure,Atari,0.09,0.08,0,0.02,0.18
1034,Rockstar Games Double Pack: Grand Theft Auto III & Grand Theft Auto Vice City,PS2,2003,Action,Take-Two Interactive,0.85,0.66,0,0.22,1.72
8583,Fighters Destiny,N64,1998,Fighting,Ocean,0.13,0.03,0,0,0.16
1942,Freekstyle,PS2,2002,Racing,Electronic Arts,0.52,0.41,0,0.14,1.06
7423,The King of Fighters '96,SAT,1996,Fighting,SNK,0,0,0.21,0,0.21
9220,Ultimate Muscle - The Kinnikuman Legacy: Legends vs New Generation,GC,2002,Fighting,Namco Bandai Games,0.04,0.01,0.08,0,0.14
10120,Pro Yaky? Spirits 5,PS3,2008,Sports,Konami Digital Entertainment,0,0,0.11,0,0.11
13526,Puyo Puyo Tetris,PS3,2014,Puzzle,Sega,0,0,0.04,0,0.04
3748,Lego Star Wars: The Force Awakens,PS4,2016,Action,Warner Bros. Interactive Entertainment,0.14,0.32,0,0.08,0.54
4875,Hitman: Blood Money,X360,2006,Action,Eidos Interactive,0.29,0.06,0.01,0.03,0.4
11215,XIII,GC,2003,Shooter,Ubisoft,0.07,0.02,0,0,0.09
13544,Gormiti: The Lords of Nature!,Wii,2010,Adventure,Konami Digital Entertainment,0.04,0,0,0,0.04
5225,ESPN NFL Football,XB,2003,Sports,Sega,0.27,0.08,0,0.01,0.36
6576,"SpongeBob SquarePants: Lights, Camera, Pants!",XB,2005,Misc,THQ,0.19,0.06,0,0.01,0.26
1363,Pro Yakyuu Family Stadium '87,NES,1987,Sports,Namco Bandai Games,0.12,0,1.3,0,1.42
6282,Tiny Toon Adventures: Plucky's Big Adventure,PS,2001,Action,Conspiracy Entertainment,0.15,0.1,0,0.02,0.27
8398,Custom Robo Arena,DS,2006,Fighting,Nintendo,0.02,0.02,0.12,0,0.17
10165,Space Chimps,X360,2008,Platform,Brash Entertainment,0.1,0,0,0.01,0.11
10607,Kabushiki Baibai Trainer: Kabutore!,DS,2006,Simulation,Konami Digital Entertainment,0,0,0.1,0,0.1
14651,Tago Akira no Atama no Taisou Dai-2-Shuu: Ginga Oudan Nazotoki Adventure,DS,2009,Adventure,Level 5,0,0,0.03,0,0.03
3227,Shin Megami Tensei: Persona 3 Portable,PSP,2009,Role-Playing,Ghostlight,0.18,0.06,0.34,0.04,0.63
4077,Crash of the Titans,DS,2007,Action,Vivendi Games,0.42,0.02,0,0.04,0.49
5280,Vancouver 2010 - The Official Video Game of the Olympic Winter Games,PS3,2010,Sports,Sega,0.09,0.2,0,0.07,0.35
5594,Shin Megami Tensei: Devil Survivor 2,DS,2011,Role-Playing,Ghostlight,0.17,0.01,0.12,0.01,0.32
4798,Defender,PS2,2002,Misc,Midway Games,0.2,0.15,0,0.05,0.4
13486,Exist Archive: The Other Side of the Sky,PSV,2015,Role-Playing,Aksys Games,0,0,0.04,0,0.04
16324,Jam Sessions: Sing and Play Guitar (jp sales),DS,2007,Misc,Ubisoft,0,0,0.01,0,0.01
6636,Happy Feet,GC,2006,Action,Midway Games,0.2,0.05,0,0.01,0.25
5403,Football Manager Handheld 2008,PSP,2007,Sports,Sega,0,0.34,0,0,0.34
3761,Clock Tower,PS,1996,Adventure,ASCII Entertainment,0.07,0.05,0.38,0.03,0.53
2882,Scooby-Doo 2: Monsters Unleashed,GBA,2004,Action,THQ,0.51,0.19,0,0.01,0.71
6802,Ace Combat: Assault Horizon Legacy,3DS,2011,Simulation,Namco Bandai Games,0.1,0.06,0.08,0.01,0.24
9484,Just Dance: Disney Party,Wii,2012,Misc,Ubisoft,0.01,0.1,0,0.02,0.13
8810,Jikkyou Powerful Pro Yakyuu 2012,PSP,2012,Action,Konami Digital Entertainment,0,0,0.15,0,0.15
1758,Sniper: Ghost Warrior,X360,2010,Shooter,City Interactive,0.54,0.51,0,0.12,1.16
8388,Gunvalkyrie,XB,2002,Shooter,Infogrames,0.13,0.04,0,0.01,0.17
4629,Green Day: Rock Band,PS3,2010,Misc,MTV Games,0.19,0.16,0,0.07,0.42
1515,Adventure,2600,N/A,Adventure,Atari,1.21,0.08,0,0.01,1.3
7915,NASCAR Unleashed,3DS,2011,Racing,Activision,0.18,0,0,0.01,0.19
1838,Sunset Overdrive,XOne,2014,Shooter,Microsoft Game Studios,0.62,0.4,0,0.08,1.11
8965,Pac-Man Party 3D,3DS,2011,Misc,Namco Bandai Games,0.09,0.04,0,0.01,0.15
14662,Fireblade,GC,2002,Action,Midway Games,0.02,0.01,0,0,0.03
7227,Chou-Kuukan Night Pro Yakyuu King(higher JP sales),N64,1996,Sports,Imagineer,0,0,0.22,0,0.22
5394,Silent Hill HD Collection,PS3,2012,Action,Konami Digital Entertainment,0.15,0.11,0.03,0.05,0.34
303,Namco Museum: 50th Anniversary,PS2,2005,Misc,Namco Bandai Games,2.08,1.35,0,0.54,3.98
4447,My Spanish Coach,DS,2007,Misc,Ubisoft,0.4,0.01,0,0.03,0.44
11626,Skeleton Warriors,PS,1996,Platform,Virgin Interactive,0.04,0.03,0,0.01,0.08
202,Resident Evil,PS,1996,Action,Virgin Interactive,2.05,1.16,1.11,0.73,5.05
6009,Dolphin,2600,1983,Action,Activision,0.27,0.02,0,0,0.29
8139,Commandos 2: Men of Courage,PS2,2002,Strategy,Eidos Interactive,0.09,0.07,0,0.02,0.18
7223,Tetris Worlds,GC,2002,Puzzle,THQ,0.17,0.04,0,0.01,0.22
9027,Ratatouille,GC,2007,Action,THQ,0.11,0.03,0,0,0.14
14681,The IdolM@ster: Gravure For You! Vol. 6,PS3,2012,Action,Namco Bandai Games,0,0,0.03,0,0.03
14963,LEGO Harry Potter: Years 1-4,PC,2010,Action,Warner Bros. Interactive Entertainment,0.01,0.01,0,0,0.02
5717,Bust-A-Move Universe,3DS,2011,Puzzle,Square Enix,0.08,0.15,0.06,0.03,0.31
8592,Buck Bumble,N64,1998,Action,Ubisoft,0.13,0.03,0,0,0.16
1018,Portal 2,PS3,2011,Shooter,Valve,0.83,0.63,0.02,0.25,1.74
3437,Kirby's Dream Course,SNES,1994,Sports,Nintendo,0,0,0.59,0,0.59
177,Assassin's Creed II,X360,2009,Action,Ubisoft,3.1,1.56,0.08,0.51,5.27
3185,Red Steel 2,Wii,2010,Shooter,Ubisoft,0.36,0.21,0.01,0.06,0.63
1043,Game Party 3,Wii,2009,Puzzle,Warner Bros. Interactive Entertainment,1.43,0.16,0,0.12,1.71
12910,Animal Planet: Vet Collection,DS,2010,Simulation,Activision,0.05,0,0,0,0.05
6831,Boogie SuperStar,Wii,2008,Misc,Electronic Arts,0.2,0.02,0,0.02,0.24
10473,Boku no Natsuyasumi Portable: Mushi Mushi Hakase to Teppen-yama no Himitsu!!,PSP,2006,Adventure,Sony Computer Entertainment,0,0,0.1,0,0.1
443,Need for Speed III: Hot Pursuit,PS,1998,Racing,Electronic Arts,2.14,0.86,0,0.13,3.12
12643,The History Channel: Battle for the Pacific,X360,2007,Shooter,Activision,0.05,0,0,0,0.06
6634,Power Pro Kun Pocket 2,GB,2000,Sports,Konami Digital Entertainment,0,0,0.25,0,0.25
16150,Chokkan! Asonde Relaxuma,DS,2008,Action,Rocket Company,0,0,0.01,0,0.01
8127,Transformers: Dark of the Moon,Wii,2011,Action,Activision,0.1,0.07,0,0.02,0.18
7249,All-Star Baseball 2002,GC,2001,Sports,Acclaim Entertainment,0.17,0.04,0,0.01,0.22
7906,International Soccer,2600,1981,Sports,Mattel Interactive,0.18,0.01,0,0,0.19
6108,Ice Age: Dawn of the Dinosaurs,Wii,2009,Action,Activision,0.11,0.14,0,0.03,0.28
2264,Crysis 3,X360,2013,Shooter,Electronic Arts,0.51,0.33,0.01,0.08,0.92
4173,Victorious Boxers: Ippo's Road to Glory,PS2,2000,Fighting,Empire Interactive,0.05,0.04,0.38,0.01,0.47
12340,Bionicle Heroes,DS,2006,Shooter,Eidos Interactive,0.06,0,0,0,0.06
14505,Daibakushou: Jinsei Gekijou,SNES,1995,Misc,Taito,0,0,0.03,0,0.03
11908,Tom Clancy's Splinter Cell: Chaos Theory,DS,2005,Action,Ubisoft,0.06,0,0,0.01,0.07
2348,Monster 4X4: World Circuit,Wii,2006,Racing,Ubisoft,0.81,0,0.01,0.07,0.89
5157,Skylanders SWAP Force,PS4,2013,Platform,Activision,0.2,0.12,0,0.05,0.37
6476,Crash Tag Team Racing,PSP,2005,Racing,Vivendi Games,0.16,0.06,0,0.04,0.26
5558,Sniper Elite 3,XOne,2014,Shooter,505 Games,0.19,0.11,0,0.03,0.33
4911,Dancing with the Stars: We Dance!,DS,2008,Misc,Activision,0.36,0,0,0.03,0.39
15634,TMNT: Mutant Melee,XB,2005,Fighting,Konami Digital Entertainment,0.01,0,0,0,0.02
15292,NightTruth: Explanation of the Paranormal - The Making of Nighttruth: Voice Selection,SAT,1996,Misc,Sonnet,0,0,0.02,0,0.02
3135,Paws & Claws: Pet Vet,DS,2007,Simulation,THQ,0.6,0,0,0.05,0.64
15676,Antiphona no Seikahime: Tenshi no Gakufu Op.A,PSP,2009,Role-Playing,Nippon Ichi Software,0,0,0.02,0,0.02
14638,Stellaris,PC,2016,Strategy,Paradox Interactive,0,0.03,0,0,0.03
6185,Monopoly,DS,2010,Misc,Electronic Arts,0.16,0.1,0,0.03,0.28
35,Call of Duty: Black Ops II,PS3,2012,Shooter,Activision,4.99,5.88,0.65,2.52,14.03
11510,Akiba's Trip Plus,PSP,2012,Adventure,Acquire,0,0,0.08,0,0.08
15073,La Corda d'Oro 4,PSV,2016,Action,Tecmo Koei,0,0,0.02,0,0.02
600,Dragon Age: Origins,X360,2009,Role-Playing,Electronic Arts,1.76,0.56,0.03,0.22,2.57
7254,Infinite Space,DS,2009,Role-Playing,Sega,0.07,0.06,0.07,0.01,0.22
14310,The Flintstones: Big Trouble in Bedrock,GBA,2001,Platform,Swing! Entertainment,0.02,0.01,0,0,0.03
13382,Intellivision Lives!,XB,2004,Misc,Crave Entertainment,0.03,0.01,0,0,0.05
13899,Story Hour: Fairy Tales,Wii,2008,Adventure,Zoo Digital Publishing,0.04,0,0,0,0.04
5121,Spider-Man: Friend or Foe,PS2,2007,Action,Activision,0.31,0.01,0,0.05,0.37
5666,Monster Lab,Wii,2008,Role-Playing,Eidos Interactive,0.28,0.02,0,0.02,0.32
669,Tony Hawk's Underground 2,PS2,2004,Sports,Activision,1.25,0.86,0.01,0.26,2.37
12117,Lost Heroes 2,3DS,2015,Action,Namco Bandai Games,0,0,0.07,0,0.07
552,The Legend of Zelda: A Link to the Past,GBA,2002,Action,Nintendo,1.75,0.52,0.33,0.1,2.7
2358,Sleeping Dogs,X360,2012,Action,Square Enix,0.38,0.41,0.01,0.08,0.88
811,Kingdom Hearts: Birth by Sleep,PSP,2010,Role-Playing,Square Enix,0.63,0.42,0.75,0.26,2.07
11765,Zumba Fitness Core,Wii,2012,Misc,505 Games,0,0.07,0,0.01,0.07
530,A Bug's Life,PS,1998,Platform,Sony Computer Entertainment,1.96,0.72,0,0.11,2.79
10645,Harry Potter and the Deathly Hallows - Part 1,PC,2010,Action,Electronic Arts,0.08,0.02,0,0.01,0.1
49,Super Mario Galaxy,Wii,2007,Platform,Nintendo,6.16,3.4,1.2,0.76,11.52
13337,Wing Island,Wii,2006,Simulation,Konami Digital Entertainment,0.03,0.01,0.01,0,0.05
11362,Worms: Open Warfare,DS,2006,Strategy,THQ,0.05,0.03,0,0.01,0.08
10565,Hakuouki Portable,PSP,2009,Adventure,Idea Factory,0,0,0.1,0,0.1
16363,Shirahana no Ori: Hiiro no Kakera 4 - Shiki no Uta,PSP,2013,Adventure,Idea Factory,0,0,0.01,0,0.01
11616,Cosmic Family,Wii,2007,Misc,Ubisoft,0.07,0,0,0.01,0.08
4353,Rock Band Country Track Pack,Wii,2009,Misc,MTV Games,0.42,0,0,0.03,0.45
5974,Guardian Heroes,SAT,1995,Role-Playing,Sega,0,0,0.29,0,0.29
5393,Bee Movie Game,Wii,2007,Action,Activision,0.31,0.01,0,0.03,0.34
2060,Dead or Alive 2,PS2,2000,Fighting,Tecmo Koei,0.3,0.24,0.38,0.08,1
990,WWF Attitude,PS,1998,Fighting,Acclaim Entertainment,1.27,0.42,0,0.07,1.76
8750,Knockout Kings 2003,GC,2002,Sports,Electronic Arts,0.12,0.03,0,0,0.15
16290,TimeShift,PC,2007,Shooter,Vivendi Games,0.01,0,0,0,0.01
10514,Gouketuji Ichizoku 2: Chottodake Saikyou Densetsu,PS,1995,Fighting,Atlus,0,0,0.1,0.01,0.1
78,FIFA 16,PS4,2015,Sports,Electronic Arts,1.11,6.06,0.06,1.26,8.49
13606,Maken Shao: Demon Sword,PS2,2001,Action,Midas Interactive Entertainment,0,0,0.04,0,0.04
14602,Doom,PC,1992,Shooter,id Software,0.02,0,0,0,0.03
12702,Teenage Mutant Ninja Turtles: Tournament Fighters,SNES,1992,Fighting,Konami Digital Entertainment,0,0,0.06,0,0.06
6118,Baby Pals,DS,2007,Simulation,THQ,0.26,0.01,0,0.02,0.28
8285,Dementium: The Ward,DS,2007,Shooter,SouthPeak Games,0.15,0.01,0,0.01,0.17
8351,Disney's Home on the Range,GBA,2004,Action,Disney Interactive Studios,0.12,0.04,0,0,0.17
2343,NFL 2K2,PS2,2001,Sports,Sega,0.44,0.34,0,0.11,0.89
6155,Unreal Championship 2: The Liandri Conflict,XB,N/A,Shooter,Midway Games,0.22,0.05,0,0.01,0.28
13955,Warriors Orochi 3,XOne,2014,Action,Tecmo Koei,0.01,0.03,0,0,0.04
16512,Trine,PC,2009,Action,Nobilis,0,0.01,0,0,0.01
9287,World Soccer Winning Eleven 9 Bonus Pack,PS2,2006,Sports,Konami Digital Entertainment,0,0,0.14,0,0.14
4476,TimeSplitters 2,GC,2002,Shooter,Eidos Interactive,0.34,0.09,0,0.01,0.44
7378,G.I. Joe: The Rise of Cobra,PS3,2009,Action,Electronic Arts,0.11,0.07,0,0.03,0.21
514,FIFA 16,PS3,2015,Sports,Electronic Arts,0.4,1.98,0.05,0.42,2.85
10231,Street Fighter Collection,SAT,1996,Fighting,Capcom,0,0,0.11,0,0.11
5241,Super Robot Taisen A,GBA,2001,Strategy,Banpresto,0,0,0.35,0.01,0.36
5406,MVP 06 NCAA Baseball,XB,2006,Sports,Electronic Arts,0.25,0.07,0,0.01,0.34
13650,World Poker Tour,PSP,2006,Misc,Take-Two Interactive,0.04,0,0,0,0.04
14586,Battle vs. Chess,PC,N/A,Misc,TopWare Interactive,0,0.02,0,0.01,0.03
14884,Wand of Fortune 2 FD: Kimi ni Sasageru Epilogue,PSP,2012,Adventure,Idea Factory,0,0,0.03,0,0.03
11854,Backyard Hockey,DS,2007,Sports,Atari,0.07,0,0,0.01,0.07
283,Super Mario World 2: Yoshi's Island,SNES,1995,Platform,Nintendo,1.65,0.61,1.76,0.09,4.12
13752,Worms 4: Mayhem,XB,2005,Strategy,Codemasters,0.03,0.01,0,0,0.04
2583,Dragon's Dogma,X360,2012,Role-Playing,Capcom,0.42,0.24,0.07,0.06,0.8
6580,Lemony Snicket's A Series of Unfortunate Events,GC,2004,Platform,Activision,0.2,0.05,0,0.01,0.26
1275,007: Quantum of Solace,X360,2008,Action,Activision,0.82,0.52,0.01,0.14,1.49
2432,Army Men: Air Attack,PS,1999,Action,3DO,0.47,0.32,0,0.06,0.85
192,Kirby's Dream Land,GB,1992,Platform,Nintendo,2.71,0.61,1.7,0.11,5.13
1079,Time Crisis,PS,1997,Shooter,Namco Bandai Games,0.38,0.87,0.33,0.1,1.68
8903,Charm Girls Club: Pajama Party,Wii,2009,Misc,Electronic Arts,0.14,0,0,0.01,0.15
15238,Dies Irae: Amantes Amentes,PSP,2012,Action,Views,0,0,0.02,0,0.02
1600,Baldur's Gate: Dark Alliance,PS2,2001,Role-Playing,Virgin Interactive,0.61,0.48,0,0.16,1.24
5459,Deathtrap Dungeon,PS,1998,Action,Eidos Interactive,0.19,0.13,0,0.02,0.33
1745,Final Fantasy Tactics: The War of the Lions,PSP,2007,Role-Playing,Square Enix,0.45,0.25,0.3,0.16,1.16
2988,Hot Shots Golf: Open Tee 2,PSP,2007,Sports,Sony Computer Entertainment,0.21,0.11,0.28,0.08,0.68
14439,Gloria Union,PSP,2011,Role-Playing,Atlus,0,0,0.03,0,0.03
1147,Buzz! The Music Quiz,PS2,2005,Misc,Sony Computer Entertainment,0,1.18,0,0.43,1.61
567,Guitar Hero: World Tour,X360,2008,Misc,Activision,1.78,0.64,0,0.25,2.67
12111,Ninja Warriors,SNES,1993,Action,Titus,0,0,0.07,0,0.07
14784,Divinity II: Flames of Vengeance,PC,2010,Role-Playing,DTP Entertainment,0,0.02,0,0.01,0.03
13428,Toukiden Kiwami,PSP,2014,Action,Tecmo Koei,0,0,0.05,0,0.05
12238,"Warhammer 40,000: Squad Command",DS,2007,Strategy,THQ,0.05,0.01,0,0.01,0.07
217,God of War III,PS3,2010,Action,Sony Computer Entertainment,2.74,1.36,0.12,0.63,4.84
5430,Pirates of the Caribbean: At World's End,X360,2007,Action,Disney Interactive Studios,0.29,0.02,0,0.03,0.34
10524,Culdcept DS,DS,2008,Strategy,Sega,0,0,0.1,0,0.1
15445,Legend of Kay Anniversary,PS4,2015,Action,Nordic Games,0,0.02,0,0,0.02
14567,Real World Golf,XB,2006,Sports,Mad Catz,0.02,0.01,0,0,0.03
10742,EyeToy: Operation Spy,PS2,2005,Action,Sony Computer Entertainment,0.05,0.04,0,0.01,0.1
1693,SpongeBob SquarePants: Revenge of the Flying Dutchman,GBA,2002,Platform,THQ,0.92,0.23,0,0.04,1.19
11,Nintendogs,DS,2005,Simulation,Nintendo,9.07,11,1.93,2.75,24.76
4331,Dead or Alive: Dimensions,3DS,2011,Fighting,Ubisoft Annecy,0.13,0.21,0.07,0.03,0.45
1492,Gyromite,NES,1985,Puzzle,Nintendo,0.73,0.16,0.4,0.03,1.32
8999,Mega Man Powered Up,PSP,2006,Platform,Capcom,0.12,0.01,0,0.02,0.14
2578,Goldeneye 007: Reloaded,PS3,2011,Shooter,Activision,0.33,0.35,0,0.13,0.8
6051,One Piece: Pirate Warriors 3,PS3,2015,Action,Namco Bandai Games,0,0.09,0.19,0.01,0.29
14258,Crash Time: Autobahn Pusuit,X360,2008,Racing,RTL,0.03,0,0,0,0.03
11865,Archer Maclean's 3D Pool,GBA,2003,Misc,Crave Entertainment,0.05,0.02,0,0,0.07
782,Need for Speed: Hot Pursuit 2,PS2,2002,Racing,Electronic Arts,1.68,0.31,0.02,0.09,2.11
16325,Binary Star,PSV,2014,Adventure,Idea Factory,0,0,0.01,0,0.01
5921,SimCity 4,PC,2003,Simulation,Electronic Arts,0.01,0.24,0,0.05,0.3
3611,Fatal Fury Special,SNES,1994,Fighting,Takara,0,0,0.56,0,0.56
16488,Koi Sentai Love & Peace the P.S.P: Power Zenkai! Special Youso Tenkomori de Portable Ka Daisakusen de Aru!,PSP,2012,Action,Broccoli,0,0,0.01,0,0.01
6528,NCAA March Madness 08,PS2,2007,Sports,Electronic Arts,0.13,0.1,0,0.03,0.26
9857,Ultimate Card Games,GBA,2003,Misc,Telegames,0.09,0.03,0,0,0.12
1191,Dark Souls III,PS4,2016,Role-Playing,Namco Bandai Games,0.58,0.44,0.33,0.21,1.56
16153,Accel World: Kasoku no Chouten,PSP,2013,Adventure,Namco Bandai Games,0,0,0.01,0,0.01
8967,Backyard Sports: Sandlot Sluggers,DS,2010,Sports,Atari,0.14,0,0,0.01,0.15
14016,San Goku Shi DS 3,DS,2010,Strategy,Tecmo Koei,0,0,0.04,0,0.04
9068,SBK 2011: FIM Superbike World Championship,PS3,2011,Racing,Black Bean Games,0.01,0.1,0,0.03,0.14
3736,Bratz: Rock Angelz,GBA,2004,Misc,THQ,0.39,0.14,0,0.01,0.54
11321,TOCA Race Driver 3,PS2,2006,Racing,Codemasters,0.04,0.03,0,0.01,0.08
13866,Tsurugi no Machi no Ihoujin: Kuro no Kyuuden,PSV,2015,Role-Playing,Experience Inc.,0,0,0.04,0,0.04
11597,Alien Syndrome,PSP,2007,Role-Playing,Sega,0.07,0,0,0.01,0.08
13194,Around the World in 80 Days,GBA,2004,Action,Hip Interactive,0.03,0.01,0,0,0.05
8912,Battle Stadium D.O.N,PS2,2006,Fighting,Namco Bandai Games,0,0,0.15,0,0.15
11046,Ratchet & Clank Future: Quest for Booty,PS3,2008,Platform,Sony Computer Entertainment,0.01,0.06,0,0.02,0.09
9628,Left Brain Right Brain 2,DS,2008,Misc,Majesco Entertainment,0.12,0,0,0.01,0.13
15160,Ukiyo no Roushi,PSV,2015,Action,Unknown,0,0,0.02,0,0.02
1787,Brave Fencer Musashi,PS,1998,Role-Playing,SquareSoft,0.25,0.17,0.65,0.07,1.14
8711,WordJong,DS,2007,Puzzle,White Park Bay Software,0.13,0.01,0,0.01,0.16
7036,FIFA 14,PSP,2013,Sports,Electronic Arts,0,0.16,0,0.07,0.23
215,Monster Hunter Freedom 3,PSP,2010,Role-Playing,Capcom,0,0,4.87,0,4.87
6242,Warpath: Jurassic Park,PS,1998,Fighting,Electronic Arts,0.15,0.1,0,0.02,0.28
8812,Rudra no Hihou,SNES,1996,Role-Playing,SquareSoft,0,0,0.15,0,0.15
4339,Ghostbusters,2600,1985,Puzzle,Activision,0.42,0.03,0,0,0.45
150,Dragon Quest IX: Sentinels of the Starry Skies,DS,2009,Role-Playing,Nintendo,0.66,0.69,4.35,0.15,5.84
12356,R-Types,PS,1998,Shooter,Virgin Interactive,0.04,0.02,0,0,0.06
3868,SSX On Tour,PS2,2005,Sports,Electronic Arts,0.25,0.2,0,0.07,0.52
6924,PGA Tour 96,PS,1995,Sports,Electronic Arts,0.13,0.09,0,0.02,0.24
3781,Sesame Street: Once Upon A Monster,X360,2011,Misc,Warner Bros. Interactive Entertainment,0.39,0.1,0,0.04,0.53
6111,DeathSmiles,X360,2009,Shooter,Rising Star Games,0.15,0.06,0.05,0.02,0.28
4391,WWE WrestleMania 21,XB,2005,Fighting,THQ,0.34,0.1,0,0.02,0.45
1732,Cabela's Dangerous Hunts,PS2,2003,Sports,Zoo Digital Publishing,0.57,0.45,0,0.15,1.17
16355,Juiced 2: Hot Import Nights,PC,2007,Racing,THQ,0,0.01,0,0,0.01
594,Killzone: Shadow Fall,PS4,2013,Shooter,Sony Computer Entertainment,0.89,1.33,0.07,0.28,2.58
9505,Nicktoons: MLB,X360,2011,Sports,Take-Two Interactive,0.12,0,0,0.01,0.13
9795,Atelier Annie: Alchemists of Sera Island,DS,2009,Role-Playing,Gust,0.08,0,0.03,0.01,0.12
2210,MVP Baseball 2005,XB,2005,Sports,Electronic Arts,0.7,0.2,0,0.03,0.94
14744,Darius II,SAT,1995,Shooter,Taito,0,0,0.03,0,0.03
10191,Disney's Extreme Skate Adventure,XB,2003,Sports,Activision,0.08,0.02,0,0,0.11
10637,Indy Racing 2000,N64,2000,Racing,Infogrames,0.08,0.02,0,0,0.1
15924,Online Chess Kingdoms,PSP,2006,Misc,Konami Digital Entertainment,0.01,0,0,0,0.02
6467,Skylanders: SuperChargers,Wii,2015,Action,Activision,0.05,0.19,0,0.02,0.26
7980,Tekken Tag Tournament 2,WiiU,2012,Fighting,Namco Bandai Games,0.09,0.07,0.01,0.01,0.19
7513,Frogger 3D,3DS,2011,Action,Konami Digital Entertainment,0.16,0.03,0,0.01,0.2
5642,Extreme Pinball,PS,1995,Misc,Electronic Arts,0.18,0.12,0,0.02,0.32
16280,Kono Aozora ni Yakusoku o: Melody of the Sun and Sea,PS2,2007,Adventure,Alchemist,0,0,0.01,0,0.01
10094,The Price is Right: Decades,X360,2011,Misc,Ubisoft,0.11,0,0,0.01,0.11
3196,Monster Hunter 2,PS2,N/A,Role-Playing,Capcom,0,0,0.63,0,0.63
936,Mario Party: Island Tour,3DS,2013,Misc,Nintendo,0.61,0.59,0.55,0.11,1.85
11018,Ghosthunter,PS2,2003,Action,Sony Computer Entertainment,0.04,0.03,0,0.01,0.09
3092,Taiko no Tatsujin DS: Touch de Dokodon!,DS,2007,Misc,Namco Bandai Games,0,0,0.66,0,0.66
2694,Mercenaries: Playground of Destruction,PS2,2005,Action,LucasArts,0.64,0.02,0,0.1,0.76
9649,Legends of Wrestling II,XB,2002,Fighting,Acclaim Entertainment,0.09,0.03,0,0,0.13
2178,SpongeBob SquarePants: Battle for Bikini Bottom,GC,2003,Platform,THQ,0.74,0.19,0,0.03,0.95
7689,Forgotten Realms: Demon Stone,PS2,2004,Action,Atari,0.1,0.08,0,0.03,0.2
3171,White Knight Chronicles II,PS3,2010,Role-Playing,Sony Computer Entertainment,0.23,0.09,0.27,0.05,0.64
1991,MVP Baseball 2003,PS2,2003,Sports,Electronic Arts,0.51,0.4,0,0.13,1.04
13901,Countdown Vampires,PS,1999,Adventure,Namco Bandai Games,0.02,0.01,0,0,0.04
4051,Doom 3 BFG Edition,X360,2012,Shooter,Bethesda Softworks,0.28,0.17,0,0.04,0.49
9711,Echo Night,PS,1998,Adventure,From Software,0.03,0.02,0.07,0.01,0.12
15373,Pippa Funnell: Ranch Rescue,Wii,2007,Adventure,Ubisoft,0,0.02,0,0,0.02
11019,Junior Mystery Quest,DS,2011,Puzzle,GSP,0.07,0.01,0,0.01,0.09
4001,Dreamworks Madagascar Kartz,Wii,2009,Racing,Activision,0.29,0.16,0,0.05,0.5
13062,Expendable,PS,1999,Action,Infogrames,0.03,0.02,0,0,0.05
946,2 Games in 1: Sonic Advance & ChuChu Rocket!,GBA,2005,Misc,THQ,1.31,0.49,0,0.03,1.83
5734,Yu-Gi-Oh! The Dawn of Destiny,XB,2004,Strategy,Konami Digital Entertainment,0.23,0.07,0,0.01,0.31
7537,Drift King Shutokou Battle '94,SNES,1994,Racing,BPS,0,0,0.2,0,0.2
14925,Clover no Kuni no Alice: Wonderful Wonder World,PS2,2010,Adventure,Prototype,0,0,0.02,0,0.02
3268,Halloween,2600,1982,Action,Wizard Video Games,0.58,0.03,0,0.01,0.62
2160,Star Soldier,NES,1986,Shooter,Hudson Soft,0.32,0.06,0.57,0.01,0.96
3936,Euro Truck Simulator,PC,2008,Simulation,Rondomedia,0,0.42,0,0.09,0.51
2325,The Biggest Loser: Ultimate Workout,X360,2010,Sports,THQ,0.73,0.1,0,0.06,0.9
14298,Gotouchi Kenkei DS,DS,2006,Misc,Spike,0,0,0.03,0,0.03
12072,Hoppechan: Minna de Odekake! Waku Waku Hoppe Land!!,3DS,2014,Action,Nippon Columbia,0,0,0.07,0,0.07
4637,The Fairly Odd Parents: Game Boy Advance Video Volume 2,GBA,2004,Misc,N/A,0.3,0.11,0,0.01,0.42
12010,Reader Rabbit 1st Grade,Wii,2010,Misc,Graffiti,0.07,0,0,0,0.07
3504,NCAA Football 10,PS2,2009,Sports,Electronic Arts,0.28,0.22,0,0.07,0.58
8311,Macross Ultimate Frontier,PSP,2009,Action,Namco Bandai Games,0,0,0.17,0,0.17
13078,Tabi no Yubisashi Kaiwachou DS: DS Series 2 Chuugoku,DS,2006,Misc,Nintendo,0,0,0.05,0,0.05
3161,Nicktoons Collection: Game Boy Advance Video Volume 1,GBA,2004,Misc,N/A,0.46,0.17,0,0.01,0.64
6093,Family Guy: Back to the Multiverse,PS3,2012,Action,Activision,0.12,0.12,0,0.05,0.29
10891,Digimon World: Next Order,PSV,2016,Action,Namco Bandai Games,0,0,0.09,0,0.09
2395,Injustice: Gods Among Us,PS4,2013,Fighting,Warner Bros. Interactive Entertainment,0.46,0.29,0,0.12,0.87
10605,Bejeweled Twist,DS,2010,Puzzle,PopCap Games,0,0.09,0,0.01,0.1
15638,Katekyoo Hitman Reborn! Kindan no Yami no Delta,PS2,2008,Action,Marvelous Interactive,0,0,0.02,0,0.02
6862,Harvest Moon: Another Wonderful Life,GC,2004,Role-Playing,Marvelous Interactive,0.19,0.05,0,0.01,0.24
3735,Cars 2,PS3,2011,Racing,Disney Interactive Studios,0.22,0.23,0,0.09,0.54
12073,Divinity: Original Sin,XOne,2015,Role-Playing,Focus Home Interactive,0.04,0.02,0,0.01,0.07
1603,Diddy Kong Racing DS,DS,2007,Racing,Nintendo,1.1,0.04,0,0.1,1.24
1588,Tom Clancy's Rainbow Six: Vegas,PS3,2007,Shooter,Ubisoft,0.47,0.53,0.03,0.22,1.25
3855,Kung Fu Panda,PS3,2008,Action,Activision,0.21,0.21,0,0.09,0.52
2919,Jade Empire,XB,2005,Role-Playing,Microsoft Game Studios,0.48,0.19,0,0.03,0.7
1501,TNN Motor Sports Hardcore 4x4,PS,1996,Racing,ASC Games,0.73,0.5,0,0.09,1.31
1901,MySims Agents,DS,2009,Adventure,Electronic Arts,0.55,0.43,0,0.11,1.08
15135,Rule of Rose,PS2,2006,Action,505 Games,0.01,0.01,0,0,0.02
2913,Kill.Switch,PS2,2003,Shooter,Sony Computer Entertainment,0.34,0.27,0,0.09,0.7
13427,Tabi no Yubisashi Kaiwachou DS: DS Series 1 Thai,DS,2006,Misc,Nintendo,0,0,0.05,0,0.05
553,Onimusha: Warlords,PS2,2001,Action,Virgin Interactive,0.99,0.48,1.09,0.14,2.7
5142,Marvel: Ultimate Alliance,PSP,2006,Role-Playing,Activision,0.33,0,0,0.03,0.37
11383,Exit,PSP,2005,Puzzle,Ubisoft,0.07,0,0,0.01,0.08
7973,Blood Omen 2,XB,2002,Action,Eidos Interactive,0.14,0.04,0,0.01,0.19
8993,Metal Slug 7,DS,2008,Shooter,Ignition Entertainment,0.13,0,0.01,0.01,0.15
11511,Famicom Mini: SD Gundam World Gachapon Senshi - Scramble Wars,GBA,2004,Strategy,Nintendo,0,0,0.08,0,0.08
5760,Doubutsu no Mori,N64,2001,Simulation,Nintendo,0,0,0.26,0.05,0.31
1936,Ridge Racer Revolution,PS,1995,Racing,Sony Computer Entertainment,0.17,0.12,0.71,0.07,1.07
13355,Shaun the Sheep,DS,2008,Adventure,D3Publisher,0.04,0,0,0,0.05
10979,Young Justice: Legacy,PS3,2013,Action,Namco Bandai Games,0.06,0.02,0,0.01,0.09
12105,Grand Ages: Medieval,PS4,2015,Strategy,Kalypso Media,0,0.05,0.01,0.01,0.07
13512,Trollz: Hair Affair!,GBA,2005,Misc,Ubisoft,0.03,0.01,0,0,0.04
8762,Home Run,2600,N/A,Sports,Atari,0.14,0.01,0,0,0.15
6808,BioShock 2,PC,N/A,Shooter,Take-Two Interactive,0.02,0.19,0,0.04,0.24
1181,Spyro 2: Season of Flame,GBA,2002,Platform,Vivendi Games,0.85,0.65,0,0.08,1.58
3953,Looney Tunes: Back in Action,PS2,2003,Platform,Warner Bros. Interactive Entertainment,0.25,0.19,0,0.06,0.5
13291,Cesar Millan's Dog Whisperer,DS,2008,Simulation,Ubisoft,0.04,0,0,0,0.05
16297,Death Connection Portable,PSP,2011,Adventure,Idea Factory,0,0,0.01,0,0.01
5089,Alien: Isolation,PS3,2014,Shooter,Sega,0.12,0.19,0,0.07,0.37
16149,Fuuraiki 3,PSV,2015,Action,Unknown,0,0,0.01,0,0.01
9338,Nobunaga no Yabou: Tendou,PS3,2010,Strategy,Tecmo Koei,0,0,0.13,0,0.13
14794,Runabout 3: Neo Age,PS2,2002,Racing,BAM! Entertainment,0,0,0.03,0,0.03
14974,Omega Quintet,PS4,2014,Role-Playing,Compile Heart,0,0,0.02,0,0.02
7396,Cabela's Survival: Shadows of Katmai,Wii,2011,Sports,Activision,0.15,0.05,0,0.02,0.21
8873,Ford Racing 2,XB,2003,Racing,Empire Interactive,0.11,0.03,0,0.01,0.15
15976,Vitamin X: Detective B6,PSP,2012,Adventure,D3Publisher,0,0,0.02,0,0.02
2354,SingStar Anthems,PS2,2006,Misc,Sony Computer Entertainment,0,0.68,0,0.2,0.89
411,Destiny,XOne,2014,Shooter,Activision,2.13,0.92,0,0.23,3.28
14032,Jane's Hotel,DS,2010,Simulation,Unknown,0.03,0,0,0,0.04
6026,Top Gear Overdrive,N64,1998,Racing,Kemco,0.23,0.06,0,0,0.29
15433,Heroes of the Pacific,PC,2005,Simulation,Codemasters,0,0.02,0,0,0.02
15670,Pulse Racer,XB,2003,Racing,Jaleco,0.01,0,0,0,0.02
12815,SeaBlade,XB,2002,Shooter,TDK Mediactive,0.04,0.01,0,0,0.06
5815,KuruKuru Kururin,GBA,2001,Puzzle,Nintendo,0,0,0.3,0.01,0.31
612,Dragon Warrior,NES,1986,Role-Playing,Capcom,0.49,0,0.52,1.51,2.52
15626,Princess Frontier Portable,PSP,2011,Adventure,Alchemist,0,0,0.02,0,0.02
5149,Shin Megami Tensei II,SNES,1994,Role-Playing,Atlus,0,0,0.37,0,0.37
579,Halo Wars,X360,2009,Strategy,Microsoft Game Studios,1.53,0.82,0.04,0.24,2.63
774,Final Fantasy III,DS,2006,Role-Playing,Square Enix,0.91,0.05,1.07,0.09,2.12
4755,Pro Pinball,PS,1996,Misc,Empire Interactive,0.23,0.15,0,0.03,0.41
9990,Die Hard: Vendetta,GC,2002,Shooter,NDA Productions,0.09,0.02,0,0,0.12
14036,J-League Pro Striker 2,GEN,1994,Sports,Sega,0,0,0.04,0,0.04
16478,Space Raiders,GC,2003,Shooter,Taito,0.01,0,0,0,0.01
13850,The Adventures of Darwin,PS2,2006,Strategy,Essential Games,0.01,0,0.03,0,0.04
4838,MLB 2006,PS2,2005,Sports,Sony Computer Entertainment,0.33,0.01,0,0.05,0.4
4364,Sphinx and the Cursed Mummy,PS2,2003,Action,THQ,0.22,0.17,0,0.06,0.45
1416,Ridge Racer 7,PS3,2006,Racing,Namco Bandai Games,0.24,0.7,0.16,0.26,1.37
8662,FIFA Soccer 97,PS,1996,Sports,Electronic Arts,0.09,0.06,0,0.01,0.16
12827,Captain America: Super Soldier,DS,N/A,Action,Sega,0.05,0,0,0,0.05
8115,Van Helsing,XB,2007,Action,Activision,0.13,0.04,0,0.01,0.18
9688,"Kilari: Na-san, Mon Meilleur Ami",DS,2006,Simulation,Konami Digital Entertainment,0,0,0.12,0,0.12
10288,Deca Sports DS,DS,2009,Sports,Hudson Soft,0.08,0.02,0,0.01,0.11
6855,Grand Slam Tennis 2,PS3,2012,Sports,Electronic Arts,0.09,0.11,0,0.04,0.24
5806,Fate/Extra,PSP,2010,Role-Playing,Marvelous Interactive,0.18,0.01,0.1,0.02,0.31
5401,MX vs. ATV Untamed,Wii,2008,Racing,THQ,0.29,0.03,0,0.03,0.34
15330,Commando: Steel Disaster,DS,2008,Shooter,Lexicon Entertainment,0.02,0,0,0,0.02
16587,Bust-A-Move 3000,GC,2003,Puzzle,Ubisoft,0.01,0,0,0,0.01
3040,007: Quantum of Solace,Wii,2008,Action,Activision,0.3,0.29,0.01,0.07,0.67
15439,Painkiller: Hell & Damnation,X360,2013,Shooter,Nordic Games,0,0.01,0,0,0.02
1920,Doko Demo Issyo,PS,1999,Misc,Sony Computer Entertainment,0,0,1,0.07,1.07
12304,Monster Madness: Grave Danger,PS3,2008,Shooter,SouthPeak Games,0.05,0.01,0,0.01,0.06
4189,Automobili Lamborghini,N64,1997,Racing,Titus,0.28,0.17,0,0.01,0.47
7086,Star Ocean,SNES,1996,Role-Playing,Enix Corporation,0,0,0.23,0,0.23
14540,Master of Monsters: Disciples of Gaia,PS,1997,Strategy,Agetec,0.02,0.01,0,0,0.03
6271,Rapala Pro Bass Fishing 2010,PS3,2010,Sports,Activision,0.18,0.06,0,0.03,0.27
6347,Shadow Man,N64,1999,Action,Acclaim Entertainment,0.18,0.08,0,0.01,0.27
4502,Spec Ops: Covert Assault,PS,2001,Shooter,Take-Two Interactive,0.24,0.16,0,0.03,0.43
16382,Grand Prix Legends,PC,1997,Racing,Vivendi Games,0,0.01,0,0,0.01
8479,World Tour Soccer 2005,PS2,2004,Sports,Sony Computer Entertainment,0.08,0.06,0,0.02,0.16
15673,NEVES,DS,2007,Puzzle,Ignition Entertainment,0.01,0,0,0,0.02
11994,Zettai Zetsumei Toshi 3: Kowareyuku Machi to Kanojyo no Uta,PSP,2009,Action,Irem Software Engineering,0,0,0.07,0,0.07
7391,The Chronicles of Narnia: Prince Caspian,DS,2008,Action,Disney Interactive Studios,0.19,0.01,0,0.02,0.21
9439,Eat Lead: The Return of Matt Hazard,PS3,2009,Shooter,D3Publisher,0.09,0.02,0,0.01,0.13
6666,Medal of Honor European Assault,GC,2005,Shooter,Electronic Arts,0.19,0.05,0,0.01,0.25
2238,Teenage Mutant Ninja Turtles,GBA,2003,Action,Unknown,0.67,0.25,0,0.02,0.93
4614,JGTC: All-Japan Grand Touring Car Championship,PS,1998,Racing,TYO,0.23,0.16,0,0.03,0.42
9559,Cabela's Dangerous Hunts 2009,PS3,2008,Sports,Activision Value,0.12,0,0,0.01,0.13
364,James Bond 007: Agent Under Fire,PS2,2001,Shooter,Electronic Arts,1.9,1.13,0.1,0.41,3.53
11105,Mad Dog McCree: Gunslinger Pack,Wii,2009,Shooter,Majesco Entertainment,0.08,0,0,0.01,0.09
11069,Jambo! Safari Animal Rescue,Wii,2009,Simulation,Sega,0.07,0.01,0,0.01,0.09
11024,Doraemon: Nobita to Midori no Kyojinden DS,DS,2008,Platform,Sega,0,0,0.09,0,0.09
1362,Super Metroid,SNES,1994,Action,Nintendo,0.57,0.12,0.71,0.02,1.42
8886,Brain Boost: Gamma Wave,DS,2005,Puzzle,505 Games,0.14,0,0,0.01,0.15
12217,Mayhem 3D,X360,2011,Racing,Evolved Games,0.06,0,0,0,0.07
999,Hitman: Absolution,X360,2012,Action,Square Enix,0.68,0.9,0.01,0.17,1.76
4485,Mobile Suit Gundam: One Year War,PS2,2005,Action,Namco Bandai Games,0,0,0.44,0,0.44
7917,Sudoku Gridmaster (JP sales),DS,2006,Puzzle,Nintendo,0,0,0.19,0,0.19
10520,America's Next Top Model,DS,2008,Action,Eidos Interactive,0.1,0,0,0.01,0.1
5755,Jikkyou Powerful Pro Yakyuu 4,N64,1997,Sports,Konami Digital Entertainment,0,0,0.26,0.05,0.31
15299,Meitantei Evangelion,PS2,2007,Adventure,Broccoli,0,0,0.02,0,0.02
7920,Monsters vs. Aliens,PS2,2009,Action,Activision,0.11,0,0,0.08,0.19
10057,Mega Man Battle Chip Challenge,GBA,2003,Misc,Capcom,0.08,0.03,0,0,0.11
11453,Yamakawa Shuppansha Kanshuu: Shousetsu Sekaishi B,DS,2007,Misc,Namco Bandai Games,0,0,0.08,0,0.08
9134,Blazing Angels 2: Secret Missions of WWII,X360,2007,Simulation,Ubisoft,0.11,0.02,0,0.01,0.14
15972,Sid Meier's Civilization Revolution 2+,PSV,2015,Strategy,Take-Two Interactive,0,0,0.02,0,0.02
2044,Prince of Persia,X360,2008,Action,Ubisoft,0.54,0.35,0.02,0.1,1.01
15735,Elkrone no Atelier: Dear for Otomate,PSP,2012,Action,Idea Factory,0,0,0.02,0,0.02
638,Sonic Adventure,DC,1998,Platform,Sega,1.26,0.61,0.46,0.08,2.42
2851,MLB 09: The Show,PS3,2009,Sports,Sony Computer Entertainment,0.66,0,0,0.05,0.72
10016,Cabela's North American Adventures,PS3,2010,Sports,Activision,0.11,0,0,0.01,0.11
1878,Virtua Fighter 5,PS3,2007,Fighting,Sega,0.29,0.52,0.08,0.2,1.09
14627,DeathSmiles II,X360,2010,Shooter,Cave,0,0,0.03,0,0.03
4803,Congo Bongo,2600,1982,Action,Sega,0.37,0.02,0,0,0.4
3591,WWE Raw 2,XB,2003,Fighting,THQ,0.43,0.11,0,0.02,0.56
6385,Ratatouille,X360,2007,Action,THQ,0.23,0.02,0,0.02,0.27
13356,Fast & Furious: Showdown,X360,2013,Action,Activision,0,0.04,0,0,0.05
2227,EA Sports Grand Slam Tennis,Wii,2009,Sports,Electronic Arts,0.29,0.52,0.02,0.11,0.93
11982,John Madden Football,SNES,1991,Sports,Imagineer,0,0,0.07,0,0.07
12034,My Dress-Up,DS,2008,Misc,Oxygen Interactive,0.06,0.01,0,0.01,0.07
4066,Spy Hunter 2,PS2,2003,Racing,Midway Games,0.24,0.19,0,0.06,0.49
1136,Tony Hawk's American Wasteland (Old all region sales),PS2,2005,Sports,Activision,0.8,0.63,0.01,0.19,1.62
12170,Disney's Party,GBA,2003,Misc,Hudson Entertainment,0.05,0.02,0,0,0.07
361,Grand Theft Auto: Liberty City Stories,PS2,2006,Action,Take-Two Interactive,1.56,1.4,0.07,0.5,3.54
16017,Nobunaga no Yabou Online: Houou no Shou,PS3,2012,Strategy,Ackkstudios,0,0,0.01,0,0.01
11426,Toukiden 2,PS4,2016,Action,Tecmo Koei,0,0,0.08,0,0.08
7334,EVE: burst error,SAT,1997,Adventure,Imagineer,0,0,0.21,0,0.21
5852,Puyo Puyo 7,DS,2009,Puzzle,Sega,0,0,0.3,0,0.3
14331,East India Company Collection,PC,2010,Misc,Paradox Interactive,0,0.03,0,0,0.03
6162,Tales of the World: Radiant Mythology 3,PSP,2011,Role-Playing,Namco Bandai Games,0,0,0.28,0,0.28
15561,Garfield's Nightmare,DS,2007,Platform,Game Factory,0.01,0,0,0,0.02
2388,Pictionary,Wii,2010,Puzzle,THQ,0.61,0.19,0,0.07,0.87
3841,NCAA Football 2003,XB,2002,Sports,Electronic Arts,0.39,0.11,0,0.02,0.52
14013,World of Goo,PC,2008,Puzzle,2D Boy,0,0.03,0,0.01,0.04
8444,Resident Evil,SAT,1997,Action,Capcom,0,0,0.17,0,0.17
4298,Mother 1+2,GBA,2003,Role-Playing,Nintendo,0,0,0.45,0.01,0.46
9429,RPG Maker II,PS2,2002,Role-Playing,Enterbrain,0.06,0.05,0,0.02,0.13
5888,Quake II,N64,1999,Shooter,Activision,0.24,0.06,0,0,0.3
7307,Armored Core V,X360,2012,Simulation,Namco Bandai Games,0.13,0.03,0.04,0.01,0.22
4472,Taiko no Tatsujin: Doki! Shinkyoku Darake no Haru Matsuri,PS2,2003,Misc,Namco Bandai Games,0,0,0.44,0,0.44
2463,The Incredibles,GC,2004,Action,THQ,0.65,0.17,0,0.02,0.84
14721,Aegis of Earth: Protonovus Assault,PS3,2016,Action,PQube,0.01,0.01,0,0,0.03
8655,Left Brain Right Brain: Use Both Hands Train Both Sides,DS,2007,Misc,505 Games,0.15,0,0,0.01,0.16
8325,Thief: Deadly Shadows,XB,2004,Action,Eidos Interactive,0.13,0.04,0,0.01,0.17
7687,Armored Core 4,PS3,2006,Simulation,505 Games,0.09,0,0.09,0.01,0.2
5470,The Sims 2,GC,2005,Simulation,Electronic Arts,0.26,0.07,0,0.01,0.33
13121,Winning Post World,PS3,2009,Sports,Tecmo Koei,0,0,0.05,0,0.05
9452,The Smurfs 2,X360,2013,Platform,Ubisoft,0.03,0.09,0,0.01,0.13
13265,Fatal Frame II: Crimson Butterfly Director's Cut,XB,2004,Action,Microsoft Game Studios,0.04,0.01,0,0,0.05
6741,"Ed, Edd n Eddy: The Mis-Edventures",GC,2005,Platform,Midway Games,0.19,0.05,0,0.01,0.25
3848,Final Fantasy Explorers,3DS,2014,Role-Playing,Square Enix,0.15,0.07,0.28,0.02,0.52
16433,Golden Time: Vivid Memories,PSV,2014,Adventure,ASCII Media Works,0,0,0.01,0,0.01
9307,Game Party: Champions,WiiU,2012,Action,Warner Bros. Interactive Entertainment,0.09,0.03,0,0.01,0.14
6106,All Star Cheer Squad,DS,2008,Sports,THQ,0.26,0,0,0.02,0.28
4809,WWE SmackDown! vs. RAW 2006,PSP,2005,Fighting,THQ,0.36,0.01,0,0.03,0.4
13766,Hakuouki: Reimeiroku Portable,PSP,2011,Adventure,Idea Factory,0,0,0.04,0,0.04
1498,Cars 2,DS,2011,Racing,Disney Interactive Studios,0.72,0.44,0.04,0.12,1.32
14144,Tour de France 2014,PS4,2014,Sports,Focus Home Interactive,0,0.03,0,0,0.03
4653,Jimmy Neutron: Boy Genius,GBA,2001,Platform,THQ,0.3,0.11,0,0.01,0.42
2553,DiRT 2,X360,2009,Racing,Codemasters,0.32,0.4,0,0.09,0.81
9925,Raiden IV,X360,2008,Shooter,Moss,0.1,0,0.01,0.01,0.12
5657,7 Wonders II,DS,2009,Puzzle,Rondomedia,0.14,0.15,0,0.03,0.32
5804,40 Winks,PS,1999,Platform,GT Interactive,0.17,0.12,0,0.02,0.31
8260,NCAA Football 09 All-Play,Wii,2008,Sports,Electronic Arts,0.16,0,0,0.01,0.17
4209,The Sims 3: Outdoor Living Stuff,PC,2011,Simulation,Electronic Arts,0,0.38,0,0.09,0.47
2319,FIFA Soccer 09 All-Play,Wii,2008,Sports,Electronic Arts,0.29,0.52,0,0.09,0.9
7028,Ultimate Band,DS,2008,Misc,Disney Interactive Studios,0.19,0.02,0,0.02,0.23
7259,You Don't Know Jack,Wii,2011,Misc,THQ,0.2,0,0,0.01,0.22
3990,FIFA 14,PSV,2013,Sports,Electronic Arts,0.11,0.25,0.01,0.13,0.5
6216,iCarly 2: iJoin The Click!,DS,2010,Adventure,Activision,0.26,0.01,0,0.02,0.28
11425,Adventure Time: Explore the Dungeon Because I Don't Know!,X360,2013,Action,D3Publisher,0.03,0.04,0,0.01,0.08
13585,Naruto Shippuuden: Shinobi Retsuden III,DS,2009,Action,Takara Tomy,0,0,0.04,0,0.04
6190,Dead or Alive,PS,1998,Fighting,Sony Computer Entertainment,0.09,0.06,0.1,0.02,0.28
685,Mario Tennis,N64,2000,Sports,Nintendo,0.78,0.4,1.06,0.07,2.32
3213,Call of Duty: Black Ops,DS,2010,Shooter,Activision,0.54,0.05,0,0.04,0.63
15732,Goblin Commander: Unleash the Horde,GC,2003,Strategy,Jaleco,0.01,0,0,0,0.02
10960,Wonder World Amusement Park,DS,2009,Misc,Majesco Entertainment,0.08,0,0,0.01,0.09
15377,Kawaii Koinu DS 3,DS,2010,Simulation,MTO,0,0,0.02,0,0.02
16128,Tantei Jinguuji Saburo DS: Fuserareta Shinjitsu,DS,2009,Adventure,Arc System Works,0,0,0.01,0,0.01
10797,Street Fighter Collection,PS,1997,Fighting,Capcom,0,0,0.09,0.01,0.1
11136,The Suffering: Ties That Bind,XB,2005,Action,Midway Games,0.07,0.02,0,0,0.09
13294,Jewel Quest Mysteries,DS,2009,Puzzle,Astragon,0.03,0.01,0,0,0.05
2669,Freedom Wars,PSV,2014,Role-Playing,Sony Computer Entertainment,0.22,0.14,0.32,0.1,0.77
13730,Harley-Davidson: Road Trip,Wii,2010,Racing,Destineer,0.04,0,0,0,0.04
12179,Age of Empires III: The Asian Dynasties,PC,2007,Strategy,Microsoft Game Studios,0,0.05,0,0.01,0.07
4079,Battlefield: Hardline,PS3,2015,Shooter,Electronic Arts,0.12,0.23,0.07,0.07,0.49
1037,Call of Duty: World at War Final Fronts,PS2,2008,Shooter,Activision,0.61,0.18,0,0.94,1.72
1031,Disney Infinity,Wii,2013,Action,Disney Interactive Studios,1.15,0.44,0,0.14,1.73
8794,The Incredibles: Rise of the Underminer,DS,2005,Action,THQ,0.13,0.01,0,0.01,0.15
14736,Eco Creatures: Save The Forest,DS,2007,Adventure,Rising Star Games,0.03,0,0,0,0.03
15876,Thunder Force VI,PS2,2008,Shooter,Sega,0,0,0.02,0,0.02
12237,12-Sai. Honto no Kimochi,3DS,2014,Adventure,Happinet,0,0,0.07,0,0.07
14770,The Sims 2: Bon Voyage,PC,2007,Simulation,Electronic Arts,0.01,0.01,0,0,0.03
8066,Bloody Roar: Primal Fury,GC,2002,Fighting,Activision,0.14,0.04,0,0,0.18
5989,WinBack: Covert Operations,PS2,2000,Shooter,Midas Interactive Entertainment,0.14,0.11,0,0.04,0.29
5606,Ben 10 Ultimate Alien: Cosmic Destruction,DS,2010,Platform,D3Publisher,0.22,0.08,0,0.03,0.32
6539,RealSports Football,2600,1981,Sports,Atari,0.24,0.01,0,0,0.26
8032,de Blob 2,Wii,2011,Platform,THQ,0.11,0.06,0,0.02,0.18
11789,Record of Agarest War,PS3,2007,Role-Playing,Ghostlight,0,0.03,0.03,0.01,0.07
5040,Cabela's Big Game Hunter 2012,Wii,2011,Sports,Activision,0.34,0.02,0,0.02,0.38
6168,Hannah Montana: Spotlight World Tour,PS2,2008,Action,Disney Interactive Studios,0.12,0.02,0,0.14,0.28
3527,No More Heroes,Wii,2007,Action,Rising Star Games,0.3,0.17,0.04,0.05,0.57
333,Resident Evil 3: Nemesis,PS,1999,Action,Eidos Interactive,1.3,0.77,1.54,0.11,3.72
2478,Time Crisis 4,PS3,2007,Shooter,Namco Bandai Games,0.32,0.33,0.05,0.14,0.84
13131,Dr. Seuss: Green Eggs and Ham,GBA,2003,Action,NewKidCo,0.04,0.01,0,0,0.05
12922,Venetica,PC,2009,Role-Playing,DTP Entertainment,0,0.04,0,0.01,0.05
8719,Namco Museum Vol.5,PS,1996,Misc,Sony Computer Entertainment,0.02,0.01,0.12,0.01,0.15
570,Hannah Montana,DS,2006,Action,Disney Interactive Studios,1.59,0.8,0,0.26,2.65
9727,Guardian's Crusade,PS,1998,Role-Playing,Activision,0.07,0.05,0,0.01,0.12
5042,Iron Man 2,PSP,2010,Action,Sega,0.18,0.12,0,0.07,0.38
1978,NBA 2K3,PS2,2002,Sports,Sega,0.51,0.4,0,0.13,1.05
14242,Yumeiro Patissiere: My Sweets Cooking,DS,2010,Simulation,Konami Digital Entertainment,0,0,0.03,0,0.03
11217,Dynasty Warriors 8: Empires,PS3,2014,Action,Tecmo Koei,0,0,0.09,0,0.09
15749,Summer Challenge: Athletics Tournament,Wii,2011,Sports,PQube,0,0.01,0,0,0.02
7821,Plants vs. Zombies,PS3,2011,Strategy,PopCap Games,0.18,0,0,0.01,0.19
2339,Finding Nemo,GC,2003,Action,THQ,0.69,0.18,0,0.02,0.89
9596,The Price is Right: Decades,Wii,2011,Misc,Ubisoft,0.12,0,0,0.01,0.13
9262,SNK vs. Capcom: The Match of the Millennium,PS2,2006,Fighting,Sega,0,0.02,0,0.12,0.14
11338,Aliens versus Predator: Extinction,XB,2003,Strategy,Electronic Arts,0.06,0.02,0,0,0.08
8808,Metal Slug Anthology,Wii,2006,Shooter,Ignition Entertainment,0.12,0.01,0,0.01,0.15
9473,Hasbro Family Fun Pack,XOne,2015,Misc,Ubisoft,0.1,0.02,0,0.01,0.13
4873,Naruto: Path of the Ninja,DS,2007,Role-Playing,D3Publisher,0.37,0,0,0.03,0.4
11668,Legend of the Guardians: The Owls of Ga'Hoole,X360,2010,Action,Warner Bros. Interactive Entertainment,0.06,0.01,0,0.01,0.08
5536,Spy Kids 3-D: Game Over,GBA,2003,Platform,Disney Interactive Studios,0.24,0.09,0,0.01,0.33
4780,Disney's Hercules / Disney's The Jungle Book: Groove Party / A Bug's Life,PS,2003,Misc,Sony Computer Entertainment,0.23,0.15,0,0.03,0.4
12816,Jikkyou Powerful Pro Yakyuu DreamCast Edition,DC,2000,Sports,Konami Digital Entertainment,0,0,0.06,0,0.06
5871,The Sims 2,PC,2004,Simulation,Electronic Arts,0.02,0.24,0,0.05,0.3
6692,Gex 64: Enter the Gecko,N64,1998,Action,GT Interactive,0.2,0.05,0,0,0.25
15383,Cross Treasures,DS,2009,Role-Playing,Square Enix,0,0,0.02,0,0.02
15100,Enchanted Arms (JP sales),X360,2006,Role-Playing,Ubisoft,0,0,0.02,0,0.02
1213,Dark Cloud,PS2,2000,Role-Playing,Sony Computer Entertainment,0.83,0.44,0.08,0.19,1.54
4558,Midway Arcade Treasures,XB,2003,Misc,Midway Games,0.33,0.08,0,0.01,0.43
11118,Kurikin: Nano Island Story,DS,2007,Role-Playing,Nintendo,0,0,0.09,0,0.09
6144,F/A-18F Super Hornet,GBA,2004,Simulation,Majesco Entertainment,0.2,0.08,0,0.01,0.28
2503,MediEvil,PS,1998,Platform,Sony Computer Entertainment,0.46,0.31,0,0.05,0.83
6650,Cartoon Network Collection: Game Boy Advance Video Volume 1,GBA,2004,Misc,N/A,0.18,0.07,0,0,0.25
16376,Meru Purana,PS,1996,Strategy,Gust,0,0,0.01,0,0.01
5422,Herbie: Fully Loaded,GBA,2005,Racing,Disney Interactive Studios,0.24,0.09,0,0.01,0.34
15821,Command & Conquer 4: Tiberian Twilight,PC,2010,Strategy,Electronic Arts,0,0.01,0,0,0.02
4270,The Mark of Kri,PS2,2002,Action,Sony Computer Entertainment,0.22,0.18,0,0.06,0.46
12873,Front Mission Evolved,PC,2010,Shooter,Square Enix,0.05,0,0,0,0.05
14726,Dakar 2: The World's Ultimate Rally,GC,2003,Racing,Acclaim Entertainment,0.02,0.01,0,0,0.03
15708,Sarah: Keeper of the Unicorn,DS,2009,Adventure,DreamCatcher Interactive,0.02,0,0,0,0.02
5153,Need for Speed: The Run,PC,2011,Action,Electronic Arts,0.09,0.21,0,0.07,0.37
10615,USA Today Puzzle Craze,DS,2009,Puzzle,Destineer,0.09,0,0,0.01,0.1
1109,Mario Party 6,GC,2004,Misc,Nintendo,0.9,0.11,0.6,0.05,1.65
6661,Dynasty Warriors 6 (JP sales),PS2,2008,Action,Tecmo Koei,0,0,0.25,0,0.25
1624,Vigilante 8,PS,1998,Racing,Activision,0.68,0.47,0,0.08,1.23
7258,From Russia With Love,GC,2005,Action,Electronic Arts,0.17,0.04,0,0.01,0.22
1028,Overwatch,PS4,2016,Shooter,Activision,0.64,0.68,0.14,0.26,1.73
11947,Loons: The Fight For Fame,XB,2002,Action,Atari,0.05,0.02,0,0,0.07
4387,NBA Live 10,X360,2009,Sports,Electronic Arts,0.4,0.02,0,0.03,0.45
3155,NBA Live 06,XB,2005,Sports,Electronic Arts,0.57,0.04,0,0.03,0.64
6975,Star Wars: The Force Unleashed II,DS,2010,Action,LucasArts,0.18,0.04,0,0.02,0.23
10200,FlatOut: Ultimate Carnage,X360,2007,Racing,Empire Interactive,0.07,0.03,0,0.01,0.11
1641,Parfait: Chocolat Second Style,PS2,2006,Adventure,Alchemist,0.59,0.46,0.01,0.15,1.22
13342,F1 2015,PC,2015,Racing,Codemasters,0,0.04,0,0,0.05
7245,Shellshock: Nam '67,XB,2004,Shooter,Eidos Interactive,0.16,0.05,0,0.01,0.22
5931,Dragon Quest Builders: Revive Alefgard,PSV,2016,Role-Playing,Square Enix,0,0,0.3,0,0.3
1756,Test Drive: Off Road,PS,1997,Racing,Eidos Interactive,0.65,0.44,0,0.08,1.16
8637,Chessmaster: The Art of Learning,DS,2007,Misc,Ubisoft,0.12,0.03,0,0.01,0.16
3397,Iron Man,Wii,2008,Action,Sega,0.31,0.22,0,0.06,0.59
7601,Afro Samurai,PS3,2009,Action,Atari,0.12,0.05,0,0.03,0.2
5682,Cabela's Dangerous Hunts 2011,X360,2010,Sports,Activision,0.28,0.01,0,0.02,0.32
4115,Go Diego Go! Great Dinosaur Rescue,DS,2008,Action,Take-Two Interactive,0.44,0.01,0,0.03,0.48
12109,Super Real Mahjong Graffiti,SAT,1995,Misc,Seta Corporation,0,0,0.07,0,0.07
4935,BattleTanx: Global Assault,N64,1999,Action,3DO,0.31,0.07,0,0,0.39
14192,Batman Forever: The Arcade Game,PS,1996,Action,Acclaim Entertainment,0.02,0.01,0,0,0.03
7214,Dungeon Hunter Alliance,PSV,2012,Action,Ubisoft,0.09,0.1,0,0.04,0.22
9944,The Lord of the Rings: Aragorn's Quest,PSP,2010,Action,Warner Bros. Interactive Entertainment,0.07,0.02,0,0.02,0.12
12085,Dynasty Warriors DS: Fighter's Battle,DS,2007,Action,Tecmo Koei,0.04,0,0.03,0,0.07
11270,Disgaea Infinite,PSP,2010,Adventure,Nippon Ichi Software,0.07,0,0.01,0.01,0.08
9118,MX vs. ATV Reflex,DS,2009,Racing,THQ,0.13,0,0,0.01,0.14
11770,Boxing,PS,2000,Fighting,Midas Interactive Entertainment,0.04,0.03,0,0,0.07
2687,Cabela's Deer Hunt: 2004 Season,PS2,2003,Sports,Activision Value,0.37,0.29,0,0.1,0.76
10708,Little League World Series Baseball 2010,X360,2010,Sports,Activision,0.09,0,0,0.01,0.1
11514,Dragon Ball Z: Battle of Z,X360,2014,Fighting,Namco Bandai Games,0.01,0.06,0,0.01,0.08
5903,NBA Live 2003,GC,N/A,Sports,Electronic Arts,0.23,0.06,0,0.01,0.3
15477,Natsuiro High School: Seishun Hakusho,PS4,2015,Action,D3Publisher,0,0,0.02,0,0.02
10242,Breakout,PS,1999,Puzzle,Hasbro Interactive,0.06,0.04,0,0.01,0.11
11490,Persona 4: Arena Ultimax,X360,2014,Fighting,Atlus,0.06,0.01,0,0.01,0.08
1402,The Sims 2,PSP,2005,Simulation,Electronic Arts,0.49,0.56,0,0.33,1.38
9142,Gretzky NHL 06,PS2,2005,Sports,Sony Computer Entertainment,0.07,0.05,0,0.02,0.14
10155,Spyborgs,Wii,2009,Action,Capcom,0.1,0.01,0,0.01,0.11
2150,The Sims 2,DS,2005,Simulation,Electronic Arts,0.82,0.07,0,0.07,0.96
14141,World Series of Poker: Tournament of Champions 2007 Edition,PS2,2006,Misc,Activision,0.02,0.01,0,0,0.03
6837,Kill.Switch,XB,2003,Shooter,Namco Bandai Games,0.18,0.05,0,0.01,0.24
230,Tomb Raider,PS,1996,Action,Eidos Interactive,2.29,1.97,0.13,0.24,4.63
3385,Hot Wheels: Stunt Track Challenge,PS2,2004,Racing,THQ,0.29,0.23,0,0.08,0.59
932,NBA Live 2002,PS2,2001,Sports,Electronic Arts,0.91,0.71,0,0.24,1.86
10718,The BIGS 2,PSP,2009,Sports,Take-Two Interactive,0.09,0,0,0.01,0.1
12890,MLB SlugFest 2006,XB,2006,Sports,Midway Games,0.04,0.01,0,0,0.05
5575,Dead Space 2,PC,2011,Shooter,Electronic Arts,0.13,0.15,0,0.05,0.33
14899,Psycho-Pass: Mandatory Happiness,PS4,2016,Adventure,Nippon Ichi Software,0.02,0,0,0,0.03
12302,Akagawa Jirou Mystery: Yasoukyoku - Hon ni Manekareta Satsujin,DS,2008,Adventure,Marvelous Interactive,0,0,0.06,0,0.06
14775,My Frogger: Toy Trials,DS,2006,Action,Konami Digital Entertainment,0.02,0,0,0,0.03
5602,NBA Street V3,XB,2005,Sports,Electronic Arts,0.28,0.03,0,0.01,0.32
7159,Conflict: Vietnam,XB,2004,Shooter,SCi,0.17,0.05,0,0.01,0.22
8493,Clash of the Titans,X360,2010,Action,Namco Bandai Games,0.08,0.06,0,0.02,0.16
8118,MindJack,PS3,2011,Shooter,Square Enix,0.07,0.08,0,0.03,0.18
12772,Dance Dance Revolution: Mario Mix (JP sales),GC,2005,Simulation,Nintendo,0,0,0.05,0,0.06
13156,Pirates vs Ninja Dodgeball,Wii,2009,Sports,SouthPeak Games,0.05,0,0,0,0.05
7080,Tales of VS.,PSP,2009,Fighting,Namco Bandai Games,0,0,0.23,0,0.23
13661,Mazes of Fate DS,DS,2008,Role-Playing,Graffiti,0.04,0,0,0,0.04
3647,50 Classic Games,DS,2009,Misc,Destineer,0.52,0,0,0.04,0.55
15846,Otona no Renai Shousetsu: Harlequin Selection,DS,2010,Misc,Nintendo,0,0,0.02,0,0.02
13343,SD Gundam G Generation World,Wii,2011,Strategy,Namco Bandai Games,0,0,0.05,0,0.05
4265,Deadpool,X360,2013,Action,Activision,0.26,0.16,0,0.04,0.46
8597,Dragon Ball: Origins 2,DS,2010,Action,Namco Bandai Games,0.05,0.02,0.08,0.01,0.16
1085,SSX 3,PS2,2003,Sports,Electronic Arts,0.93,0.52,0,0.22,1.67
10241,Michael Phelps: Push the Limit,X360,2011,Sports,505 Games,0.09,0.01,0,0.01,0.11
11450,Smuggler's Run: Warzones,GC,2002,Misc,Take-Two Interactive,0.06,0.02,0,0,0.08
5768,J-League Winning Eleven 2007: Club Championship,PS2,2007,Sports,Konami Digital Entertainment,0,0,0.31,0,0.31
4399,Walt Disney World Quest: Magical Racing Tour,PS,2000,Racing,Eidos Interactive,0.25,0.17,0,0.03,0.45
15063,DemiKids: Dark Version,GBA,2002,Role-Playing,Atlus,0.02,0.01,0,0,0.02
11198,My Make-Up,DS,2008,Misc,Oxygen Interactive,0.08,0,0,0.01,0.09
2959,Dragon Ball Z: Budokai,GC,2003,Fighting,Atari,0.53,0.14,0,0.02,0.69
4724,SpongeBob SquigglePants,Wii,2011,Misc,THQ,0.36,0.03,0,0.03,0.41
10076,Blood Drive,X360,2010,Racing,Activision,0.09,0.01,0,0.01,0.11
13832,BlazBlue: Chrono Phantasma Extend,PS3,2015,Action,PQube,0,0,0.04,0,0.04
15883,Command & Conquer Collection,PC,2003,Strategy,Electronic Arts,0.01,0,0,0,0.02
13440,Activision Anthology,GBA,2003,Misc,Activision,0.03,0.01,0,0,0.05
13201,Major League Baseball 2K11,PS2,2011,Sports,Take-Two Interactive,0.02,0.02,0,0.01,0.05
10324,Patapon 2,PSP,2008,Misc,Sony Computer Entertainment,0,0.03,0.06,0.01,0.11
14759,The Perfect Golf,PS,1995,Sports,Seta Corporation,0,0,0.03,0,0.03
6381,Fire Emblem: Shin Monshou no Nazo Hikari to Kage no Eiyuu,DS,2010,Strategy,Nintendo,0,0,0.27,0,0.27
16277,Farming Simulator 15 Expansion Pack,PC,2015,Action,Focus Home Interactive,0,0.01,0,0,0.01
9691,Obscure: The Aftermath,Wii,2008,Action,Playlogic Game Factory,0.12,0,0,0.01,0.12
3797,We Cheer,Wii,2008,Simulation,505 Games,0.48,0,0,0.04,0.53
10630,Record of Agarest War Zero,X360,2010,Strategy,Compile Heart,0.09,0,0,0.01,0.1
10475,Macross 30: Ginga o Tsunagu Utagoe,PS3,2013,Shooter,Namco Bandai Games,0,0,0.1,0,0.1
4514,Bionicle,PS2,2003,Action,Electronic Arts,0.21,0.17,0,0.06,0.43
5002,NFL GameDay 2002,PS2,2001,Sports,Sony Computer Entertainment,0.19,0.15,0,0.05,0.38
9971,Stolen Song,PS,1998,Adventure,Sony Computer Entertainment,0,0,0.11,0.01,0.12
12866,Learn Science,DS,2010,Misc,DreamCatcher Interactive,0.05,0,0,0,0.05
2536,Kamaitachi no Yoru,SNES,1994,Adventure,ChunSoft,0,0,0.81,0,0.81
7265,NCAA Basketball 09,X360,2008,Sports,Electronic Arts,0.2,0,0,0.02,0.22
5398,Harry Potter and the Half-Blood Prince,PS3,2009,Action,Electronic Arts,0.15,0.13,0,0.06,0.34
15166,Cities in Motion Collection,PC,2011,Simulation,Unknown,0,0.02,0,0,0.02
9579,Rock Band Track Pack Volume 2,PS3,2008,Misc,MTV Games,0.11,0,0,0.01,0.13
13560,Corpse Party: Book of Shadows,PSP,2011,Adventure,5pb,0,0,0.04,0,0.04
5167,GoldenEye: Rogue Agent,GC,2004,Shooter,Electronic Arts,0.28,0.07,0,0.01,0.36
5696,Shenmue II,XB,2002,Adventure,Microsoft Game Studios,0.22,0.08,0,0.01,0.32
1859,Lode Runner,NES,1984,Puzzle,Hudson Soft,0,0,1.1,0,1.1
80,Halo 2,XB,2004,Shooter,Microsoft Game Studios,6.82,1.53,0.05,0.08,8.49
4505,FIFA 14,PC,2013,Sports,Electronic Arts,0.01,0.36,0,0.06,0.43
10375,Martian Gothic: Unification,PS,2001,Adventure,Take-Two Interactive,0.06,0.04,0,0.01,0.11
761,Volleyball,NES,1987,Sports,Nintendo,0.14,0.03,1.98,0,2.15
13053,Jenga World Tour,Wii,2007,Misc,Atari,0.05,0,0,0,0.05
9867,Medarot 4: Kabuto / Kuwagata Version,GB,2001,Role-Playing,Imagineer,0,0,0.12,0,0.12
4841,Mafia II,PC,2010,Action,Take-Two Interactive,0.17,0.17,0,0.06,0.4
10418,D,PS,1995,Adventure,Acclaim Entertainment,0,0,0.1,0.01,0.11
6951,Epic Mickey 2: The Power of Two,WiiU,2012,Action,Disney Interactive Studios,0.14,0.07,0.01,0.02,0.24
3805,Tiger Woods PGA Tour 11,X360,2010,Sports,Electronic Arts,0.28,0.2,0,0.05,0.53
8590,Starcraft 64,N64,2000,Strategy,Nintendo,0.13,0.03,0,0,0.16
5293,Stunt Race FX,SNES,1993,Racing,Nintendo,0,0,0.35,0,0.35
42,Animal Crossing: Wild World,DS,2005,Simulation,Nintendo,2.55,3.52,5.33,0.88,12.27
3353,LEGO The Hobbit,PS4,2014,Action,Warner Bros. Interactive Entertainment,0.12,0.37,0,0.1,0.6
2749,Madden NFL 06,PSP,2005,Sports,Electronic Arts,0.69,0,0,0.06,0.75
1483,Pokemon Ranger: Guardian Signs,DS,2010,Role-Playing,Nintendo,0.51,0.17,0.58,0.06,1.33
13770,Super Robot Gakuen,DS,2009,Adventure,Namco Bandai Games,0,0,0.04,0,0.04
8535,Ready 2 Rumble Revolution,Wii,2009,Sports,Atari,0.15,0,0,0.01,0.16
3862,That's So Raven 2: Supernatural Style,GBA,2005,Adventure,Disney Interactive Studios,0.37,0.14,0,0.01,0.52
9767,Virtua Fighter CG Portrait Series Vol.4: Pai Chan,SAT,1995,Misc,Sega,0,0,0.12,0,0.12
9753,San Goku Shi V,SAT,1996,Strategy,Tecmo Koei,0,0,0.12,0,0.12
205,Warzone 2100,PS,1999,Strategy,Eidos Interactive,2.79,1.89,0,0.33,5.01
9459,The IdolM@ster: One for All,PS3,2014,Misc,Namco Bandai Games,0,0,0.13,0,0.13
856,Harry Potter and the Chamber of Secrets,PS,2002,Action,Electronic Arts,0.75,1.09,0.02,0.12,1.98
6859,The Price is Right 2010 Edition,Wii,2009,Misc,Ubisoft,0.22,0,0,0.02,0.24
9992,F1 2002,PS2,2002,Racing,Electronic Arts,0.05,0.04,0.02,0.01,0.12
13482,World Championship Spelling,DS,2010,Misc,505 Games,0.04,0,0,0,0.04
15068,F1 Race Stars,PC,2012,Racing,Codemasters,0,0.02,0,0,0.02
1202,007: The World is not Enough,N64,2000,Action,Electronic Arts,1.13,0.38,0.02,0.03,1.55
10537,Math Blaster in the Prime Adventure,DS,2009,Misc,Majesco Entertainment,0.09,0,0,0.01,0.1
2731,Rare Replay,XOne,2015,Misc,Microsoft Game Studios,0.47,0.21,0.01,0.07,0.75
1197,Dishonored,PS3,2012,Action,Bethesda Softworks,0.72,0.54,0.04,0.25,1.55
7944,Remington Super Slam Hunting: North America,Wii,2010,Sports,Mastiff,0.18,0,0,0.01,0.19
2960,NFL Xtreme,PS,1998,Sports,Sony Computer Entertainment,0.38,0.26,0,0.05,0.69
879,FIFA Soccer 09,X360,2008,Sports,Electronic Arts,0.49,1.26,0.01,0.18,1.94
13484,Bionicle Heroes,Wii,2007,Shooter,Eidos Interactive,0.04,0,0,0,0.04
10828,SeaWorld Adventure Parks: Shamu's Deep Sea Adventure,GC,2005,Adventure,Activision,0.07,0.02,0,0,0.09
7858,The Amazing Spider-Man (Console Version),3DS,2012,Action,Activision,0.15,0.03,0,0.01,0.19
5879,Toukiden Kiwami,PSV,2014,Action,Tecmo Koei,0.05,0.05,0.17,0.03,0.3
3139,Spyro: A Hero's Tail,PS2,2004,Platform,Vivendi Games,0.32,0.25,0,0.08,0.64
3501,NFL Blitz 2000,N64,1999,Sports,Midway Games,0.55,0.02,0,0,0.58
3827,The Grinch,PS,1999,Adventure,Konami Digital Entertainment,0.29,0.2,0,0.03,0.52
36,Call of Duty: Black Ops II,X360,2012,Shooter,Activision,8.25,4.3,0.07,1.12,13.73
11212,L: the proLogue to DEATH NOTE - Rasen no Wana,DS,2008,Adventure,Konami Digital Entertainment,0,0,0.09,0,0.09
6542,Tom Clancy's Splinter Cell: Double Agent,PS3,2007,Action,Ubisoft,0.2,0.03,0,0.03,0.26
1653,Cars,PS2,2006,Racing,THQ,1.01,0.04,0,0.16,1.21
12130,Secret Service: Ultimate Sacrifice,PS2,2008,Action,Activision,0.03,0.03,0,0.01,0.07
1201,BioShock 2,PS3,2010,Shooter,Take-Two Interactive,0.85,0.47,0.02,0.22,1.55
15325,Last Escort,PS2,2006,Adventure,D3Publisher,0,0,0.02,0,0.02
14446,Dancing Blade II: Tears of Eden,PS,1999,Adventure,Konami Digital Entertainment,0,0,0.03,0,0.03
15644,Grisaia no Rakuen: Le Eden de la Grisaia,PSV,2014,Adventure,Prototype,0,0,0.02,0,0.02
13877,Shonen Jump's One Piece: Grand Adventure,GC,2006,Fighting,Namco Bandai Games,0.03,0.01,0,0,0.04
7448,Rollcage,PS,1999,Racing,Psygnosis,0.12,0.08,0,0.01,0.21
14818,Renegade Racers,PS,1999,Racing,Interplay,0.01,0.01,0,0,0.03
11370,Supremacy MMA,X360,2011,Fighting,505 Games,0.05,0.03,0,0.01,0.08
2901,Ratchet & Clank: Into the Nexus,PS3,2013,Shooter,Sony Computer Entertainment,0.3,0.29,0,0.11,0.71
7335,We Sing Robbie Williams,Wii,2010,Misc,Nordic Games,0,0.19,0,0.03,0.21
16435,Shinseiki Evangelion: Koutetsu no Girlfriend 2nd Portable,PSP,2009,Adventure,CyberFront,0,0,0.01,0,0.01
2417,The Lord of the Rings: War in the North,PS3,N/A,Action,Warner Bros. Interactive Entertainment,0.25,0.45,0.01,0.15,0.86
5993,Jikkyou Powerful Pro Yakyuu 2000 Kaimakuban,PS,2000,Sports,Konami Digital Entertainment,0,0,0.27,0.02,0.29
10397,Kuroko's Basketball: Miracle Game,PSP,2012,Sports,Namco Bandai Games,0,0,0.11,0,0.11
3372,Xena: Warrior Princess,PS,1998,Adventure,Electronic Arts,0.33,0.23,0,0.04,0.6
6838,Ben 10 Ultimate Alien: Cosmic Destruction,PSP,2010,Platform,D3Publisher,0.1,0.09,0,0.05,0.24
5544,Despicable Me: The Game,Wii,2010,Platform,D3Publisher,0.19,0.12,0,0.03,0.33
7861,Hexen,N64,1996,Shooter,GT Interactive,0.15,0.04,0,0,0.19
15604,Command & Conquer 3: Kane's Wrath,PC,2008,Strategy,Electronic Arts,0,0.01,0,0,0.02
9897,Battles of Prince of Persia,DS,2005,Strategy,Ubisoft,0.1,0.01,0,0.01,0.12
15967,Curse of the Amsterdam Diamond,DS,2012,Puzzle,Easy Interactive,0,0.01,0,0,0.02
11323,Konami Classics Vol. 1,X360,2009,Misc,Konami Digital Entertainment,0.08,0,0,0.01,0.08
4453,Bomberman II,NES,1991,Puzzle,Hudson Soft,0.16,0.03,0.15,0.1,0.44
13333,Magic Carpet,PS,1995,Shooter,Electronic Arts,0.03,0.02,0,0,0.05
12525,Destiny: The Collection,PS4,2016,Shooter,Activision,0.01,0.04,0,0.01,0.06
13136,Singularity,PC,2010,Shooter,Mastertronic,0,0.04,0,0.01,0.05
8538,TimeSplitters: Future Perfect,XB,2005,Shooter,Electronic Arts,0.12,0.03,0,0.01,0.16
10168,Green Lantern: Rise of the Manhunters,DS,2011,Action,Warner Bros. Interactive Entertainment,0.08,0.02,0,0.01,0.11
5675,NFL Fever 2004,XB,2003,Sports,Microsoft Game Studios,0.24,0.07,0,0.01,0.32
15907,Night Wizard the Video Game: Denial of the World,PS2,2008,Adventure,5pb,0,0,0.02,0,0.02
6552,MLB 09: The Show,PSP,2009,Sports,Sony Computer Entertainment,0.24,0,0,0.02,0.26
9814,My Farm Around the World,DS,2008,Simulation,Atari,0.11,0,0,0.01,0.12
11845,Utawarerumono: Itsuwari no Kamen,PSV,2015,Adventure,Aqua Plus,0,0,0.07,0,0.07
14338,Alter Ego,PC,1985,Simulation,Activision,0,0.03,0,0.01,0.03
99,Call of Duty: World at War,X360,2008,Shooter,Activision,4.79,1.9,0,0.69,7.37
4126,Need for Speed: Hot Pursuit,Wii,2010,Racing,Electronic Arts,0.18,0.24,0,0.05,0.48
788,Scooby-Doo! Night of 100 Frights,PS2,2002,Platform,THQ,1.17,0.72,0,0.22,2.1
11539,Sengoku Musou 3: Moushouden,Wii,2011,Action,Ackkstudios,0,0,0.08,0,0.08
4851,Diner Dash: Sizzle & Serve,DS,2007,Puzzle,Eidos Interactive,0.34,0.03,0,0.03,0.4
7341,The Amazing Spider-Man 2 (2014),XOne,2014,Action,Activision,0.12,0.07,0,0.02,0.21
11042,Bass Pro Shops: The Hunt,X360,2010,Sports,Griffin International,0.08,0,0,0.01,0.09
9049,Championship Motocross 2001 featuring Ricky Carmichael,PS,2001,Racing,THQ,0.08,0.05,0,0.01,0.14
6903,4x4 EVO 2,XB,2001,Racing,Gathering of Developers,0.18,0.05,0,0.01,0.24
9480,Summon Night: Twin Age,DS,2007,Role-Playing,Banpresto,0.07,0,0.05,0.01,0.13
11507,Samurai Shodown III,NG,1995,Fighting,SNK,0,0,0.08,0,0.08
2765,Jump Ultimate Stars,DS,2006,Fighting,Nintendo,0,0,0.74,0,0.74
5918,Capcom Classics Collection Remixed,PSP,2006,Misc,Capcom,0.27,0,0,0.03,0.3
3875,NFL 2K3,XB,2002,Sports,Sega,0.38,0.11,0,0.02,0.52
9282,Yu-Gi-Oh! GX: Tag Force,PSP,2006,Strategy,Konami Digital Entertainment,0.09,0.03,0,0.02,0.14
15650,The Hustle: Detroit Streets,XB,2006,Sports,Activision,0.01,0,0,0,0.02
3434,Harvest Moon: Friends of Mineral Town,GBA,2003,Simulation,Ubisoft,0.34,0.13,0.11,0.01,0.59
7487,J-League Pro Soccer Club o Tsukurou! 7 Euro Plus,PSP,2011,Sports,Sega,0,0,0.21,0,0.21
5628,Dance Dance Revolution Universe,X360,2007,Simulation,Konami Digital Entertainment,0.3,0,0,0.02,0.32
5377,The Fairly Odd Parents: Shadow Showdown,GBA,2004,Platform,THQ,0.25,0.09,0,0.01,0.34
3474,Prince of Persia: The Two Thrones,XB,2005,Action,Ubisoft,0.33,0.22,0,0.03,0.58
7927,Pictionary,DS,2010,Puzzle,THQ,0.1,0.07,0,0.02,0.19
13523,Disney's Meet the Robinsons,GC,2007,Action,Disney Interactive Studios,0.03,0.01,0,0,0.04
12824,Kyoukai Senjou no Horizon Portable,PSP,2013,Adventure,Kadokawa Shoten,0,0,0.05,0,0.05
13448,Trigger Man,XB,2004,Shooter,Crave Entertainment,0.03,0.01,0,0,0.05
14927,Yahari Game Demo Ore no Seishun Love-Kome Hamachi Gatteiru,PSV,2013,Adventure,5pb,0,0,0.02,0,0.02
4455,Sin and Punishment: Star Successor,Wii,2009,Shooter,Nintendo,0.2,0.14,0.06,0.04,0.44
11218,The Incredibles: Rise of the Underminer,XB,2005,Action,THQ,0.06,0.02,0,0,0.09
2914,Lalaloopsy,DS,2011,Simulation,Activision,0.54,0.1,0,0.06,0.7
9259,Daytona USA Championship Circuit Edition,SAT,1995,Racing,Sega,0,0,0.14,0,0.14
288,Fallout 4,XOne,2015,Role-Playing,Bethesda Softworks,2.45,1.26,0.01,0.37,4.09
12608,Crazy Chicken: Pharaoh's Treasure,DS,2007,Puzzle,Phenomedia,0.05,0,0,0,0.06
7393,HBO Boxing,PS,2000,Fighting,Acclaim Entertainment,0.12,0.08,0,0.01,0.21
10287,Defender,GC,2002,Misc,Midway Games,0.08,0.02,0,0,0.11
10251,Tornado Outbreak,Wii,2009,Action,Konami Digital Entertainment,0.1,0,0,0.01,0.11
16209,Who Wants to be a Millionaire: 2nd Edition,DS,2008,Misc,Ubisoft,0,0.01,0,0,0.01
7812,Mace Griffin: Bounty Hunter,PS2,2003,Shooter,Electronic Arts,0.09,0.07,0,0.02,0.19
8546,Angry Birds Trilogy,PS3,2012,Action,Activision,0.12,0.02,0,0.02,0.16
10365,Lego Star Wars: The Force Awakens,X360,2016,Action,Warner Bros. Interactive Entertainment,0.04,0.06,0,0.01,0.11
9054,Star Ocean: Blue Sphere,GB,2001,Role-Playing,Enix Corporation,0,0,0.14,0,0.14
738,Wario Land 3,GB,2000,Platform,Nintendo,1.11,0.51,0.34,0.23,2.2
10458,Digimon Story: Lost Evolution,DS,2010,Role-Playing,Namco Bandai Games,0,0,0.1,0,0.1
2726,Monopoly Streets,Wii,2010,Misc,Electronic Arts,0.24,0.44,0,0.08,0.76
10259,Felony 11-79,PS,1997,Racing,ASCII Entertainment,0.06,0.04,0,0.01,0.11
1230,Dead Space 2,X360,2011,Shooter,Electronic Arts,0.94,0.45,0,0.13,1.52
3456,Kinect Sports Rivals,XOne,2014,Sports,Microsoft Game Studios,0.3,0.22,0.02,0.04,0.58
12462,Coded Arms: Contagion,PSP,2007,Shooter,Konami Digital Entertainment,0.05,0,0,0.01,0.06
4100,You're in the Movies,X360,2008,Misc,Microsoft Game Studios,0.27,0.17,0,0.05,0.48
10163,Mobile Suit Gundam: MS Sensen 0079,Wii,2007,Simulation,Namco Bandai Games,0,0,0.11,0,0.11
8730,Hot Wheels: Battle Force 5,DS,2009,Racing,Activision,0.13,0.02,0,0.01,0.15
3926,Final Fantasy II Anniversary Edition,PSP,2007,Role-Playing,Square Enix,0.36,0.03,0.07,0.04,0.51
13954,Ar Nosurge: Ode to an Unborn Star,PSV,2014,Role-Playing,Tecmo Koei,0,0,0.04,0,0.04
2118,South Park: The Stick of Truth,PS3,2014,Role-Playing,Ubisoft,0.42,0.38,0,0.17,0.98
2662,Galaxian,2600,1982,Shooter,Atari,0.72,0.05,0,0.01,0.77
6713,Disgaea 2: Dark Hero Days,PSP,2009,Role-Playing,Nippon Ichi Software,0.1,0.01,0.12,0.02,0.25
14444,Jyuzaengi: Engetsu Sangokuden,PSP,2012,Action,Idea Factory,0,0,0.03,0,0.03
9060,Front Mission Alternative,PS,1997,Strategy,SquareSoft,0,0,0.13,0.01,0.14
14198,Game of Thrones (Telltale),X360,2015,Adventure,Telltale Games,0.02,0.01,0,0,0.03
7638,The Witch and the Hundred Knight,PS3,2013,Role-Playing,Nippon Ichi Software,0.06,0.02,0.1,0.01,0.2
1616,Crash Bandicoot: The Wrath of Cortex,XB,2002,Platform,Universal Interactive,0.59,0.57,0,0.07,1.23
14672,Betty Boop's Double Shift,DS,2007,Puzzle,Zoo Digital Publishing,0.03,0,0,0,0.03
13463,Art of Fighting Anthology,PS2,2006,Fighting,Crave Entertainment,0.02,0.02,0,0.01,0.04
1876,Skate 2,X360,2009,Sports,Electronic Arts,0.82,0.17,0.01,0.09,1.09
7822,NBA Live 14,XOne,2013,Sports,Electronic Arts,0.16,0.02,0,0.01,0.19
16144,Furious Karting,XB,2003,Racing,Atari,0.01,0,0,0,0.01
11241,Million God,PS2,2002,Misc,Nippon Amuse,0,0,0.09,0,0.09
11860,Model * Oshare Audition: Dream Girl,3DS,2013,Misc,Alchemist,0,0,0.07,0,0.07
9636,Crash Tag Team Racing,XB,2005,Racing,Vivendi Games,0.09,0.03,0,0,0.13
4244,Crayon Shin-Chan: Arashi o Yobu Enji,SNES,1993,Platform,Namco Bandai Games,0,0,0.46,0,0.46
5242,Tomb Raider (2013),PC,N/A,Action,Square Enix,0.06,0.25,0,0.05,0.36
7527,Mobile Suit Gundam: Crossfire,PS3,2006,Simulation,Namco Bandai Games,0.06,0,0.14,0.01,0.2
16275,Chaos;Head Noah,PSV,2014,Adventure,5pb,0,0,0.01,0,0.01
2436,Far Cry: Primal,XOne,2016,Action,Ubisoft,0.46,0.32,0,0.07,0.85
14803,Battlezone,PSP,2006,Shooter,Atari,0.02,0,0,0,0.03
13727,Hanaoni: Yume no Tsudzuki,PSP,2012,Action,Idea Factory,0,0,0.04,0,0.04
7255,Yoostar2,X360,2011,Misc,Unknown,0.11,0.09,0,0.02,0.22
2175,Wheel of Fortune,PS2,N/A,Misc,Unknown,0.47,0.36,0,0.12,0.95
1248,Mega Man 2,NES,1988,Action,Capcom,0.93,0.15,0.42,0.01,1.51
6898,Checkers,2600,1980,Misc,Atari,0.22,0.01,0,0,0.24
11175,Spectral Force 3,X360,2006,Role-Playing,Idea Factory,0.08,0,0,0.01,0.09
12951,Persona 2: Eternal Punishment,PSP,2012,Role-Playing,Atlus,0,0,0.05,0,0.05
7974,Jurassic: The Hunted,PS3,2009,Shooter,Activision,0.17,0,0,0.02,0.19
2714,Assassin's Creed: Revelations,PC,2011,Action,Ubisoft,0.14,0.48,0,0.14,0.76
12877,GachiTora! Abarenbou Kyoushi in High School,PSP,2011,Action,Spike,0,0,0.05,0,0.05
8248,The Grim Adventures of Billy & Mandy,GC,2006,Action,Midway Games,0.13,0.03,0,0,0.17
447,Dragon Warrior IV,NES,1990,Role-Playing,Enix Corporation,0.08,0,3.03,0.01,3.12
9354,Suikoden: Tsumugareshi Hyakunen no Toki,PSP,2012,Role-Playing,Konami Digital Entertainment,0,0,0.13,0,0.13
16197,Shorts,DS,N/A,Platform,Unknown,0.01,0,0,0,0.01
2769,Tom Clancy's Rainbow Six: Vegas,PSP,2007,Shooter,Ubisoft,0.42,0.19,0,0.14,0.74
10087,Shinseiki Evangelion: Koutetsu no Girlfriend,SAT,1998,Adventure,Sega,0,0,0.11,0,0.11
16492,Micro Machines V4,PS2,2006,Racing,Codemasters,0.01,0,0,0,0.01
15011,George of the Jungle and the Search for the Secret,Wii,2008,Platform,Ignition Entertainment,0.02,0,0,0,0.02
1124,Until Dawn,PS4,2015,Adventure,Sony Computer Entertainment Europe,0.44,0.89,0.05,0.25,1.64
14950,Road Trip: The Arcade Edition,GC,2002,Racing,Zoo Digital Publishing,0.02,0,0,0,0.02
6897,Divinity II: Ego Draconis,X360,2009,Role-Playing,DTP Entertainment,0.18,0.04,0,0.02,0.24
15434,Kokoro Connect: Yochi Random,PSP,2012,Action,Namco Bandai Games,0,0,0.02,0,0.02
2166,Tom Clancy's Ghost Recon: Future Soldier,PS3,2012,Shooter,Ubisoft,0.41,0.33,0.09,0.12,0.96
12967,Kamen Rider: Dragon Knight,DS,2009,Fighting,D3Publisher,0.05,0,0,0,0.05
4309,Persona 4: Dancing All Night,PSV,2015,Misc,Nippon Ichi Software,0.13,0.1,0.15,0.07,0.46
5831,Virtua Cop 2,SAT,1996,Shooter,Sega,0,0,0.3,0,0.3
598,Ratchet & Clank: Up Your Arsenal,PS2,2004,Platform,Sony Computer Entertainment,1.31,0.74,0.31,0.22,2.57
9914,Crime Killer,PS,1998,Racing,Interplay,0.07,0.04,0,0.01,0.12
15879,Dinotopia: The Sunstone Odyssey,GC,N/A,Action,Unknown,0.01,0,0,0,0.02
9597,Snood,GBA,2001,Puzzle,"Destination Software, Inc",0.09,0.03,0,0,0.13
2675,Conker's Bad Fur Day,N64,2001,Platform,THQ,0.53,0.22,0,0.02,0.77
3833,Fight Night Round 3,PSP,2006,Fighting,Electronic Arts,0.46,0.02,0,0.05,0.52
1861,Famicom Jump: Eiyuu Retsuden,NES,1989,Role-Playing,Namco Bandai Games,0,0,1.1,0,1.1
6400,Family Feud: 2010 Edition,DS,2009,Misc,Ubisoft,0.25,0,0,0.02,0.27
10795,Glory Days 2,DS,2007,Strategy,Ghostlight,0.08,0,0,0.01,0.1
6644,Exhibition,XB,2001,Misc,Microsoft Game Studios,0.19,0.05,0,0.01,0.25
1931,SoulCalibur III,PS2,2005,Fighting,Namco Bandai Games,0.74,0.15,0.13,0.05,1.07
13048,Enemy Front,X360,2014,Shooter,Namco Bandai Games,0.02,0.03,0,0,0.05
12949,Choujikuu Yousai Macross: Do You Remember Love,PS3,2012,Shooter,Namco Bandai Games,0,0,0.05,0,0.05
16117,Psycho-Pass,XOne,2014,Adventure,5pb,0,0,0.01,0,0.01
1422,LEGO Harry Potter: Years 1-4,PS3,2010,Action,Warner Bros. Interactive Entertainment,0.55,0.6,0,0.22,1.37
6027,Xena: Warrior Princess - The Talisman of Fate,N64,1999,Fighting,Titus,0.23,0.06,0,0,0.29
10046,Monster Madness: Battle for Suburbia,X360,2007,Shooter,SouthPeak Games,0.1,0,0,0.01,0.11
2512,DJ Hero 2,X360,2010,Misc,Activision,0.64,0.12,0,0.06,0.82
2733,Wall-E,PS2,2008,Platform,THQ,0.21,0,0,0.54,0.75
14717,Little Bears,DS,2009,Simulation,RTL,0.03,0,0,0,0.03
3664,Mega Man Zero,GBA,2002,Platform,Capcom,0.22,0.08,0.24,0.01,0.55
15256,Canimal Triple,PSV,2014,Misc,Warner Bros. Interactive Entertainment,0,0.02,0,0,0.02
5814,Spin Jam,PS,2000,Puzzle,Empire Interactive,0.17,0.12,0,0.02,0.31
15327,Livly Garden,DS,2010,Simulation,Marvelous Interactive,0,0,0.02,0,0.02
2433,Need for Speed: Nitro,Wii,2009,Racing,Electronic Arts,0.46,0.31,0,0.08,0.85
3552,Resident Evil Outbreak File #2,PS2,2004,Action,Capcom,0.19,0.15,0.17,0.05,0.57
1976,Derby Stallion 96,SNES,1996,Sports,ASCII Entertainment,0,0,1.04,0.01,1.05
9035,Klonoa: Empire of Dreams,GBA,2001,Platform,Infogrames,0.1,0.04,0,0,0.14
13821,Stuntman,GBA,2003,Racing,Atari,0.03,0.01,0,0,0.04
15111,Ookami to Koushinryou: Omiowataru Kaze,DS,2009,Adventure,ASCII Media Works,0,0,0.02,0,0.02
13788,Deadliest Warrior: Ancient Combat,PS3,2012,Fighting,Cloud Imperium Games Corporation,0.04,0,0,0,0.04
277,Teenage Mutant Ninja Turtles,NES,1989,Action,Palcom,3.38,0.44,0.31,0.04,4.17
8449,Jikkyou Powerful Pro Yakyuu 2014,PS3,2014,Sports,Konami Digital Entertainment,0,0,0.17,0,0.17
12481,Dead Rising 2: Off the Record,PC,2011,Action,Capcom,0.04,0.02,0,0.01,0.06
13895,WRC: FIA World Rally Championship,PSP,2005,Racing,Sony Computer Entertainment,0.02,0.01,0,0.01,0.04
8909,Nancy Drew: The White Wolf of Icicle Creek,Wii,2008,Adventure,Sega,0.14,0,0,0.01,0.15
15479,Yu-Gi-Oh! 5D's Wheelie Breakers (JP sales),Wii,N/A,Racing,Unknown,0,0,0.02,0,0.02
16328,RalliSport Challenge(JP sales),XB,2002,Racing,Microsoft Game Studios,0,0,0.01,0,0.01
13116,Dual Heroes,N64,1997,Fighting,Hudson Soft,0.04,0.01,0,0,0.05
8293,Backyard NFL Football '09,PS2,2008,Sports,Atari,0.08,0.07,0,0.02,0.17
