Rank,Name,Platform,Year,Genre,Publisher,NA_Sales,EU_Sales,JP_Sales,Other_Sales,Global_Sales
1051,The Crew,PS4,2014,Racing,Ubisoft,0.34,1.08,0.03,0.26,1.7
8484,Gunslingers,Wii,2010,Shooter,Neko Entertainment,0.08,0.06,0,0.02,0.16
15900,The Sims 4: Luxury Party Stuff,PC,2015,Simulation,Electronic Arts,0,0.01,0,0,0.02
7871,Where's Waldo? The Fantastic Journey,Wii,2009,Adventure,Ubisoft,0.18,0,0,0.01,0.19
1204,Watch Dogs,XOne,2014,Action,Ubisoft,0.9,0.53,0,0.13,1.55
4226,Mat Hoffman's Pro BMX 2,PS2,2002,Sports,Activision,0.23,0.18,0,0.06,0.46
13432,Avatar: The Game,PC,2009,Action,Ubisoft,0,0.04,0,0.01,0.05
14857,The Lord of the Rings: Conquest,PC,2009,Action,Electronic Arts,0,0.02,0,0,0.03
8402,Jikkyou Powerful Pro Baseball 2016,PS4,2016,Sports,Konami Digital Entertainment,0,0,0.17,0,0.17
8051,International Superstar Soccer 2000 (JP weekly sales),N64,1999,Sports,Konami Digital Entertainment,0,0,0.18,0,0.18
160,Batman: Arkham City,PS3,2011,Action,Warner Bros. Interactive Entertainment,2.7,1.91,0.11,0.8,5.53
15727,Vitamin X Evolution Plus,PSP,2010,Adventure,D3Publisher,0,0,0.02,0,0.02
7839,GunGriffon,SAT,1995,Simulation,Sega,0,0,0.19,0,0.19
14130,Boboboubo Boubobo: Ougi 87.5 Bakuretsu Hanage Shinken,GBA,2002,Action,Hudson Soft,0,0,0.03,0,0.03
7100,BlowOut,PS2,2003,Shooter,Zoo Digital Publishing,0.11,0.09,0,0.03,0.23
14186,Rakushou! Pachi-Slot Sengen 5: Rio Paradise,PS2,2007,Misc,Tecmo Koei,0,0,0.03,0,0.03
13949,Magical Starsign (JP sales),DS,2006,Role-Playing,Nintendo,0,0,0.04,0,0.04
9475,Under Night In-Birth,PS3,2014,Fighting,Nippon Ichi Software,0.06,0.02,0.04,0.02,0.13
14319,Toriko: Ultimate Survival,3DS,2013,Action,Namco Bandai Games,0,0,0.03,0,0.03
7833,IL-2 Sturmovik: Birds of Prey,PSP,2009,Simulation,505 Games,0.08,0.07,0,0.04,0.19
1887,Star Wars: Bounty Hunter,PS2,2002,Shooter,LucasArts,0.53,0.42,0,0.14,1.09
5223,Teenage Mutant Ninja Turtles: Smash-Up,Wii,2009,Fighting,Ubisoft,0.33,0,0,0.03,0.36
15842,Dream C Club: GoGo,PS3,2014,Adventure,D3Publisher,0,0,0.02,0,0.02
10310,Starsky & Hutch,GC,2003,Racing,BAM! Entertainment,0.08,0.02,0,0,0.11
2727,Genji: Days of the Blade,PS3,2006,Action,Sony Computer Entertainment,0.18,0.38,0.06,0.14,0.76
7398,Bass Pro Shops: The Strike,X360,2009,Sports,XS Games,0.2,0,0,0.02,0.21
7365,Tenchu: Return From Darkness,XB,2004,Action,Activision,0.16,0.05,0,0.01,0.21
2757,MVP 06 NCAA Baseball,PS2,2006,Sports,Electronic Arts,0.62,0.02,0,0.1,0.75
2002,F-Zero: Maximum Velocity,GBA,2001,Racing,Nintendo,0.39,0.16,0.37,0.12,1.04
7184,Atelier Escha & Logy: Alchemists of the Dusk Sky,PS3,2013,Role-Playing,Tecmo Koei,0.06,0.04,0.1,0.02,0.22
2674,Crystal Castles,2600,1983,Action,Atari,0.72,0.04,0,0.01,0.77
951,The Orange Box,X360,2007,Shooter,Electronic Arts,1.09,0.54,0.02,0.17,1.83
1502,IHRA Drag Racing 2,PS2,2002,Racing,Bethesda Softworks,0.64,0.5,0,0.17,1.31
4055,WipEout Pulse,PS2,2009,Racing,Sony Computer Entertainment,0,0.15,0,0.33,0.49
9266,Singstar: Ultimate Party,PS3,2014,Misc,Sony Computer Entertainment Europe,0,0.12,0,0.02,0.14
14979,Bunmei Haruka: Aoiza Ibunroku,PSP,2011,Action,FuRyu,0,0,0.02,0,0.02
2623,Sid Meier's Civilization Revolution,PS3,2008,Strategy,Take-Two Interactive,0.49,0.19,0.01,0.1,0.79
4469,Wario World,GC,2003,Platform,Nintendo,0.34,0.09,0,0.01,0.44
15032,Okashi na Shima no Peter Pan: Sweet Never Land,PSP,2011,Adventure,Quinrose,0,0,0.02,0,0.02
9277,Houshinengi,PS,1998,Strategy,Tecmo Koei,0,0,0.13,0.01,0.14
10785,Ciel Nosurge: Ushinawareta Hoshi e Sasagu Uta,PSV,2012,Adventure,Gust,0,0,0.1,0,0.1
10591,All Kamen Rider: Rider Generation 2,DS,2012,Action,Namco Bandai Games,0,0,0.1,0,0.1
11159,My Stop Smoking Coach: Allen Carr's EasyWay,DS,2008,Misc,Ubisoft,0.07,0.01,0,0.01,0.09
14428,Renai 0 Kilometer,PSP,2013,Adventure,Alchemist,0,0,0.03,0,0.03
6955,New Carnival Games,DS,2010,Misc,Take-Two Interactive,0.16,0.05,0,0.02,0.23
10492,Lucha Libre AAA: Heroes del Ring,PS3,2010,Fighting,Konami Digital Entertainment,0.1,0,0,0.01,0.1
13304,Rock Band Country Track Pack 2,X360,2011,Misc,MTV Games,0.04,0,0,0,0.05
10069,The Hardy Boys: Treasure on the Tracks,DS,2009,Adventure,Sega,0.11,0,0,0.01,0.11
16168,Ouka Sengoku Portable,PSP,2012,Adventure,Alchemist,0,0,0.01,0,0.01
8226,Hyperdimension Neptunia U: Action Unleashed,PSV,2014,Action,Idea Factory International,0.07,0.02,0.06,0.03,0.17
2692,The Sims 3,3DS,2011,Simulation,Electronic Arts,0.3,0.37,0.03,0.07,0.76
1360,NFL Street,PS2,2004,Sports,Electronic Arts,1.15,0.08,0,0.19,1.42
4942,Blood Omen 2,PS2,2002,Action,Eidos Interactive,0.19,0.15,0,0.05,0.39
13210,TNA iMPACT: Cross the Line,DS,2010,Fighting,SouthPeak Games,0.05,0,0,0,0.05
2046,Sonic Generations,3DS,2011,Platform,Sega,0.44,0.46,0.01,0.09,1.01
584,FIFA Soccer 10,X360,2009,Sports,Electronic Arts,0.59,1.79,0.01,0.23,2.62
7651,Pro Yaky? Spirits 2013,PS3,2013,Sports,Konami Digital Entertainment,0,0,0.2,0,0.2
16411,Sega Rally Revo,PC,2007,Racing,Sega,0,0.01,0,0,0.01
12266,The LEGO Movie Videogame,PC,2014,Action,Warner Bros. Interactive Entertainment,0.02,0.04,0,0.01,0.06
9635,Petz Puppyz & Kittenz,DS,2011,Misc,Ubisoft,0.12,0,0,0.01,0.13
11991,Samurai Warriors,XB,2004,Action,Tecmo Koei,0.05,0.02,0,0,0.07
3890,StarCraft II: Legacy of the Void,PC,2015,Strategy,Activision,0.18,0.29,0,0.04,0.51
5898,Super Bomberman 5,SNES,1997,Puzzle,Hudson Soft,0,0,0.3,0,0.3
3209,Condemned 2: Bloodshot,X360,2008,Action,Sega,0.38,0.19,0,0.06,0.63
14860,Little Busters! Converted Edition,PSV,2012,Action,Prototype,0,0,0.03,0,0.03
1636,Mario Power Tennis,GC,2004,Sports,Nintendo,0.58,0.16,0.46,0.03,1.22
11879,Dark Souls,PC,2012,Role-Playing,Namco Bandai Games,0,0.06,0,0.01,0.07
10383,Robotics;Notes,PS3,2012,Adventure,5pb,0,0,0.11,0,0.11
14543,Commander: Conquest of the Americas,PC,2010,Strategy,Paradox Interactive,0,0.02,0,0.01,0.03
1746,Midnight Club 3: DUB Edition Remix,PS2,2006,Racing,Take-Two Interactive,0.97,0.04,0,0.16,1.16
12224,C: The Contra Adventure,PS,1998,Shooter,Konami Digital Entertainment,0.04,0.02,0,0,0.07
7450,Project: Snowblind,PS2,2005,Action,Eidos Interactive,0.1,0.08,0,0.03,0.21
8927,The Walking Dead: Season Two,PSV,2014,Adventure,Telltale Games,0.1,0,0.01,0.03,0.15
4761,Littlest Pet Shop,Wii,2008,Simulation,Electronic Arts,0.34,0.04,0,0.03,0.41
13146,Chronicles of the Sword,PS,1996,Adventure,Psygnosis,0.03,0.02,0,0,0.05
5671,All-Star Baseball 2005,PS2,N/A,Sports,Unknown,0.16,0.12,0,0.04,0.32
3055,Shaun White Snowboarding,PS3,2008,Sports,Ubisoft,0.31,0.24,0.01,0.1,0.66
10173,ESPN NHL Hockey,XB,2003,Sports,Sega,0.08,0.02,0,0,0.11
13039,DokiDoki Majo Shinpan!,DS,2007,Adventure,SNK Playmore,0,0,0.05,0,0.05
1490,The LEGO Movie Videogame,X360,2014,Action,Warner Bros. Interactive Entertainment,0.69,0.52,0,0.11,1.32
2254,SpongeBob SquarePants: The Yellow Avenger,PSP,2006,Action,THQ,0.55,0.21,0,0.16,0.92
6672,WipEout Fusion,PS2,2002,Racing,Sony Computer Entertainment,0.12,0.1,0,0.03,0.25
1598,Road Rash 3D,PS,1998,Racing,Electronic Arts,1.05,0.16,0,0.04,1.25
15825,Ore wa Shoujo Mangaka,PSP,2012,Action,Giza10,0,0,0.02,0,0.02
12454,S.T.A.L.K.E.R.: Call of Pripyat,PC,2009,Shooter,Namco Bandai Games,0,0.05,0,0.01,0.06
8167,Skate it,DS,2008,Sports,Electronic Arts,0.14,0.02,0,0.01,0.18
10755,Major League Baseball 2K11,DS,2011,Sports,Take-Two Interactive,0.09,0,0,0.01,0.1
12874,Carve,XB,2004,Racing,Global Star,0.04,0.01,0,0,0.05
13729,Unchained Blades,3DS,2011,Role-Playing,FuRyu,0,0,0.04,0,0.04
591,Ratchet & Clank Future: Tools of Destruction,PS3,2007,Platform,Sony Computer Entertainment,0.93,1.12,0.08,0.45,2.59
10286,JU-ON: The Grudge,Wii,2009,Action,Rising Star Games,0.08,0.01,0.01,0.01,0.11
2803,Madden NFL 10,Wii,2009,Sports,Electronic Arts,0.63,0.04,0,0.06,0.73
372,Resident Evil 5,X360,2009,Action,Capcom,2.11,0.94,0.12,0.34,3.51
2870,Persona Q: Shadow of the Labyrinth,3DS,2014,Role-Playing,Nippon Ichi Software,0.33,0.07,0.27,0.04,0.71
10640,Lode Runner 3-D,N64,1998,Action,Infogrames,0.08,0.02,0,0,0.1
6834,Singularity,PS3,N/A,Shooter,Unknown,0.17,0.04,0.01,0.03,0.24
1175,Need for Speed: Most Wanted,X360,2012,Racing,Electronic Arts,0.62,0.8,0.01,0.15,1.58
3168,SpongeBob SquarePants: Game Boy Advance Video Volume 1,GBA,2004,Misc,N/A,0.46,0.17,0,0.01,0.64
9476,Drakengard 2,PS2,2005,Role-Playing,Ubisoft,0.06,0.05,0,0.02,0.13
13615,High Heat Baseball 2002,PS,2001,Sports,3DO,0.02,0.02,0,0,0.04
10172,Mortal Kombat: Deception,GC,2005,Fighting,Midway Games,0.09,0.02,0,0,0.11
8292,Ringling Bros. and Barnum & Bailey: Circus Friends,DS,2009,Action,Take-Two Interactive,0.16,0,0,0.01,0.17
4565,SEGA Classics Collection,PS2,2005,Misc,Sega,0.21,0.16,0,0.05,0.43
14729,Jewel Match 2,DS,2012,Puzzle,Easy Interactive,0,0.02,0,0,0.03
12008,Let's Ride! Dreamer,GBA,2005,Adventure,DTP Entertainment,0.05,0.02,0,0,0.07
16571,XI Coliseum,PSP,2006,Puzzle,Sony Computer Entertainment,0,0,0.01,0,0.01
13273,Powerful Golf,DS,2011,Sports,Konami Digital Entertainment,0,0,0.05,0,0.05
13860,Brothers: A Tale of Two Sons,XOne,2015,Adventure,505 Games,0.03,0.01,0,0,0.04
2045,God of War: Ghost of Sparta,PSP,2010,Action,Sony Computer Entertainment,0.41,0.36,0.03,0.21,1.01
14324,Biker Mice From Mars,DS,2007,Racing,Game Factory,0.03,0,0,0,0.03
13095,Kamiwaza,PS2,2006,Action,Acquire,0,0,0.05,0,0.05
13921,Konami Arcade Classics,PS,1999,Misc,Konami Digital Entertainment,0.02,0.01,0,0,0.04
14402,Super Heroine Chronicle,PS3,2014,Role-Playing,Namco Bandai Games,0,0,0.03,0,0.03
7182,Battleborn,PS4,2016,Shooter,Take-Two Interactive,0.09,0.08,0.01,0.04,0.22
16395,Wand of Fortune: Mirai e no Prologue,PS2,2010,Adventure,Idea Factory,0,0,0.01,0,0.01
12401,The Next BIG Thing,PC,2011,Adventure,Focus Home Interactive,0,0.05,0,0.01,0.06
4498,Primal,PS2,2003,Action,Sony Computer Entertainment,0.21,0.17,0,0.06,0.43
3487,Fire Emblem: Seisen no Keifu,SNES,1996,Strategy,Nintendo,0,0,0.58,0,0.58
6865,Jikkyou Powerful Pro Yakyuu 15,PS2,2008,Sports,Konami Digital Entertainment,0,0,0.24,0,0.24
4786,Mouse Trap,2600,1981,Action,Coleco,0.38,0.02,0,0,0.4
12865,Marc Ecko's Getting Up: Contents Under Pressure,PS2,2006,Action,Atari,0.03,0.02,0,0.01,0.05
6003,Atelier Iris 3: Grand Phantasm (US Sales),PS2,2006,Role-Playing,Tecmo Koei,0.14,0.11,0,0.04,0.29
9456,Eternal Poison (JP sales),PS2,2008,Role-Playing,Banpresto,0,0,0.13,0,0.13
9844,Sonic Adventure 2,DC,2001,Platform,Sega,0,0,0.12,0,0.12
8058,Driver: San Francisco,PC,2011,Racing,Ubisoft,0.05,0.1,0,0.03,0.18
2279,Harvest Moon 3D: A New Beginning,3DS,2012,Action,Marvelous Entertainment,0.41,0.17,0.29,0.05,0.91
56,Call of Duty: Modern Warfare 2,PS3,2009,Shooter,Activision,4.99,3.69,0.38,1.63,10.69
5104,Petz: Catz 2,PS2,2006,Simulation,Ubisoft,0.18,0.14,0,0.05,0.37
13002,Natural Doctrine,PS3,2014,Role-Playing,Nippon Ichi Software,0.03,0.01,0.01,0.01,0.05
10396,Earth Defense Force 2: Invaders from Planet Space,PSV,2014,Action,Xseed Games,0.04,0.01,0.04,0.02,0.11
14179,Astonishia Story,PSP,2006,Role-Playing,Ubisoft,0.03,0,0,0,0.03
1877,Dragon Ball Z: The Legacy of Goku II,GBA,2003,Role-Playing,Atari,0.78,0.29,0,0.02,1.09
14316,Gakusen Toshi Asterisk Festa: Houka Kenran,PSV,2016,Fighting,Namco Bandai Games,0,0,0.03,0,0.03
14409,Emergency! Disaster Rescue Squad,DS,2009,Simulation,Destineer,0.03,0,0,0,0.03
3342,Fight Night Round 2,XB,2005,Fighting,Electronic Arts,0.42,0.16,0,0.02,0.6
10190,Brave Story: New Traveler (US sales),PSP,2006,Role-Playing,Sony Computer Entertainment,0.11,0,0,0,0.11
4027,Ice Hockey,2600,1980,Sports,Activision,0.46,0.03,0,0.01,0.49
8721,Bleach: Dark Souls,DS,2007,Fighting,Sega,0.12,0.02,0,0.01,0.15
8694,The Walking Dead: Season One,XOne,2014,Adventure,Telltale Games,0.08,0.06,0,0.01,0.16
15025,Clannad: Mitsumi Mamoru Sakamichi de - Joukan,PSP,2010,Adventure,Prototype,0,0,0.02,0,0.02
4915,Donkey Konga 2,GC,2004,Misc,Nintendo,0.3,0.08,0,0.01,0.39
10820,Unou no Tatsujin: Soukai! Machigai Museum 2,DS,2007,Misc,Namco Bandai Games,0,0,0.09,0,0.09
11008,Supremacy MMA,PSV,2012,Fighting,505 Games,0.02,0.05,0,0.02,0.09
6658,Animal Paradise,DS,2007,Simulation,Empire Interactive,0.09,0.14,0,0.02,0.25
12685,Sumikko Gurashi: Mura o Tsukurundesu,3DS,2016,Misc,Nippon Columbia,0,0,0.06,0,0.06
11596,Ape Escape: Pumped & Primed,PS2,2004,Misc,Sony Computer Entertainment,0.04,0.03,0,0.01,0.08
14674,Tsuku Monogatari,PSP,2011,Adventure,FuRyu,0,0,0.03,0,0.03
1321,Red Dead Revolver,PS2,2004,Shooter,Take-Two Interactive,0.71,0.55,0,0.19,1.45
3850,Bully: Scholarship Edition,Wii,2008,Action,Take-Two Interactive,0.17,0.29,0,0.06,0.52
13086,Lips: Deutsche Partyknaller,X360,2009,Misc,Microsoft Game Studios,0,0.04,0,0.01,0.05
13859,Jig-A-Pix: Pets,DS,2009,Puzzle,Zushi Games,0.03,0,0,0,0.04
7965,R-Type Final,PS2,2003,Shooter,Metro 3D,0.09,0.07,0,0.02,0.19
7533,International Superstar Soccer 2000,PS2,2000,Sports,Konami Digital Entertainment,0,0,0.2,0,0.2
15401,The Legend of Heroes: Trails in the Sky Second Chapter,PS3,2013,Role-Playing,Falcom Corporation,0,0,0.02,0,0.02
3598,Final Fantasy IV: The Complete Collection,PSP,2011,Role-Playing,Square Enix,0.13,0.09,0.27,0.06,0.56
6774,Digimon World: Data Squad,PS2,2006,Role-Playing,Namco Bandai Games,0.12,0.09,0,0.03,0.24
13393,To Love-Ru Trouble Darkness: Battle Ecstasy,PSV,2014,Action,FuRyu,0,0,0.05,0,0.05
9804,Lost in Shadow,Wii,2010,Platform,Konami Digital Entertainment,0.1,0,0.01,0.01,0.12
1934,World Tour Soccer,PSP,2005,Sports,Sony Computer Entertainment,0.1,0.63,0,0.34,1.07
12663,CMT Presents: Karaoke Revolution Country,PS2,2006,Misc,Konami Digital Entertainment,0.03,0.02,0,0.01,0.06
4208,World Soccer Winning Eleven 8: Liveware Evolution,PS2,2005,Sports,Konami Digital Entertainment,0,0,0.47,0,0.47
4836,Sherlock Holmes: The Mystery of the Mummy,DS,2009,Adventure,Focus Home Interactive,0.06,0.3,0,0.04,0.4
11698,Tales of Fandom Vol.2,PS2,2007,Role-Playing,Namco Bandai Games,0,0,0.08,0,0.08
11365,Godzilla Generations,DC,1998,Action,Sega,0,0,0.08,0,0.08
1278,Bratz: Forever Diamondz,DS,2006,Adventure,THQ,0.43,0.88,0,0.18,1.48
496,Sonic Mega Collection Plus,PS2,2004,Misc,Sega,1.54,1.14,0,0.22,2.9
2169,Mortal Kombat: Deadly Alliance,XB,2002,Fighting,Midway Games,0.77,0.15,0,0.04,0.96
11724,Shovel Knight,PS4,2015,Platform,Yacht Club Games,0.03,0.03,0,0.01,0.08
847,Tom Clancy's The Division,XOne,2016,Shooter,Ubisoft,1.2,0.62,0,0.18,2.01
14516,D.C.I.F.: Da Capo Innocent Finale,PS2,2009,Adventure,Sweets,0,0,0.03,0,0.03
14218,Young Justice: Legacy,Wii,2013,Action,Namco Bandai Games,0,0.03,0,0,0.03
15521,Chrysler Classic Racing,DS,2008,Racing,Zoo Games,0.02,0,0,0,0.02
3625,Purr Pals,DS,2007,Simulation,THQ,0.18,0.36,0,0.02,0.56
13327,Raze's Hell,XB,2005,Shooter,Majesco Entertainment,0.04,0.01,0,0,0.05
14426,Shugo Chara! Amunonijiro Chara Change,DS,2008,Action,Konami Digital Entertainment,0,0,0.03,0,0.03
10700,Lucky * Star: Ryouou Gakuen Outousai,PS2,2008,Adventure,Kadokawa Shoten,0,0,0.1,0,0.1
11892,Eiken DS,DS,2007,Misc,Rocket Company,0,0,0.07,0,0.07
15970,Dream C Club,PS3,2012,Simulation,D3Publisher,0,0,0.02,0,0.02
12261,Kabuki Warriors,XB,2001,Action,Genki,0.05,0.01,0,0,0.06
1081,Star Wars The Clone Wars: Lightsaber Duels,Wii,2008,Action,LucasArts,1.23,0.3,0,0.14,1.68
540,Ratchet & Clank: Going Commando,PS2,2003,Platform,Sony Computer Entertainment,1.44,0.83,0.26,0.25,2.78
12415,Giants: Citizen Kabuto,PS2,2001,Shooter,Interplay,0.03,0.02,0,0.01,0.06
7208,Barbie Super Sports,PS,1999,Sports,Mattel Interactive,0.12,0.08,0,0.01,0.22
16353,Kenka Banchou Portable,PSP,2009,Action,Spike,0,0,0.01,0,0.01
12201,Worms 3D,GC,2003,Strategy,Sega,0.05,0.01,0,0,0.07
2975,Kirby's Dream Collection: Special Edition,Wii,2012,Action,Nintendo,0.34,0,0.33,0.02,0.68
5147,Theatrhythm Final Fantasy: Curtain Call,3DS,2014,Misc,Square Enix,0.13,0.08,0.15,0.02,0.37
102,Call of Duty: Black Ops 3,XOne,2015,Shooter,Activision,4.52,2.09,0.01,0.67,7.3
3783,Romance of the Three Kingdoms IV: Wall of Fire,SNES,1994,Strategy,Tecmo Koei,0,0,0.53,0,0.53
14532,Star Wars: The Force Unleashed II,PC,2010,Action,LucasArts,0.03,0,0,0,0.03
11806,Tropico 5,X360,2014,Simulation,Kalypso Media,0.03,0.04,0,0.01,0.07
15988,Hotel Giant DS,DS,2008,Simulation,Nobilis,0,0.01,0,0,0.01
7095,Bratz: Girlz Really Rock,PS2,2008,Action,THQ,0.11,0.09,0,0.03,0.23
2684,Donkey Kong Country 3,GBA,2005,Platform,Nintendo,0.45,0.17,0.14,0.01,0.77
12148,Freddi Fish: Kelp Seed Mystery,Wii,2008,Adventure,Majesco Entertainment,0.06,0,0,0,0.07
13365,Turok: Dinosaur Hunter,N64,1997,Shooter,Acclaim Entertainment,0,0,0.05,0,0.05
8308,Super Robot Taisen Compact 2 Dai-1-Bu,WS,2000,Strategy,Namco Bandai Games,0,0,0.17,0,0.17
14090,FunkMaster Flex's Digital Hitz Factory,PS2,2003,Misc,Jester Interactive,0.02,0.01,0,0,0.04
4010,Tomb Raider: Anniversary,PS2,2007,Action,Eidos Interactive,0.41,0.02,0,0.07,0.5
3942,River Raid II,2600,1988,Shooter,Activision,0.47,0.03,0,0.01,0.51
3354,Suikoden,PS,1995,Role-Playing,Konami Digital Entertainment,0.21,0.14,0.21,0.04,0.6
10986,Brigandine: The Legend of Forsena,PS,1998,Strategy,Atlus,0.05,0.03,0,0.01,0.09
15412,Deus Ex: Mankind Divided,PC,2016,Role-Playing,Square Enix,0,0.02,0,0,0.02
9820,Rocket: Robot on Wheels,N64,1999,Platform,Ubisoft,0.1,0.02,0,0,0.12
4156,X-Men: Next Dimension,PS2,2002,Fighting,Activision,0.23,0.18,0,0.06,0.47
12211,Yoake Yori Ruriiro na: Brighter than Dawning Blue,PS2,2006,Adventure,Aria,0,0,0.07,0,0.07
1892,Endless Ocean,Wii,2007,Adventure,Nintendo,0.44,0.47,0.09,0.09,1.09
8777,Project Sylpheed: Arc of Deception,X360,2006,Shooter,Microsoft Game Studios,0.12,0.01,0.02,0.01,0.15
6586,NASCAR 09,PS3,2008,Racing,Electronic Arts,0.22,0.01,0,0.02,0.26
12808,Whiplash,XB,2003,Racing,Eidos Interactive,0.04,0.01,0,0,0.06
5574,God of War Collection,PSV,2014,Action,Sony Computer Entertainment,0.14,0.1,0.01,0.07,0.33
15417,Worms,X360,2007,Strategy,Microsoft Game Studios,0,0.02,0,0,0.02
9418,Kouchuu Ouja Mushi King: Greatest Champion e no Michi DS 2,DS,2006,Action,Sega,0,0,0.13,0,0.13
14172,Red Faction II,GC,2003,Shooter,THQ,0.03,0.01,0,0,0.03
16442,Shin Sangoku Musou 4 Special,X360,2005,Action,Tecmo Koei,0,0,0.01,0,0.01
7572,Clive Barker's Jericho,PS3,2007,Shooter,Codemasters,0.17,0.01,0,0.02,0.2
9066,Victorious Boxers: Revolution,Wii,2007,Fighting,Ubisoft,0.07,0,0.06,0.01,0.14
423,Killer Instinct,SNES,1995,Fighting,Nintendo,2.26,0.72,0.12,0.1,3.2
11868,TMNT: Mutant Melee,GC,2005,Fighting,Konami Digital Entertainment,0.06,0.01,0,0,0.07
1524,EA Sports Active 2,Wii,2010,Sports,Electronic Arts,0.78,0.4,0,0.11,1.3
3413,"Transformers: The Game (XBox 360, PS2, PS3, Wii & PC Versions)",Wii,2007,Action,Activision,0.52,0.03,0,0.04,0.59
8998,Shadow Hearts: From The New World,PS2,2005,Role-Playing,Ghostlight,0.07,0.06,0,0.02,0.14
15075,Titanic Mystery,Wii,2010,Puzzle,O-Games,0.02,0,0,0,0.02
14569,Hissatsu Pachinko Collection 3,SNES,1995,Misc,Sunsoft,0,0,0.03,0,0.03
14639,Spectral Souls: Resurrection of the Ethereal Empires,PSP,2005,Role-Playing,Idea Factory,0.03,0,0,0,0.03
752,Pokemon Ranger,DS,2006,Role-Playing,Nintendo,1.29,0.04,0.73,0.12,2.18
13744,Looney Tunes Duck Dodgers Starring: Daffy Duck,N64,2000,Platform,Infogrames,0.03,0.01,0,0,0.04
11903,DS Uranai Seikatsu,DS,2009,Misc,Nintendo,0,0,0.07,0,0.07
3691,SingStar Summer Party,PS2,2008,Misc,Sony Computer Entertainment,0,0.06,0,0.48,0.54
6823,AC/DC LIVE: Rock Band Track Pack,PS3,2008,Misc,MTV Games,0.21,0.01,0,0.02,0.24
3118,Drakengard,PS2,2003,Role-Playing,Square Enix,0.19,0.15,0.26,0.05,0.65
5212,World's Scariest Police Chases,PS,2001,Racing,Activision,0.2,0.14,0,0.02,0.36
12043,Sprint Cars: Road to Knoxville,PS2,2005,Racing,THQ,0.03,0.03,0,0.01,0.07
10894,ESPN NBA 2Night,PS2,2000,Sports,Konami Digital Entertainment,0.05,0.04,0,0.01,0.09
9858,Jikkyou Powerful Pro Yakyuu 8 Ketteiban,PS2,2001,Sports,Konami Digital Entertainment,0,0,0.12,0,0.12
7433,Unreal II: The Awakening,XB,2004,Shooter,Atari,0.17,0.04,0,0.01,0.21
6596,Tomb Raider: Underworld (Others sales),PS2,2009,Adventure,Eidos Interactive,0,0.21,0,0.04,0.26
11112,Battle Stadium D.O.N,GC,2006,Fighting,Namco Bandai Games,0,0,0.09,0,0.09
16032,Katekyoo Hitman Reborn Nerae!? Ring x Bongole Returns,PS2,2008,Adventure,Marvelous Interactive,0,0,0.01,0,0.01
1171,Carnival Games: Mini Golf,Wii,2008,Sports,Take-Two Interactive,0.87,0.56,0,0.15,1.58
14302,Men of War,PC,2009,Strategy,505 Games,0.01,0.02,0,0.01,0.03
13829,Herc's Adventures,PS,1997,Action,Virgin Interactive,0.02,0.01,0,0,0.04
2177,Tom Clancy's Splinter Cell: Chaos Theory,PS2,2005,Action,Ubisoft,0.36,0.45,0,0.14,0.95
16535,STORM: Frontline Nation,PC,2011,Strategy,Unknown,0,0.01,0,0,0.01
1703,NBA 2K17,PS4,2016,Sports,Take-Two Interactive,0.83,0.14,0,0.22,1.19
4673,Katamari Forever,PS3,2009,Puzzle,Namco Bandai Games,0.26,0.05,0.06,0.04,0.42
14103,Turbo: Super Stunt Squad,DS,2013,Sports,D3Publisher,0,0.03,0,0,0.03
10780,BIT.TRIP COMPLETE,Wii,2011,Misc,Rising Star Games,0.06,0.02,0,0.01,0.1
7670,Family Feud: 2012 Edition,Wii,2011,Misc,Ubisoft,0.19,0,0,0.01,0.2
5513,Battlestations: Pacific,X360,2009,Strategy,Eidos Interactive,0.17,0.12,0.01,0.03,0.33
9193,Pro Yaky? Spirits 2014,PS3,2014,Sports,Konami Digital Entertainment,0,0,0.14,0,0.14
1131,Ape Escape,PS,1999,Platform,Sony Computer Entertainment,0.71,0.48,0.32,0.11,1.63
8392,State of Emergency,XB,2003,Action,Take-Two Interactive,0.13,0.04,0,0.01,0.17
14776,Jet Grind Radio,GBA,2003,Action,Sega,0.02,0.01,0,0,0.03
12647,Syphon Filter: Logan's Shadow,PS2,2010,Shooter,Sony Computer Entertainment,0.03,0.02,0,0.01,0.06
6101,Kung Zhu,DS,2010,Action,Activision,0.26,0,0,0.02,0.29
5305,Mega Man ZX Advent,DS,2007,Platform,Capcom,0.23,0,0.09,0.02,0.35
10376,Woody Woodpecker Racing,PS,1999,Racing,Konami Digital Entertainment,0.06,0.04,0,0.01,0.11
14449,BeatMania IIDX 13: DistorteD,PS2,2007,Simulation,Konami Digital Entertainment,0,0,0.03,0,0.03
7053,Mafia,XB,2004,Action,Take-Two Interactive,0.17,0.05,0,0.01,0.23
14650,Parfait,PSV,2015,Adventure,TGL,0,0,0.03,0,0.03
5846,Batman: The Brave and the Bold the Videogame,DS,2010,Action,Warner Bros. Interactive Entertainment,0.24,0.04,0,0.02,0.3
8349,Disney TH!NK Fast: The Ultimate Trivia Showdown,PS2,2008,Misc,Disney Interactive Studios,0.08,0.06,0,0.02,0.17
6220,Patapon 3,PSP,2011,Misc,Sony Computer Entertainment,0.05,0.04,0.17,0.02,0.28
15507,Muchi Muchi Pork & Pink Sweets,X360,2011,Shooter,Cave,0,0,0.02,0,0.02
3156,Dragon Age II,PC,2011,Action,Electronic Arts,0.23,0.33,0,0.09,0.64
11559,Valkyrie Drive: Bhikkhuni,PSV,2015,Action,PQube,0,0.01,0.07,0,0.08
7963,Robin Hood: Defender of the Crown,PS2,2003,Strategy,Capcom,0.09,0.07,0,0.02,0.19
14246,Trials Fusion,PC,2014,Racing,Ubisoft,0,0.03,0,0,0.03
715,Minecraft,PSV,2014,Misc,Sony Computer Entertainment Europe,0.28,0.79,0.87,0.32,2.25
16422,Routes PE,PS2,2007,Adventure,Aqua Plus,0,0,0.01,0,0.01
10631,L'Aigle de Guerre,GBA,2001,Strategy,Nintendo,0,0,0.1,0,0.1
11117,Wacky World of Sports,Wii,2009,Sports,Sega,0.08,0,0,0.01,0.09
10015,Pac 'n Roll,DS,2005,Platform,Namco Bandai Games,0.09,0,0.02,0.01,0.11
10552,Draglade,DS,2007,Fighting,505 Games,0.09,0,0,0.01,0.1
4086,Scrabble 2007 Edition,DS,2007,Puzzle,Ubisoft,0,0.48,0,0,0.48
12220,Gundam Try Age SP,3DS,2014,Strategy,Namco Bandai Games,0,0,0.07,0,0.07
5598,Tekken 6,PSP,2009,Fighting,Namco Bandai Games,0.15,0.04,0.1,0.03,0.32
221,Crash Team Racing,PS,1999,Racing,Sony Computer Entertainment,2.57,1.57,0.44,0.21,4.79
9833,2 Games in 1 Double Pack: Hot Wheels Velocity X / Hot Wheels World Race,GBA,2005,Racing,THQ,0.09,0.03,0,0,0.12
15403,Psycho-Pass: Mandatory Happiness,PSV,2016,Adventure,Nippon Ichi Software,0,0.01,0.01,0,0.02
16244,Phantasy Star Online 2 Episode 4: Deluxe Package,PSV,2017,Role-Playing,Sega,0,0,0.01,0,0.01
11288,Rescue Heroes: Billy Blazes,GBA,2003,Action,Vivendi Games,0.06,0.02,0,0,0.08
2239,MLB 07: The Show,PS2,2007,Sports,Sony Computer Entertainment,0.77,0.03,0,0.13,0.93
14196,Makai Senki Disgaea 4: Fuuka & Desco-hen Hajime Mashita,PS3,2011,Strategy,Nippon Ichi Software,0,0,0.03,0,0.03
9624,Zenses: Ocean,DS,2008,Puzzle,Game Factory,0.11,0.01,0,0.01,0.13
3720,FIFA 99,N64,1998,Sports,Electronic Arts,0.11,0.39,0,0.03,0.54
13412,Black Jack vs. Matsudajun,PS,2000,Misc,Pony Canyon,0.03,0.02,0,0,0.05
2581,The Sims 2: Castaway,PSP,2007,Simulation,Electronic Arts,0.08,0.46,0,0.25,0.8
9079,SSX On Tour,XB,2005,Sports,Electronic Arts,0.11,0.03,0,0.01,0.14
14353,A Good Librarian Like a Good Shepherd: Library Party,PSV,2015,Action,Kaga Create,0,0,0.03,0,0.03
7129,Jersey Devil,PS,1997,Platform,Ocean,0.13,0.09,0,0.01,0.23
12746,Doki-Doki Universe,PSV,2013,Adventure,Sony Computer Entertainment,0.01,0.04,0,0.01,0.06
4759,Speed Racer: The Videogame,Wii,2008,Racing,Warner Bros. Interactive Entertainment,0.36,0.02,0,0.03,0.41
16111,Nodame Cantabile,PS2,2007,Misc,Banpresto,0,0,0.01,0,0.01
802,Tetris Worlds,PS2,2002,Puzzle,THQ,1.11,0.71,0,0.27,2.08
8429,Dragon Quest X,3DS,2014,Role-Playing,Square Enix,0,0,0.17,0,0.17
9632,Victorious: Time to Shine,X360,2011,Action,D3Publisher,0.12,0,0,0.01,0.13
6963,Etrian Mystery Dungeon,3DS,2015,Role-Playing,Nippon Ichi Software,0.09,0.01,0.12,0.01,0.23
14531,R-Type III: The Third Lightning,GBA,2004,Shooter,Zoo Digital Publishing,0.02,0.01,0,0,0.03
10662,Atelier Sophie: The Alchemist of the Mysterious Book,PS4,2015,Role-Playing,Tecmo Koei,0.01,0.02,0.06,0.01,0.1
10716,Rocky: Legends,XB,2004,Action,Ubisoft,0.07,0.02,0,0,0.1
6833,Rock Band Track Pack Volume 1,Wii,2008,Misc,MTV Games,0.17,0.05,0,0.02,0.24
2318,Pure,PS3,2008,Racing,Disney Interactive Studios,0.42,0.33,0,0.14,0.9
14122,Radiant Silvergun,SAT,1998,Shooter,ESP,0,0,0.03,0,0.03
7605,Speed Punks,PS,1998,Racing,Sony Computer Entertainment,0.11,0.08,0,0.01,0.2
13498,Nobunaga's Ambition (3DS),3DS,2013,Simulation,Tecmo Koei,0,0,0.04,0,0.04
450,FIFA 15,X360,2014,Sports,Electronic Arts,0.78,2.02,0,0.3,3.11
6907,Grand Theft Auto,GBA,2004,Action,Take-Two Interactive,0.17,0.06,0,0,0.24
8562,Silent Scope 3,PS2,2002,Shooter,Konami Digital Entertainment,0.08,0.06,0,0.02,0.16
12650,Daito Giken Koushiki Pachi-Slot Simulator: Shin Yoshimune,PS2,2008,Misc,Paon,0,0,0.06,0,0.06
10930,Backyard Sports: Sandlot Sluggers,X360,2010,Sports,Atari,0.09,0,0,0.01,0.09
8407,Shin Megami Tensei: Devil Summoner 2 - Raidou Kuzunoha vs. King Abaddon (JP sales),PS2,2008,Role-Playing,Atlus,0,0,0.17,0,0.17
10058,Desktop Tower Defense,DS,2009,Strategy,THQ,0.11,0,0,0.01,0.11
10582,World Series of Poker 2008: Battle for the Bracelets,PS3,2007,Misc,Activision,0.08,0.01,0,0.01,0.1
12858,NFL Quarterback Club 2002,GC,2001,Sports,Acclaim Entertainment,0.04,0.01,0,0,0.05
11521,Serious Sam 3: BFE,PC,2011,Shooter,Mastertronic,0.01,0.05,0,0.01,0.08
4191,Momotarou Dentetsu V,PS,1999,Misc,Hudson Entertainment,0,0,0.44,0.03,0.47
5495,Extra Bases,GB,1990,Sports,Namco Bandai Games,0,0,0.33,0,0.33
2491,Dance Central 3,X360,2012,Misc,Microsoft Game Studios,0.57,0.2,0,0.06,0.83
11748,Torchlight,PC,2009,Role-Playing,JoWood Productions,0,0.06,0,0.02,0.07
691,Cool Boarders 3,PS,1998,Sports,989 Studios,1.65,0.46,0.1,0.1,2.31
4169,Silent Hill: Downpour,PS3,2012,Action,Konami Digital Entertainment,0.21,0.16,0.04,0.06,0.47
2505,Deca Sports 2,Wii,2009,Sports,Hudson Soft,0.33,0.34,0.09,0.07,0.82
13629,Pocket Pool,PSP,2007,Action,Conspiracy Entertainment,0.04,0,0,0,0.04
4805,Harry Potter: Quidditch World Cup,GC,2003,Sports,Electronic Arts,0.31,0.08,0,0.01,0.4
9236,Rayman Arena,GC,2002,Racing,Ubisoft,0.11,0.03,0,0,0.14
4986,San Francisco Rush: Extreme Racing,PS,1997,Racing,GT Interactive,0.21,0.15,0,0.03,0.38
10867,Forever Kingdom,PS2,2001,Role-Playing,From Software,0.02,0.02,0.04,0.01,0.09
4388,Samurai Warriors: Xtreme Legends,PS2,2004,Action,Tecmo Koei,0.04,0.03,0.36,0.01,0.45
7135,Spec Ops: The Line,PC,2012,Shooter,Take-Two Interactive,0.11,0.09,0,0.03,0.23
7921,CSI: Fatal Conspiracy,PS3,2010,Adventure,Ubisoft,0.11,0.05,0,0.02,0.19
3753,War of the Monsters,PS2,2003,Fighting,Sony Computer Entertainment,0.26,0.2,0,0.07,0.54
3672,Time Crisis: Razing Storm,PS3,2010,Shooter,Namco Bandai Games,0.18,0.21,0.07,0.08,0.55
1053,We Ski,Wii,2008,Sports,Namco Bandai Games,0.99,0.42,0.14,0.15,1.7
5795,NBA Live 08,PSP,2007,Sports,Electronic Arts,0.28,0,0,0.02,0.31
12380,Code Geass: Hangyaku no Lelouch - Lost Colors,PS2,2008,Adventure,Namco Bandai Games,0,0,0.06,0,0.06
3888,100 All-Time Favorites,DS,2009,Puzzle,Ubisoft,0.35,0.12,0,0.04,0.51
1631,Boom Blox,Wii,2008,Puzzle,Electronic Arts,0.72,0.38,0,0.12,1.23
8672,Monster House,DS,2006,Adventure,THQ,0.14,0.01,0,0.01,0.16
7457,Wacky Races: Crash & Dash,DS,2008,Racing,Eidos Interactive,0.19,0,0,0.01,0.21
13715,SWAT: Target Liberty,PSP,2007,Shooter,Vivendi Games,0.03,0,0,0,0.04
12475,Crazy Chicken Tales,Wii,2009,Action,Conspiracy Entertainment,0.06,0,0,0,0.06
13740,PD Ultraman Battle Collection 64,N64,1999,Strategy,Namco Bandai Games,0,0,0.04,0,0.04
5251,EA Sports MMA,X360,2010,Fighting,Electronic Arts,0.23,0.1,0,0.03,0.36
311,The Elder Scrolls V: Skyrim,PC,2011,Role-Playing,Bethesda Softworks,1.15,2.09,0,0.64,3.88
3542,Dora The Explorer: Dora Saves the Snow Princess,Wii,2008,Platform,Take-Two Interactive,0.5,0.03,0,0.04,0.57
15367,Jinguuji Saburou DS: Akai Chou,DS,2010,Adventure,Arc System Works,0,0,0.02,0,0.02
9594,Thor: God of Thunder,DS,2011,Action,Sega,0.09,0.03,0,0.01,0.13
7012,Pitfall: The Big Adventure,Wii,2008,Adventure,Activision,0.2,0.02,0,0.02,0.23
14583,NatGeo Challenge! Wild Life,X360,2010,Misc,Black Bean Games,0,0.02,0,0,0.03
10319,Yamaha Supercross,DS,2009,Racing,Zoo Digital Publishing,0.1,0,0,0.01,0.11
8510,Disney's American Dragon Jake Long: Attack of the Dark Dragon,DS,2006,Action,Disney Interactive Studios,0.15,0,0,0.01,0.16
5025,NCAA Football 11,PS2,2010,Sports,Electronic Arts,0.19,0.15,0,0.05,0.38
12722,Samurai Jack: The Shadow of Aku,PS2,2004,Action,Sega,0.03,0.02,0,0.01,0.06
11002,Road Trip,PS2,2002,Racing,Play It,0.04,0.03,0,0.01,0.09
13692,12Riven: The Psi-Climinal of Integral,PS2,2008,Adventure,CyberFront,0,0,0.04,0,0.04
16400,Heart no Kuni no Alice,PSP,2009,Adventure,Prototype,0,0,0.01,0,0.01
15812,WRC 5: FIA World Rally Championship,X360,2015,Sports,Bigben Interactive,0,0.02,0,0,0.02
9755,The Lord of the Rings: Aragorn's Quest,DS,2010,Action,Warner Bros. Interactive Entertainment,0.1,0.02,0,0.01,0.12
10107,Pimp My Ride,Wii,2008,Racing,Activision,0.1,0,0,0.01,0.11
9825,Animal Genius,DS,2007,Puzzle,Ubisoft,0.11,0,0,0.01,0.12
4842,Rocket Power: Dream Scheme,GBA,2001,Action,THQ,0.29,0.11,0,0.01,0.4
6166,Mega Man II,GB,1991,Platform,Nintendo,0,0,0.28,0,0.28
14169,Zoo Vet: Endangered Animals,DS,2008,Simulation,505 Games,0.03,0,0,0,0.03
4823,Fighting Vipers,SAT,1995,Fighting,Sega,0,0,0.4,0,0.4
10802,Populous DS,DS,2008,Strategy,Rising Star Games,0.07,0,0.02,0.01,0.1
8577,SimEarth: The Living Planet,SNES,1991,Simulation,Imagineer,0,0,0.16,0,0.16
6457,Panzer Dragoon Orta,XB,2002,Shooter,Sega,0.16,0.05,0.04,0.01,0.26
9351,The Guy Game,PS2,2004,Misc,Gathering of Developers,0.07,0.05,0,0.02,0.13
15023,Bomberman Story DS,DS,2007,Role-Playing,Rising Star Games,0,0,0.02,0,0.02
4328,The Powerpuff Girls: Relish Rampage,PS2,2002,Action,BAM! Entertainment,0.22,0.17,0,0.06,0.45
4443,Ninja Gaiden 3,PS3,2012,Action,Tecmo Koei,0.19,0.1,0.11,0.05,0.44
13569,Twilight Syndrome: Kinjiratera Toshi Densetsu,DS,2008,Adventure,Spike,0,0,0.04,0,0.04
15132,Moujuutsukai to Oujisama: Snow Bride Portable,PSP,2012,Adventure,Idea Factory,0,0,0.02,0,0.02
14553,Pimp My Ride: Street Racing,DS,2009,Racing,Activision,0.03,0,0,0,0.03
7425,WRC: FIA World Rally Championship,PS3,N/A,Racing,Black Bean Games,0,0.15,0.01,0.05,0.21
9076,.hack//Link,PSP,2010,Role-Playing,Namco Bandai Games,0,0,0.14,0,0.14
16127,Young Justice: Legacy,X360,2013,Action,Namco Bandai Games,0,0.01,0,0,0.01
10459,Exit DS,DS,2008,Puzzle,Square Enix,0.09,0,0.01,0.01,0.1
3490,BlazBlue: Calamity Trigger,PS3,2009,Fighting,PQube,0.36,0.1,0.06,0.06,0.58
13451,Bad Boys: Miami Takedown,GC,2004,Shooter,Empire Interactive,0.03,0.01,0,0,0.05
8511,Godzilla Unleashed,Wii,2007,Fighting,Atari,0.15,0,0,0.01,0.16
652,Zumba Fitness,X360,2010,Sports,505 Games,1.74,0.48,0,0.18,2.39
13478,Disney's Donald Duck: Goin' Quackers,GC,2002,Platform,Ubisoft,0.03,0.01,0,0,0.04
7524,Suikoden Tactics,PS2,2005,Strategy,Konami Digital Entertainment,0.06,0.05,0.07,0.02,0.2
12243,NHL Hitz Pro,XB,2003,Sports,Midway Games,0.05,0.01,0,0,0.07
8230,Rugrats: Royal Ransom,GC,2002,Platform,THQ,0.13,0.03,0,0,0.17
6352,Tales of Eternia,PSP,2005,Role-Playing,Ubisoft,0,0.01,0.25,0.01,0.27
6967,Big Family Games,Wii,2009,Misc,THQ,0,0.22,0,0.02,0.23
12728,Rugby World Cup 2015,PS4,2015,Sports,Ubisoft,0,0.05,0,0.01,0.06
82,Pokemon Black 2/Pokemon White 2,DS,2012,Role-Playing,Nintendo,2.91,1.86,3.14,0.43,8.33
6782,Avalon Code,DS,2008,Role-Playing,Rising Star Games,0.11,0,0.12,0.01,0.24
10882,Barbie and the Magic of Pegasus,GBA,2005,Action,Vivendi Games,0.07,0.02,0,0,0.09
13745,Superman: Countdown to Apokolips,GBA,2003,Platform,Atari,0.03,0.01,0,0,0.04
8853,Top Gun: Combat Zones,GC,2002,Simulation,Titus,0.12,0.03,0,0,0.15
15916,Dragon Tales: Dragon Adventures,GBA,2003,Platform,NewKidCo,0.01,0,0,0,0.02
12727,Tsugunai: Atonement,PS2,2001,Role-Playing,Sony Computer Entertainment,0.02,0.01,0.02,0,0.06
15775,Cube,PSP,2007,Puzzle,D3Publisher,0.02,0,0,0,0.02
14820,AniMates!,DS,2007,Simulation,Lexicon Entertainment,0.02,0,0,0,0.03
11715,Winter Sports 2011,Wii,2011,Sports,DTP Entertainment,0,0.06,0,0.01,0.08
2825,James Bond 007: Agent Under Fire,GC,2002,Shooter,Electronic Arts,0.56,0.15,0,0.02,0.72
4538,NHL Slapshot,Wii,N/A,Sports,Unknown,0.4,0,0,0.02,0.43
12883,FIFA Soccer 2003,GBA,2002,Sports,Electronic Arts,0.04,0.01,0,0,0.05
14098,Detective Conan: Prelude from the Past,PSP,2012,Action,Namco Bandai Games,0,0,0.04,0,0.04
4527,Spec Ops: The Line,X360,2012,Shooter,Take-Two Interactive,0.21,0.19,0,0.04,0.43
7247,Kartia: The Word of Fate,PS,1998,Strategy,Konami Digital Entertainment,0.05,0.03,0.12,0.01,0.22
10927,Shin Megami Tensei,PS,2001,Role-Playing,Atlus,0,0,0.09,0.01,0.09
13441,Gray Matter,X360,2011,Adventure,DTP Entertainment,0,0.04,0,0.01,0.05
16136,Collar x Malice,PSV,2016,Action,Idea Factory,0,0,0.01,0,0.01
5486,Rugby World Cup 2011,PS3,2011,Sports,505 Games,0,0.25,0,0.08,0.33
7717,Family Guy,PSP,2006,Action,Take-Two Interactive,0.18,0,0,0.02,0.2
707,Paper Mario: Sticker Star,3DS,2012,Role-Playing,Nintendo,1.12,0.39,0.64,0.12,2.27
12000,Super Robot Taisen OG Saga: Masou Kishin III - Pride of Justice,PS3,2013,Strategy,Namco Bandai Games,0,0,0.07,0,0.07
14086,The Cursed Crusade,PC,2011,Action,DTP Entertainment,0,0.03,0,0.01,0.04
297,Star Fox 64,N64,1997,Shooter,Nintendo,2.78,0.58,0.64,0.04,4.03
4723,Boku no Natsuyasumi 2: Umi no Bouken Hen,PS2,2002,Adventure,Sony Computer Entertainment,0,0,0.41,0,0.41
5145,FIFA Street 2,PS2,2006,Sports,Electronic Arts,0.17,0.13,0.02,0.04,0.37
10970,Kawasaki Quad Bikes,Wii,2007,Racing,Data Design Interactive,0.07,0.01,0,0.01,0.09
3025,Armored Core 3,PS2,2002,Simulation,Metro 3D,0.22,0.17,0.23,0.06,0.67
6705,Freshly-Picked: Tingle's Rosy Rupeeland,DS,2006,Role-Playing,Nintendo,0,0.01,0.24,0,0.25
10466,Learn Chess,DS,2009,Misc,DreamCatcher Interactive,0.1,0,0,0.01,0.1
16401,Petz: Hamsterz Life 2,GBA,2007,Misc,Ubisoft,0.01,0,0,0,0.01
11628,Endgame,PS2,2002,Shooter,Empire Interactive,0.04,0.03,0,0.01,0.08
6480,We Cheer 2,Wii,2009,Simulation,Namco Bandai Games,0.24,0,0,0.02,0.26
8006,Sports Illustrated for Kids: Football,GBA,2003,Sports,BAM! Entertainment,0.13,0.05,0,0,0.18
442,Spider-Man,PS,2000,Action,Activision,1.7,1.25,0.02,0.16,3.13
1539,Midnight Club 3: DUB Edition (America weekly sales),PS2,2005,Racing,Take-Two Interactive,1.22,0.05,0,0.01,1.29
626,NBA 2K14,X360,2013,Sports,Take-Two Interactive,2.1,0.2,0,0.17,2.47
9309,World Championship Poker 2: Featuring Howard Lederer,PSP,2005,Misc,505 Games,0.12,0,0,0.01,0.14
5386,Kameo: Elements of Power,X360,2005,Action,Microsoft Game Studios,0.28,0.03,0,0.03,0.34
15328,Nicktoons Collection: Game Boy Advance Video Volume 3,GBA,2005,Misc,N/A,0.01,0.01,0,0,0.02
13178,BeatMania IIDX 3rd Style,PS2,2000,Simulation,Konami Digital Entertainment,0,0,0.05,0,0.05
5228,Just Dance 2016,X360,2015,Misc,Ubisoft,0.23,0.1,0,0.03,0.36
4603,ESPN NHL 2K5,XB,2004,Sports,Global Star,0.32,0.09,0,0.02,0.42
13833,All Points Bulletin,PC,2010,Role-Playing,Electronic Arts,0,0.03,0,0.01,0.04
4946,Super Fire ProWrestling,SNES,1991,Fighting,Human Entertainment,0,0,0.39,0,0.39
1231,Sonic Rivals 2,PSP,2007,Racing,Sega,0.44,0.69,0,0.39,1.52
14714,Max Payne,GBA,2003,Shooter,Take-Two Interactive,0.02,0.01,0,0,0.03
1381,Call of Duty: Black Ops,Wii,2010,Shooter,Activision,0.82,0.47,0,0.12,1.4
11368,Forbidden Siren 2,PS2,2006,Action,Sony Computer Entertainment,0,0,0.08,0,0.08
16316,Musou Tourou,PSP,2009,Strategy,Nippon Ichi Software,0,0,0.01,0,0.01
13497,Candace Kane's Candy Factory,DS,2008,Action,Destineer,0.04,0,0,0,0.04
13183,Operation Flashpoint: Dragon Rising,PC,2009,Shooter,Codemasters,0.01,0.03,0,0.01,0.05
12464,Metal Gear Solid: Social Ops,PS2,2002,Action,Konami Digital Entertainment,0.03,0.02,0,0.01,0.06
16029,Ten Pin Alley 2,GBA,2004,Sports,XS Games,0.01,0,0,0,0.01
7431,Way of the Samurai 3,X360,2009,Action,Gamebridge,0.12,0.05,0.02,0.02,0.21
16260,Makai Senki Disgaea 3 Append Disc: Raspberyl-hen Hajime Mashita,PS3,2009,Role-Playing,Nippon Ichi Software,0,0,0.01,0,0.01
3214,God of War III,PS4,2015,Action,Sony Computer Entertainment,0.23,0.29,0.01,0.1,0.63
2567,Yakuza,PS2,2005,Action,Sega,0.03,0.02,0.74,0.01,0.8
11095,Burnout Paradise: The Ultimate Box,PS3,2009,Racing,Electronic Arts,0,0.06,0.01,0.02,0.09
3979,Dance Dance Revolution Universe 2,X360,2007,Simulation,Konami Digital Entertainment,0.46,0.01,0,0.04,0.5
9750,Major League Baseball 2K8 Fantasy All-Stars,DS,2008,Sports,Take-Two Interactive,0.11,0,0,0.01,0.12
814,Yu-Gi-Oh! The Eternal Duelist Soul,GBA,2001,Strategy,Konami Digital Entertainment,1.64,0.36,0,0.07,2.07
655,Monopoly,PC,1994,Misc,Hasbro Interactive,1.49,0.81,0,0.1,2.39
7536,The Bible Game,PS2,2005,Misc,Crave Entertainment,0.1,0.08,0,0.03,0.2
3759,Jewel Master Egypt,DS,2009,Puzzle,Rondomedia,0.21,0.27,0,0.05,0.53
7764,Ice Age 2: The Meltdown,GC,2006,Platform,Vivendi Games,0.15,0.04,0,0.01,0.19
841,NBA Live 2004,PS2,2003,Sports,Electronic Arts,1.57,0.18,0,0.27,2.03
14187,Sacra Terra: Angelic Night,PC,2011,Puzzle,Avanquest,0.01,0.02,0,0.01,0.03
996,Tom Clancy's Ghost Recon,XB,2002,Shooter,Ubisoft,1.23,0.46,0,0.07,1.76
12550,Guilty Gear X: Advance Edition,GBA,2002,Fighting,Sammy Corporation,0.04,0.02,0,0,0.06
2605,Harvest Moon: A Wonderful Life,GC,2003,Role-Playing,Ubisoft,0.61,0.16,0,0.02,0.79
9606,Twister Mania,X360,2011,Misc,505 Games,0.1,0.01,0,0.01,0.13
7940,Singstar: Ultimate Party,PS4,2014,Misc,Sony Computer Entertainment Europe,0,0.16,0,0.03,0.19
15245,Group S Challenge,XB,2003,Racing,Capcom,0.02,0,0,0,0.02
13033,Sengoku Basara X,PS2,2008,Fighting,Capcom,0,0,0.05,0,0.05
9140,Lord of the Rings: Tactics,PSP,2005,Strategy,Electronic Arts,0.11,0.02,0,0.02,0.14
10641,The History Channel: Civil War - Secret Missions,PS3,2008,Shooter,Activision,0.09,0,0,0.01,0.1
12394,Atari's Greatest Hits: Volume 2,DS,2011,Misc,Atari,0.06,0,0,0,0.06
10962,Lock's Quest,DS,2008,Strategy,THQ,0.08,0,0,0.01,0.09
11899,J Legend Retsuden,3DS,2013,Misc,Namco Bandai Games,0,0,0.07,0,0.07
10897,Freekstyle,GC,2002,Racing,Electronic Arts,0.07,0.02,0,0,0.09
980,The Legend of Zelda: The Wind Waker,WiiU,2013,Action,Nintendo,0.93,0.57,0.14,0.13,1.77
5131,FIFA Soccer 13,PSP,2012,Action,Electronic Arts,0.05,0.19,0.02,0.1,0.37
5567,Batman: Arkham Origins,WiiU,2013,Action,Warner Bros. Interactive Entertainment,0.2,0.09,0,0.03,0.33
6923,Game & Wario,WiiU,2013,Misc,Nintendo,0.06,0.06,0.11,0.01,0.24
10088,Skylanders: SuperChargers,3DS,2015,Action,Activision,0.05,0.06,0,0.01,0.11
13468,Cheer We Go!,DS,2010,Misc,Natsume,0.04,0,0,0,0.04
15223,Geon Cube,Wii,2009,Puzzle,P2 Games,0.02,0,0,0,0.02
5688,BlazBlue: Continuum Shift,X360,2010,Fighting,PQube,0.23,0.04,0.02,0.02,0.32
5315,The Fairly Odd Parents: Shadow Showdown,PS2,2004,Platform,THQ,0.17,0.13,0,0.04,0.35
5928,Taiko no Tatsujin Wii: Minna de Party * 3-Yome!,Wii,2010,Misc,Namco Bandai Games,0,0,0.3,0,0.3
13056,Taiho Shichauzo!,PS,2001,Adventure,Pioneer LDC,0,0,0.05,0,0.05
11758,Futurama,PS2,2003,Platform,SCi,0.04,0.03,0,0.01,0.07
2877,Final Fantasy X/X-2 HD Remaster,PS4,2015,Role-Playing,Square Enix,0.29,0.25,0.06,0.11,0.71
12763,Myst,SAT,1994,Adventure,Sunsoft,0,0,0.06,0,0.06
2205,Castlevania: Lament of Innocence,PS2,2003,Action,Konami Digital Entertainment,0.46,0.36,0,0.12,0.94
3425,Game Party in Motion,X360,2010,Misc,Warner Bros. Interactive Entertainment,0.36,0.18,0,0.05,0.59
1974,Arc the Lad II,PS,1996,Role-Playing,Sony Computer Entertainment,0,0,0.92,0.13,1.05
2880,MLB 10: The Show,PS3,2010,Sports,Sony Computer Entertainment,0.66,0,0,0.05,0.71
4321,Enter the Matrix,GC,2003,Action,Atari,0.34,0.09,0.02,0.01,0.45
5880,Sengoku Basara: Samurai Heroes,Wii,2010,Action,Capcom,0.08,0.02,0.2,0.01,0.3
9791,My Chinese Coach,DS,2008,Misc,Ubisoft,0.11,0.01,0,0.01,0.12
9018,Fatal Frame,PS2,2001,Action,Wanadoo,0.07,0.06,0,0.02,0.14
14986,Rugby Challenge 3,X360,2016,Sports,Alternative Software,0,0.02,0,0,0.02
2090,Ace Combat X: Skies of Deception,PSP,2006,Simulation,Namco Bandai Games,0.37,0.31,0.12,0.19,0.99
5885,Hard Hitter Tennis,PS2,2001,Sports,Midas Interactive Entertainment,0.15,0.11,0,0.04,0.3
7427,Threads of Fate,PS,1999,Role-Playing,SquareSoft,0.12,0.08,0,0.01,0.21
13372,Ride to Hell,PS3,2013,Racing,Deep Silver,0.02,0.02,0,0.01,0.05
15480,Heroes VS,PSP,2013,Fighting,Namco Bandai Games,0,0,0.02,0,0.02
7232,Viewtiful Joe 2,GC,2004,Action,Capcom,0.17,0.04,0,0.01,0.22
6164,Jissen Pachi-Slot Hisshouhou! Moujuu-Oh S,PS2,2002,Misc,Sammy Corporation,0,0,0.28,0,0.28
10530,Weiss Schwarz Portable,PSP,2011,Strategy,Namco Bandai Games,0,0,0.1,0,0.1
10063,Grease,DS,2010,Misc,505 Games,0.1,0,0,0.01,0.11
15578,My Hero: Doctor,DS,2009,Action,Majesco Entertainment,0.02,0,0,0,0.02
13834,Romance of the Three Kingdoms 13,PS3,2015,Action,Tecmo Koei,0,0,0.04,0,0.04
2383,Red Faction: Guerrilla,X360,2009,Shooter,THQ,0.48,0.29,0.01,0.09,0.87
6874,Army Men: Air Combat,N64,2000,Action,3DO,0.19,0.05,0,0,0.24
16335,The Eye of Judgment: Legends,PSP,2010,Strategy,Sony Computer Entertainment,0,0,0.01,0,0.01
5930,The Sims 2: Pets,PS2,2006,Simulation,Electronic Arts,0.02,0.01,0,0.27,0.3
414,Gran Turismo (PSP),PSP,2009,Racing,Sony Computer Entertainment,0.5,1.59,0.31,0.87,3.27
8620,Shaun White Skateboarding,X360,2010,Sports,Ubisoft,0.1,0.05,0,0.01,0.16
2642,God of War Saga,PS3,2012,Action,Sony Computer Entertainment,0.72,0,0,0.06,0.78
3537,Pro Evolution Soccer 2012,PSP,2011,Action,Konami Digital Entertainment,0.1,0.12,0.29,0.07,0.57
7133,Cars 2,3DS,2011,Racing,Disney Interactive Studios,0.21,0,0,0.02,0.23
12985,Pony Friends: Mini Breeds Edition,DS,2008,Simulation,Eidos Interactive,0.05,0,0,0,0.05
9570,Pro Evolution Soccer 2016,X360,2015,Sports,Konami Digital Entertainment,0.04,0.08,0,0.01,0.13
1380,NASCAR 2005: Chase for the Cup,PS2,2004,Racing,Electronic Arts,0.69,0.54,0,0.18,1.41
8779,NCAA GameBreaker 2001,PS2,2000,Sports,Sony Computer Entertainment,0.07,0.06,0,0.02,0.15
7781,Peter Jackson's King Kong: The Official Game of the Movie,PSP,2005,Action,Ubisoft,0.16,0.01,0,0.02,0.19
10115,Open Season,X360,2006,Platform,Ubisoft,0.1,0,0,0.01,0.11
10234,Samurai Warriors 4,PSV,2014,Action,Tecmo Koei,0,0,0.11,0,0.11
15048,Lunatic Dawn Tempest,PS2,2001,Role-Playing,ArtDink,0,0,0.02,0,0.02
11722,Disaster: Day of Crisis,Wii,2008,Action,Nintendo,0,0.03,0.04,0,0.08
2883,Power Rangers: Dino Thunder,PS2,2004,Action,THQ,0.35,0.27,0,0.09,0.71
9494,Secret Agent Clank,PSP,2008,Platform,Sony Computer Entertainment,0.04,0.03,0.04,0.02,0.13
6146,Final Fantasy VI Advance,GBA,2006,Role-Playing,Nintendo,0,0,0.28,0.01,0.28
14002,Smashing Drive,XB,2002,Racing,Namco Bandai Games,0.03,0.01,0,0,0.04
1484,Middle-Earth: Shadow of Mordor,XOne,2014,Action,Warner Bros. Interactive Entertainment,0.72,0.5,0.01,0.1,1.32
9350,Hisshou Pachinko*Pachi-Slot Kouryaku Series Vol. 1: CR Shinseiki Evangelion,PS2,2005,Misc,D3Publisher,0,0,0.13,0,0.13
7951,Call of Duty: World at War,PC,2008,Shooter,Activision,0.02,0.13,0,0.03,0.19
14320,Big Ichigeki! Pachi-Slot Taikouryku Universal Museum,SAT,1996,Misc,ASK,0,0,0.03,0,0.03
11551,futureU: The Prep Game for SAT,DS,2008,Misc,Aspyr,0.07,0,0,0.01,0.08
5026,Tales of Zestiria,PS4,2015,Role-Playing,Namco Bandai Games,0.16,0.15,0.02,0.06,0.38
5690,DJ Hero,PS2,2009,Misc,Activision,0.1,0.02,0,0.2,0.32
9386,Suite PreCure: Melody Collection,DS,2011,Misc,Namco Bandai Games,0,0,0.13,0,0.13
8569,Field Commander,PSP,2006,Strategy,Sony Online Entertainment,0.14,0,0,0.01,0.16
3457,Rayman Origins,Wii,2011,Platform,Ubisoft,0.23,0.29,0,0.07,0.58
5723,NBA Inside Drive 2003,XB,2002,Sports,Microsoft Game Studios,0.23,0.07,0,0.01,0.31
747,Hitman: Absolution,PS3,2012,Action,Square Enix,0.59,1.07,0.07,0.45,2.19
1723,Gun,PS2,2005,Shooter,Activision,0.98,0.04,0,0.16,1.17
5035,Final Fantasy Adventure,GB,1991,Role-Playing,SquareSoft,0,0,0.38,0,0.38
9125,Naruto RPG 2: Chidori vs Rasengan,DS,2005,Role-Playing,Tomy Corporation,0,0,0.14,0,0.14
8095,Moon,PS,1997,Adventure,ASCII Entertainment,0,0,0.17,0.01,0.18
688,WarioWare Touched!,DS,2004,Puzzle,Nintendo,0.52,0.45,1.21,0.13,2.31
4756,'98 Koshien,PS,1998,Sports,Magical Company,0.15,0.1,0.12,0.03,0.41
8494,Around the World in 80 Days,DS,2010,Action,PlayV,0,0.14,0,0.02,0.16
15932,Minna to Issho,PSV,2011,Misc,Sony Computer Entertainment,0,0,0.02,0,0.02
2320,Fossil Fighters,DS,2008,Role-Playing,Nintendo,0.84,0,0,0.06,0.9
6880,Lucky Luke,PS,1998,Platform,Ocean,0.13,0.09,0,0.02,0.24
3861,Gun,XB,2005,Shooter,Activision,0.38,0.12,0,0.02,0.52
6450,Rayman DS,DS,2005,Platform,Ubisoft,0.21,0.04,0,0.02,0.26
10212,Puss in Boots,DS,2011,Action,THQ,0.09,0.01,0,0.01,0.11
15272,Sniper Elite V2,WiiU,2013,Shooter,505 Games,0,0.02,0,0,0.02
2693,Driv3r,XB,2004,Racing,Atari,0.36,0.38,0,0.03,0.76
11022,Great Party Games,Wii,2010,Misc,O-Games,0,0.08,0,0.01,0.09
10146,AirForce Delta Strike,PS2,2004,Simulation,Konami Digital Entertainment,0.05,0.04,0,0.01,0.11
861,Sonic Classic Collection,DS,2010,Platform,Sega,0.99,0.8,0,0.18,1.97
12002,Rayman 3: Hoodlum Havoc,GC,2003,Platform,Ubisoft,0.05,0.01,0,0,0.07
3539,Blood Wake,XB,2001,Shooter,Microsoft Game Studios,0.43,0.12,0,0.02,0.57
5083,Petz Rescue: Ocean Patrol,DS,2008,Adventure,Ubisoft,0.35,0,0,0.03,0.37
11702,WipEout HD Fury,PS3,2009,Racing,Sony Computer Entertainment,0,0.06,0,0.02,0.08
6638,Triple Play 2002,XB,2002,Sports,Electronic Arts,0.19,0.05,0,0.01,0.25
10488,Road Rash: Jailbreak,GBA,2003,Racing,Zoo Digital Publishing,0.07,0.03,0,0,0.1
4163,Gauntlet Legends,PS,2000,Action,Midway Games,0.26,0.18,0,0.03,0.47
1232,Knockout Kings,PS,1997,Fighting,Electronic Arts,1.07,0.39,0,0.06,1.52
151,LEGO Star Wars: The Complete Saga,Wii,2007,Action,LucasArts,3.66,1.63,0,0.53,5.83
5414,My Baby Boy,DS,2008,Simulation,Nobilis,0.3,0.02,0,0.03,0.34
2027,Bulletstorm,X360,2011,Shooter,Electronic Arts,0.61,0.32,0.01,0.08,1.02
6468,Zoo Tycoon 2: Ultimate Collection,PC,2008,Strategy,Microsoft Game Studios,0.04,0.18,0,0.04,0.26
2064,Game & Watch Gallery,GB,1997,Misc,Nintendo,0.63,0.25,0.09,0.03,1
9683,Worms 3D,PS2,2003,Strategy,Sega,0.06,0.05,0,0.02,0.12
2741,Turok,X360,2008,Action,Touchstone,0.46,0.21,0.01,0.07,0.75
7076,The Idolm@ster SP: Wandering Star / Perfect Sun / Missing Moon,PSP,2009,Adventure,Namco Bandai Games,0,0,0.23,0,0.23
10213,Split/Second,PSP,2010,Racing,Disney Interactive Studios,0.07,0.02,0,0.02,0.11
13893,Ide Yosuke no Mahjong Kazoku,PS,1995,Misc,Seta Corporation,0,0,0.04,0,0.04
16432,Goat Simulator,XOne,2016,Simulation,Koch Media,0,0.01,0,0,0.01
11010,Justice League Heroes,DS,2006,Role-Playing,Eidos Interactive,0.08,0,0,0.01,0.09
15713,Ginga Tetsudou 999 DS,DS,2010,Adventure,Culture Brain,0,0,0.02,0,0.02
14900,Hisshou Pachinko*Pachi-slot Kouryaku Series DS Vol. 3: Shinseiki Evangelion - Yakusoku no Toki,DS,2008,Misc,D3Publisher,0,0,0.03,0,0.03
1035,The Order: 1886,PS4,2015,Shooter,Sony Computer Entertainment,0.61,0.78,0.06,0.27,1.72
7593,Angry Birds Star Wars,PS4,2013,Strategy,Activision,0.1,0.08,0,0.03,0.2
11958,Dave Mirra BMX Challenge,Wii,2007,Sports,505 Games,0.06,0,0,0.01,0.07
6123,Monopoly Streets,X360,2010,Misc,Electronic Arts,0.16,0.1,0,0.03,0.28
2943,WWE 2K15,X360,2014,Sports,Take-Two Interactive,0.38,0.26,0,0.06,0.69
14414,NBA 2K13,PC,2012,Sports,Take-Two Interactive,0,0.02,0,0,0.03
3145,Dragon Ball: Raging Blast 2,X360,2010,Fighting,Namco Bandai Games,0.49,0.09,0.01,0.05,0.64
3963,Avatar: The Last Airbender,GC,2006,Adventure,THQ,0.39,0.1,0,0.01,0.5
12095,Firefighter F.D.18,PS2,2004,Action,Konami Digital Entertainment,0.03,0.03,0,0.01,0.07
16159,PC Engine Best Collention: Ginga Ojousama Densetsu Collection,PSP,2008,Adventure,Hudson Soft,0,0,0.01,0,0.01
4796,Medarot: Kabuto / Kuwagata Version,GB,1997,Role-Playing,Imagineer,0,0,0.4,0,0.4
1683,Mario vs. Donkey Kong 2: March of the Minis,DS,2006,Puzzle,Nintendo,0.74,0.03,0.36,0.07,1.2
10363,FIFA World Cup Germany 2006,PSP,2006,Sports,Electronic Arts,0.1,0,0,0.01,0.11
1172,Guitar Hero: On Tour Decades,DS,2008,Misc,Activision,0.85,0.58,0,0.16,1.58
4312,Dynasty Warriors: Strikeforce,PSP,2009,Action,Ubisoft Annecy,0.03,0.03,0.38,0.02,0.45
2992,Sniper Elite 3,PS4,2014,Shooter,505 Games,0.22,0.33,0,0.13,0.68
15182,Mata Hari: Betrayal is only a Kiss Away,PC,2008,Adventure,DTP Entertainment,0,0.02,0,0,0.02
13371,Rapala Fishing Frenzy 2009,X360,2008,Sports,Activision,0.04,0,0,0,0.05
9543,Shin Megami Tensei: Digital Devil Saga,PS2,2004,Role-Playing,Ghostlight,0.06,0.05,0,0.02,0.13
8899,Armored Core: For Answer,X360,2008,Simulation,Ubisoft,0.06,0.01,0.07,0.01,0.15
4951,Imagine: Party Babyz,Wii,2008,Simulation,Ubisoft,0.34,0.02,0,0.03,0.39
13269,Kamen Rider: Battride War Genesis,PSV,2016,Action,Namco Bandai Games,0,0,0.05,0,0.05
3526,Madden NFL 06,GC,2005,Sports,Electronic Arts,0.44,0.11,0,0.02,0.57
9692,Galidor: Defenders of the Outer Dimension,GBA,2002,Action,Electronic Arts,0.09,0.03,0,0,0.12
881,Scooby Doo and the Cyber Chase,PS,2001,Adventure,THQ,0.59,1.23,0,0.13,1.94
555,Mario Party,N64,1998,Misc,Nintendo,1.25,0.53,0.87,0.05,2.7
8627,FIFA Soccer 96,PS,1995,Sports,Electronic Arts,0.09,0.06,0,0.01,0.16
14659,In Cold Blood,PS,2000,Adventure,Sony Computer Entertainment,0.02,0.01,0,0,0.03
16242,Builder's Block,PS,1999,Strategy,EON Digital Entertainment,0.01,0,0,0,0.01
7830,Fire ProWrestling G,PS,1999,Fighting,Human Entertainment,0,0,0.18,0.01,0.19
5961,Syphon Filter: Dark Mirror,PSP,2006,Shooter,Sony Computer Entertainment,0.26,0.01,0,0.03,0.29
12592,Back to the Future: The Game,Wii,2011,Adventure,Telltale Games,0.05,0,0,0,0.06
2308,Hot Shots Tennis,PS2,2006,Sports,Sony Computer Entertainment,0.17,0.13,0.55,0.05,0.9
6036,Duel Masters: Sempai Legends,GBA,2003,Misc,Atari,0.21,0.08,0,0.01,0.29
10866,The Voice,WiiU,2014,Action,Activision,0.08,0,0,0.01,0.09
8220,Broken Sword: Shadows of the Templars - The Director's Cut,DS,2009,Adventure,Ubisoft,0.07,0.09,0,0.02,0.17
10877,X-COM: UFO Defense,PS,1995,Strategy,Microprose,0.05,0.04,0,0.01,0.09
1531,Resident Evil Zero,GC,2002,Action,Capcom,0.54,0.27,0.45,0.04,1.29
13997,Music Maker: Rockstar,PS2,2009,Misc,Magix,0.02,0.01,0,0,0.04
14546,Royal Palace of White Sword and The City of Gentiles,PC,2009,Role-Playing,Take-Two Interactive,0,0.02,0,0.01,0.03
1288,Assassin's Creed III: Liberation,PSV,2012,Action,Ubisoft,0.58,0.55,0.06,0.28,1.47
1332,Tony Hawk's American Wasteland (Weekly american sales),PS2,2005,Sports,Activision,1.38,0.05,0,0.02,1.45
12885,Adventure Time: Finn & Jake Investigations,WiiU,2015,Action,Little Orbit,0.03,0.02,0,0,0.05
1987,Monster Rancher 2,PS,1998,Simulation,Sony Computer Entertainment,0.19,0.13,0.66,0.07,1.05
6812,TimeSplitters: Future Perfect,PS2,2005,Shooter,Electronic Arts,0.12,0.09,0,0.03,0.24
7543,The King of Fighters Collection: The Orochi Saga,PS2,2006,Fighting,Ignition Entertainment,0.1,0.08,0,0.03,0.2
9949,Hanagumi Taisen Columns,SAT,1997,Puzzle,Sega,0,0,0.12,0,0.12
10248,Call of Juarez: The Cartel,PC,2011,Shooter,Ubisoft,0.05,0.05,0,0.01,0.11
5761,Football Manager 2016,PC,2015,Simulation,Sega,0,0.29,0,0.02,0.31
11815,Goodbye Deponia,PC,2013,Adventure,Daedalic Entertainment,0,0.06,0,0.01,0.07
700,Just Dance 2015,Wii,2014,Misc,Ubisoft,1.11,0.98,0,0.2,2.28
10575,The Ant Bully,PS2,2006,Platform,Midway Games,0.05,0.04,0,0.01,0.1
11322,Sports Collection,DS,2010,Sports,Ubisoft,0.06,0.01,0,0.01,0.08
4522,The Powerpuff Girls: Him and Seek,GBA,2002,Platform,BAM! Entertainment,0.31,0.11,0,0.01,0.43
11816,Uprising X,PS,1998,Action,3DO,0.04,0.03,0,0,0.07
4518,TimeSplitters,PS2,2000,Shooter,Eidos Interactive,0.21,0.17,0,0.06,0.43
3950,F1 2012,X360,2012,Racing,Codemasters,0.1,0.35,0,0.06,0.5
5869,Drakengard 3,PS3,2013,Role-Playing,Square Enix,0.1,0,0.19,0.02,0.3
11675,Monkey Hero,PS,1998,Action,Take-Two Interactive,0.04,0.03,0,0,0.08
5067,Monster Jam: Path of Destruction,DS,2010,Racing,Activision,0.35,0,0,0.02,0.38
15666,Wizardry Twin Pack,PS3,2011,Role-Playing,Acquire,0,0,0.02,0,0.02
7786,J-League Excite Stage '96,SNES,1996,Sports,Epoch,0,0,0.19,0,0.19
13737,Zen-Nippon GT Senshuken,SNES,1995,Racing,Banpresto,0,0,0.04,0,0.04
12960,Toy Soldiers: War Chest,XOne,2015,Action,Ubisoft,0.05,0,0,0.01,0.05
15004,Cross Ange: Tenshi to Ryuu no Rondo tr.,PSV,2015,Action,Namco Bandai Games,0,0,0.02,0,0.02
6170,Surf's Up,DS,2007,Sports,Ubisoft,0.26,0,0,0.02,0.28
11749,Winter Sports 2: The Next Challenge,X360,2008,Sports,RTL,0.06,0.01,0,0.01,0.07
10178,Maximum Force,PS,1997,Shooter,GT Interactive,0.06,0.04,0,0.01,0.11
473,Star Fox,SNES,1993,Shooter,Nintendo,1.61,0.51,0.8,0.07,2.99
16539,Patrician IV: Gold Edition,PC,2011,Misc,Kalypso Media,0,0.01,0,0,0.01
14001,"Minna de Jibun no Setsumeisho: B-Kata, A-Kata, AB-Kata, O-Kata",DS,2008,Misc,GungHo,0,0,0.04,0,0.04
6152,Arcade Hits: Frisky Tom,PS,2002,Action,Hamster Corporation,0.16,0.11,0,0.02,0.28
11433,Little League World Series Baseball: Double Play,DS,2010,Sports,Activision,0.08,0,0,0.01,0.08
13055,Secret Files: Tunguska,DS,2008,Adventure,Deep Silver,0.04,0.01,0,0,0.05
4110,Rock Band Unplugged,PSP,2009,Misc,MTV Games,0.24,0.15,0,0.1,0.48
15284,Hyakka Hyakurou: Sengoku Ninpoujou,PSV,2016,Adventure,D3Publisher,0,0,0.02,0,0.02
16296,Jambo! Safari Animal Rescue,DS,2009,Simulation,Sega,0.01,0,0,0,0.01
14637,Merv Griffin's Crosswords,DS,2008,Puzzle,ValuSoft,0.03,0,0,0,0.03
15944,Myst,PSP,2006,Adventure,Midway Games,0,0.01,0,0,0.02
15987,Chameleon: To Dye For!,DS,2006,Puzzle,505 Games,0.01,0,0,0,0.01
14062,Petz: Catz Playground,DS,2010,Simulation,Ubisoft,0.03,0,0,0,0.04
8641,Saturday Night Slam Masters,SNES,1994,Fighting,Capcom,0,0,0.16,0,0.16
14052,Ultimate Game Room,DS,2009,Misc,Majesco Entertainment,0.03,0,0,0,0.04
16540,Transformers: Fall of Cybertron,PC,2012,Action,Activision,0.01,0,0,0,0.01
1211,Resident Evil: The Umbrella Chronicles,Wii,2007,Action,Capcom,0.68,0.43,0.29,0.14,1.54
5484,Dead or Alive 5,PS4,2015,Fighting,Tecmo Koei,0.09,0.13,0.08,0.04,0.33
14287,Ultimate Block Party,PSP,2004,Puzzle,505 Games,0.03,0,0,0,0.03
6248,Marvel Super Hero Squad: The Infinity Gauntlet,Wii,2010,Action,THQ,0.22,0.04,0,0.02,0.28
6079,Rayman 3: Hoodlum Havoc,PS2,2003,Platform,Ubisoft,0.14,0.11,0,0.04,0.29
2366,Buzz! The Mega Quiz,PS2,2007,Misc,Sony Computer Entertainment,0.32,0.06,0,0.5,0.88
9676,SCORE International Baja 1000: The Official Game,X360,2008,Racing,Activision,0.11,0.01,0,0.01,0.12
7699,Jikkyou Powerful Pro Yakyuu 2010,PSP,2010,Sports,Konami Digital Entertainment,0,0,0.2,0,0.2
13719,Ou to Maou to 7-nin no Himegimitachi: Shin Ousama Monogatari,PSV,2012,Action,Konami Digital Entertainment,0,0,0.04,0,0.04
7123,NBA ShootOut 2003,PS2,2002,Sports,Sony Computer Entertainment,0.11,0.09,0,0.03,0.23
1717,Sonic the Hedgehog,PS3,2006,Platform,Sega,0.41,0.07,0.04,0.66,1.18
11588,Tokimeki Memorial 4,PSP,2009,Adventure,Konami Digital Entertainment,0,0,0.08,0,0.08
10447,Metal Slug 3,XB,2004,Shooter,Ignition Entertainment,0.08,0.02,0,0,0.1
4642,Thrillville: Off the Rails,PS2,2007,Strategy,LucasArts,0.2,0.16,0,0.05,0.42
11179,Karaoke Revolution,XB,2004,Misc,Konami Digital Entertainment,0.06,0.02,0,0,0.09
4655,Zack & Wiki: Quest for Barbaros' Treasure,Wii,2007,Adventure,Nintendo,0.18,0.17,0.03,0.04,0.42
5045,MediEvil II,PS,1999,Action,Sony Computer Entertainment,0.21,0.14,0,0.02,0.38
6561,Frogger's Journey: The Forgotten Relic,GBA,2003,Action,Konami Digital Entertainment,0.18,0.07,0,0,0.26
10614,Bullet Witch,X360,2006,Shooter,Atari,0.07,0.01,0.02,0.01,0.1
12921,Hi-Octane: The Track Fights Back!,PS,1995,Racing,Electronic Arts,0.03,0.02,0,0,0.05
3253,Pro Evolution Soccer 2015,PS3,2014,Sports,Konami Digital Entertainment,0.1,0.23,0.22,0.08,0.62
6255,Mobile Suit Gundam Side Story I: Senritsu no Blue,SAT,1996,Shooter,Namco Bandai Games,0,0,0.28,0,0.28
1027,SSX Tricky,PS2,2001,Sports,Electronic Arts,0.85,0.66,0,0.22,1.73
7770,The Sims 4: Get Together,PC,2015,Simulation,Electronic Arts,0.05,0.13,0,0.01,0.19
12090,Dragon Valor,PS,1999,Role-Playing,Sony Computer Entertainment,0.04,0.03,0,0,0.07
4408,Karaoke Revolution,Wii,2009,Misc,Konami Digital Entertainment,0.24,0.16,0,0.04,0.45
3273,Mario's Picross,GB,1995,Puzzle,Nintendo,0,0,0.62,0,0.62
10600,Sudoku Mania,DS,2006,Puzzle,Zoo Digital Publishing,0.09,0,0,0.01,0.1
1681,Enter the Matrix,XB,2003,Action,Atari,0.72,0.43,0.01,0.04,1.2
569,Fable,XB,2004,Role-Playing,Microsoft Game Studios,1.99,0.58,0,0.09,2.66
8063,TalkMan (Japan),PSP,2005,Misc,Sony Computer Entertainment,0,0,0.18,0,0.18
16530,Hoshizora no Comic Garden,DS,2008,Adventure,D3Publisher,0,0,0.01,0,0.01
11557,RoadKill,XB,2003,Action,Midway Games,0.06,0.02,0,0,0.08
9587,Surf Riders,PS,1999,Sports,Ubisoft,0.07,0.05,0,0.01,0.13
7879,Warhammer: Shadow of the Horned Rat,PS,1996,Strategy,Mindscape,0.11,0.07,0,0.01,0.19
9404,Superman: The Man of Steel,XB,2002,Action,Atari,0.1,0.03,0,0,0.13
3176,Cruis'n World,N64,1998,Racing,Nintendo,0.59,0.04,0,0.01,0.64
9709,Mugen no Frontier: Super Robot Taisen OG Saga EXCEED,DS,2010,Role-Playing,Namco Bandai Games,0,0,0.12,0,0.12
2785,Jet Moto 3,PS,1999,Racing,Sony Computer Entertainment,0.41,0.28,0,0.05,0.74
1189,Donkey Kong Classics,NES,1988,Platform,Nintendo,0.59,0.14,0.81,0.02,1.56
12492,Terminator 3: The Redemption,XB,2004,Shooter,Atari,0.05,0.01,0,0,0.06
2168,Shinobi,PS2,2002,Platform,Sony Computer Entertainment,0.36,0.28,0.22,0.09,0.96
2019,Epic Mickey 2: The Power of Two,Wii,2012,Action,Disney Interactive Studios,0.72,0.23,0,0.08,1.03
13004,Ferrari F355 Challenge,PS2,2002,Racing,Sony Computer Entertainment,0.03,0.02,0,0.01,0.05
16081,Best Of Tests,DS,2008,Puzzle,Conspiracy Entertainment,0.01,0,0,0,0.01
3321,Tomb Raider Chronicles,PS,1999,Action,Eidos Interactive,0.34,0.23,0,0.04,0.61
10065,Family Fun Football,Wii,2009,Sports,Tecmo Koei,0.1,0,0,0.01,0.11
14282,Cooking Mama 5: Bon Appetit!,3DS,2013,Simulation,Office Create,0,0,0.03,0,0.03
10518,Dora's Cooking Club,DS,2010,Misc,Take-Two Interactive,0.08,0.01,0,0.01,0.1
1507,Madagascar,PS2,2005,Platform,Activision,0.78,0.45,0,0.07,1.31
3760,Time Crisis II,PS2,2001,Shooter,Namco Bandai Games,0.26,0.2,0,0.07,0.53
968,NFL GameDay 2000,PS,1999,Sports,989 Studios,1,0.68,0,0.12,1.8
5029,Risk: Global Domination,PS2,2003,Strategy,Atari,0.19,0.15,0,0.05,0.38
15737,Top Gear RPM Tuning,XB,2005,Racing,Wanadoo,0.01,0,0,0,0.02
5235,WWE '12,Wii,2011,Fighting,THQ,0.24,0.09,0,0.03,0.36
7382,Pac-Man World 3,PS2,2005,Platform,Namco Bandai Games,0.1,0.08,0,0.03,0.21
874,Crash Nitro Kart,PS2,2003,Racing,Vivendi Games,0.74,1.01,0,0.2,1.95
797,Wipeout: The Game,Wii,2009,Misc,Mindscape,1.97,0,0,0.12,2.09
9531,Puzzle de Harvest Moon,DS,2007,Puzzle,Natsume,0.12,0,0,0.01,0.13
3831,Classic Word Games,DS,2009,Misc,Ubisoft,0.09,0.37,0,0.07,0.52
3725,Fire Emblem: Path of Radiance,GC,2005,Action,Nintendo,0.29,0.08,0.16,0.01,0.54
1986,MySims Agents,Wii,2009,Adventure,Electronic Arts,0.62,0.32,0,0.1,1.05
14541,Armored Core: Last Raven Portable,PSP,2010,Simulation,From Software,0,0,0.03,0,0.03
4793,LEGO Harry Potter: Years 5-7,3DS,N/A,Action,Warner Bros. Interactive Entertainment,0.18,0.19,0,0.04,0.4
2527,Imagine: Rock Star,DS,2008,Simulation,Ubisoft,0.4,0.33,0,0.09,0.82
10778,Pro Yakyuu Famista DS,DS,2007,Sports,Namco Bandai Games,0,0,0.1,0,0.1
1294,Chrono Trigger,DS,2008,Role-Playing,Square Enix,0.69,0.2,0.49,0.09,1.47
12028,Operation: Vietnam,DS,2007,Shooter,Majesco Entertainment,0.06,0,0,0,0.07
3201,Guitar Hero: Metallica,PS3,2009,Misc,Activision,0.28,0.24,0,0.1,0.63
4855,Tomb Raider: Anniversary,X360,2007,Action,Eidos Interactive,0.12,0.23,0,0.05,0.4
10225,Fighting Force 64,N64,1999,Action,Crave Entertainment,0.09,0.02,0,0,0.11
15233,Carmen Sandiego: The Secret of the Stolen Drums,GC,2004,Action,BAM! Entertainment,0.02,0,0,0,0.02
4421,The Thing,PS2,2002,Adventure,Vivendi Games,0.22,0.17,0,0.06,0.44
4219,MX vs. ATV: Alive,PS3,2011,Racing,THQ,0.24,0.15,0,0.07,0.47
14280,Sea Park Tycoon,DS,2010,Simulation,Foreign Media Games,0.02,0.01,0,0,0.03
8869,Burger Island,Wii,2009,Action,Destineer,0.14,0,0,0.01,0.15
13900,Dynasty Warriors Vol. 2 (JP sales),PSP,2006,Action,Tecmo Koei,0,0,0.04,0,0.04
14118,RedCard 20-03,XB,2002,Sports,Midway Games,0.03,0.01,0,0,0.03
1292,Fight Night Round 3,X360,2006,Fighting,Electronic Arts,1.33,0.03,0.01,0.1,1.47
8636,Eve: The Lost One,SAT,1998,Adventure,Imagineer,0,0,0.16,0,0.16
11151,Shrek Smash n' Crash Racing,PSP,2006,Racing,Activision,0.08,0,0,0.01,0.09
1587,Combat,2600,N/A,Action,Atari,1.17,0.07,0,0.01,1.25
4473,Deer Drive,DS,2010,Sports,Mastiff,0.41,0,0,0.02,0.44
2199,Star Fox 64 3D,3DS,2011,Shooter,Nintendo,0.48,0.27,0.13,0.07,0.94
665,Yu-Gi-Oh! The Duelists of the Roses,PS2,2001,Misc,Konami Digital Entertainment,1.16,0.91,0,0.3,2.38
1452,Crysis 2,X360,2011,Action,Electronic Arts,0.7,0.5,0.02,0.12,1.35
2854,Catherine,PS3,2011,Adventure,Deep Silver,0.3,0.15,0.2,0.07,0.72
1241,Super Monkey Ball 2,GC,2002,Puzzle,Atari,1.11,0.31,0.06,0.04,1.52
12762,Doraemon 4: Nobita to Toki no Okoku,SNES,1995,Platform,Epoch,0,0,0.06,0,0.06
12612,Mahouka Koukou no Rettousei: Out of Order,PSV,2014,Adventure,Namco Bandai Games,0,0,0.06,0,0.06
16101,Ben 10 Omniverse 2,X360,2013,Action,Namco Bandai Games,0,0.01,0,0,0.01
16237,Broken Sword 5: The Serpent's Curse,XOne,2015,Adventure,Revolution Software,0,0.01,0,0,0.01
15218,Galaxy Angel II: Eigou Kaiki no Koku,PS2,2009,Strategy,Broccoli,0,0,0.02,0,0.02
8900,Geist,GC,2005,Adventure,Nintendo,0.11,0.03,0,0,0.15
172,Pokemon Pinball,GB,1999,Misc,Nintendo,3.02,1.12,1.01,0.16,5.31
15046,Inkheart,DS,2009,Adventure,DreamCatcher Interactive,0.02,0,0,0,0.02
4232,Destroy All Humans!,XB,2005,Shooter,THQ,0.34,0.11,0,0.02,0.46
7200,Mega Man Zero 3,GBA,2004,Platform,Capcom,0.16,0.06,0,0,0.22
7461,Evil Dead: Regeneration,PS2,2005,Action,THQ,0.1,0.08,0,0.03,0.21
3803,Bulletstorm,PS3,2011,Shooter,Electronic Arts,0.23,0.2,0.01,0.08,0.53
14858,The King of Fighters: Maximum Impact - Maniax,XB,N/A,Fighting,Unknown,0.02,0.01,0,0,0.03
9589,Nobunaga no Yabou: Ranseiki,PS2,2002,Strategy,Tecmo Koei,0,0,0.13,0,0.13
9798,Ecco the Dolphin,GEN,1992,Adventure,Sega,0,0,0.12,0,0.12
7679,Taiko no Tatsujin: Go! Go! Godaime,PS2,2004,Misc,Namco Bandai Games,0,0,0.2,0,0.2
12300,Max & the Magic Marker,DS,2011,Platform,Unknown,0,0.06,0,0,0.06
6686,Hybrid Heaven,N64,1999,Role-Playing,Konami Digital Entertainment,0.16,0.04,0.05,0,0.25
8196,Scooby-Doo! Unmasked,GBA,2005,Platform,THQ,0.13,0.05,0,0,0.18
9794,The King of Fighters Collection: The Orochi Saga,Wii,2008,Fighting,Ignition Entertainment,0.11,0,0,0.01,0.12
657,Dead Island,X360,2011,Action,Deep Silver,1.48,0.71,0,0.2,2.39
5995,NBA Live 06,X360,2005,Sports,Electronic Arts,0.27,0,0,0.02,0.29
13835,The Movies,PC,2005,Simulation,Activision,0.01,0.03,0,0.01,0.04
1461,Doom 3,XB,2005,Shooter,Activision,0.85,0.43,0,0.06,1.34
9760,Voodoo Vince,XB,2003,Platform,Microsoft Game Studios,0.09,0.03,0,0,0.12
15110,Indianapolis 500 Evolution,X360,2009,Racing,Zushi Games,0.02,0,0,0,0.02
8856,Oreshika: Tainted Bloodlines,PSV,2014,Role-Playing,Sony Computer Entertainment,0,0,0.15,0,0.15
5618,Sniper Elite 3,X360,2014,Shooter,505 Games,0.16,0.14,0,0.03,0.32
4241,Syphon Filter: Logan's Shadow,PSP,2007,Shooter,Sony Computer Entertainment,0.25,0.12,0,0.09,0.46
14374,Super Meat Boy: Ultra Edition!,PC,2011,Platform,Unknown,0,0.02,0,0.01,0.03
10532,Dungeons & Dragons Tactics,PSP,2007,Strategy,Atari,0.09,0,0,0.01,0.1
13401,March of the Penguins,DS,2006,Adventure,Zoo Digital Publishing,0.04,0,0,0,0.05
4400,Sled Storm,PS2,2002,Racing,Electronic Arts,0.22,0.17,0,0.06,0.45
9569,Pokémon: For Ho-Oh the Bells Toll!: Game Boy Advance Video,GBA,2004,Misc,Nintendo,0.09,0.03,0,0,0.13
13431,Looney Tunes: Cartoon Conductor,DS,2008,Misc,Eidos Interactive,0.04,0,0,0,0.05
7592,Ridge Racer 6,X360,2005,Racing,Namco Bandai Games,0.1,0.02,0.07,0.01,0.2
14427,Galleon: Islands of Mystery,XB,2004,Action,SCi,0.02,0.01,0,0,0.03
1284,Major League Baseball 2K5,PS2,2005,Sports,Take-Two Interactive,0.72,0.56,0,0.19,1.48
4665,Football Manager Handheld 2011,PSP,2010,Sports,Sega,0,0.28,0,0.14,0.42
2359,Grand Theft Auto IV,PC,2008,Action,Take-Two Interactive,0.01,0.79,0,0.08,0.88
7138,Justice League Heroes,PSP,2006,Role-Playing,Eidos Interactive,0.2,0.01,0,0.02,0.22
3846,Mega Man 6,NES,1993,Platform,Capcom,0.28,0.07,0.16,0.01,0.52
16576,Mini Desktop Racing,Wii,2007,Racing,Popcorn Arcade,0.01,0,0,0,0.01
15149,The Professor's Brain Trainer: Logic,DS,2005,Puzzle,505 Games,0.02,0,0,0,0.02
5132,Command & Conquer: Red Alert 3 Ultimate Edition,PS3,2009,Strategy,Electronic Arts,0.14,0.17,0,0.06,0.37
10441,Vexx,XB,2003,Platform,Acclaim Entertainment,0.08,0.02,0,0,0.1
6407,Wipeout 2,DS,2011,Misc,Activision,0.25,0,0,0.02,0.27
11064,Mimana Iyar Chronicle,PSP,2009,Role-Playing,GungHo,0.07,0,0.01,0.01,0.09
5944,Hamster Tarou,GB,1999,Simulation,Jorudan,0,0,0.3,0,0.3
11246,Lost Heroes,3DS,2012,Role-Playing,Namco Bandai Games,0,0,0.09,0,0.09
4853,Legends of WrestleMania,X360,2009,Fighting,THQ,0.2,0.16,0,0.04,0.4
14581,Syberia,PC,2002,Action,Microids,0,0.02,0,0,0.03
2171,PilotWings Resort,3DS,2011,Simulation,Nintendo,0.4,0.36,0.13,0.07,0.96
16047,Instant Brain,X360,2011,Adventure,Cave,0,0,0.01,0,0.01
12666,Vitamin X to Z,PSP,2011,Adventure,D3Publisher,0,0,0.06,0,0.06
13996,Destiny: The Collection,XOne,2016,Shooter,Activision,0.01,0.02,0,0,0.04
12651,Tanjou S Debut,SAT,1996,Simulation,NEC Interchannel,0,0,0.06,0,0.06
3529,Petz Wild Animals: Tigerz,DS,2008,Simulation,Ubisoft,0.52,0.01,0,0.04,0.57
13870,Nobunaga's Ambition: Sphere of Influence - Sengoku Risshiden,PSV,2016,Misc,Tecmo Koei,0,0,0.04,0,0.04
3869,Tony Hawk's Pro Skater 3,GBA,2002,Sports,Activision,0.37,0.14,0,0.01,0.52
12561,Ford Racing 3,GBA,2005,Racing,Zoo Digital Publishing,0.04,0.02,0,0,0.06
14589,Battlefield 1942: The WW II Anthology,PC,2004,Shooter,Electronic Arts,0.01,0.01,0,0,0.03
8284,Sound Novel Evolution 1: Otogirisou Sosei-Hen,PS,1999,Adventure,ChunSoft,0,0,0.16,0.01,0.17
2028,FIFA Soccer 08,Wii,2007,Sports,Electronic Arts,0.32,0.59,0.01,0.11,1.02
381,Guitar Hero: On Tour,DS,2008,Misc,Activision,2.11,1.01,0.01,0.35,3.48
12796,Dream C Club Portable,PSP,2010,Simulation,D3Publisher,0,0,0.06,0,0.06
8673,Angry Birds Star Wars,XOne,2013,Strategy,Activision,0.11,0.04,0,0.01,0.16
2886,WWF Attitude,N64,1999,Fighting,Acclaim Entertainment,0.57,0.13,0,0.01,0.71
10666,Harvest Moon DS Cute (jp sales),DS,2005,Simulation,Marvelous Interactive,0,0,0.1,0,0.1
9105,Sumikko Gurashi: Omise Hajimerundesu,3DS,2015,Action,Nippon Columbia,0,0,0.14,0,0.14
8918,Shenmue II,DC,2001,Adventure,Sega,0,0,0.15,0,0.15
5582,Nicktoons: Movin',PS2,2004,Action,THQ,0.16,0.12,0,0.04,0.32
848,LEGO Marvel Super Heroes,PS3,2013,Action,Warner Bros. Interactive Entertainment,0.77,0.85,0.01,0.37,2
7004,Let's Make a Soccer Team!,PS2,2006,Sports,Sega,0,0,0.23,0,0.23
6260,Pro Evolution Soccer 2013,PSP,2012,Sports,Konami Digital Entertainment,0,0.07,0.18,0.03,0.28
3170,Konami Collector's Series: Arcade Advanced,GBA,2002,Misc,Konami Digital Entertainment,0.46,0.17,0,0.01,0.64
6008,Starhawk,PS3,2012,Action,Sony Computer Entertainment,0.18,0.05,0.03,0.03,0.29
12659,Myst III: Exile,XB,2002,Adventure,Ubisoft,0.04,0.01,0,0,0.06
942,Gran Turismo Concept 2001 Tokyo,PS2,2001,Racing,Unknown,0,1.1,0.42,0.33,1.84
13871,Caesar IV,PC,2006,Strategy,Vivendi Games,0,0.03,0,0.01,0.04
7680,Taiko Drum Master,PS2,2004,Misc,Namco Bandai Games,0.1,0.08,0,0.03,0.2
14867,Monster Hunter Frontier Online: Forward 2,X360,2011,Role-Playing,Capcom,0,0,0.03,0,0.03
1387,Final Fantasy III,NES,1990,Role-Playing,SquareSoft,0,0,1.39,0.01,1.4
7145,Killer is Dead,PS3,2013,Action,Deep Silver,0.12,0.04,0.05,0.02,0.22
10942,World Soccer Winning Eleven 2010: Aoki Samurai no Chousen,PS2,2010,Sports,Konami Digital Entertainment,0,0,0.09,0,0.09
15336,Chuck E. Cheese's Super Collection,Wii,2011,Action,UFO Interactive,0.02,0,0,0,0.02
10768,Guilty Gear Isuka,PS2,2004,Fighting,505 Games,0.05,0.04,0,0.01,0.1
10460,Ski-Doo Snowmobile Challenge,PS3,2009,Racing,PQube,0.1,0,0,0.01,0.1
11753,Formula One World Championship: Beyond the Limit,SCD,1994,Racing,Sega,0,0,0.07,0,0.07
2386,Need for Speed: V-Rally,PS,1997,Racing,Infogrames,0.43,0.29,0.09,0.06,0.87
7000,Jeremy McGrath Supercross World,PS2,2001,Racing,Acclaim Entertainment,0.11,0.09,0,0.03,0.23
771,Final Fantasy Tactics Advance,GBA,2003,Role-Playing,SquareSoft,0.82,0.37,0.89,0.05,2.13
12433,Barbie and Her Sisters Puppy Rescue,Wii,2015,Action,Namco Bandai Games,0,0.06,0,0,0.06
5176,Yuu Yuu Hakusho,SNES,1993,Fighting,Namco Bandai Games,0,0,0.36,0,0.36
8533,Crash Tag Team Racing,GC,2005,Racing,Vivendi Games,0.12,0.03,0,0,0.16
10760,Luminous Arc 2 (JP sales),DS,N/A,Role-Playing,Unknown,0,0,0.1,0,0.1
9361,Puzzle Kingdoms,DS,2009,Puzzle,Zoo Digital Publishing,0.12,0,0,0.01,0.13
11696,Conflict: Desert Storm,GC,2003,Shooter,SCi,0.06,0.02,0,0,0.08
2831,God Eater,PSP,2010,Action,Unknown,0,0,0.72,0,0.72
10809,Gokuhou!! Mecha Mote Iinchou: MM Town de Miracle Change!,DS,2009,Simulation,Konami Digital Entertainment,0,0,0.1,0,0.1
7357,Tony Hawk's American Sk8land,DS,2005,Sports,Activision,0.19,0.01,0,0.02,0.21
29,Gran Turismo 3: A-Spec,PS2,2001,Racing,Sony Computer Entertainment,6.85,5.09,1.87,1.16,14.98
2750,Coded Arms,PSP,2005,Shooter,Konami Digital Entertainment,0.28,0.29,0,0.18,0.75
2268,MLB 12: The Show,PS3,2012,Sports,Sony Computer Entertainment,0.86,0,0,0.06,0.92
6896,DiRT Showdown,X360,2012,Racing,Codemasters,0.08,0.14,0,0.02,0.24
9135,Gundam: The Battle Master,PS,1997,Fighting,Namco Bandai Games,0,0,0.13,0.01,0.14
12565,Attack on Titan (KOEI),PS3,2016,Action,Tecmo Koei,0,0,0.06,0,0.06
13481,Backyard Baseball '09,Wii,2008,Sports,Atari,0.04,0,0,0,0.04
14251,Ukiyo no Shishi,PS3,2015,Action,Namco Bandai Games,0,0,0.03,0,0.03
6040,Dead Rising: Chop Till You Drop,Wii,2009,Action,Capcom,0.15,0.07,0.05,0.02,0.29
15752,Abunai: Koi no Sousa Shitsu,PSV,2015,Action,Asgard,0,0,0.02,0,0.02
12232,Full Spectrum Warrior: Ten Hammers,PS2,2006,Strategy,THQ,0.03,0.02,0,0.01,0.07
5272,Nicktoons: Unite!,GC,2005,Adventure,THQ,0.27,0.07,0,0.01,0.35
12463,X-Men: Destiny,DS,2011,Action,Activision,0.05,0.01,0,0,0.06
10300,National Geographic Challenge!,Wii,2011,Misc,Black Bean Games,0.08,0.02,0,0.01,0.11
9818,NFL QB Club 2001,N64,2000,Sports,Acclaim Entertainment,0.11,0.01,0,0,0.12
9397,Castrol Honda Superbike Racing,PS,1998,Racing,THQ,0.07,0.05,0,0.01,0.13
11631,Criminal Girls: Invite Only,PSP,2010,Role-Playing,Nippon Ichi Software,0,0,0.08,0,0.08
345,Gran Turismo 6,PS3,2013,Racing,Sony Computer Entertainment,0.71,1.8,0.4,0.74,3.64
11711,Far Cry Instincts Evolution,XB,2006,Shooter,Ubisoft,0.06,0.02,0,0,0.08
7728,Shutter Island,PC,2009,Adventure,Merscom LLC,0,0.17,0,0.03,0.2
8619,Battle Soccer: Field no Hasha,SNES,1992,Sports,Banpresto,0,0,0.16,0,0.16
2367,Endless Ocean: Blue World,Wii,2009,Simulation,Nintendo,0.47,0.22,0.12,0.07,0.88
15061,Zero no Tsukaima: Shou-akuma to Harukaze no Concerto,PS2,2007,Adventure,Marvelous Interactive,0,0,0.02,0,0.02
10480,Corvette Evolution GT,DS,2008,Racing,Black Bean Games,0.1,0,0,0.01,0.1
15865,Taishou Moebius Line Vitable,PSV,2016,Adventure,dramatic create,0,0,0.02,0,0.02
6371,Shin Megami Tensei: Devil Survivor,DS,2009,Role-Playing,Atlus,0.14,0,0.12,0.01,0.27
2830,FIFA Soccer 13,Wii,2012,Action,Electronic Arts,0.19,0.46,0,0.08,0.72
14441,Bad Apple Wars,PSV,2015,Action,Idea Factory,0,0,0.03,0,0.03
8910,Super Street Fighter II,GEN,1993,Fighting,Capcom,0,0,0.15,0,0.15
4260,Hydro Thunder,PS,1999,Racing,Midway Games,0.26,0.17,0,0.03,0.46
1864,NERF N-Strike,Wii,2008,Shooter,Electronic Arts,0.92,0.09,0,0.09,1.1
14628,Romance of the Three Kingdoms II,3DS,2015,Strategy,Tecmo Koei,0,0,0.03,0,0.03
888,Guitar Hero: World Tour,PS3,2008,Misc,Activision,1.1,0.56,0,0.27,1.93
13224,Johnny Bazookatone,PS,1995,Platform,U.S. Gold,0.03,0.02,0,0,0.05
295,Tekken Tag Tournament,PS2,2000,Fighting,Namco Bandai Games,1.68,1.51,0.51,0.35,4.05
11983,Aero Gauge,N64,1997,Racing,ASCII Entertainment,0.06,0.01,0,0,0.07
13939,Jikkyou World Soccer 2002,PS2,2002,Sports,Konami Digital Entertainment,0,0,0.04,0,0.04
8104,Gauntlet: Dark Legacy,GC,2002,Action,Midway Games,0.14,0.04,0,0,0.18
7922,College Slam,PS,1995,Sports,Acclaim Entertainment,0.1,0.07,0,0.01,0.19
6067,Neopets Puzzle Adventure,DS,2008,Puzzle,Capcom,0.26,0,0,0.02,0.29
7549,MLB 10: The Show,PSP,2010,Sports,Sony Computer Entertainment,0.19,0,0,0.02,0.2
142,Gears of War,X360,2006,Shooter,Microsoft Game Studios,3.54,1.9,0.07,0.6,6.11
10634,Aidyn Chronicles: The First Mage,N64,2001,Role-Playing,THQ,0.08,0.02,0,0,0.1
963,Sly 2: Band of Thieves,PS2,2004,Platform,Sony Computer Entertainment,0.88,0.69,0,0.23,1.81
6985,Cabela's Big Game Hunter 2012,PS3,2011,Sports,Activision,0.17,0.03,0,0.03,0.23
10484,Ridge Racer 2,PSP,2006,Racing,Sony Computer Entertainment,0,0.03,0.07,0.01,0.1
15994,Donkey Kong Jungle Beat,Wii,2008,Platform,Nintendo,0,0.01,0,0,0.01
8854,J-League Victory Goal,SAT,1995,Sports,Sega,0,0,0.15,0,0.15
10612,NBA Live 16,XOne,2015,Sports,Electronic Arts,0.08,0.01,0,0.01,0.1
2369,Just Cause 3,XOne,2015,Action,Square Enix,0.42,0.38,0,0.07,0.88
14610,Turn It Around,DS,2006,Action,505 Games,0.03,0,0,0,0.03
16050,Rayman Raving Rabbids,PC,2006,Misc,Ubisoft,0,0.01,0,0,0.01
12030,Port Royale 3,PS3,N/A,Simulation,Kalypso Media,0.06,0,0,0.01,0.07
15826,Busou Renkin: Youkoso Papillon Park e,PS2,2007,Action,Marvelous Interactive,0,0,0.02,0,0.02
1833,Counter-Strike,XB,2003,Shooter,Microsoft Game Studios,0.85,0.23,0,0.04,1.11
13018,TNA iMPACT: Cross the Line,PSP,2010,Fighting,SouthPeak Games,0.05,0,0,0,0.05
8862,Mirror's Edge Catalyst,XOne,2016,Platform,Electronic Arts,0.08,0.05,0,0.02,0.15
6767,The Adventures of Tintin: The Game,X360,2011,Action,Ubisoft,0.07,0.14,0,0.03,0.25
4416,NBA Live 2000,N64,1999,Sports,Electronic Arts,0.42,0.02,0,0,0.44
786,Mortal Kombat,X360,2011,Fighting,Warner Bros. Interactive Entertainment,1.63,0.33,0,0.15,2.11
9585,High Rollers Casino,XB,2004,Misc,Mud Duck Productions,0.1,0.03,0,0,0.13
8257,Gretzky NHL 2005,PS2,2004,Sports,Sony Computer Entertainment,0.08,0.07,0,0.02,0.17
10021,ToeJam & Earl III: Mission to Earth,XB,2002,Action,Sega,0.09,0.02,0,0,0.11
11993,Hearts of Iron III,PC,2009,Strategy,Paradox Interactive,0.01,0.04,0,0.01,0.07
10840,Risen 3: Titan Lords,PC,2014,Role-Playing,Deep Silver,0,0.08,0,0.01,0.09
7404,Hot Shots Tennis: Get a Grip,PSP,2010,Sports,Sony Computer Entertainment,0.06,0,0.13,0.01,0.21
9790,SSX 3,GBA,2003,Sports,Electronic Arts,0.09,0.03,0,0,0.12
8412,Hellboy: The Science of Evil,PS3,2008,Action,Konami Digital Entertainment,0.13,0.02,0,0.02,0.17
5447,Tokyo Highway Battle,PS,1996,Racing,Jaleco,0.06,0.04,0.21,0.02,0.33
6493,Final Fantasy V Advance,GBA,2006,Role-Playing,Nintendo,0,0,0.26,0.01,0.26
1050,Cabela's Big Game Hunter 2010,Wii,2009,Sports,Activision Value,1.58,0,0,0.12,1.7
1706,Metal Gear Solid VR Missions,PS,1999,Adventure,Konami Digital Entertainment,0.66,0.45,0,0.08,1.18
2223,Buzz! Quiz World,PS3,2009,Misc,Sony Computer Entertainment,0.16,0.58,0,0.2,0.93
16369,Hakuouki: Shinsengumi Kitan,PS3,N/A,Adventure,Unknown,0.01,0,0,0,0.01
7201,LEGO The Lord of the Rings,PC,2012,Action,Warner Bros. Interactive Entertainment,0.07,0.13,0,0.03,0.22
6691,F1 Pole Position 64,N64,1997,Racing,Ubisoft,0.11,0.13,0,0.01,0.25
16014,Tom Clancy's  Ghost Recon Advanced Warfighter (weekly JP sales),X360,2006,Shooter,Ubisoft,0,0,0.01,0,0.01
12909,Puyo Puyo 7,Wii,2009,Puzzle,Sega,0,0,0.05,0,0.05
11153,Digimon World Re:Digitize Decode,3DS,2013,Role-Playing,Namco Bandai Games,0,0,0.09,0,0.09
14433,Sunny Garcia Surfing,PS2,2001,Sports,Ubisoft,0.02,0.01,0,0,0.03
16273,Smuggler's Run,GBA,2002,Racing,Rebellion,0.01,0,0,0,0.01
10124,Metal Slug 4 & 5,PS2,2005,Shooter,SNK Playmore,0.05,0.04,0,0.01,0.11
2290,Call of Duty: World at War,DS,2008,Shooter,Activision,0.57,0.26,0,0.08,0.91
12035,Circuit Breakers,PS,1998,Racing,Mindscape,0.04,0.03,0,0,0.07
3836,NBA Live 08,X360,2007,Sports,Electronic Arts,0.47,0,0,0.04,0.52
5889,Nounai Aeshe: IQ Suppli DS,DS,2006,Misc,Spike,0,0,0.3,0,0.3
4819,TMNT,Wii,2007,Action,Ubisoft,0.34,0.03,0,0.03,0.4
9604,SimAnimals Africa,Wii,2009,Simulation,Electronic Arts,0.1,0.01,0,0.01,0.13
16012,Kimi no Yuusha,DS,2008,Role-Playing,SNK Playmore,0,0,0.01,0,0.01
94,Call of Duty: Advanced Warfare,PS4,2014,Shooter,Activision,2.8,3.3,0.14,1.37,7.6
5680,Kingdom Under Fire: The Crusaders,XB,2004,Strategy,Deep Silver,0.24,0.07,0,0.01,0.32
11942,"Hi! Hamtaro - Little Hamsters,big Adventures: Ham-Ham Challenge",DS,2005,Misc,505 Games,0.07,0,0,0,0.07
6298,Beamrider,2600,1984,Racing,Activision,0.26,0.01,0,0,0.27
10,Duck Hunt,NES,1984,Shooter,Nintendo,26.93,0.63,0.28,0.47,28.31
9575,Assault: Retribution,PS,1998,Action,Telstar,0.07,0.05,0,0.01,0.13
4273,Crash Nitro Kart,GBA,2003,Racing,Vivendi Games,0.33,0.12,0,0.01,0.46
10479,Gretzky NHL,PSP,2005,Sports,Sony Computer Entertainment,0.1,0,0,0.01,0.1
1290,Mario Golf,N64,1999,Action,Nintendo,0.62,0.18,0.65,0.02,1.47
12191,Army Men: Green Rogue,PS,2001,Action,3DO,0.04,0.02,0,0,0.07
12278,Guitar Freaks 3rdMIX & DrumMania 2ndMIX,PS2,2000,Simulation,Konami Digital Entertainment,0,0,0.06,0,0.06
7829,Allied General,PS,1996,Strategy,SSI,0.11,0.07,0,0.01,0.19
8557,Flushed Away,GC,2006,Platform,D3Publisher,0.12,0.03,0,0,0.16
6673,Spider-Man: Edge of Time,X360,2011,Action,Activision,0.18,0.05,0,0.02,0.25
10544,Capcom vs. SNK 2 EO,XB,2003,Fighting,Capcom,0.08,0.02,0,0,0.1
783,Mario Sports Mix,Wii,2010,Sports,Nintendo,0.9,0.45,0.63,0.13,2.11
12766,Starwinder: The Ultimate Space Race,PS,1996,Racing,Mindscape,0.03,0.02,0,0,0.06
14404,Kiniro no Corda 3,PS2,2010,Adventure,Tecmo Koei,0,0,0.03,0,0.03
1156,Silent Hill,PS,1999,Action,Konami Digital Entertainment,0.71,0.48,0.3,0.1,1.6
10156,American Girl: Julie Finds a Way,DS,2007,Adventure,THQ,0.1,0,0,0.01,0.11
16403,Pro Evolution Soccer 2010,PC,2009,Sports,Konami Digital Entertainment,0,0.01,0,0,0.01
7381,Quake III: Revolution,PS2,2001,Shooter,Electronic Arts,0.1,0.08,0,0.03,0.21
12959,Myth Makers: Orbs of Doom,Wii,2007,Puzzle,Popcorn Arcade,0.05,0,0,0,0.05
1194,Pokemon Pinball: Ruby & Sapphire,GBA,2003,Misc,Nintendo,0.68,0.38,0.44,0.05,1.56
7163,Dark Souls II,XOne,2015,Role-Playing,Namco Bandai Games,0.13,0.07,0,0.02,0.22
16027,Simple DS Series Vol. 14: The Jidousha Kyoushuujo DS,DS,2007,Misc,D3Publisher,0,0,0.01,0,0.01
11730,Tennis no Oji-Sama Gyutto! DokiDoki Survival - Umi to Yama no Love Passion,DS,2011,Sports,Konami Digital Entertainment,0,0,0.08,0,0.08
3377,Monopoly,X360,2008,Misc,Electronic Arts,0.34,0.2,0,0.06,0.6
15545,Snow Portable,PSP,2007,Adventure,Prototype,0,0,0.02,0,0.02
15648,PDC World Championship Darts 2009,Wii,2009,Sports,Oxygen Interactive,0,0.02,0,0,0.02
7626,Snowboard Kids,N64,1996,Sports,Atlus,0.16,0.04,0,0,0.2
2138,Club Penguin: Game Day!,Wii,2010,Sports,Disney Interactive Studios,0.56,0.33,0,0.08,0.97
7908,Jewel Master: Cradle of Athena,DS,2010,Puzzle,Storm City Games,0.18,0,0,0.01,0.19
14879,Combat Wings: The Great Battles of WWII,Wii,N/A,Simulation,City Interactive,0.02,0,0,0,0.03
6791,Army Men: Sarge's Heroes 2,PS,2000,Shooter,3DO,0.14,0.09,0,0.02,0.24
16172,Hanayamata: Yosakoi Live,PSV,2014,Adventure,Namco Bandai Games,0,0,0.01,0,0.01
320,Mario & Luigi: Bowser's Inside Story,DS,2009,Role-Playing,Nintendo,2.26,0.48,0.81,0.27,3.83
3352,Alice: Madness Returns,PS3,2011,Adventure,Electronic Arts,0.22,0.25,0.04,0.09,0.6
12174,Card Games,PS,2000,Misc,D3Publisher,0.04,0.03,0,0,0.07
129,Assassin's Creed III,PS3,2012,Action,Ubisoft,2.64,2.56,0.16,1.14,6.5
12723,Kamen Rider Kabuto,PS2,2006,Action,Namco Bandai Games,0,0,0.06,0,0.06
5318,WWE All Stars,X360,2011,Fighting,THQ,0.18,0.14,0,0.03,0.35
12127,DefCon 5,PS,1995,Shooter,Psygnosis,0.04,0.03,0,0,0.07
451,Dragon Ball Z: Budokai,PS2,2002,Fighting,Atari,2.17,0.28,0.55,0.08,3.09
7802,50 Cent: Blood on the Sand,PS3,2009,Shooter,THQ,0.1,0.06,0.01,0.03,0.19
8061,Let's TAP,Wii,2008,Misc,Sega,0.09,0.06,0.01,0.02,0.18
14504,Hudson x GReeeeN Live!? DeeeeS!?,DS,2010,Misc,Hudson Soft,0,0,0.03,0,0.03
1334,Hello Kitty Party,DS,2007,Misc,Rising Star Games,0.79,0.53,0,0.13,1.44
8608,Scripps Spelling Bee,DS,2010,Simulation,THQ,0.15,0,0,0.01,0.16
12640,Game of Thrones (Telltale),PS3,2015,Adventure,Telltale Games,0.02,0.03,0,0.01,0.06
15939,Iron Soldier 3,PS,1999,Simulation,Telegames,0.01,0.01,0,0,0.02
14523,Star Trek: Tactical Assault,PSP,2006,Strategy,Ubisoft,0.02,0.01,0,0,0.03
96,Crash Bandicoot 2: Cortex Strikes Back,PS,1997,Platform,Sony Computer Entertainment,3.78,2.17,1.31,0.31,7.58
3549,SD Gundam G Generation Neo,PS2,2002,Strategy,Namco Bandai Games,0,0,0.57,0,0.57
948,Jet Moto,PS,1996,Racing,Sony Computer Entertainment,1.33,0.4,0.03,0.07,1.83
5600,Beautiful Katamari,X360,2007,Puzzle,Namco Bandai Games,0.14,0.02,0.15,0.02,0.32
4612,Marvel Super Hero Squad,DS,2009,Fighting,THQ,0.37,0.02,0,0.03,0.42
4149,Double Dragon,2600,1989,Action,Activision,0.45,0.02,0,0.01,0.47
15386,Samurai & Dragons,PSV,2012,Action,Sega,0,0,0.02,0,0.02
1926,Championship Manager 99/00,PC,1999,Sports,Eidos Interactive,0,0.98,0,0.09,1.07
6704,World Series Baseball 2K3,PS2,2003,Sports,Sega,0.12,0.1,0,0.03,0.25
3523,Ben 10: Alien Force,PS2,2008,Action,Koch Media,0.22,0.02,0,0.33,0.57
615,PES 2009: Pro Evolution Soccer,PS2,2008,Sports,Konami Digital Entertainment,0.13,0.07,0.26,2.05,2.5
1166,Pro Evolution Soccer 2008,PS3,2007,Sports,Konami Digital Entertainment,0.04,1.1,0.32,0.13,1.59
7643,Total War: Shogun 2 - Fall of the Samurai,PC,2012,Strategy,Sega,0.07,0.1,0,0.03,0.2
3052,Zaidan Houjin Nippon Kanji Nouryoku Kentei Kyoukai Koushiki Soft: 200 Mannin no KanKen: Tokoton Kanji Nou,DS,2006,Misc,IE Institute,0,0,0.66,0,0.66
13908,Battle Hunter,PS,1999,Strategy,Midas Interactive Entertainment,0.02,0.01,0,0,0.04
3260,The Urbz: Sims in the City,GBA,2004,Simulation,Electronic Arts,0.37,0.22,0,0.03,0.62
6726,Yakuza Zero: The Place of Oath,PS3,2015,Action,Sega,0,0,0.25,0,0.25
15051,Total Immersion Racing,XB,2002,Racing,Empire Interactive,0.02,0.01,0,0,0.02
2802,F1 2011,X360,2011,Racing,Codemasters,0.11,0.51,0.01,0.09,0.73
6599,NBA ShootOut 2004,PS2,2003,Sports,Sony Computer Entertainment,0.13,0.1,0,0.03,0.26
15170,Freedom Wings,DS,2006,Simulation,Natsume,0.02,0,0,0,0.02
1671,Pikmin 2,GC,2004,Strategy,Nintendo,0.48,0.13,0.56,0.03,1.2
959,The Evil Within,PS4,2014,Action,Bethesda Softworks,0.55,0.84,0.11,0.31,1.81
8417,Far East of Eden II: Manji Maru,PS2,2003,Role-Playing,Hudson Soft,0,0,0.17,0,0.17
6179,Sesame Street: Elmo's A-to-Zoo Adventure,DS,2010,Misc,Warner Bros. Interactive Entertainment,0.27,0,0,0.02,0.28
3822,Pachi-Slot Aruze Oukoku 4,PS,2000,Misc,Aruze Corp,0,0,0.49,0.03,0.53
12112,Army Men: RTS,GC,2004,Strategy,Global Star,0.05,0.01,0,0,0.07
6932,Nintendo Presents: Crossword Collection,DS,2009,Puzzle,Nintendo,0,0.21,0,0.02,0.24
14031,True Pinball,PS,1996,Misc,Ocean,0.02,0.01,0,0,0.04
8112,Full Auto 2: Battlelines,PS3,2006,Racing,Sega,0.14,0.02,0,0.02,0.18
8212,EyeToy: Kinetic,PS2,2005,Sports,Sony Computer Entertainment,0.09,0.07,0,0.02,0.17
3009,Unreal Tournament III,PS3,2007,Shooter,Midway Games,0.33,0.24,0,0.11,0.67
13943,Real Soccer 2008,DS,2007,Sports,Ubisoft,0.03,0,0,0,0.04
4044,Scarface: The World is Yours,XB,2006,Action,Vivendi Games,0.37,0.11,0,0.02,0.49
5791,Sorcery,PS3,2012,Action,Sony Computer Entertainment,0.14,0.12,0,0.05,0.31
15699,Clover no Kuni no Alice: Wonderful Wonder World,PSP,2011,Adventure,Quinrose,0,0,0.02,0,0.02
15618,PachiPara 3D: Ooumi Monogatari 2 - Pachi Pro Fuuunroku Hana,3DS,2012,Action,Irem Software Engineering,0,0,0.02,0,0.02
15438,Dark Tales: Edgar Allan Poe's The Premature Burial,PC,2012,Puzzle,Focus Multimedia,0,0.02,0,0,0.02
5687,Catherine,X360,2011,Adventure,Deep Silver,0.2,0.06,0.03,0.02,0.32
9247,I Spy: Universe,DS,2010,Puzzle,Scholastic Inc.,0.13,0,0,0.01,0.14
10967,Atari Classics Evolved,PSP,2007,Misc,Atari,0.08,0,0,0.01,0.09
2008,Kirby: Mass Attack,DS,2011,Platform,Nintendo,0.52,0.06,0.41,0.05,1.04
1909,Tom Clancy's Ghost Recon 2,PS2,2004,Shooter,Ubisoft,0.64,0.34,0,0.1,1.08
14698,Prince of Persia (2008),PC,2008,Action,Ubisoft,0,0.02,0,0,0.03
1184,Conflict: Desert Storm,PS2,2002,Shooter,Gotham Games,0.98,0.53,0,0.06,1.57
10171,Guitar Rock Tour,DS,2007,Misc,Gameloft,0.1,0,0,0.01,0.11
13909,PO'ed,PS,1996,Shooter,Time Warner Interactive,0.02,0.01,0,0,0.04
5044,Tokimeki Memorial: Forever with You,SAT,1996,Simulation,Konami Digital Entertainment,0,0,0.38,0,0.38
7788,Hidden Mysteries: Vampire Secrets,DS,2010,Adventure,Astragon,0.06,0.11,0,0.02,0.19
14206,Magna Carta Portable,PSP,2006,Role-Playing,Banpresto,0,0,0.03,0,0.03
7491,Dragon Ball Z: Sagas,GC,2005,Fighting,Atari,0.16,0.04,0,0.01,0.21
10992,I Love Puppies,DS,2010,Simulation,Destineer,0.09,0,0,0.01,0.09
7962,Farmtopia,DS,2010,Simulation,505 Games,0.18,0,0,0.01,0.19
14121,Asterix & Obelix: Kick Buttix,PS2,2004,Action,Atari,0.02,0.01,0,0,0.03
12512,Virtual Chess 64,N64,1998,Misc,Titus,0.05,0.01,0,0,0.06
4930,MLB 15: The Show,PS3,2015,Sports,Sony Computer Entertainment,0.3,0.01,0,0.07,0.39
15450,Germany's Next Topmodel 2011,Wii,2011,Simulation,7G//AMES,0,0.02,0,0,0.02
695,Dead Island,PS3,2011,Action,Deep Silver,1.08,0.75,0.15,0.31,2.29
2841,Major League Baseball 2K7,X360,2007,Sports,Spike,0.67,0,0,0.05,0.72
7752,Ice Age: Dawn of the Dinosaurs,PS3,2009,Action,Activision,0.13,0.04,0,0.02,0.19
958,Dragon Quest VI: Realms of Revelation,DS,2010,Role-Playing,Nintendo,0.22,0.21,1.35,0.03,1.81
5952,Batman: The Brave and the Bold the Videogame,Wii,2010,Action,Warner Bros. Interactive Entertainment,0.22,0.06,0,0.02,0.3
4559,Call of Duty: Modern Warfare: Mobilized,DS,2009,Shooter,Activision,0.37,0.02,0,0.03,0.43
2743,Shark Tale,PS2,2004,Action,Activision,0.37,0.29,0,0.1,0.75
3959,Midnight Club II,XB,2003,Racing,Take-Two Interactive,0.42,0.06,0,0.02,0.5
2730,Total War: Rome II,PC,2013,Strategy,Sega,0.12,0.53,0,0.11,0.76
1744,Need for Speed: Most Wanted,PSV,2012,Racing,Electronic Arts,0.38,0.52,0.01,0.25,1.16
12103,Power Pro GB,GB,1998,Sports,Konami Digital Entertainment,0,0,0.07,0,0.07
6417,InuYasha: Feudal Combat,PS2,2005,Fighting,Namco Bandai Games,0.13,0.1,0,0.03,0.27
3392,Assassin's Creed: Brotherhood,PC,2011,Action,Ubisoft,0.15,0.34,0,0.1,0.59
11124,Test Drive: Eve of Destruction,XB,2004,Racing,Atari,0.07,0.02,0,0,0.09
13180,Hummer Badlands,PS2,2006,Racing,Global Star,0.02,0.02,0,0.01,0.05
9863,Minute to Win It,DS,2010,Misc,Zoo Games,0.11,0,0,0.01,0.12
10336,My Boyfriend,DS,2008,Simulation,DTP Entertainment,0.1,0,0,0.01,0.11
6626,The Chronicles of Riddick: Assault on Dark Athena,PS3,2009,Shooter,Vivendi Games,0.12,0.1,0,0.04,0.25
10859,Fresh PreCure! Asobi Collection,DS,2009,Action,Namco Bandai Games,0,0,0.09,0,0.09
9376,Peter Jackson's King Kong: The Official Game of the Movie,DS,2005,Action,Ubisoft,0.12,0,0,0.01,0.13
14554,Let's Dance with Mel B,PS3,2011,Sports,Black Bean Games,0,0.02,0,0.01,0.03
3555,NHL 14,PS3,2013,Sports,Electronic Arts,0.28,0.19,0,0.09,0.57
7930,Rise of the Kasai,PS2,2005,Action,Sony Computer Entertainment,0.09,0.07,0,0.02,0.19
11190,Samurai Warriors 2: Xtreme Legends,PS2,2007,Action,Tecmo Koei,0.04,0.03,0,0.01,0.09
12289,Bullet Girls,PSV,2014,Action,D3Publisher,0,0,0.06,0,0.06
70,Gran Turismo 2,PS,1999,Racing,Sony Computer Entertainment,3.88,3.42,1.69,0.5,9.49
13892,100 Classic Games,DS,2011,Misc,Rondomedia,0,0.03,0,0,0.04
5972,The Godfather: Dons Edition,PS3,2007,Action,Electronic Arts,0.25,0.02,0,0.03,0.29
13386,Monster Jam: Maximum Destruction,GC,2002,Racing,Ubisoft,0.04,0.01,0,0,0.05
1874,The Simpsons Game,PSP,2007,Action,Electronic Arts,0.24,0.55,0,0.31,1.09
6910,Scrabble (Others sales),DS,2009,Puzzle,Ubisoft,0,0.24,0,0,0.24
13808,Resident Evil: Revelations,PC,2013,Action,Capcom,0,0.03,0,0.01,0.04
14274,Jig-A-Pix: Wild World,DS,2009,Puzzle,Zushi Games,0.03,0.01,0,0,0.03
3147,NBA 2K17,XOne,2016,Sports,Take-Two Interactive,0.54,0.04,0,0.07,0.64
2490,Brute Force,XB,2003,Shooter,Microsoft Game Studios,0.62,0.18,0.01,0.03,0.83
12918,New Prince of Tennis: Go to the Top,3DS,2015,Action,FuRyu,0,0,0.05,0,0.05
11291,Frantix,PSP,2005,Puzzle,Ubisoft,0.08,0,0,0.01,0.08
14115,MX World Tour Featuring Jamie Little,XB,2005,Racing,Crave Entertainment,0.03,0.01,0,0,0.03
2062,Excitebike 64,N64,2000,Racing,Nintendo,0.65,0.15,0.19,0.01,1
14147,The Legend of Heroes: Trails in the Sky SC Evolution,PSV,2015,Role-Playing,Kadokawa Games,0,0,0.03,0,0.03
3943,Capcom Classics Collection,PS2,2005,Misc,Capcom,0.22,0.17,0.05,0.06,0.51
1762,Plants vs. Zombies: Garden Warfare,X360,2014,Shooter,Electronic Arts,0.51,0.54,0,0.1,1.16
843,Call of Duty 2,X360,2005,Shooter,Activision,1.81,0.05,0.01,0.15,2.02
8892,Winning Post 4,PS,1999,Sports,Tecmo Koei,0,0,0.14,0.01,0.15
12216,Touch 'N' Play Collection,DS,2010,Misc,O-Games,0.04,0.02,0,0.01,0.07
3995,Madden NFL 11,PS2,2010,Sports,Electronic Arts,0.41,0.02,0,0.07,0.5
7056,Airblade,PS2,2001,Sports,Sony Computer Entertainment,0.11,0.09,0,0.03,0.23
7886,Lunar Legend,GBA,2002,Role-Playing,Media Rings,0.14,0.05,0,0,0.19
7047,The King of Fighters '95 (CD),NG,1994,Fighting,SNK,0,0,0.23,0,0.23
1932,Skylanders SWAP Force,PS3,2013,Platform,Activision,0.43,0.44,0,0.2,1.07
10348,Viewtiful Joe: Double Trouble!,DS,2005,Action,Capcom,0.08,0,0.01,0.01,0.11
3012,Need for Speed Rivals,XOne,2013,Racing,Electronic Arts,0.45,0.17,0,0.05,0.67
7419,Heroes of Ruin,3DS,2012,Role-Playing,Nintendo,0.13,0.07,0,0.02,0.21
3430,Dark Souls II,PS4,2015,Role-Playing,Namco Bandai Games,0.2,0.22,0.08,0.08,0.59
126,Donkey Kong Country Returns,Wii,2010,Platform,Nintendo,3.25,1.84,1.03,0.47,6.59
12212,Pandemonium 2,PS,1997,Platform,BMG Interactive Entertainment,0.04,0.02,0,0,0.07
1540,Champions of Norrath,PS2,2004,Role-Playing,Sony Online Entertainment,0.63,0.49,0,0.16,1.28
1014,Dance Dance Revolution X,PS2,2008,Simulation,Konami Digital Entertainment,0.85,0.66,0.01,0.22,1.75
3540,Dynasty Warriors 5: Xtreme Legends,PS2,2005,Action,Tecmo Koei,0.11,0.08,0.35,0.03,0.57
9764,Kaijuu Busters,DS,2009,Action,Namco Bandai Games,0,0,0.12,0,0.12
15509,Meiji Toukyou Renka,PSP,2013,Adventure,Broccoli,0,0,0.02,0,0.02
13947,APB Reloaded,PC,2011,Role-Playing,Iceberg Interactive,0.02,0.01,0,0,0.04
15597,Myth Makers: Super Kart GP,Wii,2007,Racing,Popcorn Arcade,0.01,0,0,0,0.02
8567,TNA iMPACT!,Wii,2008,Fighting,Midway Games,0.14,0.01,0,0.01,0.16
5193,Hamtaro: Ham-Ham Heartbreak,GBA,2002,Action,Nintendo,0.26,0.1,0,0.01,0.36
14372,Guilty Gear XX Accent Core Plus,Wii,2009,Fighting,PQube,0.01,0.02,0,0,0.03
15240,Mind over Matter,DS,2010,Puzzle,505 Games,0.02,0,0,0,0.02
16562,Sugar + Spice! Anoko no Suteki na Nanimokamo,PS2,2008,Adventure,Alchemist,0,0,0.01,0,0.01
3256,Dead Island: Riptide,PS3,2013,Action,Deep Silver,0.26,0.2,0.07,0.09,0.62
8639,LEGO Legends of Chima: Laval's Journey,PSV,2013,Adventure,Warner Bros. Interactive Entertainment,0.02,0.09,0,0.04,0.16
2524,Hasbro Family Game Night 3,Wii,2010,Misc,Electronic Arts,0.47,0.28,0,0.07,0.82
13739,City Builder,Wii,2010,Misc,Virtual Play Games,0.04,0,0,0,0.04
1301,Tom Clancy's Ghost Recon: Future Soldier,X360,2012,Shooter,Ubisoft,0.93,0.4,0.02,0.12,1.46
873,Destiny,X360,2014,Shooter,Activision,1.3,0.49,0,0.16,1.95
15755,Zero no Tsukaima: Muma ga Tsumugu Yokaze no Nocturne,PS2,2007,Adventure,Marvelous Interactive,0,0,0.02,0,0.02
9410,Chicken Run,PS,2000,Adventure,Eidos Interactive,0.07,0.05,0,0.01,0.13
12698,Katekyoo Hitman Reborn! DS Flame Rumble XX - Kessen! Shin 6 Chouka,DS,2010,Action,Takara Tomy,0,0,0.06,0,0.06
10023,Doukoku Shoshite...,SAT,1998,Adventure,Data East,0,0,0.11,0,0.11
9485,Cabela's Alaskan Adventure,X360,2006,Sports,Activision,0.12,0,0,0.01,0.13
11565,Lost in Blue: Shipwrecked,Wii,2008,Adventure,Konami Digital Entertainment,0.07,0,0,0.01,0.08
2274,Operation Flashpoint: Dragon Rising,PS3,2009,Shooter,Codemasters,0.23,0.46,0.05,0.17,0.92
6028,Jeremy McGrath Supercross 2000,N64,1999,Racing,Acclaim Entertainment,0.23,0.06,0,0,0.29
15951,Poupee Girl DS,DS,2009,Misc,Alvion,0,0,0.02,0,0.02
2619,Drawn to Life,DS,2007,Action,THQ,0.71,0.02,0,0.06,0.79
9977,Wipeout 2,PS3,2011,Misc,Activision,0.11,0,0,0.01,0.12
9400,My Spanish Coach,PSP,2008,Misc,Ubisoft,0.12,0,0,0.01,0.13
16167,Rosario to Vampire: Tanabata no Miss Youkai Gakuen,DS,2008,Adventure,Capcom,0,0,0.01,0,0.01
9088,Gundam Breaker 2,PS3,2014,Action,Namco Bandai Games,0,0,0.14,0,0.14
5701,Dragon Ball: XenoVerse,XOne,2015,Fighting,Namco Bandai Games,0.18,0.11,0,0.03,0.31
8602,Black & Bruised,PS2,2003,Fighting,Vivendi Games,0.08,0.06,0,0.02,0.16
13293,Kiniro no Corda 2 Encore,PS2,2007,Role-Playing,Tecmo Koei,0,0,0.05,0,0.05
8722,The Oregon Trail,Wii,2011,Simulation,Crave Entertainment,0.15,0,0,0.01,0.15
3082,LEGO Marvel Super Heroes,PSV,2013,Action,Warner Bros. Interactive Entertainment,0.15,0.35,0,0.16,0.66
8728,de Blob 2,X360,2011,Platform,THQ,0.1,0.04,0,0.01,0.15
2058,Breath of Fire III,PS,1997,Role-Playing,Capcom,0.29,0.19,0.46,0.07,1
16346,Sekirei: Mirai Kara no Okurimono,PS2,2009,Adventure,Alchemist,0,0,0.01,0,0.01
8804,Disney's The Lion King: Simba's Mighty Adventure,PS,2000,Action,Activision,0.08,0.06,0,0.01,0.15
53,Gran Turismo,PS,1997,Racing,Sony Computer Entertainment,4.02,3.87,2.54,0.52,10.95
11720,Learn Geography,DS,2009,Misc,DreamCatcher Interactive,0.07,0,0,0.01,0.08
11504,Midway Arcade Treasures 3,XB,2005,Misc,Midway Games,0.06,0.02,0,0,0.08
5372,Chicken Riot,Wii,2010,Action,City Interactive,0.15,0.16,0,0.03,0.34
11605,Rayman Origins,PC,2012,Platform,Ubisoft,0,0.06,0,0.01,0.08
12215,Fallout: Brotherhood of Steel,PS2,2004,Role-Playing,Avalon Interactive,0.03,0.03,0,0.01,0.07
5353,Risk / Battleship / Clue,GBA,2005,Misc,Zoo Digital Publishing,0.25,0.09,0,0.01,0.34
13034,Plants vs. Zombies,PC,2009,Strategy,PopCap Games,0,0.04,0,0.01,0.05
10858,Ouchi Mainichi Tamagotchi,3DS,2012,Action,Namco Bandai Games,0,0,0.09,0,0.09
9273,Football Manager 2014,PSV,2013,Sports,Sega,0,0.1,0,0.04,0.14
12427,Blast Lacrosse,PS,2001,Sports,Acclaim Entertainment,0.03,0.02,0,0,0.06
2842,X-Men: Mutant Academy 2,PS,2001,Fighting,Activision,0.4,0.27,0,0.05,0.72
9395,Rugby 15,PS3,2015,Sports,Bigben Interactive,0.02,0.09,0,0.02,0.13
1651,NASCAR Thunder 2003,PS2,N/A,Racing,Unknown,0.6,0.46,0,0.16,1.22
7970,WWE SmackDown vs. Raw 2009,DS,2008,Fighting,THQ,0.15,0.02,0,0.01,0.19
10887,Psychonauts,PS2,2005,Platform,Majesco Entertainment,0.05,0.04,0,0.01,0.09
8376,Beat Down: Fists of Vengeance,PS2,2005,Action,Capcom,0.04,0.03,0.09,0.01,0.17
1630,Madden NFL 17,PS4,2016,Sports,Electronic Arts,0.92,0.08,0,0.23,1.23
11057,2-in-1 Game Pack: Spider-Man & Spider-Man 2,GBA,2005,Platform,Activision,0.06,0.02,0,0,0.09
8205,Camp Rock: The Final Jam,DS,2010,Misc,Disney Interactive Studios,0.14,0.02,0,0.01,0.18
8000,Fight Club,PS2,2004,Fighting,Vivendi Games,0.09,0.07,0,0.02,0.18
2833,SD Gundam G Generation,PS,1998,Strategy,Namco Bandai Games,0,0,0.67,0.05,0.72
4577,LEGO Rock Band,PS3,2009,Misc,Warner Bros. Interactive Entertainment,0.24,0.13,0,0.06,0.42
7612,CSI: Unsolved!,DS,2010,Adventure,Ubisoft,0.13,0.06,0,0.02,0.2
5883,Daikaijyuu Monogatari,SNES,1994,Role-Playing,Hudson Soft,0,0,0.3,0,0.3
11598,Monster Trucks DS,DS,2005,Racing,Majesco Entertainment,0.07,0,0,0.01,0.08
5402,Carnival,2600,1981,Shooter,Coleco,0.32,0.02,0,0,0.34
10346,Cabela's North American Adventures,X360,2010,Sports,Activision,0.1,0,0,0.01,0.11
1306,Homefront,X360,2011,Shooter,THQ,0.83,0.48,0.02,0.12,1.46
1943,Junior Brain Trainer,DS,2008,Misc,GSP,0.23,0.74,0,0.1,1.06
5578,NBA 2K10,PSP,2009,Sports,Take-Two Interactive,0.3,0,0,0.03,0.32
1917,Naruto: Ultimate Ninja Storm,PS3,2008,Fighting,Namco Bandai Games,0.49,0.35,0.09,0.16,1.08
8720,Courier Crisis,PS,1997,Racing,BMG Interactive Entertainment,0.09,0.06,0,0.01,0.15
14840,Bae Yong-joon to Manabu Kankokugo DS,DS,2009,Misc,D3Publisher,0,0,0.03,0,0.03
13480,Assault Rigs,PS,1996,Action,Electronic Arts Victor,0.02,0.02,0,0,0.04
13790,Who Wants to be a Millionaire: 1st Edition,DS,2007,Misc,Ubisoft,0,0.04,0,0,0.04
3302,Time Crisis 3,PS2,2003,Shooter,Namco Bandai Games,0.3,0.23,0,0.08,0.61
11350,Hello Kitty: Roller Rescue,GC,2005,Action,Empire Interactive,0.06,0.02,0,0,0.08
3583,Battlefield 2: Modern Combat,XB,2005,Shooter,Electronic Arts,0.39,0.15,0,0.02,0.56
12330,Steambot Chronicles: Battle Tournament,PSP,2008,Fighting,Irem Software Engineering,0.05,0,0.01,0,0.06
11300,S.C.A.R.S,PS,1998,Racing,Ubisoft,0.05,0.03,0,0.01,0.08
11643,NHL Hitz 20-03,GC,2002,Sports,Midway Games,0.06,0.02,0,0,0.08
14234,EverBlue 2,PS2,2002,Adventure,Capcom,0.02,0.01,0,0,0.03
6001,Ratchet & Clank: Size Matters,PS2,2008,Platform,Sony Computer Entertainment,0.13,0.1,0.03,0.03,0.29
11209,Busy Scissors,Wii,2010,Simulation,Little Orbit,0.08,0,0,0,0.09
9038,Balloon Pop,DS,2009,Puzzle,UFO Interactive,0.13,0,0,0.01,0.14
7503,Cabela's North American Adventures,Wii,2010,Sports,Activision,0.19,0,0,0.01,0.2
9373,DmC: Devil May Cry,XOne,2015,Action,Capcom,0.08,0.04,0,0.01,0.13
5152,Sid Meier's Civilization: Beyond Earth,PC,2014,Strategy,Take-Two Interactive,0.11,0.22,0,0.03,0.37
15892,Sora no Otoshimono Forte: Dreamy Season,DS,2011,Adventure,Kadokawa Shoten,0,0,0.02,0,0.02
11922,Karaoke Revolution Party,GC,2005,Misc,Konami Digital Entertainment,0.05,0.01,0,0,0.07
14960,NBA Starting Five,XB,2002,Sports,Konami Digital Entertainment,0.02,0.01,0,0,0.02
360,Croc: Legend of the Gobbos,PS,1997,Platform,Fox Interactive,1.57,1.79,0,0.2,3.56
14517,Galaxy Angel II: Mugen Kairou no Kagi,PS2,2007,Strategy,Broccoli,0,0,0.03,0,0.03
6307,Baten Kaitos: Eternal Wings and the Lost Ocean,GC,2003,Role-Playing,Nintendo,0.21,0.05,0,0.01,0.27
1567,Sonic Adventure DX: Director's Cut,GC,2003,Platform,Sega,0.87,0.3,0.06,0.03,1.27
12451,Busy Scissors,DS,2010,Simulation,Little Orbit,0.06,0,0,0,0.06
7704,Conan,X360,2007,Action,THQ,0.16,0.02,0,0.02,0.2
3812,The Warriors,PS2,2005,Action,Take-Two Interactive,0.44,0.02,0,0.07,0.53
4128,Viva Pinata: Trouble in Paradise,X360,2008,Simulation,Microsoft Game Studios,0.16,0.25,0.01,0.05,0.48
1065,FIFA 16,X360,2015,Sports,Electronic Arts,0.55,1.01,0,0.13,1.69
4431,DmC: Devil May Cry,X360,2013,Action,Capcom,0.26,0.13,0.01,0.04,0.44
5593,Dead or Alive 5,X360,2012,Fighting,Ubisoft Annecy,0.19,0.08,0.03,0.02,0.32
15296,Moujuutsukai to Oujisama: Snow Bride,PS2,2011,Adventure,Idea Factory,0,0,0.02,0,0.02
7316,Afrika,PS3,2008,Adventure,Unknown,0.12,0,0.08,0.01,0.21
4454,Duke Nukem 64,N64,1997,Shooter,GT Interactive,0.35,0.08,0,0.01,0.44
9943,CSI: Crime Scene Investigation,XB,2004,Adventure,Ubisoft,0.09,0.03,0,0,0.12
1645,Chocobo no Fushigi Dungeon,PS,1997,Role-Playing,SquareSoft,0,0,1.14,0.08,1.22
1644,NBA Live 99,PS,1997,Sports,Electronic Arts,1.13,0.05,0,0.03,1.22
2897,Two Worlds,X360,2007,Role-Playing,SouthPeak Games,0.41,0.23,0,0.07,0.71
15441,Warship Gunner 2 Portable,PSP,2009,Simulation,Tecmo Koei,0,0,0.02,0,0.02
528,Hot Shots Golf,PS,1997,Sports,Sony Computer Entertainment,0.29,0.2,2.13,0.18,2.79
14224,Shining Stars,DS,2008,Action,"Destination Software, Inc",0.03,0,0,0,0.03
4707,Jimmy Neutron: Boy Genius,PS2,2002,Platform,THQ,0.2,0.16,0,0.05,0.41
14709,Akane Iro ni Somaru Saka Parallel,PS2,2008,Adventure,GN Software,0,0,0.03,0,0.03
6336,Sherlock Holmes: Crimes & Punishments,PS4,2014,Adventure,Focus Home Interactive,0.08,0.14,0,0.05,0.27
12235,Cosmos Chaos!,DS,2010,Misc,Mentor Interactive,0.06,0,0,0,0.07
4078,Far Cry 2,PC,2008,Action,Ubisoft,0.01,0.45,0,0.03,0.49
8261,Yakuza Zero: The Place of Oath,PS4,2015,Action,Sega,0,0,0.17,0,0.17
5230,Rapala Pro Fishing,PS2,2004,Sports,Zoo Digital Publishing,0.18,0.14,0,0.05,0.36
6043,Fable: The Journey,X360,2012,Role-Playing,Microsoft Game Studios,0.18,0.09,0,0.02,0.29
10367,Rock Band Track Pack: Classic Rock,PS3,2009,Misc,MTV Games,0.1,0,0,0.01,0.11
12005,The Guy Game,XB,2004,Misc,Gathering of Developers,0.05,0.02,0,0,0.07
2489,FIFA Soccer World Championship,PS2,2000,Sports,Electronic Arts,0.27,0.21,0.28,0.07,0.83
10846,Gundam Breaker 3,PS4,2016,Action,Namco Bandai Games,0,0,0.09,0,0.09
5177,Kamaitachi no Yoru 2,PS2,2002,Adventure,ChunSoft,0,0,0.36,0,0.36
15729,Revolution: 25th Anniversary Collection,PC,2016,Adventure,Koch Media,0,0.02,0,0,0.02
5550,Eternal Sonata,X360,2007,Role-Playing,Atari,0.19,0.04,0.08,0.02,0.33
9434,The Unholy War,PS,1998,Strategy,Eidos Interactive,0.07,0.05,0,0.01,0.13
8408,Naval Assault: The Killing Tide,X360,2010,Simulation,505 Games,0.08,0.07,0,0.02,0.17
16283,Fatal Fury: Battle Archives Volume 1 (JP sales),PS2,2006,Fighting,Ignition Entertainment,0,0,0.01,0,0.01
404,James Bond 007: Nightfire,PS2,2002,Shooter,Electronic Arts,1.45,1.29,0.12,0.46,3.33
2188,Skylanders: Spyro's Adventure,PS3,2011,Action,Activision,0.39,0.4,0,0.16,0.95
1690,WWE SmackDown vs Raw 2008,PSP,2007,Fighting,THQ,0.45,0.47,0,0.28,1.19
12181,Dungeon Maker II: The Hidden War,PSP,2007,Role-Playing,Global A Entertainment,0.06,0,0,0.01,0.07
2102,FIFA Soccer 10,Wii,2009,Sports,Electronic Arts,0.23,0.65,0,0.11,0.99
12974,Disney's PK: Out of the Shadows,GC,2002,Platform,Ubisoft,0.04,0.01,0,0,0.05
14481,Minna no Golf Jou Vol.1,PSP,2007,Sports,Sony Computer Entertainment,0,0,0.03,0,0.03
8375,World Destruction League: Thunder Tanks,PS,2000,Action,3DO,0.09,0.06,0,0.01,0.17
137,Street Fighter II: The World Warrior,SNES,1992,Fighting,Capcom,2.47,0.83,2.87,0.12,6.3
5946,Fist of the North Star: Ken's Rage 2,PS3,2012,Fighting,Tecmo Koei,0,0,0.3,0,0.3
15723,Arslan: The Warriors of Legend,XOne,2016,Action,Tecmo Koei,0.01,0,0,0,0.02
6403,Rock Revolution,PS3,N/A,Misc,Unknown,0.25,0,0,0.02,0.27
8952,Power Pro Kun Pocket 1+2,GBA,2004,Sports,Konami Digital Entertainment,0,0,0.14,0,0.15
8580,NBA 2K12,PC,2011,Sports,Take-Two Interactive,0.09,0.05,0,0.02,0.16
3646,Simple 1500 Series Vol. 73: The Invaders ~Space Invaders 1500~,PS,2001,Shooter,D3Publisher,0.31,0.21,0,0.04,0.55
1868,Tales of Symphonia,GC,2003,Role-Playing,Nintendo,0.54,0.21,0.31,0.04,1.1
3667,Star Wars: Dark Forces,PS,1996,Shooter,LucasArts,0.31,0.21,0,0.04,0.55
16132,Umineko no Naku Koro ni Portable 1,PSP,2011,Adventure,Alchemist,0,0,0.01,0,0.01
12912,Rugby 15,X360,2015,Sports,Bigben Interactive,0,0.05,0,0,0.05
970,Disney's The Lion King,SNES,1994,Platform,Virgin Interactive,1.26,0.39,0.08,0.06,1.79
10899,Virtua Fighter CG Portrait Series Vol.3: Akira Yuki,SAT,1995,Misc,Sega,0,0,0.09,0,0.09
15449,Nobunaga's Ambition: Tenshouki with Power-Up Kit HD Version,PSV,2015,Strategy,Tecmo Koei,0,0,0.02,0,0.02
9147,My Fitness Coach: Club,PS3,2011,Sports,Ubisoft,0,0.1,0,0.04,0.14
11465,Big Mutha Truckers,GC,2003,Racing,Empire Interactive,0.06,0.02,0,0,0.08
8482,F1 2011,3DS,2011,Racing,Codemasters,0.07,0.08,0,0.02,0.16
2396,NHL 2000,PS,1998,Sports,Electronic Arts,0.48,0.33,0,0.06,0.87
10005,SplashDown,XB,2002,Racing,Atari,0.09,0.02,0,0,0.11
8774,Scooby-Doo! Unmasked,GC,2005,Platform,THQ,0.12,0.03,0,0,0.15
9715,Tom Clancy's Splinter Cell: Blacklist,WiiU,2013,Action,Ubisoft,0.05,0.07,0,0.01,0.12
2704,Drawn to Life: The Next Chapter,Wii,2009,Puzzle,THQ,0.29,0.39,0,0.08,0.76
2774,Yu-Gi-Oh! Dungeon Dice Monsters,GBA,2001,Misc,Konami Digital Entertainment,0.42,0.16,0.15,0.01,0.74
2846,James Bond 007: Blood Stone,PS3,2010,Shooter,Activision,0.18,0.38,0.02,0.13,0.72
8197,Summon Night 4,PS2,2006,Role-Playing,Banpresto,0,0,0.18,0,0.18
10972,Rapid Reload,PS,1995,Shooter,Sony Computer Entertainment,0,0,0.09,0.01,0.09
10353,Utawarerumono: Chiriyukusha e no Komoriuta,PS2,2006,Adventure,Aqua Plus,0,0,0.11,0,0.11
16110,Marginal #4: Idol of Supernova,PSV,2014,Adventure,Idea Factory,0,0,0.01,0,0.01
4983,Super Soccer,SNES,1991,Sports,Nintendo,0,0,0.38,0,0.38
16022,God Eater Off Shot: Soma Shikkuzaru-hen Twin Pack & Animation Vol.4,PS4,2016,Action,Namco Bandai Games,0,0,0.01,0,0.01
7324,Namco Museum: 50th Anniversary,GC,2005,Misc,Namco Bandai Games,0.17,0.04,0,0.01,0.21
12384,Power Shovel,PS,2000,Action,JVC,0.03,0.02,0,0,0.06
199,Grand Theft Auto: Vice City Stories,PSP,2006,Action,Take-Two Interactive,1.7,2.02,0.16,1.21,5.08
1222,The Simpsons Game,DS,2007,Action,Electronic Arts,0.57,0.79,0,0.17,1.53
8809,GoldenEye 007 (2010),DS,2010,Action,Activision,0.11,0.03,0,0.01,0.15
519,WWE SmackDown! vs. Raw,PS2,2002,Fighting,THQ,1.32,1.08,0.04,0.39,2.83
8617,Rondo of Swords (US sales),DS,2007,Role-Playing,Success,0.16,0,0,0,0.16
12695,Ride to Hell,X360,2013,Racing,Deep Silver,0.04,0.01,0,0,0.06
14493,Smashing Drive,GBA,2004,Racing,Zoo Digital Publishing,0.02,0.01,0,0,0.03
6948,Silent Hill: Book of Memories,PSV,2012,Action,Konami Digital Entertainment,0.13,0.06,0,0.04,0.24
1913,Ready 2 Rumble Boxing,PS,1998,Sports,Midway Games,0.6,0.41,0,0.07,1.08
6090,Romance of the Three Kingdoms III: Dragon of Destiny,SNES,1992,Strategy,Tecmo Koei,0,0,0.29,0,0.29
6226,Transformers: Cybertron Adventures,Wii,2010,Action,Activision,0.15,0.1,0,0.03,0.28
12613,Dragon Rage,PS2,2001,Shooter,3DO,0.03,0.02,0,0.01,0.06
16326,MXGP 2,PC,2016,Racing,Milestone S.r.l.,0,0.01,0,0,0.01
6732,Grandia,PS,1999,Role-Playing,Ubisoft,0.14,0.09,0,0.02,0.25
1324,Smarty Pants,Wii,2007,Misc,Electronic Arts,0.53,0.76,0,0.16,1.45
2129,Final Fantasy Type-0,PS4,2015,Role-Playing,Square Enix,0.37,0.32,0.15,0.14,0.97
5932,The Suite Life of Zack & Cody: Circle of Spies,DS,2007,Action,Disney Interactive Studios,0.17,0.09,0,0.03,0.3
6954,Madagascar: Escape 2 Africa,PS3,2008,Action,Activision,0.12,0.08,0,0.04,0.23
8387,World Tour Soccer 2006,PS2,2004,Sports,Sony Computer Entertainment,0.08,0.06,0,0.02,0.17
12345,Tom Clancy's Splinter Cell: Pandora Tomorrow,GBA,2004,Action,Ubisoft,0.05,0.02,0,0,0.06
9502,FIFA World Cup Germany 2006,GC,2006,Sports,Electronic Arts,0.1,0.03,0,0,0.13
5352,Style Lab: Jewelry Design,DS,2009,Simulation,Ubisoft,0.32,0,0,0.02,0.34
6733,TV Superstars,PS3,2010,Misc,Sony Computer Entertainment,0.07,0.13,0,0.05,0.25
800,Metal Gear Solid: Peace Walker,PSP,2010,Action,Konami Digital Entertainment,0.46,0.42,0.96,0.25,2.09
10443,Taiko no Tatsujin: V Version,PSV,2015,Action,Namco Bandai Games,0,0,0.1,0,0.1
11898,Grand Kingdom,PSV,2015,Role-Playing,Nippon Ichi Software,0.01,0.02,0.04,0.01,0.07
4969,Airlock,2600,1981,Action,Data Age,0.36,0.02,0,0,0.39
16585,Planet Monsters,GBA,2001,Action,Titus,0.01,0,0,0,0.01
5568,Discovery Kids: Puppy Playtime,DS,2009,Simulation,505 Games,0.3,0,0,0.02,0.33
134,Halo 3: ODST,X360,2009,Shooter,Microsoft Game Studios,4.34,1.35,0.06,0.61,6.36
15219,Genroh,PSP,2012,Action,Idea Factory,0,0,0.02,0,0.02
14664,Kidou Senshi V Gundam,SNES,1994,Action,Namco Bandai Games,0,0,0.03,0,0.03
9127,Project V6,PS,1998,Strategy,General Entertainment,0,0,0.13,0.01,0.14
15482,Sotsugyou II: Neo Generation Special,3DO,1995,Simulation,Imageworks,0,0,0.02,0,0.02
4224,Metal Gear Solid: The Twin Snakes,GC,2004,Action,Konami Digital Entertainment,0.3,0.08,0.07,0.01,0.47
12620,Archer Maclean Presents: Pool Paradise,PS2,2004,Sports,Ignition Entertainment,0.03,0.02,0,0.01,0.06
12884,Naval Ops: Commander,PS2,2004,Simulation,Tecmo Koei,0.03,0.02,0,0.01,0.05
11309,Wildlife Park 3,PC,2011,Simulation,bitComposer Games,0,0.07,0,0.02,0.08
8802,Major League Baseball 2K10,DS,2010,Sports,Take-Two Interactive,0.14,0,0,0.01,0.15
9550,Ty the Tasmanian Tiger 2: Bush Rescue,GBA,2004,Platform,Electronic Arts,0.09,0.03,0,0,0.13
2151,Dark Cloud 2,PS2,2002,Role-Playing,Sony Computer Entertainment,0.38,0.25,0.26,0.07,0.96
14153,Kekkaishi: Kokubourou no Kage,Wii,2007,Action,Namco Bandai Games,0,0,0.03,0,0.03
15402,Motocross Mania 3,XB,2005,Racing,Take-Two Interactive,0.01,0,0,0,0.02
4975,Harry Potter: Quidditch World Cup,GBA,2003,Sports,Electronic Arts,0.28,0.1,0,0.01,0.39
12241,Pro Yaky? Spirits 4,PS3,2007,Sports,Konami Digital Entertainment,0,0,0.07,0,0.07
12832,NHL Legacy,X360,2015,Action,Electronic Arts,0.05,0,0,0.01,0.05
6918,Shrek's Carnival Craze Party Games,DS,2008,Misc,Activision,0.22,0,0,0.02,0.24
8070,The Chronicles of Narnia: Prince Caspian,X360,2008,Action,Disney Interactive Studios,0.16,0.01,0,0.01,0.18
2126,Madden NFL 10,PS2,2009,Sports,Electronic Arts,0.88,0,0,0.1,0.98
2000,Dance Dance Revolution SuperNOVA,PS2,2006,Simulation,Konami Digital Entertainment,0.87,0.03,0,0.14,1.04
5485,Tak 2: The Staff of Dreams,GC,2004,Platform,THQ,0.26,0.07,0,0.01,0.33
6688,Fox Sports College Hoops '99,N64,1998,Sports,Fox Interactive,0.2,0.05,0,0,0.25
7400,Maximo vs Army of Zin,PS2,2003,Platform,Capcom,0.1,0.08,0,0.03,0.21
11670,PQ: Practical Intelligence Quotient,PSP,2005,Puzzle,D3Publisher,0.07,0,0,0.01,0.08
8238,Lost in Blue 3,DS,2007,Adventure,Konami Digital Entertainment,0.09,0.02,0.06,0.01,0.17
913,Yokai Watch,3DS,2013,Role-Playing,Nintendo,0.21,0.3,1.33,0.04,1.89
7552,Saturday Night Speedway,PS2,2004,Racing,Play It,0.1,0.08,0,0.03,0.2
11029,Jikkyou Powerful Pro Yakyuu 9 Ketteiban,PS2,2002,Sports,Konami Digital Entertainment,0,0,0.09,0,0.09
16372,Arabians Lost: The Engagement on Desert,PSP,2012,Adventure,Quinrose,0,0,0.01,0,0.01
14423,Bubble Bobble Evolution,PSP,2006,Puzzle,Rising Star Games,0.03,0,0,0,0.03
1142,NFL Street 2,PS2,2004,Sports,Electronic Arts,0.79,0.62,0,0.21,1.61
13732,GoGo's Crazy Bones,DS,2012,Action,GameMill Entertainment,0,0.04,0,0,0.04
5247,Boxer's Road,PS,1995,Fighting,New,0,0,0.33,0.02,0.36
11195,50 Cent: Bulletproof,PSP,2006,Action,Vivendi Games,0.08,0,0,0.01,0.09
4662,Fishing Resort,Wii,2011,Sports,Namco Bandai Games,0.16,0,0.25,0.01,0.42
2441,Castlevania III: Dracula's Curse,NES,1989,Platform,Konami Digital Entertainment,0.4,0.07,0.37,0.01,0.85
2283,LEGO Indiana Jones 2: The Adventure Continues,PS3,2009,Action,Activision,0.47,0.3,0,0.13,0.91
12943,King Arthur,XB,2004,Action,Konami Digital Entertainment,0.04,0.01,0,0,0.05
4266,Brothers In Arms: Road to Hill 30,PS2,2005,Shooter,Ubisoft,0.38,0.01,0,0.06,0.46
14396,Dr. Muto,GC,2002,Platform,Midway Games,0.02,0.01,0,0,0.03
16388,John Daly's ProStroke Golf,X360,2010,Sports,O-Games,0.01,0,0,0,0.01
2407,Guitar Hero: Warriors of Rock,X360,2010,Misc,Activision,0.47,0.32,0,0.08,0.87
3499,Parasite Eve II,PS,1999,Role-Playing,SquareSoft,0.32,0.22,0,0.04,0.58
10227,Rock Band: Metal Track Pack,Wii,2009,Misc,MTV Games,0.1,0,0,0.01,0.11
8519,World Stadium 4,PS,2000,Sports,Namco Bandai Games,0,0,0.15,0.01,0.16
1602,Tales of Xillia,PS3,2011,Role-Playing,Namco Bandai Games,0.29,0.19,0.67,0.09,1.24
13466,Mana Khemia: Alchemists of Al-Revis (JP sales),PS2,2007,Role-Playing,Nippon Ichi Software,0,0,0.04,0,0.04
14360,Chaos;Head - Love Chu*Chu!,X360,2010,Adventure,5pb,0,0,0.03,0,0.03
11728,My Fun Facts Coach,DS,2008,Misc,Ubisoft,0.07,0,0,0.01,0.08
10574,Doom 3,PC,2004,Shooter,Activision,0.05,0.04,0,0.01,0.1
12455,Champion Jockey: G1 Jockey & Gallop Racer,X360,2011,Sports,Tecmo Koei,0,0.05,0,0.01,0.06
6817,K-1 Revenge,PS,1997,Fighting,Xing Entertainment,0.04,0.03,0.16,0.02,0.24
354,Doom II: Hell on Earth,PC,1994,Shooter,Virgin Interactive,2.05,1.4,0,0.16,3.61
3497,Rooms: The Main Building,DS,2010,Adventure,Nintendo,0.1,0.41,0.01,0.06,0.58
9702,Homefront: The Revolution,XOne,2016,Shooter,Deep Silver,0.05,0.07,0,0.01,0.12
9465,Academy of Champions: Soccer,Wii,2009,Sports,Ubisoft,0.1,0.02,0,0.01,0.13
1564,Jillian Michaels' Fitness Ultimatum 2009,Wii,2008,Sports,Deep Silver,0.96,0.2,0,0.11,1.27
11168,Battle Fantasia,X360,2008,Fighting,505 Games,0.07,0,0.01,0.01,0.09
4849,Mother 3,GBA,2006,Role-Playing,Nintendo,0,0,0.39,0.01,0.4
6969,Hot Wheels: Beat That!,DS,2007,Racing,Activision,0.22,0,0,0.02,0.23
16596,Woody Woodpecker in Crazy Castle 5,GBA,2002,Platform,Kemco,0.01,0,0,0,0.01
13208,Spitfire Heroes: Tales of the Royal Air Force,DS,2008,Simulation,Destineer,0.05,0,0,0,0.05
9216,College Hoops 2K8,PS3,2007,Sports,Take-Two Interactive,0.13,0,0,0.01,0.14
13804,Thoroughbred Breeder II Plus,PS,1995,Simulation,Hect,0,0,0.04,0,0.04
201,Super Mario Bros.,GB,1999,Platform,Nintendo,3.4,1.3,0.15,0.22,5.07
10928,Trivial Pursuit unhinged,XB,2004,Misc,Atari,0.07,0.02,0,0,0.09
8564,NASCAR Heat 2002,GBA,2002,Racing,Infogrames,0.12,0.04,0,0,0.16
13438,Plants vs. Zombies: Garden Warfare 2,PC,2016,Shooter,Electronic Arts,0,0.04,0,0,0.05
559,Mario vs. Donkey Kong: Mini-Land Mayhem!,DS,2010,Puzzle,Nintendo,1.63,0.52,0.35,0.18,2.69
5890,Crazy Taxi: Catch a Ride,GBA,2003,Racing,THQ,0.21,0.08,0,0.01,0.3
8548,Shadow Man: 2econd Coming,PS2,2002,Adventure,Acclaim Entertainment,0.08,0.06,0,0.02,0.16
10274,GiFTPiA,GC,N/A,Role-Playing,Unknown,0,0,0.11,0,0.11
9365,Shiren the Wanderer 4 - God's Eye and the Demon's Navel,DS,2010,Role-Playing,Spike,0,0,0.13,0,0.13
11716,Medal of Honor: Underground,GBA,2002,Shooter,Zoo Digital Publishing,0.05,0.02,0,0,0.08
1336,Sonic Rivals,PSP,2006,Racing,Sega,0.73,0.42,0,0.28,1.44
6621,Star Wars The Clone Wars: Republic Heroes,PS2,2009,Action,LucasArts,0.17,0.01,0,0.08,0.25
2591,Band Hero,X360,2009,Misc,Activision,0.51,0.22,0,0.07,0.8
4968,Karaoke Revolution Presents American Idol Encore,PS2,2008,Misc,Konami Digital Entertainment,0.19,0.15,0,0.05,0.39
15810,Brave Story: Boku no Kioku to Negai,DS,2006,Role-Playing,Namco Bandai Games,0,0,0.02,0,0.02
8681,Birds of Steel,X360,2012,Simulation,Konami Digital Entertainment,0.11,0.04,0,0.01,0.16
1258,Red Faction II,PS2,2002,Shooter,THQ,0.49,0.78,0,0.23,1.5
8263,The Secret World,PC,2012,Role-Playing,Funcom,0.07,0.08,0,0.02,0.17
14289,Super Robot Taisen OG Saga: Masou Kishin III - Pride of Justice,PSV,2013,Strategy,Namco Bandai Games,0,0,0.03,0,0.03
11279,Pachitte Chonmage Tatsujin 13: Pachinko Hissatsu Shigotojin III,PS2,2007,Misc,Hackberry,0,0,0.08,0,0.08
9847,Super Robot Wars OG Saga: Masou Kishin - The Lord of Elemental,DS,2010,Strategy,Namco Bandai Games,0,0,0.12,0,0.12
3814,J-League Soccer: Prime Goal 2,SNES,1994,Sports,Namco Bandai Games,0,0,0.53,0,0.53
13378,Amnesia Later,PSP,2012,Misc,Idea Factory,0,0,0.05,0,0.05
2783,Tiger Woods PGA Tour 2001,PS2,2001,Sports,Electronic Arts,0.36,0.28,0,0.09,0.74
15424,Ro-Kyu-Bu! Lost Secret,PSP,2013,Adventure,Kadokawa Shoten,0,0,0.02,0,0.02
15317,Aquanaut's Holiday,PS,1995,Adventure,Sony Computer Entertainment,0.01,0.01,0,0,0.02
1114,Dragon Quest IV: Chapters of the Chosen,DS,2007,Role-Playing,Square Enix,0.32,0.02,1.27,0.03,1.64
15407,Strike Witches: Anata to Dekiru Koto - A Little Peaceful Days,PS2,2010,Action,Russel,0,0,0.02,0,0.02
15302,Mar Heaven: Karudea no Akuma,DS,2006,Role-Playing,Konami Digital Entertainment,0,0,0.02,0,0.02
15923,Elminage II DS Remix: Sousei no Megami to Unmai no Daichi,DS,2010,Role-Playing,Starfish,0,0,0.02,0,0.02
12925,Wakeboarding Unleashed Featuring Shaun Murray,XB,2003,Sports,Activision,0.04,0.01,0,0,0.05
14613,Medabots Girls Mission: Metabee Ver. / Rokusho Ver.,3DS,2016,Role-Playing,Rocket Company,0,0,0.03,0,0.03
3461,Tom Clancy's HAWX,X360,2009,Action,Ubisoft,0.31,0.19,0.02,0.06,0.58
13793,CSI: Fatal Conspiracy,PC,2010,Adventure,Ubisoft,0,0.03,0,0.01,0.04
10431,Top Spin,PS2,2005,Sports,Take-Two Interactive,0.05,0.04,0,0.01,0.1
16120,Games Around the World,DS,2010,Misc,Zoo Games,0.01,0,0,0,0.01
12133,Tropix,DS,2008,Puzzle,Capcom,0.06,0,0,0,0.07
14618,Nisekoi: Yomeiri!?,PSV,2014,Adventure,Konami Digital Entertainment,0,0,0.03,0,0.03
10389,Karaoke Revolution,PS3,2009,Misc,Konami Digital Entertainment,0.07,0.03,0,0.01,0.11
6300,The Evil Within,PC,2014,Action,Bethesda Softworks,0.09,0.16,0,0.02,0.27
13988,Chaos;Head Noah,X360,2009,Adventure,5pb,0,0,0.04,0,0.04
8514,The Legend of Heroes VII: The Trail of Zero,PSP,2010,Role-Playing,Falcom Corporation,0,0,0.16,0,0.16
6617,Spelling Challenges and more!,PSP,2007,Misc,Crave Entertainment,0.24,0,0,0.02,0.25
14335,Underground Pool,DS,2007,Sports,UFO Interactive,0.03,0,0,0,0.03
1400,Deus Ex: Human Revolution,X360,2011,Shooter,Square Enix,0.76,0.48,0.02,0.12,1.39
10490,Green Lantern: Rise of the Manhunters,Wii,2011,Action,Warner Bros. Interactive Entertainment,0.06,0.04,0,0.01,0.1
4751,Mortal Kombat: Deadly Alliance,GC,2002,Fighting,Midway Games,0.31,0.08,0,0.01,0.41
6127,Haven: Call of the King,PS2,N/A,Platform,Midway Games,0.14,0.11,0,0.04,0.28
7342,Big League Sports,X360,2011,Sports,Activision,0.18,0.02,0,0.01,0.21
4252,Dora The Explorer: Dora Saves the Snow Princess,DS,2008,Platform,Take-Two Interactive,0.27,0.16,0,0.04,0.46
14603,Gekido Advance: Kintaro's Revenge,GBA,2002,Action,Zoo Digital Publishing,0.02,0.01,0,0,0.03
5092,The Legend of Spyro: The Eternal Night,DS,2007,Platform,Vivendi Games,0.32,0.03,0,0.03,0.37
11357,Blades of Blood: Samurai Shodown III,PS,1995,Fighting,Sony Computer Entertainment,0.05,0.03,0,0.01,0.08
13667,GRID,PC,N/A,Racing,Codemasters,0,0.03,0,0.01,0.04
14945,Umineko no Naku Koro ni San: Shinjitsu to Gensou no Yasoukyoku,PS3,N/A,Adventure,N/A,0,0,0.02,0,0.02
6820,Spider-Man: Shattered Dimensions,Wii,2010,Action,Activision,0.13,0.09,0,0.02,0.24
120,Uncharted 2: Among Thieves,PS3,2009,Action,Sony Computer Entertainment,3.27,2.25,0.21,1,6.73
212,Madden NFL 06,PS2,2005,Sports,Electronic Arts,3.98,0.26,0.01,0.66,4.91
16278,Jan Sangoku Musou,PS2,2006,Misc,Tecmo Koei,0,0,0.01,0,0.01
11289,SafeCracker: The Ultimate Puzzle Adventure,Wii,2008,Puzzle,The Adventure Company,0.07,0.01,0,0.01,0.08
13188,BeatMania IIDX 4th Style: New Songs Collection,PS2,2001,Simulation,Konami Digital Entertainment,0,0,0.05,0,0.05
13244,Capcom vs. SNK: Millennium Fight 2000 Pro,DC,2001,Fighting,Capcom,0,0,0.05,0,0.05
1341,Kinect Joy Ride,X360,2010,Racing,Microsoft Game Studios,0.92,0.4,0,0.12,1.44
1414,LEGO Indiana Jones: The Original Adventures,PS2,2008,Action,LucasArts,0.6,0.01,0,0.76,1.37
6219,Kakyuusei,SAT,1997,Strategy,Elf,0,0,0.28,0,0.28
16143,BlazBlue: Calamity Trigger,PC,2010,Fighting,PQube,0,0.01,0,0,0.01
14644,Motor Trend presents Lotus Challenge,XB,2003,Racing,Xicat Interactive,0.02,0.01,0,0,0.03
3492,Tony Hawk's Pro Skater 4,GC,2002,Sports,Activision,0.45,0.12,0,0.02,0.58
7551,Ashes Cricket 2009,X360,2009,Sports,Codemasters,0,0.19,0,0.01,0.2
3061,Darkstone,PS,2001,Role-Playing,Electronic Arts,0.37,0.25,0,0.04,0.66
6881,Fantastic 4,GC,2005,Action,Activision,0.19,0.05,0,0.01,0.24
9026,Haunted House,Wii,2010,Action,Atari,0.13,0,0,0.01,0.14
4885,Juiced 2: Hot Import Nights,PS2,2007,Racing,THQ,0.19,0.15,0.01,0.05,0.39
4319,The Walking Dead: Season One,PS4,2014,Adventure,Telltale Games,0.12,0.25,0.01,0.08,0.45
12686,Harry Potter and the Sorcerer's Stone,PC,2001,Action,Electronic Arts,0.01,0.04,0,0.01,0.06
4297,Rayman Legends,X360,2013,Platform,Ubisoft,0.19,0.23,0,0.04,0.46
13803,Haneru no Tobira DS: Tanshuku Tetsudou no Yoru,DS,2007,Misc,Namco Bandai Games,0,0,0.04,0,0.04
290,Fallout: New Vegas,X360,2010,Role-Playing,Bethesda Softworks,2.65,1.06,0.04,0.33,4.08
15359,Daikaijuu Battle: Ultra Coliseum,Wii,2008,Fighting,Namco Bandai Games,0,0,0.02,0,0.02
9529,Alter Echo,PS2,2003,Shooter,THQ,0.06,0.05,0,0.02,0.13
16544,Battle Fantasia,PS3,2008,Fighting,505 Games,0,0,0.01,0,0.01
7434,Rumble Racing,PS2,2001,Racing,Electronic Arts,0.1,0.08,0,0.03,0.21
12937,Metal Fight Beyblade: Bakugami Susanoh Shuurai!,DS,2010,Action,Hudson Soft,0,0,0.05,0,0.05
13573,Strike Force Bowling,XB,2004,Sports,Crave Entertainment,0.03,0.01,0,0,0.04
14424,Codename: Panzers Cold War,PC,2009,Strategy,Atari,0,0.02,0,0.01,0.03
6689,Wheel of Fortune,N64,1997,Misc,Take-Two Interactive,0.2,0.05,0,0,0.25
8297,Finding Nemo: Escape to the Big Blue,DS,2006,Action,THQ,0.12,0.04,0,0.01,0.17
11611,Imagine: My Restaurant,DS,2009,Simulation,Ubisoft,0,0.07,0,0.01,0.08
9602,Ice Age: Dawn of the Dinosaurs,X360,2009,Action,Activision,0.09,0.03,0,0.01,0.13
8805,Family Party: Fitness Fun,Wii,2010,Sports,D3Publisher,0.14,0,0,0.01,0.15
13003,Pinball Hall of Fame: The Gottlieb Collection,GC,2005,Misc,Crave Entertainment,0.04,0.01,0,0,0.05
3421,Tales of Zestiria,PS3,2015,Role-Playing,Namco Bandai Games,0.05,0.09,0.42,0.03,0.59
12597,Sacred 3,X360,2014,Role-Playing,Deep Silver,0.03,0.03,0,0.01,0.06
15543,The Crow: City of Angels,PS,1997,Action,Acclaim Entertainment,0.01,0.01,0,0,0.02
12701,Animorphs: Shattered Reality,PS,2000,Action,Infogrames,0.03,0.02,0,0,0.06
14381,To LoveRu Trouble: Waku Waku! Rinkangakkou-Hen,DS,2008,Adventure,Marvelous Interactive,0,0,0.03,0,0.03
14164,Zoo Tycoon,PC,2001,Strategy,Microsoft Game Studios,0,0.03,0,0.01,0.03
4595,All-Star Baseball 2004,PS2,2003,Sports,Acclaim Entertainment,0.21,0.16,0,0.05,0.42
2533,Dragon Warrior III,GB,2000,Role-Playing,Enix Corporation,0,0,0.81,0,0.81
2280,Tom Clancy's EndWar,X360,2008,Strategy,Ubisoft,0.58,0.24,0.01,0.09,0.91
2473,Borderlands: The Handsome Collection,PS4,2015,Shooter,Take-Two Interactive,0.36,0.32,0.03,0.14,0.84
15096,Toxic Grind,XB,2002,Sports,THQ,0.02,0,0,0,0.02
1322,Anno 2070,PC,2011,Strategy,Ubisoft,0,1.13,0,0.32,1.45
4550,Microsoft Flight Simulator X,PC,2006,Simulation,Microsoft Game Studios,0.02,0.34,0,0.07,0.43
7160,Whirl Tour,PS2,2002,Sports,Crave Entertainment,0.11,0.09,0,0.03,0.22
9674,Capcom vs. SNK 2: Millionaire Fighting 2001,DC,2001,Fighting,Capcom,0,0,0.12,0,0.12
1532,Need for Speed: Most Wanted,X360,2005,Racing,Electronic Arts,1,0.17,0.02,0.1,1.29
13817,Cyber Troopers Virtual-On Marz,PS2,2003,Fighting,Sega,0.02,0.01,0,0,0.04
1310,Mario Superstar Baseball,GC,2005,Sports,Nintendo,0.93,0.24,0.25,0.04,1.46
13791,Star Ocean 5: Integrity and Faithlessness,PS3,2016,Role-Playing,Square Enix,0,0,0.04,0,0.04
13978,Norn9: Norn + Nonette,PSP,2013,Adventure,Idea Factory,0,0,0.04,0,0.04
9144,Kidou Senshi Gundam: Shin Gihren no Yabou,PSP,2011,Strategy,Namco Bandai Games,0,0,0.14,0,0.14
9838,Mahou Shoujo Lyrical Nanoha A's Portable: The Gears of Destiny,PSP,2011,Fighting,Namco Bandai Games,0,0,0.12,0,0.12
8870,Petz: Dogz Talent Show,DS,2009,Simulation,Ubisoft,0.14,0,0,0.01,0.15
4285,Skylanders: SuperChargers,X360,2015,Action,Activision,0.24,0.18,0,0.04,0.46
3044,WWE SmackDown vs. RAW 2007,PSP,2006,Fighting,THQ,0.33,0.2,0,0.14,0.67
2021,Donkey Kong Land III,GB,N/A,Platform,Nintendo,0.68,0.31,0,0.04,1.03
5663,Mirror's Edge Catalyst,PS4,2016,Platform,Electronic Arts,0.1,0.14,0.02,0.06,0.32
363,Tomb Raider III: Adventures of Lara Croft,PS,1997,Action,Eidos Interactive,1.66,1.58,0.12,0.18,3.54
5978,The Amazing Spider-Man 2 (2014),PS3,2014,Action,Activision,0.06,0.16,0.02,0.05,0.29
6359,MotoGP,PS2,2000,Racing,Namco Bandai Games,0.06,0.05,0.14,0.02,0.27
3845,Ready 2 Rumble Boxing: Round 2,PS,2000,Fighting,Midway Games,0.29,0.2,0,0.03,0.52
8348,Gundam Assault Survive,PSP,2010,Action,Namco Bandai Games,0,0,0.17,0,0.17
1099,Dying Light,PS4,2015,Action,Warner Bros. Interactive Entertainment,0.63,0.66,0.11,0.26,1.66
9403,Fatal Inertia,X360,2007,Racing,Tecmo Koei,0.12,0,0,0.01,0.13
4039,The Sims,GC,2003,Simulation,Electronic Arts,0.35,0.13,0,0.01,0.49
12930,Samurai Champloo: Sidetracked,PS2,2006,Action,Namco Bandai Games,0.03,0.02,0,0.01,0.05
3098,Kung Fu Panda,PS2,2008,Action,Activision,0.24,0,0,0.41,0.65
14825,Backyard NFL Football,Wii,2007,Sports,Atari,0.02,0,0,0,0.03
15248,Jewel Master: Cradle Of Rome 2,DS,2011,Puzzle,Rising Star Games,0,0.02,0,0,0.02
16079,Fab 5 Soccer,DS,2008,Sports,Destineer,0.01,0,0,0,0.01
11838,Harukanaru Toki no Naka de 4,PS2,2008,Adventure,Tecmo Koei,0,0,0.07,0,0.07
12083,Hikaru no Go: Heian Gensou Ibunroku,PS,2002,Adventure,Konami Digital Entertainment,0,0,0.06,0,0.07
5151,Build-A-Bear Workshop: A Friend Fur All Seasons,Wii,2008,Simulation,Game Factory,0.34,0,0,0.03,0.37
14874,Starry ? Sky: In Autumn,PSP,2010,Misc,Asgard,0,0,0.03,0,0.03
15868,PDC World Championship Darts 2008,DS,N/A,Sports,Unknown,0.01,0,0,0,0.02
11680,The Lord of the Rings: The Battle for Middle-Earth,PC,2004,Strategy,Electronic Arts,0.01,0.06,0,0.01,0.08
1242,Pac-Man World 2,PS2,2002,Action,Namco Bandai Games,1.26,0.05,0,0.21,1.51
12240,Port Royale 3,X360,N/A,Simulation,Kalypso Media,0.06,0,0,0,0.07
1144,Baseball,GB,1989,Sports,Nintendo,0.66,0.27,0.65,0.03,1.61
14980,TV Anime Idolm@ster: Cinderella Girls G4U! Pack Vol.6,PS3,2015,Adventure,Namco Bandai Games,0,0,0.02,0,0.02
9573,Disney's Winnie the Pooh's Rumbly Tumbly Adventure,PS2,2005,Platform,Ubisoft,0.06,0.05,0,0.02,0.13
10759,Shadow Tower,PS,1998,Role-Playing,From Software,0.01,0.01,0.07,0.01,0.1
1883,Madden NFL 2004,XB,2003,Sports,Electronic Arts,1.02,0.02,0,0.05,1.09
12171,Rapala Pro Bass Fishing 2010,PSP,2010,Sports,Activision,0.06,0,0,0.01,0.07
1130,Tiger Woods PGA Tour 2004,PS2,2003,Sports,Electronic Arts,1.18,0.34,0,0.1,1.63
15675,NBA 07,PS2,2006,Sports,Sony Computer Entertainment,0.01,0.01,0,0,0.02
10508,Astro Boy: The Video Game,DS,2009,Action,D3Publisher,0.09,0,0,0.01,0.1
8707,Ultimate Spider-Man,DS,2005,Action,Activision,0.14,0,0,0.01,0.16
12205,TRON: Evolution,PC,2010,Action,Disney Interactive Studios,0.06,0,0,0,0.07
6283,NHL Hitz 20-02,XB,2001,Sports,Midway Games,0.2,0.06,0,0.01,0.27
15308,Rugby League Team Manager 2015,PC,2015,Action,Alternative Software,0,0.02,0,0,0.02
11249,Monster House,GBA,2006,Adventure,THQ,0.06,0.02,0,0,0.09
10862,Chess,PS,2001,Strategy,Success,0.05,0.04,0,0.01,0.09
11520,Goblin Commander: Unleash the Horde,XB,2003,Strategy,Jaleco,0.06,0.02,0,0,0.08
699,Pro Evolution Soccer 2010,PS3,2009,Sports,Konami Digital Entertainment,0.3,1.27,0.46,0.26,2.28
2887,Blast Corps,N64,1997,Action,Nintendo,0.39,0.09,0.17,0.06,0.71
3276,Fighters MEGAMiX,SAT,1996,Fighting,Sega,0,0,0.62,0,0.62
5323,MotoGP 08,X360,2008,Racing,Capcom,0.11,0.2,0,0.04,0.35
7383,Naruto: Clash of Ninja (JP sales),GC,2003,Fighting,Tomy Corporation,0,0,0.21,0.01,0.21
982,High School Musical: Sing It!,Wii,2007,Misc,Disney Interactive Studios,1.16,0.45,0,0.16,1.77
12900,Samantha Swift and the Hidden Roses of Athena,DS,2010,Adventure,Unknown,0.04,0.01,0,0,0.05
14881,Judge Dredd: Dredd Vs Death,PS2,2003,Shooter,BAM! Entertainment,0.01,0.01,0,0,0.03
10685,Exhibition Volume 03,XB,2003,Misc,Microsoft Game Studios,0.07,0.02,0,0,0.1
2910,The Sims 2: Apartment Pets,DS,2008,Simulation,Electronic Arts,0.32,0.31,0,0.07,0.7
10131,Sabrina The Teenage Witch: Potion Commotion,GBA,2002,Action,Ubisoft,0.08,0.03,0,0,0.11
7550,State of Decay,XOne,2015,Strategy,Microsoft Game Studios,0.14,0.05,0,0.02,0.2
7499,Attack on Titan (KOEI),PS4,2016,Action,Tecmo Koei,0.02,0.06,0.11,0.02,0.2
7211,Jackass the Game,PSP,2007,Action,Empire Interactive,0.09,0.08,0,0.05,0.22
14582,Bladestorm: Nightmare,PS3,2015,Action,Tecmo Koei,0,0,0.03,0,0.03
8700,Darksiders II,PC,2012,Action,Nordic Games,0.03,0.1,0,0.03,0.16
5540,Power Rangers: Ninja Storm,GBA,2003,Misc,THQ,0.24,0.09,0,0.01,0.33
13363,Shin Hayarigami,PSV,2014,Adventure,Nippon Ichi Software,0,0,0.05,0,0.05
1378,Gran Turismo 4 Prologue,PS2,2003,Racing,Sony Computer Entertainment,0,0.47,0.77,0.17,1.41
9407,The Flintstones: Bedrock Bowling,PS,2000,Sports,Ubisoft,0.07,0.05,0,0.01,0.13
2602,Guitar Hero: Aerosmith,PS2,2008,Misc,Activision,0.61,0,0,0.18,0.79
10436,Kamen Rider: Battride War II,PS3,2014,Action,Namco Bandai Games,0,0,0.1,0,0.1
52,Grand Theft Auto IV,X360,2008,Action,Take-Two Interactive,6.76,3.1,0.14,1.03,11.02
8769,Kingdom Under Fire: Heroes,XB,2005,Strategy,Deep Silver,0.11,0.03,0,0.01,0.15
1773,Derby Stallion III,SNES,1995,Sports,ASCII Entertainment,0,0,1.15,0,1.15
15082,Treasure Chase,DS,2011,Puzzle,Storm City Games,0.02,0,0,0,0.02
7489,Bugs Bunny & Taz: Time Busters,PS,2000,Adventure,Infogrames,0.11,0.08,0,0.01,0.21
8223,Jikkyou Powerful Pro Baseball 2016,PSV,2016,Sports,Konami Digital Entertainment,0,0,0.17,0,0.17
11287,RockMan EXE 4.5 Real Operation,GBA,2004,Role-Playing,Capcom,0,0,0.08,0,0.08
11681,The Legend of Kage 2,DS,2008,Action,Square Enix,0.07,0,0,0,0.08
1145,Yu-Gi-Oh! Duel Monsters,GB,1998,Strategy,Konami Digital Entertainment,0,0,1.61,0.01,1.61
15588,Densha de Go! Tokubetsu-hen: Fukkatsu Shouwa no Yamatesen,DS,2010,Simulation,Square Enix,0,0,0.02,0,0.02
4504,Flight Control Rocket,GBA,2005,Simulation,THQ,0.31,0.12,0,0.01,0.43
12094,Moshi Monsters: Katsuma Unleashed,3DS,2013,Action,Activision,0.03,0.04,0,0,0.07
1244,Sonic & Sega All-Stars Racing,Wii,2010,Racing,Sega,0.65,0.71,0,0.15,1.51
11292,Sega GT Online,XB,2003,Racing,Sega,0.06,0.02,0,0,0.08
15694,Prince of Stride,PSV,2015,Adventure,Kadokawa Games,0,0,0.02,0,0.02
14634,The Great Mystery Hidden Object Package 5,PC,2015,Adventure,Rondomedia,0,0.03,0,0,0.03
2275,Homefront,PS3,2011,Shooter,THQ,0.32,0.4,0.04,0.15,0.91
13912,LEGO Jurassic World,PC,2015,Action,Warner Bros. Interactive Entertainment,0,0.04,0,0,0.04
5347,Just Dance 2016,PS4,2015,Misc,Ubisoft,0.16,0.13,0,0.06,0.35
11763,Again,DS,2009,Adventure,Ackkstudios,0.07,0,0,0,0.07
1160,ESPN NBA 2K5,PS2,2004,Sports,Global Star,1.26,0.12,0,0.21,1.59
16180,Rail Simulator,PC,2007,Simulation,Electronic Arts,0,0.01,0,0,0.01
9205,Rango: The Video Game,Wii,2011,Action,Electronic Arts,0.08,0.04,0,0.01,0.14
8174,Tales of the Tempest,DS,2006,Role-Playing,Namco Bandai Games,0,0,0.18,0,0.18
15116,Namco Museum Battle Collection (JP sales),PSP,2005,Misc,Sony Computer Entertainment,0,0,0.02,0,0.02
1182,Pro Evolution Soccer 2010,PS2,2009,Sports,Konami Digital Entertainment,0.1,0.18,0.12,1.16,1.57
651,Need for Speed (2015),PS4,2015,Racing,Electronic Arts,0.49,1.49,0.05,0.36,2.39
714,Resident Evil 4,Wii,2007,Action,Capcom,1.34,0.57,0.14,0.21,2.26
9877,Disney's Extreme Skate Adventure,GC,2003,Sports,Activision,0.09,0.02,0,0,0.12
7408,Valkyria Chronicles III: Unrecorded Chronicles,PSP,N/A,Strategy,Sega,0,0,0.21,0,0.21
3150,Rayman 3D,3DS,2011,Platform,Ubisoft,0.23,0.35,0,0.06,0.64
1196,Mafia II,X360,2010,Action,Take-Two Interactive,0.84,0.56,0,0.15,1.55
5706,MonHun Nikki: Poka Poka Ailu Mura G,PSP,2011,Role-Playing,Capcom,0,0,0.31,0,0.31
2377,Spec Ops: Ranger Elite,PS,2001,Shooter,TalonSoft,0.49,0.33,0,0.06,0.87
4290,Bloody Roar II,PS,1999,Fighting,Virgin Interactive,0.25,0.17,0,0.03,0.46
10935,Star Wars: Empire at War - Gold Pack,PC,2007,Strategy,LucasArts,0.01,0.06,0,0.01,0.09
5337,EverGrace,PS2,2000,Role-Playing,Ubisoft,0.1,0.08,0.15,0.03,0.35
13041,Starry ? Sky: In Spring,PSP,2010,Misc,Asgard,0,0,0.05,0,0.05
6064,Lightning Returns: Final Fantasy XIII,X360,2013,Role-Playing,Square Enix,0.15,0.1,0.01,0.02,0.29
9185,Lips: I Love The 80s,X360,2010,Misc,Microsoft Game Studios,0,0.12,0,0.02,0.14
15568,Pirates of the Burning Sea,PC,2008,Role-Playing,Koch Media,0,0.01,0,0,0.02
15466,Hana to Otome ni Shukufuku o: Harekaze no Okurimono,PS2,2010,Adventure,Alchemist,0,0,0.02,0,0.02
12107,Monster High: New Ghoul in School,PS3,2015,Action,Little Orbit,0,0.06,0,0.01,0.07
15013,Serious Sam HD: Gold Edition,X360,2011,Shooter,Mastertronic,0,0.02,0,0,0.02
10308,Murdered: Soul Suspect,X360,2014,Action,Square Enix,0.06,0.04,0,0.01,0.11
9082,Yogi Bear: The Video Game,DS,2010,Action,D3Publisher,0.1,0.03,0,0.01,0.14
1285,Fight Night 2004,PS2,2004,Fighting,Electronic Arts,1.08,0.2,0,0.2,1.48
4405,Scooby-Doo! Mystery Mayhem,PS2,2004,Action,THQ,0.22,0.17,0,0.06,0.45
5279,Sentouchu: Densetsu no Shinobi to Survival Battle!,3DS,2013,Action,Namco Bandai Games,0,0,0.35,0,0.35
6531,Dora the Explorer: The Search for Pirate Pig's Treasure,GBA,2002,Adventure,NewKidCo,0.19,0.07,0,0,0.26
9902,Assassin's Creed Chronicles,PSV,2016,Action,Ubisoft,0.02,0.06,0.01,0.02,0.12
1751,NASCAR Thunder 2002,PS2,2001,Racing,Electronic Arts,0.57,0.44,0,0.15,1.16
6829,Bass Pro Shops: The Hunt,Wii,2010,Sports,XS Games,0.23,0,0,0.02,0.24
7905,The Legend of Spyro: A New Beginning,GC,2006,Platform,Vivendi Games,0.15,0.04,0,0.01,0.19
10220,Nuclear Strike 64,N64,1999,Simulation,THQ,0.09,0.02,0,0,0.11
15698,Dungeons - The Dark Lord,PC,2011,Strategy,Kalypso Media,0,0.01,0,0,0.02
15483,"Transformers: Revenge of the Fallen (XBox 360, PS3, & PC Versions)",PC,2009,Shooter,Activision,0.02,0,0,0,0.02
12102,GRID 2,PC,2013,Racing,Codemasters,0,0.06,0,0.01,0.07
10587,Disney's The Haunted Mansion,GC,2003,Platform,Take-Two Interactive,0.08,0.02,0,0,0.1
6836,Street Fighter X Tekken,PSV,2012,Fighting,Capcom,0.14,0.05,0.01,0.04,0.24
12548,Rapala Pro Fishing,GBA,2004,Sports,Zoo Digital Publishing,0.04,0.02,0,0,0.06
15457,Vietcong,PC,2003,Shooter,Gathering of Developers,0,0.02,0,0,0.02
1442,FIFA Soccer 08,PSP,2007,Sports,Electronic Arts,0.2,0.76,0,0.39,1.35
3604,Dr. Seuss' The Cat in the Hat,PS2,2003,Misc,Vivendi Games,0.27,0.21,0,0.07,0.56
14570,Oumagatoki: Kaidan Romance,PSP,2012,Action,Quinrose,0,0,0.03,0,0.03
4162,Super Puyo Puyo 2,SNES,1995,Puzzle,Compile,0,0,0.47,0,0.47
11075,Mugen Keitai Disgaea,PS2,2007,Role-Playing,Tecmo Koei,0,0,0.09,0,0.09
13621,Platinum Sudoku,DS,2007,Puzzle,Ubisoft,0.03,0.01,0,0,0.04
8634,Dengeki Bunko Fighting Climax,PS3,2014,Fighting,Sega,0.05,0,0.09,0.01,0.16
16506,Shinigami to Shoujo,PSP,2011,Adventure,Takuyo,0,0,0.01,0,0.01
10228,Pac-Man and the Ghostly Adventures 2,PS3,2014,Adventure,Namco Bandai Games,0.05,0.04,0,0.02,0.11
12876,McDROID,PSP,2011,Strategy,Namco Bandai Games,0,0,0.05,0,0.05
12950,Arcania: Gothic 4,PS4,2015,Role-Playing,Nordic Games,0.04,0,0,0.01,0.05
15322,Wakeboarding Unleashed Featuring Shaun Murray,GBA,2003,Sports,Aspyr,0.01,0.01,0,0,0.02
2613,Star Ocean: The Last Hope,X360,2009,Role-Playing,Square Enix,0.32,0.2,0.21,0.06,0.79
14712,X3: Terran Conflict,PC,2008,Simulation,Deep Silver,0,0.02,0,0.01,0.03
15362,Minna de Dokusho: Keatai Shousetsu Desu,PSP,2008,Misc,Dorart,0,0,0.02,0,0.02
2826,XCOM: Enemy Unknown,PC,2012,Strategy,Take-Two Interactive,0.26,0.36,0,0.1,0.72
1074,Star Wars Battlefront: Renegade Squadron,PSP,2007,Shooter,LucasArts,0.9,0.47,0,0.32,1.68
13289,The Sims,PC,2000,Simulation,Electronic Arts,0.01,0.03,0,0.01,0.05
9757,Red Faction II,XB,2003,Shooter,THQ,0.09,0.03,0,0,0.12
14758,DiRT Rally,PC,2016,Racing,Codemasters,0,0.03,0,0,0.03
10510,Beyond Good & Evil,XB,2003,Adventure,Ubisoft,0.08,0.02,0,0,0.1
7148,64 de Hakken! Tamagotchi Minna de Tamagotchi World,N64,1997,Misc,Namco Bandai Games,0,0,0.22,0,0.22
14015,Clock Zero: Shuuen no Ichibyou Portable,PSP,2011,Adventure,Idea Factory,0,0,0.04,0,0.04
2566,Who wants to be a millionaire,PS,2000,Misc,Eidos Interactive,0.45,0.3,0,0.05,0.8
7926,Pro Yaky? Spirits 4,PS2,2007,Sports,Konami Digital Entertainment,0,0,0.19,0,0.19
3262,FIFA Soccer,PSV,2012,Sports,Electronic Arts,0.17,0.34,0.02,0.09,0.62
2469,Street Fighter X Tekken,PS3,2012,Fighting,Capcom,0.42,0.22,0.1,0.1,0.84
1593,Pokemon XD: Gale of Darkness,GC,2005,Role-Playing,Nintendo,0.71,0.19,0.31,0.03,1.25
2225,Tony Hawk's Pro Skater 4,XB,2002,Sports,Activision,0.59,0.3,0,0.04,0.93
11449,The Italian Job,XB,2003,Racing,Eidos Interactive,0.06,0.02,0,0,0.08
7700,Shiren the Wanderer,Wii,2008,Role-Playing,Sega,0.08,0,0.11,0.01,0.2
14941,Stake: Fortune Fighters,XB,2003,Fighting,Metro 3D,0.02,0.01,0,0,0.02
10931,The Revenge of Shinobi,GBA,2002,Platform,Atari,0.07,0.02,0,0,0.09
11253,Guilty Gear XX Accent Core Plus,PSP,2008,Fighting,PQube,0.03,0.01,0.04,0.01,0.08
4710,BlazBlue: Continuum Shift,PS3,2010,Fighting,PQube,0.21,0.08,0.09,0.04,0.41
12317,Sunrise Eiyuutan R,PS2,2000,Role-Playing,Sunrise Interactive,0,0,0.06,0,0.06
12236,Lego Star Wars: The Force Awakens,3DS,2016,Action,Warner Bros. Interactive Entertainment,0.02,0.04,0,0,0.07
9799,The Legend of Heroes: Trails of Cold Steel II,PS3,2014,Role-Playing,Nippon Ichi Software,0.01,0,0.11,0,0.12
9807,McDROID,Wii,2011,Strategy,Namco Bandai Games,0,0,0.12,0,0.12
16399,San-X: Chara Sagashi Land,DS,2007,Action,MTO,0,0,0.01,0,0.01
6277,Dynasty Warriors,PS,1997,Action,Tecmo Koei,0.09,0.06,0.11,0.02,0.27
2664,Caesars Palace 2000: Millennium Gold Edition,PS,2000,Misc,Interplay,0.43,0.29,0,0.05,0.77
13493,Sekai no Gohan Shaberu! DS Oryouri Navi,DS,2008,Misc,Nintendo,0,0,0.04,0,0.04
13593,No Rules: Get Phat,GBA,2001,Action,TDK Mediactive,0.03,0.01,0,0,0.04
1860,The Final Fantasy Legend,GB,1989,Role-Playing,SquareSoft,0,0,1.1,0,1.1
15323,The Testament of Sherlock Holmes,X360,2012,Adventure,Focus Home Interactive,0,0.02,0,0,0.02
9101,Gretzky NHL 06,PSP,2005,Sports,Sony Computer Entertainment,0.13,0,0,0.01,0.14
