Rank,Name,Platform,Year,Genre,Publisher,NA_Sales,EU_Sales,JP_Sales,Other_Sales,Global_Sales
14027,Negima!? 3-Jikanme ~Koi to Mahou to Sekaiju Densetsu~,PS2,2006,Adventure,Konami Digital Entertainment,0,0,0.04,0,0.04
1355,Dragon Quest VII: Warriors of Eden,3DS,2013,Role-Playing,Square Enix,0.07,0.04,1.3,0.01,1.42
6133,Netsu Chu! Pro Yakyuu 2003,PS2,2003,Sports,Namco Bandai Games,0,0,0.28,0,0.28
11857,Digimon World Championship,DS,2008,Role-Playing,Namco Bandai Games,0,0,0.07,0,0.07
3046,Adventures of Tron,2600,1981,Action,Mattel Interactive,0.63,0.03,0,0.01,0.67
16475,Azure Striker Gunvolt: Striker Pack,3DS,2016,Action,Inti Creates,0,0,0.01,0,0.01
14518,Nectaris: Military Madness,PS,1998,Strategy,Hudson Soft,0.02,0.01,0,0,0.03
15150,Fritz Chess,Wii,2009,Strategy,Deep Silver,0.02,0.01,0,0,0.02
13117,Fighter Destiny 2,N64,1999,Fighting,Imagineer,0.04,0.01,0,0,0.05
15573,New Atelier Rorona: Hajimari no Monogatari,3DS,2015,Action,Tecmo Koei,0,0,0.02,0,0.02
3897,Jam With the Band,DS,2008,Misc,Nintendo,0,0,0.51,0,0.51
8832,Suzumiya Haruhi no Yakusoku,PSP,2007,Adventure,Namco Bandai Games,0,0,0.15,0,0.15
455,The Legend of Zelda: A Link Between Worlds,3DS,2013,Action,Nintendo,1.4,0.99,0.46,0.22,3.07
12328,Legend of Kay,PS4,2015,Action,Nordic Games,0.02,0.03,0,0.01,0.06
10399,Jikkyou Powerful Pro Yakyuu 13 Ketteiban,PS2,2006,Sports,Konami Digital Entertainment,0,0,0.11,0,0.11
16468,Help Wanted: 50 Wacky Jobs (jp sales),Wii,2008,Simulation,Hudson Soft,0,0.01,0.01,0,0.01
11052,Batman Beyond: Return of the Joker,N64,2000,Action,Ubisoft,0.07,0.02,0,0,0.09
819,The Incredibles,GBA,2004,Action,THQ,1.15,0.77,0.04,0.1,2.06
8814,Prince of Persia: The Sands of Time,GBA,2003,Action,Ubisoft,0.11,0.04,0,0,0.15
4052,J-League Pro Soccer Club wo Tsukurou! 2,SAT,1997,Sports,Sega,0,0,0.49,0,0.49
15728,Disciples III: Renaissance,PC,2010,Strategy,Kalypso Media,0,0.01,0,0,0.02
875,Grand Theft Auto: San Andreas,XB,2005,Action,Take-Two Interactive,1.26,0.61,0,0.09,1.95
10588,Tatsunoko vs. Capcom: Cross Generation of Heroes,Wii,2008,Fighting,Capcom,0,0,0.1,0,0.1
2065,Jissen Pachi-Slot Hisshouhou: Hokuto no Ken,PS2,2004,Misc,Sammy Corporation,0,0,1,0,1
8690,NHL 2005,XB,2004,Sports,Electronic Arts,0.12,0.03,0,0.01,0.16
16552,E.T. The Extra-Terrestrial,GBA,2001,Action,NewKidCo,0.01,0,0,0,0.01
10932,Bloody Roar 4,PS2,2003,Fighting,Konami Digital Entertainment,0.05,0.04,0,0.01,0.09
1176,Guitar Hero 5,Wii,2009,Misc,Activision,0.94,0.49,0,0.15,1.58
10792,Jikkyou Powerful Pro Yakyuu 11,GC,2004,Sports,Konami Digital Entertainment,0,0,0.09,0,0.1
13193,MTX Mototrax,PSP,2006,Racing,Activision,0.04,0,0,0,0.05
9850,Crash Superpack: Crash Bandicoot 2: N-Tranced / Crash Nitro Kart,GBA,2005,Misc,Vivendi Games,0.09,0.03,0,0,0.12
6778,Transformers: War for Cybertron (DS Version),DS,2010,Shooter,Activision,0.22,0.01,0,0.02,0.24
16035,Shinobi Koutsutsu,PSP,2014,Adventure,Idea Factory,0,0,0.01,0,0.01
7811,IHRA Professional Drag Racing 2005,PS2,2004,Racing,Bethesda Softworks,0.09,0.07,0,0.02,0.19
13582,Saint Seiya: The Hades,PS2,2006,Fighting,Namco Bandai Games,0,0,0.04,0,0.04
2196,Killzone,PS2,2004,Shooter,Sony Computer Entertainment,0.79,0.03,0,0.13,0.94
12448,Imagine: Cheerleader,DS,2009,Simulation,Ubisoft,0.06,0,0,0,0.06
12214,National Geographic Challenge!,X360,N/A,Misc,Unknown,0.06,0,0,0,0.07
16122,Hitotsu Tobashi Renai V,PSV,2015,Adventure,Kaga Create,0,0,0.01,0,0.01
9747,WWE SmackDown vs Raw 2008,DS,2007,Fighting,THQ,0.11,0.01,0,0.01,0.12
9165,Monster House,GC,2006,Adventure,THQ,0.11,0.03,0,0,0.14
5108,Hell's Kitchen: The Game,DS,2008,Simulation,Ubisoft,0.34,0.01,0,0.03,0.37
9210,NCIS,X360,2011,Adventure,Ubisoft,0.1,0.03,0,0.01,0.14
2291,Super Momotarou Dentetsu III,SNES,1994,Simulation,Hudson Soft,0,0,0.91,0,0.91
5342,Disney Fairies: Tinker Bell and the Great Fairy Rescue,DS,2010,Adventure,Disney Interactive Studios,0.18,0.14,0,0.03,0.35
10907,Shockwave Assault,PS,1995,Simulation,Electronic Arts,0.05,0.04,0,0.01,0.09
12104,Sudoku Fever,GBA,2006,Puzzle,Take-Two Interactive,0.05,0.02,0,0,0.07
3446,Diablo,PS,1997,Role-Playing,Electronic Arts,0.29,0.19,0.07,0.04,0.58
5633,Rayman 2: The Great Escape,PS,2000,Platform,Ubisoft,0.18,0.12,0,0.02,0.32
16406,Ratchet & Clank: Full Frontal Assault,PSV,2012,Adventure,Sony Computer Entertainment,0.01,0,0,0,0.01
13960,Pia Carrot e Youkoso!! 2.5,DC,2008,Adventure,NEC Interchannel,0,0,0.04,0,0.04
5973,Soul Sacrifice Delta,PSV,2014,Action,Sony Computer Entertainment,0.01,0.12,0.12,0.04,0.29
16137,Kikiite Hajimaru: Eigo Kaiwa Training - KikiTore,DS,2008,Misc,Benesse,0,0,0.01,0,0.01
15734,Nano Diver,PSP,2011,Action,Takara Tomy,0,0,0.02,0,0.02
3178,NBA Live 08,PS3,2007,Sports,Electronic Arts,0.56,0.02,0.01,0.05,0.64
13754,Winning Post 7 2012,PSP,2012,Sports,Ackkstudios,0,0,0.04,0,0.04
9312,Disney's Cinderella: Magical Dreams,GBA,N/A,Platform,Disney Interactive Studios,0.1,0.04,0,0,0.14
15035,Kung Fu Panda,PC,2008,Action,Activision,0,0.02,0,0,0.02
7426,Angel Blade: Neo Tokyo Guardians,PS,1997,Role-Playing,On Demand,0.12,0.08,0,0.01,0.21
14573,Kung Fu Panda: Legendary Warriors,DS,2008,Action,Activision,0.02,0,0,0,0.03
15056,Board Game: Top Shop,PS,1999,Misc,Success,0.01,0.01,0,0,0.02
5389,Dynasty Warriors 6 Empires,PS3,2009,Action,Tecmo Koei,0.14,0.03,0.15,0.02,0.34
4958,Madden NFL Football,3DS,2011,Sports,Electronic Arts,0.36,0.01,0,0.03,0.39
4899,Naruto: Clash of Ninja Revolution 2,Wii,2008,Fighting,Tomy Corporation,0.34,0.02,0,0.03,0.39
9598,The Sky Crawlers: Innocent Aces,Wii,2008,Simulation,Namco Bandai Games,0.09,0.02,0.01,0.01,0.13
2195,Wii Play: Motion,Wii,2011,Misc,Nintendo,0.24,0.43,0.18,0.09,0.95
15020,Fishdom 2 Deluxe,PC,2010,Puzzle,Rondomedia,0,0.02,0,0.01,0.02
11579,Rapala Pro Bass Fishing 2010,PS2,2010,Sports,Activision,0.04,0.03,0,0.01,0.08
5220,Call of Duty: Ghosts,WiiU,2013,Shooter,Activision,0.23,0.09,0.01,0.03,0.36
9960,UN Squadron,SNES,1991,Shooter,Capcom,0,0,0.12,0,0.12
4921,Wipeout 2048,PSV,2012,Racing,Sony Computer Entertainment,0.14,0.19,0,0.06,0.39
12198,SBK 2011: FIM Superbike World Championship,X360,2011,Racing,Black Bean Games,0,0.06,0,0.01,0.07
3750,Popeye,2600,1982,Platform,Parker Bros.,0.5,0.03,0,0.01,0.54
12841,Minna to Kimi no Piramekino!,DS,2010,Misc,Namco Bandai Games,0,0,0.05,0,0.05
12861,Shiren the Wanderer 5 Plus: Fortune Tower and the Dice of Fate,PSV,2015,Action,Aksys Games,0.01,0,0.04,0,0.05
606,Deca Sports,Wii,2008,Sports,Konami Digital Entertainment,1.13,0.87,0.29,0.25,2.54
12573,DuckTales: Remastered,WiiU,2013,Action,Capcom,0.05,0,0,0,0.06
5735,The Matrix: Path of Neo,XB,2005,Action,Atari,0.23,0.07,0,0.01,0.31
15283,Motto Hayaku! Seikaku Ni! Suu Sense Keisan Ryuoku Up Training - SuuTore,DS,2008,Misc,Benesse,0,0,0.02,0,0.02
15660,SBK09 Superbike World Championship,PS3,2009,Racing,Black Bean Games,0,0.01,0,0,0.02
10746,Option Tuning Car Battle,PS,1998,Racing,MTO,0,0,0.09,0.01,0.1
6041,The Lord of the Rings: The Third Age,GC,2004,Role-Playing,Electronic Arts,0.22,0.06,0,0.01,0.29
3356,Rayman Arena,PS2,2001,Racing,Ubisoft,0.29,0.23,0,0.08,0.6
10497,Revolution X,PS,1995,Shooter,Acclaim Entertainment,0.06,0.04,0,0.01,0.1
14407,Take On Helicopters,PC,2011,Simulation,Unknown,0,0.02,0,0.01,0.03
15808,Let's Pilates!,DS,2007,Misc,Konami Digital Entertainment,0.02,0,0,0,0.02
12202,Fantasy Aquarium World,Wii,2009,Simulation,Destineer,0.06,0,0,0,0.07
6046,Just Dance Wii 2,Wii,2012,Misc,Nintendo,0,0,0.29,0,0.29
8403,Mega Man Network Transmission,GC,2003,Platform,Capcom,0.13,0.03,0,0,0.17
9424,Winning Post 5,PS2,2001,Sports,Tecmo Koei,0,0,0.13,0,0.13
13313,Beyond Oasis,GEN,1993,Role-Playing,Sega,0,0,0.05,0,0.05
1,Wii Sports,Wii,2006,Sports,Nintendo,41.49,29.02,3.77,8.46,82.74
10332,Kirarin * Revolution: Kira Kira Idol Audition,DS,2006,Simulation,Konami Digital Entertainment,0,0,0.11,0,0.11
10529,Truth or Lies,Wii,2010,Misc,THQ,0.04,0.05,0,0.01,0.1
8040,Amplitude,PS2,2003,Misc,Sony Computer Entertainment,0.09,0.07,0,0.02,0.18
7991,EverQuest Online Adventures: Frontiers,PS2,2003,Role-Playing,Sony Online Entertainment,0.09,0.07,0,0.02,0.19
9511,Iridion II,GBA,2003,Shooter,Vivendi Games,0.09,0.03,0,0,0.13
1059,SOCOM 3: U.S. Navy SEALs,PS2,2005,Shooter,Sony Computer Entertainment,1.22,0.34,0.04,0.1,1.69
2338,Pokemon Card GB2: Here Comes Team GR!,GB,2001,Strategy,Nintendo,0,0,0.89,0,0.89
12098,DS Nishimura Kyotaro Suspense 2 Shin Tantei Series: Kanazawa Hakodate - Gokkan no Kyoukoku - Fukushuu no Kage,DS,2008,Adventure,Tecmo Koei,0,0,0.07,0,0.07
16087,The Legend of Heroes: Trails in the Sky Third Chapter,PS3,2013,Role-Playing,Falcom Corporation,0,0,0.01,0,0.01
8143,Pirates: Hunt For Blackbeard's Booty,Wii,2008,Adventure,Activision,0.08,0.08,0,0.02,0.18
3599,Frontlines: Fuel of War,X360,2008,Shooter,THQ,0.34,0.15,0.01,0.05,0.56
8646,Mr. Driller 2,GBA,2001,Puzzle,Namco Bandai Games,0,0,0.15,0,0.16
3184,Family Feud: 2010 Edition,Wii,2009,Misc,Ubisoft,0.59,0,0,0.04,0.64
10130,J-League Winning Eleven 9: Asia Championship,PS2,2005,Sports,Konami Digital Entertainment,0,0,0.11,0,0.11
16049,Blitzkrieg 2 Anthology,PC,2008,Strategy,Ascaron Entertainment GmbH,0,0.01,0,0,0.01
11590,Pocket Dogs,GBA,2004,Misc,Agatsuma Entertainment,0.06,0.02,0,0,0.08
11867,Just Dance: Disney Party 2,X360,2015,Action,Ubisoft,0.05,0.01,0,0.01,0.07
14720,Gintama: Banji Oku Chuubu!,Wii,2007,Action,Namco Bandai Games,0,0,0.03,0,0.03
6058,Puzzle Quest: Challenge of the Warlords,Wii,2007,Puzzle,D3Publisher,0.26,0,0,0.02,0.29
12296,Fist of the North Star: Ken's Rage 2,X360,2012,Fighting,Tecmo Koei,0.03,0.01,0.02,0,0.06
8093,Mega Man X: Command Mission,PS2,2004,Role-Playing,Capcom,0.09,0.07,0,0.02,0.18
2935,Metal Gear Solid V: The Phantom Pain,PS3,2015,Action,Konami Digital Entertainment,0.21,0.18,0.22,0.08,0.7
916,Mortal Kombat: Deception,PS2,2004,Fighting,Midway Games,0.92,0.72,0,0.24,1.88
2904,London 2012: The Official Video Game of the Olympic Games,PS3,2012,Sports,Sega,0.06,0.5,0,0.15,0.7
2161,Sonic Unleashed,X360,2008,Platform,Sega,0.54,0.33,0,0.09,0.96
13625,Port Royale 2,PC,2004,Strategy,Ascaron Entertainment GmbH,0,0.03,0,0.01,0.04
10412,Busou Shinki: Battle Masters Mk. 2,PSP,2011,Action,Konami Digital Entertainment,0,0,0.11,0,0.11
10889,World Stadium 5,PS,2001,Sports,Namco Bandai Games,0,0,0.09,0.01,0.09
13467,Runaway: A Twist of Fate,PC,2009,Adventure,Focus Home Interactive,0,0.04,0,0.01,0.04
14328,Onna no Ko to Misshitsu ni Itara **shichau Kamoshirenai,3DS,2012,Adventure,D3Publisher,0,0,0.03,0,0.03
12929,Doraemon 2: Nobita no Toizurando Daibouken,SNES,1993,Role-Playing,Epoch,0,0,0.05,0,0.05
549,Metroid,NES,1986,Action,Nintendo,1.33,0.31,1.04,0.05,2.73
4459,Super Robot Taisen OG: Original Generations,PS2,2007,Strategy,Banpresto,0,0,0.44,0,0.44
15870,Strongest Tokyo University Shogi DS,DS,1985,Action,Mycom,0,0,0.02,0,0.02
3719,Gauntlet Legends,N64,1999,Action,Midway Games,0.43,0.1,0,0.01,0.54
1001,Call of Duty: Black Ops 3,X360,2015,Shooter,Activision,1.11,0.48,0,0.16,1.76
5757,Hot Wheels Turbo Racing,N64,1999,Racing,Electronic Arts,0.25,0.06,0,0,0.31
7588,Warriors Orochi,PSP,2008,Action,Tecmo Koei,0.02,0,0.18,0,0.2
11363,Ride,PS3,2015,Racing,Milestone S.r.l.,0,0.06,0.01,0.01,0.08
13301,Handball 16,PS3,2015,Sports,Bigben Interactive,0,0.04,0,0.01,0.05
7125,Shin Nippon Pro Wrestling: Toukon Retsuden 3,PS,1998,Fighting,Tomy Corporation,0,0,0.21,0.01,0.23
9991,Sword Art Online: Hollow Fragment,PS4,2015,Role-Playing,Namco Bandai Games,0,0.1,0,0.02,0.12
4341,Area 51,PS2,2005,Shooter,Midway Games,0.22,0.17,0,0.06,0.45
428,Dance Central,X360,2010,Misc,MTV Games,2.15,0.77,0.01,0.26,3.19
11761,Famicom Mini: Hikari Shinwa: Palutena no Kagami,GBA,2004,Platform,Nintendo,0,0,0.07,0,0.07
14843,Imagine: Sweet 16,DS,2010,Simulation,Ubisoft,0.02,0,0,0,0.03
15717,This War of Mine,PS4,2016,Action,Deep Silver,0,0.01,0,0,0.02
1454,SingStar Party,PS2,2004,Misc,Sony Computer Entertainment,0,1.04,0,0.31,1.35
13321,Frogger: Ancient Shadow,GC,2005,Platform,Konami Digital Entertainment,0.04,0.01,0,0,0.05
9173,Bejeweled 3,PS3,N/A,Puzzle,Unknown,0.13,0,0,0.01,0.14
8476,Chaotic: Shadow Warriors,PS3,2009,Action,Activision,0.15,0,0,0.01,0.16
12990,Ivy the Kiwi?,DS,2010,Puzzle,Rising Star Games,0.04,0,0,0,0.05
10157,Contra Advance: The Alien Wars EX,GBA,2002,Shooter,Konami Digital Entertainment,0.08,0.03,0,0,0.11
13865,Harukanaru Toki no Naka de 4: Aizouban,PSP,2010,Role-Playing,Tecmo Koei,0,0,0.04,0,0.04
4486,Tongari Boushi to Mahou no Otana,DS,2010,Simulation,Konami Digital Entertainment,0,0,0.44,0,0.44
5504,Dragon Ball Z: Battle of Z,PS3,2014,Fighting,Namco Bandai Games,0.1,0.11,0.06,0.05,0.33
12714,Tom Clancy's Splinter Cell: Double Agent,GC,2006,Action,Ubisoft,0.04,0.01,0,0,0.06
12628,Captain America: Super Soldier,Wii,N/A,Action,Sega,0.05,0,0,0,0.06
9046,Phantom Brave,PS2,2004,Role-Playing,Tecmo Koei,0.07,0.05,0,0.02,0.14
13373,Arctic Tale,Wii,2007,Adventure,Zoo Digital Publishing,0.04,0,0,0,0.05
11056,Tunnel B1,PS,1996,Action,Ocean,0.05,0.03,0,0.01,0.09
9167,Buck Fever,Wii,2009,Sports,Destineer,0.13,0,0,0.01,0.14
8462,Parodius,SAT,1995,Shooter,Konami Digital Entertainment,0,0,0.16,0,0.17
15267,Shinken de Watashi ni Koi Shinasai! R,PS3,2012,Action,Minato Station,0,0,0.02,0,0.02
6243,Tak and the Guardians of Gross,PS2,2008,Action,THQ,0.14,0.11,0,0.04,0.28
9817,Street Hoops,GC,N/A,Sports,Unknown,0.09,0.02,0,0,0.12
4014,The Evil Within,X360,2014,Action,Bethesda Softworks,0.25,0.2,0.01,0.04,0.5
7345,UFC Undisputed 2010,PSP,2010,Fighting,THQ,0.11,0.07,0,0.04,0.21
11003,Blood of Bahamut,DS,2009,Role-Playing,Square Enix,0,0,0.09,0,0.09
13124,My Body Coach,Wii,2009,Sports,Big Ben Interactive,0,0.04,0,0.01,0.05
15534,Natsuiro High School: Seishun Hakusho,PS3,2015,Action,D3Publisher,0,0,0.02,0,0.02
13154,Reel Fishing: The Great Outdoors,PSP,2006,Sports,Natsume,0.05,0,0,0,0.05
11110,Super Puzzle Fighter II,GBA,N/A,Puzzle,Capcom,0.06,0.02,0,0,0.09
5130,Custom Robo,GC,2004,Role-Playing,Nintendo,0.29,0.07,0,0.01,0.37
13861,Warhammer: Dark Omen,PS,1998,Strategy,Electronic Arts,0.02,0.01,0,0,0.04
14661,Kamigami no Asobi,PSP,2013,Adventure,Broccoli,0,0,0.03,0,0.03
676,Midnight Club: Los Angeles,X360,2008,Racing,Take-Two Interactive,1.68,0.46,0.01,0.2,2.35
1120,Tiger Woods PGA Tour 2003,PS2,2002,Sports,Electronic Arts,0.8,0.63,0,0.21,1.64
8125,Cabela's Legendary Adventures,Wii,2008,Sports,Activision,0.17,0,0,0.01,0.18
11494,Ultimate Shooting Collection,Wii,2008,Shooter,Milestone,0.08,0,0,0,0.08
5528,SSX Blur,Wii,2007,Sports,Electronic Arts,0.29,0.01,0,0.03,0.33
5668,Shin Momotarou Densetsu,SNES,1993,Role-Playing,Hudson Soft,0,0,0.32,0,0.32
16066,Super Robot Taisen XO,X360,2006,Strategy,Banpresto,0,0,0.01,0,0.01
5703,Fuel,X360,2009,Racing,Codemasters,0.09,0.19,0,0.04,0.31
13167,Yu-Gi-Oh! GX: Spirit Caller (Japan Sales),DS,2006,Misc,Konami Digital Entertainment,0,0,0.05,0,0.05
15794,Irritating Stick,PS,1998,Action,Saurus,0.01,0.01,0,0,0.02
11642,Dragon Slayer: The Legend of Heroes,GEN,1994,Role-Playing,Sega,0,0,0.08,0,0.08
15297,Detective Jinguuji Saburo: Ronde Revenge,3DS,2012,Action,Arc System Works,0,0,0.02,0,0.02
4186,Disney Infinity 3.0,PS3,2015,Action,Disney Interactive Studios,0.14,0.25,0,0.08,0.47
9271,Paws & Claws: Pet Vet 2,DS,2007,Simulation,THQ,0.13,0,0,0.01,0.14
7177,Danny Phantom: The Ultimate Enemy,GBA,2005,Action,THQ,0.16,0.06,0,0,0.22
12687,Minna no Sukkiri,PSP,2009,Sports,Sony Computer Entertainment,0,0,0.06,0,0.06
10661,Ghost in the Shell,PS,1997,Simulation,Sony Computer Entertainment,0.06,0.04,0,0.01,0.1
4749,Armored Core 2: Another Age,PS2,2001,Simulation,Metro 3D,0.11,0.08,0.19,0.03,0.41
3830,Spectrobes: Beyond the Portals,DS,2008,Role-Playing,Disney Interactive Studios,0.37,0.11,0,0.04,0.52
11285,MX vs. ATV Supercross,X360,2014,Racing,Nordic Games,0.03,0.05,0,0.01,0.08
12518,Worms Blast,GC,2002,Puzzle,Ubisoft,0.05,0.01,0,0,0.06
14429,World Sports Competition,PS3,2009,Sports,Hudson Soft,0.02,0,0,0.01,0.03
11830,Wrath Unleashed,PS2,2004,Strategy,LucasArts,0.04,0.03,0,0.01,0.07
15108,Frontlines: Fuel of War,PC,2008,Shooter,THQ,0,0.02,0,0,0.02
13857,Pajama Sam: You are What You Eat From Your Head to Your Feet,PS,2001,Adventure,Infogrames,0.02,0.01,0,0,0.04
9000,CSI: 3 Dimensions of Murder,PS2,2007,Adventure,Ubisoft,0.07,0.06,0,0.02,0.14
10531,Kirarin * Revolution: Mezase! Idol Queen,DS,2007,Simulation,Konami Digital Entertainment,0,0,0.1,0,0.1
10104,Vacation Sports,Wii,2009,Sports,Ubisoft,0.1,0.01,0,0.01,0.11
13539,Split/Second,PC,2010,Racing,Disney Interactive Studios,0,0.04,0,0.01,0.04
9333,Spy Hunter 2,XB,2003,Racing,Midway Games,0.1,0.03,0,0,0.13
14024,Jikkyou Powerful Major League 2009,Wii,2009,Sports,Konami Digital Entertainment,0,0,0.04,0,0.04
14238,The Sims 2: Glamour Life Stuff,PC,2006,Simulation,Electronic Arts,0,0.03,0,0.01,0.03
8579,Sengoku Basara: Chronicle Heroes,PSP,2011,Action,Capcom,0,0,0.16,0,0.16
14978,"Ed, Edd n Eddy: The Mis-Edventures",XB,2005,Platform,Midway Games,0.02,0.01,0,0,0.02
6729,Imagine: Zookeeper,DS,2009,Simulation,Ubisoft,0.16,0.06,0,0.02,0.25
7250,Magna Carta: Tears of Blood,PS2,2004,Role-Playing,505 Games,0.11,0.08,0,0.03,0.22
12982,Pro Yakyuu Spirits 5 Kanzenban,PS2,2008,Sports,Konami Digital Entertainment,0,0,0.05,0,0.05
16043,Impossible Creatures,PC,2002,Strategy,Microsoft Game Studios,0,0.01,0,0,0.01
7102,MySims Party,Wii,2009,Simulation,Electronic Arts,0.18,0.03,0,0.02,0.23
5072,WWE SmackDown vs. Raw 2011,PS2,2010,Fighting,THQ,0.24,0.07,0,0.07,0.38
309,Monster Hunter 4 Ultimate,3DS,2014,Role-Playing,Nintendo,0.67,0.49,2.62,0.11,3.89
586,Style Savvy,DS,2008,Simulation,Nintendo,0.63,0.84,0.96,0.19,2.61
6397,Initial D: Special Stage,PS2,2003,Racing,Sega,0,0,0.27,0,0.27
438,Sonic Rush,DS,2005,Platform,Sega,1.22,1.57,0.06,0.29,3.15
16358,Icewind Dale II,PC,2002,Role-Playing,Interplay,0,0.01,0,0,0.01
7938,Chibi-Robo! Park Patrol,DS,2007,Adventure,Unknown,0,0,0.19,0,0.19
1068,Harry Potter and the Sorcerer's Stone,GBA,2001,Action,Electronic Arts,0.87,0.66,0.08,0.08,1.69
7078,Barbie as The Island Princess,GBA,2007,Adventure,Activision,0.16,0.06,0,0,0.23
1141,Pokemon Battle Revolution,Wii,2006,Role-Playing,Nintendo,0.8,0.38,0.3,0.13,1.61
16002,Mortal Kombat,PC,1994,Fighting,Acclaim Entertainment,0.01,0,0,0,0.01
10072,Batman: Dark Tomorrow,XB,2003,Action,Kemco,0.08,0.02,0,0,0.11
11543,Yuu Yuu Hakusho: Makyo Toitsusen,GEN,1994,Fighting,Sega,0,0,0.08,0,0.08
11378,Face Racers: Photo Finish,3DS,N/A,Racing,Majesco Entertainment,0.08,0,0,0,0.08
4227,Metal Gear Solid: The Essential Collection,PS2,2007,Adventure,Konami Digital Entertainment,0.23,0.18,0,0.06,0.46
4000,Cars 2,X360,2011,Racing,Disney Interactive Studios,0.28,0.17,0,0.05,0.5
12397,Championship Surfer,PS,2000,Sports,Mattel Interactive,0.03,0.02,0,0,0.06
8442,NBA 09: The Inside,PS2,2008,Sports,Sony Computer Entertainment,0.08,0.06,0,0.02,0.17
15936,Enkaku Sousa: Sana e no 23 Hiai,PSP,2009,Adventure,Sony Computer Entertainment,0,0,0.02,0,0.02
795,Finding Nemo,PS2,2003,Action,THQ,1.26,0.6,0.05,0.18,2.09
2832,Final Fantasy XIV: A Realm Reborn,PS4,2014,Role-Playing,Square Enix,0.32,0.22,0.08,0.1,0.72
2525,Madden NFL 16,PS3,2015,Sports,Electronic Arts,0.56,0.11,0,0.15,0.82
8492,Pen 1 Grand Prix: Penguin no Mondai Special,DS,2009,Fighting,Konami Digital Entertainment,0,0,0.16,0,0.16
12631,The Fast and the Furious,PS2,2006,Racing,Namco Bandai Games,0.03,0.02,0,0.01,0.06
5822,Imagine: Family Doctor,DS,2009,Simulation,Ubisoft,0.28,0.01,0,0.02,0.3
6466,NPPL: Championship Paintball 2009,PS2,2008,Shooter,Activision Value,0.13,0.1,0,0.03,0.26
10379,Fight Club,XB,2004,Fighting,Vivendi Games,0.08,0.02,0,0,0.11
12983,Tsumiki: Block Drop Mania,DS,2007,Action,Nobilis,0.05,0,0,0,0.05
8631,Tak and the Guardians of Gross,Wii,2008,Action,THQ,0.15,0,0,0.01,0.16
2379,NBA 2K14,XOne,2013,Sports,Take-Two Interactive,0.7,0.11,0,0.06,0.87
5501,Deus Ex: Mankind Divided,PS4,2016,Role-Playing,Square Enix,0.1,0.18,0,0.05,0.33
16600,Spirits & Spells,GBA,2003,Platform,Wanadoo,0.01,0,0,0,0.01
2607,Invizimals,PSP,2009,Strategy,Sony Computer Entertainment,0.17,0.51,0,0.11,0.79
7604,Ty the Tasmanian Tiger 2: Bush Rescue,GC,2004,Platform,Electronic Arts,0.15,0.04,0,0.01,0.2
7541,The Ultimate Red Ball Challenge,Wii,2009,Misc,Mindscape,0,0.19,0,0.01,0.2
8528,Major League Baseball 2K12,Wii,2012,Sports,Take-Two Interactive,0.15,0,0,0.01,0.16
5747,Panzer Dragoon II Zwei,SAT,1995,Shooter,Sega,0,0,0.31,0,0.31
16255,The Book of Unwritten Tales 2,WiiU,2016,Adventure,Nordic Games,0,0.01,0,0,0.01
15220,Otome wa Oanesama Boku ni Koi Shiteru Portable,PSP,2010,Adventure,Alchemist,0,0,0.02,0,0.02
13446,Nanda's Island,DS,2009,Puzzle,Phenomedia,0.04,0,0,0,0.05
9862,DreamWorks Super Star Kartz,3DS,2011,Racing,Activision,0.08,0.03,0,0.01,0.12
14652,The King of Fighters Portable '94~'98: Chapter of Orochi,PSP,2010,Fighting,SNK Playmore,0,0,0.03,0,0.03
9532,Reader Rabbit Kindergarten,Wii,2010,Misc,Graffiti,0.12,0,0,0.01,0.13
16410,Saint Seiya Omega: Ultimate Cosmo,PSP,2012,Fighting,Namco Bandai Games,0,0,0.01,0,0.01
7268,Growlanser: Heritage of War,PS2,2006,Role-Playing,Rising Star Games,0.11,0.08,0,0.03,0.22
9645,Quantum Redshift,XB,2002,Racing,Microsoft Game Studios,0.09,0.03,0,0,0.13
5956,Scooby-Doo! Night of 100 Frights,GC,2002,Platform,THQ,0.23,0.06,0,0.01,0.3
4682,NFL GameDay 2004,PS2,2003,Sports,Sony Computer Entertainment,0.2,0.16,0,0.05,0.41
10388,Tales of the World: Reve Unitia,3DS,2014,Role-Playing,Namco Bandai Games,0,0,0.11,0,0.11
14216,Metal Gear Solid: The Essential Collection (JP sales),PS2,2007,Adventure,Konami Digital Entertainment,0,0,0.03,0,0.03
2084,Phoenix Wright: Ace Attorney,DS,2005,Adventure,Capcom,0.49,0.07,0.39,0.05,0.99
4091,Active Life: Extreme Challenge,Wii,2009,Sports,Namco Bandai Games,0.15,0.27,0,0.06,0.48
13108,PAC-MAN and the Ghostly Adventures,WiiU,2013,Platform,Namco Bandai Games,0.04,0.01,0,0,0.05
3074,Legend of Legaia,PS,1998,Role-Playing,Sony Computer Entertainment,0.37,0.25,0,0.04,0.66
255,Sonic the Hedgehog,GEN,1991,Platform,Sega,3.03,0.91,0.26,0.13,4.34
10498,Myst,DS,2007,Adventure,Midway Games,0.09,0,0,0.01,0.1
6060,"Sakura Wars 4: Koi Seyo,Otome",DC,2002,Adventure,Sega,0,0,0.29,0,0.29
3370,XCOM: Enemy Unknown,PS3,2012,Strategy,Take-Two Interactive,0.24,0.25,0,0.11,0.6
13126,Adventure Time: Finn & Jake Investigations,XOne,2015,Action,Little Orbit,0.02,0.02,0,0,0.05
9684,Clock Tower: The First Fear,PS,1997,Adventure,Human Entertainment,0,0,0.12,0.01,0.12
4056,Barbie Horse Adventures: Wild Horse Rescue,PS2,2003,Sports,Universal Interactive,0.24,0.19,0,0.06,0.49
6917,Tiger Woods PGA Tour 10,PSP,2009,Sports,Electronic Arts,0.12,0.07,0,0.05,0.24
14737,Kintaihi Shounen no Jiken: Kyakusen Eris-Gou no Sangeki,DS,2009,Adventure,Creative Core,0,0,0.03,0,0.03
8904,Street Fighter Alpha 3,GBA,2002,Fighting,Capcom,0.11,0.04,0,0,0.15
718,Paper Mario: The Thousand-Year Door,GC,2004,Role-Playing,Nintendo,1.48,0.25,0.46,0.06,2.25
457,The Sims: Vacation,PC,2002,Simulation,Electronic Arts,1.72,1.21,0,0.14,3.07
4333,Brain Challenge,DS,2008,Misc,Ubisoft,0.41,0.01,0,0.03,0.45
7566,XCOM 2,PC,2016,Strategy,Take-Two Interactive,0.09,0.1,0,0.02,0.2
4487,NFL Blitz 20-03,PS2,2002,Sports,Midway Games,0.21,0.17,0,0.06,0.44
7035,Yu-Gi-Oh! GX: Duel Academy,GBA,2005,Misc,Konami Digital Entertainment,0.17,0.06,0,0,0.23
15690,World Class Rugby 2: Kokunai Gekitou Hen '93,SNES,1994,Sports,Misawa,0,0,0.02,0,0.02
256,Kingdom Hearts II,PS2,2005,Role-Playing,Square Enix,2.2,0.58,1.38,0.17,4.33
7707,Warriors Orochi,X360,2007,Action,Tecmo Koei,0.17,0.01,0,0.02,0.2
14000,Without Warning,PS2,2005,Shooter,Capcom,0.02,0.01,0,0,0.04
7511,NBA Live 15,XOne,2014,Sports,Electronic Arts,0.17,0.02,0,0.02,0.2
3572,NCAA March Madness 07,PS2,2007,Sports,Electronic Arts,0.28,0.22,0,0.07,0.56
5837,Dai-2-Ji Super Robot Taisen OG,PS3,2012,Strategy,Namco Bandai Games,0,0,0.3,0,0.3
12670,Urban Chaos: Riot Response,PS2,2006,Shooter,Eidos Interactive,0.03,0.02,0,0.01,0.06
14725,Max Payne 2: The Fall of Max Payne,PC,2003,Shooter,Take-Two Interactive,0,0.02,0,0,0.03
9946,Makai Shin Trillion,PSV,2014,Role-Playing,Idea Factory,0.02,0.02,0.06,0.01,0.12
14108,Onechanbara Z Kagura,PS3,2013,Action,D3Publisher,0,0,0.03,0,0.03
15467,Dino Dini's Kick Off Revival,PS4,2016,Sports,Avanquest,0,0.02,0,0,0.02
5866,Zoo Tycoon 2 DS,DS,2008,Strategy,THQ,0.24,0.03,0,0.02,0.3
2089,Tom Clancy's Splinter Cell: Blacklist,X360,2013,Action,Ubisoft,0.57,0.34,0.01,0.08,0.99
561,Burnout 3: Takedown,PS2,2004,Racing,Electronic Arts,1.23,1.11,0,0.34,2.68
4807,Yu-Gi-Oh! 5D's Stardust Accelerator: World Championship 2009,DS,2009,Action,Konami Digital Entertainment,0.27,0.01,0.09,0.03,0.4
554,Mortal Kombat X,PS4,2015,Fighting,Warner Bros. Interactive Entertainment,1.47,0.76,0,0.47,2.7
7067,Tetris 2 (weekly jp sales),GB,1992,Puzzle,Nintendo,0,0,0.23,0,0.23
9892,The Walking Dead: Season Two,X360,2014,Adventure,Telltale Games,0.04,0.07,0,0.01,0.12
12064,Dragon Slayer: The Legend of Heroes,SNES,1992,Role-Playing,Epoch,0,0,0.07,0,0.07
12065,Tank! Tank! Tank!,WiiU,2012,Action,Namco Bandai Games,0.02,0.01,0.05,0,0.07
13190,G1 Grand Prix,3DS,2012,Action,Genki,0,0,0.05,0,0.05
15628,Touch Detective (JP sales),DS,2006,Adventure,505 Games,0,0,0.02,0,0.02
2751,Tony Hawk's Underground 2,XB,2004,Sports,Activision,0.48,0.24,0,0.03,0.75
7520,My Fitness Coach 2: Exercise and Nutrition,Wii,2009,Sports,Black Bean Games,0.14,0.04,0,0.02,0.2
114,Need for Speed Underground 2,PS2,2004,Racing,Electronic Arts,2.71,3.02,0.08,1.09,6.9
1660,Dragon Quest IV: Michibikareshi Monotachi,PS,2001,Role-Playing,Enix Corporation,0,0,1.2,0.01,1.21
15399,Mushishi: Amefuru Sato,DS,2008,Simulation,Marvelous Interactive,0,0,0.02,0,0.02
2612,Mega Man 5,NES,1992,Platform,Capcom,0.39,0.07,0.32,0.01,0.79
4263,Mario & Sonic at the Rio 2016 Olympic Games,3DS,2016,Action,Nintendo,0.04,0.16,0.24,0.01,0.46
8278,Power Pro Kun Pocket,GB,1999,Sports,Konami Digital Entertainment,0,0,0.17,0,0.17
7607,No More Heroes: Heroes' Paradise,PS3,2010,Action,Konami Digital Entertainment,0.1,0.04,0.04,0.02,0.2
11902,The King of Fighters: Evolution,DC,2000,Fighting,SNK,0,0,0.07,0,0.07
12311,Fast Food Panic,Wii,2009,Simulation,Nobilis,0.06,0,0,0,0.06
15537,Urban Chaos: Riot Response,XB,2006,Shooter,Eidos Interactive,0.01,0,0,0,0.02
7158,Kidz Bop Dance Party! The Video Game,Wii,2010,Misc,D3Publisher,0.21,0,0,0.01,0.22
6876,NCAA College Basketball 2K3,PS2,2002,Sports,Sega,0.12,0.09,0,0.03,0.24
11265,Beat Sketch!,PS3,2010,Misc,Sony Computer Entertainment,0,0,0.08,0,0.08
12603,Zendoku,DS,2007,Puzzle,Eidos Interactive,0.05,0,0,0,0.06
9320,007: Quantum of Solace,DS,2008,Action,Activision,0.11,0.01,0,0.01,0.14
15287,Don Bradman Cricket 14,PS3,2014,Sports,Tru Blu Entertainment,0,0.02,0,0,0.02
5144,Super Robot Taisen EX,SNES,1994,Strategy,Banpresto,0,0,0.37,0,0.37
11328,NHL 2K7,X360,2006,Sports,Take-Two Interactive,0.07,0,0,0.01,0.08
13816,Clannad,PSP,2008,Adventure,Prototype,0,0,0.04,0,0.04
4725,Cars: Race-O-Rama,PSP,2009,Racing,THQ,0.29,0.07,0,0.06,0.41
3774,SimAnimals,DS,2009,Simulation,Electronic Arts,0.26,0.21,0,0.06,0.53
15486,Aoishiro,PS2,2008,Adventure,Success,0,0,0.02,0,0.02
15049,Ceville,PC,2009,Action,Kalypso Media,0,0.02,0,0,0.02
14645,Mystery Trackers: The Void,PC,2011,Puzzle,Focus Home Interactive,0,0.02,0,0.01,0.03
11924,Make 10: A Journey of Numbers,DS,2007,Puzzle,Nintendo,0,0,0.07,0,0.07
7738,Iron Chef America: Supreme Cuisine,DS,2008,Simulation,Destineer,0.18,0,0,0.01,0.19
15243,Ryu-koku,PS2,2006,Adventure,KID,0,0,0.02,0,0.02
11223,Cloudy With a Chance of Meatballs,X360,2009,Platform,Ubisoft,0.07,0.01,0,0.01,0.09
1317,Onimusha 3: Demon Siege,PS2,2004,Action,Capcom,0.37,0.47,0.54,0.07,1.45
1609,WWE SmackDown vs. Raw 2009,PS2,2008,Fighting,THQ,0.69,0,0,0.55,1.24
3351,LEGO Jurassic World,3DS,2015,Action,Warner Bros. Interactive Entertainment,0.31,0.22,0.03,0.05,0.6
7706,The Fairly Odd Parents: Enter the Cleft,GBA,2002,Platform,THQ,0.14,0.05,0,0,0.2
14065,Sins of a Solar Empire: Trinity,PC,2010,Strategy,Kalypso Media,0,0.03,0,0.01,0.04
1814,Alien: Isolation,PS4,2014,Shooter,Sega,0.34,0.56,0.04,0.19,1.13
113,FIFA 14,PS3,2013,Sports,Electronic Arts,0.78,4.32,0.07,1.73,6.9
8228,Fairytale Fights,PS3,2009,Action,Playlogic Game Factory,0.11,0.04,0,0.02,0.17
2762,Sega Superstars Tennis,DS,2008,Sports,Sega,0.29,0.37,0,0.08,0.75
12412,Daito Giken Koushiki Pachi-Slot Simulator: Ossu! Banchou Portable,PSP,2006,Misc,Daito,0,0,0.06,0,0.06
12057,River City Ransom EX,GBA,2004,Action,Atlus,0.05,0.02,0,0,0.07
2500,I Spy: Fun House,DS,2007,Puzzle,Scholastic Inc.,0.77,0,0,0.06,0.83
10285,Digimon Story: Cyber Sleuth,PS4,2016,Role-Playing,Namco Bandai Games,0,0.09,0,0.02,0.11
12422,Higurashi Daybreak Portable,PSP,2008,Adventure,Alchemist,0,0,0.06,0,0.06
2347,F1 2010,X360,2010,Racing,Codemasters,0.18,0.59,0.01,0.1,0.89
7156,G-Force,PS3,2009,Action,Disney Interactive Studios,0.13,0.06,0,0.03,0.22
2606,Momotarou Dentetsu 7,PS,1997,Simulation,Hudson Entertainment,0,0,0.74,0.05,0.79
2814,Just Dance Wii,Wii,2011,Misc,Nintendo,0,0,0.73,0,0.73
3589,Tony Hawk: Shred,Wii,2010,Sports,Activision,0.41,0.11,0,0.04,0.56
2393,The House of the Dead: Overkill,Wii,2009,Shooter,Sega,0.46,0.31,0.02,0.09,0.87
6279,Zumba Fitness: World Party,Wii,2013,Misc,Majesco Entertainment,0.14,0.11,0,0.03,0.27
7358,de Blob 2,PS3,2011,Platform,THQ,0.11,0.07,0,0.03,0.21
1320,BioShock,PS3,2008,Shooter,Take-Two Interactive,0.75,0.49,0.01,0.21,1.45
8214,Army Men: Sarge's Heroes 2,PS2,2001,Shooter,Midas Interactive Entertainment,0.09,0.07,0,0.02,0.17
13442,Thrillville: Off the Rails,DS,2007,Strategy,LucasArts,0.03,0.01,0,0,0.05
7413,ClayFighter 63 1/3,N64,1997,Fighting,Interplay,0.17,0.04,0,0,0.21
5762,Naruto: Ninja Destiny (US sales),DS,2006,Fighting,Namco Bandai Games,0.31,0,0,0,0.31
1526,Rise of the Tomb Raider,XOne,2015,Adventure,Square Enix,0.53,0.64,0.02,0.1,1.3
2360,Peppa Pig: The Game,DS,2008,Misc,Pinnacle,0,0.82,0,0.06,0.88
4944,Skylanders Giants,WiiU,2012,Action,Activision,0.23,0.12,0,0.04,0.39
5566,Fireball,2600,1981,Action,Starpath Corp.,0.3,0.02,0,0,0.33
8784,Horse Life Adventures,Wii,2008,Simulation,Deep Silver,0.13,0.01,0,0.01,0.15
13794,Durarara!! 3way Standoff: Alley,PSP,2011,Adventure,Kadokawa Shoten,0,0,0.04,0,0.04
15143,Uta Kumi 575,PSV,2014,Misc,Sega,0,0,0.02,0,0.02
140,Kinect Sports,X360,2010,Sports,Microsoft Game Studios,3.92,1.78,0.03,0.51,6.24
5548,Zaidan Houjin Nippon Kanji Nouryoku Kentei Kyoukai Kounin: KanKen DS 2 + Jouyou Kanji Jiten,DS,2007,Misc,Rocket Company,0,0,0.33,0,0.33
15947,Storm Lover 2nd V,PSV,2016,Adventure,D3Publisher,0,0,0.02,0,0.02
1143,Gears of War: Judgment,X360,2013,Shooter,Microsoft Game Studios,0.92,0.53,0.03,0.13,1.61
1614,2010 FIFA World Cup South Africa,PS3,2010,Sports,Electronic Arts,0.3,0.64,0.07,0.22,1.23
9295,World Tour Soccer 2002,PS2,2001,Sports,Sony Computer Entertainment,0.07,0.05,0,0.02,0.14
15522,The Conveni 4,PS2,2006,Simulation,Hamster Corporation,0,0,0.02,0,0.02
11021,Family GameShow,Wii,2009,Misc,Zushi Games,0.08,0,0,0.01,0.09
12517,Polaris SnoCross,N64,2000,Racing,Vatical Entertainment,0.05,0.01,0,0,0.06
12273,Bleach: Versus Crusade,Wii,2008,Fighting,Sega,0,0,0.06,0,0.06
6094,Spyro: A Hero's Tail,GC,2004,Platform,Vivendi Games,0.22,0.06,0,0.01,0.29
15195,PachiPara 15: Super Umi Monogatari in Okinawa 2,PS3,2010,Misc,Irem Software Engineering,0,0,0.02,0,0.02
6710,Bolt,X360,2008,Adventure,Disney Interactive Studios,0.18,0.05,0,0.02,0.25
13898,E.T. The Extra-Terrestrial: Interplanetary Mission,PS,2001,Platform,Ubisoft,0.02,0.01,0,0,0.04
3788,Burnout Revenge,XB,2005,Racing,Electronic Arts,0.32,0.19,0,0.01,0.53
3873,The Sims 2: Open for Business,PC,2006,Simulation,Electronic Arts,0.46,0.05,0,0,0.52
7741,Big Mutha Truckers,XB,2002,Racing,Empire Interactive,0.15,0.04,0,0.01,0.19
2192,Army of Two: The 40th Day,X360,2010,Shooter,Electronic Arts,0.62,0.24,0,0.08,0.95
12708,Jissen Pachislot Hisshouhou! Hokuto no Ken Portable SE,PSP,2006,Misc,Sega,0,0,0.06,0,0.06
9832,NASCAR Unleashed,X360,2011,Racing,Activision,0.11,0,0,0.01,0.12
7347,Wild Wild Racing,PS2,2000,Racing,Interplay,0.1,0.08,0,0.03,0.21
7233,Where's Waldo? The Fantastic Journey,DS,2009,Adventure,Ubisoft,0.2,0,0,0.02,0.22
8362,Gallop Racer 2001,PS2,2001,Sports,Tecmo Koei,0.05,0.04,0.06,0.01,0.17
12275,NanoBreaker,PS2,2005,Action,Konami Digital Entertainment,0.03,0.02,0,0.01,0.06
14971,Teddy Together,3DS,2016,Simulation,Nintendo,0,0.02,0,0,0.02
10483,Etrian Odyssey II: Heroes of Lagaard,3DS,2014,Role-Playing,Atlus,0,0,0.1,0,0.1
6809,Marvel vs. Capcom Origins,PS2,2006,Fighting,Capcom,0.11,0.08,0.02,0.03,0.24
8758,Disney's Story Studio: Disney's Mulan,PS,1999,Misc,Sony Computer Entertainment,0.09,0.06,0,0.01,0.15
12491,Pro Evolution Soccer 2012,PS2,2011,Action,Konami Digital Entertainment,0,0,0.06,0,0.06
10140,Criminal Girls: Invite Only,PSV,2013,Role-Playing,Nippon Ichi Software,0.04,0.02,0.04,0.02,0.11
11377,Dream Day: Wedding Destinations,DS,2009,Simulation,THQ,0.08,0,0,0.01,0.08
16085,Sakura Sakura: Haru Urara,PSP,2010,Adventure,GN Software,0,0,0.01,0,0.01
16470,Memories Off #5: Togireta Film,PSP,2009,Adventure,5pb,0,0,0.01,0,0.01
15804,XCOM 2,XOne,2016,Strategy,Take-Two Interactive,0.01,0.01,0,0,0.02
2540,NASCAR 2001,PS,2000,Racing,Electronic Arts,0.45,0.31,0,0.05,0.81
10341,Paws & Claws: Pet Resort,Wii,2009,Simulation,THQ,0.1,0,0,0.01,0.11
12286,My Pet Chimp,DS,2010,Simulation,505 Games,0.06,0,0,0,0.06
8908,Warriors Orochi 3,PS4,2014,Action,Tecmo Koei,0.04,0.05,0.04,0.02,0.15
11343,Tokimeki Memorial: Girl's Side,PS2,2002,Adventure,Konami Digital Entertainment,0,0,0.08,0,0.08
9192,Bottom of the 9th,PS,1996,Sports,Konami Digital Entertainment,0.08,0.05,0,0.01,0.14
11412,Ice Age 2: The Meltdown,Wii,2006,Platform,Vivendi Games,0.06,0.01,0,0.01,0.08
1089,Knack,PS4,2013,Platform,Sony Computer Entertainment Europe,0.43,0.67,0.42,0.15,1.67
2878,Yu-Gi-Oh! The Falsebound Kingdom,GC,2002,Strategy,Konami Digital Entertainment,0.49,0.13,0.07,0.02,0.71
16595,Plushees,DS,2008,Simulation,Destineer,0.01,0,0,0,0.01
9864,The Bible Game,GBA,2005,Misc,Crave Entertainment,0.09,0.03,0,0,0.12
8395,Bakugan Battle Brawlers: Defenders of the Core,Wii,2010,Action,Activision,0.15,0.01,0,0.01,0.17
14878,X-Men Origins: Wolverine - Uncaged Edition,PC,2009,Action,Activision,0.02,0,0,0,0.03
8361,Tak: Mojo Mistake,DS,2008,Action,THQ,0.16,0,0,0.01,0.17
3329,"Transformers: The Game (XBox 360, PS2, PS3, Wii & PC Versions)",X360,2007,Action,Activision,0.51,0.05,0,0.05,0.61
945,"Hey You, Pikachu!",N64,1998,Simulation,Nintendo,0.83,0.06,0.93,0,1.83
7873,Teenage Mutant Ninja Turtles 2: Battle Nexus,GC,2004,Action,Konami Digital Entertainment,0.15,0.04,0,0.01,0.19
207,Link's Crossbow Training,Wii,2007,Shooter,Nintendo,3.06,1.18,0.29,0.46,5
15076,Falcon 4.0: Allied Force,PC,2005,Simulation,Graphsim Entertainment,0,0.02,0,0,0.02
12047,Silpheed: The Lost Planet,PS2,2000,Shooter,Swing! Entertainment,0.03,0.03,0,0.01,0.07
12514,Mike Piazza's Strike Zone,N64,1998,Sports,GT Interactive,0.05,0.01,0,0,0.06
2568,Star Wars Rogue Squadron III: Rebel Strike,GC,2003,Simulation,LucasArts,0.62,0.16,0,0.02,0.8
16091,Hiiro no Kakera: Shin Tamayori Hime Denshou,PS2,2009,Adventure,Idea Factory,0,0,0.01,0,0.01
4018,Gauntlet,2600,1982,Action,Answer Software,0.46,0.03,0,0.01,0.5
14390,Shin Koihime Musou: Otome Ryouran * Sangokushi Engi - Wei-Hen,PSP,2010,Adventure,Yeti,0,0,0.03,0,0.03
15329,Elminage III: Ankoku no Shito to Yaiyou no Kyuuden,PSP,2011,Role-Playing,Starfish,0,0,0.02,0,0.02
16342,Command & Conquer Renegade,PC,2002,Shooter,Electronic Arts,0,0.01,0,0,0.01
9718,Magic: The Gathering - Battlemage,PS,1997,Strategy,Acclaim Entertainment,0.07,0.05,0,0.01,0.12
6495,Lumines: Electronic Symphony,PSV,2012,Misc,Ubisoft,0.11,0.1,0.01,0.05,0.26
12077,Space Hulk: Vengeance of the Blood Angels,PS,1995,Shooter,Electronic Arts,0.04,0.03,0,0,0.07
11071,"Saiyuuki: Kinkaku, Ginkaku no Inbou",DS,2007,Role-Playing,D3Publisher,0,0,0.09,0,0.09
9460,MX 2002 Featuring Ricky Carmichael,XB,2001,Racing,THQ,0.1,0.03,0,0,0.13
8807,Fantastic Four: Rise of the Silver Surfer,PS3,2007,Action,Take-Two Interactive,0.12,0.02,0,0.02,0.15
3948,NHL FaceOff 98,PS,1997,Sports,Sony Computer Entertainment,0.28,0.19,0,0.03,0.51
11635,WWE Crush Hour,GC,2003,Racing,THQ,0.06,0.02,0,0,0.08
8665,Trigger Man,PS2,2004,Shooter,Play It,0.08,0.06,0,0.02,0.16
12740,FIFA Soccer 06,DS,2005,Sports,Electronic Arts,0.05,0,0,0,0.06
4480,Power Rangers: S.P.D.,GBA,2004,Action,THQ,0.31,0.12,0,0.01,0.44
677,Skylanders SWAP Force,Wii,2013,Platform,Activision,1.32,0.83,0,0.2,2.34
11130,Knights in the Nightmare,DS,2008,Role-Playing,Sting,0.06,0,0.02,0,0.09
7364,NHL 2K6,XB,2005,Sports,Take-Two Interactive,0.16,0.05,0,0.01,0.21
1623,SpongeBob SquarePants: Battle for Bikini Bottom,GBA,2003,Platform,THQ,0.88,0.33,0,0.02,1.23
14797,Bully: Scholarship Edition,PC,2008,Action,Take-Two Interactive,0,0.02,0,0,0.03
5645,Gold's Gym: Cardio Workout (Others sales),Wii,2008,Sports,Ubisoft,0,0.3,0,0.02,0.32
15746,Postman Pat: Special Delivery Service,DS,2009,Misc,GSP,0,0.01,0,0,0.02
12003,NHL 2K9,Wii,2008,Sports,Take-Two Interactive,0.06,0,0,0.01,0.07
11926,Jumper: Griffin's Story,PS2,2008,Action,Eidos Interactive,0.03,0.03,0,0.01,0.07
5915,Harvest Moon: The Tale of Two Towns,3DS,N/A,Simulation,Unknown,0.28,0,0,0.02,0.3
5175,Super Fire ProWrestling Special,SNES,1994,Fighting,Human Entertainment,0,0,0.36,0,0.36
6128,Street Hoops,XB,2002,Sports,Activision,0.21,0.06,0,0.01,0.28
14398,Ratatouille,PC,2007,Action,THQ,0.01,0.01,0,0,0.03
9782,Shin Megami Tensei: Devil Survivor 2,3DS,2015,Role-Playing,Atlus,0,0.03,0.09,0,0.12
15539,Katekyoo Hitman Reborn!! Let's Ansatsu!? Nerawareta 10 Daime!,PS2,2007,Action,Marvelous Interactive,0,0,0.02,0,0.02
6819,Pure Futbol,PS3,2010,Sports,Ubisoft,0.06,0.13,0,0.05,0.24
9090,Mary-Kate and Ashley: Winners Circle,PS,2001,Action,Acclaim Entertainment,0.08,0.05,0,0.01,0.14
2139,NHL 2004,PS2,2003,Sports,Electronic Arts,0.47,0.37,0,0.12,0.97
5986,Ben 10 Alien Force: Vilgax Attacks,PS2,2009,Action,D3Publisher,0.11,0.03,0,0.15,0.29
9937,The Clique: Diss and Make Up,DS,2009,Adventure,Warner Bros. Interactive Entertainment,0.11,0,0,0.01,0.12
2314,Spider-Man 3,PS2,2007,Platform,Activision,0.74,0.03,0.01,0.12,0.9
14601,Driver: Parallel Lines,Wii,2007,Racing,Ubisoft,0.01,0.01,0,0,0.03
337,Battlefield 4,PS3,2013,Shooter,Electronic Arts,1.3,1.51,0.27,0.61,3.69
1410,Disney Princess: Enchanted Journey,Wii,2007,Adventure,Disney Interactive Studios,1.24,0.04,0,0.09,1.38
15607,Aqua Panic!,DS,2009,Puzzle,Neko Entertainment,0.01,0.01,0,0,0.02
9746,Break 'Em All,DS,2005,Puzzle,D3Publisher,0.11,0,0,0.01,0.12
12646,Project Setsuna,PS4,2016,Role-Playing,Square Enix,0,0,0.06,0,0.06
8290,Goblin Commander: Unleash the Horde,PS2,2003,Strategy,Jaleco,0.08,0.07,0,0.02,0.17
6002,Ben 10 Ultimate Alien: Cosmic Destruction,Wii,2010,Platform,D3Publisher,0.17,0.1,0,0.02,0.29
14819,The Legend of Korra (3DS),3DS,2014,Strategy,Activision,0.02,0,0,0,0.03
8288,Despicable Me: The Game,PSP,2010,Platform,D3Publisher,0.05,0.08,0,0.04,0.17
2884,Rhythm Heaven: The Best+,3DS,2015,Misc,Nintendo,0,0,0.71,0,0.71
9195,Syberia,DS,2008,Action,Mindscape,0.1,0.02,0,0.01,0.14
15187,Sengoku Otome: Legend Battle,PSV,2016,Action,Unknown,0,0,0.02,0,0.02
2076,Rocksmith 2014,PS3,2013,Misc,Ubisoft,0.51,0.27,0.05,0.15,1
11225,ChuChu Rocket!,GBA,2001,Strategy,Atari,0.06,0.02,0,0,0.09
183,Super Mario Bros. 3,GBA,2003,Platform,Nintendo,2.93,1.25,0.83,0.2,5.2
610,Perfect Dark,N64,2000,Action,Nintendo,1.55,0.75,0.16,0.06,2.52
15697,Mechanic Master 2,DS,2010,Puzzle,Crave Entertainment,0.02,0,0,0,0.02
533,Mortal Kombat Trilogy,PS,1996,Fighting,GT Interactive,1.98,0.7,0,0.11,2.79
3106,Yoshi Topsy-Turvy,GBA,2004,Platform,Nintendo,0.25,0.09,0.3,0.01,0.65
16559,Super Robot Taisen: Original Generation,GBA,2002,Role-Playing,Banpresto,0.01,0,0,0,0.01
13707,Shiren the Wanderer 4 - God's Eye and the Demon's Navel,PSP,2012,Role-Playing,Spike,0,0,0.04,0,0.04
9111,Top Spin 3,DS,2008,Action,D3Publisher,0.11,0.02,0,0.01,0.14
6777,Jikkyou Powerful Pro Yakyuu 2001,PS,2001,Sports,Konami Digital Entertainment,0,0,0.23,0.02,0.24
10430,Family Party: 30 Great Games,Wii,2008,Misc,D3Publisher,0.09,0.01,0,0.01,0.1
9239,X-Blades,PS3,2009,Action,SouthPeak Games,0.07,0.03,0.02,0.02,0.14
7902,Tenchu: Fatal Shadows,PS2,2004,Action,Sega,0.09,0.07,0,0.02,0.19
8210,Disney Sing It: Family Hits,PS3,2010,Misc,Disney Interactive Studios,0.11,0.04,0,0.02,0.17
14961,Kami Naru Kimi to,PSP,2011,Adventure,Idea Factory,0,0,0.02,0,0.02
13458,Sushi Go-Round,DS,2010,Simulation,Asylum Entertainment,0.04,0,0,0,0.04
794,Dead Rising,X360,2006,Action,Capcom,1.16,0.65,0.08,0.2,2.09
10720,iCarly 2: iJoin The Click!,Wii,2010,Adventure,Activision,0.08,0.01,0,0.01,0.1
9536,Puyo Puyo!! 20th Anniversary,3DS,2011,Puzzle,Sega,0,0,0.13,0,0.13
16288,Root Double: Before Crime After Days,X360,2012,Action,Yeti,0,0,0.01,0,0.01
12751,Tom Clancy's Rainbow Six: Critical Hour,XB,N/A,Shooter,Unknown,0.04,0.01,0,0,0.06
834,SOCOM: U.S. Navy SEALs: Combined Assault,PS2,2006,Shooter,Sony Computer Entertainment,1.74,0.02,0,0.28,2.04
14275,Best Friends Tonight,DS,2010,Misc,Ubisoft,0.03,0,0,0,0.03
2848,Skate,X360,2007,Sports,Electronic Arts,0.62,0.04,0,0.06,0.72
8687,Bomberman,DS,2005,Puzzle,Ubisoft,0.1,0.02,0.03,0.01,0.16
7910,Pet Zombies,3DS,N/A,Simulation,Majesco Entertainment,0.18,0,0,0.01,0.19
769,Dance Dance Revolution Extreme,PS2,2004,Simulation,Konami Digital Entertainment,1.04,0.81,0,0.27,2.13
5721,The Incredible Hulk,Wii,2008,Action,Sega,0.28,0.01,0,0.02,0.31
15779,Sansuu Puzzle de Migaku: Gakken Otona no Shikou Sense,DS,2007,Misc,Gakken,0,0,0.02,0,0.02
8379,MotoGP 15,PS4,2015,Racing,Milestone S.r.l.,0,0.12,0.03,0.02,0.17
4632,Disney Infinity 2.0: Marvel Super Heroes,XOne,2014,Action,Disney Interactive Studios,0.24,0.15,0,0.03,0.42
4511,Overwatch,PC,2016,Shooter,Activision,0.22,0.18,0,0.04,0.43
8485,Create,PS3,2010,Action,Electronic Arts,0.11,0.03,0,0.02,0.16
8272,MDK2 Armageddon,PS2,2001,Shooter,Virgin Interactive,0.08,0.07,0,0.02,0.17
12173,Dreamer Series: Pop Star,DS,2009,Misc,Tivola,0.04,0.02,0,0.01,0.07
11664,Captain Tsubasa,PS2,2006,Sports,Namco Bandai Games,0,0,0.08,0,0.08
7642,UFC Personal Trainer: The Ultimate Fitness System,PS3,2011,Sports,THQ,0.08,0.09,0,0.04,0.2
12161,Prince of Persia: The Fallen King,DS,2008,Action,Ubisoft,0.06,0.01,0,0.01,0.07
1281,WWF WrestleMania 2000,N64,1999,Fighting,THQ,1.2,0.25,0.02,0.02,1.48
8235,Project Spark,XOne,2014,Misc,Microsoft Game Studios,0.11,0.05,0,0.02,0.17
4650,Tom Clancy's HAWX 2,PS3,2010,Action,Ubisoft,0.21,0.12,0.03,0.05,0.42
3766,Tactics Ogre: Let Us Cling Together,PSP,2010,Role-Playing,Square Enix,0.15,0.07,0.27,0.05,0.53
5317,Xbox Music Mixer,XB,2003,Misc,Microsoft Game Studios,0.26,0.08,0,0.01,0.35
8846,Terraria,PC,2011,Action,Unknown,0,0.13,0,0.02,0.15
10148,Tokimeki Memorial: Girl's Side 2nd Season,DS,2008,Adventure,Konami Digital Entertainment,0,0,0.11,0,0.11
6369,NASCAR 2011: The Game,PS3,2011,Racing,Activision,0.25,0,0,0.02,0.27
736,Frogger,2600,1981,Action,Parker Bros.,2.06,0.12,0,0.02,2.2
12935,Chaos;Child,PSV,2015,Adventure,5pb,0,0,0.05,0,0.05
40,Super Smash Bros. Brawl,Wii,2008,Fighting,Nintendo,6.75,2.61,2.66,1.02,13.04
13578,Kanuchi: Shiroki Tsubasa no Shou,PS2,2008,Adventure,Idea Factory,0,0,0.04,0,0.04
15337,Hakuouki: Yuugi Roku DS,DS,2011,Adventure,Idea Factory,0,0,0.02,0,0.02
11074,Ski and Shoot,Wii,2008,Sports,RTL,0.04,0.04,0,0.01,0.09
13537,Top Gun,DS,2006,Simulation,505 Games,0.04,0,0,0,0.04
10438,Thrillville: Off the Rails,PSP,2007,Strategy,LucasArts,0.09,0,0,0.01,0.1
4734,The LEGO Movie Videogame,PSV,2014,Action,Warner Bros. Interactive Entertainment,0.05,0.26,0,0.09,0.41
3824,Mario Tennis: Power Tour,GBA,2005,Sports,Nintendo,0.24,0.09,0.19,0.01,0.52
13219,World Series of Poker,GC,2005,Misc,Activision Value,0.04,0.01,0,0,0.05
11654,All-Star Baseball 2004,GC,2003,Sports,Acclaim Entertainment,0.06,0.02,0,0,0.08
5016,ESPN Extreme Games,PS,1994,Sports,Sony Computer Entertainment,0.11,0.08,0.17,0.03,0.38
11479,Puzzle Chronicles,PSP,2010,Puzzle,Konami Digital Entertainment,0.07,0,0,0.01,0.08
3887,International Track & Field,PS,1996,Sports,Konami Digital Entertainment,0.08,0.05,0.35,0.03,0.51
15581,Metal Fight Beyblade Portable: Chouzetsu Tensei Vulcan Horses,PSP,2010,Action,Takara Tomy,0,0,0.02,0,0.02
1265,Dead Rising 2,X360,2010,Action,Capcom,0.75,0.53,0.09,0.12,1.5
8397,The Naked Brothers Band: The Video Game,PS2,2008,Misc,THQ,0.08,0.06,0,0.02,0.17
5693,Just Dance 2016,XOne,2015,Misc,Ubisoft,0.24,0.04,0,0.03,0.32
3544,FIFA World Cup Germany 2006,PS2,2006,Sports,Electronic Arts,0.47,0.02,0,0.08,0.57
5531,SpongeBob SquarePants: Creature from the Krusty Krab,GC,2006,Platform,THQ,0.25,0.07,0,0.01,0.33
5325,Enemy Territory: Quake Wars,PS3,2008,Shooter,Activision,0.23,0.07,0,0.04,0.35
1062,Saints Row IV,X360,2013,Action,Deep Silver,1.01,0.53,0.01,0.14,1.69
8255,Iron Chef America: Supreme Cuisine,Wii,2008,Simulation,Destineer,0.16,0,0,0.01,0.17
6340,Spider-Man: Web of Shadows,PS3,2008,Action,Activision,0.2,0.04,0,0.03,0.27
16219,Bakumatsu Rock,PSP,2014,Action,Marvelous Entertainment,0,0,0.01,0,0.01
12093,Midway Arcade Treasures 3,GC,2005,Misc,Midway Games,0.05,0.01,0,0,0.07
9619,7th Dragon 2020-II,PSP,2013,Role-Playing,Sega,0,0,0.13,0,0.13
14244,Clannad,PS3,2011,Adventure,Prototype,0,0,0.03,0,0.03
3933,Final Fantasy,WS,2000,Role-Playing,SquareSoft,0,0,0.51,0,0.51
4242,Super Batter Up,SNES,1992,Sports,Namco Bandai Games,0,0,0.46,0,0.46
14782,The Adventures of Lomax,PS,1996,Platform,Psygnosis,0.01,0.01,0,0,0.03
11421,Swingerz Golf,GC,2002,Sports,Eidos Interactive,0.06,0.02,0,0,0.08
3384,Dead Space,PC,2008,Action,Electronic Arts,0,0.53,0,0.06,0.59
4007,Rayman Advance,GBA,2001,Platform,Ubisoft,0.36,0.13,0,0.01,0.5
4833,Atari Anthology,PS2,2004,Misc,Atari,0.33,0.01,0,0.05,0.4
15290,Crime Scene,DS,2009,Adventure,Nobilis,0,0.02,0,0,0.02
13849,Outlaw Volleyball Remixed,PS2,2004,Sports,Global Star,0.02,0.01,0,0,0.04
10779,Ultimate Muscle - The Kinnikuman Legacy: The Path of the Superhero,GBA,2002,Fighting,Banpresto,0.05,0.02,0.03,0,0.1
8827,Kids Learn Math: A+ Edition,DS,2011,Misc,Unknown,0.14,0,0,0.01,0.15
189,Tomodachi Life,3DS,2013,Simulation,Nintendo,0.96,2.02,1.89,0.28,5.15
119,Gears of War 2,X360,2008,Shooter,Microsoft Game Studios,4.15,1.92,0.06,0.64,6.76
8570,Robots,GC,2005,Action,Vivendi Games,0.12,0.03,0,0,0.16
4167,WipEout,PS,1995,Action,Psygnosis,0.26,0.18,0,0.03,0.47
1185,Mario Party 7,GC,2005,Misc,Nintendo,0.95,0.11,0.46,0.04,1.57
5172,ESPN X Games Skateboarding,PS2,2001,Sports,Konami Digital Entertainment,0.18,0.14,0,0.05,0.36
1543,Metal Gear Solid V: Ground Zeroes,PS4,2014,Action,Konami Digital Entertainment,0.45,0.46,0.17,0.2,1.28
10053,Shinseiki Evangelion: Koutetsu no Girlfriend,PS,1998,Adventure,Gainax Network Systems,0,0,0.11,0.01,0.11
15485,Tom Clancy's Splinter Cell Classic Trilogy HD,PS3,2011,Action,Ubisoft,0.02,0,0,0,0.02
16126,Nintendogs and Cats Golden Retriever and New Friends,3DS,2011,Action,Nintendo,0,0.01,0,0,0.01
394,Crash Bash,PS,2000,Misc,Sony Computer Entertainment,1.56,1.47,0.19,0.17,3.39
12398,Unreal Tournament III,PC,2007,Shooter,Midway Games,0,0.05,0,0.01,0.06
14892,Daito Giken Koushiki Pachi-Slot Simulator Hihouden: Taiyou o Motomeru Monotachi,PS3,2013,Misc,Paon Corporation,0,0,0.03,0,0.03
9823,The Daring Game for Girls,DS,N/A,Adventure,Unknown,0.11,0,0,0.01,0.12
7462,Dead to Rights: Retribution,X360,2010,Shooter,Namco Bandai Games,0.11,0.08,0,0.02,0.21
10291,ATV: Quad Frenzy,DS,2005,Racing,Majesco Entertainment,0.1,0,0,0.01,0.11
9481,Sin and Punishment,N64,2000,Shooter,Nintendo,0,0,0.13,0,0.13
13683,The Wolf Among Us,X360,2011,Adventure,Telltale Games,0.01,0.03,0,0,0.04
930,SingStar,PS2,2004,Misc,Sony Computer Entertainment,0,1.37,0,0.49,1.86
7676,Record of Agarest War,X360,2008,Role-Playing,Compile Heart,0.18,0,0.01,0.01,0.2
7131,NBA Street: Showdown,PSP,2005,Sports,Electronic Arts,0.2,0,0,0.02,0.23
13499,Angelique Duet,PS,1998,Strategy,Tecmo Koei,0,0,0.04,0,0.04
11397,Ken to Mahou to Gakuen Mono. 2,PSP,2009,Role-Playing,Acquire,0,0,0.08,0,0.08
1666,FIFA Soccer 07,PSP,2006,Sports,Electronic Arts,0.24,0.65,0,0.32,1.21
5156,Mini-Yonku GB: Let's & Go!!,GB,1997,Strategy,ASCII Entertainment,0,0,0.37,0,0.37
13846,PopStar Guitar,PS2,2008,Misc,XS Games,0.02,0.01,0,0,0.04
10022,Phantasy Star Collection,GBA,2002,Role-Playing,Atari,0.08,0.03,0,0,0.11
5299,Pac-Man All-Stars,PS3,2011,Fighting,Namco Bandai Games,0.2,0.08,0.04,0.04,0.35
8382,G-Force,X360,2009,Action,Disney Interactive Studios,0.11,0.05,0,0.01,0.17
14585,HappinessCharge PreCure! Kawarun Collection,3DS,2014,Misc,Namco Bandai Games,0,0,0.03,0,0.03
1506,Deal or No Deal,Wii,2009,Misc,Zoo Games,1.22,0,0,0.09,1.31
6354,Ben 10 Triple Pack,DS,2011,Misc,D3Publisher,0.13,0.12,0,0.03,0.27
10215,The King of Fighters 2000/2001,PS2,2003,Fighting,Ignition Entertainment,0.05,0.04,0,0.01,0.11
4690,Crash of the Titans,PS2,2007,Action,Vivendi Games,0.34,0.01,0,0.06,0.41
4409,Discovery Kids: Kitten Corner,DS,2009,Simulation,505 Games,0.42,0,0,0.03,0.45
16555,Mahou Sensei Negima!? Neo-Pactio Fight!!,Wii,2007,Fighting,Marvelous Interactive,0,0,0.01,0,0.01
798,The Sims 2: Pets,DS,2006,Simulation,Electronic Arts,0.92,0.94,0,0.22,2.09
11818,Mega Man Xtreme 2,GB,2001,Platform,Capcom,0,0,0.07,0,0.07
3010,Final Fantasy Crystal Chronicles: Ring of Fates,DS,2007,Role-Playing,Square Enix,0.22,0.01,0.42,0.02,0.67
7624,San Francisco Rush 2049,N64,2000,Racing,Midway Games,0.16,0.04,0,0,0.2
12534,Rock Blast,DS,2008,Puzzle,UFO Interactive,0.06,0,0,0,0.06
5772,Yu-Gi-Oh! 5D's World Championship 2010 Reverse of Arcadia,DS,2010,Strategy,Konami Digital Entertainment,0.18,0.02,0.09,0.02,0.31
10511,Blitz: The League II,X360,2008,Sports,Midway Games,0.08,0.01,0,0.01,0.1
15255,Date A Live: Arusu Install,PS3,2014,Adventure,Compile Heart,0,0,0.02,0,0.02
1038,Imagine: Teacher,DS,2008,Simulation,Ubisoft,0.7,0.83,0,0.19,1.72
13302,Gummy Bears Mini Golf,DS,2010,Sports,Storm City Games,0.04,0,0,0,0.05
2604,Final Fantasy Tactics A2: Grimoire of the Rift,DS,2007,Role-Playing,Square Enix,0.42,0.03,0.3,0.04,0.79
11864,Let's Ride! Friends Forever,DS,2008,Adventure,THQ,0.07,0,0,0,0.07
7896,Shaun White Skateboarding,Wii,2010,Sports,Ubisoft,0.14,0.03,0,0.01,0.19
7055,Deadly Creatures,Wii,2009,Action,THQ,0.08,0.12,0,0.03,0.23
12071,Famicom Mini: Wrecking Crew,GBA,2004,Puzzle,Nintendo,0,0,0.07,0,0.07
13341,NightCaster II: Equinox,XB,2002,Action,Jaleco,0.03,0.01,0,0,0.05
13616,Utawarerumono: Futari no Hakuoro,PS4,2016,Misc,Aqua Plus,0,0,0.04,0,0.04
13286,Summoner: A Goddess Reborn,GC,2003,Role-Playing,THQ,0.04,0.01,0,0,0.05
3290,NFL Fever 2003,XB,2002,Sports,Microsoft Game Studios,0.46,0.13,0,0.02,0.61
12768,Ski Region Simulator,PC,2011,Simulation,Excalibur Publishing,0,0.05,0,0.01,0.06
2758,Just Dance 2015,WiiU,2014,Misc,Ubisoft,0.4,0.28,0,0.07,0.75
7466,X-Men: Children of the Atom,SAT,1995,Fighting,Acclaim Entertainment,0,0,0.21,0,0.21
3422,Silent Hill: Shattered Memories,PS2,2010,Action,Konami Digital Entertainment,0.13,0.22,0.01,0.23,0.59
1523,Romancing SaGa 3,SNES,1995,Role-Playing,SquareSoft,0,0,1.29,0.01,1.3
5942,Guitar Hero: Van Halen,X360,2009,Misc,Activision,0.16,0.1,0,0.03,0.3
4679,Attack on Titan: Humanity in Chains,3DS,2013,Action,Screenlife,0,0,0.41,0,0.41
12600,Trapt,PS2,2005,Action,Tecmo Koei,0.03,0.02,0,0.01,0.06
16287,The Ultimate Battle of the Sexes,Wii,2010,Misc,DTP Entertainment,0.01,0.01,0,0,0.01
5622,"Go, Diego, Go!: Great Dinosaur Rescue",PS2,2008,Action,Take-Two Interactive,0.16,0.12,0,0.04,0.32
16129,Monster Rancher Advance 2,GBA,2002,Simulation,Tecmo Koei,0.01,0,0,0,0.01
15057,NANA: Live Staff Daiboshuu! Shoshinsha Kangei,DS,2007,Action,Konami Digital Entertainment,0,0,0.02,0,0.02
5311,Resident Evil: Dead Aim,PS2,2003,Action,Capcom,0.17,0.13,0,0.04,0.35
11277,Martian Panic,Wii,2010,Adventure,Unknown,0.08,0,0,0,0.08
1224,NFL GameDay 99,PS,1998,Sports,989 Studios,1.44,0.05,0,0.04,1.53
13951,DT Carnage,PSP,2009,Racing,Agetec,0.03,0,0,0,0.04
12303,Ray Tracers,PS,1997,Racing,Sony Computer Entertainment,0.04,0.02,0,0,0.06
9800,Looney Tunes: Sheep Raider,PS,2001,Platform,Infogrames,0.07,0.05,0,0.01,0.12
12618,Ansatsu Kyoushitsu: Assassin Ikusei Keikaku!!,3DS,2016,Action,Namco Bandai Games,0,0,0.06,0,0.06
7180,Rune Factory: Tides of Destiny,PS3,2011,Role-Playing,Marvelous Interactive,0.14,0,0.07,0.01,0.22
9866,Pinball Hall of Fame: The Williams Collection,X360,2009,Misc,Crave Entertainment,0.11,0,0,0.01,0.12
13287,Saints Row: Gat out of Hell,PS4,2015,Action,Deep Silver,0,0.04,0,0.01,0.05
2350,Wii Fit U,WiiU,2013,Sports,Nintendo,0.39,0.24,0.21,0.06,0.89
4601,NASCAR Thunder 2002,PS,2001,Racing,Electronic Arts,0.23,0.16,0,0.03,0.42
8532,SD Gundam G Generation 3D,3DS,2011,Role-Playing,Namco Bandai Games,0,0,0.16,0,0.16
1438,F1 2010,PS3,2010,Racing,Codemasters,0.25,0.76,0.08,0.27,1.35
14556,Culdcept,PS2,2002,Strategy,Sega,0.01,0.01,0,0,0.03
5461,Wipeout 2,Wii,2011,Misc,Activision,0.31,0,0,0.02,0.33
8500,Kya: Dark Lineage,PS2,2003,Adventure,Atari,0.08,0.06,0,0.02,0.16
4170,2014 FIFA World Cup Brazil,X360,2014,Sports,Electronic Arts,0.14,0.28,0,0.04,0.47
4356,Transformers: Revenge of the Fallen (Wii & PS2 Version),DS,2009,Action,Activision,0.27,0.14,0,0.04,0.45
8939,Yakuza: Ishin,PS4,2014,Action,Sega,0,0,0.15,0,0.15
10085,Bodycount,X360,2011,Shooter,Codemasters,0.07,0.03,0,0.01,0.11
9457,Mission: Impossible - Operation Surma,XB,2003,Platform,Atari,0.1,0.03,0,0,0.13
13781,Nobunaga's Ambition: Sphere of Influence,PS4,2014,Strategy,Tecmo Koei,0.03,0,0,0.01,0.04
10350,Mega Man Zero 4,GBA,2005,Platform,Capcom,0.08,0.03,0,0,0.11
1514,Burnout 3: Takedown,XB,2004,Racing,Electronic Arts,0.84,0.43,0,0.04,1.31
3113,MLB 14: The Show,PS4,2014,Sports,Sony Computer Entertainment America,0.58,0,0,0.07,0.65
4058,LEGO Marvel Super Heroes,DS,2013,Action,Warner Bros. Interactive Entertainment,0.28,0.17,0,0.04,0.49
1161,Diablo,PC,1996,Role-Playing,Activision,0.01,1.58,0,0,1.59
2982,Spider-Man 3,PS3,2007,Platform,Activision,0.26,0.29,0.02,0.12,0.68
15199,Knight's Apprentice: Memorick's Adventures,XB,2004,Action,Microids,0.02,0,0,0,0.02
7881,NBA 2K11,PC,2010,Action,Take-Two Interactive,0.18,0,0,0.01,0.19
194,Call of Duty: Advanced Warfare,XOne,2014,Shooter,Activision,3.21,1.53,0.01,0.38,5.13
9438,Shaman King: Power of Spirit,PS2,2004,Adventure,Konami Digital Entertainment,0.06,0.05,0,0.02,0.13
15677,Rogue Trooper,XB,2006,Shooter,Eidos Interactive,0.01,0,0,0,0.02
10312,Rugby 15,PS4,2015,Sports,Bigben Interactive,0.03,0.06,0,0.02,0.11
11653,Resident Evil 3: Nemesis,GC,2003,Action,Capcom,0.06,0.02,0,0,0.08
8413,Backyard Wrestling: Don't Try This at Home,XB,2003,Fighting,Eidos Interactive,0.13,0.04,0,0.01,0.17
5307,Sniper: Ghost Warrior 2,PS3,2013,Shooter,City Interactive,0.05,0.19,0.03,0.07,0.35
8108,Ridge Racer Unbounded,PS3,2012,Racing,Namco Bandai Games,0.05,0.1,0,0.03,0.18
10221,Chameleon Twist,N64,1997,Platform,Sunsoft,0.09,0.02,0,0,0.11
3951,NHL 09,X360,2008,Sports,Electronic Arts,0.45,0.01,0,0.04,0.5
12896,Lufia: The Ruins of Lore,GBA,2002,Role-Playing,Taito,0.04,0.01,0,0,0.05
8339,World Driver Championship,N64,1999,Racing,Midway Games,0.14,0.03,0,0,0.17
13922,Hunter x Hunter: Wonder Adventure,PSP,2012,Action,Namco Bandai Games,0,0,0.04,0,0.04
6401,Final Doom,PS,1995,Shooter,GT Interactive,0.15,0.1,0,0.02,0.27
5297,Star Wars: Flight of the Falcon,GBA,2003,Action,THQ,0.25,0.09,0,0.01,0.35
2176,World Championship Poker,PS2,2004,Misc,Play It,0.8,0.03,0,0.13,0.95
304,EA Sports Active,Wii,2009,Sports,Electronic Arts,2.1,1.36,0.06,0.4,3.92
14599,Guitar Freaks V & DrumMania V,PS2,2006,Simulation,Konami Digital Entertainment,0,0,0.03,0,0.03
8453,The Sims 3: Seasons,PC,2012,Simulation,Electronic Arts,0,0.13,0,0.03,0.17
14082,MLB 15: The Show,PSV,2015,Sports,Sony Computer Entertainment,0.03,0,0,0.01,0.04
9083,Our House Party!,Wii,N/A,Simulation,Unknown,0.13,0,0,0.01,0.14
11873,Rugby World Cup 2015,PS3,2015,Sports,Ubisoft,0,0.06,0,0.01,0.07
14799,Guild Wars,PC,2005,Role-Playing,NCSoft,0.02,0,0,0,0.03
2172,Naruto Shippuden: Ultimate Ninja Storm 3,PS3,2013,Fighting,Namco Bandai Games,0.32,0.33,0.15,0.15,0.96
14343,Exstetra,PSV,2013,Role-Playing,FuRyu,0,0,0.03,0,0.03
8121,Gun,GC,2005,Shooter,Activision,0.14,0.04,0,0,0.18
12606,Worms 3D,XB,2003,Strategy,Sega,0.04,0.01,0,0,0.06
7666,Soldier of Fortune: Payback,X360,2007,Shooter,Activision,0.18,0.01,0,0.01,0.2
2333,Sonic Chronicles: The Dark Brotherhood,DS,2008,Role-Playing,Sega,0.51,0.29,0.01,0.09,0.89
15066,Blender Bros.,GBA,2002,Platform,Unknown,0.02,0.01,0,0,0.02
11790,Overlord: Minions,DS,2009,Puzzle,Codemasters,0.07,0,0,0.01,0.07
12571,Exhibition Volume 5,XB,2004,Misc,Microsoft Game Studios,0.04,0.01,0,0,0.06
11247,Astro Boy,PS2,2004,Action,Sega,0.04,0.03,0,0.01,0.09
5712,Jikkyou Powerful Pro Yakyuu 14,PS2,2007,Sports,Konami Digital Entertainment,0,0,0.31,0,0.31
8798,Active Life Explorer,Wii,2010,Sports,Namco Bandai Games,0.14,0,0,0.01,0.15
12955,Myst IV: Revelation,XB,2005,Adventure,Ubisoft,0.04,0.01,0,0,0.05
1308,Donkey Kong,2600,1981,Platform,Coleco,1.36,0.08,0,0.02,1.46
565,Mortal Kombat,GEN,1992,Fighting,Arena Entertainment,1.95,0.63,0,0.09,2.67
13036,Doraemon: Nobita no Kyouryuu 2006 DS,DS,2006,Role-Playing,Sega,0,0,0.05,0,0.05
15092,Left 4 Dead,PC,2008,Shooter,Electronic Arts,0,0.02,0,0,0.02
15687,Winning Post 8 2016,PS4,2016,Simulation,Tecmo Koei,0,0,0.02,0,0.02
2895,South Park,PS,1998,Shooter,Acclaim Entertainment,0.39,0.27,0,0.05,0.71
15710,Back to the Future: The Game,XOne,2015,Adventure,Telltale Games,0,0.02,0,0,0.02
5194,Okage: Shadow King,PS2,2001,Role-Playing,Sony Computer Entertainment,0.14,0.11,0.08,0.04,0.36
10941,WSC Real 11: World Snooker Championship,PS3,2011,Sports,Koch Media,0,0.07,0,0.02,0.09
13074,Kart Racer,Wii,2009,Racing,Nordic Games,0.03,0.01,0,0,0.05
14223,Dream C Club Zero,X360,2011,Simulation,D3Publisher,0,0,0.03,0,0.03
2624,NCAA Football 08,PS2,2007,Sports,Electronic Arts,0.65,0.03,0,0.11,0.79
3083,New Play Control! Pikmin,Wii,2008,Strategy,Nintendo,0.29,0.14,0.19,0.04,0.66
15672,Tegami Bachi: Kokoro Tsumugu Mono e,PSP,2010,Role-Playing,Konami Digital Entertainment,0,0,0.02,0,0.02
13249,Rugby 2005,XB,2005,Sports,Electronic Arts,0.04,0.01,0,0,0.05
8931,All-Star Baseball 2005,XB,N/A,Sports,Unknown,0.11,0.03,0,0.01,0.15
11282,Wreckin Crew,PS,1998,Racing,Telstar,0.05,0.03,0,0.01,0.08
7191,Rampage: Total Destruction,Wii,2006,Action,Midway Games,0.19,0.01,0,0.02,0.22
16034,Kono Aozora ni Yakusoku o: Tenohira no Rakuen,PSP,2009,Adventure,TGL,0,0,0.01,0,0.01
11473,Knights Contract,X360,2011,Action,Namco Bandai Games,0.05,0.03,0,0.01,0.08
16367,Tropico 3: Gold Edition,PC,2010,Strategy,Kalypso Media,0,0.01,0,0,0.01
5857,Rhythm Tengoku,GBA,2006,Misc,Nintendo,0,0,0.3,0.01,0.3
3493,MLB 11: The Show,PS3,2011,Sports,Sony Computer Entertainment,0.54,0,0,0.04,0.58
11623,MLB Front Office Manager,PS3,2009,Sports,Take-Two Interactive,0.07,0,0,0.01,0.08
13068,Thunder Force V: Perfect System,PS,1998,Shooter,TechnoSoft,0.03,0.02,0,0,0.05
12172,X-Men: The Official Game,GBA,2006,Action,Activision,0.05,0.02,0,0,0.07
12716,Katekyoo Hitman Reborn! DS Flame Rumble X - Mirai Chou-Bakuhatsu!!,DS,2009,Fighting,Takara Tomy,0,0,0.06,0,0.06
14420,Code Lyoko: Quest for Infinity,PSP,2008,Action,Game Factory,0.03,0,0,0,0.03
15609,Writing and Speaking Beautiful Japanese DS,DS,N/A,Misc,Unknown,0,0,0.02,0,0.02
6237,Mass Effect Trilogy,PC,2012,Action,Electronic Arts,0.09,0.16,0,0.03,0.28
6892,LEGO The Hobbit,3DS,2014,Action,Warner Bros. Interactive Entertainment,0.09,0.13,0,0.02,0.24
8103,Hyperdimension Neptunia,PSV,2013,Role-Playing,Compile Heart,0.09,0,0.07,0.02,0.18
16212,Freekstyle,GBA,2003,Racing,Zoo Digital Publishing,0.01,0,0,0,0.01
13864,A Ressha de Ikou DS,DS,2009,Simulation,ArtDink,0,0,0.04,0,0.04
11718,Super Football,2600,1987,Sports,Atari,0.07,0,0,0,0.08
3346,Phineas and Ferb: Across the 2nd Dimension,Wii,2011,Action,Disney Interactive Studios,0.36,0.19,0,0.05,0.6
9880,7 Days to Die,PS4,2016,Action,Telltale Games,0.03,0.07,0,0.02,0.12
16578,Neo Angelique Special,PSP,2008,Adventure,Tecmo Koei,0,0,0.01,0,0.01
14430,Summon Night 6: Lost Borders,PS4,2016,Action,Namco Bandai Games,0,0,0.03,0,0.03
14703,MechAssault: Phantom War,DS,2006,Simulation,Majesco Entertainment,0.03,0,0,0,0.03
2218,Hot Shots Golf Fore!,PS2,2003,Sports,Sony Computer Entertainment,0.46,0.36,0,0.12,0.94
2706,Final Fantasy II,NES,1988,Role-Playing,SquareSoft,0,0,0.76,0,0.76
14081,Black Stone: Magic & Steel,XB,2003,Role-Playing,THQ,0.03,0.01,0,0,0.04
16347,Cities: Skylines Snowfall,PC,2016,Simulation,Paradox Development,0,0.01,0,0,0.01
8800,The Fairly Odd Parents: Clash with the Anti-World,GBA,2005,Adventure,THQ,0.11,0.04,0,0,0.15
12721,Bleach: Blade Battlers 2nd,PS2,2007,Fighting,Sony Computer Entertainment,0,0,0.06,0,0.06
3404,LEGO Indiana Jones 2: The Adventure Continues,PSP,2009,Action,Activision,0.21,0.24,0,0.14,0.59
14264,SBK 2011: FIM Superbike World Championship,PC,2011,Racing,Black Bean Games,0,0.03,0,0.01,0.03
4025,Tony Hawk's Underground 2,GBA,2004,Sports,Activision,0.35,0.13,0,0.01,0.49
14475,Gotouchi Tetsudou: Gotouchi Chara to Nihon Zenkoku no Tabi,WiiU,2014,Misc,Namco Bandai Games,0,0,0.03,0,0.03
10427,Princess Debut,DS,2008,Misc,Cave,0.1,0,0,0.01,0.1
9941,NFL Tour,PS3,2008,Sports,Electronic Arts,0.1,0.01,0,0.01,0.12
6113,Hot Shots Golf: World Invitational,PS3,2012,Sports,Sony Computer Entertainment,0,0,0.28,0,0.28
4430,The Godfather (US sales),XB,2006,Action,Electronic Arts,0.33,0.1,0,0.02,0.44
14150,ESPN NBA 2Night 2002,PS2,2002,Sports,Konami Digital Entertainment,0.02,0.01,0,0,0.03
5543,Kidou Senshi Gundam F91: Formula Senki 0122,SNES,1991,Strategy,Namco Bandai Games,0,0,0.33,0,0.33
10541,Yggdra Union: We'll Never Fight Alone,PSP,2008,Role-Playing,Sting,0.05,0,0.04,0.01,0.1
5999,Jeopardy! 2nd Edition,PS,2000,Misc,Hasbro Interactive,0.16,0.11,0,0.02,0.29
10702,Murder in Venice,DS,2011,Adventure,City Interactive,0.06,0.03,0,0.01,0.1
14684,Secrets of the Titanic,DS,2012,Action,Avanquest Software,0,0.02,0,0,0.03
12564,Disney Planes Fire & Rescue,Wii,2014,Action,Disney Interactive Studios,0,0.05,0,0,0.06
9341,Castlevania Chronicles,PS,2001,Platform,Konami Digital Entertainment,0.07,0.05,0,0.01,0.13
15624,Dancing on Ice,DS,2010,Sports,Ghostlight,0,0.02,0,0,0.02
4923,Mystery Case Files: The Malgrave Incident,Wii,2011,Adventure,Nintendo,0.19,0.17,0,0.03,0.39
12634,G-Police: Weapons of Justice,PS,1999,Action,Psygnosis,0.03,0.02,0,0,0.06
4746,The Wonderful 101,WiiU,2013,Action,Nintendo,0.2,0.1,0.08,0.03,0.41
12743,Pump It Up: Exceed,PS2,2005,Misc,Mastiff,0.03,0.02,0,0.01,0.06
7573,Harvest Moon: More Friends of Mineral Town,GBA,2003,Simulation,Ubisoft,0.14,0.05,0,0,0.2
346,Jak and Daxter: The Precursor Legacy,PS2,2001,Platform,Sony Computer Entertainment,2.08,1.09,0.15,0.33,3.64
2442,Harry Potter and the Order of the Phoenix,DS,2007,Action,Electronic Arts,0.28,0.47,0,0.1,0.85
8467,Sid Meier's Pirates!,Wii,2010,Strategy,Take-Two Interactive,0.13,0.02,0,0.01,0.16
15365,F1 2002,GBA,2002,Racing,"Destination Software, Inc",0.01,0.01,0,0,0.02
11237,Petz: Saddle Club,PSP,2009,Simulation,Ubisoft,0.08,0,0,0.01,0.09
5244,Company of Heroes 2,PC,2013,Strategy,THQ,0.06,0.25,0,0.05,0.36
10625,Opoona,Wii,2007,Role-Playing,Tecmo Koei,0.08,0,0.01,0.01,0.1
12041,BeatMania,PS2,2006,Simulation,Konami Digital Entertainment,0.03,0.03,0,0.01,0.07
1894,Sonic Free Riders,X360,2010,Racing,Sega,0.74,0.26,0,0.09,1.09
4545,Zone of the Enders HD Collection,PS3,2012,Simulation,Konami Digital Entertainment,0.21,0.08,0.09,0.05,0.43
13025,Mortal Kombat X,PC,2015,Fighting,Warner Bros. Interactive Entertainment,0.01,0.04,0,0,0.05
12399,Monster Garage,XB,2004,Strategy,Activision Value,0.05,0.01,0,0,0.06
3423,Madden NFL 06,X360,N/A,Sports,Electronic Arts,0.54,0,0.01,0.03,0.59
1672,Just Dance 2016,Wii,2015,Misc,Ubisoft,0.52,0.59,0,0.1,1.2
9786,Blazblue: Continuum Shift Extend,PSV,2011,Fighting,PQube,0.03,0.05,0.02,0.02,0.12
10008,Warhammer: Battle March,X360,2008,Strategy,Deep Silver,0.09,0.02,0,0.01,0.11
2946,Metal Gear Solid: Portable Ops Plus,PSP,2007,Action,Konami Digital Entertainment,0.26,0.01,0.26,0.17,0.69
353,Star Wars: Battlefront,PS2,2004,Shooter,LucasArts,1.93,1.22,0.03,0.44,3.61
14421,Away: Shuffle Dungeon,DS,2008,Role-Playing,Majesco Entertainment,0.02,0,0,0,0.03
7773,Quantum Theory,PS3,2010,Shooter,Tecmo Koei,0.05,0.09,0.02,0.03,0.19
9269,Avatar: The Last Airbender - The Burning Earth,X360,2007,Action,THQ,0.11,0.01,0,0.01,0.14
6433,Scene It? Twilight,Wii,2009,Misc,Konami Digital Entertainment,0.16,0.08,0,0.02,0.27
7568,ESPN MLB Baseball,PS2,2004,Sports,Sega,0.1,0.08,0,0.03,0.2
9275,Touch My Katamari,PSV,2011,Puzzle,Namco Bandai Games,0.08,0.04,0,0.02,0.14
7766,Enchanted Arms,X360,2006,Role-Playing,Ubisoft,0.16,0.02,0,0.02,0.19
6247,One Piece Unlimited Cruise 1: The Treasure Beneath the Waves,Wii,2008,Adventure,Namco Bandai Games,0,0.07,0.19,0.01,0.28
2385,Mercenaries 2: World in Flames,PS3,2008,Shooter,Electronic Arts,0.29,0.4,0.02,0.16,0.87
6648,Blaster Master: Blasting Again,PS,2000,Shooter,Sunsoft,0.14,0.1,0,0.02,0.25
15921,Magic Encyclopedia: Moonlight,DS,2010,Misc,Foreign Media Games,0,0.01,0,0,0.02
8653,Nicktoons: MLB,Wii,2011,Sports,Take-Two Interactive,0.15,0,0,0.01,0.16
4815,Power Rangers: Dino Thunder,GC,2004,Action,THQ,0.31,0.08,0,0.01,0.4
5391,Fantastic Voyage,2600,1981,Action,20th Century Fox Video Games,0.32,0.02,0,0,0.34
5333,Metal Arms: Glitch in the System,PS2,2003,Shooter,Vivendi Games,0.17,0.13,0,0.04,0.35
14631,Whiteout,XB,2002,Racing,Konami Digital Entertainment,0.02,0.01,0,0,0.03
10096,GoldenEye: Rogue Agent,DS,2005,Shooter,Electronic Arts,0.1,0,0,0.01,0.11
16239,Batman: A Telltale Game Series,PS3,2016,Adventure,Telltale Games,0,0.01,0,0,0.01
5012,Raving Rabbids: Travel in Time 3D,3DS,2011,Platform,Ubisoft,0.11,0.23,0,0.04,0.38
7850,Kan Colle Kai,PSV,2016,Action,Kadokawa Games,0,0,0.19,0,0.19
13494,Rugby Challenge 3,PS3,2016,Sports,Alternative Software,0,0.04,0,0.01,0.04
16310,Freaky Flyers,GC,N/A,Racing,Unknown,0.01,0,0,0,0.01
3407,2002 FIFA World Cup,PS2,2002,Sports,Electronic Arts,0.21,0.17,0.16,0.06,0.59
8698,Toriko: Gourmet Monsters!,3DS,2012,Role-Playing,Namco Bandai Games,0,0,0.16,0,0.16
9675,Criticom,PS,1996,Fighting,Vic Tokai,0.07,0.05,0,0.01,0.12
16479,DoDonPachi Daifukkatsu: Black Label,X360,2011,Shooter,Cave,0,0,0.01,0,0.01
3547,SpongeBob SquarePants: Battle for Bikini Bottom,XB,2003,Platform,THQ,0.45,0.1,0,0.02,0.57
8249,NBA Inside Drive 2004,XB,2003,Sports,Microsoft Game Studios,0.13,0.04,0,0.01,0.17
16115,1/2 Summer +,PSP,2013,Adventure,Kaga Create,0,0,0.01,0,0.01
5681,4x4 Evolution,PS2,2001,Racing,Gathering of Developers,0.16,0.12,0,0.04,0.32
4291,Delta Force: Black Hawk Down,PS2,2005,Shooter,NovaLogic,0.22,0.17,0,0.06,0.46
10526,Monster Jam: Maximum Destruction,GBA,2002,Racing,Ubisoft,0.07,0.03,0,0,0.1
8941,Disney's Donald Duck: Goin' Quackers,PS,2000,Platform,Ubisoft,0.08,0.06,0,0.01,0.15
144,Sonic the Hedgehog 2,GEN,1992,Platform,Sega,4.47,1.2,0.16,0.19,6.03
10554,Water Sports,Wii,2009,Action,Avanquest,0.05,0.04,0,0.01,0.1
1430,Dragon Quest III: Soshite Densetsu e...,SNES,1996,Role-Playing,Enix Corporation,0,0,1.36,0,1.36
321,Big Brain Academy: Wii Degree,Wii,2007,Misc,Nintendo,1.06,1.93,0.41,0.43,3.82
15643,Final Fantasy XIV: Heavensward,PC,2015,Action,Square Enix,0.01,0.01,0,0,0.02
10198,Odama,GC,2006,Misc,Nintendo,0.07,0.02,0.02,0,0.11
9811,Chessmaster: The Art of Learning,PSP,2008,Misc,Ubisoft,0.11,0,0,0.01,0.12
13723,S.Y.K Renshouden Portable,PSP,2011,Adventure,Idea Factory,0,0,0.04,0,0.04
15427,Net High,PSV,2015,Adventure,Marvelous Games,0,0,0.02,0,0.02
15757,L.G.S: Shinsetsu Houshinengi,PSP,2012,Action,Idea Factory,0,0,0.02,0,0.02
4369,Dance Dance Revolution: Hottest Party 3,Wii,2009,Simulation,Konami Digital Entertainment,0.26,0.14,0,0.04,0.45
6529,Armored Core: Nexus,PS2,2004,Simulation,Indie Games,0.06,0.05,0.14,0.02,0.26
3718,Action Force,2600,1982,Action,CPG Products,0.5,0.03,0,0.01,0.54
9584,Dynasty Warriors 5 Empires,X360,2006,Action,Tecmo Koei,0.11,0.01,0,0.01,0.13
12675,Pucca Power Up,DS,2011,Platform,Rising Star Games,0.04,0.02,0,0,0.06
2689,Formula 1,PS,1996,Racing,Psygnosis,0.18,0.12,0.42,0.05,0.76
4813,Battalion Wars,GC,2005,Strategy,Nintendo,0.25,0.07,0.07,0.01,0.4
4374,Shin Megami Tensei: Persona 3,PS2,2006,Role-Playing,Tecmo Koei,0.22,0.03,0,0.2,0.45
8334,Bratz Kidz,Wii,2008,Misc,Game Factory,0.16,0,0,0.01,0.17
9103,PANGYA: Fantasy Golf,PSP,2009,Sports,Takara Tomy,0.09,0,0.04,0.01,0.14
9655,Supremacy MMA,PS3,2011,Fighting,505 Games,0.06,0.04,0,0.02,0.13
2695,MTV Celebrity Deathmatch,PS2,2003,Fighting,Gotham Games,0.37,0.29,0,0.1,0.76
11434,DanceDanceRevolution,X360,2011,Simulation,Konami Digital Entertainment,0.08,0,0,0.01,0.08
2324,Harry Potter: Quidditch World Cup,PS2,2003,Sports,Electronic Arts,0.44,0.34,0,0.11,0.9
577,Midnight Club: Street Racing,PS2,2000,Racing,Take-Two Interactive,2,0.47,0.02,0.14,2.63
14765,Mojo!,XB,2003,Puzzle,DreamCatcher Interactive,0.02,0.01,0,0,0.03
2615,Armored Core 2,PS2,2000,Simulation,Ubisoft,0.28,0.22,0.23,0.07,0.79
5498,Capcom Classics Collection Reloaded,PSP,2006,Misc,Capcom,0.26,0,0.03,0.03,0.33
16015,UEFA Champions League 2006-2007,PSP,2007,Sports,Electronic Arts,0.01,0,0,0,0.01
12470,Grey's Anatomy: The Video Game,Wii,2009,Adventure,Ubisoft,0.05,0.01,0,0,0.06
3558,Top Spin 3,X360,2008,Action,Take-Two Interactive,0.09,0.4,0,0.07,0.57
13449,Kimi ni Todoke: Tsutaeru Kimochi,DS,2011,Adventure,Banpresto,0,0,0.05,0,0.05
5559,Teen Titans,GC,2006,Action,THQ,0.25,0.07,0,0.01,0.33
10976,Island Xtreme Stunts,PS2,2002,Action,Electronic Arts,0.04,0.03,0,0.01,0.09
12792,Backyard NFL Football '08,PS2,2007,Sports,Atari,0.03,0.02,0,0.01,0.06
11881,Hakuouki: Yuugi Roku,PSP,2010,Adventure,Idea Factory,0,0,0.07,0,0.07
12928,Domino Rally,Wii,2007,Action,Nordcurrent,0.05,0,0,0,0.05
589,Streets of Rage,GEN,1990,Action,Sega,1.86,0.55,0.11,0.08,2.6
14100,Major League Baseball 2K8,PSP,N/A,Sports,Unknown,0.03,0,0,0,0.03
12429,DreamWorks Super Star Kartz,X360,2011,Racing,Activision,0.05,0.01,0,0,0.06
6349,Call of Juarez: The Cartel,X360,2011,Shooter,Ubisoft,0.14,0.11,0,0.03,0.27
14722,Saka Agari Hurricane Portable,PSP,2011,Adventure,Alchemist,0,0,0.03,0,0.03
6853,Dragon Ball Z: Sagas,XB,2005,Fighting,Atari,0.18,0.05,0,0.01,0.24
10516,Medal of Honor: Vanguard,Wii,2007,Shooter,Electronic Arts,0.06,0.03,0,0.01,0.1
9162,The Operative: No One Lives Forever,PS2,2002,Shooter,Electronic Arts,0.07,0.05,0,0.02,0.14
910,Max Payne 3,PS3,2012,Shooter,Take-Two Interactive,0.59,0.92,0.06,0.32,1.9
9590,Derby Stallion Advance,GBA,2002,Sports,Enterbrain,0,0,0.12,0,0.13
7820,Aliens versus Predator: Extinction,PS2,2003,Strategy,Electronic Arts,0.09,0.07,0,0.02,0.19
7622,South Park Rally,N64,2000,Racing,Acclaim Entertainment,0.16,0.04,0,0,0.2
2229,SSX,PS3,2012,Sports,Electronic Arts,0.35,0.42,0.02,0.14,0.93
5313,The Adventures of Jimmy Neutron Boy Genius: Jet Fusion,GBA,2003,Action,THQ,0.25,0.09,0,0.01,0.35
4020,Cars Mater-National Championship,Wii,2007,Racing,THQ,0.46,0,0,0.04,0.49
14370,Toaru Majutsu no Kagaku no Ensemble,PSP,2013,Adventure,Namco Bandai Games,0,0,0.03,0,0.03
1108,Ms. Pac-Man,2600,1981,Puzzle,Atari,1.54,0.1,0,0.02,1.65
6835,Super Monkey Ball Deluxe,PS2,2005,Misc,Sega,0.12,0.09,0,0.03,0.24
14932,Mind Your Language: Learn English! / French! / German! / Spanish! /Japanese!,DS,2009,Misc,PlayV,0,0.02,0,0,0.02
4425,Food Network: Cook or Be Cooked,Wii,2009,Misc,Namco Bandai Games,0.41,0,0,0.03,0.44
907,Destiny: The Taken King,PS4,2015,Shooter,Activision,0.77,0.78,0.04,0.31,1.91
2542,The Legend of Zelda: Four Swords Adventures,GC,2004,Action,Nintendo,0.63,0.16,0,0.02,0.81
5922,Far East of Eden Zero,SNES,1995,Role-Playing,Hudson Soft,0,0,0.3,0,0.3
16402,The Technomancer,PC,2016,Role-Playing,Focus Home Interactive,0,0.01,0,0,0.01
8354,Space Griffon VF-9,PS,1995,Role-Playing,Panther Software,0.02,0.02,0.12,0.01,0.17
14463,Blokus Portable: Steambot Championship,PSP,2006,Puzzle,Majesco Entertainment,0.03,0,0,0,0.03
12523,IHRA Professional Drag Racing 2005,XB,2004,Racing,Bethesda Softworks,0.04,0.01,0,0,0.06
9842,Rocksmith,PC,N/A,Misc,Unknown,0.06,0.04,0,0.01,0.12
11797,Hero Bank,3DS,2014,Role-Playing,Sega,0,0,0.07,0,0.07
11381,Derby Stallion 98,SNES,1998,Sports,ASCII Entertainment,0,0,0.08,0,0.08
1770,Sonic and the Black Knight,Wii,2009,Platform,Sega,0.69,0.35,0.01,0.11,1.15
16389,TrackMania Turbo,PC,2016,Action,Ubisoft,0,0.01,0,0,0.01
15679,TV Anime Idolm@ster: Cinderella Girls G4U! Pack Vol.2,PS3,2015,Action,Namco Bandai Games,0,0,0.02,0,0.02
11345,Shining Force: Resurrection of the Dark Dragon,GBA,2004,Role-Playing,THQ,0.06,0.02,0,0,0.08
12574,LEGO Batman: The Videogame,PC,2008,Action,Warner Bros. Interactive Entertainment,0.02,0.03,0,0.01,0.06
10629,Alien Hominid,PS2,2004,Shooter,Zoo Digital Publishing,0.05,0.04,0,0.01,0.1
14966,Carmen Sandiego: The Secret of the Stolen Drums,XB,2004,Action,BAM! Entertainment,0.02,0.01,0,0,0.02
87,Final Fantasy X,PS2,2001,Role-Playing,Sony Computer Entertainment,2.91,2.07,2.73,0.33,8.05
7907,Sing4: The Hits Edition,Wii,2011,Misc,Crave Entertainment,0.18,0,0,0.01,0.19
2544,Guitar Hero Live,PS4,2015,Misc,Activision,0.32,0.35,0,0.13,0.81
15830,Oshiri Kajiri Mushi no Rhythm Lesson DS: Kawai Ongaku Kyoushitsu Kanshuu,DS,2008,Misc,Sega,0,0,0.02,0,0.02
6234,Puyo Puyo! 15th Anniversary,DS,2006,Puzzle,Sega,0,0,0.28,0,0.28
503,Syphon Filter,PS,1999,Shooter,Sony Computer Entertainment,2.03,0.72,0.02,0.11,2.88
12483,Playmobil Knights,DS,2009,Action,Mindscape,0.04,0.01,0,0,0.06
7957,Penguin no Mondai X: Tenkuu no 7 Senshi,DS,2009,Action,Konami Digital Entertainment,0,0,0.19,0,0.19
13379,B-Boy,PSP,2006,Misc,Sony Computer Entertainment,0.04,0,0,0,0.05
1169,NASCAR 2000,PS,1999,Racing,Electronic Arts,0.88,0.6,0,0.1,1.59
9777,Mountain Sports,Wii,2009,Sports,Activision,0.11,0,0,0.01,0.12
3582,Petz Dogz 2,PS2,2007,Simulation,Ubisoft,0.28,0.21,0,0.07,0.56
13708,PopCap Arcade Vol 1,X360,2007,Puzzle,PopCap Games,0.04,0,0,0,0.04
4748,Battlefield 2: Modern Combat,X360,2006,Shooter,Electronic Arts,0.35,0.02,0.01,0.03,0.41
12496,Neon Genesis Evangelion,N64,1999,Adventure,Namco Bandai Games,0,0,0.06,0,0.06
9538,Namco Soccer Prime Goal,PS,1995,Sports,Sony Computer Entertainment,0,0,0.12,0.01,0.13
3907,Dragon Ball: Raging Blast,X360,2009,Fighting,Namco Bandai Games,0.36,0.09,0.02,0.04,0.51
1900,Fisherman's Bass Club,PS2,2002,Sports,Agetec,0.53,0.41,0,0.14,1.08
11985,Caesars Palace Advance: Millennium Gold Edition,GBA,2001,Misc,Majesco Entertainment,0.05,0.02,0,0,0.07
13011,TV Anime: Fairy Tale Gekitou! Madoushi Kessen,DS,2010,Fighting,Hudson Soft,0,0,0.05,0,0.05
5237,Arc the Lad: Twilight of the Spirits,PS2,2003,Role-Playing,Sony Computer Entertainment,0.18,0.14,0,0.05,0.36
9126,Destruction Derby Raw,PS,2000,Racing,Sony Computer Entertainment,0.08,0.05,0,0.01,0.14
1799,Royal Palace of White Sword and The City of Gentiles,PS2,2005,Role-Playing,Take-Two Interactive,0,0.51,0,0.62,1.14
6072,Dragon Ball Heroes: Ultimate Mission,3DS,2013,Misc,Namco Bandai Games,0,0,0.29,0,0.29
11618,Auto Destruct,PS,1998,Action,Electronic Arts,0.04,0.03,0,0.01,0.08
3109,Real Heroes: Firefighter,Wii,2009,Action,Rondomedia,0.56,0.04,0,0.05,0.65
12308,Rugby 15,PSV,2015,Sports,Bigben Interactive,0,0.05,0,0.01,0.06
1961,Spider-Man 2,GBA,2004,Action,Activision,0.76,0.28,0,0.02,1.06
8792,Tears to Tiara II: Heir of the Overlord,PS3,2013,Role-Playing,Nippon Ichi Software,0.07,0.02,0.06,0.01,0.15
16523,Tengai Makyo: Dai Yon no Mokushiroku,PSP,2006,Role-Playing,Hudson Soft,0,0,0.01,0,0.01
8851,F1 2001,PS2,2001,Racing,Electronic Arts,0.07,0.06,0,0.02,0.15
14785,Under the Skin,PS2,2004,Action,Capcom,0.01,0.01,0,0,0.03
11082,Pachitte Chonmage Tatsujin 10: Pachinko Fuyu no Sonata,PS2,2007,Misc,Hackberry,0,0,0.09,0,0.09
11999,MotoGP 15,PS3,2015,Racing,Milestone S.r.l.,0,0.03,0.03,0.01,0.07
7144,Spartan: Total Warrior,PS2,2005,Action,Sega,0.11,0.09,0,0.03,0.22
12193,Lucian Bee's: Justice Yellow / Evil Violet,PS2,2010,Adventure,5pb,0,0,0.07,0,0.07
2286,MX vs. ATV Reflex,PS3,2009,Racing,THQ,0.52,0.26,0,0.12,0.91
1033,Dishonored,X360,2012,Action,Bethesda Softworks,1.06,0.52,0.01,0.14,1.73
8319,Pro Evolution Soccer 2014,PSP,2013,Action,Konami Digital Entertainment,0,0.03,0.14,0,0.17
1198,Stuntman,PS2,2002,Racing,Atari,0.76,0.59,0,0.2,1.55
10380,Carnage Heart,PS,1995,Strategy,Sony Computer Entertainment,0.01,0.01,0.09,0.01,0.11
8071,ZhuZhu Puppies,DS,2011,Simulation,Activision,0.13,0.04,0,0.01,0.18
15532,Marvel Avengers: Battle for Earth,X360,2012,Action,Ubisoft,0.02,0,0,0,0.02
6509,Madden NFL 2005,DS,2004,Sports,Electronic Arts,0.24,0,0,0.02,0.26
14311,Hallowed Legends: Samhain,PC,2011,Adventure,Focus Home Interactive,0,0.02,0,0.01,0.03
11717,Baroque,Wii,2008,Role-Playing,Rising Star Games,0.07,0,0,0,0.08
5261,J-League Pro Soccer Club o Tsukurou!,DC,1999,Sports,Sega,0,0,0.36,0,0.36
4401,Vandal Hearts,PS,1996,Role-Playing,Konami Digital Entertainment,0.14,0.09,0.19,0.03,0.45
6573,Drakan: The Ancients' Gates,PS2,2002,Adventure,Sony Computer Entertainment,0.13,0.1,0,0.03,0.26
9472,Lovely Lisa and Friends,DS,2010,Simulation,Tomy Corporation,0.12,0,0,0.01,0.13
2993,Doom (2016),XOne,2016,Shooter,Bethesda Softworks,0.39,0.23,0,0.06,0.68
6055,SD Gundam Gaiden: Knight Gundam Monogatari: Ooinaru Isan,SNES,1991,Role-Playing,Angel Studios,0,0,0.29,0,0.29
11221,Blacksite: Area 51,PS3,2007,Shooter,Midway Games,0.07,0.01,0,0.01,0.09
11464,Black/Matrix,SAT,1998,Strategy,NEC Interchannel,0,0,0.08,0,0.08
12676,Resident Evil 2,GC,2003,Action,Capcom,0.04,0.01,0,0,0.06
301,Professor Layton and the Diabolical Box,DS,2007,Puzzle,Nintendo,0.92,1.78,0.92,0.37,4
7392,Champion Jockey: G1 Jockey & Gallop Racer,PS3,2011,Sports,Tecmo Koei,0.06,0.05,0.08,0.02,0.21
12297,Smart Boy's Toys Club,DS,2008,Misc,505 Games,0.06,0,0,0,0.06
6982,Kung Fu Panda 2,DS,2011,Action,THQ,0.16,0.05,0,0.02,0.23
12350,Star Wars Knights of the Old Republic II: The Sith Lords,PC,2005,Role-Playing,LucasArts,0.01,0.04,0,0.01,0.06
11439,Steins;Gate: Hiyoku Renri no Darling,X360,2011,Adventure,5pb,0,0,0.08,0,0.08
6830,"What Did I Do to Deserve This, My Lord!? 2",PSP,2008,Role-Playing,Nippon Ichi Software,0.05,0,0.18,0.01,0.24
13430,Tropico 3,PC,2009,Strategy,Kalypso Media,0,0.04,0,0.01,0.05
11376,Zatch Bell! Mamodo Battles,PS2,2005,Fighting,Namco Bandai Games,0.04,0.03,0,0.01,0.08
11211,Gray Matter,PC,2011,Adventure,DTP Entertainment,0.02,0.05,0,0.01,0.09
15782,Big Bass Fishing,PS,2002,Action,Take-Two Interactive,0,0,0.02,0,0.02
14643,Ao no Kanata no Four Rhythm,PSV,2016,Adventure,Unknown,0,0,0.03,0,0.03
9713,Rocket League,XOne,2016,Sports,505 Games,0.03,0.09,0,0.01,0.12
15702,Lost: Via Domus,PC,2008,Action,Ubisoft,0,0.01,0,0,0.02
1654,Fuzion Frenzy,XB,2001,Misc,Microsoft Game Studios,0.93,0.24,0,0.04,1.21
12621,Tabi no Yubisashi Kaiwachou DS: DS Series 3 Kankoku,DS,2006,Misc,Nintendo,0,0,0.06,0,0.06
15420,Trapped Dead,PC,2011,Strategy,Iceberg Interactive,0,0.02,0,0,0.02
8078,Vampire Savior: The Lord of Vampire,SAT,1998,Fighting,Capcom,0,0,0.18,0,0.18
12502,NBA Hangtime,PS,1996,Sports,Midway Games,0.03,0.02,0,0,0.06
9455,Fire ProWrestling,GBA,2001,Fighting,Spike,0.09,0.03,0,0,0.13
6112,VMX Racing,PS,1997,Racing,Playmates,0.16,0.11,0,0.02,0.28
9387,Shin Megami Tensei: Devil Summoner 2 - Raidou Kuzunoha vs. King Abaddon,PS2,2008,Role-Playing,Atlus,0.07,0.05,0,0.02,0.13
16191,Toro to Morimori,PS3,2009,Misc,Sony Computer Entertainment,0,0,0.01,0,0.01
8480,Dungeon Siege: Throne of Agony,PSP,2006,Role-Playing,Take-Two Interactive,0.13,0.02,0,0.02,0.16
11576,Sherlock Holmes: Crimes & Punishments,PS3,2014,Adventure,Focus Home Interactive,0.03,0.04,0,0.01,0.08
3560,LEGO Dimensions,X360,2015,Action,Warner Bros. Interactive Entertainment,0.24,0.28,0,0.05,0.56
13990,Legasista,PS3,2012,Role-Playing,Nippon Ichi Software,0,0,0.04,0,0.04
15993,Shinseiki Evangelion: Battle Orchestra Portable,PSP,2009,Fighting,Broccoli,0,0,0.01,0,0.01
13879,Kevin Van Dam: Big Bass Challenge,Wii,2010,Sports,Zoo Games,0.04,0,0,0,0.04
6993,SingStar Pop Edition,PS3,2009,Misc,Sony Computer Entertainment,0,0.19,0,0.05,0.23
6483,Ford Racing 3,PS2,2004,Racing,Take-Two Interactive,0.13,0.1,0,0.03,0.26
15002,Wii de Asobu: Metroid Prime,Wii,N/A,Shooter,Nintendo,0,0,0.02,0,0.02
4069,Bass Pro Shops: The Strike,Wii,2009,Sports,XS Games,0.45,0,0,0.03,0.49
2302,Buzz! Quiz TV,PS3,2008,Misc,Sony Computer Entertainment,0.28,0.48,0,0.14,0.9
4509,NiGHTS into dreams...,SAT,1996,Platform,Sega,0,0,0.43,0,0.43
8891,Scooby-Doo! Mystery Mayhem,XB,2004,Action,THQ,0.11,0.03,0,0.01,0.15
13071,Kids Learn Music A+ Edition,DS,2011,Misc,Unknown,0.05,0,0,0,0.05
822,Mario & Luigi: Dream Team,3DS,2013,Role-Playing,Nintendo,0.89,0.57,0.46,0.13,2.06
3945,Wolfenstein: The New Order,PS3,2014,Shooter,Bethesda Softworks,0.14,0.25,0.02,0.09,0.51
5733,Alone in the Dark: One-Eyed Jack's Revenge,PS,1996,Adventure,Infogrames,0.17,0.12,0,0.02,0.31
3655,TMNT,X360,2007,Action,Ubisoft,0.47,0.04,0,0.04,0.55
7567,International Cricket 2010,PS3,2010,Sports,Codemasters,0,0.15,0,0.05,0.2
2211,SaGa Frontier 2,PS,1999,Role-Playing,SquareSoft,0.1,0.07,0.71,0.06,0.94
5407,Momotarou Dentetsu DS: Tokyo & Japan,DS,2007,Misc,Hudson Soft,0,0,0.34,0,0.34
5923,Sword Art Online: Hollow Fragment,PSV,2014,Role-Playing,Namco Bandai Games,0,0,0.3,0,0.3
3159,Castlevania,N64,1999,Platform,Konami Digital Entertainment,0.44,0.1,0.04,0.05,0.64
11047,V-Rally Edition 99,N64,1998,Racing,Infogrames,0.07,0.02,0,0,0.09
12389,Strike Force Bowling,GC,2005,Sports,Crave Entertainment,0.05,0.01,0,0,0.06
14487,Super Collapse! II,GBA,2004,Puzzle,Majesco Entertainment,0.02,0.01,0,0,0.03
8405,Pursuit Force,PSP,2005,Racing,Sony Computer Entertainment,0.14,0.01,0,0.02,0.17
13315,Robotech: Invasion,XB,2004,Shooter,Global Star,0.04,0.01,0,0,0.05
15211,Steal Princess,DS,N/A,Platform,Unknown,0.02,0,0,0,0.02
1725,Wario Land: Shake It!,Wii,2008,Platform,Nintendo,0.6,0.31,0.15,0.11,1.17
12594,Tenchi Muyou! Ryoukouki Gokuraku,SAT,1995,Adventure,Yumedia,0,0,0.06,0,0.06
1168,LEGO Harry Potter: Years 1-4,X360,2010,Action,Warner Bros. Interactive Entertainment,0.95,0.5,0,0.14,1.59
14885,God Eater Off Shot: Lindow-hen Twin Pack & Animation Vol. 2,PS4,2015,Misc,Namco Bandai Games,0,0,0.03,0,0.03
14137,Maximum Racing: Drag & Stock Racer,Wii,2010,Racing,Nordic Games,0.03,0,0,0,0.03
16458,Shijyou Saikyou no Deshi Kenichi: Gekitou! Ragnarok Hachikengou,PS2,2007,Fighting,Capcom,0,0,0.01,0,0.01
14578,Nanashi no Game Me,DS,2009,Action,Square Enix,0,0,0.03,0,0.03
18,Grand Theft Auto: San Andreas,PS2,2004,Action,Take-Two Interactive,9.43,0.4,0.41,10.57,20.81
16006,Serious Sam II,PC,2005,Shooter,Take-Two Interactive,0,0.01,0,0,0.01
6824,Deca Sports 3,Wii,2010,Sports,Hudson Soft,0.15,0.07,0,0.02,0.24
13967,Minority Report: Everybody Runs,GBA,2002,Action,Activision,0.03,0.01,0,0,0.04
1850,Megamania,2600,1981,Shooter,Activision,1.03,0.06,0,0.01,1.1
4589,Top Spin 4,X360,2011,Sports,Take-Two Interactive,0.15,0.23,0,0.04,0.42
11608,LEGO Soccer Mania,GBA,2002,Sports,Electronic Arts,0.06,0.02,0,0,0.08
10753,"Blast Works: Build, Trade, Destroy",Wii,2008,Shooter,Eidos Interactive,0.09,0,0,0.01,0.1
4845,Rampage: Total Destruction,GC,2006,Action,Midway Games,0.31,0.08,0,0.01,0.4
13252,Far Cry,PC,2004,Shooter,Ubisoft,0,0.04,0,0.01,0.05
14686,Animaniacs: The Great Edgar Hunt,GC,2005,Platform,Ignition Entertainment,0.02,0.01,0,0,0.03
12731,Nights of Azure,PS4,2015,Action,Tecmo Koei,0.03,0.02,0,0.01,0.06
350,Call of Duty: Ghosts,PS4,2013,Shooter,Activision,1.78,1.42,0.05,0.38,3.63
8740,All-Pro Football 2K8,PS3,2007,Sports,Take-Two Interactive,0.14,0,0,0.01,0.15
8560,Summon Night EX-Thesis: Yoake no Tsubasa,PS2,2005,Role-Playing,Banpresto,0,0,0.16,0,0.16
15943,Worms: WMD,PS4,2016,Action,Sold Out,0.01,0.01,0,0,0.02
14658,Battlefield Vietnam,PC,2004,Shooter,Electronic Arts,0,0.02,0,0,0.03
16105,Tobidase! Kagaku-kun Chikyuu Daitanken! Nazo no Chinkai Seibutsu ni Idome!,DS,2011,Misc,Namco Bandai Games,0,0,0.01,0,0.01
5535,Parodius,PS,1994,Shooter,Konami Digital Entertainment,0,0,0.31,0.02,0.33
4622,The Adventures of Jimmy Neutron Boy Genius: Jet Fusion,PS2,2003,Action,THQ,0.21,0.16,0,0.05,0.42
14074,Tao Adventure: Curse Demon,DS,2005,Role-Playing,Konami Digital Entertainment,0.03,0,0,0,0.04
14123,Bounty Hounds,PSP,2006,Action,Namco Bandai Games,0.03,0,0,0,0.03
3173,Jampack Volume 13 (RP-T),PS2,2005,Misc,Sony Computer Entertainment,0.31,0.24,0,0.08,0.64
4507,Trials Fusion,PS4,2014,Racing,Ubisoft,0.13,0.21,0.01,0.08,0.43
11121,Sniper Elite,XB,2005,Shooter,Ubisoft,0.07,0.02,0,0,0.09
12418,MotoGP 10/11,X360,2011,Racing,Capcom,0,0.05,0,0.01,0.06
3409,Crash Bandicoot: The Wrath of Cortex,GC,2002,Platform,Universal Interactive,0.46,0.12,0,0.02,0.59
15237,Sacred Gold,PC,2005,Role-Playing,Encore,0,0.02,0,0,0.02
3081,Keystone Kapers,2600,1982,Action,Activision,0.62,0.04,0,0.01,0.66
12056,Xbox Live Arcade Unplugged Volume 1,X360,2006,Misc,Microsoft Game Studios,0.05,0.01,0,0.01,0.07
817,Tom Clancy's Splinter Cell: Conviction,X360,2010,Action,Ubisoft,1.2,0.63,0.04,0.19,2.06
4262,American Girl: Kit Mystery Challenge!,DS,2008,Adventure,THQ,0.42,0,0,0.03,0.46
3278,Wall-E,X360,2008,Platform,THQ,0.29,0.26,0,0.07,0.62
2136,Yakuza 4,PS3,N/A,Action,Sega,0.15,0.14,0.63,0.05,0.97
9153,WCW Backstage Assault,N64,N/A,Action,Unknown,0.11,0.03,0,0,0.14
15054,Natalie Brooks: Mystery at Hillcrest High,DS,2012,Action,Licensed 4U,0,0.02,0,0,0.02
6750,Hasbro Family Game Night 3,PS3,2010,Misc,Electronic Arts,0.18,0.04,0,0.03,0.25
8368,Country Dance: All Stars,X360,2012,Action,GameMill Entertainment,0.16,0,0,0.01,0.17
8324,Professor Heinz Wolff's Gravity,Wii,2008,Puzzle,Deep Silver,0.04,0.12,0,0.02,0.17
12458,Cocoto Kart Racer,Wii,2008,Racing,Conspiracy Entertainment,0.06,0,0,0,0.06
11842,Spot Goes to Hollywood,PS,1996,Platform,Virgin Interactive,0.04,0.03,0,0,0.07
258,Call of Duty: Advanced Warfare,X360,2014,Shooter,Activision,2.75,1.18,0,0.37,4.31
11045,Ochaken no Heya DS 2,DS,2007,Simulation,MTO,0,0,0.09,0,0.09
4828,RR64: Ridge Racer 64,N64,1999,Racing,Nintendo,0.32,0.07,0,0,0.4
815,Need for Speed: ProStreet,X360,2007,Racing,Electronic Arts,1.04,0.8,0.01,0.22,2.06
3670,Shrek 2,XB,2004,Platform,Activision,0.4,0.13,0,0.02,0.55
11346,Shining Soul II,GBA,2003,Role-Playing,THQ,0.06,0.02,0,0,0.08
9064,The Orange Box,PC,2007,Shooter,Electronic Arts,0,0.11,0,0.03,0.14
11773,Gundam Battle Tactics,PSP,2005,Action,Namco Bandai Games,0,0,0.07,0,0.07
625,Rock Band,X360,N/A,Misc,Electronic Arts,1.93,0.34,0,0.21,2.48
2861,Dragon Quest Swords: The Masked Queen and the Tower of Mirrors,Wii,2007,Role-Playing,Square Enix,0.18,0.01,0.5,0.02,0.71
11636,Emily the Strange: Strangerous,DS,2011,Action,DTP Entertainment,0.04,0.03,0,0.01,0.08
2281,Knockout Kings 2002,PS2,2002,Sports,Electronic Arts,0.45,0.35,0,0.12,0.91
14735,My Animal Centre,Wii,2009,Simulation,Deep Silver,0,0.02,0,0,0.03
14511,The Idolmaster: Gravure For You! Vol. 5,PS3,2012,Misc,Namco Bandai Games,0,0,0.03,0,0.03
11234,Sega Bass Fishing,DC,1999,Sports,Sega,0,0,0.09,0,0.09
666,Madden NFL 08,X360,2007,Sports,Electronic Arts,2.18,0.01,0,0.18,2.37
15848,W.L.O. Sekai Renai Kikousen,X360,2010,Adventure,5pb,0,0,0.02,0,0.02
1269,Final Fantasy: Crystal Chronicles,GC,2003,Role-Playing,Nintendo,0.72,0.38,0.36,0.04,1.49
9512,Momotaro Douchuuki,SAT,1997,Misc,Hudson Soft,0,0,0.13,0,0.13
9581,Zapper: One Wicked Cricket!,GC,2002,Platform,Infogrames,0.1,0.03,0,0,0.13
6316,Gun,X360,N/A,Shooter,Activision,0.24,0.01,0,0.02,0.27
1314,WCW vs the World,PS,1998,Fighting,THQ,1.17,0.2,0.04,0.05,1.46
9643,Dragon Ball: Origins,DS,2008,Action,Atari,0.09,0.03,0,0.01,0.13
12953,Growlanser: Heritage of War (jp sales),PS2,2006,Role-Playing,Rising Star Games,0,0,0.05,0,0.05
14158,Clash of Elementalists,3DS,2013,Action,Unknown,0,0.03,0,0,0.03
6016,Medieval Moves: Deadmund's Quest,PS3,2011,Action,Sony Computer Entertainment,0.13,0.12,0,0.05,0.29
14432,Far East of Eden Shinden,NG,1995,Fighting,Hudson Soft,0,0,0.03,0,0.03
8309,Looney Tunes: Back in Action,GC,2003,Platform,Warner Bros. Interactive Entertainment,0.13,0.03,0,0,0.17
943,Demon's Souls,PS3,2009,Role-Playing,Namco Bandai Games,0.97,0.34,0.35,0.18,1.84
11399,Kaijuu Busters Powered,DS,2011,Action,Namco Bandai Games,0,0,0.08,0,0.08
872,Tom Clancy's Rainbow Six: Vegas,X360,2006,Shooter,Ubisoft,1.09,0.65,0.02,0.2,1.96
1852,The Legend of Zelda: Tri Force Heroes,3DS,2015,Action,Nintendo,0.52,0.33,0.17,0.08,1.1
5473,Chicken Blaster,Wii,2009,Shooter,Zushi Games,0.31,0,0,0.02,0.33
10617,Kelly Slater's Pro Surfer,XB,2002,Sports,Activision,0.08,0.02,0,0,0.1
6504,Smart Girl's Playhouse,DS,2007,Misc,505 Games,0.24,0,0,0.02,0.26
10691,NeverDead,X360,2012,Shooter,Konami Digital Entertainment,0.06,0.03,0,0.01,0.1
2043,Bayonetta 2,WiiU,2014,Action,Nintendo,0.34,0.28,0.1,0.3,1.01
12359,Osu! Tatakae! Ouendan,DS,2005,Misc,Nintendo,0,0,0.06,0,0.06
16415,Time Leap,X360,2009,Adventure,Prototype,0,0,0.01,0,0.01
25,Grand Theft Auto: Vice City,PS2,2002,Action,Take-Two Interactive,8.41,5.49,0.47,1.78,16.15
14189,Battle Assault 3 featuring Gundam Seed,PS2,2004,Action,Namco Bandai Games,0.02,0.01,0,0,0.03
6827,F1 2015,XOne,2015,Racing,Codemasters,0.08,0.15,0,0.02,0.24
2127,Brutal Legend,X360,2009,Action,Electronic Arts,0.62,0.27,0,0.09,0.98
12207,The Guided Fate Paradox,PS3,2013,Role-Playing,Nippon Ichi Software,0,0,0.06,0,0.07
5902,Need for Speed: Most Wanted,PC,2005,Racing,Electronic Arts,0.02,0.23,0,0.05,0.3
2232,Build-A-Bear Workshop,DS,2007,Simulation,Game Factory,0.85,0.01,0,0.07,0.93
12468,PenPen TriIceLon,DC,1998,Racing,Infogrames,0,0,0.06,0,0.06
6755,SBK Superbike World Championship,PS3,2008,Racing,Black Bean Games,0.12,0.11,0,0.02,0.25
11061,Dragon Ball Z: Shin Butouden,SAT,1995,Fighting,Namco Bandai Games,0,0,0.09,0,0.09
16156,Entaku no Seito: Students of Round,X360,2011,Role-Playing,ChunSoft,0,0,0.01,0,0.01
6724,Ninja Gaiden 3,X360,2012,Action,Tecmo Koei,0.16,0.05,0.03,0.02,0.25
11470,Junior Classic Books & Fairytales,DS,2010,Misc,GSP,0.06,0.01,0,0.01,0.08
13965,Hisshou Pachinko*Pachi-Slot Kouryaku Series DS Vol. 5: Shinseiki Evangelion - Tamashii no Kiseki,DS,2010,Misc,D3Publisher,0,0,0.04,0,0.04
2365,NBA 2K6,PS2,2005,Action,Take-Two Interactive,0.43,0.34,0,0.11,0.88
10863,Rosco McQueen: Firefighter Extreme,PS,1997,Action,Sony Computer Entertainment,0.05,0.04,0,0.01,0.09
7986,Samurai Warriors: State of War,PSP,2005,Action,Tecmo Koei,0.07,0,0.11,0.01,0.19
13812,Gummy Bears Mini Golf,Wii,2010,Sports,Unknown,0.04,0,0,0,0.04
8036,Jurassic Park III: Island Attack,GBA,2001,Adventure,Konami Digital Entertainment,0.13,0.05,0,0,0.18
13299,Payday 2,PC,2013,Shooter,505 Games,0.04,0,0,0,0.05
15273,World Neverland 2in1 Portable: Olerud Kingdom & Republic of Pluto,PSP,2008,Simulation,fonfun,0,0,0.02,0,0.02
10210,Bionicle Heroes,GC,2006,Shooter,Eidos Interactive,0.08,0.02,0,0,0.11
13257,Block Kuzushi,SNES,1995,Puzzle,Pow,0,0,0.05,0,0.05
14260,Garfield: A Tale of Two Kitties,DS,2006,Platform,Game Factory,0.03,0,0,0,0.03
14248,PowerSlave,PS,1996,Shooter,BMG Interactive Entertainment,0.02,0.01,0,0,0.03
8752,XGIII: Extreme G Racing,GC,2001,Racing,Acclaim Entertainment,0.12,0.03,0,0,0.15
14266,Street Supremacy,PSP,2005,Racing,Konami Digital Entertainment,0.03,0,0,0,0.03
8009,.hack//Quarantine Part 4: The Final Chapter,PS2,2003,Role-Playing,Atari,0.09,0.07,0,0.02,0.18
12599,Doraemon: Nobita no Uchuu Eiyuuki,3DS,2015,Action,FuRyu,0,0,0.06,0,0.06
7473,Pro Yaky? Spirits 2010,PS3,2010,Sports,Konami Digital Entertainment,0,0,0.21,0,0.21
490,Mass Effect,X360,2007,Role-Playing,Microsoft Game Studios,1.83,0.8,0.03,0.27,2.93
14236,NASCAR Heat Evolution,PS4,2016,Racing,Dusenberry Martin Racing,0.03,0,0,0.01,0.03
5475,Klonoa 2: Lunatea's Veil,PS2,2001,Platform,Sony Computer Entertainment,0.12,0.1,0.08,0.03,0.33
8888,Rock Band: Metal Track Pack,X360,2009,Misc,MTV Games,0.14,0,0,0.01,0.15
4286,The Golden Compass,X360,2007,Action,Sega,0.3,0.12,0,0.04,0.46
4121,Harvest Moon DS (US sales),DS,2005,Simulation,Rising Star Games,0.41,0.07,0,0,0.48
2409,Tales of Xillia 2,PS3,2012,Role-Playing,Namco Bandai Games,0.2,0.15,0.45,0.07,0.87
3614,DS Bimoji Training,DS,2008,Misc,Nintendo,0,0,0.56,0,0.56
10209,Paws & Claws Pet Vet: Australian Adventures,DS,2009,Simulation,THQ,0.1,0,0,0.01,0.11
7722,Test Drive Unlimited 2,PC,N/A,Racing,Atari,0.05,0.11,0,0.03,0.2
7118,Buzz! Junior: RoboJam,PS2,2007,Misc,Sony Computer Entertainment,0.11,0.09,0,0.03,0.23
637,Tom Clancy's Rainbow Six: Vegas 2,X360,2008,Shooter,Ubisoft,1.56,0.61,0.02,0.23,2.42
7460,Greg Hastings Paintball 2,X360,2010,Shooter,Majesco Entertainment,0.19,0,0,0.01,0.21
13114,All Star Tennis 99,N64,1999,Sports,Ubisoft,0.04,0.01,0,0,0.05
11851,Rugby League 3,Wii,2010,Sports,Alternative Software,0,0.06,0,0.01,0.07
5319,The Shoot,PS3,2010,Shooter,Sony Computer Entertainment,0.13,0.16,0.01,0.06,0.35
7242,Ben 10 Alien Force: Vilgax Attacks,X360,2009,Action,D3Publisher,0.11,0.09,0,0.02,0.22
11200,The Penguins of Madagascar: Dr. Blowhole Returns - Again!,Wii,2011,Action,THQ,0.05,0.03,0,0.01,0.09
6435,Don King Boxing,Wii,2009,Sports,Take-Two Interactive,0.14,0.1,0,0.03,0.27
12309,Kururin Paradise,GBA,2002,Puzzle,Unknown,0,0,0.06,0,0.06
1432,Yoshi's New Island,3DS,2014,Platform,Nintendo,0.47,0.51,0.28,0.09,1.36
4719,LEGO Jurassic World,PSV,2015,Action,Warner Bros. Interactive Entertainment,0.09,0.23,0,0.09,0.41
15067,Suzumiya Haruhi no Heiretsu,Wii,2009,Adventure,Sega,0,0,0.02,0,0.02
7367,Prison Break: The Conspiracy,X360,2010,Action,Deep Silver,0.07,0.12,0,0.02,0.21
5019,Ninja: Shadow of Darkness,PS,1998,Action,Eidos Interactive,0.21,0.14,0,0.02,0.38
3571,The Sims: Bustin' Out,XB,2003,Simulation,Electronic Arts,0.4,0.14,0,0.02,0.56
9781,Making History: The Great War,PSP,2010,Strategy,Namco Bandai Games,0,0,0.12,0,0.12
977,Professor Layton and the Mask of Miracle,3DS,2011,Puzzle,Nintendo,0.32,0.95,0.36,0.14,1.78
15071,Pe-Jongju to Manabu Kankokugo DS: Test-Hen,DS,2010,Misc,D3Publisher,0,0,0.02,0,0.02
4308,DanceStar Party,PS3,2011,Misc,Sony Computer Entertainment,0,0.35,0,0.1,0.46
12027,AMF Bowling Pinbusters!,DS,2008,Sports,Vir2L Studios,0.06,0,0,0,0.07
4280,"Barbie: Jet, Set & Style!",DS,2011,Misc,THQ,0.37,0.05,0,0.03,0.46
15593,Starry ? Sky: After Summer,PSP,2013,Misc,Asgard,0,0,0.02,0,0.02
1566,Rockstar Games presents Table Tennis,Wii,2007,Sports,Take-Two Interactive,0.39,0.73,0,0.15,1.27
12430,Arkanoid DS,DS,2007,Puzzle,Square Enix,0.06,0,0,0,0.06
236,Splatoon,WiiU,2015,Shooter,Nintendo,1.55,1.15,1.44,0.43,4.57
10920,Bogey: Dead 6,PS,1996,Simulation,Sony Computer Entertainment,0.05,0.04,0,0.01,0.09
6335,Fullmetal Alchemist 2: Curse of the Crimson Elixir,PS2,2004,Role-Playing,Square Enix,0.13,0.1,0,0.03,0.27
878,Def Jam Vendetta,PS2,2003,Fighting,Electronic Arts,0.95,0.74,0,0.25,1.94
5607,Bigfoot: Collision Course,Wii,2008,Racing,Zoo Digital Publishing,0.3,0,0,0.02,0.32
1370,Fight Night Round 4,X360,2009,Fighting,Electronic Arts,0.95,0.34,0,0.13,1.41
15019,TV Anime Idolm@ster: Cinderella Girls G4U! Pack Vol.9,PS3,2016,Misc,Namco Bandai Games,0,0,0.02,0,0.02
11178,Jikkyou Powerful Pro Yakyuu 2000 Ketteiban,PS,2000,Sports,Konami Digital Entertainment,0,0,0.08,0.01,0.09
4906,FIFA 12,3DS,2011,Sports,Electronic Arts,0.08,0.26,0,0.05,0.39
4976,Jam Sessions: Sing and Play Guitar (US sales),DS,2007,Misc,Ubisoft,0.38,0,0,0,0.38
10829,Taiko no Tatsujin: Don Don! Mystery Adventure,3DS,2016,Action,Namco Bandai Games,0,0,0.09,0,0.09
5617,Harvest Moon: Back to Nature,PS,1999,Simulation,Ubisoft,0.11,0.07,0.12,0.02,0.32
6715,Ultimate Band,Wii,2008,Misc,Disney Interactive Studios,0.2,0.03,0,0.02,0.25
1820,Supercar Street Challenge,PS2,2001,Racing,Activision,0.55,0.43,0,0.14,1.12
8885,X-Men: The Official Game,GC,2006,Action,Activision,0.12,0.03,0,0,0.15
4765,Hatsune Miku: Project Diva 2nd,PSP,2010,Misc,Sega,0,0,0.41,0,0.41
13603,NASCAR 07,XB,2006,Racing,Electronic Arts,0.03,0.01,0,0,0.04
2131,de Blob,Wii,2008,Platform,THQ,0.5,0.37,0,0.1,0.97
7081,Saka-Tsuku DS: Touch and Direct,DS,2008,Sports,Sega,0,0,0.23,0,0.23
5308,Racquet Sports,PS3,2010,Sports,Ubisoft,0.11,0.17,0,0.06,0.35
13874,I'm A Celebrity: Get Me Out of Here!,DS,2009,Misc,Mindscape,0,0.04,0,0,0.04
14466,Atelier Shallie Plus: Alchemists of the Dusk Sea,PSV,2016,Role-Playing,Tecmo Koei,0,0,0.03,0,0.03
2022,Bomberman,NES,1985,Puzzle,Hudson Soft,0.18,0,0.85,0,1.03
993,Sonic the Hedgehog 3,GEN,1994,Platform,Sega,1.02,0.47,0.2,0.07,1.76
1303,Midway Arcade Treasures,PS2,2003,Misc,Midway Games,0.72,0.56,0,0.19,1.46
1259,Super Scribblenauts,DS,2010,Puzzle,Warner Bros. Interactive Entertainment,1.08,0.31,0,0.11,1.5
1919,NCAA Football 14,X360,2013,Sports,Electronic Arts,1.01,0,0,0.06,1.07
16074,World Poker Tour,GBA,2005,Misc,Take-Two Interactive,0.01,0,0,0,0.01
8759,Klax,2600,1989,Puzzle,Atari,0.14,0.01,0,0,0.15
1912,Spore Creatures,DS,2008,Simulation,Electronic Arts,0.67,0.3,0,0.11,1.08
12307,Nicola Kanshuu: Model * Oshare Audition,DS,2010,Misc,Alchemist,0,0,0.06,0,0.06
13020,Lagoon,SNES,1991,Role-Playing,Kemco,0,0,0.05,0,0.05
2796,FIFA: Road to World Cup 98,PS,1997,Sports,Electronic Arts,0.14,0.09,0.46,0.05,0.73
14561,Heathcliff! The Fast and the Furriest,Wii,2010,Racing,Storm City Games,0.03,0,0,0,0.03
15912,Kao the Kangaroo Round 2,PS2,2005,Platform,JoWood Productions,0.01,0.01,0,0,0.02
2700,SoulCalibur V,PS3,2012,Fighting,Namco Bandai Games,0.35,0.24,0.07,0.1,0.76
1433,Ryse: Son of Rome,XOne,2013,Action,Microsoft Game Studios,0.82,0.42,0,0.11,1.36
7743,The Hobbit,GBA,2003,Platform,Vivendi Games,0.14,0.05,0,0,0.19
11164,Sotsugyou Crossworld,PS,1996,Simulation,Hearty Robin,0,0,0.08,0.01,0.09
9972,Darkspore,PC,2011,Role-Playing,Electronic Arts,0.07,0.03,0,0.01,0.12
15125,SAW,PC,2009,Action,Konami Digital Entertainment,0,0.02,0,0,0.02
4722,Spider-Man: Web of Shadows,X360,2008,Action,Activision,0.36,0.02,0,0.03,0.41
6940,Sesame Street: Elmo's Number Journey,PS,1998,Misc,NewKidCo,0.13,0.09,0,0.02,0.24
359,WWF SmackDown!,PS,2000,Fighting,THQ,2.01,1.35,0.06,0.16,3.58
3257,Warriors Orochi 3,PS3,2011,Action,Ubisoft Annecy,0,0.04,0.57,0.01,0.62
14949,Jikkyou Powerful Pro Yakyuu 12 Ketteiban,GC,2005,Sports,Konami Digital Entertainment,0,0,0.02,0,0.02
15536,Shrek / Shark Tale Game Boy Advance Video,GBA,2006,Misc,Hasbro Interactive,0.01,0,0,0,0.02
12541,Toriko: Gourmet Battle!,3DS,2013,Role-Playing,Namco Bandai Games,0,0,0.06,0,0.06
318,Namco Museum Vol.1,PS,1995,Misc,Sony Computer Entertainment,2.12,1.44,0.22,0.06,3.84
13696,WarJetz,PS2,2001,Shooter,3DO,0.02,0.02,0,0.01,0.04
892,Mortal Kombat vs. DC Universe,X360,2008,Fighting,Midway Games,1.53,0.24,0,0.16,1.93
14868,Moyashimon DS,DS,2009,Action,Takara Tomy,0,0,0.03,0,0.03
14365,Dungeon Maker: Hunting Ground,PSP,2006,Role-Playing,Global A Entertainment,0.03,0,0,0,0.03
12337,Steins;Gate: Senkei Kousoku no Phonogram,PS3,2013,Adventure,5pb,0,0,0.06,0,0.06
15349,Code R,SAT,1998,Adventure,Quintet,0,0,0.02,0,0.02
9303,Kororinpa: Marble Mania,Wii,2006,Puzzle,Nintendo,0.08,0.02,0.03,0.01,0.14
8691,World Soccer Winning Eleven 2010: Aoki Samurai no Chousen,PSP,2010,Sports,Konami Digital Entertainment,0,0,0.16,0,0.16
6756,Final Fantasy XI: Chains of Promathia,PS2,2004,Role-Playing,Square Enix,0.12,0.09,0,0.03,0.25
3292,Dynasty Warriors 8,PS3,2013,Action,Tecmo Koei,0.12,0.11,0.34,0.05,0.61
2400,Wizards of Waverly Place,DS,2009,Misc,Disney Interactive Studios,0.59,0.2,0,0.08,0.87
11418,Tom Clancy's Splinter Cell: Pandora Tomorrow,GC,2004,Action,Ubisoft,0.06,0.02,0,0,0.08
3693,NBA Live 10,PS3,2009,Sports,Electronic Arts,0.46,0.03,0.01,0.05,0.54
4103,Jeopardy!,PS2,2003,Misc,Atari,0.24,0.18,0,0.06,0.48
1016,Star Wars Episode I: The Phantom Menace,PS,1999,Adventure,LucasArts,0.72,0.89,0.04,0.1,1.74
6799,Britney's Dance Beat,PS2,2002,Misc,THQ,0.12,0.09,0,0.03,0.24
3383,Pokemon Trozei!,DS,2005,Puzzle,Nintendo,0.26,0,0.31,0.02,0.6
628,uDraw Studio,Wii,2010,Misc,THQ,1.67,0.58,0,0.2,2.46
12349,Intellivision Lives!,GC,2004,Misc,Crave Entertainment,0.05,0.01,0,0,0.06
8160,Disgaea 4: A Promise Unforgotten,PSV,2014,Role-Playing,Nippon Ichi Software,0.04,0.04,0.08,0.02,0.18
12936,Fatal Fury: Wild Ambition,PS,1999,Fighting,SNK Playmore,0.03,0.02,0,0,0.05
15301,Butt-Ugly Martians: Zoom or Doom!,PS2,2002,Racing,Vivendi Games,0.01,0.01,0,0,0.02
6758,Disney's A Christmas Carol,DS,2009,Adventure,Disney Interactive Studios,0.22,0.01,0,0.02,0.25
313,Dragon Warrior III,NES,1988,Role-Playing,Enix Corporation,0.1,0,3.77,0,3.87
16118,Brain Exercise With Dr. Kawashima,PC,2009,Puzzle,Namco Bandai Games,0,0.01,0,0,0.01
1049,Tetris Worlds,GBA,2001,Puzzle,THQ,1.25,0.39,0,0.06,1.71
7121,AC/DC LIVE: Rock Band Track Pack,X360,2008,Misc,MTV Games,0.21,0,0,0.02,0.23
2921,The Sims 3,DS,2010,Simulation,Electronic Arts,0.39,0.25,0,0.06,0.7
4477,Battlebots: Design & Destroy,GBA,2003,Action,Majesco Entertainment,0.31,0.12,0,0.01,0.44
7449,ESPN Winter X Games: Snowboarding 2002,PS2,2000,Sports,Konami Digital Entertainment,0.1,0.08,0,0.03,0.21
15105,Harukanaru Toki no Naka de 3 with Izayoiki Aizouban,PSP,2009,Adventure,Tecmo Koei,0,0,0.02,0,0.02
5320,College Hoops 2K8,PS2,2007,Sports,Take-Two Interactive,0.17,0.13,0,0.04,0.35
7562,From TV Animation One Piece: Grand Battle! 3,GC,2003,Fighting,Namco Bandai Games,0,0,0.2,0.01,0.2
191,Medal of Honor: Rising Sun,PS2,2003,Shooter,Electronic Arts,1.98,2.23,0.13,0.8,5.13
1727,Medal of Honor: Warfighter,X360,2012,Action,Electronic Arts,0.58,0.47,0.01,0.1,1.17
10074,Fatal Frame: Maiden of Black Water,WiiU,2014,Action,Nintendo,0,0.03,0.08,0,0.11
14384,Homeworld 2,PC,2003,Strategy,Vivendi Games,0,0.03,0,0.01,0.03
13310,V-Rally 3,GBA,2002,Racing,Atari,0.03,0.01,0,0,0.05
869,Rad Racer,NES,1986,Racing,Nintendo,1.13,0.37,0.41,0.05,1.96
10550,Creeper World 3: Arc Eternal,Wii,2009,Strategy,Namco Bandai Games,0,0,0.1,0,0.1
3091,"Transformers: The Game (XBox 360, PS2, PS3, Wii & PC Versions)",PSP,2007,Action,Activision,0.23,0.27,0,0.16,0.66
10936,Hakuoki: Demon of the Fleeting Blossom,PSP,2009,Adventure,Idea Factory,0.08,0,0,0.01,0.09
8153,Brunswick Circuit Pro Bowling,PS,1998,Sports,THQ,0.1,0.07,0,0.01,0.18
15549,Broken Sword: The Sleeping Dragon,XB,2003,Adventure,THQ,0.01,0,0,0,0.02
14269,House M.D.,DS,2010,Adventure,Mindscape,0.02,0.01,0,0,0.03
5506,Fight Night Round 3,XB,2006,Fighting,Electronic Arts,0.26,0.06,0,0.01,0.33
7714,Jikkyou Powerful Pro Yakyuu 2011,PSP,2011,Sports,Konami Digital Entertainment,0,0,0.2,0,0.2
684,Just Dance Kids,Wii,2010,Misc,Ubisoft,1.57,0.56,0,0.19,2.32
4222,Godzilla: Save the Earth,PS2,2004,Fighting,Atari,0.23,0.18,0,0.06,0.47
6558,Peter Jackson's King Kong: The Official Game of the Movie,X360,2005,Action,Ubisoft,0.2,0.03,0,0.02,0.26
10351,Black Bass with Blue Marlin,PS,1999,Sports,Starfish,0.06,0.04,0,0.01,0.11
9296,Interactive Sampler Disc 6,PS,1997,Misc,Sony Computer Entertainment,0.08,0.05,0,0.01,0.14
4542,Cool Boarders,PS,1996,Sports,Sony Computer Entertainment,0.1,0.07,0.24,0.03,0.43
3230,Okami,PS2,2006,Action,Capcom,0.11,0.03,0.15,0.34,0.63
12254,Orcs & Elves,DS,2007,Role-Playing,Electronic Arts,0.06,0,0,0.01,0.06
6338,Bratz: The Movie,Wii,2007,Simulation,THQ,0.24,0.01,0,0.02,0.27
7322,Pandemonium!,PS,1996,Platform,BMG Interactive Entertainment,0.12,0.08,0,0.01,0.21
13905,The Treasures of Montezuma,DS,2010,Puzzle,Foreign Media Games,0.02,0.02,0,0,0.04
9298,Wild Earth: African Safari,Wii,2008,Simulation,Majesco Entertainment,0.11,0.02,0,0.01,0.14
13213,Stunt GP,PS2,2001,Racing,Titus,0.02,0.02,0,0.01,0.05
4225,Imagine: Figure Skater (US sales),DS,2007,Sports,Ubisoft,0.46,0.01,0,0,0.47
9451,NBA 08,PS3,2007,Sports,Sony Computer Entertainment,0.12,0,0,0.01,0.13
6464,NCAA Gamebreaker,PS,1996,Sports,Sony Computer Entertainment,0.15,0.1,0,0.02,0.26
11233,1 vs. 100,DS,2008,Misc,DSI Games,0.08,0,0,0.01,0.09
2672,Need for Speed: Porsche Unleashed,PS,1999,Racing,Electronic Arts,0.43,0.29,0,0.05,0.77
5141,Dishonored,PS4,2015,Action,Bethesda Softworks,0.11,0.18,0.02,0.06,0.37
2513,Street Fighter V,PS4,2016,Fighting,Capcom,0.35,0.26,0.08,0.13,0.82
3989,RPG Maker,PS,1997,Role-Playing,ASCII Entertainment,0.11,0.07,0.29,0.03,0.5
3640,Tiger Woods PGA Tour 13,PS3,2012,Sports,Electronic Arts,0.24,0.22,0,0.09,0.55
6445,All-Pro Football 2K8,X360,2007,Sports,Take-Two Interactive,0.24,0,0,0.02,0.26
6240,My Japanese Coach,DS,2008,Misc,Ubisoft,0.25,0,0,0.02,0.28
7169,MotoGP 08,PS2,2008,Racing,Capcom,0.01,0,0,0.21,0.22
8047,Monopoly Party,XB,2002,Misc,Infogrames,0.14,0.04,0,0.01,0.18
8385,Shrek Extra Large,GC,2002,Platform,TDK Mediactive,0.13,0.03,0,0,0.17
10515,Samurai Warriors Chronicles 2nd,3DS,2012,Action,Ubisoft Annecy,0,0,0.1,0,0.1
918,Medal of Honor: European Assault (All Region sales),PS2,2005,Shooter,Electronic Arts,0.89,0.69,0.09,0.21,1.88
4881,Fantastic Four: Rise of the Silver Surfer,PS2,2007,Action,Take-Two Interactive,0.19,0.15,0,0.05,0.39
15153,Rocket League,PC,2016,Sports,505 Games,0.01,0.01,0,0,0.02
12022,The Legend of Heroes: Trails in the Sky First Chapter,PSV,2015,Role-Playing,Kadokawa Shoten,0,0,0.07,0,0.07
9615,Impossible Mission,DS,2007,Platform,System 3 Arcade Software,0.12,0,0,0.01,0.13
8321,Fighter Maker,PS,1998,Fighting,Agetec,0.05,0.04,0.07,0.01,0.17
2335,Classic NES Series: The Legend of Zelda,GBA,2004,Adventure,Nintendo,0.46,0.17,0.24,0.02,0.89
13711,Men of War: Vietnam,PC,2011,Strategy,Unknown,0,0.03,0,0.01,0.04
8689,Arcana Heart,PS2,2007,Fighting,AQ Interactive,0.06,0.05,0.04,0.02,0.16
7945,Crash & Spyro Superpack,GBA,2005,Platform,Vivendi Games,0.13,0.05,0,0,0.19
12416,Steins;Gate,X360,2009,Adventure,5pb,0,0,0.06,0,0.06
11545,Rock Revolution,Wii,N/A,Misc,Unknown,0.07,0,0,0.01,0.08
12499,ICO,PS3,2011,Action,Sony Computer Entertainment,0,0,0.06,0,0.06
10676,Pro Evolution Soccer 2013,Wii,2012,Sports,Konami Digital Entertainment,0,0.03,0.06,0,0.1
15601,Call of Duty: Modern Warfare Trilogy,PS3,2016,Shooter,Activision,0,0.01,0,0,0.02
1097,NCAA Football 2004,PS2,2003,Sports,Electronic Arts,1.35,0.09,0,0.23,1.67
11937,Operation Darkness,X360,2007,Role-Playing,Success,0.07,0,0,0,0.07
6619,Journey,PS3,2012,Adventure,Sony Computer Entertainment Europe,0.04,0.15,0,0.06,0.25
15059,Xia-Xia,DS,2012,Platform,N/A,0,0.02,0,0,0.02
9478,Grand Knights History,PSP,2011,Role-Playing,Marvelous Interactive,0,0,0.13,0,0.13
2258,Space Jam,PS,1996,Sports,Acclaim Entertainment,0.51,0.35,0,0.06,0.92
9331,Fashion Studio: Paris Collection,DS,2009,Misc,Ubisoft,0.13,0,0,0.01,0.13
7590,Super Dodge Ball Advance,GBA,2001,Sports,Ubisoft,0.14,0.05,0,0,0.2
1439,Madden NFL 98,PS,1997,Sports,Electronic Arts,1.29,0.03,0,0.03,1.35
8267,Metal Arms: Glitch in the System,XB,2003,Shooter,Vivendi Games,0.13,0.04,0,0.01,0.17
7179,MotoGP 09/10,PS3,2010,Racing,Capcom,0.05,0.13,0,0.04,0.22
8537,NASCAR '14,X360,2014,Racing,Deep Silver,0.15,0,0,0.01,0.16
8744,Stormrise,X360,2009,Strategy,Sega,0.11,0.03,0,0.01,0.15
424,WWF SmackDown! 2: Know Your Role,PS,2000,Fighting,THQ,1.76,1.21,0.07,0.16,3.2
7280,Jikkyou Powerful Major League,PS2,2006,Sports,Konami Digital Entertainment,0,0,0.22,0,0.22
3883,Pac-Man Fever,PS2,2001,Misc,Sony Computer Entertainment,0.25,0.2,0,0.07,0.51
8783,Army Men: Sarge's War,GC,2004,Shooter,Global Star,0.12,0.03,0,0,0.15
3463,Frozen: Olaf's Quest,3DS,2013,Platform,Disney Interactive Studios,0.27,0.26,0,0.05,0.58
11261,Aibou DS,DS,2009,Adventure,Tecmo Koei,0,0,0.08,0,0.08
5385,LEGO Marvel's Avengers,X360,2016,Action,Warner Bros. Interactive Entertainment,0.17,0.15,0,0.03,0.34
10505,Alvin and the Chipmunks: The Squeakquel,Wii,2009,Misc,Majesco Entertainment,0.09,0,0,0.01,0.1
2016,Sonic Unleashed,PS3,2008,Platform,Sega,0.56,0.33,0.01,0.14,1.03
15813,Custom Drive,PSP,2012,Action,D3Publisher,0,0,0.02,0,0.02
13168,Stretch Panic,PS2,2001,Platform,Midas Interactive Entertainment,0.02,0.02,0,0.01,0.05
4985,Wario Land II (GBC),GB,1998,Platform,Nintendo,0,0,0.38,0,0.38
2593,Tales of Destiny 2,PS2,2002,Role-Playing,Namco Bandai Games,0,0,0.8,0,0.8
16013,Call of Juarez,PC,2006,Shooter,Ubisoft,0,0.01,0,0,0.01
16210,Duel Love: Koisuru Otome wa Shouri no Megami,DS,2008,Adventure,Namco Bandai Games,0,0,0.01,0,0.01
2760,LittleBigPlanet 3,PS3,2014,Platform,Sony Computer Entertainment,0.2,0.43,0.01,0.11,0.75
14072,"My World, My Way (US sales)",DS,2008,Role-Playing,Global A Entertainment,0.04,0,0,0,0.04
9565,Tamagotchi no Pichi Pichi Omisecchi,DS,2010,Action,Namco Bandai Games,0,0,0.13,0,0.13
523,Need for Speed: Hot Pursuit,PS3,2010,Racing,Electronic Arts,1.05,1.25,0.03,0.48,2.81
9646,Smash Court Tennis Pro Tournament 2,PS2,2004,Sports,Sony Computer Entertainment,0.06,0.05,0,0.02,0.13
9336,Final Fantasy XI: Rise of the Zilart,PS2,2003,Role-Playing,Square Enix,0,0,0.13,0,0.13
3102,Radiata Stories,PS2,2005,Role-Playing,Square Enix,0.18,0.14,0.29,0.05,0.65
8801,Theatrhythm Dragon Quest,3DS,2015,Misc,Square Enix,0,0,0.15,0,0.15
15527,Seitokai no Ichizon: DS-suru Seitokai,DS,2010,Adventure,Kadokawa Shoten,0,0,0.02,0,0.02
7024,Lunar: Silver Star Story,SAT,1996,Role-Playing,Kadokawa Shoten,0,0,0.23,0,0.23
4666,Pirates of the Caribbean: At World's End,PS2,2007,Action,Disney Interactive Studios,0.2,0.16,0,0.05,0.42
2588,PES 2009: Pro Evolution Soccer,PSP,N/A,Sports,Konami Digital Entertainment,0.04,0.33,0.26,0.17,0.8
3516,Disney Universe,X360,2011,Action,Disney Interactive Studios,0.37,0.15,0,0.05,0.57
6514,Plants vs. Zombies,X360,2010,Strategy,PopCap Games,0.24,0,0,0.02,0.26
13704,XCOM 2,PS4,2016,Strategy,Take-Two Interactive,0.01,0.02,0,0.01,0.04
5589,Golden Axe: Beast Rider,PS3,2008,Action,Sega,0.13,0.14,0,0.06,0.32
8372,Bomberman Land,Wii,2007,Misc,Rising Star Games,0.11,0.02,0.03,0.01,0.17
458,Mass Effect 3,X360,2012,Role-Playing,Electronic Arts,1.94,0.86,0.03,0.24,3.07
8506,The Amazing Spider-Man (Console Version),Wii,2012,Action,Activision,0.11,0.04,0,0.01,0.16
4318,Jikkyou Powerful Pro Yakyuu 3,SNES,1996,Sports,Konami Digital Entertainment,0,0,0.45,0,0.45
5800,Slot Machine,2600,N/A,Action,Atari,0.29,0.02,0,0,0.31
2537,Patapon,PSP,2007,Misc,Sony Computer Entertainment,0.33,0.25,0.07,0.17,0.81
14366,Mushihimesama Futari Ver 1.5,X360,2009,Shooter,Cave,0,0,0.03,0,0.03
2742,[Prototype 2],PS3,2012,Action,Activision,0.36,0.28,0,0.11,0.75
9033,Thunder Truck Rally,PS,1997,Racing,Psygnosis,0.08,0.05,0,0.01,0.14
14716,Starry ? Sky: In Winter,PSP,2011,Misc,Asgard,0,0,0.03,0,0.03
15652,Canada Hunt,Wii,2010,Sports,Virtual Play Games,0.02,0,0,0,0.02
6614,Imagine: Ballet Star,DS,2008,Simulation,Ubisoft,0.23,0.01,0,0.02,0.25
12298,Ys vs. Sora no Kiseki: Alternative Saga,PSP,2010,Fighting,Falcom Corporation,0,0,0.06,0,0.06
9848,IndyCar Series,PS2,2003,Racing,Codemasters,0.06,0.05,0,0.02,0.12
723,Spyro: Season of Ice,GBA,2001,Platform,Vivendi Games,1.29,0.83,0,0.11,2.23
2267,The Evil Within,PS3,2014,Action,Bethesda Softworks,0.26,0.39,0.12,0.14,0.92
9025,Wild ARMs 4,PS2,2005,Role-Playing,505 Games,0.07,0.06,0,0.02,0.14
4695,Tom Clancy's Rainbow Six: Lockdown,XB,2005,Shooter,Ubisoft,0.26,0.13,0,0.02,0.41
3765,Dragon's Crown,PS3,2013,Role-Playing,Nippon Ichi Software,0.25,0.07,0.17,0.05,0.53
12447,Chevrolet Camaro: Wild Ride,Wii,2010,Racing,Storm City Games,0.06,0,0,0,0.06
15481,Kazoku Keikaku,PSP,2010,Adventure,CyberFront,0,0,0.02,0,0.02
4256,Transformers: Dark of the Moon - Autobots/Decepticons,DS,2011,Action,Activision,0.34,0.09,0,0.04,0.46
10788,Sol Trigger,PSP,2012,Role-Playing,Image Epoch,0,0,0.1,0,0.1
3199,Dogz,GBA,2004,Simulation,Ubisoft,0.45,0.17,0,0.01,0.63
11206,Royal Palace of White Sword and The City of Gentiles,XB,2005,Role-Playing,Take-Two Interactive,0.06,0.02,0,0,0.09
8328,Transformers: Prime,3DS,2012,Action,Activision,0.13,0.03,0,0.01,0.17
8294,World Destruction League: Thunder Tanks,PS2,2000,Action,3DO,0.08,0.07,0,0.02,0.17
7733,Mana Khemia 2: Fall of Alchemy,PS2,2008,Role-Playing,Gust,0.07,0.05,0.05,0.02,0.2
11783,Picture Perfect Hair Salon,DS,2009,Simulation,505 Games,0.07,0,0,0.01,0.07
3020,Wolfenstein: The New Order,XOne,2014,Shooter,Bethesda Softworks,0.33,0.28,0,0.06,0.67
11286,Major League Baseball 2K9,PSP,2009,Sports,Spike,0.08,0,0,0.01,0.08
16121,Football Manager 2005,PC,2004,Sports,Sega,0,0.01,0,0,0.01
410,Assassin's Creed Syndicate,PS4,2015,Action,Ubisoft,0.8,1.92,0.06,0.5,3.28
10295,Lady Sia,GBA,2001,Platform,TDK Mediactive,0.08,0.03,0,0,0.11
1698,The Dukes of Hazzard: Racing for Home,PS,1999,Racing,Ubisoft,0.99,0.16,0,0.04,1.19
4689,Quake II,PS,1998,Shooter,Activision,0.23,0.16,0,0.03,0.41
668,The Incredibles,PS2,2004,Action,THQ,0.96,1.08,0.04,0.3,2.37
12821,Hail to the Chimp,X360,2008,Misc,Gamecock,0.05,0,0,0,0.06
8969,Barbie Superpack: Secret Agent / Groovy Games,GBA,2005,Misc,Vivendi Games,0.1,0.04,0,0,0.15
6776,Catz,GBA,2005,Simulation,Ubisoft,0.18,0.06,0,0,0.24
14152,SpongeBob: HeroPants,3DS,2015,Platform,Activision,0.03,0,0,0,0.03
6114,Disney's Extreme Skate Adventure,GBA,2003,Sports,Activision,0.2,0.08,0,0.01,0.28
13260,American Chopper 2: Full Throttle,GC,2005,Racing,Activision,0.04,0.01,0,0,0.05
2702,Super Monkey Ball: Touch & Roll,DS,2005,Misc,Sega,0.7,0.01,0,0.06,0.76
2485,Battle of Giants: Dinosaurs,DS,2008,Strategy,Ubisoft,0.38,0.37,0,0.09,0.83
1533,Tom Clancy's Rainbow Six: Siege,XOne,2015,Shooter,Ubisoft,0.73,0.44,0,0.12,1.29
3219,Advance Wars: Days of Ruin,DS,N/A,Strategy,Nintendo,0.44,0.13,0,0.06,0.63
7885,ESPN International Track & Field,PS2,2000,Sports,Konami Digital Entertainment,0.09,0.07,0,0.02,0.19
2143,LEGO The Lord of the Rings,Wii,2012,Action,Warner Bros. Interactive Entertainment,0.52,0.37,0,0.08,0.97
3707,Front Mission 4,PS2,2003,Strategy,Square Enix,0.14,0.11,0.25,0.04,0.54
1529,Mega Man Battle Network 3 Blue / White Version,GBA,2002,Role-Playing,Capcom,0.39,0.02,0.85,0.03,1.29
3030,The LEGO Movie Videogame,PS4,2014,Action,Warner Bros. Interactive Entertainment,0.24,0.31,0.01,0.11,0.67
1239,Mafia II,PS3,2010,Action,Take-Two Interactive,0.5,0.72,0.04,0.26,1.52
15743,TV Anime Idolm@ster: Cinderella Girls G4U! Pack Vol.4,PS3,2015,Action,Namco Bandai Games,0,0,0.02,0,0.02
7062,Dragon Quest Heroes II: Twin Kings and the Prophecy's End,PSV,2016,Action,Square Enix,0,0,0.23,0,0.23
8132,Brink,PC,2011,Shooter,Bethesda Softworks,0.06,0.09,0,0.03,0.18
12752,Gothic 3,PC,2006,Role-Playing,JoWood Productions,0,0.05,0,0.01,0.06
5436,Avatar: The Last Airbender,DS,2006,Adventure,THQ,0.3,0.01,0,0.03,0.34
13779,Deal or No Deal: Special Edition,DS,2010,Misc,Zoo Games,0.04,0,0,0,0.04
2368,Star Wars: Rebel Assault II - The Hidden Empire,PS,1996,Shooter,CTO SpA,0.49,0.33,0,0.06,0.88
108,Super Smash Bros. Melee,GC,2001,Fighting,Nintendo,4.41,1.04,1.39,0.22,7.07
12453,Shining Force Feather,DS,2009,Strategy,Sega,0,0,0.06,0,0.06
15788,Colin McRae Rally 2005,PC,2004,Racing,Codemasters,0,0.01,0,0,0.02
1500,LEGO Batman: The Videogame,PSP,N/A,Action,Warner Bros. Interactive Entertainment,0.57,0.46,0,0.28,1.32
11858,Lupin Sansei: Shijou Saidai no Zunousen,DS,2010,Adventure,Namco Bandai Games,0,0,0.07,0,0.07
16574,Grisaia no Kajitsu: La Fruit de la Grisaia,PSP,2013,Adventure,Prototype,0,0,0.01,0,0.01
2845,Kangaroo,2600,1982,Platform,Atari,0.67,0.04,0,0.01,0.72
9204,Barbie Explorer,PS,2001,Platform,Unknown,0.08,0.05,0,0.01,0.14
7142,Def Jam: Fight for NY,GC,2004,Fighting,Electronic Arts,0.17,0.05,0,0.01,0.22
15961,Drone Tactics,DS,2007,Strategy,Success,0.01,0,0,0,0.02
8154,Cabela's Dangerous Hunts 2009,PS2,2008,Sports,Activision Value,0.09,0.07,0,0.02,0.18
10890,The Legend of Heroes: A Tear of Vermillion,PSP,2005,Role-Playing,Namco Bandai Games,0.08,0,0,0.01,0.09
3920,Ace Combat Zero: The Belkan War,PS2,2006,Simulation,Namco Bandai Games,0.15,0.12,0.2,0.04,0.51
3762,NCAA March Madness 06,PS2,2005,Sports,Electronic Arts,0.45,0.02,0,0.07,0.53
15572,Entaku no Seito: The Eternal Legend,PSP,2012,Role-Playing,Kadokawa Games,0,0,0.02,0,0.02
10649,Ultimate Marvel vs. Capcom 3,PS3,2011,Fighting,Capcom,0,0.04,0.04,0.01,0.1
15586,Bomberman 2,DS,2008,Puzzle,Hudson Soft,0,0.01,0,0,0.02
1369,Toy Story 3: The Video Game,Wii,2010,Action,Disney Interactive Studios,0.64,0.63,0,0.14,1.41
8002,Syndicate,X360,2012,Shooter,Electronic Arts,0.1,0.06,0,0.02,0.18
12284,Aggressive Inline,XB,2002,Sports,Acclaim Entertainment,0.05,0.01,0,0,0.06
751,Madden NFL 25,X360,2013,Sports,Electronic Arts,1.97,0.07,0,0.13,2.18
5599,Kinetica,PS2,2001,Racing,Sony Computer Entertainment,0.16,0.12,0,0.04,0.32
14453,Kaidan Restaurant: Zoku! Shin Menu 100-Sen,DS,2011,Misc,Namco Bandai Games,0,0,0.03,0,0.03
7128,NHL FaceOff 2003,PS2,2002,Sports,Sony Computer Entertainment,0.11,0.09,0,0.03,0.23
11257,Ephemeral Fantasia,PS2,2000,Role-Playing,Konami Digital Entertainment,0.04,0.03,0,0.01,0.08
10642,GT64 Championship Edition,N64,1998,Racing,Ocean,0.08,0.02,0,0,0.1
15496,Otoko Yukaku,PSV,2015,Action,D3Publisher,0,0,0.02,0,0.02
12476,Super Robot Wars OG Saga Masou Kishin F: Coffin of the End,PS3,2014,Strategy,Namco Bandai Games,0,0,0.06,0,0.06
4316,Lego Batman 3: Beyond Gotham,3DS,2014,Action,Warner Bros. Interactive Entertainment,0.21,0.21,0,0.04,0.45
2838,Test Drive 6,PS,1999,Racing,Atari,0.4,0.27,0,0.05,0.72
6209,RollerCoaster Tycoon 3,PC,2004,Strategy,Atari,0.01,0.22,0,0.05,0.28
1002,The Urbz: Sims in the City,PS2,2004,Simulation,Electronic Arts,0.52,0.95,0,0.29,1.76
8692,Infected,PSP,2005,Shooter,THQ,0.14,0,0,0.01,0.16
8606,TimeShift,PS3,2007,Shooter,Vivendi Games,0.14,0.01,0,0.01,0.16
16391,Sakura-Sou no Pet na Kanojo,PSV,2013,Adventure,Kadokawa Games,0,0,0.01,0,0.01
12966,Virtua Striker 2002,GC,2002,Sports,Sega,0.01,0,0.03,0,0.05
9659,Horse Life,DS,2007,Simulation,Game Life,0.09,0.02,0,0.01,0.13
5669,From TV Animation One Piece: Grand Battle! 3,PS2,2003,Fighting,Namco Bandai Games,0,0,0.32,0,0.32
15262,Jelly Belly: Ballistic Beans,Wii,2009,Puzzle,Zoo Digital Publishing,0.02,0,0,0,0.02
3767,Legacy of Kain: Defiance,PS2,2003,Action,Eidos Interactive,0.26,0.2,0,0.07,0.53
4735,Rogue Galaxy: Director's Cut,PS2,2007,Role-Playing,Sony Computer Entertainment,0.2,0.16,0,0.05,0.41
16318,Gakuen Hetalia,DS,2012,Adventure,Idea Factory,0,0,0.01,0,0.01
14293,Flipper Critters,DS,2007,Simulation,Conspiracy Entertainment,0.03,0,0,0,0.03
1710,Pro Yakyuu Family Stadium '88,NES,1988,Sports,Namco Bandai Games,0.1,0,1.08,0,1.18
8618,Bulletstorm,PC,2011,Shooter,Electronic Arts,0.07,0.07,0,0.02,0.16
1576,Hyrule Warriors,WiiU,2014,Action,Nintendo,0.61,0.42,0.13,0.1,1.26
12671,Generation of Chaos,PSP,2005,Role-Playing,Midas Interactive Entertainment,0.05,0,0,0,0.06
13087,Apassionata: Die Galanacht der Pferde,DS,2009,Simulation,RTL,0,0.04,0,0.01,0.05
5282,Mini Ninjas,PS3,2009,Action,Eidos Interactive,0.14,0.16,0,0.06,0.35
1545,Assassin's Creed Syndicate,XOne,2015,Action,Ubisoft,0.61,0.56,0,0.11,1.28
6364,LEGO The Hobbit,XOne,2014,Action,Warner Bros. Interactive Entertainment,0.13,0.12,0,0.02,0.27
6678,NHL 06,XB,2005,Sports,Electronic Arts,0.19,0.05,0,0.01,0.25
5708,Sesame Street: Cookie's Counting Carnival,Wii,2010,Misc,Warner Bros. Interactive Entertainment,0.29,0,0,0.02,0.31
16556,Bound By Flame,X360,2014,Role-Playing,N/A,0,0.01,0,0,0.01
1071,Sid Meier's Civilization V,PC,2010,Strategy,Take-Two Interactive,0.98,0.52,0,0.19,1.69
13130,Detective Conan: Prelude from the Past,DS,2012,Action,Namco Bandai Games,0,0,0.05,0,0.05
603,Dragon Warrior II,NES,1987,Role-Playing,Enix Corporation,0.15,0,2.41,0,2.56
2585,Resident Evil: Revelations,PS3,2013,Action,Capcom,0.14,0.32,0.22,0.12,0.8
11474,Chronicles of Mystery: The Secret Tree of Life,DS,2011,Adventure,City Interactive,0.03,0.04,0,0.01,0.08
15225,Kuon,PS2,2004,Adventure,Indie Games,0.01,0.01,0,0,0.02
614,Marvel: Ultimate Alliance,X360,2006,Role-Playing,Activision,2.29,0.02,0,0.19,2.5
7456,Dragon Ball Z: Harukanaru Densetsu,DS,2007,Role-Playing,Namco Bandai Games,0.19,0,0,0.02,0.21
7101,NFL Blitz Pro,PS2,2003,Sports,Midway Games,0.11,0.09,0,0.03,0.23
12820,Death Jr. II: Root of Evil,PSP,2006,Platform,Konami Digital Entertainment,0.05,0,0,0,0.06
9316,Red Orchestra 2: Heroes of Stalingrad,PC,2011,Shooter,Tripwire Interactive,0.04,0.07,0,0.02,0.14
338,MySims,DS,2007,Simulation,Electronic Arts,1.59,1.61,0.08,0.41,3.69
11051,Robotron 64,N64,1998,Shooter,GT Interactive,0.07,0.02,0,0,0.09
5851,NASCAR 2011: The Game,X360,2011,Racing,Activision,0.29,0,0,0.02,0.3
14781,GRID Autosport,PC,2014,Racing,Codemasters,0,0.02,0,0,0.03
2345,Dissidia 012: Duodecim Final Fantasy,PSP,2011,Fighting,Square Enix,0.21,0.13,0.46,0.08,0.89
3277,Bahamut Lagoon,SNES,1996,Role-Playing,SquareSoft,0,0,0.62,0,0.62
4488,Just Dance: Summer Party,Wii,2011,Misc,Ubisoft,0.41,0,0,0.03,0.44
1808,Fantasy Life,3DS,2012,Role-Playing,Nintendo,0.33,0.37,0.37,0.06,1.13
12404,Valentino Rossi: The Game,PS4,2016,Racing,Namco Bandai Games,0.01,0.05,0,0.01,0.06
6394,Cake Mania 2: Jill's Next Adventure!,DS,2008,Puzzle,Majesco Entertainment,0.24,0,0,0.02,0.27
55,Gran Turismo 5,PS3,2010,Racing,Sony Computer Entertainment,2.96,4.88,0.81,2.12,10.77
2667,Need For Speed: Undercover,PSP,2008,Racing,Electronic Arts,0.23,0.32,0.03,0.19,0.77
16230,Sengoku Basara 2 Heroes,Wii,2007,Action,Capcom,0,0,0.01,0,0.01
8254,Professional Fisherman's Tour: Northern Hemisphere,DS,2007,Sports,505 Games,0.16,0,0,0.01,0.17
8105,A.C.E.: Another Century's Episode 2,PS2,2006,Simulation,Banpresto,0,0,0.18,0,0.18
10029,Every Extend Extra,PSP,2006,Shooter,Disney Interactive Studios,0.1,0.01,0,0.01,0.11
14779,3DS Classic Collection,3DS,2016,Misc,Sega,0.02,0,0,0,0.03
4336,Karaoke Revolution Presents American Idol Encore,Wii,2008,Misc,Konami Digital Entertainment,0.42,0,0,0.03,0.45
3072,Rocksmith 2014,PC,2013,Misc,Ubisoft,0.35,0.24,0,0.07,0.66
14363,RoadKill,GC,2003,Action,Midway Games,0.02,0.01,0,0,0.03
8483,Rio,DS,2011,Misc,THQ,0.12,0.03,0,0.01,0.16
6871,Midway's Greatest Arcade Hits Volume 1,N64,2000,Misc,Midway Games,0.19,0.05,0,0,0.24
9621,SkullMonkeys,PS,1998,Platform,DreamWorks Interactive,0.07,0.05,0,0.01,0.13
5797,NCAA Final Four 2002,PS2,2001,Sports,Sony Computer Entertainment,0.15,0.12,0,0.04,0.31
10577,Minority Report: Everybody Runs,GC,2002,Action,Activision,0.08,0.02,0,0,0.1
4959,The Sims 2,GBA,2005,Simulation,Electronic Arts,0.28,0.1,0,0.01,0.39
15239,Puyo Puyo! 15th Anniversary,PSP,2007,Puzzle,Sega,0,0,0.02,0,0.02
12622,Winx Club: Mission Enchantix,DS,2008,Adventure,Konami Digital Entertainment,0.03,0.02,0,0,0.06
1423,Pocket Monsters Stadium,N64,1998,Strategy,Nintendo,0,0,1.37,0,1.37
4901,LEGO Star Wars III: The Clone Wars,PSP,2011,Action,LucasArts,0.14,0.17,0,0.09,0.39
9510,Last Bronx,SAT,1996,Fighting,Sega,0,0,0.13,0,0.13
8972,Bakugan Battle Brawlers: Defenders of the Core,X360,2010,Action,Activision,0.11,0.02,0,0.01,0.15
16284,CT Special Forces 2: Back in the Trenches,GBA,2003,Shooter,LSP Games,0.01,0,0,0,0.01
2985,Rayman Legends,WiiU,2013,Platform,Ubisoft,0.26,0.33,0.03,0.06,0.68
14562,Hyperdimension Neptunia Vs. Sega Hard Girls: Yume no Gattai Special,PSV,2015,Role-Playing,Compile Heart,0,0,0.03,0,0.03
3503,Madden NFL 2002,XB,N/A,Sports,Unknown,0.53,0.02,0,0.03,0.58
15911,Adventure Time: The Secret of the Nameless,3DS,2014,Adventure,Little Orbit,0.01,0,0,0,0.02
10664,Evil Dead: Fistfull of Boomstick,XB,2003,Action,THQ,0.07,0.02,0,0,0.1
4762,TNA iMPACT!,PS3,2008,Fighting,Midway Games,0.22,0.12,0,0.06,0.41
5203,Big Bass World Championship,PS,1997,Sports,Starfish,0.2,0.14,0,0.02,0.36
4127,Skylanders: SuperChargers,WiiU,2015,Action,Activision,0.25,0.18,0,0.04,0.48
15390,XGRA: Extreme G Racing Association,XB,2003,Racing,Acclaim Entertainment,0.02,0,0,0,0.02
8296,Age of Empires III: Complete Collection,PC,2009,Strategy,Microsoft Game Studios,0.01,0.12,0,0.03,0.17
15933,Harukanaru Toki no Naka de 6,PSP,2015,Action,Tecmo Koei,0,0,0.02,0,0.02
3310,Half-Life 2,XB,2005,Shooter,Electronic Arts,0.37,0.21,0,0.03,0.61
4747,No More Heroes 2: Desperate Struggle,Wii,2010,Action,Rising Star Games,0.21,0.12,0.04,0.03,0.41
8571,Little League World Series Baseball 2009,Wii,2009,Sports,Activision,0.15,0,0,0.01,0.16
1148,SpongeBob's Atlantis SquarePantis,DS,2007,Action,THQ,1.5,0,0,0.11,1.61
14180,Nobunaga's Ambition: Sphere of Influence - Sengoku Risshiden,PS3,2016,Misc,Tecmo Koei,0,0,0.03,0,0.03
8215,Stormrise,PS3,2009,Strategy,Sega,0.13,0.02,0,0.02,0.17
12044,Shrek's Carnival Craze Party Games,PS2,2008,Misc,Activision,0.03,0.03,0,0.01,0.07
827,Sonic Mega Collection,GC,2002,Misc,Infogrames,1.47,0.48,0.05,0.06,2.05
997,State of Emergency,PS2,2002,Action,Take-Two Interactive,0.86,0.67,0,0.22,1.76
1451,Monster Hunter Freedom,PSP,2005,Role-Playing,Capcom,0.24,0.04,1.03,0.04,1.35
3395,Medal of Honor: Frontline,GC,2002,Shooter,Electronic Arts,0.46,0.12,0,0.02,0.59
14346,Gokujou!! Mecha Mote Iinchou: MM My Best Friend!,DS,2010,Simulation,Konami Digital Entertainment,0,0,0.03,0,0.03
7256,Transformers: Devastation,PS4,2015,Action,Activision,0.1,0.08,0,0.04,0.22
3923,Test Drive Unlimited,PSP,2007,Racing,Atari,0.08,0.28,0,0.15,0.51
5580,The Witcher: Enhanced Edition,PC,2008,Role-Playing,Atari,0.32,0.01,0,0,0.32
3008,100 Classic Books,DS,2008,Misc,Nintendo,0.13,0.52,0,0.02,0.67
9332,Legendary,PS3,2008,Shooter,Atari,0.08,0.03,0,0.02,0.13
16067,Kaitou Joker: Toki o Koeru Kaitou to Ushinawareta Houseki,3DS,2015,Action,Namco Bandai Games,0,0,0.01,0,0.01
7405,Summoner 2,PS2,2002,Role-Playing,THQ,0.1,0.08,0,0.03,0.21
3282,NFL Quarterback Club 99,N64,1998,Sports,Acclaim Entertainment,0.59,0.02,0,0,0.62
928,The Legend of Dragoon,PS,1999,Role-Playing,Sony Computer Entertainment,0.94,0.44,0.39,0.1,1.86
9776,Medarot DS: Kabuto / Kuwagata Ver.,DS,2010,Role-Playing,Rocket Company,0,0,0.12,0,0.12
7504,Enchanted Arms,PS3,2007,Role-Playing,Ubisoft,0.17,0.01,0,0.02,0.2
15487,Rainbow Islands Revolution,DS,2005,Platform,Rising Star Games,0.01,0,0,0,0.02
13724,Metal Max Returns,SNES,1995,Role-Playing,Data East,0,0,0.04,0,0.04
10344,Science Papa,DS,2009,Misc,Activision,0.09,0.01,0,0.01,0.11
14880,D.C. III: Da Capo III,PSP,2013,Adventure,Kadokawa Games,0,0,0.03,0,0.03
12703,Eikan wa Kimini 2002: Koshien no Kodou,PS2,2002,Sports,DigiCube,0,0,0.06,0,0.06
3506,Shin Megami Tensei IV,3DS,2013,Role-Playing,Atlus,0.28,0,0.27,0.02,0.57
13705,Company of Heroes: Opposing Fronts,PC,2007,Strategy,THQ,0.01,0.03,0,0.01,0.04
13010,Tiny Toon Adventures: Toonenstein - Dare to Scare,PS,1998,Action,Swing! Entertainment,0.03,0.02,0,0,0.05
14588,DICE: DNA Integrated Cybernetic Enterprises,PS2,2005,Shooter,Namco Bandai Games,0.01,0.01,0,0,0.03
15276,Thomas & Friends: Hero of the Rails,Wii,2010,Misc,Unknown,0,0.02,0,0,0.02
13533,Resident Evil Director's Cut,PS3,2006,Action,Capcom,0,0,0.04,0,0.04
2042,Pong: The Next Level,PS,1998,Puzzle,Hasbro Interactive,0.56,0.38,0,0.07,1.01
263,Batman: Arkham Asylum,PS3,2009,Action,Eidos Interactive,2.23,1.34,0.07,0.61,4.25
12374,Jurassic Park III: Park Builder,GBA,2001,Simulation,Konami Digital Entertainment,0.04,0.02,0,0,0.06
7406,The Land Before Time: Big Water Adventure,PS,2002,Platform,TDK Mediactive,0.12,0.08,0,0.01,0.21
2292,Sonic Mega Collection Plus,XB,2004,Misc,Sega,0.61,0.26,0,0.04,0.91
2685,All-Star Baseball 2003,PS2,2002,Sports,Acclaim Entertainment,0.38,0.29,0,0.1,0.77
5455,Digimon World: Dawn / Dusk,DS,2007,Role-Playing,Namco Bandai Games,0.14,0,0.18,0.01,0.33
11877,Code Geass: Hangyaku no Lelouch - Lost Colors,PSP,2008,Adventure,Namco Bandai Games,0,0,0.07,0,0.07
8845,Saint Seiya: Soldiers' Soul,PS4,2015,Fighting,Namco Bandai Games,0,0.09,0.04,0.02,0.15
11988,Super Robot Spirits,N64,1998,Fighting,Banpresto,0,0,0.04,0.03,0.07
4621,Ghost Trick: Phantom Detective,DS,2010,Adventure,Capcom,0.2,0.08,0.12,0.03,0.42
10655,Marvel vs. Capcom: Clash of Super Heroes,DC,1999,Fighting,Capcom,0,0,0.1,0,0.1
1572,Tamagotchi Connection: Corner Shop,DS,2005,Simulation,Atari,0.1,0.02,1.12,0.01,1.26
8727,F.E.A.R. 3,PC,2011,Shooter,Warner Bros. Interactive Entertainment,0.04,0.08,0,0.03,0.15
10247,Planet 51,X360,2009,Action,Sega,0.07,0.03,0,0.01,0.11
11205,Adventure Time: The Secret of the Nameless Kingdom,X360,2014,Action,Little Orbit,0,0.08,0,0.01,0.09
1941,Aliens vs Predator,X360,2010,Shooter,Sega,0.55,0.4,0,0.11,1.06
12365,The Legend of Heroes: Trails in the Sky Second Chapter,PSP,2007,Role-Playing,Falcom Corporation,0,0,0.06,0,0.06
10849,NFL Blitz 20-02,XB,2002,Sports,Midway Games,0.07,0.02,0,0,0.09
11708,WRC 2: FIA World Rally Championship,X360,2011,Racing,Ubisoft,0,0.06,0,0.01,0.08
12188,Petz: Hamsterz Bunch,PSP,2009,Simulation,Ubisoft,0.06,0,0,0.01,0.07
10339,Rengoku: The Tower of Purgatory,PSP,2005,Action,Konami Digital Entertainment,0.1,0,0,0.01,0.11
9252,Far Cry: Primal,PC,2016,Action,Ubisoft,0.04,0.09,0,0.01,0.14
4777,Avatar: The Game,DS,2009,Action,Ubisoft,0.19,0.18,0,0.04,0.41
11333,Get Fit with Mel B,X360,N/A,Sports,Black Bean Games,0,0.07,0,0.01,0.08
13519,M&M's Beach Party,Wii,2009,Misc,Zoo Digital Publishing,0.04,0,0,0,0.04
9047,Just Cause,X360,2006,Action,Eidos Interactive,0.1,0.03,0.01,0.01,0.14
9592,Monopoly Party,GC,2002,Misc,Infogrames,0.1,0.03,0,0,0.13
4987,Dragon's Crown,PSV,2013,Role-Playing,Nippon Ichi Software,0.16,0.05,0.12,0.05,0.38
2863,Omerta: City of Gangsters,X360,2011,Simulation,Konami Digital Entertainment,0.42,0.23,0,0.06,0.71
1465,Command & Conquer: Red Alert 2,PC,2000,Strategy,Electronic Arts,1.32,0.02,0,0,1.34
15326,Meikyuu Cross Blood: Reloaded,X360,2011,Action,Unknown,0,0,0.02,0,0.02
11319,Onimusha Tactics,GBA,2003,Strategy,Capcom,0.06,0.02,0,0,0.08
12638,Adventures of Lolo,NES,1989,Puzzle,HAL Laboratory,0.06,0,0,0,0.06
13695,Deadliest Warrior: Ancient Combat,X360,2012,Fighting,Cloud Imperium Games Corporation,0.04,0,0,0,0.04
10239,Top Angler: Real Bass Fishing,PS2,2002,Sports,Xicat Interactive,0.05,0.04,0,0.01,0.11
7955,Thomas the Tank Engine & Friends,GBA,2004,Adventure,N/A,0.13,0.05,0,0,0.19
16223,Dynasty Warriors: Eiketsuden,PS4,2016,Action,Tecmo Koei,0,0,0.01,0,0.01
5958,RealSports Boxing,2600,1986,Sports,Atari,0.28,0.02,0,0,0.29
13561,428: Fuusa Sareta Shibuya de,PSP,2009,Adventure,Spike,0,0,0.04,0,0.04
5959,Imagine: Makeup Artist,DS,2020,Simulation,Ubisoft,0.27,0,0,0.02,0.29
2007,Need for Speed: Most Wanted,XB,2005,Racing,Electronic Arts,0.53,0.46,0,0.05,1.04
3623,Rapala Tournament Fishing!,Wii,2006,Sports,Activision,0.51,0,0,0.04,0.56
3808,F1 2009,PSP,2009,Racing,Codemasters,0.08,0.29,0,0.16,0.53
8874,Odin Sphere: Leifthrasir,PSV,2016,Role-Playing,Nippon Ichi Software,0.02,0.03,0.08,0.02,0.15
3734,Terminator Salvation,PS3,2009,Shooter,Warner Bros. Interactive Entertainment,0.13,0.29,0.01,0.11,0.54
12169,Penguins of Madagascar,3DS,2014,Action,Namco Bandai Games,0,0.06,0,0,0.07
11079,Blazblue: Continuum Shift Extend,PS3,2011,Fighting,PQube,0,0,0.09,0,0.09
4712,300: March to Glory,PSP,2007,Action,Warner Bros. Interactive Entertainment,0.27,0.08,0,0.06,0.41
13135,Dark Summit,GC,2002,Sports,THQ,0.04,0.01,0,0,0.05
4592,Medal of Honor Heroes 2,Wii,2007,Shooter,Electronic Arts,0.34,0.04,0.01,0.04,0.42
12478,Batman: Rise of Sin Tzu,GC,2003,Action,Ubisoft,0.05,0.01,0,0,0.06
6578,Tokyo Jungle,PS3,2012,Action,Sony Computer Entertainment,0,0,0.26,0,0.26
13559,San-X Land: Theme Park de Asobou!,DS,2006,Action,MTO,0,0,0.04,0,0.04
9412,My Baby: First Steps,Wii,2009,Simulation,SouthPeak Games,0.12,0,0,0.01,0.13
3755,NBA Street Vol. 2,GC,N/A,Sports,Electronic Arts,0.41,0.11,0,0.01,0.54
6379,America's Test Kitchen: Let's Get Cooking,DS,2010,Simulation,Nintendo,0.25,0,0,0.02,0.27
6095,Warriors Orochi 2,PSP,2008,Action,Tecmo Koei,0.06,0,0.22,0.01,0.29
6900,X-Men: Destiny,X360,2011,Action,Activision,0.18,0.05,0,0.02,0.24
1174,Jampack Summer 2K,PS,2000,Misc,Sony Computer Entertainment,0.88,0.6,0,0.1,1.58
6376,NASCAR Thunder 2003,XB,2002,Racing,Electronic Arts,0.2,0.06,0,0.01,0.27
8266,True Crime: New York City,GC,2005,Action,Activision,0.13,0.03,0,0,0.17
3126,Disney Sing It: Party Hits,Wii,2010,Misc,Disney Interactive Studios,0.5,0.11,0,0.05,0.65
6059,Shrek Super Party,PS2,2002,Misc,TDK Mediactive,0.14,0.11,0,0.04,0.29
11481,NHL Breakaway 99,N64,1998,Sports,Acclaim Entertainment,0.07,0.01,0,0,0.08
7153,Ys Seven,PSP,2009,Role-Playing,Falcom Corporation,0.14,0,0.08,0.01,0.22
10485,Momotarou Dentetsu 16,Wii,2007,Misc,Hudson Soft,0,0,0.1,0,0.1
6344,NBA In The Zone '98,N64,1997,Sports,Konami Digital Entertainment,0.25,0.02,0,0,0.27
14443,Eyeshield 21: DevilBats DevilDays,GBA,2006,Role-Playing,Nintendo,0,0,0.03,0,0.03
12779,Gold and Glory: The Road to El Dorado,PS,2000,Adventure,Ubisoft,0.03,0.02,0,0,0.06
5836,"Army Men World War: Land, Sea, Air",PS,2000,Action,3DO,0.17,0.12,0,0.02,0.3
4259,The Legend of Spyro: Dawn of the Dragon,PS3,2008,Platform,Vivendi Games,0.19,0.19,0,0.08,0.46
9263,BlazBlue: Chrono Phantasma Extend,PS4,2015,Action,PQube,0.07,0.03,0.02,0.02,0.14
325,LEGO Indiana Jones: The Original Adventures,X360,2008,Action,Activision,2.4,1.03,0,0.36,3.78
15181,Puzzle Challenge: Crosswords and More!,PS2,2006,Puzzle,Crave Entertainment,0.01,0.01,0,0,0.02
7137,FaceBreaker K.O. Party,Wii,2008,Fighting,Electronic Arts,0.2,0.01,0,0.02,0.22
6087,BeatMania Append 4thMix: The beat goes on,PS,1999,Simulation,Konami Digital Entertainment,0,0,0.27,0.02,0.29
13164,Fushigi no Dungeon: Fuurai no Shiren 3 Portable,PSP,2010,Role-Playing,Spike,0,0,0.05,0,0.05
9007,Where the Wild Things Are,DS,2009,Platform,Warner Bros. Interactive Entertainment,0.13,0,0,0.01,0.14
14997,Europa Universalis III Complete,PC,2008,Strategy,Paradox Interactive,0,0.02,0,0,0.02
5673,Shin Super Robot Taisen Special Disk,PS,1997,Strategy,Banpresto,0,0,0.3,0.02,0.32
4776,Asura's Wrath,PS3,2012,Action,Capcom,0.18,0.12,0.06,0.05,0.41
12999,Piglet's Big Game,GBA,2003,Platform,THQ,0.04,0.01,0,0,0.05
15018,Mesaze!! Tsuri Master: Sekai ni Challenge! Hen,Wii,2008,Sports,Hudson Soft,0,0,0.02,0,0.02
7167,Skies of Arcadia Legends,GC,2002,Role-Playing,Atari,0.17,0.04,0,0.01,0.22
10384,Disney Channel Collection Vol. 1,GBA,2004,Misc,N/A,0.08,0.03,0,0,0.11
7768,Power Pro Kun Pocket 12,DS,2009,Sports,Konami Digital Entertainment,0,0,0.19,0,0.19
13886,Halo: Combat Evolved,PC,2003,Shooter,Microsoft Game Studios,0.01,0.02,0,0.01,0.04
453,World Class Track Meet,NES,1986,Sports,Namco Bandai Games,1.92,0.45,0.64,0.07,3.08
14080,NHRA Drag Racing: Countdown to the Championship,PS2,2007,Racing,THQ,0.02,0.01,0,0,0.04
9190,Sid Meier's Pirates!,XB,2005,Strategy,Take-Two Interactive,0.11,0.03,0,0.01,0.14
11712,Pinball Hall of Fame: The Gottlieb Collection,XB,2004,Misc,Crave Entertainment,0.06,0.02,0,0,0.08
10775,Tokimeki Memorial: Taisen Pazurudama,PS,1996,Puzzle,Konami Digital Entertainment,0,0,0.09,0.01,0.1
5560,Dead Rising 2: Off the Record,PS3,2011,Action,Capcom,0.11,0.08,0.1,0.03,0.33
12680,The Amazing Spider-Man 2 (2014),WiiU,2014,Action,Activision,0.03,0.02,0,0,0.06
13799,Astro Boy: The Video Game,PSP,2009,Action,D3Publisher,0.04,0,0,0,0.04
4315,Missile Command,PS,1999,Shooter,Atari,0.25,0.17,0,0.03,0.45
2916,F-14 Tomcat,GBA,2001,Action,Majesco Entertainment,0.5,0.19,0,0.01,0.7
14682,Schlag den Raab,PC,2010,Misc,Namco Bandai Games,0,0.02,0,0.01,0.03
6700,Penny Racers,PS,1996,Racing,Sony Computer Entertainment,0,0,0.23,0.02,0.25
1164,Devil May Cry 4,PS3,2008,Action,Capcom,0.58,0.46,0.34,0.21,1.59
9081,Class of Heroes,PSP,2008,Role-Playing,Acquire,0.06,0,0.08,0.01,0.14
3870,Harry Potter and the Prisoner of Azkaban,GBA,2004,Action,Electronic Arts,0.37,0.14,0,0.01,0.52
13989,Tears to Tiara Anecdotes: The Secret of Avalon,PS3,2009,Strategy,Aqua Plus,0,0,0.04,0,0.04
12755,Dino Pets,DS,2009,Simulation,Avanquest,0.05,0,0,0,0.06
8378,Sword of the Samurai,PS2,N/A,Fighting,Ubisoft,0,0,0.17,0,0.17
7220,Cursed Mountain,Wii,2009,Adventure,Deep Silver,0.09,0.1,0,0.02,0.22
3496,NHL 10,PS3,2009,Sports,Electronic Arts,0.38,0.12,0,0.07,0.58
11943,Damnation,X360,2009,Shooter,Codemasters,0.06,0.01,0,0.01,0.07
3131,The Black Eyed Peas Experience,Wii,2011,Misc,Ubisoft,0.39,0.2,0,0.06,0.65
9008,Pipe Dreams 3D,PS,2001,Puzzle,Empire Interactive,0.08,0.05,0,0.01,0.14
12733,Viewtiful Joe: Red Hot Rumble,GC,2005,Action,Capcom,0.04,0.01,0,0,0.06
6569,Legendary,X360,2008,Shooter,Atari,0.08,0.15,0,0.03,0.26
13889,Famicom Remix Best Choice,3DS,2015,Action,Nintendo,0,0,0.04,0,0.04
1898,Grand Theft Auto V,PC,2015,Action,Take-Two Interactive,0.36,0.64,0,0.08,1.08
14132,Boulder Dash: Rocks!,DS,2007,Puzzle,10TACLE Studios,0,0.03,0,0,0.03
2174,ESPN NBA 2K5,XB,2004,Sports,Global Star,0.88,0.04,0,0.04,0.95
14148,Prey,PC,2006,Shooter,Take-Two Interactive,0,0.03,0,0.01,0.03
12383,LEGO Bionicle,GBA,2001,Platform,LEGO Media,0.04,0.02,0,0,0.06
11835,Busou Shinki: Battle Masters,PSP,2010,Action,Konami Digital Entertainment,0,0,0.07,0,0.07
4825,Iron Man 2,PS3,2010,Action,Sega,0.14,0.19,0,0.07,0.4
13261,Secret Service,X360,2008,Action,Activision Value,0.04,0,0,0,0.05
3581,Phineas and Ferb: Across the 2nd Dimension,DS,2011,Action,Disney Interactive Studios,0.32,0.19,0,0.05,0.56
6597,NHL Rock the Rink,PS,1999,Sports,Electronic Arts,0.14,0.1,0,0.02,0.26
6499,Babysitting Mania,DS,2008,Simulation,Majesco Entertainment,0.24,0,0,0.02,0.26
13111,OutRun 2006: Coast 2 Coast,PS2,2006,Racing,Sega,0.02,0.01,0.01,0,0.05
16291,ef - a fairy tale of the two.,PS2,2010,Adventure,Comfort,0,0,0.01,0,0.01
13059,Men of War: Assault Squad,PC,2011,Strategy,1C Company,0.01,0.03,0,0.01,0.05
8227,Sports Illustrated for Kids: Baseball,GBA,2001,Sports,BAM! Entertainment,0.12,0.05,0,0,0.17
7435,Spider-Man: Web of Shadows,PS2,2008,Action,Activision,0.1,0.08,0,0.03,0.21
14676,Kaitou Tenshi Twin Angel: Toki to Sekai no Meikyuu,PSP,2011,Adventure,Alchemist,0,0,0.03,0,0.03
