Rank,Name,Platform,Year,Genre,Publisher,NA_Sales,EU_Sales,JP_Sales,Other_Sales,Global_Sales
16476,Captain Rainbow,Wii,2008,Adventure,Nintendo,0,0,0.01,0,0.01
12882,Famicom Mini: Dig Dug,GBA,2004,Puzzle,Namco Bandai Games,0,0,0.05,0,0.05
6270,Tao Feng: Fist of the Lotus,XB,2003,Fighting,Microsoft Game Studios,0.21,0.06,0,0.01,0.27
1323,Resident Evil: Outbreak,PS2,2003,Action,Capcom,0.54,0.35,0.46,0.1,1.45
14438,Gensou Suikoden I & II,PSP,2006,Role-Playing,Konami Digital Entertainment,0,0,0.03,0,0.03
12901,Dark Souls III,PC,2016,Role-Playing,Namco Bandai Games,0,0.05,0,0,0.05
2628,PokePark 2: Wonders Beyond,Wii,2011,Action,Nintendo,0.27,0.2,0.27,0.05,0.79
3806,Stuntman: Ignition,PS3,2007,Racing,THQ,0.17,0.26,0,0.1,0.53
8386,Final Fantasy V,PS,1998,Role-Playing,SquareSoft,0,0,0.16,0.01,0.17
6628,Zoo Resort 3D,3DS,2011,Simulation,Ubisoft,0.11,0.09,0.03,0.02,0.25
12585,Mercury Meltdown,PSP,2006,Action,Atari,0.05,0.01,0,0.01,0.06
16123,Ninja Gaiden Sigma 2,PSV,2013,Action,Tecmo Koei,0,0,0.01,0,0.01
14410,Shaun White Skateboarding,PC,2010,Sports,Ubisoft,0,0.03,0,0.01,0.03
13140,Sengoku Basara 4: Sumeragi,PS4,2015,Action,Capcom,0,0,0.05,0,0.05
15414,Backyard Baseball '09,PS2,2008,Sports,Atari,0.01,0.01,0,0,0.02
10770,NASCAR Unleashed,PS3,2011,Racing,Activision,0.09,0,0,0.01,0.1
7874,Saints Row IV,PC,2013,Action,Deep Silver,0.11,0.06,0,0.02,0.19
12757,The Mysterious Case of Dr. Jekyll and Mr. Hyde,DS,2010,Adventure,O-Games,0.02,0.03,0,0.01,0.06
14322,Monster High: New Ghoul in School,Wii,2015,Action,Little Orbit,0,0.03,0,0,0.03
77,Super Mario Kart,SNES,1992,Racing,Nintendo,3.54,1.24,3.81,0.18,8.76
2356,Mega Man 8 Anniversary Collector's Edition,PS,1996,Platform,Capcom,0.44,0.3,0.09,0.06,0.88
16522,Bakumatsu Rock: Ultra Soul,PSP,2014,Misc,Marvelous Interactive,0,0,0.01,0,0.01
15878,Turbo: Super Stunt Squad,3DS,2013,Sports,D3Publisher,0,0.01,0,0,0.02
7606,The Legend of Heroes VII: The Trail of Blue,PSP,2011,Role-Playing,Falcom Corporation,0,0,0.2,0,0.2
1782,Puyo Puyo Sun Ketteiban,PS,1997,Puzzle,Compile,0,0,1.07,0.07,1.15
2032,Shrek 2,GC,2004,Platform,Activision,0.73,0.26,0.01,0.03,1.02
6391,Jikkyou Powerful Pro Yakyuu '98 Ketteiban,PS,1998,Sports,Konami Digital Entertainment,0,0,0.25,0.02,0.27
5707,Crash Nitro Kart,XB,2003,Racing,Vivendi Games,0.24,0.07,0,0.01,0.31
4072,Asphalt 3D,3DS,2011,Racing,Ubisoft,0.27,0.16,0.02,0.04,0.49
6717,Far Cry Instincts Predator,X360,2006,Shooter,Ubisoft,0.2,0.03,0,0.02,0.25
7290,Lost Planet 3,PS3,2013,Shooter,Capcom,0.07,0.06,0.06,0.03,0.22
11359,Puchi Puchi Virus,DS,2007,Puzzle,Jaleco,0.08,0,0,0.01,0.08
14029,Ailu de Puzzle,PSP,2012,Action,Capcom,0,0,0.04,0,0.04
4137,Fable,X360,2014,Role-Playing,Microsoft Game Studios,0.25,0.19,0.01,0.04,0.48
2256,Dante's Inferno,X360,2010,Action,Electronic Arts,0.63,0.2,0.02,0.07,0.92
4365,Fatal Fury 2,SNES,1993,Fighting,Takara,0,0,0.45,0,0.45
6784,Monster Jam: Path of Destruction,PS3,2010,Racing,Activision,0.21,0.02,0,0.02,0.24
12162,Jewels of the Ages,DS,2011,Puzzle,City Interactive,0.03,0.03,0,0.01,0.07
10872,Wordmaster,DS,2008,Strategy,Zoo Digital Publishing,0.09,0,0,0.01,0.09
7285,Samurai Jack: The Amulet of Time,GBA,2003,Platform,Zoo Digital Publishing,0.16,0.06,0,0,0.22
2918,NCAA Football 98,PS,1997,Sports,Electronic Arts,0.39,0.27,0,0.05,0.7
10838,Angry Birds: Rio,PC,2011,Puzzle,Focus Home Interactive,0,0.07,0,0.02,0.09
7966,Jackie Chan Adventures: Legend of the Dark Hand,GBA,2001,Action,Activision,0.13,0.05,0,0,0.19
2289,Marvel: Ultimate Alliance 2,X360,2009,Role-Playing,Activision,0.68,0.15,0,0.08,0.91
11706,Madden NFL 17,PS3,2016,Sports,Electronic Arts,0.05,0.01,0,0.01,0.08
1982,Imagine: Animal Doctor,DS,2007,Simulation,Ubisoft,0.45,0.49,0,0.11,1.05
12520,The Legend of Heroes VII: The Trail of Blue,PSV,2014,Role-Playing,Nihon Falcom Corporation,0,0,0.06,0,0.06
5570,Bleach: Shattered Blade,Wii,2006,Fighting,Sega,0.22,0.01,0.08,0.02,0.33
11144,Happy Feet Two,Wii,N/A,Action,Warner Bros. Interactive Entertainment,0.07,0.01,0,0.01,0.09
596,Monster Hunter Freedom 2,PSP,2007,Role-Playing,Capcom,0.37,0.27,1.75,0.18,2.58
15352,Oil Rush,PC,2012,Strategy,Iceberg Interactive,0,0.02,0,0,0.02
8466,Mobile Suit Gundam: Extreme VS Force,PSV,2015,Action,Namco Bandai Games,0,0,0.16,0,0.16
8057,Summer Athletics: The Ultimate Challenge,PS2,2008,Sports,DTP Entertainment,0,0,0,0.18,0.18
4764,Duke Nukem Forever,PC,2011,Shooter,Take-Two Interactive,0.18,0.17,0,0.06,0.41
6825,Harry Potter and the Goblet of Fire,DS,2005,Action,Electronic Arts,0.21,0.02,0,0.02,0.24
11582,Ultimate Party Challenge,Wii,2009,Misc,Konami Digital Entertainment,0.07,0,0,0.01,0.08
14491,Judie no Atelier: Guramnat no Renkinjutsu - Toraware no Morito,PSP,2010,Role-Playing,Gust,0,0,0.03,0,0.03
4272,Rugrats: Castle Capers,GBA,2001,Action,THQ,0.33,0.12,0,0.01,0.46
293,World Soccer Winning Eleven 9,PS2,2005,Sports,Konami Digital Entertainment,0.12,2.26,0.9,0.77,4.06
2609,Tiger Woods PGA Tour 10,PS3,2009,Sports,Electronic Arts,0.42,0.25,0,0.12,0.79
1274,Buzz! The BIG Quiz,PS2,2006,Misc,Sony Computer Entertainment,0,1.1,0,0.39,1.49
2858,Battlefield: Bad Company 2,PC,2010,Shooter,Electronic Arts,0.19,0.53,0,0,0.71
10739,Thor: God of Thunder,3DS,2011,Action,Sega,0.06,0.03,0,0.01,0.1
7294,NBA Live 14,PS4,2013,Sports,Electronic Arts,0.14,0.05,0,0.03,0.22
15828,Puyo Puyo Tetris,WiiU,2014,Puzzle,Sega,0,0,0.02,0,0.02
478,Battlefield: Bad Company 2,PS3,2010,Shooter,Electronic Arts,1.33,1.12,0.08,0.45,2.97
5821,LEGO Legends of Chima: Laval's Journey,3DS,2013,Adventure,Warner Bros. Interactive Entertainment,0.18,0.1,0,0.03,0.31
7194,Dino Stalker,PS2,2002,Shooter,Capcom,0.07,0.06,0.08,0.02,0.22
4645,Mega Man X6,PS,2001,Action,Capcom,0.14,0.1,0.16,0.03,0.42
14040,Mahjong Taikai,DS,2004,Misc,Tecmo Koei,0,0,0.04,0,0.04
3299,Just Dance 2014,WiiU,2013,Misc,Ubisoft,0.33,0.23,0,0.05,0.61
11660,Stuart Little 3: Big Photo Adventure,PS2,2005,Platform,Sony Computer Entertainment,0.04,0.03,0,0.01,0.08
7740,The Rise of the Argonauts,PS3,2008,Role-Playing,Codemasters,0.05,0.12,0,0.03,0.19
16537,Time Travelers,PSP,2012,Adventure,Level 5,0,0,0.01,0,0.01
6624,Surfing H3O,PS2,2000,Sports,Take-Two Interactive,0.12,0.1,0,0.03,0.25
13890,Pro Race Driver,XB,2003,Racing,Codemasters,0.03,0.01,0,0,0.04
13008,Battleship / Connect Four / Sorry! / Trouble,DS,2006,Puzzle,"Destination Software, Inc",0.05,0,0,0,0.05
15050,Strike Witches: Shirogane no Tsubasa,PSP,2012,Strategy,Kadokawa Shoten,0,0,0.02,0,0.02
15805,Football Academy,DS,2009,Sports,Electronic Arts,0,0.01,0,0,0.02
7355,Gekijouban Macross F: Itsuwarino Utahime - Hybrid Pack,PS3,2010,Action,Namco Bandai Games,0,0,0.21,0,0.21
11201,LEGO Star Wars II: The Original Trilogy,GBA,2006,Action,LucasArts,0.06,0.02,0,0,0.09
10364,Disney's Chicken Little: Ace In Action,Wii,N/A,Shooter,Disney Interactive Studios,0.1,0,0,0.01,0.11
8455,FlatOut,XB,2004,Racing,Empire Interactive,0.12,0.04,0,0.01,0.17
11850,Disney's Planes,3DS,2013,Simulation,Disney Interactive Studios,0.04,0.03,0,0.01,0.07
66,Halo 4,X360,2012,Shooter,Microsoft Game Studios,6.63,2.36,0.04,0.73,9.76
3090,Madden NFL 10,PSP,2009,Sports,Electronic Arts,0.5,0.08,0,0.08,0.66
4537,Castlevania: Portrait of Ruin,DS,2006,Platform,Konami Digital Entertainment,0.33,0.03,0.04,0.03,0.43
7984,Phantasy Star Nova,PSV,2014,Role-Playing,Sega,0,0,0.19,0,0.19
14955,Ano Hi Mita Hana no Namae o Bokutachi wa Mada Shiranai,PSP,2012,Action,5pb,0,0,0.02,0,0.02
6971,Super Robot Taisen D,GBA,2003,Strategy,Banpresto,0,0,0.23,0.01,0.23
12023,Pizza Delivery Boy,Wii,2010,Simulation,Majesco Entertainment,0.06,0,0,0,0.07
1984,Forza Motorsport,XB,2005,Racing,Microsoft Game Studios,0.52,0.51,0,0.02,1.05
5425,Pony Friends 2,DS,2009,Simulation,Eidos Interactive,0.21,0.1,0,0.03,0.34
8022,Driving Emotion Type-S,PS2,2000,Racing,Electronic Arts,0.04,0.03,0.11,0.01,0.18
9164,Epidemic,PS,1995,Shooter,Sony Computer Entertainment,0.02,0.01,0.1,0.01,0.14
9663,Ninja Reflex,Wii,2008,Action,Electronic Arts,0.11,0.01,0,0.01,0.12
13465,Phoenix Wright: Revived Turnabout,DS,2008,Misc,Capcom,0,0,0.04,0,0.04
16206,Shin Hayarigami 2,PSV,2016,Adventure,Nippon Ichi Software,0,0,0.01,0,0.01
3633,Dragon Age: Inquisition,X360,2014,Role-Playing,Electronic Arts,0.35,0.16,0,0.05,0.55
16443,Bullet Soul: Tama Tamashii,X360,2011,Shooter,5pb,0,0,0.01,0,0.01
12769,Angelique Trois,PS2,2000,Adventure,Tecmo Koei,0,0,0.06,0,0.06
15815,Tsuyo Kiss 2 Gakki: Swift Love,PS2,2009,Adventure,Revolution (Japan),0,0,0.02,0,0.02
12357,Star Fighter,PS,1995,Shooter,Telstar,0.04,0.02,0,0,0.06
13671,WTF: Work Time Fun,PSP,2005,Puzzle,Sony Computer Entertainment,0.04,0,0,0,0.04
11685,Open Season,PSP,2006,Platform,Ubisoft,0.07,0,0,0.01,0.08
2549,Mega Man,NES,1987,Platform,Capcom,0.45,0.08,0.27,0.01,0.81
4506,"The Chronicles of Narnia: The Lion, The Witch and The Wardrobe",PS2,2005,Action,Disney Interactive Studios,0.36,0.01,0,0.06,0.43
12234,Chocolatier,DS,2010,Misc,Zoo Games,0.06,0,0,0,0.07
12596,Jacqueline Wilson's Tracy Beaker: The Game,DS,2009,Misc,P2 Games,0,0.05,0,0,0.06
2088,LEGO Harry Potter: Years 5-7,X360,N/A,Action,Warner Bros. Interactive Entertainment,0.51,0.39,0,0.09,0.99
8933,Kung-Fu: High Impact,X360,2011,Action,Black Bean Games,0.08,0.06,0,0.01,0.15
16037,WinBack 2: Project Poseidon,PS2,2006,Shooter,Tecmo Koei,0.01,0.01,0,0,0.01
3584,Wolfenstein,X360,2009,Shooter,Activision,0.28,0.22,0,0.06,0.56
8126,F1 Challenge,SAT,1994,Racing,Sega,0,0,0.18,0,0.18
5348,Charlie and the Chocolate Factory,PS2,2005,Adventure,Global Star,0.17,0.13,0,0.04,0.35
13255,Treasure Report: Kikai Jikake no Isan,DS,2011,Adventure,Namco Bandai Games,0,0,0.05,0,0.05
3697,Medarot 2: Kabuto / Kuwagata Version,GB,1999,Role-Playing,Imagineer,0,0,0.54,0,0.54
11171,ShellShock 2: Blood Trails,X360,2009,Shooter,Eidos Interactive,0.05,0.03,0,0.01,0.09
16146,Harry Potter and the Chamber of Secrets,PC,2002,Action,Electronic Arts,0,0.01,0,0,0.01
4787,Super Monkey Ball: Step & Roll,Wii,2010,Action,Sega,0.17,0.2,0,0.04,0.4
14417,Winning Post 7 2009,PSP,2009,Sports,Tecmo Koei,0,0,0.03,0,0.03
4250,Sid Meier's Civilization Revolution,DS,2008,Strategy,Take-Two Interactive,0.38,0.03,0.02,0.04,0.46
8161,Charlie and the Chocolate Factory,GC,2005,Adventure,Global Star,0.14,0.04,0,0,0.18
4549,Dawn of Mana,PS2,2006,Role-Playing,Square Enix,0.07,0.05,0.29,0.02,0.43
2855,Fear Effect,PS,1998,Action,Eidos Interactive,0.4,0.27,0,0.05,0.72
2484,Dynasty Warriors 2,PS2,2000,Action,THQ,0.24,0.19,0.34,0.06,0.83
3431,Ben 10: Alien Force,PSP,2008,Action,Koch Media,0.35,0.14,0,0.1,0.59
16332,Element Hunter,DS,2009,Role-Playing,Namco Bandai Games,0,0,0.01,0,0.01
9927,The Walking Dead: Survival Instinct,WiiU,2013,Shooter,Activision,0.08,0.03,0,0.01,0.12
6801,World Soccer Winning Eleven 7,PS2,2003,Sports,Konami Digital Entertainment,0.12,0.09,0,0.03,0.24
12177,Winning Post 7 2010,PS3,2010,Sports,Tecmo Koei,0,0,0.07,0,0.07
14707,The Last Guy,PS3,2009,Action,Sony Computer Entertainment,0,0,0.03,0,0.03
4529,Ghostbusters: The Video Game,PS2,2009,Action,Atari,0.15,0.04,0,0.24,0.43
9660,Monster Truck Madness,GBA,2003,Racing,THQ,0.09,0.03,0,0,0.12
10853,Monopoly Collection,Wii,2011,Misc,Electronic Arts,0.02,0.07,0,0.01,0.09
13242,GrimGrimoire,PS2,2007,Strategy,Tecmo Koei,0.01,0.01,0.03,0,0.05
8545,Fatal Frame II: Crimson Butterfly,PS2,2003,Action,Ubisoft,0.08,0.06,0,0.02,0.16
349,Pro Evolution Soccer 2008,PS2,2007,Sports,Konami Digital Entertainment,0.05,0,0.64,2.93,3.63
5945,Shark Tale,GC,2004,Action,Activision,0.23,0.06,0,0.01,0.3
4305,Warhawk,PS,1995,Simulation,Sony Computer Entertainment,0.25,0.17,0,0.03,0.46
9729,Final Fantasy XIV: Heavensward,PS4,2015,Action,Square Enix,0,0.05,0.06,0.01,0.12
14995,Carnage Heart EXA,PSP,2010,Strategy,ArtDink,0,0,0.02,0,0.02
9227,Persona 4: Arena Ultimax,PS3,2014,Fighting,Atlus,0,0.01,0.13,0,0.14
15889,Koihime Enbu,PS4,2016,Fighting,Yeti,0,0,0.02,0,0.02
2034,Tales of Graces f,PS3,2010,Role-Playing,Namco Bandai Games,0.28,0.21,0.45,0.08,1.02
4692,Cars: Mater-National Championship,PS3,2007,Racing,THQ,0.37,0.01,0,0.03,0.41
6227,Indiana Jones and the Staff of Kings,PS2,2009,Action,Activision,0.11,0.01,0,0.16,0.28
409,The Lord of the Rings: The Return of the King,PS2,2003,Action,Electronic Arts,1.5,1.28,0.05,0.46,3.28
2523,Guitar Hero: Warriors of Rock,PS3,2010,Misc,Activision,0.33,0.35,0,0.14,0.82
7691,Barbie Horse Adventures: Riding Camp,Wii,2008,Sports,Activision,0.18,0,0,0.01,0.2
5743,Pro Evolution Soccer 2013,X360,2012,Sports,Konami Digital Entertainment,0.08,0.2,0,0.03,0.31
6325,Wave Rally,PS2,2001,Racing,Eidos Interactive,0.13,0.1,0,0.03,0.27
15787,Gummy Bears Magical Medallion,Wii,2011,Platform,Storm City Games,0.02,0,0,0,0.02
5376,MotorStorm: Arctic Edge,PS2,2009,Racing,Sony Computer Entertainment,0.07,0.03,0,0.25,0.34
12255,187: Ride or Die,XB,2005,Racing,Ubisoft,0.05,0.01,0,0,0.06
13935,Zoo Hospital,DS,2007,Simulation,Eidos Interactive,0.03,0,0,0,0.04
9978,Dawn of Discovery,DS,2009,Simulation,Ubisoft,0.07,0.03,0,0.01,0.12
14673,Warhammer: Mark of Chaos,PC,2006,Strategy,Deep Silver,0,0.02,0,0,0.03
7631,Code of Princess,3DS,2012,Action,Agatsuma Entertainment,0.16,0,0.03,0.01,0.2
16459,Art Academy: Home Studio,WiiU,2015,Misc,Nintendo,0,0,0.01,0,0.01
465,Tom Clancy's Splinter Cell,XB,2002,Action,Ubisoft,1.85,1.04,0,0.13,3.02
5199,Speed Racer: The Videogame,DS,2008,Racing,Warner Bros. Interactive Entertainment,0.29,0.05,0,0.03,0.36
15168,Jissen Pachinko Hisshouhou! CR Sakura Taisen,PS2,2007,Misc,Sega,0,0,0.02,0,0.02
558,Madden NFL 11,X360,2010,Sports,Electronic Arts,2.38,0.12,0,0.18,2.69
1272,Drawn To Life: SpongeBob SquarePants Edition,DS,2008,Adventure,THQ,1,0.36,0,0.13,1.49
5285,Disney's Tarzan: Return to the Jungle,GBA,2002,Action,Activision,0.25,0.09,0,0.01,0.35
12403,2 Games in 1: Sonic Pinball Party & Columns Crown,GBA,2005,Misc,Sega,0.04,0.02,0,0,0.06
5799,Music Maker,PS2,2001,Misc,Magix,0.15,0.12,0,0.04,0.31
5875,Jonas,DS,2009,Adventure,Disney Interactive Studios,0.28,0,0,0.02,0.3
531,WWF SmackDown! Just Bring It,PS2,2001,Fighting,THQ,1.19,1.15,0.04,0.41,2.79
15145,428: Fuusa Sareta Shibuya de,PS3,2009,Adventure,Spike,0,0,0.02,0,0.02
4741,Transformers: Fall of Cybertron,PS3,2012,Action,Activision,0.19,0.15,0,0.07,0.41
6163,Famista '92,NES,1991,Sports,Namco Bandai Games,0,0,0.28,0,0.28
7774,Manhunt,XB,2004,Action,Take-Two Interactive,0.14,0.04,0,0.01,0.19
10694,"Warhammer 40,000: Dawn of War II - Chaos Rising",PC,2010,Strategy,THQ,0.08,0.01,0,0.01,0.1
5960,Grandia II,PS2,2002,Role-Playing,Ubisoft,0.14,0.11,0,0.04,0.29
9123,Cabela's Outdoor Adventures (2009),PS2,2009,Sports,Activision Value,0.07,0.05,0,0.02,0.14
4544,Mobile Suit Gundam: Zeonic Front,PS2,2001,Simulation,Namco Bandai Games,0.09,0.07,0.25,0.02,0.43
14718,Rush Hour,PS,1997,Misc,Psygnosis,0.02,0.01,0,0,0.03
13784,Akko ni Omakase! Brain Shock,DS,2006,Misc,Taito,0,0,0.04,0,0.04
1639,Game & Watch Gallery 3,GB,1999,Misc,Nintendo,0.79,0.31,0.08,0.04,1.22
10149,Disney's Peter Pan: Return to Never Land,GBA,2002,Platform,Ubisoft,0.08,0.03,0,0,0.11
11227,Monster Jam: Urban Assault,PSP,2008,Racing,Activision,0.08,0,0,0.01,0.09
10781,EyeCreate,PS3,2007,Misc,Sony Computer Entertainment,0,0.08,0,0.02,0.1
6754,Nickelodeon Party Blast,GC,2002,Misc,Atari,0.19,0.05,0,0.01,0.25
13102,Mirror's Edge Catalyst,PC,2016,Platform,Electronic Arts,0.01,0.03,0,0.01,0.05
11192,Sloane to MacHale no Nazo no Monogatari 2,DS,2009,Puzzle,Level 5,0,0,0.09,0,0.09
4572,Ben 10 Alien Force: Vilgax Attacks,DS,2009,Action,D3Publisher,0.22,0.16,0,0.04,0.42
14070,Crazy Machines,DS,2008,Puzzle,DTP Entertainment,0,0.03,0,0,0.04
8599,Innocent Life: A Futuristic Harvest Moon,PSP,2006,Simulation,Rising Star Games,0.08,0.03,0.03,0.02,0.16
3681,Turok: Evolution,XB,2002,Shooter,Acclaim Entertainment,0.39,0.14,0,0.02,0.55
3947,Hidden Mysteries: Titanic - Secrets of the Fateful Voyage,DS,2009,Adventure,GSP,0.12,0.33,0,0.06,0.51
15739,Memories Off: Yubikiri no Kioku,X360,2010,Adventure,5pb,0,0,0.02,0,0.02
7054,Spider-Man: Edge of Time,PS3,2011,Action,Activision,0.13,0.07,0,0.03,0.23
12283,Disney's Magical Quest 2 Starring Mickey and Minnie,GBA,2003,Action,Capcom,0.05,0.02,0,0,0.06
2080,Dark Souls,X360,2011,Role-Playing,Namco Bandai Games,0.64,0.28,0,0.08,1
12875,BlowOut,XB,2003,Shooter,Zoo Digital Publishing,0.04,0.01,0,0,0.05
11155,Harvey Birdman: Attorney at Law,Wii,2008,Adventure,Capcom,0.08,0,0,0.01,0.09
4602,Grandia,SAT,1997,Role-Playing,ESP,0,0,0.42,0,0.42
4920,Red Faction: Armageddon,X360,2011,Shooter,THQ,0.18,0.17,0.01,0.04,0.39
12132,Deep Labyrinth,DS,2006,Action,505 Games,0.06,0,0,0,0.07
16177,We Sing 80s,Wii,2012,Misc,Nordic Games,0,0.01,0,0,0.01
13936,Evolution Skateboarding,GC,2002,Sports,Konami Digital Entertainment,0.03,0.01,0,0,0.04
12019,Cut the Rope,3DS,2014,Puzzle,Activision,0.06,0,0,0.01,0.07
13511,Growlanser,PSP,2009,Role-Playing,Atlus,0,0,0.04,0,0.04
11035,Cardfight!! Vanguard: Ride to Victory,3DS,2013,Misc,FuRyu,0,0,0.09,0,0.09
7819,Spider-Man: Shattered Dimensions,DS,2010,Action,Activision,0.17,0.01,0,0.01,0.19
5444,Tom Clancy's Ghost Recon Advanced Warfighter,XB,2006,Shooter,Ubisoft,0.21,0.11,0,0.01,0.33
9002,QuickSpot,DS,2006,Misc,Namco Bandai Games,0.02,0,0.13,0,0.14
1399,WWE '13,PS3,2012,Action,THQ,0.51,0.62,0,0.26,1.39
1621,Medal of Honor: Airborne,PS3,2007,Shooter,Electronic Arts,0.25,0.7,0.03,0.25,1.23
16546,Driving Simulator 2011,PC,2011,Racing,N/A,0,0.01,0,0,0.01
11928,Famicom Mini: Nazo no Murasame-Jou,GBA,2004,Action,Nintendo,0,0,0.07,0,0.07
7583,7th Dragon 2020,PSP,2011,Role-Playing,Sega,0,0,0.2,0,0.2
15319,Runaway: A Twist of Fate,DS,N/A,Adventure,Focus Home Interactive,0,0.02,0,0,0.02
1180,Pokemon Mystery Dungeon: Explorers of Sky,DS,2009,Role-Playing,Nintendo,0.58,0.44,0.44,0.12,1.58
13958,Rugby 08,PS2,2007,Sports,Electronic Arts,0.02,0.01,0,0,0.04
5843,1701 A.D.,PC,2006,Simulation,Deep Silver,0,0.25,0,0.05,0.3
11020,Obscure: The Aftermath,PSP,2009,Action,Playlogic Game Factory,0.05,0.03,0,0.02,0.09
3181,Okami,Wii,2008,Action,Capcom,0.45,0.1,0.04,0.05,0.64
3467,FIFA: Road to  World Cup 98,N64,1997,Sports,Electronic Arts,0.15,0.39,0,0.03,0.58
6964,Mobile Suit Gundam: Climax U.C.,PS2,2006,Action,Namco Bandai Games,0,0,0.23,0,0.23
15622,"Shounen Onmyouji: Tsubasa Yoima, Ten e Kaere",PS2,2007,Adventure,Kadokawa Shoten,0,0,0.02,0,0.02
15309,Shaberu! DS Oryouri Navi: Marugoto Teikoku Hotel: Saikouhou no Ryouri-chou ga Oshieru Katei Ryouri,DS,2007,Misc,Tecmo Koei,0,0,0.02,0,0.02
12263,Disney's Chicken Little: Ace In Action,DS,2006,Shooter,Disney Interactive Studios,0.06,0,0,0,0.06
7950,Disney's Meet the Robinsons,Wii,2007,Action,Disney Interactive Studios,0.17,0,0,0.01,0.19
10031,Tony Hawk's Pro Skater 5,XOne,2015,Sports,Activision,0.08,0.02,0,0.01,0.11
6345,Jikkyou Powerful Pro Yakyuu 5,N64,1998,Sports,Konami Digital Entertainment,0,0,0.27,0,0.27
10906,Devil May Cry 4,PS4,2015,Action,Capcom,0.01,0,0.08,0,0.09
11817,SpongeBob's Truth or Square,X360,2009,Action,THQ,0.03,0.04,0,0,0.07
2787,Unreal Championship,XB,2002,Shooter,Atari,0.59,0.12,0,0.03,0.74
5984,Prince of Persia: Rival Swords,Wii,2007,Action,Ubisoft,0.24,0.03,0,0.02,0.29
3298,Tony Hawk: RIDE,X360,2009,Sports,Activision,0.46,0.1,0,0.05,0.61
13173,SD Gundam: Over Galaxian,PS,1996,Shooter,Namco Bandai Games,0,0,0.05,0,0.05
15382,Joker no Kuni no Alice: Wonderful Wonder World,PSP,2011,Adventure,Quinrose,0,0,0.02,0,0.02
12305,Sprung - A Game Where Everyone Scores,DS,2004,Adventure,Ubisoft,0.06,0,0,0,0.06
988,UFC 2009 Undisputed,PS3,2009,Fighting,THQ,1.07,0.45,0.01,0.24,1.77
15580,Bakumatsu Rock: Ultra Soul,PSV,2014,Misc,Marvelous Interactive,0,0,0.02,0,0.02
7571,Way of the Samurai 4,PS3,2011,Action,Nippon Ichi Software,0,0.03,0.16,0.01,0.2
5925,Call of Juarez: The Cartel,PS3,2011,Shooter,Ubisoft,0.12,0.13,0,0.05,0.3
13142,Shinseiki Evangelion 2: Tsukurareshi Sekai - Another Cases,PSP,2006,Adventure,Namco Bandai Games,0,0,0.05,0,0.05
5329,Aggressive Inline,PS2,2002,Sports,Acclaim Entertainment,0.17,0.13,0,0.04,0.35
13182,Woody Woodpecker: Escape from Buzz Buzzard Park,PS2,2001,Platform,DreamCatcher Interactive,0.02,0.02,0,0.01,0.05
4548,Monopoly,PS2,2008,Misc,Electronic Arts,0.21,0.16,0,0.05,0.43
4620,Jikkyou Powerful Pro Yakyuu 11,PS2,2004,Sports,Konami Digital Entertainment,0,0,0.42,0,0.42
11919,F.E.A.R. 2: Project Origin,PC,2009,Shooter,Warner Bros. Interactive Entertainment,0.01,0.05,0,0.01,0.07
5847,Burnout,GC,2002,Racing,Acclaim Entertainment,0.23,0.06,0,0.01,0.3
294,Namco Museum Vol.3,PS,1996,Misc,Sony Computer Entertainment,2.28,1.55,0.16,0.06,4.05
13406,The Misadventures of Tron Bonne,PS,1999,Adventure,Eidos Interactive,0.03,0.02,0,0,0.05
2980,Iron Man,PS3,2008,Action,Sega,0.32,0.25,0,0.11,0.68
13896,Quiz Mobile Gundam: Toi Senshi DX,PSP,2006,Puzzle,Namco Bandai Games,0,0,0.04,0,0.04
2222,Nickelodeon Fit,Wii,2010,Sports,Take-Two Interactive,0.78,0.09,0,0.06,0.93
9544,7 Wonders of the Ancient World,DS,2007,Puzzle,Funsta,0.1,0.01,0,0.01,0.13
2531,Madden NFL 25,PS4,2013,Sports,Electronic Arts,0.62,0.13,0,0.07,0.82
10425,Contact,DS,2006,Role-Playing,Rising Star Games,0.07,0,0.03,0.01,0.1
8389,NickToons: Racing,PS,2001,Racing,Hasbro Interactive,0.09,0.06,0,0.01,0.17
10292,Akiba's Trip: Undead & Undressed,PS3,2013,Action,Nippon Ichi Software,0.05,0.01,0.04,0.01,0.11
4347,Thrillville: Off the Rails,Wii,2007,Strategy,LucasArts,0.39,0.02,0,0.03,0.45
1177,High School Musical 3: Senior Year,DS,2008,Misc,Disney Interactive Studios,0.64,0.76,0,0.17,1.58
10404,Dead to Rights II,XB,2005,Shooter,Electronic Arts,0.08,0.02,0,0,0.11
7042,Naruto Shippuden: Ultimate Ninja Storm Revolution,X360,2014,Fighting,Namco Bandai Games,0.13,0.08,0,0.02,0.23
3554,XIII,PS2,2003,Shooter,Ubisoft,0.28,0.22,0,0.07,0.57
12775,MotoGP,GBA,2002,Racing,THQ,0.04,0.01,0,0,0.06
5665,NBA 2K3,XB,2002,Sports,Sega,0.24,0.07,0,0.01,0.32
1267,Pac-Man World,PS,1998,Action,Namco Bandai Games,1.21,0.14,0.1,0.04,1.5
3045,Peppa Pig: Fun and Games,DS,2010,Misc,Ubisoft,0,0.58,0,0.09,0.67
1082,MySims,Wii,2007,Simulation,Electronic Arts,0.91,0.55,0.04,0.17,1.68
13999,Formula 1 06,PS2,2006,Racing,Sony Computer Entertainment,0,0,0.04,0,0.04
14301,Elf Bowling 1 & 2,GBA,2005,Sports,Ignition Entertainment,0.02,0.01,0,0,0.03
10957,Get Fit with Mel B,Wii,2010,Sports,Black Bean Games,0.03,0.05,0,0.01,0.09
7272,Disney's Magical Quest Starring Mickey and Minnie,GBA,2002,Action,Nintendo,0.16,0.06,0,0,0.22
14101,FabStyle,3DS,2011,Strategy,Tecmo Koei,0,0,0.03,0,0.03
14355,LEGO Legends of Chima: Laval's Journey,DS,2013,Adventure,Unknown,0,0.03,0,0,0.03
524,Imagine: Fashion Designer,DS,2007,Simulation,Ubisoft,1.32,1.19,0,0.3,2.81
574,Super Mario Bros.: The Lost Levels,NES,1986,Platform,Nintendo,0,0,2.65,0,2.65
5710,Fishing Master,Wii,2007,Misc,Konami Digital Entertainment,0.29,0,0,0.02,0.31
15193,Fuel,PC,2009,Racing,Codemasters,0,0.02,0,0,0.02
13959,GoPets: Vacation Island,DS,2008,Simulation,Konami Digital Entertainment,0.03,0,0,0,0.04
12780,NBA Live 07,XB,2006,Sports,Electronic Arts,0.04,0.01,0,0,0.06
11025,Jimmie Johnson's Anything With an Engine,X360,2011,Racing,Konami Digital Entertainment,0.08,0,0,0.01,0.09
11313,Warriors Orochi 3 Hyper,WiiU,2012,Action,Tecmo Koei,0.04,0.02,0.02,0.01,0.08
8746,FIFA Street 2,PSP,2006,Sports,Electronic Arts,0.07,0.06,0,0.03,0.15
3028,The Witcher 3: Wild Hunt,PC,2015,Role-Playing,Namco Bandai Games,0.2,0.42,0,0.05,0.67
9870,Major League Baseball 2K6,PSP,N/A,Sports,Unknown,0.11,0,0,0.01,0.12
3721,Kidou Senshi Gundam: Extreme VS,PS3,2011,Fighting,Namco Bandai Games,0,0,0.54,0,0.54
267,Daxter,PSP,2006,Platform,Sony Computer Entertainment,2.45,1.02,0,0.75,4.22
9873,Mahou Shoujo Lyrical Nanoha A's Portable: The Battle of Aces,PSP,2010,Shooter,Namco Bandai Games,0,0,0.12,0,0.12
10244,AKB48+Me,3DS,2012,Action,Unknown,0,0,0.11,0,0.11
9629,Dynasty Warriors: Gundam Reborn,PSV,2013,Action,Namco Bandai Games,0,0,0.13,0,0.13
12259,Genkai Tokki Monster Monpiece,PSV,2013,Strategy,Idea Factory,0,0,0.06,0,0.06
12863,Virtual Villagers: A New Home,DS,2010,Simulation,PQube,0.04,0.01,0,0,0.05
6312,Rocky: Legends,PS2,2004,Action,Ubisoft,0.13,0.1,0,0.03,0.27
5828,One Piece: Unlimited World Red,PS3,2014,Action,Namco Bandai Games,0.09,0.12,0.06,0.05,0.3
2827,Rabbids Go Home,DS,2009,Platform,Ubisoft,0.35,0.3,0,0.07,0.72
8872,Rocky,XB,2002,Fighting,Rage Software,0.11,0.03,0,0.01,0.15
1804,ModNation Racers,PS3,2010,Racing,Sony Computer Entertainment,0.5,0.41,0.06,0.16,1.13
7509,You Don't Know Jack,X360,2011,Misc,THQ,0.19,0,0,0.01,0.2
11599,FabStyle,DS,2011,Strategy,Tecmo Koei,0,0,0.08,0,0.08
2459,MLB 16: The Show,PS4,2016,Action,Sony Computer Entertainment,0.68,0,0,0.16,0.84
15174,Kung Fu Panda: Showdown of Legendary Legends,PS3,2015,Action,Little Orbit,0,0.02,0,0,0.02
7912,Shining Force II,GEN,1993,Strategy,Sega,0,0,0.19,0,0.19
906,Game Party 2,Wii,2008,Misc,Midway Games,1.3,0.44,0,0.17,1.91
9179,Eragon,X360,2006,Action,Vivendi Games,0.12,0.01,0,0.01,0.14
13070,The Idolm@ster: Dearly Stars,DS,2009,Adventure,Namco Bandai Games,0,0,0.05,0,0.05
7748,Silent Hill HD Collection,X360,2012,Action,Konami Digital Entertainment,0.11,0.06,0.01,0.02,0.19
10467,Happy Feet Two,PS3,N/A,Action,Warner Bros. Interactive Entertainment,0.09,0.01,0,0.01,0.1
14982,Vantage Master Portable,PSP,2008,Role-Playing,Falcom Corporation,0,0,0.02,0,0.02
11645,The Idolm@ster,X360,2007,Simulation,Namco Bandai Games,0,0,0.08,0,0.08
9916,Backyard Wrestling 2: There Goes the Neighborhood,XB,2004,Fighting,Eidos Interactive,0.09,0.03,0,0,0.12
5542,Naruto: Gekito Ninja Taisen! 4,GC,2005,Fighting,Tomy Corporation,0,0,0.32,0.01,0.33
4119,Bratz: The Movie,PS2,2007,Simulation,THQ,0.24,0.18,0,0.06,0.48
11807,CSI: Dark Motives,DS,2007,Adventure,Ubisoft,0.05,0.01,0,0.01,0.07
11070,Supreme Commander,X360,2008,Strategy,505 Games,0.07,0.01,0,0.01,0.09
6289,Evil Dead: Hail to the King,PS,2000,Adventure,THQ,0.15,0.1,0,0.02,0.27
5260,Football Manager Handheld 2010,PSP,2009,Sports,Sega,0,0.26,0,0.09,0.36
2252,FIFA Street,X360,2012,Sports,Electronic Arts,0.17,0.65,0,0.1,0.92
4251,ATV Offroad Fury Pro,PSP,2006,Racing,Sony Computer Entertainment,0.37,0.04,0,0.05,0.46
9831,Skate City Heroes,Wii,2008,Sports,Zoo Digital Publishing,0.11,0,0,0.01,0.12
2219,MLB 06: The Show,PS2,2006,Sports,Sony Computer Entertainment,0.78,0.03,0,0.13,0.94
7273,Spirit Camera: The Cursed Memoir,3DS,2012,Adventure,Nintendo,0.12,0.02,0.06,0.01,0.22
2130,Madden NFL 08,PS3,2007,Sports,Electronic Arts,0.89,0.01,0,0.08,0.97
3204,Harry Potter and the Half-Blood Prince,DS,2009,Action,Electronic Arts,0.21,0.35,0,0.07,0.63
5004,Destiny: The Taken King,X360,2015,Shooter,Activision,0.22,0.12,0,0.03,0.38
3172,Wolfenstein,PS3,2009,Shooter,Activision,0.25,0.28,0,0.11,0.64
6350,Shadow of Rome,PS2,2005,Action,Capcom,0.13,0.1,0,0.03,0.27
11762,Rayman 3: Hoodlum Havoc,XB,2003,Platform,Ubisoft,0.06,0.02,0,0,0.07
12078,Toy Soldiers: War Chest,PS4,2015,Action,Ubisoft,0.06,0,0,0.01,0.07
13714,Do-Konjou Shougakussei: Bon Bita - Hadaka no Choujou Ketsusen!! Bita vs. Dokuro Dei!,DS,2010,Action,Namco Bandai Games,0,0,0.04,0,0.04
3271,Bass Landing,PS,1999,Sports,ASCII Entertainment,0.21,0.14,0.23,0.04,0.62
13594,Battle Rage,Wii,2008,Shooter,Popcorn Arcade,0.04,0,0,0,0.04
505,Colin McRae Rally,PS,1998,Racing,Codemasters,0.09,2.43,0.12,0.22,2.87
5250,Harry Potter and the Chamber of Secrets,XB,2002,Action,Electronic Arts,0.27,0.08,0,0.01,0.36
14379,Eyeshield 21: Field Saikyou no Senshi Tachi,Wii,2007,Role-Playing,Nintendo,0,0,0.03,0,0.03
16163,Raven Squad: Operation Hidden Dagger,PC,2009,Shooter,Evolved Games,0.01,0,0,0,0.01
16408,The Wild West,DS,2007,Action,Majesco Entertainment,0.01,0,0,0,0.01
16352,Natsuzora no Monologue,PSP,2013,Adventure,Otomate,0,0,0.01,0,0.01
1684,PokéPark Wii: Pikachu's Adventure,Wii,2009,Adventure,Nintendo,0.55,0.17,0.42,0.06,1.2
2907,Infinite Undiscovery,X360,2008,Role-Playing,Square Enix,0.34,0.18,0.12,0.06,0.7
2510,Marvel: Ultimate Alliance,PS2,2006,Role-Playing,Activision,0.69,0.03,0,0.11,0.82
10445,Cabela's Outdoor Adventures,XB,2005,Sports,Zoo Digital Publishing,0.08,0.02,0,0,0.1
12533,Combat Elite: WWII Paratroopers,PS2,N/A,Shooter,Unknown,0.03,0.02,0,0.01,0.06
7555,Samurai Spirits (CD),NG,1994,Fighting,SNK,0,0,0.2,0,0.2
1870,Star Ocean: The Second Story,PS,1998,Role-Playing,Sony Computer Entertainment,0.26,0.1,0.72,0.02,1.1
8997,Ys: The Oath in Felghana,PSP,2010,Role-Playing,Falcom Corporation,0.09,0,0.04,0.01,0.14
184,New Super Mario Bros. U,WiiU,2012,Platform,Nintendo,2.32,1.3,1.27,0.31,5.19
1791,Rabbids Go Home,Wii,2009,Platform,Ubisoft,0.26,0.75,0,0.14,1.14
16495,Daito Giken Koushiki Pachi-Slot Simulator: 24 - Twenty-Four,PS2,2008,Misc,Paon,0,0,0.01,0,0.01
11764,Momotarou Dentetsu Tag Match: Yuujou - Doryoku - Shouri no Maki!,PSP,2010,Misc,Hudson Soft,0,0,0.07,0,0.07
6543,Monsters vs. Aliens,Wii,2009,Action,Activision,0.14,0.09,0,0.03,0.26
10078,Jake Hunter Detective Story: Memories of the Past,DS,2007,Adventure,PQube,0.06,0,0.05,0,0.11
5746,Dr. Seuss: How the Grinch Stole Christmas,DS,2007,Action,CokeM Interactive,0.29,0,0,0.02,0.31
13531,R.B.I. Baseball 2016,XOne,2016,Sports,MLB.com,0.04,0,0,0,0.04
7731,Zombie Army Trilogy,PS4,2015,Shooter,Rebellion Developments,0.04,0.12,0,0.03,0.2
5051,Tiger Woods PGA Tour 08,PSP,2007,Sports,Electronic Arts,0.14,0.15,0,0.09,0.38
6899,Front Mission: Gun Hazard,SNES,1996,Role-Playing,SquareSoft,0,0,0.24,0,0.24
6194,Mega Man 7,SNES,1995,Platform,Laguna,0.03,0.01,0.23,0.01,0.28
5038,The Incredible Hulk,PS2,2008,Action,Sega,0.32,0.01,0,0.05,0.38
10378,Barbie in The 12 Dancing Princesses,DS,2007,Adventure,Activision,0.09,0.01,0,0.01,0.11
12485,DropCast,DS,2008,Puzzle,THQ,0.06,0,0,0,0.06
5232,Dark Void,PS3,2010,Action,Capcom,0.18,0.12,0,0.06,0.36
14088,Painkiller: Hell Wars,XB,2006,Shooter,DreamCatcher Interactive,0.03,0.01,0,0,0.04
3314,Major League Baseball 2K8,X360,2008,Sports,Bethesda Softworks,0.56,0,0,0.05,0.61
14847,Magicka Collection,PC,2011,Adventure,Unknown,0,0.02,0,0,0.03
7243,NHL Championship 2000,PS,1998,Sports,Fox Interactive,0.12,0.08,0,0.01,0.22
13632,Black & White,PC,2001,Strategy,Electronic Arts,0,0.04,0,0.01,0.04
2722,Dark Souls II,X360,2014,Role-Playing,Namco Bandai Games,0.48,0.2,0.01,0.06,0.76
13181,Freelancer,PC,2003,Simulation,Microsoft Game Studios,0.02,0.02,0,0.01,0.05
12653,Brave: A Warrior's Tale,X360,2009,Action,SouthPeak Games,0.05,0.01,0,0,0.06
1212,Fire Emblem Fates,3DS,2015,Role-Playing,Nintendo,0.71,0.22,0.52,0.1,1.54
7941,Mathews Bowhunting,Wii,2010,Sports,Zoo Games,0.18,0,0,0.01,0.19
3130,Dragon Age: Inquisition,PS3,2014,Role-Playing,Electronic Arts,0.26,0.23,0.05,0.1,0.65
6882,Ashes Cricket 2009,Wii,2009,Sports,Codemasters,0,0.23,0,0.01,0.24
1223,Mortal Kombat 3,SNES,1994,Fighting,Acclaim Entertainment,1.19,0.29,0,0.05,1.53
16425,Railfan,PS3,2006,Simulation,Ongakukan,0,0,0.01,0,0.01
4145,Cars: Race-O-Rama,DS,2009,Racing,THQ,0.35,0.09,0,0.04,0.48
16075,Sousaku Alice to Oujisama!,3DS,2015,Simulation,Happinet,0,0,0.01,0,0.01
3403,Yakuza 5,PS3,2012,Action,Sega,0,0,0.59,0,0.59
5148,Trauma Center: Under the Knife,DS,2005,Simulation,Nintendo,0.3,0.01,0.02,0.03,0.37
8551,Dynasty Warriors 4,XB,2003,Action,Tecmo Koei,0.12,0.03,0,0.01,0.16
14025,SD Gundam Force: Showdown!,PS2,2004,Shooter,Namco Bandai Games,0.02,0.01,0,0,0.04
1266,Rock Band 2,PS3,2008,Misc,MTV Games,1.13,0.2,0,0.16,1.5
3631,NBA Showtime: NBA on NBC,PS,1999,Sports,Midway Games,0.31,0.21,0,0.04,0.55
3206,Super Castlevania IV,SNES,1991,Platform,Konami Digital Entertainment,0.32,0.05,0.25,0.01,0.63
12610,Magi: Aratanaru Sekai,3DS,2014,Role-Playing,Namco Bandai Games,0,0,0.06,0,0.06
4359,SingStar Queen,PS3,2009,Misc,Sony Computer Entertainment,0.11,0.26,0,0.08,0.45
1116,LEGO Pirates of the Caribbean: The Video Game,Wii,2011,Action,Disney Interactive Studios,0.76,0.72,0,0.16,1.64
8595,Culdcept SAGA,X360,2006,Role-Playing,Namco Bandai Games,0.12,0,0.03,0.01,0.16
2981,Disney Infinity 3.0,PS4,2015,Action,Disney Interactive Studios,0.21,0.36,0,0.11,0.68
10153,Hot Wheels Velocity X,GC,2002,Racing,THQ,0.09,0.02,0,0,0.11
12554,Zaidan Houjin Nippon Kanji Nouryoku Kentei Kyoukai Kounin: KanKen DS3 Deluxe,DS,2009,Misc,Rocket Company,0,0,0.06,0,0.06
11954,Showtime Championship Boxing,Wii,2007,Fighting,Zoo Digital Publishing,0.06,0,0,0.01,0.07
7961,NCAA Final Four 2001,PS2,2000,Sports,Sony Computer Entertainment,0.09,0.07,0,0.02,0.19
9556,Overlord: Raising Hell,PS3,2008,Action,Codemasters,0.07,0.04,0,0.02,0.13
6742,Cars: Mater-National Championship,PS2,2007,Racing,THQ,0.12,0.09,0,0.03,0.25
15428,Malice,PS2,2004,Platform,Evolved Games,0.01,0.01,0,0,0.02
1541,Watch Dogs,X360,2014,Action,Ubisoft,0.72,0.45,0.01,0.11,1.28
6331,Sengoku Basara 4,PS3,2014,Action,Capcom,0,0,0.27,0,0.27
10373,Pro Yakyuu Team o Tsukurou! 2,DS,2009,Sports,Sega,0,0,0.11,0,0.11
10452,Pro Yakyuu Famista DS 2009,DS,2009,Sports,Namco Bandai Games,0,0,0.1,0,0.1
10958,Destroy All Humans! Path of the Furon,PS3,2009,Action,THQ,0,0.08,0,0.01,0.09
14753,Gotcha Force,GC,2003,Shooter,Capcom,0.01,0,0.01,0,0.03
24,Grand Theft Auto V,X360,2013,Action,Take-Two Interactive,9.63,5.31,0.06,1.38,16.38
5445,Transformers: Revenge of the Fallen (DS Versions),DS,2009,Action,Activision,0.17,0.13,0,0.03,0.33
15206,Valentino Rossi: The Game,XOne,2016,Racing,Namco Bandai Games,0,0.02,0,0,0.02
1610,Tetris 2 (All region sales),GB,1992,Puzzle,Nintendo,0.56,0.22,0.43,0.03,1.24
6262,Nichibutsu Arcade Classics,SNES,1995,Misc,Nichibutsu,0,0,0.28,0,0.28
11725,SCORE International Baja 1000: The Official Game,PS3,2008,Racing,Activision,0.07,0,0,0.01,0.08
2514,Need for Speed: Hot Pursuit 2,XB,2002,Racing,Electronic Arts,0.68,0.11,0,0.03,0.82
16040,WRC 5: FIA World Rally Championship,XOne,2015,Sports,Bigben Interactive,0,0.01,0,0,0.01
1039,Call of Duty: Modern Warfare 3,PC,2011,Shooter,Activision,0.41,0.98,0,0.33,1.72
16173,Shepherd's Crossing,PSP,2009,Simulation,Success,0,0,0.01,0,0.01
8529,Pro Evolution Soccer 2015,X360,2014,Sports,Konami Digital Entertainment,0.05,0.1,0,0.01,0.16
5453,Bomberman World,PS,1998,Puzzle,Sony Computer Entertainment,0.06,0.04,0.22,0.02,0.33
13798,Famicom Mini: Clu Clu Land,GBA,2004,Puzzle,Nintendo,0,0,0.04,0,0.04
13123,Slam Dunk SD Heat Up!!,SNES,1995,Sports,Namco Bandai Games,0,0,0.05,0,0.05
13417,Garou Densetsu 3: Road to the Final Victory,SAT,1996,Fighting,SNK,0,0,0.05,0,0.05
4818,NHL 15,XOne,2014,Sports,Electronic Arts,0.31,0.06,0,0.03,0.4
4687,pro evolution soccer 2011,PS2,2010,Sports,Konami Digital Entertainment,0.04,0.21,0.05,0.11,0.41
15379,Chevrolet Camaro: Wild Ride,DS,2010,Racing,Storm City Games,0.02,0,0,0,0.02
8935,Darkstalkers Chronicle: The Chaos Tower,PSP,2004,Fighting,Capcom,0.13,0,0,0.01,0.15
3498,Rapala: We Fish,Wii,2009,Sports,Activision,0.52,0.02,0,0.04,0.58
7931,Thoroughbred Breeder,SNES,1993,Simulation,Hect,0,0,0.19,0,0.19
16131,Voodoo Chronicles: First Sign,PC,2011,Adventure,ValuSoft,0.01,0,0,0,0.01
14367,F1 2002,GC,2002,Racing,Electronic Arts,0.02,0.01,0,0,0.03
4745,Band Hero,PS2,2009,Misc,Activision,0.15,0.06,0,0.2,0.41
12294,Mitsukete! Keroro Gunsou: Machigai Sagashi Daisakusen de Arimasu!,DS,2007,Action,Namco Bandai Games,0,0,0.06,0,0.06
14120,Puyo Puyo 7,PSP,2009,Puzzle,Sega,0,0,0.03,0,0.03
3250,Battlezone,2600,1982,Shooter,Atari,0.58,0.03,0,0.01,0.62
11732,Kung Fu Panda: Legendary Warriors,Wii,2008,Action,Activision,0.07,0,0,0,0.08
1565,.hack//Infection Part 1,PS2,2002,Role-Playing,Atari,0.49,0.38,0.26,0.13,1.27
10879,Scooby-Doo! Who's Watching Who?,DS,2006,Adventure,THQ,0.08,0.01,0,0.01,0.09
5737,Happy Feet,DS,2006,Action,Midway Games,0.27,0.01,0,0.02,0.31
7077,Critical Depth,PS,1997,Action,GT Interactive,0.13,0.09,0,0.01,0.23
12829,Worms World Party,GBA,2002,Strategy,Ubisoft,0.04,0.01,0,0,0.05
5188,The Incredibles: Rise of the Underminer,PS2,2005,Action,THQ,0.18,0.14,0,0.05,0.36
8427,Easy Piano,DS,2009,Misc,Game Life,0.04,0.11,0,0.02,0.17
8889,Chessmaster II,PS,1998,Strategy,Mindscape,0.08,0.06,0,0.01,0.15
14413,MotoGP 15,XOne,2015,Racing,Milestone S.r.l.,0,0.03,0,0,0.03
10996,Beaterator,PSP,2009,Misc,Take-Two Interactive,0.06,0.02,0,0.02,0.09
12948,Hunted: The Demon's Forge,PC,2011,Action,Bethesda Softworks,0.03,0.01,0,0.01,0.05
11746,Naruto Shippuden: Gekito Ninja Taisen! EX 3,Wii,2008,Fighting,Takara Tomy,0,0,0.07,0,0.07
9344,NHL 2K8,X360,2007,Sports,Take-Two Interactive,0.11,0.01,0,0.01,0.13
7574,Captain America: Super Soldier,PS3,2011,Action,Sega,0.1,0.07,0,0.03,0.2
9653,Adventures to Go!,PSP,2008,Role-Playing,Zushi Games,0.1,0,0.01,0.01,0.13
12142,The Tale of Despereaux,DS,2008,Platform,Brash Entertainment,0.06,0,0,0,0.07
7531,Just Dance 2: Extra Songs,Wii,2011,Misc,Ubisoft,0,0.17,0,0.03,0.2
5764,Disney Infinity 3.0,XOne,2015,Action,Disney Interactive Studios,0.18,0.1,0,0.03,0.31
6668,Billy Hatcher and the Giant Egg,GC,2003,Platform,Sega,0.19,0.05,0,0.01,0.25
2529,SingStar Vol. 2,PS3,2008,Misc,Sony Computer Entertainment,0.29,0.4,0,0.13,0.82
15516,Elvandia Story,PS2,2007,Role-Playing,Spike,0,0,0.02,0,0.02
7943,One Piece: Unlimited Adventure,Wii,2007,Adventure,Namco Bandai Games,0.07,0,0.11,0.01,0.19
15838,Sniper Elite,PC,2005,Shooter,MC2 Entertainment,0,0.01,0,0,0.02
5354,SD Gundam G Generation World,PSP,2011,Strategy,Namco Bandai Games,0,0,0.34,0,0.34
3357,Avatar: The Game,PSP,2009,Action,Ubisoft,0.22,0.24,0,0.14,0.6
3295,Robotech: Battlecry,PS2,2002,Shooter,TDK Mediactive,0.3,0.23,0,0.08,0.61
632,Twisted Metal 2,PS,1996,Racing,Sony Computer Entertainment,2.12,0.25,0,0.07,2.44
7186,Crazy Climber,2600,1981,Action,Atari,0.21,0.01,0,0,0.22
10089,Super Swing Golf Season 2,Wii,2007,Sports,Rising Star Games,0.08,0,0.03,0.01,0.11
11630,The Dukes of Hazzard: Return of the General Lee,XB,2004,Racing,Ubisoft,0.06,0.02,0,0,0.08
1092,Tony Hawk's Pro Skater 3,PS,2001,Sports,Activision,1.09,0.49,0.02,0.07,1.67
12529,Digimon All-Star Rumble,X360,2014,Fighting,Namco Bandai Games,0.04,0.01,0,0.01,0.06
767,SimCity 2000,PC,1992,Simulation,Maxis,1.2,0.84,0,0.1,2.14
919,WCW Nitro,PS,1998,Fighting,THQ,1.42,0.36,0.03,0.07,1.88
1401,True Crime: Streets of LA,XB,2003,Action,Activision,0.96,0.37,0,0.05,1.38
939,Kingdom Hearts: Chain of Memories,GBA,2004,Role-Playing,Square Enix,1.26,0.18,0.35,0.06,1.85
7942,3rd Super Robot Wars Z: Tengoku-Hen,PSV,2015,Action,Namco Bandai Games,0,0,0.19,0,0.19
11096,Kenka Banchou 2: Full Throttle,PS2,2007,Action,Spike,0,0,0.09,0,0.09
11011,Project Eden,PS2,2001,Action,Eidos Interactive,0.04,0.03,0,0.01,0.09
9612,Warriors of Might and Magic,PS,2001,Adventure,3DO,0.07,0.05,0,0.01,0.13
10794,The Daring Game for Girls,Wii,N/A,Adventure,Unknown,0.09,0,0,0.01,0.1
7884,Jeopardy!,DS,2010,Misc,THQ,0.18,0,0,0.01,0.19
1073,Call of Duty Black Ops: Declassified,PSV,2012,Action,Activision,0.8,0.52,0.07,0.3,1.69
3771,Conflict: Vietnam,PS2,2004,Shooter,SCi,0.26,0.2,0,0.07,0.53
8039,GameBoy Wars,GB,1991,Strategy,Nintendo,0,0,0.18,0,0.18
16449,Junjou Romanchika: Koi no Doki Doki Daisakusen,PS2,2008,Adventure,Marvelous Interactive,0,0,0.01,0,0.01
7801,DanceMasters,X360,2010,Misc,Konami Digital Entertainment,0.15,0.02,0.02,0.01,0.19
9885,Deus Ex: Human Revolution,WiiU,2013,Shooter,Square Enix,0.06,0.05,0,0.01,0.12
1530,FIFA Street,PS3,2012,Sports,Electronic Arts,0.11,0.92,0,0.25,1.29
14660,Mega Minis Volume 2,PSP,2011,Misc,Sony Computer Entertainment,0,0.02,0,0.01,0.03
10860,Populous: The Beginning,PS,1998,Strategy,Electronic Arts,0.05,0.04,0,0.01,0.09
1574,Devil Dice,PS,1998,Puzzle,THQ,0.05,0.03,1.1,0.08,1.26
1788,Hot Shots Golf: Out of Bounds,PS3,2007,Sports,Sony Computer Entertainment,0.31,0.03,0.76,0.04,1.14
14823,Steins;Gate 0,PS3,2015,Adventure,5pb,0,0,0.03,0,0.03
5977,Outlaw Golf,XB,2002,Sports,TDK Mediactive,0.22,0.06,0,0.01,0.29
7587,Spy Hunter,GC,2002,Racing,Midway Games,0.16,0.04,0,0.01,0.2
8847,Castlevania: Lords of Shadow - Mirror of Fate,3DS,2013,Action,Konami Digital Entertainment,0.04,0.07,0.03,0.01,0.15
2259,Kung Fu Panda,Wii,2008,Action,Activision,0.5,0.32,0,0.09,0.92
8291,Hello Kitty: Happy Party Pals,GBA,2005,Misc,THQ,0.12,0.05,0,0,0.17
9553,LEGO Racers 2,PS2,2001,Racing,Electronic Arts,0.06,0.05,0,0.02,0.13
161,Forza Motorsport 3,X360,2009,Racing,Microsoft Game Studios,2.99,1.92,0.1,0.51,5.51
15733,Super Speed Machines,DS,2009,Racing,Midas Interactive Entertainment,0.02,0,0,0,0.02
5383,Alien's Return,2600,1982,Action,ITT Family Games,0.32,0.02,0,0,0.34
13300,Grand Ages: Medieval,PC,2015,Strategy,Kalypso Media,0,0.04,0,0,0.05
2987,Prince of Persia: The Two Thrones,PS2,2005,Action,Ubisoft,0.57,0.02,0,0.09,0.68
11776,Sky Gunner,PS2,2001,Action,Sony Computer Entertainment,0.04,0.03,0,0.01,0.07
10841,Dungeons,PC,2011,Strategy,Kalypso Media,0.07,0.02,0,0.01,0.09
3731,Middle-Earth: Shadow of Mordor,X360,2014,Action,Warner Bros. Interactive Entertainment,0.28,0.21,0,0.05,0.54
13166,Hokuto no Ken,PS2,2007,Fighting,Sega,0,0,0.05,0,0.05
13840,Yuki Yuna is a Hero: Memory of the Forest,PSV,2015,Action,FuRyu,0,0,0.04,0,0.04
14695,Darius Burst: Chronicle Saviours,PSV,2016,Action,Kadokawa Games,0,0,0.03,0,0.03
12690,Murdered: Soul Suspect,PC,2014,Action,Square Enix,0,0.05,0,0.01,0.06
3420,NHL 12,PS3,2011,Sports,Electronic Arts,0.36,0.16,0,0.07,0.59
14239,Safari Adventures: Africa,Wii,2007,Adventure,Neko Entertainment,0.03,0,0,0,0.03
11610,Dawn of Heroes,DS,2010,Role-Playing,Majesco Entertainment,0.07,0,0,0,0.08
13368,Gitaroo Man,PS2,2001,Misc,THQ,0.02,0.02,0,0.01,0.05
15533,Winter Blast: 9 Snow & Ice Games,Wii,2010,Sports,Destineer,0.02,0,0,0,0.02
10237,Frontier Gate,PSP,2011,Role-Playing,Konami Digital Entertainment,0,0,0.11,0,0.11
11617,Whac-A-Mole,DS,2005,Puzzle,Zoo Digital Publishing,0.07,0,0,0.01,0.08
11904,SpongeBob's Truth or Square,PSP,2009,Action,THQ,0.02,0.04,0,0.01,0.07
10950,Def Jam Fight For NY: The Takeover,PSP,2006,Action,Electronic Arts,0.08,0,0,0.01,0.09
5061,Madagascar: Escape 2 Africa,PS2,2008,Action,Activision,0.12,0,0,0.26,0.38
14533,Need for Speed (2015),PC,2016,Racing,Electronic Arts,0,0.03,0,0,0.03
6454,A.C.E.: Another Century's Episode R,PS3,2010,Simulation,Namco Bandai Games,0,0,0.26,0,0.26
3174,LEGO Dimensions,PS4,2015,Action,Warner Bros. Interactive Entertainment,0.22,0.32,0,0.1,0.64
7519,DarkStar One: Broken Alliance,X360,2010,Simulation,Kalypso Media,0.11,0.08,0,0.02,0.2
1426,Crash Bandicoot 2: N-Tranced,GBA,2003,Platform,Vivendi Games,0.63,0.66,0,0.07,1.36
7039,Last Window: The Secret of Cape West,DS,2010,Adventure,Nintendo,0,0.12,0.09,0.02,0.23
5191,MechWarrior 2: 31st Century Combat,PS,1997,Simulation,Activision,0.2,0.14,0,0.02,0.36
5935,Harvest Moon DS Cute (US sales),DS,2005,Simulation,Marvelous Interactive,0.3,0,0,0,0.3
13678,Nitroplus Blasterz: Heroines Infinite Duel,PS4,2015,Fighting,Marvelous Interactive,0.01,0,0.02,0,0.04
15277,Taito Legends 2,PS2,2006,Misc,Empire Interactive,0.01,0.01,0,0,0.02
10940,Truth or Lies,PS3,2010,Misc,THQ,0.06,0.02,0,0.01,0.09
15797,Judge Dredd: Dredd Vs Death,XB,2003,Shooter,Vivendi Games,0.01,0,0,0,0.02
10182,Totally Spies! Totally Party,Wii,2008,Misc,Ubisoft,0.09,0.01,0,0.01,0.11
15339,Kung Fu Panda: Showdown of Legendary Legends,3DS,2015,Action,Little Orbit,0,0.02,0,0,0.02
14009,Napoleon Dynamite: The Game,PSP,2007,Puzzle,Crave Entertainment,0.03,0,0,0,0.04
10904,"Prinny 2: Dawn of Operation Panties, Dood!",PSP,2010,Platform,Nippon Ichi Software,0.05,0,0.03,0.01,0.09
2017,Tiger Woods PGA Tour 08,Wii,2007,Sports,Electronic Arts,0.94,0.02,0,0.08,1.03
16520,Teenage Mutant Ninja Turtles,Wii,2007,Action,Konami Digital Entertainment,0,0.01,0,0,0.01
3795,Sonic & All-Stars Racing Transformed,WiiU,2012,Racing,Sega,0.2,0.27,0.02,0.05,0.53
11634,Jikkyou Powerful Pro Yakyuu Next,Wii,2009,Sports,Konami Digital Entertainment,0,0,0.08,0,0.08
1734,Rage Racer,PS,1996,Racing,Sony Computer Entertainment,0.16,0.11,0.83,0.08,1.17
8498,Bomberman Land,PS,2000,Misc,Hudson Soft,0,0,0.15,0.01,0.16
11491,Harry Potter and the Sorcerer's Stone,GC,2003,Action,Electronic Arts,0.06,0.02,0,0,0.08
1677,TwinBee,NES,1986,Shooter,Konami Digital Entertainment,0,0,1.2,0,1.2
8741,Dragon Ball Z: Harukanaru Densetsu (JP sales),DS,2007,Role-Playing,Namco Bandai Games,0,0,0.15,0,0.15
12991,Fallout: Brotherhood of Steel,XB,2004,Role-Playing,Avalon Interactive,0.04,0.01,0,0,0.05
5349,Pirates of the Caribbean: At World's End,DS,2007,Action,Disney Interactive Studios,0.3,0.01,0.01,0.03,0.35
4636,Super Famista 4,SNES,1995,Sports,Namco Bandai Games,0,0,0.42,0,0.42
920,High School Musical: Sing It!,PS2,2007,Misc,Disney Interactive Studios,0.47,0.08,0,1.33,1.87
4172,Dragon Quest 25 Shuunen Kinin: Famicom & Super Famicom Dragon Quest I-II-III,Wii,2011,Role-Playing,Square Enix,0,0,0.47,0,0.47
112,Just Dance 4,Wii,2012,Misc,Ubisoft,4.14,2.21,0,0.56,6.91
6358,Mat Hoffman's Pro BMX,GBA,2001,Sports,Activision,0.19,0.07,0,0,0.27
14705,Star Trek: The Game,PC,2013,Action,Namco Bandai Games,0,0.02,0,0,0.03
7977,Dance Central: Spotlight,XOne,2014,Misc,Microsoft Game Studios,0.15,0.03,0,0,0.19
11799,Tokimeki Memorial Girl's Side Premium: 3rd Story,PSP,2012,Adventure,Konami Digital Entertainment,0,0,0.07,0,0.07
8302,N3 II: Ninety-Nine Nights,X360,2010,Action,Microsoft Game Studios,0.06,0.07,0.04,0.01,0.17
8948,Hoppechan: Tsukutte! Asonde! Punipuni Town!!,3DS,2013,Action,Nippon Columbia,0,0,0.15,0,0.15
9652,Jurassic: The Hunted,X360,2009,Shooter,Activision,0.12,0,0,0.01,0.13
5793,NHL FaceOff 2000,PS,1998,Sports,Sony Computer Entertainment,0.17,0.12,0,0.02,0.31
14999,Bust-A-Move,3DO,1994,Puzzle,Micro Cabin,0,0,0.02,0,0.02
6409,Ultimate NES Remix,3DS,2014,Action,Unknown,0.15,0.09,0,0.02,0.27
9224,Wild ARMs XF,PSP,2007,Role-Playing,505 Games,0.07,0,0.06,0.01,0.14
9822,Godzilla: Destroy All Monsters Melee,XB,N/A,Fighting,Unknown,0.09,0.03,0,0,0.12
4728,Star Wars The Clone Wars: Republic Heroes,DS,2009,Action,LucasArts,0.23,0.14,0,0.04,0.41
9687,Star Trek: Conquest,Wii,2007,Strategy,Bethesda Softworks,0.11,0.01,0,0.01,0.12
604,Madden NFL 13,PS3,2012,Sports,Electronic Arts,2.11,0.23,0,0.22,2.56
10041,Heart Catch PreCure! Oshare Collection,DS,2010,Action,Namco Bandai Games,0,0,0.11,0,0.11
13586,Metal Gear Solid: Digital Graphic Novel,PSP,2006,Misc,Konami Digital Entertainment,0.02,0,0.02,0,0.04
2108,Far Cry 3,PC,2012,Shooter,Ubisoft,0.21,0.62,0,0.14,0.98
2120,Sniper Elite V2,PS3,2012,Shooter,505 Games,0.38,0.39,0.06,0.15,0.98
13928,Doom II: Hell on Earth,GBA,2002,Shooter,Activision,0.03,0.01,0,0,0.04
130,Halo: Combat Evolved,XB,2001,Shooter,Microsoft Game Studios,4.98,1.3,0.08,0.07,6.43
14526,Robo Pit,PS,1995,Fighting,Kokopeli Digital Studios,0.02,0.01,0,0,0.03
6879,NCAA March Madness 2004,XB,2003,Sports,Electronic Arts,0.18,0.05,0,0.01,0.24
592,NBA Live 2005,PS2,2004,Sports,Electronic Arts,2.03,0.21,0,0.35,2.59
10648,King of Clubs: Mini Golf,Wii,2008,Sports,Oxygen Interactive,0.09,0,0,0.01,0.1
15356,Demolition Company: Gold Edition,PC,2011,Simulation,N/A,0,0.02,0,0,0.02
10271,The Scorpion King: Rise of the Akkadian,GC,2002,Action,Universal Interactive,0.08,0.02,0,0,0.11
165,Super Mario World,GBA,2001,Platform,Nintendo,3.21,1.11,0.95,0.2,5.46
10060,Pro Evolution Soccer 2014,PC,2013,Action,Konami Digital Entertainment,0,0.09,0,0.02,0.11
15953,Just Cause,PS2,2006,Action,Eidos Interactive,0.01,0.01,0,0,0.02
5432,Dynasty Warriors: Gundam 2,PS2,2008,Action,Namco Bandai Games,0.04,0.03,0.25,0.01,0.34
7565,Le Mans 24 Hours,PS2,2001,Racing,Infogrames,0.09,0.07,0.02,0.02,0.2
16036,NiGHTS into dreams...,PS2,2008,Platform,Sega,0,0,0.01,0,0.01
9155,Bassmasters 2000,N64,1999,Sports,THQ,0.11,0.03,0,0,0.14
16323,Tringo,GBA,2006,Puzzle,Liquid Games,0.01,0,0,0,0.01
1429,Gradius,NES,1986,Shooter,Konami Digital Entertainment,0.27,0.08,1,0.01,1.36
3220,The Sims 3: Generations,PC,2011,Simulation,Electronic Arts,0.4,0.23,0,0,0.63
6033,Bladestorm: The Hundred Years' War,PS3,2007,Action,Tecmo Koei,0.1,0.03,0.14,0.02,0.29
11870,Combat: Task Force 121,XB,2005,Shooter,Zoo Digital Publishing,0.05,0.02,0,0,0.07
8236,Backyard Sports Football: Rookie Rush,DS,2010,Sports,Atari,0.16,0,0,0.01,0.17
1382,Spider-Man: The Movie,XB,2002,Action,Activision,1.07,0.28,0,0.05,1.4
16590,Mezase!! Tsuri Master DS,DS,2009,Sports,Hudson Soft,0,0,0.01,0,0.01
10062,The Settlers,DS,2007,Action,Ubisoft,0.1,0,0,0.01,0.11
15722,Suzunone Seven: Rebirth Knot,PS2,2010,Adventure,Alchemist,0,0,0.02,0,0.02
14249,Legend of the Dragon,PSP,2007,Fighting,Game Factory,0.03,0,0,0,0.03
11267,Lara Croft and the Temple of Osiris,PS4,2014,Action,Square Enix,0,0.07,0,0.01,0.08
1646,Golden Sun: The Lost Age,GBA,2002,Role-Playing,Nintendo,0.61,0.27,0.27,0.07,1.22
6341,NHL 2002,XB,2001,Sports,Electronic Arts,0.2,0.06,0,0.01,0.27
15546,Poyo Poyo Kansatsu Nikki,3DS,2012,Action,IE Institute,0,0,0.02,0,0.02
3099,Tom Clancy's EndWar,PS3,2008,Strategy,Ubisoft,0.32,0.22,0.01,0.1,0.65
14354,Dance Factory,PS2,2006,Action,Codemasters,0.02,0.01,0,0,0.03
7399,Front Mission 5: Scars of the War,PS2,2005,Strategy,Square Enix,0,0,0.21,0,0.21
15595,ESPN NFL Primetime 2002,XB,2002,Sports,Konami Digital Entertainment,0.01,0,0,0,0.02
16494,Summer Athletics,PC,2008,Sports,DTP Entertainment,0,0.01,0,0,0.01
11811,OK! Puzzle Stars,DS,2010,Puzzle,Ubisoft,0,0.06,0,0.01,0.07
14787,Kabu Trader Shun,DS,2007,Action,Capcom,0,0,0.03,0,0.03
6929,Pictionary: Ultimate Edition,X360,2011,Misc,THQ,0.16,0.05,0,0.02,0.24
11162,MLB SlugFest Loaded,XB,2004,Sports,Midway Games,0.07,0.02,0,0,0.09
6945,The Bureau: XCOM Declassified,X360,2013,Shooter,Take-Two Interactive,0.1,0.12,0,0.02,0.24
16423,Winning Eleven: Pro Evolution Soccer 2007,PC,2006,Sports,Konami Digital Entertainment,0,0.01,0,0,0.01
3426,Barbie: Race & Ride,PS,1999,Action,Sony Computer Entertainment,0.33,0.22,0,0.04,0.59
10560,Penguin no Mondai: The World,DS,2010,Adventure,Konami Digital Entertainment,0,0,0.1,0,0.1
2586,Rayman Raving Rabbids 2,DS,2007,Misc,Ubisoft,0.73,0.01,0,0.06,0.8
9302,Vampire Night,PS2,2001,Shooter,Sony Computer Entertainment,0.07,0.05,0,0.02,0.14
14893,Jissen Pachi-Slot Hisshouhou! Hokuto no Ken 2,PS2,2007,Misc,Sega,0,0,0.03,0,0.03
13845,Dora's Big Birthday Adventure,PS2,2010,Misc,Take-Two Interactive,0.02,0.01,0,0,0.04
3312,Pac-Man Party,Wii,2010,Misc,Namco Bandai Games,0.47,0.09,0.01,0.04,0.61
1390,Madden NFL 2002,PS,2001,Sports,Electronic Arts,0.78,0.53,0,0.09,1.39
7482,Outlaw Golf 2,XB,2004,Sports,Global Star,0.15,0.04,0,0.01,0.21
6140,Marvel Nemesis: Rise of the Imperfects,XB,2005,Fighting,Electronic Arts,0.21,0.06,0,0.01,0.28
4088,Metal Gear Solid HD Edition,PSV,2012,Action,Konami Digital Entertainment,0.16,0.18,0.05,0.09,0.48
15303,F1 2016 (Codemasters),PC,2016,Racing,Codemasters,0,0.02,0,0,0.02
10843,SingStar Apres-Ski Party 2,PS3,2010,Misc,Sony Computer Entertainment,0,0.07,0,0.02,0.09
14702,Gudetama: Hanjuku de Tanomuwa,3DS,2015,Action,Rocket Company,0,0,0.03,0,0.03
12391,Earth Defense Force 2017 Portable,PSV,2012,Action,D3Publisher,0,0,0.06,0,0.06
9122,Sphinx and the Cursed Mummy,GC,2003,Action,THQ,0.11,0.03,0,0,0.14
10100,Akiba's Trip: Undead & Undressed,PS4,2014,Action,Acquire,0.08,0,0.01,0.02,0.11
1965,Apollo Justice: Ace Attorney,DS,2007,Adventure,Capcom,0.32,0.06,0.64,0.04,1.06
2770,Final Fantasy XIII-2,X360,2011,Role-Playing,Square Enix,0.36,0.3,0.02,0.06,0.74
6770,Avatar: The Last Airbender - Into the Inferno,PS2,2008,Adventure,THQ,0.12,0.09,0,0.03,0.25
5003,Turok: Evolution,GC,2002,Shooter,Acclaim Entertainment,0.3,0.08,0,0.01,0.38
3460,NCAA Football 09,PS3,2008,Sports,Electronic Arts,0.54,0,0,0.04,0.58
10114,Samurai Warriors 4-II,PS4,2015,Action,Tecmo Koei,0.03,0.02,0.06,0.01,0.11
12725,Zero Divide,PS,1995,Fighting,Ocean,0.03,0.02,0,0,0.06
9582,Star Wars: Clone Wars,XB,2003,Shooter,LucasArts,0.1,0.03,0,0,0.13
3134,Crysis 3,PC,2013,Shooter,Electronic Arts,0.17,0.39,0,0.09,0.64
1709,LEGO Indiana Jones: The Original Adventures,PSP,2008,Action,LucasArts,0.4,0.49,0,0.29,1.18
5439,Night at the Museum: Battle of the Smithsonian,DS,2009,Action,Majesco Entertainment,0.12,0.18,0,0.04,0.34
15440,Resident Evil Zero,PC,2016,Action,Capcom,0.01,0.01,0,0,0.02
10767,Ice Age 2: The Meltdown,XB,2006,Platform,Vivendi Games,0.07,0.02,0,0,0.1
15133,Twinkle * Crusaders GoGo!,PSP,2010,Adventure,ASCII Media Works,0,0,0.02,0,0.02
8175,SimCity Creator (JP sales),DS,2008,Simulation,Electronic Arts,0,0,0.18,0,0.18
6663,FIFA 14,3DS,2013,Sports,Electronic Arts,0,0.23,0,0.03,0.25
12917,Mountain Bike Adrenaline,PS2,N/A,Sports,Unknown,0.03,0.02,0,0.01,0.05
4613,Lemony Snicket's A Series of Unfortunate Events,GBA,2004,Platform,Activision,0.3,0.11,0,0.01,0.42
11836,Roll Away,PS,1998,Puzzle,Sony Computer Entertainment,0.04,0.03,0,0,0.07
84,The Sims 3,PC,2009,Simulation,Electronic Arts,0.98,6.42,0,0.71,8.11
2573,Final Fantasy Anthology,PS,1999,Role-Playing,Square EA,0.45,0.3,0,0.05,0.8
13474,Nihon Pro Mahjong Kishikai Kanshuu: Pro Ni Naru Mahjong DS,DS,2005,Misc,Success,0,0,0.04,0,0.04
2332,Castlevania: Circle of the Moon,GBA,2001,Platform,Konami Digital Entertainment,0.6,0.22,0.05,0.02,0.89
3390,Jeopardy!,Wii,2010,Misc,THQ,0.56,0,0,0.03,0.59
12280,Santa Claus Is Comin' to Town!,Wii,2011,Puzzle,Crave Entertainment,0.06,0,0,0,0.06
13503,Dark Arena,GBA,2002,Shooter,THQ,0.03,0.01,0,0,0.04
8185,ESPN X Games Skateboarding,GBA,2001,Sports,Konami Digital Entertainment,0.13,0.05,0,0,0.18
10450,Fatal Frame 2: Wii Edition,Wii,2012,Action,Nintendo,0,0,0.1,0,0.1
4466,Grind Session,PS,2000,Sports,Sony Computer Entertainment,0.24,0.17,0,0.03,0.44
13398,Hakuouki: Bakumatsu Musou Roku,PSP,2012,Action,Idea Factory,0,0,0.05,0,0.05
2113,Tetris 2,NES,1993,Puzzle,Nintendo,0.62,0.13,0.21,0.02,0.98
7333,Disaster Report,PS2,2002,Action,Agetec,0.03,0.02,0.15,0.01,0.21
8991,Moshi Monsters: Katsuma Unleashed,DS,2013,Action,Activision,0,0.13,0,0.02,0.15
9289,Hot Wheels: World Race,GBA,2003,Racing,THQ,0.1,0.04,0,0,0.14
16267,Sengoku Hime 2 Arashi: Hyakubana Senran Tatsukaze no Gotoku,PSP,2010,Strategy,System Soft,0,0,0.01,0,0.01
6463,Beyblade: Metal Fusion,DS,2009,Role-Playing,Hudson Soft,0.08,0.03,0.14,0.01,0.26
12119,Just Dance: Disney Party 2,XOne,2015,Action,Ubisoft,0.05,0.01,0,0.01,0.07
10593,Total War: WARHAMMER,PC,2016,Strategy,Sega,0,0.1,0,0.01,0.1
16099,Miyako: Awayuki no Utage,PSP,2012,Action,Idea Factory,0,0,0.01,0,0.01
4967,Tiger Woods PGA Tour 08,PS2,2007,Sports,Electronic Arts,0.19,0.15,0,0.05,0.39
14882,Ocean Commander,Wii,2009,Simulation,Valcon Games,0.02,0,0,0,0.03
8907,Ridge Racer DS,DS,2004,Racing,Namco Bandai Games,0.14,0,0,0.01,0.15
4956,From TV Animation One Piece: Yume no Lufy Kaizokudan Tanjou!,GB,2001,Role-Playing,Banpresto,0,0,0.39,0,0.39
9740,O.D.T.: Escape... Or Die Trying,PS,1997,Adventure,Psygnosis,0.07,0.05,0,0.01,0.12
10372,Jampack Volume 14 (RP-T),PS2,2006,Misc,Sony Computer Entertainment,0.05,0.04,0,0.01,0.11
12852,Samurai Warriors 4: Empires,PSV,2015,Action,Tecmo Koei,0,0,0.05,0,0.05
2483,Ace Combat 3: Electrosphere,PS,1999,Simulation,Sony Computer Entertainment,0.22,0.15,0.4,0.05,0.83
4368,Eternal Sonata,PS3,2008,Role-Playing,Atari,0.19,0.13,0.07,0.06,0.45
13545,White Album 2: Shiawase no Mukougawa,PS3,2012,Adventure,Aqua Plus,0,0,0.04,0,0.04
12140,Shin Chan: Las Nuevas Aventuras Para Wii!,Wii,2006,Action,505 Games,0,0,0.07,0,0.07
7049,Luminous Arc 2,DS,2008,Role-Playing,Rising Star Games,0.21,0,0,0.02,0.23
15501,Azada,3DS,2012,Puzzle,Licensed 4U,0,0.02,0,0,0.02
4717,Mass Effect Trilogy,PS3,2012,Action,Electronic Arts,0.37,0,0,0.04,0.41
5146,Bottom of the 9th,N64,1999,Sports,Konami Digital Entertainment,0.37,0,0,0,0.37
10822,The X-Factor,X360,2010,Misc,Deep Silver,0,0.08,0,0.01,0.09
548,Pokémon Stadium 2,N64,2000,Strategy,Nintendo,1.02,0.36,1.13,0.23,2.73
5127,Turok: Rage Wars,N64,1999,Shooter,Acclaim Entertainment,0.3,0.06,0,0,0.37
8357,CSI: Fatal Conspiracy,X360,2010,Adventure,Ubisoft,0.11,0.04,0,0.01,0.17
1019,The Beatles: Rock Band,Wii,2009,Misc,MTV Games,1.19,0.4,0,0.16,1.74
7878,Kenka Banchou 4: Ichinen Sensou,PSP,2010,Action,Spike,0,0,0.19,0,0.19
522,Myst,PC,1994,Adventure,Red Orb,0.02,2.79,0,0,2.81
8677,SpongeBob's Boating Bash,DS,2010,Misc,THQ,0.14,0.01,0,0.01,0.16
5047,Hunter: The Reckoning,XB,2002,Action,Interplay,0.28,0.08,0,0.01,0.38
14829,Let's Play Ballerina,Wii,2010,Sports,Deep Silver,0.02,0,0,0,0.03
6884,Tony Hawk's American Sk8land,GBA,2005,Sports,Activision,0.17,0.06,0,0,0.24
2879,LEGO Rock Band,Wii,2009,Misc,Warner Bros. Interactive Entertainment,0.42,0.22,0,0.07,0.71
15163,Jojo's Bizarre Adventure,PS,1999,Fighting,Virgin Interactive,0.01,0.01,0,0,0.02
11371,Game of Thrones,PC,2012,Role-Playing,Focus Home Interactive,0,0.07,0,0.01,0.08
3921,R.U.S.E.,PS3,2010,Strategy,Ubisoft,0.18,0.22,0.02,0.09,0.51
3251,Tiger Woods PGA Tour 2004,XB,2003,Sports,Electronic Arts,0.47,0.13,0,0.02,0.62
11752,Jikkyou Powerful Pro Yakyuu 2011 Ketteiban,PS3,2011,Sports,Konami Digital Entertainment,0,0,0.07,0,0.07
2250,NCAA Football 11,X360,2010,Sports,Electronic Arts,0.86,0,0,0.06,0.92
5207,Mystical Ninja starring Goemon,N64,1997,Action,Konami Digital Entertainment,0.07,0.02,0.23,0.04,0.36
11909,Cho~ricchi! Tamagotchi no Puchi Puchi Omisecchi,3DS,2012,Action,Namco Bandai Games,0,0,0.07,0,0.07
9572,Warriors Orochi 2,PS2,2008,Action,Tecmo Koei,0.06,0.05,0,0.02,0.13
2991,Mercenaries: Playground of Destruction,XB,2005,Action,LucasArts,0.54,0.11,0,0.03,0.68
9059,Kamen Rider Ryuki,PS,2002,Action,Namco Bandai Games,0,0,0.13,0.01,0.14
5195,Press Your Luck 2010 Edition,Wii,2009,Misc,Ubisoft,0.33,0,0,0.03,0.36
13047,Little Busters! Converted Edition,PS2,2009,Adventure,Prototype,0,0,0.05,0,0.05
4661,Harry Potter and the Deathly Hallows - Part 1,PS3,2010,Action,Electronic Arts,0.13,0.21,0,0.08,0.42
7954,Super Real Mahjong P V,SAT,1995,Misc,Seta Corporation,0,0,0.19,0,0.19
5466,Marvel: Ultimate Alliance 2,Wii,2009,Role-Playing,Activision,0.26,0.05,0,0.03,0.33
10136,Power Rangers: Super Legends,DS,2007,Action,Disney Interactive Studios,0.08,0.03,0,0.01,0.11
13588,Outlaw Tennis,XB,2005,Sports,Global Star,0.03,0.01,0,0,0.04
4680,Jampack Spring 2004 (RP-T),PS2,2003,Misc,Sony Computer Entertainment,0.2,0.16,0,0.05,0.41
8858,Return to PopoloCrois: A Story of Seasons Fairytale,3DS,2015,Simulation,Marvelous Entertainment,0.04,0,0.1,0.01,0.15
13516,The King of Fighters 2000,PS2,2002,Fighting,Playmore,0,0,0.04,0,0.04
14138,Sky Dancers,GBA,2005,Action,Crave Entertainment,0.02,0.01,0,0,0.03
6443,Lowrider,PS2,2002,Misc,Pacific Century Cyber Works,0.11,0.09,0.03,0.03,0.26
4090,Madagascar: Operation Penguin,GBA,2005,Action,Activision,0.35,0.13,0,0.01,0.48
12183,Nobunaga no Yabou: Tendou with Power-Up Kit,PS3,2011,Strategy,Tecmo Koei,0,0,0.07,0,0.07
6204,Cabela's Big Game Hunter 2012,X360,2011,Sports,Activision,0.24,0.02,0,0.02,0.28
1834,Mad Max (2015),PS4,2015,Action,Warner Bros. Interactive Entertainment,0.32,0.58,0.04,0.17,1.11
4152,Bravely Second: End Layer,3DS,2015,Role-Playing,Nintendo,0.16,0.11,0.18,0.03,0.47
5596,Momotarou Dentetsu 20-Shuunen,DS,2008,Misc,Hudson Soft,0,0,0.32,0,0.32
2234,Spider-Man,2600,1981,Action,Parker Bros.,0.87,0.05,0,0.01,0.93
14049,Winter Sports 3: The Great Tournament,PS3,2010,Sports,Tradewest,0,0.03,0,0.01,0.04
8273,Exhibition Volume 02,XB,2003,Misc,Microsoft Game Studios,0.13,0.04,0,0.01,0.17
10126,ECW Anarchy Rulz,PS,1999,Fighting,Acclaim Entertainment,0.06,0.04,0,0.01,0.11
12264,IL-2 Sturmovik: Birds of Prey,DS,2009,Simulation,505 Games,0.06,0,0,0,0.06
12978,PQ2: Practical Intelligence Quotient,PSP,2006,Puzzle,D3Publisher,0.04,0,0,0,0.05
9048,ArmA II,PC,2009,Shooter,505 Games,0,0.12,0,0.03,0.14
883,Dragon Ball Z: Budokai 3,PS2,2004,Fighting,Atari,1.09,0.15,0.65,0.04,1.94
2996,Need for Speed (2015),XOne,2015,Racing,Electronic Arts,0.3,0.33,0,0.06,0.68
11170,Bleach GC: Tasogare Ni Mamieru Shinigami,GC,2005,Fighting,Sega,0,0,0.08,0,0.09
5820,Orphen: Scion of Sorcery,PS2,2000,Role-Playing,Activision,0.15,0.12,0,0.04,0.31
12791,Mame Goma 2: Uchi no Ko ga Ichiban!,DS,2008,Simulation,Creative Core,0,0,0.06,0,0.06
2085,NFL Fever 2002,XB,2000,Sports,Microsoft Game Studios,0.74,0.21,0,0.04,0.99
9793,Yamakawa Shuppansha Kanshuu: Shousetsu Nihonshi B,DS,2007,Misc,Namco Bandai Games,0,0,0.12,0,0.12
1469,Your Shape: Fitness Evolved,X360,2010,Sports,Ubisoft,0.79,0.42,0,0.11,1.33
7600,Monster Jam,X360,2007,Racing,Activision,0.18,0,0,0.02,0.2
13132,Sea Monsters: A Prehistoric Adventure,Wii,2007,Adventure,Zushi Games,0.04,0,0,0,0.05
5685,Romance of the Three Kingdoms VII,PS2,2000,Strategy,Tecmo Koei,0.08,0.06,0.16,0.02,0.32
5838,Stranglehold,PS3,2007,Shooter,Midway Games,0.24,0.03,0,0.03,0.3
15919,Powerbike,DS,2009,Racing,Majesco Entertainment,0.01,0,0,0,0.02
13295,Moon,DS,2009,Adventure,Mastiff,0.04,0,0,0,0.05
14190,Crimson Tears,PS2,2004,Role-Playing,Capcom,0.02,0.01,0,0,0.03
1316,LEGO City Undercover,3DS,2013,Platform,Nintendo,0.51,0.75,0.07,0.12,1.46
6911,Asura's Wrath,X360,2012,Action,Capcom,0.15,0.06,0.01,0.02,0.24
1558,Atlantis,2600,1981,Shooter,Imagic,1.18,0.08,0,0.01,1.27
6034,World of Tanks,PC,2011,Shooter,Wargaming.net,0,0.23,0,0.06,0.29
11358,LEGO Soccer Mania,PS2,2002,Sports,Electronic Arts,0.04,0.03,0,0.01,0.08
8416,Toukiden Kiwami,PS4,2015,Action,Tecmo Koei,0.05,0.07,0.02,0.02,0.17
8010,Close Combat: First to Fight,XB,2005,Shooter,Take-Two Interactive,0.14,0.04,0,0.01,0.18
79,Wii Party,Wii,2010,Misc,Nintendo,1.79,3.53,2.49,0.68,8.49
3287,SingStar Singalong With Disney,PS2,2008,Misc,Sony Computer Entertainment,0,0.04,0,0.57,0.61
9936,Turok: Evolution,GBA,2002,Shooter,Acclaim Entertainment,0.08,0.03,0,0,0.12
7360,BloodRayne,XB,2002,Shooter,Universal Interactive,0.16,0.05,0,0.01,0.21
8099,Disney Friends,DS,2007,Simulation,Disney Interactive Studios,0.13,0.04,0,0.01,0.18
11963,Bionicle Heroes,X360,2006,Shooter,Eidos Interactive,0.05,0.01,0,0.01,0.07
6284,Iron Man 2,X360,2010,Action,Sega,0.15,0.1,0,0.03,0.27
5508,Way of the Samurai 2,PS2,2003,Action,Capcom,0.05,0.04,0.23,0.01,0.33
8409,Tokimeki Memorial: Private Collection,PS,1996,Misc,Konami Digital Entertainment,0,0,0.16,0.01,0.17
12611,PoPoLoCrois,PSP,2005,Role-Playing,Ignition Entertainment,0.05,0,0,0,0.06
15877,Majesty 2: The Fantasy Kingdom Sim,PC,2009,Simulation,Paradox Interactive,0.01,0,0,0,0.02
4794,Dragon Quest X,WiiU,2013,Role-Playing,Square Enix,0,0,0.4,0,0.4
1445,Battlefield: Bad Company,PS3,2008,Shooter,Electronic Arts,0.76,0.36,0.05,0.18,1.35
8359,.hack//G.U. Vol.1//Rebirth,PS2,2006,Role-Playing,Namco Bandai Games,0,0,0.17,0,0.17
3912,Monsters vs. Aliens,DS,2009,Action,Activision,0.33,0.13,0,0.05,0.51
14286,The Walking Dead: Season One,PC,2012,Adventure,Avanquest Software,0,0.03,0,0.01,0.03
10842,Pac-Man World 3,GC,2005,Platform,Namco Bandai Games,0.07,0.02,0,0,0.09
4604,Yu-Gi-Oh! 7 Trials to Glory: World Championship Tournament 2005,GBA,2005,Misc,Konami Digital Entertainment,0.3,0.11,0,0.01,0.42
14926,Room Zoom: Race for Impact,XB,2004,Racing,Jaleco,0.02,0.01,0,0,0.02
6150,Beyblade: Metal Masters,DS,2010,Action,Konami Digital Entertainment,0.16,0.1,0,0.03,0.28
3534,The Mysterious Murasame Castle,NES,1986,Action,Nintendo,0,0,0.57,0,0.57
3925,Picross DS,DS,2007,Puzzle,Nintendo,0.17,0.02,0.3,0.02,0.51
2261,Balloon Fight,NES,1985,Platform,Nintendo,0.39,0.09,0.43,0.01,0.92
507,Madden NFL 13,X360,2012,Sports,Electronic Arts,2.53,0.16,0,0.17,2.86
10309,X-Men: Destiny,Wii,2011,Action,Activision,0.08,0.02,0,0.01,0.11
13633,NCIS,PC,2011,Adventure,Ubisoft,0.01,0.02,0,0.01,0.04
13290,Wasteland 2,XOne,2015,Role-Playing,Deep Silver,0.04,0.01,0,0,0.05
11119,Transworld Snowboarding,XB,2002,Sports,Atari,0.07,0.02,0,0,0.09
14800,Clannad: Mitsumi Mamoru Sakamichi de - Gekan,PSP,2010,Adventure,Prototype,0,0,0.03,0,0.03
9367,Sentou Kokka Air Land Battle,PS,1995,Strategy,Sony Computer Entertainment,0,0,0.13,0.01,0.13
15183,"Simple 2500 Series Portable!! Vol. 12: The Hohei 2: Senyuu yo, Sakini Ike",PSP,2009,Action,D3Publisher,0,0,0.02,0,0.02
11469,TrackMania DS,DS,2008,Racing,Focus Home Interactive,0.06,0.01,0,0.01,0.08
11886,Kidou Senshi Gundam: Giren no Yabou - Axis no Kyoui V,PS2,2009,Strategy,Namco Bandai Games,0,0,0.07,0,0.07
14333,The Inner World,PC,2013,Adventure,Headup Games,0,0.03,0,0,0.03
11849,Roogoo Attack!,DS,2009,Puzzle,SouthPeak Games,0.07,0,0,0,0.07
9265,Rogue Warrior,PS3,2009,Shooter,Bethesda Softworks,0.11,0.02,0,0.01,0.14
12513,Marvel Super Heroes,SAT,1997,Fighting,Capcom,0,0,0.06,0,0.06
4644,Condemned: Criminal Origins,X360,2005,Action,Sega,0.36,0.03,0,0.03,0.42
13813,Brothers In Arms DS,DS,2007,Shooter,Ubisoft,0.03,0,0,0,0.04
14485,Teenage Mutant Ninja Turtles: Mutants in Manhattan,X360,2016,Action,Activision,0.01,0.02,0,0,0.03
1766,Ninja Gaiden Sigma,PS3,2007,Action,Eidos Interactive,0.57,0.33,0.09,0.16,1.15
2720,Need for Speed: Shift,PSP,2009,Racing,Electronic Arts,0.16,0.38,0.01,0.21,0.76
9827,Zenses: Rainforest,DS,2008,Puzzle,Game Factory,0.1,0.01,0,0.01,0.12
14350,Pro Yakyuu Spirits 5 Kanzenban,PS3,2008,Sports,Konami Digital Entertainment,0,0,0.03,0,0.03
16500,Snood 2: On Vacation,GBA,2005,Puzzle,Zoo Digital Publishing,0.01,0,0,0,0.01
12738,Samurai Warriors 4: Empires,PS3,2015,Action,Tecmo Koei,0,0,0.06,0,0.06
7446,NCAA Football 2003,GC,2002,Sports,Electronic Arts,0.16,0.04,0,0.01,0.21
11585,Sub Rebellion,PS2,2002,Simulation,Metro 3D,0.04,0.03,0,0.01,0.08
15700,Shonen Jump's Yu-Gi-Oh! GX Card Almanac,DS,N/A,Misc,Konami Digital Entertainment,0,0,0.02,0,0.02
3576,Yu-Gi-Oh! World Championship Tournament 2004,GBA,2004,Misc,Konami Digital Entertainment,0.4,0.15,0,0.01,0.56
1691,The Simpsons: Road Rage,GBA,2003,Racing,THQ,0.86,0.32,0,0.02,1.19
10453,Banjo-Pilot,GBA,2005,Racing,THQ,0.07,0.03,0,0,0.1
12577,Imagine: Resort Owner,DS,2010,Strategy,Ubisoft,0.05,0,0,0,0.06
15785,Densha de Go! Shinkansen EX: Sanyou Shinkansen-hen,Wii,2007,Simulation,Taito,0,0,0.02,0,0.02
5124,Juiced 2: Hot Import Nights,PSP,2007,Racing,THQ,0.06,0.2,0,0.11,0.37
8524,N2O: Nitrous Oxide,PS,1998,Racing,Gremlin Interactive Ltd,0.09,0.06,0,0.01,0.16
7003,The Scorpion King: Rise of the Akkadian,PS2,2002,Action,Universal Interactive,0.11,0.09,0,0.03,0.23
8816,Zoids: Battle Legends,GC,2003,Action,Tomy Corporation,0.12,0.03,0,0,0.15
8782,Jurassic: The Hunted,Wii,2009,Shooter,Activision,0.14,0,0,0.01,0.15
13806,Hanaoni: Koisomeru Koku - Eikyuu no Shirushi,PSP,2011,Adventure,Idea Factory,0,0,0.04,0,0.04
9013,Jurassic: The Hunted,PS2,2009,Shooter,Activision,0.07,0.06,0,0.02,0.14
2445,WWE 2K15,PS3,2014,Sports,Take-Two Interactive,0.36,0.35,0,0.14,0.85
5036,Virtua Tennis 2009,Wii,2009,Sports,Sega,0.13,0.21,0,0.04,0.38
1121,NBA Live 06 (All region sales),PS2,2005,Sports,Electronic Arts,1.44,0.15,0,0.05,1.64
3333,Fighters Uncaged,X360,2010,Fighting,Ubisoft,0.31,0.24,0,0.06,0.61
16404,Memories Off,PSP,2008,Adventure,5pb,0,0,0.01,0,0.01
11457,The Hidden,3DS,N/A,Adventure,Unknown,0.08,0,0,0,0.08
13149,Keiba Eight Special,SNES,1993,Sports,Misawa,0,0,0.05,0,0.05
2497,The Price is Right,Wii,2008,Misc,Ubisoft,0.77,0,0,0.06,0.83
15969,Yume Neko DS,DS,2008,Simulation,Sega,0,0,0.02,0,0.02
15437,Horrid Henry: Missions of Mischief,Wii,2010,Adventure,SouthPeak Games,0,0.02,0,0,0.02
13869,Paddington: Adventures in London,3DS,2015,Puzzle,Koch Media,0,0.04,0,0,0.04
3939,Paws & Claws: Dogs & Cats Best Friends,DS,2007,Simulation,THQ,0.46,0.01,0,0.04,0.51
4067,F1 2014,PS3,2014,Racing,Codemasters,0.07,0.31,0.02,0.08,0.49
12088,Fighter Maker 2,PS2,2002,Fighting,Enterbrain,0.03,0.03,0,0.01,0.07
4633,Dance Dance Revolution Ultramix 2,XB,2004,Simulation,Konami Digital Entertainment,0.32,0.09,0,0.02,0.42
6565,Oddworld: Stranger's Wrath,XB,2005,Adventure,Electronic Arts,0.19,0.06,0,0.01,0.26
7356,Conflict Zone,PS2,2002,Strategy,Ubisoft,0.1,0.08,0,0.03,0.21
1556,Road Rash,PS,1995,Racing,Electronic Arts,0.71,0.48,0,0.08,1.27
11614,Nanashi no Game,DS,2008,Adventure,Square Enix,0,0,0.08,0,0.08
10606,Rock Band 3,DS,2010,Misc,MTV Games,0.09,0.01,0,0.01,0.1
11154,The Bachelor: The Videogame,DS,2010,Misc,Warner Bros. Interactive Entertainment,0.08,0,0,0.01,0.09
6142,Pirates of the Caribbean: Dead Man's Chest,PSP,2006,Adventure,Disney Interactive Studios,0.25,0.01,0,0.02,0.28
11318,Major League Baseball 2K12,DS,2012,Sports,Take-Two Interactive,0.08,0,0,0.01,0.08
6091,Power Pro Kun Pocket 11,DS,2008,Sports,Konami Digital Entertainment,0,0,0.29,0,0.29
9349,Winter Stars,Wii,2011,Sports,Deep Silver,0.06,0.07,0,0.01,0.13
16231,Double Sequence: The Q-Virus Invasion,DS,2008,Puzzle,Zoo Digital Publishing,0.01,0,0,0,0.01
1879,NFL 2K1,DC,2000,Sports,Sega,1.02,0.05,0,0.02,1.09
9183,Desire,SAT,1997,Adventure,Imadio,0,0,0.14,0,0.14
1353,Classic NES Series: Super Mario Bros.,GBA,2004,Platform,Nintendo,0,0,1.39,0.03,1.43
4578,25 to Life,PS2,2006,Shooter,Eidos Interactive,0.35,0.01,0,0.06,0.42
12625,Backyard Skateboarding 2006,GBA,2004,Sports,Atari,0.04,0.02,0,0,0.06
7540,Atelier Shallie: Alchemists of the Dusk Sea,PS3,2014,Role-Playing,Tecmo Koei,0.06,0.05,0.08,0.02,0.2
13756,Super Black Bass Fishing,DS,2005,Sports,Majesco Entertainment,0.04,0,0,0,0.04
3375,NHL 11,PS3,2010,Sports,Electronic Arts,0.4,0.13,0,0.07,0.6
5263,Formula 1 Championship Edition,PS,1997,Racing,Psygnosis,0.06,0.04,0.23,0.02,0.36
9091,PaRappa The Rapper 2,PS2,2001,Misc,Sony Computer Entertainment,0.07,0.05,0,0.02,0.14
16453,Hyperdimension Neptunia mk2,PS3,2011,Action,Nippon Ichi Software,0,0.01,0,0,0.01
8344,Zoo Hospital,Wii,2008,Simulation,Majesco Entertainment,0.14,0.01,0,0.01,0.17
10658,LEGO Rock Raiders,PS,1999,Strategy,LEGO Media,0.06,0.04,0,0.01,0.1
10487,Dropship: United Peace Force,PS2,2002,Simulation,Sony Computer Entertainment,0.05,0.04,0,0.01,0.1
7817,Trivial Pursuit unhinged,PS2,2004,Misc,Atari,0.09,0.07,0,0.02,0.19
3708,The Fairly Odd Parents: Breakin' Da Rules,GBA,2003,Platform,THQ,0.39,0.14,0,0.01,0.54
16502,Irotoridori no Sekai: World's End Re-Birth,PSV,2015,Action,HuneX,0,0,0.01,0,0.01
7170,Madden NFL 12,PSP,2011,Sports,Electronic Arts,0.21,0,0,0.02,0.22
3350,Tony Hawk: RIDE,PS3,2009,Sports,Activision,0.38,0.15,0,0.08,0.6
5996,Guitar Hero: Van Halen,Wii,2009,Misc,Activision,0.14,0.12,0,0.03,0.29
3740,Greg Hastings' Tournament Paintball,XB,2004,Shooter,Activision,0.46,0.06,0,0.02,0.54
9908,Peggle: Dual Shot,DS,2009,Puzzle,PopCap Games,0.11,0,0,0.01,0.12
6035,Jewel Quest Mysteries: Curse of the Emerald Tear,DS,2010,Puzzle,Avanquest,0,0.25,0,0.04,0.29
6555,F1 2014,X360,2014,Racing,Codemasters,0.08,0.15,0,0.02,0.26
6804,SRS: Street Racing Syndicate,XB,2004,Racing,Namco Bandai Games,0.18,0.05,0,0.01,0.24
11542,Looney Tunes: Galactic Sports,PSV,2015,Action,Sony Computer Entertainment,0,0.06,0,0.02,0.08
825,NBA 2K14,PS3,2013,Sports,Take-Two Interactive,1.43,0.33,0.04,0.25,2.05
14663,Kong: King of Atlantis,GBA,2005,Action,THQ,0.02,0.01,0,0,0.03
10522,Uta no Prince-Sama: Music,PSP,2011,Misc,Broccoli,0,0,0.1,0,0.1
15619,Nodame Cantabile: Tanoshii Ongaku no Jikan Desu,DS,2010,Misc,Namco Bandai Games,0,0,0.02,0,0.02
2066,SoulCalibur II,XB,2003,Fighting,Namco Bandai Games,0.78,0.18,0.03,0,1
14457,Who Wants to be a Millionaire: 2nd Edition,Wii,2008,Misc,Ubisoft,0,0.03,0,0,0.03
9180,Micro Machines,PS2,2002,Racing,Atari,0.07,0.05,0,0.02,0.14
2018,Rayman Origins,PS3,2011,Platform,Ubisoft,0.33,0.51,0.01,0.18,1.03
13854,Supreme Commander: Forged Alliance,PC,2007,Strategy,THQ,0.01,0.02,0,0.01,0.04
10208,EA Replay,PSP,2006,Action,Electronic Arts,0.09,0,0,0.01,0.11
2601,Rayman Origins,X360,2011,Platform,Ubisoft,0.38,0.34,0,0.08,0.79
10563,Flushed Away,DS,2006,Platform,D3Publisher,0.09,0,0,0.01,0.1
14933,ParaWorld,PC,2006,Strategy,Deep Silver,0,0.02,0,0,0.02
16359,The Amazing Spider-Man (DS & Mobile Versions),PSP,2009,Action,Eidos Interactive,0,0.01,0,0,0.01
399,The Legend of Zelda: Majora's Mask,N64,2000,Action,Nintendo,1.9,0.67,0.73,0.06,3.36
15117,Chaos;Head Noah,PSP,2010,Adventure,5pb,0,0,0.02,0,0.02
14617,My Hero Academia: Battle for All,3DS,2016,Action,Namco Bandai Games,0,0,0.03,0,0.03
13390,Rimo-Cocoron,PS2,2001,Action,Sony Computer Entertainment,0,0,0.05,0,0.05
16232,Brothers in Arms: Furious 4,X360,N/A,Shooter,N/A,0.01,0,0,0,0.01
11998,FIFA Soccer 2004,GC,2003,Sports,Electronic Arts,0.05,0.01,0,0,0.07
13247,Tokimeki Memorial: Girls Side 1st Love,DS,2007,Adventure,Konami Digital Entertainment,0,0,0.05,0,0.05
8448,TOEIC Test Training DS,DS,2007,Misc,IE Institute,0,0,0.17,0,0.17
8434,TransFormers Animated: The Game,DS,2008,Action,Activision,0.15,0.01,0,0.01,0.17
10597,3D Tank Warfare Simulator Panzer Front,PS,1999,Simulation,Avalon Interactive,0.06,0.04,0,0.01,0.1
1656,FIFA Soccer 11,PSP,2010,Sports,Electronic Arts,0.13,0.7,0.01,0.37,1.21
14285,Nancy Drew: Alibi In Ashes,PC,2011,Adventure,Her Interactive,0.03,0,0,0,0.03
8660,Pachi-Slot Kanzen Kouryaku 3: Universal Koushiki Gaido Volume 3,PS,1998,Misc,Syscom,0,0,0.15,0.01,0.16
9382,Bakugan: Battle Trainer,DS,2010,Action,Activision,0.12,0,0,0.01,0.13
10851,Robots,XB,2005,Action,Vivendi Games,0.07,0.02,0,0,0.09
16327,Professional Farmer 2016,PSV,2015,Action,Namco Bandai Games,0,0.01,0,0,0.01
905,Star Wars: The Force Unleashed,Wii,2008,Action,LucasArts,1.14,0.57,0,0.19,1.91
3022,Zaidan Houjin Nippon Kanji Nouryoko Kentei Kyoukai Kounin: KanKen DS,DS,2006,Misc,Rocket Company,0,0,0.67,0,0.67
12781,Choro Q Marine: Q Boat,PS,1998,Racing,Takara,0,0,0.05,0,0.06
15131,Interactive Storybook DS Series 3,DS,2007,Misc,Tommo,0.02,0,0,0,0.02
2391,NFL GameDay '97,PS,1996,Sports,Sony Computer Entertainment,0.48,0.33,0,0.06,0.87
13364,TMNT,DS,2007,Action,Ubisoft,0.03,0.01,0,0,0.05
8301,Top Spin 2,X360,2006,Sports,Take-Two Interactive,0.15,0.01,0,0.01,0.17
9976,Harvey Birdman: Attorney at Law,PS2,2008,Adventure,Capcom,0.06,0.04,0,0.01,0.12
8383,James Bond 007: Everything or Nothing,GBA,2003,Shooter,Electronic Arts,0.12,0.04,0,0,0.17
2635,The 7th Guest,PC,1992,Adventure,Virgin Interactive,0.01,0.77,0,0,0.78
15796,Kaleidoeve,PSV,2015,Adventure,HuneX,0,0,0.02,0,0.02
14535,"Princess Natasha: Student, Secret Agent, Princess",DS,2006,Action,Zoo Digital Publishing,0.03,0,0,0,0.03
2526,Stranglehold,X360,2007,Shooter,Midway Games,0.4,0.33,0.01,0.09,0.82
11388,Sushi Academy,DS,2009,Action,DTP Entertainment,0.08,0,0,0.01,0.08
8320,Tokyo Xtreme Racer,DC,1999,Racing,Genki,0,0,0.17,0,0.17
11405,My English Coach: Para Hispanoparlantes,DS,2009,Misc,Ubisoft,0.08,0,0,0.01,0.08
7011,Tom Clancy's Splinter Cell,GC,2003,Action,Ubisoft,0.18,0.05,0,0.01,0.23
2963,Assassin's Creed IV: Black Flag,PC,2013,Action,Ubisoft,0.22,0.38,0,0.1,0.69
5731,Homefront: The Revolution,PS4,2016,Shooter,Deep Silver,0.05,0.19,0.03,0.04,0.31
4445,LEGO Star Wars II: The Original Trilogy,XB,2006,Action,LucasArts,0.33,0.1,0,0.02,0.44
3680,Mortal Kombat 3,PS,1995,Fighting,Sony Computer Entertainment,0.29,0.2,0.02,0.04,0.55
10185,Naruto Shippuden: Naruto vs. Sasuke,DS,2008,Action,Takara Tomy,0.08,0,0.03,0.01,0.11
9769,The X Files: Resist or Serve,PS2,2004,Adventure,Vivendi Games,0.06,0.05,0,0.02,0.12
14761,Wrestle Kingdom,PS2,2006,Fighting,Yuke's,0,0,0.03,0,0.03
238,Guitar Hero III: Legends of Rock,X360,2007,Misc,Activision,3.19,0.92,0.01,0.42,4.53
7412,World Series of Poker,PSP,2005,Misc,Activision,0.19,0,0,0.02,0.21
6395,Batman: Arkham Origins Blackgate,3DS,2013,Action,Warner Bros. Interactive Entertainment,0.16,0.09,0,0.02,0.27
15259,Pebble Beach Golf Links,SAT,1994,Sports,Sega,0,0,0.02,0,0.02
11445,Samurai Shodown Sen,X360,2009,Fighting,Rising Star Games,0.07,0.01,0,0.01,0.08
4429,Spawn: Armageddon,PS2,2003,Action,Electronic Arts,0.22,0.17,0,0.06,0.44
9211,Jikkyou Powerful Pro Yakyuu Wii,Wii,2007,Sports,Konami Digital Entertainment,0,0,0.14,0,0.14
14796,Captain Morgane and the Golden Turtle,PS3,2012,Adventure,Reef Entertainment,0,0.02,0,0.01,0.03
316,World Soccer Winning Eleven 8 International,PS2,2004,Sports,Konami Digital Entertainment,0.16,1.89,1.12,0.68,3.85
58,Super Mario All-Stars,SNES,1993,Platform,Nintendo,5.99,2.15,2.12,0.29,10.55
9416,Tales of the Heroes: Twin Brave,PSP,2012,Role-Playing,Namco Bandai Games,0,0,0.13,0,0.13
7734,The Great Escape,PS2,2003,Action,SCi,0.1,0.07,0,0.02,0.2
15368,Dance Dance Revolution Extra Mix,PS,2001,Simulation,Konami Digital Entertainment,0,0,0.02,0,0.02
8473,Hamster Heroes,Wii,2008,Puzzle,Popcorn Arcade,0.16,0,0,0,0.16
2375,Phantasy Star Portable 2,PSP,2009,Role-Playing,Sega,0.08,0.11,0.62,0.06,0.88
8749,Harvest Moon: The Lost Valley,3DS,2014,Simulation,Natsume,0.12,0.02,0,0.01,0.15
10673,Sword Art Online: Lost Song,PS3,2015,Role-Playing,Namco Bandai Games,0,0,0.1,0,0.1
178,Professor Layton and the Curious Village,DS,2007,Puzzle,Nintendo,1.22,2.48,1.03,0.52,5.26
16508,Rabbids Invasion: The Interactive TV Show,XOne,2014,Misc,Ubisoft,0,0.01,0,0,0.01
8976,MotoGP 2: Ultimate Racing Technology,PS2,2001,Racing,Sony Computer Entertainment,0.07,0.06,0,0.02,0.15
13352,Crusader: No Remorse,PS,1996,Adventure,Electronic Arts,0.03,0.02,0,0,0.05
11651,Slayers Royal 2,SAT,1998,Role-Playing,Kadokawa Shoten,0,0,0.08,0,0.08
4495,Alpha Protocol,PS3,2010,Role-Playing,Sega,0.19,0.18,0,0.07,0.43
15474,Virtua Pro Football,PS2,2006,Sports,Sega,0,0,0.02,0,0.02
3200,Disney Universe,PS3,2011,Action,Disney Interactive Studios,0.3,0.23,0,0.09,0.63
68,Call of Duty: Ghosts,PS3,2013,Shooter,Activision,4.09,3.73,0.38,1.38,9.59
13098,Ben 10 Galactic Racing,PSV,2012,Racing,D3Publisher,0.02,0.02,0,0.01,0.05
9396,MLB 11: The Show,PS2,2011,Sports,Sony Computer Entertainment,0.06,0.05,0,0.02,0.13
2944,The LEGO Movie Videogame,3DS,2014,Action,Warner Bros. Interactive Entertainment,0.28,0.31,0.05,0.05,0.69
9304,Open Season,DS,2006,Platform,Ubisoft,0.12,0,0,0.01,0.14
15762,Puzzle Chronicles,DS,2010,Puzzle,Konami Digital Entertainment,0.01,0,0,0,0.02
14666,The Settlers II 10th Anniversary,PC,2006,Action,Ubisoft,0,0.02,0,0,0.03
4314,Tales of Hearts,PSV,2013,Role-Playing,Namco Bandai Games,0.15,0.13,0.09,0.08,0.45
4999,Get Fit with Mel B,PS3,2010,Sports,Black Bean Games,0.15,0.17,0,0.07,0.38
6159,Naruto Shippuden: Ultimate Ninja Storm 4,XOne,2016,Fighting,Namco Bandai Games,0.19,0.06,0,0.03,0.28
6029,The New Tetris,N64,1999,Puzzle,Nintendo,0.22,0.05,0.02,0,0.29
1395,NBA Jam,SNES,1994,Sports,Acclaim Entertainment,1.19,0.16,0,0.03,1.39
401,Rugrats: Search For Reptar,PS,1998,Adventure,THQ,1.63,1.53,0,0.18,3.34
8633,LEGO The Lord of the Rings,DS,2012,Action,Warner Bros. Interactive Entertainment,0,0.14,0,0.02,0.16
9998,GT Advance 2: Rally Racing,GBA,2001,Racing,THQ,0.08,0.03,0,0,0.11
11077,Samurai Warriors 4: Empires,PS4,2015,Action,Tecmo Koei,0.02,0.01,0.05,0.01,0.09
1263,Sonic CD,SCD,1993,Platform,Sega,1,0.36,0.09,0.05,1.5
10279,Constantine,PS2,2005,Action,SCi,0.05,0.04,0,0.01,0.11
10988,MX SuperFly featuring Ricky Carmichael,GC,2002,Racing,THQ,0.07,0.02,0,0,0.09
3348,The Golden Compass,Wii,N/A,Action,Sega,0.26,0.28,0,0.07,0.6
2800,Yoshi,GB,1991,Puzzle,Nintendo,0,0,0.73,0,0.73
7515,Backyard NFL Football 2006,PS2,2005,Sports,Atari,0.1,0.08,0,0.03,0.2
6386,The Incredible Hulk,X360,2008,Action,Sega,0.22,0.03,0,0.02,0.27
4070,Die Hard Trilogy 2: Viva Las Vegas,PS,1999,Action,Fox Interactive,0.27,0.18,0,0.03,0.49
11000,Challenge Me: Brain Puzzles 2,DS,2010,Puzzle,O-Games,0.05,0.04,0,0.01,0.09
8756,Digimon World 4,PS2,2005,Role-Playing,Atari,0.08,0.06,0,0.02,0.15
227,Animal Crossing: City Folk,Wii,2008,Simulation,Nintendo,1.87,1.12,1.32,0.37,4.68
5803,Blade II,PS2,2002,Action,Activision,0.15,0.12,0,0.04,0.31
6167,Lord of Darkness,SNES,1991,Action,Tecmo Koei,0,0,0.28,0,0.28
2690,Plants vs. Zombies: Garden Warfare,PS3,2014,Shooter,Electronic Arts,0.22,0.4,0.01,0.14,0.76
7084,Mega Man Battle Network 5: Team Colonel / Protoman,GBA,2004,Role-Playing,Capcom,0.16,0.06,0,0,0.23
11940,Tornado,DS,N/A,Action,Ignition Entertainment,0.07,0,0,0,0.07
7901,God Eater Resurrection,PSV,2015,Action,Namco Bandai Games,0,0,0.19,0,0.19
6536,Outlaw Volleyball,XB,2003,Sports,TDK Mediactive,0.19,0.06,0,0.01,0.26
222,FIFA 17,PS4,2016,Sports,Electronic Arts,0.28,3.75,0.06,0.69,4.77
11920,NCAA College Football 2K3,GC,2002,Sports,Sega,0.05,0.01,0,0,0.07
5381,Hitman: Contracts,XB,2004,Shooter,Eidos Interactive,0.26,0.07,0,0.01,0.34
5824,Ultimate Spider-Man,GBA,2005,Action,Activision,0.22,0.08,0,0.01,0.3
9011,Lost Dimension,PSV,2014,Role-Playing,Nippon Ichi Software,0.07,0.03,0.02,0.03,0.14
7350,NCAA March Madness 08,X360,2007,Sports,Electronic Arts,0.2,0,0,0.02,0.21
9223,To Heart,PS,1999,Adventure,Aqua Plus,0,0,0.13,0.01,0.14
12025,Higurashi no Nakukoru ni Kizuna: Dai-Ichi-Kan - Tatari,DS,2008,Adventure,Alchemist,0,0,0.07,0,0.07
5368,Freeway,2600,1980,Action,Activision,0.32,0.02,0,0,0.34
15175,The Settlers IV,PC,2001,Strategy,Blue Byte,0,0.02,0,0,0.02
5090,Naruto Shippuden: Ninja Destiny 2,DS,2008,Fighting,Takara Tomy,0.19,0.03,0.13,0.02,0.37
10761,Ninja Reflex,DS,2008,Action,Electronic Arts,0.09,0,0,0.01,0.1
3059,Naruto Shippuden: Ultimate Ninja 4,PS2,2007,Fighting,Atari,0.26,0.01,0.13,0.26,0.66
15778,Dunamis 15,X360,2011,Adventure,5pb,0,0,0.02,0,0.02
5637,FIFA 2001 Major League Soccer,PS,2000,Sports,Electronic Arts,0.18,0.12,0,0.02,0.32
12262,Gradius Collection,PSP,2006,Shooter,Konami Digital Entertainment,0.04,0,0.02,0,0.06
8568,Intellivision Lives!,PS2,2003,Misc,Play It,0.08,0.06,0,0.02,0.16
12915,Uta no Prince-Sama: Music 3,PSV,2016,Action,Broccoli,0,0,0.05,0,0.05
12656,Broken Helix,PS,1997,Action,Konami Digital Entertainment,0.03,0.02,0,0,0.06
3541,Skylanders: Spyro's Adventure,3DS,2011,Action,Activision,0.32,0.2,0,0.05,0.57
15268,Whiteout,PS2,2002,Racing,Konami Digital Entertainment,0.01,0.01,0,0,0.02
11216,Pro Evolution Soccer 2013,PC,2012,Sports,Konami Digital Entertainment,0,0.07,0,0.01,0.09
11580,My First Songs,Wii,2010,Misc,Mindscape,0,0.07,0,0.01,0.08
12075,Classic Action: Devilish,DS,2005,Misc,505 Games,0.06,0,0,0,0.07
4703,"Transformers: Revenge of the Fallen (XBox 360, PS3, & PC Versions)",PSP,2009,Shooter,Activision,0.17,0.15,0,0.09,0.41
7972,Samurai Warriors 2: Empires,PS2,2006,Action,Tecmo Koei,0,0,0.19,0,0.19
9490,The History Channel: Great Battles - Medieval,X360,2010,Strategy,Slitherine Software,0.08,0.04,0,0.01,0.13
14981,Blade Arcus from Shining EX,PS4,2015,Fighting,Sega,0,0,0.02,0,0.02
13335,GunPey DS,DS,2006,Puzzle,Atari,0.04,0,0,0,0.05
1205,Star Wars: The Force Unleashed II,PS3,2010,Action,LucasArts,0.8,0.53,0,0.22,1.55
14928,Tube Slider,GC,N/A,Racing,Unknown,0.02,0,0,0,0.02
10317,Arcade Party Pak,PS,1999,Misc,Midway Games,0.06,0.04,0,0.01,0.11
12963,Air Conflicts: Aces of World War II,PSP,2009,Simulation,Graffiti,0.05,0,0,0,0.05
6314,MotionSports: Adrenaline,X360,2011,Sports,Ubisoft,0.14,0.1,0,0.03,0.27
10756,Shining Force EXA,PS2,2007,Role-Playing,Sega,0,0,0.1,0,0.1
281,Watch Dogs,PS4,2014,Action,Ubisoft,1.4,1.86,0.11,0.77,4.14
16517,National Geographic Panda (JP sales),DS,2008,Simulation,Ubisoft,0,0,0.01,0,0.01
6637,Walt Disney's The Jungle Book: Rhythm N'Groove,PS2,2003,Misc,Disney Interactive Studios,0.12,0.1,0,0.03,0.25
15361,Bella Sara 2 - The Magic of Drasilmare,3DS,2013,Adventure,Big Ben Interactive,0,0.02,0,0,0.02
216,Dr. Mario,NES,1990,Puzzle,Nintendo,2.62,0.6,1.52,0.1,4.85
8295,Shin Megami Tensei IV: Final,3DS,2016,Role-Playing,Deep Silver,0.03,0,0.14,0,0.17
11657,Frogger Beyond,XB,2002,Platform,Konami Digital Entertainment,0.06,0.02,0,0,0.08
12419,Alone in the Dark,PS2,2008,Adventure,Atari,0.03,0.02,0,0.01,0.06
2370,Metal Gear Ac!d,PSP,2004,Strategy,Konami Digital Entertainment,0.32,0.26,0.12,0.17,0.88
7985,SBK X: Superbike World Championship,X360,2010,Racing,Black Bean Games,0.1,0.07,0,0.02,0.19
15381,Largo Winch .// Commando Sar,PS,2002,Adventure,Ubisoft,0.01,0.01,0,0,0.02
7909,Princess Maker: Yumemiru Yosei,PS,1997,Strategy,Sony Computer Entertainment,0,0,0.18,0.01,0.19
10791,Ballistic: Ecks vs. Sever,GBA,2002,Shooter,BAM! Entertainment,0.07,0.03,0,0,0.1
7569,Neighborhood Games,Wii,2009,Misc,THQ,0.17,0.02,0,0.01,0.2
4377,Naruto Shippuden: Ultimate Ninja Storm Generations,X360,2012,Fighting,Namco Bandai Games,0.26,0.14,0.01,0.04,0.45
4843,SpongeBob's Truth or Square (US sales),Wii,2009,Action,THQ,0.38,0.01,0,0,0.4
3084,Shrek: Hassle at the Castle,GBA,2002,Action,TDK Mediactive,0.47,0.17,0,0.01,0.66
397,The Legend of Zelda: Spirit Tracks,DS,2009,Action,Nintendo,1.43,0.94,0.74,0.27,3.38
14769,Nekketsu Kouha Kunio-Kun SP: Rantou Kyousoukyoku,3DS,2013,Fighting,Arc System Works,0,0,0.03,0,0.03
1449,Devil May Cry 4,X360,2008,Action,Capcom,0.79,0.34,0.08,0.13,1.35
13334,Hoshigami: Ruining Blue Earth,PS,2001,Role-Playing,Max Five,0.03,0.02,0,0,0.05
6848,Jissen Pachi-Slot Hisshouhou! Hokuto no Ken SE,PS2,2006,Misc,Sega,0,0,0.24,0,0.24
15369,UnchainBlades EXXiV,PSP,2012,Role-Playing,FuRyu,0,0,0.02,0,0.02
9352,Rurouni Kenshin: Enjou! Kyoto Rinne,PS2,2006,Action,Banpresto,0,0,0.13,0,0.13
3225,Shin Megami Tensei: Persona 3 FES,PS2,2007,Role-Playing,Tecmo Koei,0.22,0.2,0.16,0.05,0.63
13330,Pool Party,Wii,2007,Sports,SouthPeak Games,0.04,0,0,0,0.05
6927,Covert Ops: Nuclear Dawn,PS,2000,Action,Sony Computer Entertainment,0.13,0.09,0,0.02,0.24
13771,Atelier Iris 3: Grand Phantasm (JP Sales),PS2,2006,Role-Playing,Tecmo Koei,0,0,0.04,0,0.04
14806,Touch Shot! Love Application,PS3,2012,Adventure,Compile Heart,0,0,0.03,0,0.03
2097,Scooby-Doo! First Frights,Wii,2009,Action,Warner Bros. Interactive Entertainment,0.88,0.05,0,0.07,0.99
10715,Rio,X360,2011,Misc,THQ,0.05,0.03,0,0.01,0.1
15566,Blood Bowl: Legendary Edition,PC,2010,Sports,Focus Home Interactive,0,0.01,0,0,0.02
3275,Rocksmith 2014,PS4,2014,Misc,Ubisoft,0.34,0.17,0,0.11,0.62
12756,Fate/Stay Night [Réalta Nua],PSV,2012,Adventure,Kadokawa Shoten,0,0,0.06,0,0.06
3629,Lunar: Silver Star Story Complete,PS,1998,Role-Playing,Kadokawa Shoten,0.27,0.18,0.06,0.04,0.55
16450,Legacy of Kain: Defiance,PC,2003,Action,Eidos Interactive,0,0.01,0,0,0.01
4812,Pet in TV,PS,1997,Strategy,Sony Computer Entertainment,0,0,0.38,0.03,0.4
15502,ESPN MLS ExtraTime 2002,XB,2002,Sports,Konami Digital Entertainment,0.01,0,0,0,0.02
8192,FIFA 17,X360,2016,Sports,Electronic Arts,0.03,0.13,0,0.01,0.18
4704,Wolfenstein: The New Order,X360,2014,Shooter,Bethesda Softworks,0.18,0.19,0,0.04,0.41
9369,Tak 2: The Staff of Dreams,XB,2004,Platform,THQ,0.1,0.03,0,0,0.13
16547,Imagine Figure Skater (JP sales),DS,2007,Sports,Ubisoft,0,0,0.01,0,0.01
8992,Elf: The Movie,GBA,2004,Action,Crave Entertainment,0.1,0.04,0,0,0.15
6135,Digimon Adventure: Anode Tamer,WS,1999,Role-Playing,Namco Bandai Games,0,0,0.28,0,0.28
12226,Frogger Advance: The Great Quest,GBA,2002,Action,Konami Digital Entertainment,0.05,0.02,0,0,0.07
12184,Transformer: Rise of the Dark Spark,WiiU,2014,Action,Activision,0.05,0.01,0,0.01,0.07
4050,Medal of Honor,PC,2010,Shooter,Electronic Arts,0.2,0.23,0,0.07,0.49
8030,Nep League DS,DS,2007,Sports,Jaleco,0,0,0.18,0,0.18
5541,Angry Birds Star Wars,PS3,2013,Strategy,Activision,0.1,0.17,0,0.06,0.33
15636,Combat Flight Simulator 3: Battle for Europe,PC,2002,Simulation,Microsoft Game Studios,0.01,0.01,0,0,0.02
7727,Big Mutha Truckers 2,PS2,2005,Racing,Xplosiv,0.1,0.07,0,0.03,0.2
6481,Nancy Drew: The Mystery of the Clue Bender Society,DS,2008,Adventure,Codemasters,0.24,0,0,0.02,0.26
15462,Coded Soul: Uke Keigareshi Idea,PSP,2008,Role-Playing,Sony Computer Entertainment,0,0,0.02,0,0.02
5075,Pro Evolution Soccer 2011 3D,3DS,2011,Sports,Konami Digital Entertainment,0.11,0.13,0.11,0.02,0.38
5613,OverBlood,PS,1996,Action,Electronic Arts,0.05,0.04,0.21,0.02,0.32
10020,Dokapon Kingdom,PS2,2007,Role-Playing,Sting,0.05,0.04,0.02,0.01,0.11
2651,Need for Speed: ProStreet,PSP,2008,Racing,Electronic Arts,0.24,0.33,0.01,0.2,0.78
15692,Robotics;Notes,PSV,2014,Adventure,5pb,0,0,0.02,0,0.02
153,Tekken 2,PS,1996,Fighting,Sony Computer Entertainment,2.26,1.89,1.36,0.23,5.74
3909,Wrecking Crew,NES,1985,Platform,Nintendo,0,0,0.51,0,0.51
1255,Tokyo Xtreme Racer Zero,PS2,2000,Racing,Crave Entertainment,0.66,0.52,0.15,0.17,1.5
1945,DiRT,PS3,2007,Racing,Codemasters,0.16,0.67,0,0.23,1.06
14482,The Peanuts Movie: Snoopy's Grand Adventure,3DS,2015,Action,Activision,0,0.03,0,0,0.03
1856,Petz Dogz 2,DS,2007,Simulation,Ubisoft,0.47,0.52,0,0.12,1.1
4716,Spore Hero,Wii,2009,Simulation,Electronic Arts,0.36,0.03,0,0.03,0.41
4643,Style Lab: Makeover,DS,2009,Simulation,Ubisoft,0.35,0.03,0,0.03,0.42
849,Fire Emblem: Awakening,3DS,2012,Role-Playing,Nintendo,0.89,0.45,0.53,0.13,2
15653,Space Channel 5: Ulala's Cosmic Attack,GBA,2002,Misc,Atari,0.01,0,0,0,0.02
6317,NHL 07,X360,2006,Sports,Electronic Arts,0.25,0.01,0,0.02,0.27
8522,San Goku Shi Taisen DS,DS,2007,Strategy,Sega,0,0,0.16,0,0.16
6933,Galaga: Destination Earth,PS,2000,Shooter,Hasbro Interactive,0.13,0.09,0,0.02,0.24
8943,Galerians,PS,1999,Adventure,Crave Entertainment,0.08,0.06,0,0.01,0.15
6891,Pictionary: Ultimate Edition,PS3,2011,Misc,THQ,0.15,0.06,0,0.03,0.24
15591,SD Gundam Sangokuden Brave Battle Warriors: Shin Mirisha Taisen,DS,2010,Action,Namco Bandai Games,0,0,0.02,0,0.02
6025,Viz,N64,1998,Racing,Acclaim Entertainment,0.23,0.06,0,0,0.29
3212,Just Dance 3,PS3,2011,Misc,Ubisoft,0.33,0.21,0,0.09,0.63
4437,Ben 10 Alien Force: Vilgax Attacks,Wii,2009,Action,D3Publisher,0.25,0.15,0,0.04,0.44
6560,A.C.E.: Another Century's Episode,PS2,2005,Simulation,Banpresto,0,0,0.26,0,0.26
16515,Balloon Pop 2,3DS,2012,Puzzle,UFO Interactive,0.01,0,0,0,0.01
11569,Penny Racers Party: Turbo-Q Speedway,Wii,2008,Racing,Takara Tomy,0.07,0,0,0.01,0.08
994,Kid Icarus,NES,1986,Platform,Nintendo,0.53,0.12,1.09,0.02,1.76
13926,Echo Night Beyond,PS2,2004,Adventure,Indie Games,0.02,0.01,0,0,0.04
12050,Billy's Boot Camp: Wii de Enjoy Diet!,Wii,2011,Sports,Rocket Company,0,0,0.07,0,0.07
8877,Tetris Attack,SNES,1995,Puzzle,Nintendo,0,0,0.15,0,0.15
14515,Konpeki no Kantai,SNES,1995,Strategy,Angel Studios,0,0,0.03,0,0.03
11757,Mega Man Battle Network: Operation Shooting Star,DS,N/A,Role-Playing,Capcom,0,0,0.07,0,0.07
15661,Song of the Deep,PC,2016,Action,Insomniac Games,0.02,0,0,0,0.02
2792,Sword of Mana,GBA,2003,Role-Playing,Nintendo,0.31,0.11,0.3,0.02,0.74
611,Game Party,Wii,2007,Misc,Midway Games,1.5,0.78,0,0.24,2.52
5635,DiRT Rally,PS4,2016,Racing,Codemasters,0.03,0.24,0,0.05,0.32
1595,RollerCoaster Tycoon 2,PC,2002,Strategy,Atari,1.19,0.05,0,0,1.25
7545,Arcana Heart 3,PS3,2011,Fighting,PQube,0.04,0.05,0.1,0.02,0.2
8994,MLB SlugFest 20-03,GC,2002,Sports,Midway Games,0.11,0.03,0,0,0.15
4530,Hunter: The Reckoning  Wayward,PS2,2003,Action,Interplay,0.21,0.16,0,0.06,0.43
5910,Winning Post 2,SNES,1995,Sports,Tecmo Koei,0,0,0.3,0,0.3
3653,Unit 13,PSV,2012,Shooter,Sony Computer Entertainment,0.29,0.15,0.04,0.07,0.55
6241,Puppeteer,PS3,2013,Platform,Sony Computer Entertainment Europe,0.11,0.1,0.02,0.04,0.28
1431,Centipede,2600,1981,Shooter,Atari,1.26,0.08,0,0.01,1.36
1330,Hasbro Family Game Night,Wii,2008,Puzzle,Electronic Arts,0.97,0.34,0,0.13,1.45
14329,Chicken Shoot 2,GBA,2005,Adventure,Zoo Digital Publishing,0.02,0.01,0,0,0.03
8264,NHL 2K9,X360,2008,Sports,Take-Two Interactive,0.15,0.01,0,0.01,0.17
1054,Personal Trainer: Math,DS,2007,Puzzle,Nintendo,0.49,1.12,0,0.09,1.7
8162,Armored Core: Last Raven,PS2,2005,Simulation,505 Games,0.05,0.04,0.08,0.01,0.18
3665,Contender 2,PS,2000,Fighting,3DO,0.31,0.21,0,0.04,0.55
14935,Shinseiki Evangelion: Battle Orchestra,PS2,2007,Fighting,Broccoli,0,0,0.02,0,0.02
11015,Space Chimps,Wii,2008,Platform,Brash Entertainment,0.08,0,0,0.01,0.09
3004,.hack//Mutation Part 2,PS2,2002,Role-Playing,Atari,0.23,0.18,0.2,0.06,0.68
5499,Madden NFL 09,DS,2008,Sports,Electronic Arts,0.3,0,0,0.03,0.33
12506,Top Gear Hyper-Bike,N64,1999,Racing,Kemco,0.05,0.01,0,0,0.06
1694,Mario & Sonic at the London 2012 Olympic Games,3DS,2012,Sports,Sega,0.18,0.64,0.27,0.1,1.19
4647,BloodRayne,PS2,2002,Shooter,Universal Interactive,0.2,0.16,0,0.05,0.42
2590,Star Wars: The Force Unleashed II,Wii,2010,Action,LucasArts,0.54,0.19,0,0.06,0.8
8541,Beowulf: The Game,PS3,2007,Action,Ubisoft,0.14,0.01,0,0.01,0.16
4584,The X Files,PS,1999,Adventure,Sony Computer Entertainment,0.24,0.16,0,0.03,0.42
6852,The Lord of the Rings: Aragorn's Quest,Wii,2010,Action,Warner Bros. Interactive Entertainment,0.17,0.05,0,0.02,0.24
6920,Risen 2: Dark Waters,PS3,2012,Role-Playing,Deep Silver,0.04,0.14,0.01,0.05,0.24
11480,Wetrix,N64,1998,Puzzle,Ocean,0.06,0.02,0,0,0.08
10701,Scribblenauts Unmasked: A DC Comics Adventure,3DS,2013,Puzzle,Warner Bros. Interactive Entertainment,0.09,0,0,0.01,0.1
11191,Karaoke Joysound Wii DX,Wii,2009,Misc,Hudson Soft,0,0,0.09,0,0.09
11550,Fireblade,XB,2002,Action,Midway Games,0.06,0.02,0,0,0.08
9821,Densha De Go! 64,N64,1999,Simulation,Taito,0,0,0.05,0.07,0.12
16039,Utawarerumono: Futari no Hakuoro,PS3,2016,Misc,Aqua Plus,0,0,0.01,0,0.01
11980,Haikyuu!! Tsunage! Itadaki no Keshiki!!,3DS,2014,Adventure,Namco Bandai Games,0,0,0.07,0,0.07
8187,Brunswick Cosmic Bowling,Wii,2010,Sports,GameMill Entertainment,0.17,0,0,0.01,0.18
16360,Mario vs. Donkey Kong: Tipping Stars,WiiU,2015,Puzzle,Nintendo,0,0,0.01,0,0.01
8053,Klonoa: Door to Phantomile,PS,1997,Platform,Sony Computer Entertainment,0,0,0.17,0.01,0.18
12060,Dynasty Warriors 8: Empires,XOne,2014,Action,Tecmo Koei,0.04,0.02,0,0.01,0.07
2738,DJ Hero 2,PS3,2010,Misc,Activision,0.47,0.19,0,0.09,0.75
545,Missile Command,2600,1980,Shooter,Atari,2.56,0.17,0,0.03,2.76
11912,The Legend of Heroes: Trails in the Sky Third Chapter,PSP,2008,Role-Playing,Falcom Corporation,0,0,0.07,0,0.07
15443,Downtown Nekketsu Jidaigek,3DS,2015,Action,Arc System Works,0,0,0.02,0,0.02
11562,New International Track & Field,DS,2008,Sports,Konami Digital Entertainment,0.07,0,0,0.01,0.08
14273,Winning Post World,PS2,2009,Sports,Tecmo Koei,0,0,0.03,0,0.03
2853,Mobile Suit Gundam: Encounters in Space,PS2,2003,Simulation,Namco Bandai Games,0.05,0.04,0.61,0.01,0.72
14802,Sengoku Efuda Yuugi: Hototogisu Tairan,PSP,2010,Strategy,Irem Software Engineering,0,0,0.03,0,0.03
13605,Dance Dance Revolution Disney Mix,PS,2000,Simulation,Konami Digital Entertainment,0.02,0.02,0,0,0.04
6031,Supercross 2000,N64,1999,Racing,Electronic Arts,0.23,0.06,0,0,0.29
14161,Rise of Nations: Rise of Legends,PC,2006,Strategy,Microsoft Game Studios,0,0.03,0,0.01,0.03
7403,Wedding Dash,DS,2009,Action,Zoo Games,0.2,0,0,0.01,0.21
3906,"SpongeBob SquarePants: Lights, Camera, Pants!",GBA,2005,Misc,THQ,0.37,0.14,0,0.01,0.51
1150,Dance Dance Revolution: Hottest Party 2,Wii,2008,Simulation,Konami Digital Entertainment,0.95,0.48,0.01,0.15,1.6
9420,Persona 4: Arena,X360,2012,Fighting,Atlus,0.08,0.02,0.03,0.01,0.13
10824,Neo Atlas,PS,1998,Strategy,ArtDink,0,0,0.09,0.01,0.09
8399,Clock Tower II: The Struggle Within,PS,1998,Adventure,Human Entertainment,0.02,0.01,0.12,0.01,0.17
9229,Science Papa,Wii,2009,Misc,Activision,0.12,0.01,0,0.01,0.14
3294,2 Games in 1: Sonic Battle & ChuChu Rocket!,GBA,2005,Misc,THQ,0.44,0.16,0,0.01,0.61
1052,FIFA Soccer 10,PS2,2009,Sports,Electronic Arts,0.23,0.24,0,1.23,1.7
14494,Senko no Ronde DUO,X360,2010,Fighting,G.Rev,0,0,0.03,0,0.03
12559,JoJo's Bizarre Adventure: All Star Battle,3DS,2012,Fighting,Take-Two Interactive,0.06,0,0,0,0.06
9422,Nagano Winter Olympics '98,PS,1997,Sports,Konami Digital Entertainment,0.07,0.05,0,0.01,0.13
7845,Death Jr.,PSP,2005,Platform,Konami Digital Entertainment,0.17,0,0,0.01,0.19
10902,Dora the Explorer: Dora Saves the Crystal Kingdom,PS2,2009,Misc,Take-Two Interactive,0.05,0.04,0,0.01,0.09
12988,Piglet's Big Game,GC,2003,Platform,Gotham Games,0.04,0.01,0,0,0.05
8838,Earth Defense Force 2025,X360,2013,Shooter,D3Publisher,0.06,0.04,0.05,0.01,0.15
10407,Mobile Suit Gundam Age: Universe Accel / Cosmic Drive,PSP,2012,Action,Namco Bandai Games,0,0,0.11,0,0.11
7554,Langrisser III,SAT,1996,Strategy,NCS,0,0,0.2,0,0.2
390,Final Fantasy III,SNES,1994,Role-Playing,SquareSoft,0.86,0,2.55,0.02,3.42
14598,Drome Racers,GC,2003,Racing,Electronic Arts,0.02,0.01,0,0,0.03
8487,El Shaddai: Ascension of the Metatron,X360,2011,Action,Ignition Entertainment,0.07,0.05,0.03,0.01,0.16
1928,Pro Evolution Soccer 2008,X360,2007,Sports,Konami Digital Entertainment,0.08,0.9,0.04,0.05,1.07
6327,Disgaea 5: Alliance of Vengeance,PS4,2015,Role-Playing,Nippon Ichi Software,0.1,0.08,0.06,0.04,0.27
5975,Assassin's Creed IV: Black Flag,WiiU,2013,Action,Ubisoft,0.18,0.09,0,0.03,0.29
6415,Super Nazo Puyo: Ruruu no Ruu,SNES,1995,Puzzle,Banpresto,0,0,0.27,0,0.27
5221,LEGO Racers,PS,1999,Racing,LEGO Media,0.2,0.14,0,0.02,0.36
1669,LEGO Star Wars III: The Clone Wars,PS3,2011,Action,LucasArts,0.52,0.49,0,0.2,1.2
10044,Tom Clancy's Rainbow Six: Rogue Spear,GBA,2002,Shooter,Ubisoft,0.08,0.03,0,0,0.11
15839,The Dark Hills of Cherai,PC,2009,Puzzle,Unknown,0,0.01,0,0,0.02
6958,Naruto: Path of the Ninja 2,DS,2006,Role-Playing,Takara Tomy,0.22,0,0,0.02,0.23
1881,Namco Museum Battle Collection,PSP,2005,Misc,Sony Computer Entertainment,0.75,0.18,0,0.16,1.09
8906,Mobile Suit Gundam Side Story III: Sabakareshi Mono,SAT,1997,Shooter,Namco Bandai Games,0,0,0.15,0,0.15
4295,Space Invaders,SNES,1994,Shooter,Taito,0,0,0.46,0,0.46
6037,Marvel Super Hero Squad,PS2,2009,Fighting,THQ,0.14,0.11,0,0.04,0.29
13159,Nike+ Kinect Training,X360,2012,Sports,Microsoft Game Studios,0.02,0.02,0,0,0.05
2766,Jampack Summer 2001,PS2,2001,Misc,Sony Computer Entertainment,0.36,0.28,0,0.1,0.74
4139,FIFA World Cup Germany 2006,X360,2006,Sports,Electronic Arts,0.19,0.27,0.01,0,0.48
7894,The Heavy Rain and Beyond: Two Souls Collection,PS4,2016,Action,Sony Computer Entertainment,0,0.16,0,0.03,0.19
2147,LEGO Harry Potter: Years 5-7,PS3,N/A,Action,Warner Bros. Interactive Entertainment,0.36,0.45,0,0.16,0.97
7216,Duel Masters: Kaijudo Showdown,GBA,2004,Misc,Atari,0.16,0.06,0,0,0.22
1522,Test Drive 5,PS,1997,Racing,Accolade,1.05,0.2,0,0.05,1.3
8502,Curious George,GBA,2006,Action,Namco Bandai Games,0.12,0.04,0,0,0.16
4947,Cabela's Dangerous Hunts 2,PS2,2005,Sports,Activision,0.19,0.15,0,0.05,0.39
7516,NASCAR Heat 2002,XB,2001,Racing,Infogrames,0.15,0.04,0,0.01,0.2
10916,Snood 2: On Vacation,DS,2005,Puzzle,Zoo Digital Publishing,0.09,0,0,0.01,0.09
3387,London 2012: The Official Video Game of the Olympic Games,X360,2012,Sports,Sega,0.07,0.46,0,0.07,0.59
12549,Create,PC,2010,Action,Electronic Arts,0.04,0.01,0,0.01,0.06
2970,Frozen: Olaf's Quest,DS,2013,Platform,Disney Interactive Studios,0.28,0.35,0,0.06,0.69
11326,Disney's Donald Duck: Goin' Quackers,PS2,2000,Platform,Ubisoft,0.04,0.03,0,0.01,0.08
11337,Famicom Mini: Adventure Island,GBA,2004,Action,Hudson Soft,0,0,0.08,0,0.08
12891,Rockin' Pretty,DS,2009,Misc,Arc System Works,0.05,0,0,0,0.05
13973,Galaxy Fight,SAT,1994,Fighting,Sunsoft,0,0,0.04,0,0.04
5281,Momotarou Dentetsu 12,PS2,2003,Misc,Hudson Soft,0,0,0.35,0,0.35
10007,Stronghold,PC,2001,Strategy,Gathering of Developers,0,0.09,0,0.02,0.11
15646,Seinaru Kana: Orichalcum no Na no Motoni,PSP,2012,Action,CyberFront,0,0,0.02,0,0.02
7230,Tales of Graces,Wii,2009,Role-Playing,Namco Bandai Games,0,0,0.22,0,0.22
10297,Rocky Balboa,PSP,2007,Sports,Ubisoft,0.01,0.09,0,0.01,0.11
1980,The Simpsons: Road Rage,XB,2001,Racing,Electronic Arts,0.78,0.26,0,0.01,1.05
1365,Resident Evil (Remake),GC,2002,Action,Capcom,0.63,0.38,0.35,0.05,1.42
724,Teenage Mutant Ninja Turtles II: The Arcade Game,NES,1990,Action,Konami Digital Entertainment,1.74,0.25,0.21,0.03,2.23
10807,Disney Planes Fire & Rescue,3DS,2014,Action,Disney Interactive Studios,0.01,0.08,0,0.01,0.1
4047,FIFA Soccer 64,N64,1997,Sports,Electronic Arts,0.16,0.3,0,0.03,0.49
9988,NHL 2K3,XB,2002,Sports,Sega,0.09,0.02,0,0,0.12
374,Assassin's Creed: Brotherhood,X360,2010,Action,Ubisoft,2.84,0.39,0.03,0.24,3.5
4493,Remington Great American Bird Hunt,Wii,2009,Sports,Mastiff,0.41,0,0,0.03,0.44
9031,Sengoku Musou 3 Empires,PS3,2011,Action,Tecmo Koei,0,0,0.14,0,0.14
15508,Point Blank 3,PS,2000,Shooter,Namco Bandai Games,0.01,0.01,0,0,0.02
14371,Ojyousama Express,SAT,1998,Strategy,Media Works,0,0,0.03,0,0.03
1634,LEGO Batman 2: DC Super Heroes,PS3,2012,Action,Warner Bros. Interactive Entertainment,0.5,0.53,0,0.2,1.22
16560,Dramatical Murder Re:code,PSV,2014,Adventure,Nitroplus,0,0,0.01,0,0.01
6184,Shrek: Ogres & Dronkeys,DS,2007,Simulation,Activision,0.26,0,0,0.02,0.28
664,Madden NFL 11,PS3,2010,Sports,Electronic Arts,2.04,0.15,0,0.19,2.38
162,Monster Hunter Freedom Unite,PSP,2008,Role-Playing,Capcom,0.47,0.57,4.13,0.34,5.5
9528,Army Men: Soldiers of Misfortune,Wii,2008,Shooter,Zoo Games,0.12,0,0,0.01,0.13
11271,Virtua Fighter CG Portrait Series Vol.2: Jacky Bryant,SAT,1995,Misc,Sega,0,0,0.08,0,0.08
12256,RPG Maker 3,PS2,2004,Role-Playing,Enterbrain,0.03,0.02,0,0.01,0.06
7387,Dragon Ball Z Hyper Dimension,SNES,1995,Fighting,Namco Bandai Games,0,0,0.21,0,0.21
251,The Elder Scrolls IV: Oblivion,X360,2006,Role-Playing,Take-Two Interactive,2.82,1.05,0.13,0.4,4.39
4827,AKB1/48: Idol to Guam de Koishitara...,PSP,2011,Misc,Namco Bandai Games,0,0,0.4,0,0.4
4061,One Piece: Grand Battle!,PS,2001,Fighting,Atari,0,0,0.46,0.03,0.49
4101,Dark Sector,X360,2008,Shooter,D3Publisher,0.22,0.2,0.01,0.05,0.48
6890,Ratchet & Clank: Going Commando (JP weekly sales),PS2,2003,Action,Sony Computer Entertainment,0,0,0.24,0,0.24
7675,SpongeBob SquarePants: Revenge of the Flying Dutchman,GC,2002,Platform,THQ,0.15,0.04,0,0.01,0.2
3749,Epic Mickey 2: The Power of Two,X360,2012,Action,Disney Interactive Studios,0.32,0.17,0,0.04,0.54
4458,"SpongeBob SquarePants: Lights, Camera, Pants!",GC,2005,Misc,THQ,0.34,0.09,0,0.01,0.44
9232,Cities: Skylines,PC,2015,Simulation,Paradox Interactive,0,0.13,0,0.01,0.14
15130,Ice Age: Dawn of the Dinosaurs,PC,2009,Action,Activision,0.02,0,0,0,0.02
7619,Magical Tetris Challenge,N64,1997,Puzzle,Activision,0.13,0.02,0.05,0,0.2
12995,Hysteria Hospital: Emergency Ward,Wii,2009,Action,Oxygen Interactive,0.05,0,0,0,0.05
16499,Shutsugeki! Otometachi no Senjou 2: Ikusabana no Kizuna,PSP,2011,Strategy,System Soft,0,0,0.01,0,0.01
12644,Racing Gears Advance,GBA,2004,Racing,Zoo Digital Publishing,0.04,0.02,0,0,0.06
16247,Valentino Rossi: The Game,PC,2016,Racing,Namco Bandai Games,0,0.01,0,0,0.01
11173,SpongeBob: HeroPants,X360,2015,Platform,Activision,0.08,0,0,0.01,0.09
10946,Tom Clancy's EndWar,DS,2008,Strategy,Ubisoft,0.08,0.01,0,0.01,0.09
6326,Over the Hedge,GBA,2006,Platform,Activision,0.19,0.07,0,0,0.27
7632,Tomb Raider: Underworld,DS,2008,Action,Eidos Interactive,0.16,0.03,0,0.02,0.2
4526,Atelier Totori: The Adventurer of Arland,PS3,2010,Role-Playing,Nippon Ichi Software,0.12,0.07,0.21,0.03,0.43
8702,The Idolm@ster 2,PS3,2011,Misc,Namco Bandai Games,0,0,0.16,0,0.16
2185,Yu-Gi-Oh! Worldwide Edition: Stairway to the Destined Duel,GBA,2003,Misc,Konami Digital Entertainment,0.68,0.25,0,0.02,0.95
4261,Brothers In Arms: D-Day,PSP,2006,Shooter,Ubisoft,0.23,0.14,0,0.09,0.46
7444,NHL Hitz 20-02,GC,2001,Sports,Midway Games,0.16,0.04,0,0.01,0.21
12326,GunGriffon II,SAT,1998,Simulation,ESP,0,0,0.06,0,0.06
1216,Disney Fairies: Tinker Bell,DS,2008,Adventure,Disney Interactive Studios,0.86,0.52,0.01,0.15,1.54
10471,Mickey's Speedway USA (weekly JP sales),N64,2000,Racing,Nintendo,0,0,0.1,0,0.1
11612,Gadget Racers,PS2,2000,Racing,Midas Interactive Entertainment,0.04,0.03,0,0.01,0.08
13853,FIFA World Cup Germany 2006,DS,2006,Sports,Electronic Arts,0.03,0,0,0,0.04
3429,Final Fantasy Anniversary Edition,PSP,2007,Role-Playing,Square Enix,0.39,0.02,0.13,0.04,0.59
247,Nintendo Land,WiiU,2012,Misc,Nintendo,2.55,1.11,0.46,0.33,4.44
2660,DJ Hero,Wii,2009,Misc,Activision,0.47,0.23,0,0.07,0.77
11533,My Friends,DS,2009,Misc,Oxygen Interactive,0.07,0,0,0.01,0.08
11089,Clockwork Knight,SAT,1994,Platform,Sega,0,0,0.09,0,0.09
12941,Minna no Ennichi,3DS,2012,Action,Namco Bandai Games,0,0,0.05,0,0.05
7694,Looney Tunes: Space Race,PS2,2002,Racing,Infogrames,0.1,0.08,0,0.03,0.2
12070,Keroro RPG: Kishi to Musha to Densetsu no Kaizoku,DS,2010,Role-Playing,Namco Bandai Games,0,0,0.07,0,0.07
15120,Samurai Shodown V,XB,2006,Fighting,Ignition Entertainment,0.02,0,0,0,0.02
9537,Hour of Victory,X360,2007,Shooter,Midway Games,0.1,0.01,0,0.01,0.13
7623,Body Harvest,N64,1998,Shooter,Gremlin Interactive Ltd,0.16,0.04,0,0,0.2
317,Flash Focus: Vision Training in Minutes a Day,DS,2007,Misc,Nintendo,0.87,1.57,1.05,0.35,3.84
15315,Super PickUps,PS2,2007,Racing,XS Games,0.01,0.01,0,0,0.02
10047,Star Trek: Conquest,PS2,N/A,Strategy,Bethesda Softworks,0.06,0.04,0,0.01,0.11
14574,Mahjong Kakutou Club: Zenkoku Taisenban,PS3,2006,Misc,Konami Digital Entertainment,0,0,0.03,0,0.03
14783,Neverwinter Nights Diamond,PC,2004,Role-Playing,Atari,0,0.02,0,0,0.03
4955,Farming Simulator 2013,X360,2013,Simulation,Focus Home Interactive,0.22,0.13,0,0.03,0.39
1995,Tales of Destiny,PS,1997,Role-Playing,Namco Bandai Games,0.09,0.06,0.83,0.07,1.04
3144,Max Payne 2: The Fall of Max Payne,XB,2003,Shooter,Take-Two Interactive,0.47,0.15,0,0.02,0.64
3211,Mobile Suit Z Gundam: AEUG vs. Titans,PS2,2003,Fighting,Namco Bandai Games,0,0,0.63,0,0.63
15331,Aria: The Natural ~Tooi Yume no Mirage~,PS2,2006,Adventure,Alchemist,0,0,0.02,0,0.02
14307,Vitamin X Evolution,DS,2008,Adventure,D3Publisher,0,0,0.03,0,0.03
16113,DoDonPachi Saidaioujou,X360,2013,Shooter,Cave,0,0,0.01,0,0.01
10721,Burnout Paradise: The Ultimate Box,PC,2009,Racing,Electronic Arts,0,0.08,0,0.01,0.1
11373,Death Jr. and the Science Fair of Doom,DS,2007,Platform,Konami Digital Entertainment,0.08,0,0,0.01,0.08
3924,LEGO Dimensions,WiiU,2015,Action,Warner Bros. Interactive Entertainment,0.3,0.16,0,0.05,0.51
14182,Women's Volleyball Championship,PS2,2007,Sports,Spike,0,0,0.03,0,0.03
4392,Brunswick Pro Bowling,X360,2010,Sports,505 Games,0.38,0.04,0,0.03,0.45
3165,NieR,PS3,2010,Role-Playing,Square Enix,0.17,0.2,0.2,0.07,0.64
2821,MX vs. ATV Reflex,X360,2009,Racing,THQ,0.52,0.15,0,0.06,0.73
5055,Moto Racer World Tour,PS,2000,Racing,Sony Computer Entertainment,0.21,0.14,0,0.02,0.38
14498,Tokimeki Memorial Girl's Side 1st Love Plus,DS,2009,Adventure,Konami Digital Entertainment,0,0,0.03,0,0.03
7139,Gekijouban Macross F: Sayonara no Tsubasa - Hybrid Pack,PS3,2011,Action,Namco Bandai Games,0,0,0.22,0,0.22
10757,Virtual Pro Wrestling,PS,1996,Fighting,Asmik Ace Entertainment,0,0,0.09,0.01,0.1
3313,Jak and Daxter: The Lost Frontier,PSP,2009,Platform,Sony Computer Entertainment,0.18,0.27,0,0.15,0.61
680,Resident Evil - Code: Veronica X,PS2,2001,Action,Capcom,1.08,0.7,0.34,0.21,2.34
11531,A-Train,PS,1995,Simulation,Sony Computer Entertainment,0.02,0.01,0.04,0.01,0.08
4768,"Ed, Edd n Eddy: The Mis-Edventures",PS2,2005,Platform,Midway Games,0.34,0.01,0,0.06,0.41
5615,Murdered: Soul Suspect,PS4,2014,Action,Square Enix,0.09,0.16,0.02,0.05,0.32
4218,Kong: The 8th Wonder of the World,GBA,2005,Action,Ubisoft,0.33,0.12,0,0.01,0.47
12694,Utawarerumono: Itsuwari no Kamen,PS4,2015,Adventure,Aqua Plus,0,0,0.06,0,0.06
1103,Max Payne 3,X360,2012,Shooter,Take-Two Interactive,0.86,0.64,0.01,0.14,1.66
2682,Maximo: Ghosts to Glory,PS2,2001,Platform,Capcom,0.38,0.29,0,0.1,0.77
10852,Speed Kings,PS2,2003,Racing,Acclaim Entertainment,0.05,0.04,0,0.01,0.09
4195,Dead or Alive 4,X360,2005,Fighting,Tecmo Koei,0.3,0.03,0.1,0.03,0.47
15252,Order of War,PC,2009,Strategy,Square Enix,0,0.01,0,0,0.02
13456,Jewel Master: Cradle Of Rome 2,PC,2011,Puzzle,Rising Star Games,0,0.04,0,0.01,0.04
15499,Rose to Tasogare no Kojou,PSV,2016,Action,Nippon Ichi Software,0,0,0.02,0,0.02
14176,Who Wants to be a Millionaire: 1st Edition,Wii,2007,Misc,Ubisoft,0,0.03,0,0,0.03
2063,NES Open Tournament Golf,NES,1991,Sports,Nintendo,0.41,0.1,0.47,0.02,1
7276,Shin Megami Tensei: Persona,PSP,2009,Role-Playing,Atlus,0.08,0,0.13,0.01,0.22
7043,I Love Horses,DS,2008,Simulation,GSP,0.21,0,0,0.01,0.23
4076,SimCity 2000,SNES,1995,Simulation,THQ,0,0,0.49,0,0.49
10320,Picross 3D 2,3DS,2015,Puzzle,Nintendo,0,0,0.11,0,0.11
3597,Monster High: Ghoul Spirit,Wii,2011,Misc,THQ,0.44,0.08,0,0.04,0.56
16407,Vitamin X,PS2,2007,Adventure,D3Publisher,0,0,0.01,0,0.01
1235,F1 Race,NES,1984,Racing,Nintendo,0,0,1.52,0,1.52
13757,Point Blank 2,PS,1998,Shooter,Namco Bandai Games,0.02,0.02,0,0,0.04
14113,Travel Coach: Europe 1,DS,2008,Misc,HMH Interactive,0,0.03,0,0,0.03
9380,Space Camp,Wii,2009,Action,Activision,0.12,0,0,0.01,0.13
14061,Kuroshitsuji: Phantom & Ghost,DS,2009,Action,Square Enix,0,0,0.04,0,0.04
7859,"Boku no Natsuyasumi 4: Seitouchi Shounen Tanteidan, Boku to Himitsu no Chizu",PSP,2009,Adventure,Sony Computer Entertainment,0,0,0.19,0,0.19
5336,Rally Cross 2,PS,1998,Racing,989 Studios,0.19,0.13,0,0.02,0.35
9876,Tecmo Bowl: Kickoff,DS,2008,Sports,Tecmo Koei,0.11,0,0,0.01,0.12
5190,BlazBlue: Calamity Trigger,X360,2009,Fighting,PQube,0.21,0.08,0.04,0.03,0.36
1277,New Play Control! Mario Power Tennis,Wii,2009,Sports,Nintendo,0.37,0.69,0.28,0.14,1.48
4335,Watch Dogs,PC,2014,Action,Ubisoft,0.14,0.26,0,0.05,0.45
13199,Sesame Street: Cookie's Counting Carnival,PC,2010,Misc,Warner Bros. Interactive Entertainment,0.05,0,0,0,0.05
12332,Spy Fox in Dry Cereal,Wii,2008,Adventure,Majesco Entertainment,0.06,0,0,0,0.06
13490,"Roswell Conspiracies: Aliens, Myths & Legends",PS,2001,Action,Red Storm Entertainment,0.02,0.02,0,0,0.04
3595,Xenoblade Chronicles,3DS,2015,Role-Playing,Nintendo,0.26,0.14,0.12,0.04,0.56
16147,Pet Shop Monogatari DS 2,DS,2010,Simulation,Taito,0,0,0.01,0,0.01
6943,Jewels of the Tropical Lost Island,DS,2010,Puzzle,Storm City Games,0.11,0.1,0,0.02,0.24
2193,Tony Hawk: RIDE,Wii,2009,Sports,Activision,0.7,0.17,0,0.08,0.95
6290,Dragon Ball GT: Final Bout,PS,1997,Fighting,Namco Bandai Games,0.02,0.02,0.22,0.02,0.27
3394,Jampack Fall 2001,PS,2001,Misc,Sony Computer Entertainment,0.33,0.22,0,0.04,0.59
6533,Yakuza: Ishin,PS3,2014,Action,Sega,0,0,0.26,0,0.26
16356,G1 Jockey 4 2008,PS3,2008,Sports,Tecmo Koei,0,0.01,0,0,0.01
14359,Nishijin Pachinko Monogatari 2,SNES,1996,Misc,KSS,0,0,0.03,0,0.03
10293,Backyard NFL Football '10,X360,2009,Sports,Atari,0.1,0,0,0.01,0.11
12141,Challenge Me: Brain Puzzles 2,Wii,2010,Puzzle,O-Games,0,0.06,0,0.01,0.07
4271,Jampack Winter 2003 (RP-M),PS2,2003,Misc,Sony Computer Entertainment,0.22,0.18,0,0.06,0.46
9834,College Hoops 2K6,X360,2006,Sports,Take-Two Interactive,0.11,0,0,0.01,0.12
10236,Higurashi no Naku Koro ni Matsuri,PS2,2007,Adventure,Alchemist,0,0,0.11,0,0.11
6707,L.A. Noire: The Complete Edition,PC,2011,Adventure,Take-Two Interactive,0.08,0.13,0,0.04,0.25
11644,Momotarou Dentetsu 11,GC,2002,Misc,Hudson Soft,0,0,0.07,0,0.08
9442,Family Fortunes,Wii,2009,Misc,Mindscape,0,0.12,0,0.01,0.13
6077,Final Fantasy X-2: International + Last Mission,PS2,2004,Role-Playing,Square Enix,0,0,0.29,0,0.29
5023,Phoenix Wright: Ace Attorney - Dual Destinies,3DS,2013,Adventure,Capcom,0,0,0.38,0,0.38
1404,Bravely Default: Flying Fairy,3DS,2012,Role-Playing,Nintendo,0.5,0.32,0.49,0.07,1.38
16569,End of Nations,PC,2012,Strategy,Trion Worlds,0.01,0,0,0,0.01
9184,Valhalla Knights: Eldar Saga,Wii,2009,Role-Playing,Rising Star Games,0.1,0.01,0.01,0.01,0.14
276,FIFA 12,X360,2011,Sports,Electronic Arts,0.84,2.79,0.02,0.53,4.19
10354,Hyper Formation Soccer,PS,1995,Sports,Human Entertainment,0,0,0.1,0.01,0.11
1915,Disney's Lilo & Stitch,GBA,2002,Platform,Ubisoft,0.77,0.29,0,0.02,1.08
15228,Diabolik Lovers: More Blood,PSV,2015,Adventure,Idea Factory,0,0,0.02,0,0.02
13005,MorphX,X360,2010,Shooter,505 Games,0.05,0,0,0,0.05
8954,Thor: God of Thunder,X360,2011,Action,Sega,0.09,0.04,0,0.01,0.15
9256,Let's Cheer,X360,2011,Misc,Take-Two Interactive,0.12,0,0,0.01,0.14
8082,Test Drive Off-Road Wide Open,XB,2001,Racing,Infogrames,0.15,0.03,0,0.01,0.18
9775,Lovely Lisa,DS,2007,Simulation,DHM Interactive,0.11,0,0,0.01,0.12
7027,LEGO The Hobbit,WiiU,2014,Action,Warner Bros. Interactive Entertainment,0.1,0.11,0,0.02,0.23
4857,Mystery Dungeon: Shiren the Wanderer,SNES,1995,Role-Playing,ChunSoft,0,0,0.4,0,0.4
16158,Isshoni Gohan. Portable,PSP,2013,Adventure,Boost On,0,0,0.01,0,0.01
3297,New Carnival Games,Wii,2010,Misc,Take-Two Interactive,0.35,0.21,0,0.05,0.61
3031,Ratatouille,PSP,2007,Action,THQ,0.22,0.28,0,0.16,0.67
2957,Mappy,NES,1984,Platform,Namco Bandai Games,0,0,0.69,0,0.69
6492,Hey Arnold! The Movie,GBA,2002,Platform,THQ,0.19,0.07,0,0,0.26
6818,G-Police,PS,1997,Action,Psygnosis,0.13,0.09,0,0.02,0.24
4426,Transformers: Fall of Cybertron,X360,2012,Action,Activision,0.28,0.13,0,0.04,0.44
1434,Dead to Rights,PS2,2002,Shooter,Electronic Arts,0.67,0.52,0,0.17,1.36
3146,GoldenEye: Rogue Agent,PS2,2004,Shooter,Electronic Arts,0.54,0.02,0,0.09,0.64
13285,Shugo Chara! 3-tsu no Tamagoto Koisuru Joker,DS,2008,Action,Konami Digital Entertainment,0,0,0.05,0,0.05
7228,Rampage 2: Universal Tour,N64,1999,Action,GT Interactive,0.18,0.04,0,0,0.22
11516,Famicom Mini: Star Soldier,GBA,2004,Shooter,Nintendo,0,0,0.08,0,0.08
14419,Puzzle & Action: Tant-R,GEN,1994,Misc,Sega,0,0,0.03,0,0.03
9861,Wallace & Gromit: Curse of the Were-Rabbit,PS2,2005,Adventure,Konami Digital Entertainment,0.06,0.05,0,0.02,0.12
13725,Shattered Union,XB,2005,Strategy,Take-Two Interactive,0.03,0.01,0,0,0.04
15884,Kiss Bell,PSV,2014,Adventure,Giga,0,0,0.02,0,0.02
9906,Dragon Quest Builders: Revive Alefgard,PS3,2016,Role-Playing,Square Enix,0,0,0.12,0,0.12
3137,Crash Bandicoot Purple: Ripto's Rampage,GBA,2004,Platform,Vivendi Games,0.46,0.17,0,0.01,0.64
1721,Your Shape: Fitness Evolved 2012,X360,2011,Sports,Ubisoft,0.7,0.37,0,0.1,1.17
5214,Shaun Palmer's Pro Snowboarder,GBA,2001,Sports,Activision,0.26,0.1,0,0.01,0.36
11177,Bella Sara,DS,2008,Misc,Codemasters,0.04,0.03,0,0.01,0.09
6507,The Elder Scrolls IV: Oblivion,PC,2006,Role-Playing,Take-Two Interactive,0.01,0.2,0,0.05,0.26
10398,Dreamer Series: Top Model,DS,2009,Simulation,DreamCatcher Interactive,0.1,0,0,0.01,0.11
5000,The Cat in the Hat,GBA,2005,Platform,Jack of All Games,0.27,0.1,0,0.01,0.38
9568,Portal Runner,PS2,2001,Platform,3DO,0.06,0.05,0,0.02,0.13
5825,Nicktoons: Battle for Volcano Island,DS,2006,Action,THQ,0.28,0,0,0.02,0.3
704,Star Wars: The Force Unleashed,PS3,2008,Action,LucasArts,1.01,0.9,0,0.37,2.28
7599,MDK,PS,1997,Shooter,Interplay,0.11,0.08,0,0.01,0.2
7864,Puyo Puyo Sun 64,N64,1997,Puzzle,Compile,0,0,0.16,0.03,0.19
575,Star Wars: Shadows of the Empire,N64,1996,Action,Nintendo,2,0.5,0.12,0.03,2.65
11407,One Piece: Romance Dawn - Bouken no Yoake,3DS,2013,Fighting,Namco Bandai Games,0,0,0.08,0,0.08
14838,Kawasaki Snowmobiles,Wii,2008,Racing,Metro 3D,0.02,0,0,0,0.03
3696,Gekikuukan Pro Yakyuu: At the End of the Century 1999,PS2,2000,Sports,SquareSoft,0,0,0.54,0,0.54
5309,Harry Potter and the Deathly Hallows - Part 2,Wii,2011,Action,Electronic Arts,0.18,0.14,0,0.03,0.35
7161,Time Crisis: Crisis Zone,PS2,2004,Shooter,Namco Bandai Games,0.11,0.09,0,0.03,0.22
3443,The Conduit,Wii,2009,Shooter,Sega,0.29,0.23,0,0.06,0.58
11974,Microsoft Flight Simulator 2004: A Century of Flight,PC,2003,Simulation,Microsoft Game Studios,0,0.06,0,0.01,0.07
16366,Fallout Anthology,PC,2015,Action,Bethesda Softworks,0,0.01,0,0,0.01
5777,Madagascar,DS,2005,Platform,Activision,0.25,0.04,0,0.03,0.31
12136,Hammerin' Hero,PSP,2008,Action,Irem Software Engineering,0.06,0,0,0.01,0.07
5171,Tom Clancy's HAWX 2,X360,2010,Action,Ubisoft,0.24,0.09,0.01,0.03,0.36
6045,Sonic Boom: Shattered Crystal,3DS,2014,Action,Sega,0.17,0.09,0,0.03,0.29
6913,Dynasty Warriors 6 Empires,X360,2009,Action,Tecmo Koei,0.16,0.02,0.04,0.02,0.24
5187,Monster Rancher 3,PS2,2001,Simulation,Tecmo Koei,0.11,0.09,0.14,0.03,0.36
7710,Tom and Jerry in House Trap,PS,2000,Action,Ubisoft,0.11,0.07,0,0.01,0.2
47,Super Mario 64,N64,1996,Platform,Nintendo,6.91,2.85,1.91,0.23,11.89
12149,Ragnarok: Hikari to Yami no Koujo,PSP,2011,Role-Playing,GungHo,0.02,0,0.05,0,0.07
8723,Digimon Battle Spirit 2,GBA,2003,Fighting,Namco Bandai Games,0.11,0.04,0,0,0.15
4397,Dragon Quest Heroes: Rocket Slime,DS,2005,Action,Square Enix,0.13,0,0.31,0.01,0.45
2380,DiRT,X360,2007,Racing,Codemasters,0.38,0.4,0,0.09,0.87
4590,Famicom Mini: Super Mario Bros. 2,GBA,2004,Platform,Nintendo,0,0,0.41,0.01,0.42
14908,Gakuen Alice: WakuWaku * Happy Friends,DS,2007,Adventure,Kids Station,0,0,0.03,0,0.03
14425,Kekkaishi: Kokubourou Shuurai,DS,2008,Action,Namco Bandai Games,0,0,0.03,0,0.03
3782,Virtual Soccer,SNES,1993,Sports,Hudson Soft,0,0,0.53,0,0.53
13309,World Championship Pool 2004,PS2,2004,Sports,Jaleco,0.02,0.02,0,0.01,0.05
13755,Samurai Warriors 2: Empires,X360,2007,Action,Tecmo Koei,0.03,0,0.01,0,0.04
9907,Rodea the Sky Soldier,WiiU,2015,Action,Nippon Ichi Software,0.08,0.02,0.01,0.01,0.12
954,Sonic & Knuckles,GEN,1994,Platform,Sega,1.24,0.43,0.03,0.12,1.82
8342,Spawn: Armageddon,XB,2003,Action,Electronic Arts,0.13,0.04,0,0.01,0.17
895,Tomb Raider (2013),X360,2013,Action,Square Enix,0.86,0.87,0.01,0.17,1.92
13938,The Idolm@ster: Must Songs - Red Board / Blue Board,PSV,2015,Misc,Namco Bandai Games,0,0,0.04,0,0.04
63,Halo: Reach,X360,2010,Shooter,Microsoft Game Studios,7.03,1.98,0.08,0.78,9.88
3473,Tales of Phantasia,PS,1998,Role-Playing,Namco Bandai Games,0,0,0.54,0.04,0.58
3231,NHL 2001,PS,2000,Sports,Electronic Arts,0.35,0.24,0,0.04,0.63
1356,Cabela's Big Game Hunter,PS2,2002,Sports,Activision,0.7,0.54,0,0.18,1.42
16593,Eiyuu Densetsu: Sora no Kiseki Material Collection Portable,PSP,2007,Role-Playing,Falcom Corporation,0,0,0.01,0,0.01
4675,TimeShift,X360,2007,Shooter,Vivendi Games,0.36,0.02,0,0.03,0.41
1590,Gegege no Kitarou 2: Youkai Gundan no Chousen,NES,1987,Role-Playing,Namco Bandai Games,0,0,1.25,0,1.25
12469,Kirarin * Revolution: Minna de Odorou Furi Furi Debut!,DS,2008,Simulation,Konami Digital Entertainment,0,0,0.06,0,0.06
5451,Beyond Good & Evil,PS2,2003,Adventure,Ubisoft,0.16,0.13,0,0.04,0.33
15232,Fallout Trilogy,PC,2004,Role-Playing,Ubisoft,0,0.02,0,0,0.02
15226,Kannou Mukashi Banashi Portable,PSP,2012,Adventure,Idea Factory,0,0,0.02,0,0.02
13802,Rollin' Rascals,DS,2009,Puzzle,Rising Star Games,0.04,0,0,0,0.04
3512,Hasbro Family Game Night,PS2,2008,Puzzle,Electronic Arts,0.28,0.22,0,0.07,0.57
8864,Doraemon 3: Nobi Dai no Machi SOS!,N64,2000,Platform,Epoch,0,0,0.09,0.06,0.15
15736,DJ Star,DS,2009,Misc,Deep Silver,0.01,0,0,0,0.02
1276,The Sims 3,Wii,2010,Simulation,Electronic Arts,0.61,0.73,0,0.15,1.49
1096,Spy Hunter,PS2,2001,Racing,Midway Games,1.13,0.32,0,0.22,1.67
13185,Furu Furu Park,Wii,2007,Misc,Taito,0.05,0,0,0,0.05
4616,Arc the Lad III,PS,1999,Role-Playing,Sony Computer Entertainment,0,0,0.39,0.03,0.42
5750,2 Games in 1: Disney's Brother Bear / The Lion King 1 1/2,GBA,2005,Action,THQ,0.22,0.08,0,0.01,0.31
7613,Star Wars: Battlefront,PC,2004,Shooter,LucasArts,0.06,0.12,0,0.02,0.2
15596,Gallop Racer Inbreed,PS2,2006,Sports,Tecmo Koei,0,0,0.02,0,0.02
11145,Viewtiful Joe: Red Hot Rumble,PSP,2006,Action,Capcom,0.08,0,0,0.01,0.09
5676,Madden NFL 2002,GBA,2001,Sports,Electronic Arts,0.23,0.08,0,0.01,0.32
11592,Minecraft: Story Mode,PC,2015,Adventure,Mojang,0.02,0.05,0,0.01,0.08
4171,WWE SmackDown vs. Raw 2011,Wii,2010,Fighting,THQ,0.3,0.13,0,0.04,0.47
4122,Vigilante 8: 2nd Offense,PS,1999,Racing,Activision,0.27,0.18,0,0.03,0.48
663,NBA 2K15,PS4,2014,Sports,Take-Two Interactive,1.46,0.54,0.01,0.37,2.38
9995,Dead Island Definitive Collection,PS4,2016,Action,Deep Silver,0.02,0.07,0.01,0.02,0.12
16031,Wand of Fortune R,PSV,2016,Adventure,Idea Factory,0,0,0.01,0,0.01
14870,Diabolik Lovers: Lunatic Parade,PSV,2016,Adventure,Idea Factory,0,0,0.03,0,0.03
11478,Knife Edge: NoseGunner,N64,1998,Shooter,Mitsui,0.06,0.02,0,0,0.08
14954,World Series of Poker 2008: Battle for the Bracelets,PSP,2007,Misc,Activision,0.02,0,0,0,0.02
111,Mario Kart: Double Dash!!,GC,2003,Racing,Nintendo,4.12,1.77,0.87,0.19,6.95
48,Gran Turismo 4,PS2,2004,Racing,Sony Computer Entertainment,3.01,0.01,1.1,7.53,11.66
3358,Jaws Unleashed,PS2,2006,Action,THQ,0.5,0.02,0,0.08,0.6
1080,The Sims: Superstar,PC,2003,Simulation,Electronic Arts,1.67,0,0,0,1.68
12063,Crazy Taxi 2,DC,2001,Racing,Sega,0,0,0.07,0,0.07
15031,Backyard NFL Football,DS,2007,Sports,Atari,0.02,0,0,0,0.02
10071,Stubbs the Zombie in Rebel Without a Pulse,XB,2005,Action,THQ,0.08,0.02,0,0,0.11
15547,Jinsei Game DS,DS,2006,Misc,Atlus,0,0,0.02,0,0.02
11220,Princess Isabella: A Witch's Curse,DS,2010,Adventure,GSP,0.05,0.03,0,0.01,0.09
12773,A-Train 6,PS2,2000,Strategy,Midas Interactive Entertainment,0,0,0.06,0,0.06
1712,Mario Tennis,GB,2000,Sports,Nintendo,0.5,0.18,0.44,0.06,1.18
7702,Shaman King: Spirit of Shamans,PS,2002,Action,Namco Bandai Games,0,0,0.18,0.01,0.2
228,The Lord of the Rings: The Two Towers,PS2,2002,Action,Electronic Arts,1.94,1.95,0.08,0.7,4.67
10075,MySims SkyHeroes,PS3,2010,Action,Electronic Arts,0.08,0.02,0,0.01,0.11
1339,Far Cry 4,PS3,2014,Shooter,Ubisoft,0.33,0.79,0.08,0.23,1.44
4292,Burnout Dominator,PSP,2007,Racing,Electronic Arts,0.02,0.38,0.01,0.06,0.46
8628,Burger Island,DS,2008,Action,Destineer,0.15,0,0,0.01,0.16
14552,Phantasy Star Online 2: Episode 3 Deluxe Package,PSV,2015,Action,Sega,0,0,0.03,0,0.03
14551,MapleStory DS,DS,2010,Role-Playing,Nexon,0,0,0.03,0,0.03
14536,Atomic Betty,GBA,2005,Puzzle,Atari,0.02,0.01,0,0,0.03
983,Wii Party U,WiiU,2013,Misc,Nintendo,0.31,0.54,0.84,0.08,1.77
8861,NHL 09,PS2,2008,Sports,Electronic Arts,0.07,0.06,0,0.02,0.15
1183,NCAA Football 2002,PS2,2001,Sports,Electronic Arts,0.77,0.6,0,0.2,1.57
7754,Arc Rise Fantasia,Wii,2009,Role-Playing,Marvelous Interactive,0.13,0,0.06,0.01,0.19
13529,Rogue Trooper,PS2,2006,Shooter,Eidos Interactive,0.02,0.02,0,0.01,0.04
13115,Hercules: The Legendary Journeys,N64,2000,Role-Playing,Titus,0.04,0.01,0,0,0.05
5840,Shrek the Third,DS,N/A,Action,Activision,0.26,0.02,0,0.02,0.3
1036,The Elder Scrolls Online,PS4,2015,Role-Playing,Bethesda Softworks,0.66,0.78,0,0.28,1.72
9815,Fat Princess: Fistful of Cake,PSP,2010,Action,Sony Computer Entertainment,0.08,0.02,0,0.02,0.12
11116,Crayon Shin-Chan Shokkugan! Densetsu o Yobu Omake Daiketsusen!!,DS,2010,Action,Namco Bandai Games,0,0,0.09,0,0.09
6639,Scrabble,DS,2009,Misc,Ubisoft,0.21,0.02,0,0.03,0.25
4593,Yu-Gi-Oh! GX: Tag Force 2,PSP,2007,Strategy,Konami Digital Entertainment,0.03,0.2,0.1,0.11,0.42
11647,Guilty Gear XX Slash,PS2,2006,Fighting,Sammy Corporation,0,0,0.08,0,0.08
12563,PachiPara 13: Super Umi no Pachi-Pro Fuuunroku,PS2,2006,Misc,Irem Software Engineering,0,0,0.06,0,0.06
5658,"Ed, Edd n Eddy: Jawbreakers!",GBA,2002,Adventure,BAM! Entertainment,0.23,0.08,0,0.01,0.32
14692,The Island of Dr. Frankenstein,Wii,2009,Adventure,Storm City Games,0.03,0,0,0,0.03
1331,Dragon Quest Monsters: Joker 2,DS,2010,Role-Playing,Square Enix,0.11,0.08,1.24,0.02,1.45
3485,WWE 2K16,PS3,2015,Sports,Take-Two Interactive,0.21,0.27,0,0.09,0.58
12898,Shaman King: Soul Fight,GC,2003,Platform,Namco Bandai Games,0,0,0.05,0,0.05
8439,Mousetrap / Operation / Simon,GBA,2005,Misc,DSI Games,0.12,0.04,0,0,0.17
15334,The Awakened Fate Ultimatum,PS3,2014,Role-Playing,Nippon Ichi Software,0,0,0.02,0,0.02
6006,Need for Speed: The Run,Wii,2011,Action,Electronic Arts,0.13,0.13,0.01,0.03,0.29
6294,R.U.S.E.,X360,2010,Strategy,Ubisoft,0.12,0.12,0,0.03,0.27
5150,Xenosaga Episode III: Also sprach Zarathustra,PS2,2006,Role-Playing,Namco Bandai Games,0.09,0.07,0.18,0.02,0.37
15632,Mai-Otome Hime: Otome Butou Shi,PS2,2006,Fighting,Sunrise Interactive,0,0,0.02,0,0.02
12989,Dead or Alive Xtreme 3: Fortune,PS4,2016,Sports,Tecmo Koei,0,0,0.05,0,0.05
1825,Rocksmith,X360,2011,Misc,Ubisoft,0.84,0.2,0.01,0.08,1.12
10167,Project CARS,PC,2015,Racing,Slightly Mad Studios,0,0.1,0,0.01,0.11
1977,UFC Undisputed 3,PS3,2012,Action,THQ,0.55,0.34,0.03,0.13,1.05
4795,Wall-E,PS3,2008,Platform,THQ,0.12,0.21,0,0.08,0.4
5697,Heart of Darkness,PS,1998,Platform,Ocean,0.18,0.12,0,0.02,0.32
2454,Thief (2014),PS4,2014,Action,Square Enix,0.28,0.37,0.03,0.16,0.84
4201,Tiger Woods PGA Tour 07,Wii,N/A,Sports,Electronic Arts,0.43,0,0,0.04,0.47
13576,The Kore Gang,Wii,2010,Platform,Flashpoint Games,0.04,0,0,0,0.04
7725,Beyblade: Metal Fusion - Battle Fortress,Wii,2009,Action,Konami Digital Entertainment,0.15,0,0.03,0.01,0.2
5865,Squinkies,DS,2011,Misc,Activision,0.27,0.02,0,0.02,0.3
13524,Hanayori Danshi: Koi Seyo Onago,DS,2008,Adventure,Konami Digital Entertainment,0,0,0.04,0,0.04
517,Madden NFL 10,X360,2009,Sports,Electronic Arts,2.52,0.09,0,0.22,2.83
8401,Surf's Up,Wii,2007,Sports,Ubisoft,0.15,0,0,0.01,0.17
5801,Ganbare Goemon 2: Kiteretsu Shougun Magginesu,SNES,1993,Platform,Konami Digital Entertainment,0,0,0.31,0,0.31
16589,Secret Files 2: Puritas Cordis,DS,2009,Adventure,Deep Silver,0,0.01,0,0,0.01
14539,Street Jam Basketball,GBA,2004,Sports,Zoo Digital Publishing,0.02,0.01,0,0,0.03
4474,Robert Ludlum's The Bourne Conspiracy,X360,N/A,Action,Vivendi Games,0.26,0.14,0,0.04,0.44
10003,Hollywood Squares,Wii,2010,Misc,Ubisoft,0.11,0,0,0.01,0.11
7289,Sports Car GT,PS,1999,Racing,Electronic Arts,0.12,0.08,0,0.01,0.22
14824,Catan,DS,2009,Strategy,CDV Software Entertainment,0,0.02,0,0,0.03
3551,RalliSport Challenge,XB,2002,Racing,Microsoft Game Studios,0.39,0.16,0,0.02,0.57
7660,How to Train Your Dragon 2,X360,2014,Adventure,Little Orbit,0.05,0.13,0,0.02,0.2
6427,Operation Armored Liberty,GBA,2003,Action,Majesco Entertainment,0.19,0.07,0,0,0.27
2452,Karaoke Revolution Glee,Wii,2010,Misc,Konami Digital Entertainment,0.52,0.25,0,0.07,0.85
8824,The Sims Medieval: Pirates and Nobles,PC,2011,Simulation,Electronic Arts,0.05,0.08,0,0.02,0.15
11109,Thomas & Friends: Hero of the Rails,DS,2010,Misc,Unknown,0,0.07,0,0.01,0.09
13968,Monster Hunter Frontier Online: Season 9.0,X360,2010,Role-Playing,Capcom,0,0,0.04,0,0.04
2482,WWE SmackDown vs. Raw 2009,Wii,2008,Fighting,THQ,0.44,0.31,0,0.08,0.83
9378,Azure Dreams,PS,1997,Role-Playing,Konami Digital Entertainment,0.07,0.05,0,0.01,0.13
16420,th!nk Logic Trainer,Wii,2009,Puzzle,Conspiracy Entertainment,0.01,0,0,0,0.01
7711,Power Rangers: Time Force,GBA,2001,Action,THQ,0.14,0.05,0,0,0.2
11468,The Sims 3: Fast Lane Stuff,PC,2010,Simulation,Electronic Arts,0.01,0.05,0,0.02,0.08
233,The Legend of Zelda: The Wind Waker,GC,2002,Action,Nintendo,2.6,0.99,0.89,0.13,4.6
8303,The King of Fighters '95,PS,1996,Fighting,Sony Computer Entertainment,0,0,0.16,0.01,0.17
5283,Tekken Tag Tournament 2,X360,2012,Fighting,Namco Bandai Games,0.19,0.12,0.01,0.03,0.35
299,Golf,NES,1984,Sports,Nintendo,1.22,0.28,2.46,0.04,4.01
15631,Rising Zan: The Samurai Gunman,PS,1998,Action,Agetec,0.01,0.01,0,0,0.02
188,Donkey Kong Country 2: Diddy's Kong Quest,SNES,1995,Platform,Nintendo,2.1,0.74,2.2,0.11,5.15
3495,NHL 06,PS2,2005,Sports,Electronic Arts,0.48,0.02,0,0.08,0.58
2680,Twisted Metal: Head On,PSP,2005,Action,Sony Computer Entertainment,0.71,0,0,0.06,0.77
2725,Rockstar Games presents Table Tennis,X360,2006,Sports,Take-Two Interactive,0.28,0.39,0,0.09,0.76
5140,Slime MoriMori Dragon Quest: Shougeki No Shippo Dan,GBA,2003,Adventure,Square Enix,0,0,0.36,0.01,0.37
14300,Accel World: Ginyoku no Kakusei,PS3,2012,Adventure,Namco Bandai Games,0,0,0.03,0,0.03
8616,Ghost in the Shell: Stand Alone Complex,PS2,2004,Adventure,Namco Bandai Games,0.08,0.06,0,0.02,0.16
10368,Rock Revolution,DS,2008,Misc,Konami Digital Entertainment,0.1,0,0,0.01,0.11
13634,The Cube,Wii,2012,Action,Funbox Media,0,0.04,0,0,0.04
4436,G-Force,Wii,2009,Action,Disney Interactive Studios,0.19,0.2,0,0.05,0.44
12293,Cabela's Trophy Bucks,Wii,2008,Sports,Activision Value,0.06,0,0,0,0.06
14522,Petz: Dolphinz Encounter,DS,2009,Simulation,Ubisoft,0.01,0.01,0,0,0.03
5765,Taiko Drum Master: Don and Katsu's Space-Time Great Adventure,3DS,2014,Action,Namco Bandai Games,0,0,0.31,0,0.31
5344,F1 Race Stars,PS3,2012,Racing,Codemasters,0.06,0.21,0,0.08,0.35
14083,Puyo Pop Fever(us sales),DS,2004,Puzzle,Ignition Entertainment,0.03,0,0,0,0.04
6779,Mega Man X Collection,PS2,N/A,Misc,Unknown,0.12,0.09,0,0.03,0.24
15229,Triple Crown Championship Snowboarding,Wii,2010,Sports,Destineer,0.02,0,0,0,0.02
835,Peter Jackson's King Kong: The Official Game of the Movie,PS2,2005,Action,Ubisoft,0.71,1.02,0,0.31,2.04
13206,Shinseiki Evangelion- Eva: Yukai na Nakama Tachi,PS,1998,Misc,Gainax Network Systems,0,0,0.05,0,0.05
8156,Ball Breakers,PS,2000,Action,Take-Two Interactive,0.1,0.07,0,0.01,0.18
12387,A llI S.V.: A Ressha de Gyoukou 3 Super Version,SNES,1995,Simulation,Pack-In-Video,0,0,0.06,0,0.06
12182,The Final Round,PS,1996,Sports,Konami Digital Entertainment,0.04,0.03,0,0,0.07
1348,Disney Infinity,X360,2013,Action,Disney Interactive Studios,0.96,0.37,0,0.11,1.43
4380,Maze Craze: A Game of Cops 'n Robbers,2600,N/A,Action,Atari,0.42,0.02,0,0,0.45
11400,Major League Baseball 2K11,PC,2011,Sports,Take-Two Interactive,0.06,0.01,0,0.01,0.08
15089,Rugby League Live 3,PS4,2015,Action,Tru Blu Entertainment,0,0.02,0,0,0.02
2470,Rocket Power: Team Rocket Rescue,PS,2001,Sports,THQ,0.47,0.32,0,0.05,0.84
16141,WTA Tour Tennis,XB,2002,Sports,Konami Digital Entertainment,0.01,0,0,0,0.01
4120,FIFA Soccer 13,WiiU,2012,Action,Electronic Arts,0.18,0.26,0,0.04,0.48
4034,Sonic Lost World,3DS,2013,Platform,Sega,0.24,0.15,0.07,0.03,0.49
4249,Art Academy: Lessons for Everyone,3DS,2012,Action,Nintendo,0.2,0.03,0.21,0.02,0.46
4792,Sega Superstars Tennis,PS3,2008,Sports,Sega,0.13,0.2,0,0.08,0.4
15995,Bomberman (jp sales),PSP,2006,Puzzle,Konami Digital Entertainment,0,0,0.01,0,0.01
3285,Muramasa: The Demon Blade,Wii,2009,Role-Playing,Rising Star Games,0.33,0.13,0.11,0.04,0.61
8556,The BIGS,PS3,2007,Sports,Take-Two Interactive,0.15,0,0,0.01,0.16
4775,FIFA Soccer 13,PC,2012,Action,Electronic Arts,0.02,0.31,0,0.07,0.41
6816,DK: King of Swing,GBA,2005,Platform,Nintendo,0.17,0.06,0,0,0.24
11302,Risen 3: Titan Lords,X360,2014,Role-Playing,Deep Silver,0.02,0.06,0,0.01,0.08
10519,ESA Game Pack,PS3,2010,Misc,Sony Computer Entertainment,0.09,0,0,0.01,0.1
1471,Skylanders SWAP Force,X360,2013,Platform,Activision,0.86,0.36,0,0.11,1.33
5181,One Piece: Gigant Battle!,DS,2010,Fighting,Namco Bandai Games,0,0,0.36,0,0.36
4467,Naruto: Gekito Ninja Taisen! 3,GC,2004,Fighting,Tomy Corporation,0,0,0.43,0.01,0.44
14388,Last Escort: Club Katze,PSP,2010,Adventure,D3Publisher,0,0,0.03,0,0.03
8521,Hot Wheels World Race,GC,2003,Racing,THQ,0.13,0.03,0,0,0.16
5245,Defiance,PS3,2013,Shooter,Trion Worlds,0.19,0.11,0,0.05,0.36
107,Crash Bandicoot 3: Warped,PS,1998,Platform,Sony Computer Entertainment,3.68,1.75,1.42,0.28,7.13
15524,Charlie's Angels,GC,2003,Action,Ubisoft,0.01,0,0,0,0.02
5844,Jumping Flash!,PS,1995,Platform,Sony Computer Entertainment,0.05,0.03,0.21,0.02,0.3
7411,Brunswick Pro Bowling,PSP,2007,Sports,505 Games,0.19,0,0,0.02,0.21
9989,Puzzler World 2,DS,2010,Puzzle,Ubisoft,0.02,0.07,0,0.02,0.12
12870,Blood Omen 2,GC,2002,Action,Eidos Interactive,0.04,0.01,0,0,0.05
2306,Crysis 3,PS3,2013,Shooter,Electronic Arts,0.26,0.43,0.03,0.18,0.9
14831,Dream Girl Premier,3DS,2015,Misc,Alchemist,0,0,0.03,0,0.03
3399,NFL Blitz 2001,PS,2000,Sports,Midway Games,0.33,0.22,0,0.04,0.59
627,Mario Party 4,GC,2002,Misc,Nintendo,1.13,0.36,0.92,0.07,2.47
3677,Summer Sports: Paradise Island,Wii,2008,Sports,Ubisoft,0.49,0.02,0,0.04,0.55
15094,Ikki Tousen: Shining Dragon,PS2,2007,Role-Playing,Marvelous Interactive,0,0,0.02,0,0.02
15614,Agatha Christie: Death on the Nile,PC,2008,Adventure,Big Fish Games,0,0.01,0,0,0.02
7826,Tokimeki Memorial Girl's Side 3rd Story,DS,2010,Adventure,Konami Digital Entertainment,0,0,0.19,0,0.19
10804,Bladestorm: The Hundred Years' War,X360,2007,Action,Tecmo Koei,0.08,0.01,0,0.01,0.1
12153,Imagine: Gymnast,DS,2008,Simulation,Ubisoft,0.05,0.01,0,0,0.07
2828,Star Wars Episode III: Revenge of the Sith,GBA,2005,Action,Ubisoft,0.52,0.19,0,0.01,0.72
3579,Knockout Kings 2001,PS2,2001,Fighting,Electronic Arts,0.28,0.21,0,0.07,0.56
12505,D.C. II P.S.: Da Capo II Plus Situation,PS2,2008,Adventure,Kadokawa Shoten,0,0,0.06,0,0.06
12321,F1 2001,XB,2001,Racing,Electronic Arts,0.05,0.01,0,0,0.06
2159,Mortal Kombat Trilogy,N64,1996,Fighting,GT Interactive,0.72,0.22,0,0.02,0.96
225,The Simpsons: Hit & Run,PS2,2003,Racing,Vivendi Games,1.73,2.19,0,0.79,4.7
1696,Kobe Bryant in NBA Courtside,N64,1998,Sports,Nintendo,1.02,0.13,0.04,0.01,1.19
10923,Dragon Ball Kai: Ultimate Butouden,DS,2011,Fighting,Namco Bandai Games,0,0,0.09,0,0.09
4239,Disney's Kim Possible 3: Team Possible,GBA,2005,Platform,Disney Interactive Studios,0.33,0.12,0,0.01,0.46
4418,"SpongeBob SquarePants: Lights, Camera, Pants!",PS2,2005,Misc,THQ,0.37,0.01,0,0.06,0.44
11915,Hannspree Ten Kate Honda: SBK Superbike World Championship,PS2,2007,Racing,Black Bean Games,0.03,0.03,0,0.01,0.07
6854,Paws & Claws: Pet Resort,DS,2008,Simulation,THQ,0.22,0,0,0.02,0.24
15809,Memories Off #5: Encore,PS2,2007,Adventure,CyberFront,0,0,0.02,0,0.02
13186,Monster Band,DS,2008,Misc,Tivola,0.04,0,0,0,0.05
15495,Commandos 3: Destination Berlin,PC,2003,Strategy,Eidos Interactive,0,0.02,0,0,0.02
13191,LEGO Indiana Jones 2: The Adventure Continues,PC,2009,Action,Activision,0.02,0.03,0,0.01,0.05
14528,Story Hour: Adventures,Wii,2008,Adventure,Zoo Digital Publishing,0.03,0,0,0,0.03
15954,Choro Q,PS2,2003,Racing,Zoo Digital Publishing,0.01,0.01,0,0,0.02
190,Mario & Sonic at the Olympic Games,DS,2008,Sports,Sega,1.64,2.48,0.44,0.58,5.14
2373,ESPN NHL 2K5,PS2,2004,Sports,Global Star,0.43,0.33,0,0.11,0.88
10609,Van Helsing,GBA,2004,Action,Activision,0.07,0.03,0,0,0.1
11080,Tornado Outbreak,PS3,2009,Action,Konami Digital Entertainment,0.08,0,0,0.01,0.09
11812,Still Life,XB,2005,Adventure,Microids,0.05,0.02,0,0,0.07
750,Forza Motorsport 5,XOne,2013,Racing,Microsoft Game Studios,1.21,0.78,0.01,0.17,2.18
801,World of Warcraft: Cataclysm,PC,2010,Role-Playing,Activision,1.77,0.32,0,0,2.08
5253,South Park Rally,PS,1998,Racing,Acclaim Entertainment,0.2,0.13,0,0.02,0.36
1743,Fallout: New Vegas,PC,2010,Role-Playing,Bethesda Softworks,0.58,0.45,0,0.14,1.16
7745,Ninja Gaiden 3,WiiU,2012,Action,Nintendo,0.15,0.03,0,0.02,0.19
8913,No.1 Muscle Ranking - Kinniku Banzuke Vol. 2: Aratanarugenkai Enochousen!,PS,2000,Sports,Konami Digital Entertainment,0,0,0.14,0.01,0.15
2474,Rogue Galaxy,PS2,2005,Role-Playing,Sony Computer Entertainment,0.24,0.16,0.39,0.05,0.84
4770,Disney's Tarzan Untamed,PS2,2001,Platform,Ubisoft,0.2,0.16,0,0.05,0.41
7026,Shaun White Snowboarding,DS,2008,Sports,Ubisoft,0.21,0,0,0.02,0.23
12662,Nanostray,DS,2005,Shooter,Majesco Entertainment,0.05,0,0,0,0.06
4131,NFL Xtreme 2,PS,1999,Sports,989 Studios,0.27,0.18,0,0.03,0.48
4354,Pro Evolution Soccer 2016,PS3,2015,Sports,Konami Digital Entertainment,0.08,0.18,0.15,0.05,0.45
13907,Harry Potter and the Prisoner of Azkaban,PC,2004,Action,Electronic Arts,0,0.03,0,0.01,0.04
11183,Brain Voyage,DS,2008,Puzzle,Eidos Interactive,0.06,0.02,0,0.01,0.09
1629,Star Wars: Battlefront II,PSP,2005,Shooter,LucasArts,1.05,0.06,0.01,0.11,1.23
154,Cooking Mama,DS,2006,Simulation,505 Games,3.13,1.94,0.07,0.58,5.72
10875,Scaler,PS2,2004,Platform,Take-Two Interactive,0.05,0.04,0,0.01,0.09
1153,Far Cry 2,X360,2008,Action,Ubisoft,0.71,0.69,0.02,0.18,1.6
5068,Toukiden: The Age of Demons,PSV,2013,Action,Tecmo Koei,0.05,0.05,0.25,0.03,0.38
2006,Project CARS,PS4,2015,Racing,Slightly Mad Studios,0.17,0.69,0.02,0.15,1.04
5914,Dance Dance Revolution Universe 3,X360,2008,Simulation,Konami Digital Entertainment,0.28,0,0,0.02,0.3
12786,Mighty Beanz: Pocket Puzzles,GBA,2004,Puzzle,Majesco Entertainment,0.04,0.01,0,0,0.06
6655,Birds of Steel,PS3,2012,Simulation,Konami Digital Entertainment,0.1,0.09,0.02,0.04,0.25
6361,Summer Athletics: The Ultimate Challenge (US sales),Wii,2008,Sports,DTP Entertainment,0.23,0.04,0,0,0.27
12939,Judge Dredd,PS,1997,Platform,Gremlin Interactive Ltd,0.03,0.02,0,0,0.05
7611,MVP Baseball 2003,XB,2003,Sports,Electronic Arts,0.15,0.04,0,0.01,0.2
8980,SafeCracker: The Ultimate Puzzle Adventure,DS,2009,Puzzle,The Adventure Company,0.07,0.06,0,0.01,0.15
3673,SpongeBob SquarePants: SuperSponge,GBA,2001,Action,THQ,0.39,0.15,0,0.01,0.55
7929,Daigasso! Band Brothers,DS,2004,Misc,Nintendo,0,0,0.19,0,0.19
12583,Teenage Mutant Ninja Turtles 3: Mutant Nightmare,DS,2005,Action,Konami Digital Entertainment,0.05,0,0,0,0.06
4258,Scooby-Doo,GBA,2001,Platform,THQ,0.33,0.12,0,0.01,0.46
4998,God Eater 2: Rage Burst,PSV,2015,Role-Playing,Namco Bandai Games,0,0.01,0.37,0,0.38
15312,War Leaders: Clash of Nations,PC,2009,Strategy,CDV Software Entertainment,0,0.02,0,0,0.02
13915,Dragon Ball: Advanced Adventure,GBA,2004,Action,Namco Bandai Games,0.03,0.01,0,0,0.04
15311,T.A.C. Heroes : Big Red One,DS,2010,Strategy,Storm City Games,0.02,0,0,0,0.02
10763,Red Bull BC One,DS,2008,Misc,Playlogic Game Factory,0.09,0,0,0.01,0.1
9948,Lost Horizon,PC,2010,Adventure,Deep Silver,0,0.1,0,0.02,0.12
8191,College Hoops 2K8,X360,2007,Sports,Take-Two Interactive,0.16,0,0,0.01,0.18
7823,Silent Scope 2: Dark Silhouette,PS2,2001,Shooter,Konami Digital Entertainment,0.09,0.07,0,0.02,0.19
10888,Harvey Birdman: Attorney at Law,PSP,2008,Adventure,Capcom,0.08,0,0,0.01,0.09
11181,Red Faction: Armageddon,PC,2011,Shooter,THQ,0.05,0.02,0,0.01,0.09
13297,ESPN Great Outdoor Games Bass 2002,GBA,2001,Sports,Konami Digital Entertainment,0.03,0.01,0,0,0.05
9337,James Bond 007: Nightfire,GBA,2003,Shooter,Electronic Arts,0.1,0.04,0,0,0.13
2953,Mortal Kombat: Shaolin Monks,PS2,2005,Action,Midway Games,0.58,0.02,0,0.09,0.69
13694,Rise of Nations,PC,2003,Strategy,Microsoft Game Studios,0.01,0.02,0,0.01,0.04
1886,Tiger Woods PGA Tour 10,Wii,2009,Sports,Electronic Arts,0.61,0.37,0,0.11,1.09
7760,Breath of Fire II,GBA,2001,Role-Playing,Ubisoft,0.14,0.05,0,0,0.19
7956,Grand Slam Tennis 2,X360,2012,Sports,Electronic Arts,0.1,0.07,0,0.02,0.19
