Rank,Name,Platform,Year,Genre,Publisher,NA_Sales,EU_Sales,JP_Sales,Other_Sales,Global_Sales
14345,Dodge Racing: Charger vs Challenger,DS,2009,Racing,Zushi Games,0.03,0,0,0,0.03
10127,InuYasha: A Feudal Fairy Tale,PS,2002,Fighting,Namco Bandai Games,0,0,0.1,0.01,0.11
2902,Spider-Man 2,PSP,2005,Action,Activision,0.35,0.21,0,0.14,0.71
13144,Corpse Party: Blood Covered - Repeated Fear,PSP,2010,Adventure,5pb,0,0,0.05,0,0.05
3412,Go Diego Go! Great Dinosaur Rescue,Wii,2008,Action,Take-Two Interactive,0.53,0.02,0,0.04,0.59
16189,BattleForge,PC,2009,Strategy,Electronic Arts,0,0.01,0,0,0.01
11593,P.N.03 - Product Number Three,GC,2003,Shooter,Capcom,0.06,0.02,0,0,0.08
10545,Inazuma Eleven GO Strikers 2013,Wii,2012,Role-Playing,Level 5,0,0,0.1,0,0.1
8083,Guilty Gear Xrd: Sign,PS3,2014,Fighting,Arc System Works,0.09,0,0.07,0.02,0.18
642,ATV Offroad Fury,PS2,2001,Racing,Sony Computer Entertainment,2.07,0.26,0,0.08,2.41
15860,Kadenz fermata//Akkord:fortissimo,PSV,2014,Adventure,5pb,0,0,0.02,0,0.02
5756,Goemon's Great Adventure,N64,1998,Platform,Konami Digital Entertainment,0.06,0.02,0.13,0.1,0.31
12154,Kanji Sonomama DS Rakubiki Jiten,DS,2006,Misc,Nintendo,0,0,0.07,0,0.07
7197,Shinobi,3DS,2011,Platform,Sega,0.14,0.07,0,0.02,0.22
894,Mario Super Sluggers,Wii,2008,Sports,Nintendo,1.51,0,0.29,0.12,1.93
13192,QUIZ PARTY,Wii,2012,Misc,Nintendo,0,0.05,0,0,0.05
15204,Jissen Pachi-Slot Hisshouhou! Mister Magic Neo,PS2,2007,Misc,Sega,0,0,0.02,0,0.02
13060,Fishdom,DS,2011,Puzzle,Atari,0.05,0,0,0,0.05
9506,Digimon Racing,GBA,2004,Racing,Namco Bandai Games,0.09,0.03,0,0,0.13
5976,MLB Power Pros,Wii,2007,Sports,Konami Digital Entertainment,0.23,0,0.04,0.02,0.29
7529,Crazy Taxi 3: High Roller,XB,2002,Racing,Sega,0.14,0.04,0.02,0.01,0.2
10815,MindJack,X360,2011,Shooter,Square Enix,0.07,0.02,0,0.01,0.1
9133,Onimusha Essentials,PS2,2008,Action,Capcom,0.07,0.05,0,0.02,0.14
16092,Datenshi no Amai Yuuwaku x Kaikan Phrase,DS,2010,Adventure,FuRyu,0,0,0.01,0,0.01
12636,All Kamen Rider: Rider Generation 2,PSP,2012,Action,Namco Bandai Games,0,0,0.06,0,0.06
1287,Imagine: Master Chef,DS,2007,Simulation,Ubisoft,0.39,0.92,0,0.17,1.47
16474,MotoGP 15,X360,2015,Racing,Milestone S.r.l.,0,0.01,0,0,0.01
2670,Marvel Nemesis: Rise of the Imperfects,PS2,2005,Fighting,Electronic Arts,0.64,0.02,0,0.1,0.77
16100,Super PickUps,Wii,2009,Racing,XS Games,0.01,0,0,0,0.01
6268,How to Train Your Dragon 2,Wii,2014,Adventure,Little Orbit,0.05,0.2,0,0.02,0.27
2972,Baldur's Gate: Dark Alliance II,PS2,2004,Role-Playing,Interplay,0.34,0.26,0,0.09,0.68
13353,Black & Bruised,GC,2003,Fighting,Vivendi Games,0.04,0.01,0,0,0.05
5169,Dragon Ball Z: Infinite World,PS2,2008,Fighting,Namco Bandai Games,0.08,0.06,0.21,0.02,0.36
5827,Shrek Swamp Kart Speedway,GBA,2002,Racing,TDK Mediactive,0.22,0.08,0,0.01,0.3
8069,Mega Man Soccer,SNES,1993,Sports,Capcom,0.04,0.01,0.13,0,0.18
16309,Full Auto 2: Battlelines,PSP,2007,Racing,Sega,0,0.01,0,0,0.01
4468,Barbie: Groom and Glam Pups,DS,2010,Action,THQ,0.26,0.14,0,0.04,0.44
10806,Imagine: Reporter,DS,2010,Simulation,Ubisoft,0.08,0.01,0,0.01,0.1
6269,Boogie,DS,2007,Misc,Electronic Arts,0.25,0,0,0.02,0.27
8396,Disney Golf,PS2,2002,Sports,Electronic Arts,0.07,0.06,0.02,0.02,0.17
4011,Fantastic 4,PS2,2005,Action,Activision,0.41,0.01,0,0.07,0.5
986,Kirby 64: The Crystal Shards,N64,2000,Platform,Nintendo,0.63,0.06,1.03,0.04,1.77
6383,Connect Four / Perfection / Trouble,GBA,2005,Misc,Zoo Digital Publishing,0.19,0.07,0,0,0.27
14633,Galaxy Angel II: Zettairyouiki no Tobira,PS2,2006,Strategy,Broccoli,0,0,0.03,0,0.03
5643,Shaun White Snowboarding,PSP,2008,Sports,Ubisoft,0.26,0.03,0,0.03,0.32
8887,Scarface: The World is Yours,Wii,2007,Action,Vivendi Games,0.12,0.01,0,0.01,0.15
4861,Star Wars: Clone Wars,GC,2002,Shooter,Activision,0.31,0.08,0,0.01,0.4
12888,Rez,PS2,2001,Shooter,Sony Computer Entertainment,0.03,0.02,0,0.01,0.05
9385,Kurt Warner's Arena Football Unleashed,PS,2000,Sports,Midway Games,0.07,0.05,0,0.01,0.13
11493,TimeSplitters: Future Perfect,GC,2005,Shooter,Electronic Arts,0.06,0.02,0,0,0.08
8181,NBA Hoopz,PS2,2001,Sports,Midway Games,0.09,0.07,0,0.02,0.18
16344,H2O+: Footprints in the Sand,PS2,2008,Adventure,Kadokawa Shoten,0,0,0.01,0,0.01
11408,Crush,PSP,2007,Puzzle,Sega,0.07,0,0,0.01,0.08
3218,"Transformers: Revenge of the Fallen (XBox 360, PS3, & PC Versions)",X360,2009,Shooter,Activision,0.34,0.23,0,0.06,0.63
7778,Dream Salon,DS,2009,Misc,Zoo Digital Publishing,0.18,0,0,0.01,0.19
10845,Rocky,GC,2002,Fighting,Rage Software,0.07,0.02,0,0,0.09
5912,Spider-Man: Friend or Foe,X360,2007,Action,Activision,0.26,0.02,0,0.02,0.3
1704,Pokemon Super Mystery Dungeon,3DS,2015,Role-Playing,Nintendo,0.46,0.31,0.33,0.08,1.19
7117,Dinosaur King,DS,2007,Strategy,Sega,0.2,0,0,0.02,0.23
6765,NBA Courtside 2002,GC,2002,Sports,Nintendo,0.19,0.05,0,0.01,0.25
3726,Dragon Quest Characters: Torneko no Daibouken 3: Fushigi no Dungeon,PS2,2002,Role-Playing,Enix Corporation,0,0,0.54,0,0.54
13218,Strikers 1945,SAT,1996,Shooter,Atlus,0,0,0.05,0,0.05
10837,Big League Sports: Summer,Wii,2009,Sports,Activision,0.09,0,0,0.01,0.09
15703,Monster High 13 Wishes,3DS,2013,Action,Little Orbit,0,0.02,0,0,0.02
9720,DS Yamamura Misa Suspense: Maiko Kogiku - Kisha Katherine - Sougiya Isa Akashi - Koto ni Maru Hana Sanrin: Kyoto Satujin Jinken File,DS,2008,Adventure,Tecmo Koei,0,0,0.12,0,0.12
15587,Arabians Lost: The Engagement on Desert,PS2,2007,Adventure,Prototype,0,0,0.02,0,0.02
7476,Rune Factory: Tides of Destiny,Wii,2011,Role-Playing,Marvelous Interactive,0.14,0,0.06,0.01,0.21
11662,Katekyoo Hitman Reborn! DS: Flame Rumble Hyper - Moeyo Mirai,DS,2008,Fighting,Takara Tomy,0,0,0.08,0,0.08
1534,Pirates of the Caribbean: The Curse of the Black Pearl,GBA,2003,Platform,TDK Mediactive,0.93,0.34,0,0.02,1.29
2288,Namco Museum,XB,N/A,Misc,Unknown,0.77,0.11,0,0.04,0.91
7052,Call of Duty: Black Ops 3,PC,2015,Shooter,Activision,0,0.22,0,0.01,0.23
2764,Ace Combat: Assault Horizon,PS3,2011,Action,Namco Bandai Games,0.3,0.16,0.22,0.07,0.74
10139,Lost in Blue,DS,2005,Adventure,Konami Digital Entertainment,0.07,0.02,0.02,0.01,0.11
2683,Pokemon Dash,DS,2004,Racing,Nintendo,0.21,0.14,0.38,0.04,0.77
5039,Mercenaries 2: World in Flames,PS2,2008,Shooter,Electronic Arts,0.21,0,0,0.17,0.38
5460,Tales of the World: Radiant Mythology 2,PSP,2009,Role-Playing,Namco Bandai Games,0,0,0.33,0,0.33
16519,DJ Max Technika Tune,PSV,2012,Misc,CyberFront,0,0,0.01,0,0.01
15753,Blazing Angels: Squadrons of WWII,PC,2006,Simulation,Ubisoft,0.01,0,0,0,0.02
14557,Beyblade Evolution,3DS,2013,Action,Rising Star Games,0.02,0.01,0,0,0.03
4638,Cabela's Legendary Adventures,PS2,2008,Sports,Activision,0.21,0.16,0,0.05,0.42
15893,Mission: Impossible - Operation Surma,GC,2004,Platform,Atari,0.01,0,0,0,0.02
6532,Muramasa: The Demon Blade,PSV,2013,Role-Playing,Marvelous Entertainment,0.13,0,0.1,0.03,0.26
7933,Momotarou Dentetsu World,DS,2010,Misc,Hudson Soft,0,0,0.19,0,0.19
3272,XGRA: Extreme G-Racing Association,PS2,2004,Racing,Eidos Interactive,0.3,0.24,0,0.08,0.62
10482,PictoImage,DS,2007,Puzzle,Sega,0.1,0,0,0.01,0.1
15853,Winning Post 7: Maximum 2007,PS3,2007,Sports,Tecmo Koei,0,0,0.02,0,0.02
2124,Pro Evolution Soccer 2014,PS3,2013,Action,Konami Digital Entertainment,0.03,0.43,0.51,0.01,0.98
11031,World Championship Games: A Track & Field Event,DS,2008,Sports,Ghostlight,0.08,0,0,0.01,0.09
14873,Neverwinter Nights 2,PC,2006,Role-Playing,Atari,0,0.02,0,0,0.03
4237,Crash of the Titans,Wii,2007,Action,Vivendi Games,0.4,0.03,0,0.04,0.46
13862,Mobile Suit Gundam: Mokuba no Kiseki,PSP,2012,Action,Namco Bandai Games,0,0,0.04,0,0.04
16004,Diary Girl,DS,2008,Misc,Konami Digital Entertainment,0.01,0,0,0,0.01
11989,Mia Hamm Soccer 64,N64,2000,Sports,THQ,0.06,0.01,0,0,0.07
5916,We Sing Pop!,Wii,2012,Misc,Nordic Games,0.08,0.19,0,0.03,0.3
3470,NASCAR: Dirt to Daytona,PS2,N/A,Racing,Unknown,0.28,0.22,0,0.07,0.58
3248,Madden NFL 07,GC,2006,Sports,Electronic Arts,0.48,0.13,0,0.02,0.62
7306,Herdy Gerdy,PS2,2002,Adventure,Eidos Interactive,0.11,0.08,0,0.03,0.22
3914,SpongeBob SquarePants: Creature from the Krusty Krab,Wii,2006,Platform,THQ,0.45,0.02,0,0.04,0.51
7556,MLB SlugFest 20-03,XB,2002,Sports,Midway Games,0.15,0.04,0,0.01,0.2
11750,Magic Pengel: The Quest for Color,PS2,2002,Role-Playing,Taito,0.04,0.03,0,0.01,0.07
10496,Atsumare! Power Pro Kun no DS Koushien,DS,N/A,Sports,N/A,0,0,0.1,0,0.1
998,BioShock Infinite,PS3,2013,Shooter,Take-Two Interactive,0.72,0.69,0.04,0.31,1.76
8435,Fracture,PS3,2008,Shooter,LucasArts,0.11,0.04,0,0.02,0.17
13092,Puyo Pop,GBA,2001,Puzzle,Sega,0.04,0.01,0,0,0.05
6236,FIFA Soccer 07,X360,2006,Sports,Electronic Arts,0.24,0.01,0,0.02,0.28
5365,Avatar: The Last Airbender - The Burning Earth,DS,2007,Action,THQ,0.31,0,0,0.03,0.34
8338,Mahjong Fight Club,PSP,2004,Misc,Konami Digital Entertainment,0,0,0.17,0,0.17
9673,Resident Evil,PS3,2006,Action,Capcom,0,0,0.12,0,0.12
9517,Backyard Sports Football: Rookie Rush,Wii,2010,Sports,Atari,0.12,0,0,0.01,0.13
2194,Lego Batman 3: Beyond Gotham,X360,2014,Action,Warner Bros. Interactive Entertainment,0.48,0.38,0,0.08,0.95
15583,Elf Bowling 1 & 2,DS,2005,Sports,Ignition Entertainment,0.02,0,0,0,0.02
8239,World Championship Poker,GBA,2004,Misc,Crave Entertainment,0.12,0.05,0,0,0.17
16181,Putty Squad,PS3,2013,Platform,System 3,0,0.01,0,0,0.01
12892,Jake Power: Policeman,DS,2008,Adventure,Ubisoft,0.05,0,0,0,0.05
13855,Klonoa Heroes: Densetsu no Star Medal,GBA,2002,Role-Playing,Namco Bandai Games,0,0,0.04,0,0.04
6735,F1 2000,PS,2000,Racing,Electronic Arts,0.14,0.09,0,0.02,0.25
10469,Leisure Suit Larry: Box Office Bust,PS3,2009,Adventure,Codemasters,0.06,0.03,0,0.01,0.1
8622,Vegas Party,Wii,N/A,Misc,Unknown,0.15,0,0,0.01,0.16
9343,MLB Power Pros 2008,Wii,2008,Sports,Konami Digital Entertainment,0.12,0,0.01,0.01,0.13
13093,Marriage Royale: Prism Story,PSP,2010,Adventure,ASCII Media Works,0,0,0.05,0,0.05
2576,[Prototype 2],X360,2012,Action,Activision,0.48,0.25,0,0.07,0.8
2610,Star Wars The Clone Wars: Jedi Alliance,DS,2008,Action,LucasArts,0.62,0.11,0,0.07,0.79
2554,Professor Layton vs Phoenix Wright: Ace Attorney,3DS,2012,Puzzle,Level 5,0.2,0.26,0.3,0.04,0.81
8978,Travel Games For Dummies,DS,2008,Misc,Electronic Arts,0.13,0,0,0.01,0.15
16058,Winning Post 7 Maximum 2008,PS2,2008,Sports,Tecmo Koei,0,0,0.01,0,0.01
16061,WRC: FIA World Rally Championship,PC,N/A,Racing,Black Bean Games,0,0.01,0,0,0.01
11091,Freestyle Metal X,PS2,2003,Racing,Midway Games,0.04,0.03,0,0.01,0.09
4654,Black,XB,2006,Shooter,Electronic Arts,0.31,0.09,0,0.01,0.42
661,WCW/nWo Revenge,N64,1998,Fighting,THQ,1.94,0.39,0.03,0.02,2.38
502,Zumba Fitness 2,Wii,2011,Sports,Majesco Entertainment,1.54,1.07,0,0.28,2.88
15435,Tenkai Knights: Brave Battle,3DS,2014,Action,Namco Bandai Games,0.01,0.01,0,0,0.02
12871,NBA 2K17,X360,2016,Sports,Take-Two Interactive,0.04,0,0,0.01,0.05
11869,Pro Farm 1,PC,2011,Simulation,Excalibur Publishing,0,0.06,0,0.01,0.07
5909,Shin Megami Tensei: Devil Summoner - Soul Hackers,3DS,2012,Role-Playing,Atlus,0.13,0.02,0.14,0.01,0.3
556,Madden NFL 12,X360,2011,Sports,Electronic Arts,2.42,0.11,0,0.16,2.69
3969,Activision Anthology,PS2,2002,Misc,Activision,0.25,0.19,0,0.06,0.5
8678,7th Dragon III Code: VFD,3DS,2015,Role-Playing,Sega,0.03,0,0.12,0,0.16
13735,NHL Hitz Pro,GC,N/A,Sports,Unknown,0.03,0.01,0,0,0.04
10393,BlazBlue: Chrono Phantasma,PSV,2014,Fighting,Arc System Works,0.06,0,0.03,0.02,0.11
4948,Marvel: Ultimate Alliance,PS3,2006,Role-Playing,Activision,0.33,0.02,0,0.04,0.39
4865,I-Ninja,PS2,2003,Platform,Sony Computer Entertainment,0.19,0.15,0,0.05,0.4
5839,Trauma Center: New Blood,Wii,2007,Simulation,Nintendo,0.22,0.04,0.01,0.03,0.3
1450,Tom Clancy's Rainbow Six: Vegas 2,PS3,2008,Shooter,Ubisoft,0.66,0.45,0.04,0.21,1.35
14448,Hiiro no Kakera 3: Aoikuro no Kusabi,PS2,2008,Adventure,Idea Factory,0,0,0.03,0,0.03
1286,Tom Clancy's Splinter Cell: Pandora Tomorrow,XB,2004,Action,Ubisoft,0.82,0.59,0,0.07,1.48
9928,Rock Band: Metal Track Pack,PS3,2009,Misc,MTV Games,0.11,0,0,0.01,0.12
1008,Pro Evolution Soccer,PS2,2001,Sports,Konami Digital Entertainment,0.06,0.9,0.53,0.27,1.75
4231,Classic NES Series: Pac-Man,GBA,2004,Puzzle,Nintendo,0.25,0.09,0.12,0.01,0.46
16048,Guitar Hero III: Legends of Rock,PC,2007,Misc,Aspyr,0.01,0,0,0,0.01
8518,Let's Ride: Sunshine Stables,GBA,2005,Sports,DTP Entertainment,0.12,0.04,0,0,0.16
467,WWE SmackDown! Shut Your Mouth,PS2,2002,Sports,THQ,1.45,1.13,0.07,0.38,3.02
2658,Avatar: The Game,X360,2009,Action,Ubisoft,0.34,0.35,0,0.08,0.78
9388,NHL 2K9,PS2,2008,Sports,Take-Two Interactive,0.07,0.05,0,0.02,0.13
15685,Kabushiki Baibai Trainer: Kabutore! Next,DS,2007,Simulation,Konami Digital Entertainment,0,0,0.02,0,0.02
3100,The Evil Within,XOne,2014,Action,Bethesda Softworks,0.35,0.25,0,0.05,0.65
9381,SingStar Latino,PS2,2007,Misc,Sony Computer Entertainment,0.07,0.05,0,0.02,0.13
6437,Angry Birds Trilogy,X360,2012,Action,Activision,0.18,0.06,0,0.02,0.27
11803,SimCity 4: Deluxe Edition,PC,2003,Simulation,Electronic Arts,0,0.06,0,0.01,0.07
5834,Karaoke Revolution Glee: Volume 3,Wii,2011,Misc,Konami Digital Entertainment,0.24,0.04,0,0.02,0.3
6022,FIFA Soccer 13,3DS,2012,Action,Electronic Arts,0.06,0.2,0,0.03,0.29
14017,Trick x Logic: Season 2,PSP,2010,Adventure,Sony Computer Entertainment,0,0,0.04,0,0.04
6669,Midway's Greatest Arcade Hits,GBA,2001,Misc,Midway Games,0.18,0.07,0,0,0.25
11090,MotoGP 14,X360,2014,Racing,Milestone S.r.l.,0.04,0.04,0,0.01,0.09
4543,"999: Nine Hours, Nine Persons, Nine Doors",DS,2009,Adventure,ChunSoft,0.37,0,0.03,0.03,0.43
8410,RC Revenge Pro,PS2,2000,Racing,Acclaim Entertainment,0.08,0.06,0,0.02,0.17
13548,WSC Real 11: World Snooker Championship,X360,2011,Sports,Koch Media,0,0.04,0,0.01,0.04
2519,MediEvil: Resurrection,PSP,2005,Adventure,Sony Computer Entertainment,0.19,0.41,0,0.22,0.82
12038,Colosseum: Road to Freedom,PS2,2005,Role-Playing,Tecmo Koei,0.03,0.03,0,0.01,0.07
6092,El Shaddai: Ascension of the Metatron,PS3,2011,Action,Ignition Entertainment,0.11,0.07,0.08,0.03,0.29
14624,Roadsters,PS,2000,Racing,Titus,0.02,0.01,0,0,0.03
8938,Toy Story Racer,PS,2001,Racing,Activision,0.08,0.06,0,0.01,0.15
2558,Ben 10: Alien Force,Wii,2008,Action,Koch Media,0.52,0.21,0,0.07,0.81
1687,Metal Gear Solid: Portable Ops,PSP,2006,Action,Konami Digital Entertainment,0.38,0.35,0.38,0.09,1.19
15249,Sakura Wars 1 & 2,PSP,2006,Strategy,Sega,0,0,0.02,0,0.02
4737,Monster Trucks Mayhem,Wii,2009,Racing,Zoo Games,0.39,0,0,0.02,0.41
5275,Remember Me,PS3,2013,Action,Capcom,0.1,0.18,0,0.07,0.35
8200,Namco Museum: 50th Anniversary,XB,2005,Misc,Namco Bandai Games,0.13,0.04,0,0.01,0.18
8516,King's Field,PS,1995,Role-Playing,Sony Computer Entertainment,0.09,0.06,0,0.01,0.16
7990,The Bee Game,DS,2007,Adventure,Midway Games,0.17,0,0,0.01,0.19
3089,Brothers In Arms: Road to Hill 30,XB,2005,Shooter,Ubisoft,0.49,0.14,0,0.02,0.66
15958,"Sharin no Kuni, Himawari no Shoujo",X360,2010,Adventure,5pb,0,0,0.02,0,0.02
16227,New Interpretation Stranger of Sword City,PSV,2016,Role-Playing,Experience Inc.,0,0,0.01,0,0.01
13345,Galaxy Racers,DS,2010,Racing,Ubisoft,0.04,0,0,0,0.05
12248,Hot Wheels: Burnin' Rubber,GBA,2001,Racing,THQ,0.05,0.02,0,0,0.06
1023,Madden NFL 99,PS,1998,Sports,Electronic Arts,1.66,0.04,0,0.04,1.74
3556,LEGO Rock Band,X360,2009,Misc,Warner Bros. Interactive Entertainment,0.4,0.12,0,0.05,0.57
5646,Seaman: Kindan no Pet - Gaze Hakushi no Jikken Shima,PS2,2001,Simulation,ASCII Entertainment,0,0,0.32,0,0.32
4870,SD Gundam G Generation Seed,PS2,2004,Strategy,Namco Bandai Games,0,0,0.4,0,0.4
11054,Ski-Doo Snowmobile Challenge,Wii,2009,Racing,Valcon Games,0.08,0,0,0.01,0.09
1419,MotorStorm: Pacific Rift,PS3,2008,Racing,Sony Computer Entertainment,0.43,0.67,0.02,0.26,1.37
14688,Harukanaru Toki no Naka de 6,PSV,2015,Action,Tecmo Koei,0,0,0.03,0,0.03
4117,Harvest Moon 64,N64,1999,Simulation,Pack In Soft,0.25,0.06,0.11,0.06,0.48
6137,Siren: Blood Curse,PS3,2008,Action,Sony Computer Entertainment,0,0.17,0.09,0.02,0.28
5833,Touhoku Daigaku Mirai Kagaku Gijutsu Kyoudou Kenkyuu Center Kawashima Ryuuta Kyouju Kanshu: Nou Ryoku Trainer Portable,PSP,2005,Misc,Sega,0,0,0.3,0,0.3
11255,NCAA Football 08,XB,2007,Sports,Electronic Arts,0.06,0.02,0,0,0.08
12209,Karaoke Revolution Party,XB,2005,Misc,Konami Digital Entertainment,0.05,0.01,0,0,0.07
4194,The Sims 3: Ambitions,PC,2010,Simulation,Electronic Arts,0,0.29,0,0.18,0.47
9089,TRINITY: Souls of Zill O'll,PS3,2010,Role-Playing,Ubisoft Annecy,0.06,0.03,0.03,0.02,0.14
7221,The Suffering,XB,2004,Action,Midway Games,0.16,0.05,0,0.01,0.22
4648,Kumamon Bomber: Puzzle de Kumamon Taisou,GC,2005,Puzzle,Sega,0.32,0.08,0,0.01,0.42
11572,Need For Speed: Undercover,PC,2008,Racing,Electronic Arts,0,0.07,0,0.01,0.08
13348,Game of Thrones (Telltale),PS4,2015,Adventure,Telltale Games,0.04,0,0,0.01,0.05
10965,Bomberman Max 2: Blue Advance,GBA,2002,Puzzle,Vivendi Games,0.07,0.02,0,0,0.09
9401,Chessmaster,XB,2004,Misc,Ubisoft,0.1,0.03,0,0,0.13
6080,Penguin no Mondai: Saikyou Penguin Densetsu! A Penguin's Troubles,DS,2008,Adventure,Konami Digital Entertainment,0,0,0.29,0,0.29
581,ESPN NFL 2K5,PS2,2004,Sports,Sega,2.15,0.12,0,0.36,2.62
6129,Yu-Gi-Oh! Double Pack,GBA,2006,Role-Playing,Konami Digital Entertainment,0.2,0.08,0,0.01,0.28
8390,VR Golf '97,PS,1996,Sports,Gremlin Interactive Ltd,0.09,0.06,0,0.01,0.17
6393,The Sims 2: Pets,GC,2006,Simulation,Electronic Arts,0.21,0.05,0,0.01,0.27
13216,D.Gray-man: Kami no Shitotachi,DS,2007,Adventure,Konami Digital Entertainment,0,0,0.05,0,0.05
7309,Digimon World Re:Digitize,PSP,2012,Action,Namco Bandai Games,0,0,0.22,0,0.22
12425,Barbie Horse Adventures: Wild Horse Rescue,XB,2003,Sports,Vivendi Games,0.05,0.01,0,0,0.06
10357,Sudokuro,DS,2007,Puzzle,Crave Entertainment,0.1,0,0,0.01,0.11
4949,SpongeBob vs The Big One: Beach Party Cook Off,DS,2009,Adventure,THQ,0.24,0.11,0,0.04,0.39
15387,TV Anime Idolm@ster: Cinderella Girls G4U! Pack Vol.7,PS3,2015,Misc,Namco Bandai Games,0,0,0.02,0,0.02
14894,Bode Miller Alpine Skiing,PS2,2006,Sports,Valcon Games,0.01,0.01,0,0,0.03
2215,Bully,PS2,2006,Action,Take-Two Interactive,0.75,0.03,0.04,0.12,0.94
6789,Spawn the Eternal,PS,1997,Action,Sony Computer Entertainment,0.14,0.09,0,0.02,0.24
9449,Diablo II,PC,2000,Role-Playing,Havas Interactive,0.01,0.09,0,0.02,0.13
12459,Mobile Suit Gundam 00: Gundam Meisters,PS2,2008,Action,Namco Bandai Games,0,0,0.06,0,0.06
4446,Family Fest Presents Circus Games,Wii,2008,Misc,Ubisoft,0.1,0.29,0,0.05,0.44
3660,NBA 2K8,PS3,2007,Sports,Take-Two Interactive,0.5,0.01,0,0.05,0.55
8866,Dark Rift,N64,1997,Fighting,Vic Tokai,0.12,0.03,0,0,0.15
12996,Dokapon Journey,DS,2008,Role-Playing,Sting,0.05,0,0,0,0.05
15091,RayCrisis: Series Termination,PS,1999,Shooter,JVC,0.01,0.01,0,0,0.02
7530,Dark Messiah of Might and Magic Elements,X360,2008,Role-Playing,Ubisoft,0.16,0.02,0.01,0.02,0.2
6141,The King of Fighters '95,SAT,1995,Fighting,SNK Playmore,0,0,0.28,0,0.28
5963,Tom and Jerry Tales,DS,2006,Platform,Warner Bros. Interactive Entertainment,0.21,0.06,0,0.02,0.29
5213,Guitar Hero: Smash Hits,PS3,2009,Misc,Activision,0.2,0.11,0,0.05,0.36
4004,Super Famista 5,SNES,1996,Sports,Namco Bandai Games,0,0,0.5,0,0.5
81,Mario Party 8,Wii,2007,Misc,Nintendo,3.81,2.3,1.58,0.73,8.42
14727,NBA 2K7,XB,2006,Sports,Take-Two Interactive,0.02,0.01,0,0,0.03
10174,Monster Lab,PS2,2008,Role-Playing,Eidos Interactive,0.05,0.04,0,0.01,0.11
2010,ZhuZhu Pets,DS,2010,Simulation,Activision,0.68,0.27,0,0.09,1.04
15693,Ketsui Death Label,DS,2008,Shooter,Arika,0,0,0.02,0,0.02
9685,Kidou Senshi Gundam Seed Battle Destiny,PSV,2012,Action,Namco Bandai Games,0,0,0.12,0,0.12
8225,Teen Titans,GBA,N/A,Action,Unknown,0.13,0.05,0,0,0.17
5360,WipEout 3,PS,1999,Racing,Psygnosis,0.19,0.13,0,0.02,0.34
12016,Gintama DS: Yorozuya Daisoudou,DS,2006,Action,Namco Bandai Games,0,0,0.07,0,0.07
1474,WWF War Zone,N64,1998,Fighting,Acclaim Entertainment,1.08,0.24,0,0.02,1.33
11476,The Space Bar,SAT,1996,Adventure,Sega,0,0,0.08,0,0.08
7313,Lords of the Fallen,XOne,2014,Role-Playing,Square Enix,0.1,0.1,0,0.02,0.22
866,E.T.: The Extra Terrestrial,2600,1981,Action,Atari,1.84,0.11,0,0.02,1.97
9665,Calling,Wii,2009,Adventure,Konami Digital Entertainment,0.07,0.04,0,0.01,0.12
11411,Zero: Tsukihami no Kamen,Wii,N/A,Action,Nintendo,0,0,0.08,0,0.08
9732,Makai Kingdom: Chronicles of the Sacred Tome,PS2,2005,Role-Playing,Tecmo Koei,0.06,0.05,0,0.02,0.12
2589,Need for Speed: Hot Pursuit 2,GC,2002,Racing,Electronic Arts,0.68,0.09,0,0.02,0.8
5819,Yuu Yuu Hakusho 2: Kakutou no Sho,SNES,1994,Fighting,Namco Bandai Games,0,0,0.31,0,0.31
6235,Yu-Gi-Oh! Monster Capsule Breed & Battle,PS,1998,Role-Playing,Konami Digital Entertainment,0,0,0.26,0.02,0.28
1813,WWE 2K14,X360,2013,Sports,Take-Two Interactive,0.64,0.39,0,0.1,1.13
3791,Batman: Arkham City,PC,2011,Action,Warner Bros. Interactive Entertainment,0.16,0.28,0,0.09,0.53
15886,Sengoku Hime: Senran ni Mau Otometachi,PS2,2009,Adventure,Yeti,0,0,0.02,0,0.02
10534,Hot Wheels: Stunt Track Challenge,XB,2004,Racing,THQ,0.08,0.02,0,0,0.1
6659,The Powerpuff Girls: Chemical X-Traction,PS,2001,Action,BAM! Entertainment,0.14,0.1,0,0.02,0.25
7758,Petz Pony: Beauty Pageant,DS,2009,Simulation,Ubisoft,0.18,0,0,0.01,0.19
4293,NBA Live 07,X360,2006,Sports,Electronic Arts,0.42,0,0,0.04,0.46
11316,Monster Jam: Path of Destruction,PSP,2010,Racing,Activision,0.07,0,0,0.01,0.08
14253,CT Special Forces,GBA,2002,Action,LSP Games,0.02,0.01,0,0,0.03
12984,Shin Sangoku Musou 5 Special,PSP,2009,Action,Tecmo Koei,0,0,0.05,0,0.05
2955,Skylanders: Trap Team,PS3,2014,Action,Activision,0.24,0.33,0,0.12,0.69
7443,JSRF: Jet Set Radio Future,XB,2002,Action,Sega,0.13,0.04,0.03,0.01,0.21
10377,Final Fantasy XII International Zodiac Job System,PS2,2007,Role-Playing,Square Enix,0,0,0.11,0,0.11
3019,Fight Night Round 2004,XB,2004,Fighting,Electronic Arts,0.46,0.18,0,0.03,0.67
12139,God Hand,PS2,2006,Action,Capcom,0,0,0.07,0,0.07
16169,Smiley World: Island Challenge,DS,2009,Puzzle,Zoo Digital Publishing,0.01,0,0,0,0.01
13006,Stranger of Sword City,PSV,2015,Role-Playing,Nippon Ichi Software,0.02,0.02,0,0.01,0.05
9095,Marvel vs. Capcom 2: New Age of Heroes,DC,2000,Fighting,Virgin Interactive,0,0,0.14,0,0.14
15305,Spider-Man 3,PC,2007,Platform,Activision,0.02,0,0,0,0.02
14110,DoraMoji: Nobita no Kanji Daisakusen,3DS,2015,Misc,Shogakukan,0,0,0.03,0,0.03
3143,Test Drive Unlimited 2,PS3,N/A,Racing,Atari,0.16,0.35,0.01,0.12,0.64
8828,FIFA Soccer 2002,PS,2001,Sports,Electronic Arts,0.08,0.06,0,0.01,0.15
10782,Skylanders: Spyro's Adventure,PC,2011,Action,Activision,0.05,0.03,0,0.01,0.1
3502,Ratchet & Clank: Quest for Booty,PS3,2008,Platform,Sony Computer Entertainment,0,0.53,0,0.04,0.58
14361,Gal Gun: Double Peace,PSV,2015,Action,PQube,0,0.02,0.01,0,0.03
2779,Namco Museum Remix,Wii,2007,Misc,Atari,0.68,0,0,0.05,0.74
8111,Batman: Vengeance,GBA,2001,Adventure,Ubisoft,0.13,0.05,0,0,0.18
14308,Saru! Get You! SaruSaru Daisakusen,PSP,2007,Platform,Sony Computer Entertainment,0,0,0.03,0,0.03
12291,Super Mahjong 2: Honkaku 4Jin Uchi,SNES,1993,Misc,Imax,0,0,0.06,0,0.06
3678,Tak and the Power of Juju,GBA,2003,Platform,THQ,0.39,0.15,0,0.01,0.55
9682,Lego Star Wars: The Force Awakens,PS3,2016,Action,Warner Bros. Interactive Entertainment,0.03,0.07,0,0.02,0.12
16545,Mario & Luigi: Paper Jam & Mario Kart 7 Double Pack,3DS,2015,Misc,Nintendo,0,0,0.01,0,0.01
810,Spec Ops: Airborne Commando,PS,2002,Shooter,Take-Two Interactive,1.54,0.46,0,0.08,2.07
10953,GripShift,PSP,2005,Racing,Ubisoft,0.08,0,0,0.01,0.09
11148,RollerCoaster Tycoon 3: Platinum,PC,2005,Strategy,Atari,0.01,0.06,0,0.01,0.09
4479,Eternal Darkness: Sanity's Requiem,GC,2002,Adventure,Nintendo,0.34,0.09,0,0.01,0.44
8743,Blinx 2: Masters of Time & Space,XB,2004,Platform,Microsoft Game Studios,0.12,0.03,0,0.01,0.15
8299,Resident Evil Director's Cut: Dual Shock Edition,PS,1997,Action,Capcom,0,0,0.16,0.01,0.17
8760,Pressure Cooker,2600,1982,Action,Activision,0.14,0.01,0,0,0.15
10827,Kiniro no Corda 3,PSP,2010,Adventure,Tecmo Koei,0,0,0.09,0,0.09
7924,Mushroom Men: The Spore Wars,Wii,2008,Action,SouthPeak Games,0.17,0.01,0,0.01,0.19
3636,Sly Cooper: Thieves in Time,PS3,2013,Platform,Sony Computer Entertainment Europe,0.35,0.13,0,0.08,0.55
15060,Cocoto Magic Circus,Wii,2008,Shooter,Neko Entertainment,0.02,0,0,0,0.02
14849,Tokushu Houdoubu,PSV,2012,Adventure,Nippon Ichi Software,0,0,0.03,0,0.03
9010,Adventure Time: Explore the Dungeon Because I Don't Know!,3DS,2013,Action,D3Publisher,0.1,0.03,0,0.01,0.14
1753,Mega Man X,SNES,1993,Platform,Capcom,0.57,0.08,0.5,0.01,1.16
2340,CSI: Hard Evidence,Wii,2008,Adventure,Ubisoft,0.36,0.43,0,0.1,0.89
8436,Sega Superstars,PS2,2004,Misc,Sega,0.08,0.06,0,0.02,0.17
3644,Legends of WrestleMania,PS3,2009,Fighting,THQ,0.3,0.17,0,0.07,0.55
1458,Mario & Luigi: Partners in Time,DS,2005,Role-Playing,Nintendo,0.77,0.07,0.43,0.08,1.34
9024,Okaeri! Chibi-Robo! Happy Richie Oosouji,DS,2009,Adventure,Nintendo,0,0,0.14,0,0.14
5087,Paws & Claws: Pampered Pets,DS,2009,Simulation,THQ,0.35,0,0,0.03,0.37
9207,Power Gig: Rise of the SixString,PS3,2010,Misc,Unknown,0.13,0,0,0.01,0.14
6096,Ratatouille: Food Frenzy,DS,2007,Puzzle,THQ,0.26,0,0,0.02,0.29
2453,Sniper Elite V2,X360,2012,Shooter,505 Games,0.46,0.29,0.02,0.07,0.85
6195,NCAA March Madness 2005,XB,2004,Sports,Electronic Arts,0.21,0.06,0,0.01,0.28
755,Star Wars: Rogue Squadron,N64,1998,Simulation,Nintendo,1.6,0.46,0.08,0.03,2.17
14579,Heroes of Hellas 2: Olympia,DS,2012,Puzzle,Unknown,0,0.03,0,0,0.03
15044,Vitamin Z Revolution,PSP,2010,Adventure,D3Publisher,0,0,0.02,0,0.02
12730,Aggressive Inline,GC,2002,Sports,Acclaim Entertainment,0.04,0.01,0,0,0.06
3378,Disney Infinity 2.0: Marvel Super Heroes,PS4,2014,Action,Disney Interactive Studios,0.26,0.24,0,0.1,0.6
2217,Phantasy Star Portable,PSP,2008,Role-Playing,Sega,0.19,0.06,0.63,0.05,0.94
13641,Amnesia,PSP,2011,Adventure,Idea Factory,0,0,0.04,0,0.04
4726,Fantastic Pets,X360,2011,Simulation,THQ,0.3,0.08,0,0.03,0.41
6244,True Crime: New York City,XB,2005,Action,Activision,0.21,0.06,0,0.01,0.28
4125,Theme Park Roller Coaster,PS2,2000,Strategy,Electronic Arts,0.23,0.18,0,0.06,0.48
4082,F.E.A.R. 2: Project Origin,PS3,2009,Shooter,Warner Bros. Interactive Entertainment,0.19,0.21,0.01,0.08,0.49
5980,Fisherman's Bait 2: Big Ol' Bass,PS,1999,Sports,Konami Digital Entertainment,0.16,0.11,0,0.02,0.29
9826,Sega Soccer Slam,PS2,2002,Sports,Sega,0.06,0.05,0,0.02,0.12
7270,Shin Megami Tensei x Fire Emblem,WiiU,2015,Role-Playing,Nintendo,0.1,0.04,0.06,0.01,0.22
1512,High School Musical 3: Senior Year DANCE!,Wii,2008,Misc,Disney Interactive Studios,0.68,0.49,0,0.13,1.31
4573,Ben 10 Alien Force: Vilgax Attacks,PSP,2009,Action,D3Publisher,0.13,0.19,0,0.11,0.42
3445,Tokimeki Memorial: Forever with You,PS,1995,Simulation,Konami Digital Entertainment,0,0,0.55,0.04,0.58
4351,My Fashion Studio,DS,2007,Misc,Ubisoft,0.41,0.01,0,0.03,0.45
2598,Alien,2600,1981,Action,20th Century Fox Video Games,0.74,0.04,0,0.01,0.79
12804,Grand Kingdom,PS4,2015,Role-Playing,Nippon Ichi Software,0.02,0,0.03,0,0.06
8517,Hannah Montana: Rock Out the Show,PSP,2009,Misc,Disney Interactive Studios,0.13,0.01,0,0.02,0.16
10898,Ford Mustang: The Legend Lives,XB,2005,Racing,Take-Two Interactive,0.07,0.02,0,0,0.09
13081,Bakusou Kyoudai Let's & Go!! Eternal Wings,PS,1998,Racing,Jaleco,0,0,0.05,0,0.05
8005,Harvest Moon: A Wonderful Life Special Edition,PS2,2004,Simulation,505 Games,0.09,0.07,0,0.02,0.18
16439,Worms 2,PC,1997,Strategy,Microprose,0,0.01,0,0,0.01
13035,Top Spin 2,DS,2006,Sports,Take-Two Interactive,0.05,0,0,0,0.05
10803,Who Wants to Be A Millionaire?,X360,2011,Misc,Ubisoft,0.09,0,0,0.01,0.1
7999,Major League Baseball 2K10,PS3,2010,Sports,Take-Two Interactive,0.17,0,0,0.01,0.18
15221,Iron Phoenix,XB,2005,Fighting,Sega,0.02,0,0,0,0.02
11335,Miami Nights: Singles in the City,DS,2008,Simulation,Ubisoft,0.08,0,0,0.01,0.08
12166,Future Card Buddy Fight: Yuujou no Bakunetsu Fight,3DS,2015,Action,FuRyu,0,0,0.07,0,0.07
9599,Avatar: The Last Airbender - Into the Inferno,DS,2008,Adventure,THQ,0.11,0.01,0,0.01,0.13
2843,Terraria,X360,2013,Action,505 Games,0.35,0.31,0,0.06,0.72
13823,Burnout Paradise: The Ultimate Box,X360,2009,Racing,Electronic Arts,0,0.03,0,0,0.04
1282,Wario Land II,GB,1997,Platform,Nintendo,0.7,0.35,0.39,0.04,1.48
1106,NBA Live 2003,PS2,2002,Sports,Electronic Arts,1.25,0.15,0.03,0.22,1.66
3142,Crash: Twinsanity,PS2,2004,Platform,Vivendi Games,0.32,0.25,0,0.08,0.64
14277,Living Legends: Frozen Beauty,PC,2014,Action,Big Fish Games,0,0.03,0,0,0.03
3602,Batman Begins,PS2,2005,Action,Electronic Arts,0.27,0.21,0,0.07,0.56
2499,MLB SlugFest 20-03,PS2,N/A,Sports,Unknown,0.41,0.32,0,0.11,0.83
4685,TERA,PC,N/A,Role-Playing,Unknown,0.24,0.12,0,0.05,0.41
13044,Downforce,PS2,2002,Racing,Avalon Interactive,0.03,0.02,0,0.01,0.05
7198,Puss in Boots,Wii,2011,Action,THQ,0.19,0.01,0,0.01,0.22
6538,The Amazing Spider-Man 2 (2014),X360,2014,Action,Activision,0.1,0.14,0,0.02,0.26
1775,High School Musical 2: Work This Out!,DS,2008,Misc,Disney Interactive Studios,0.5,0.52,0,0.13,1.15
5183,Tiger Woods PGA Tour 09,PSP,2008,Sports,Electronic Arts,0.07,0.19,0,0.1,0.36
5937,Wanted: Weapons of Fate,PS3,2009,Shooter,Warner Bros. Interactive Entertainment,0.14,0.1,0.01,0.05,0.3
960,DDRMAX2: Dance Dance Revolution,PS2,2003,Simulation,Konami Digital Entertainment,1.05,0.59,0,0.18,1.81
13163,Tokimeki Memorial Girl's Side 2nd Kiss,PS2,2006,Adventure,Konami Digital Entertainment,0,0,0.05,0,0.05
10559,Dark Summit,XB,2001,Sports,THQ,0.08,0.02,0,0,0.1
12812,My Horse & Me: Riding for Gold,Wii,2008,Sports,Atari,0.04,0.02,0,0,0.06
1571,Kung Fu Panda,DS,2008,Action,Activision,0.56,0.57,0,0.14,1.26
9318,Deepak Chopra's Leela,Wii,2011,Misc,THQ,0.11,0.01,0,0.01,0.14
16125,Theatre Of War,PC,2007,Strategy,Kalypso Media,0,0.01,0,0,0.01
8329,Batman Begins,GBA,2005,Action,Electronic Arts,0.12,0.05,0,0,0.17
4820,Final Fantasy Crystal Chronicles: The Crystal Bearers,Wii,2009,Action,Square Enix,0.22,0.08,0.08,0.03,0.4
14594,Rugby League Live,PS3,2010,Sports,Home Entertainment Suppliers,0,0.02,0,0.01,0.03
13324,Pet Vet: Down Under,DS,2009,Simulation,Deep Silver,0.04,0,0,0,0.05
583,Medal of Honor,X360,2010,Shooter,Electronic Arts,1.55,0.81,0.04,0.21,2.62
14294,Medarot 9: Kabuto Ver. / Kuwagata Ver.,3DS,2015,Role-Playing,Rocket Company,0,0,0.03,0,0.03
15293,Final Approach 2: 1st Priority,PS2,2008,Adventure,Princess Soft,0,0,0.02,0,0.02
12667,Fatal Frame,XB,2002,Action,Tecmo Koei,0.04,0.01,0,0,0.06
12668,Flip's Twisted World,Wii,N/A,Platform,Unknown,0.05,0,0,0,0.06
1822,Crackdown 2,X360,2010,Shooter,Microsoft Game Studios,0.63,0.37,0.02,0.1,1.12
3451,The Lord of the Rings: The Third Age,PS2,2004,Role-Playing,Electronic Arts,0.49,0.02,0,0.08,0.58
3286,NBA 2K9,PS3,2008,Sports,Take-Two Interactive,0.56,0,0,0.05,0.61
3892,SoulCalibur: Broken Destiny,PSP,2009,Fighting,Namco Bandai Games,0.12,0.2,0.07,0.12,0.51
3215,Ape Escape 2,PS2,2002,Platform,Sony Computer Entertainment,0.12,0.09,0.38,0.03,0.63
5420,NHL 09,PS3,2008,Sports,Electronic Arts,0.29,0.02,0,0.03,0.34
11351,Jikkyou Powerful Pro Yakyuu 12,GC,2005,Sports,Konami Digital Entertainment,0,0,0.08,0,0.08
6763,Driver '76,PSP,2007,Racing,Ubisoft,0.03,0.14,0,0.08,0.25
15617,Koisuru Otome to Shugo no Tate Portable,PSP,2010,Adventure,Alchemist,0,0,0.02,0,0.02
14112,Supreme Ruler: Cold War,PC,2011,Strategy,Paradox Interactive,0,0.03,0,0.01,0.03
13647,Great Battle Full Blast,PSP,2012,Action,Namco Bandai Games,0,0,0.04,0,0.04
9359,Pro Yaky? Spirits 6,PS2,2009,Sports,Konami Digital Entertainment,0,0,0.13,0,0.13
11581,Dungeon Travelers 2: The Royal Library & The Monster Seal,PSP,2013,Role-Playing,Aqua Plus,0,0,0.08,0,0.08
16418,World Heroes Anthology,PS2,2007,Fighting,Ignition Entertainment,0,0,0.01,0,0.01
5787,Math Play,DS,2006,Puzzle,Ubisoft,0.28,0,0,0.02,0.31
12039,Ultimate Board Game Collection,PSP,2007,Misc,Xplosiv,0.06,0,0,0.01,0.07
8459,Mr. Do!'s Castle,2600,1983,Action,Parker Bros.,0.15,0.01,0,0,0.17
8576,Our House,DS,2009,Strategy,Majesco Entertainment,0.15,0,0,0.01,0.16
1618,Disney's Tarzan / Disney's Aladdin in Nasira's Revenge / Disney's The Emperor's New Groove Action Game,PS,2003,Misc,Sony Computer Entertainment,0.69,0.47,0,0.08,1.23
15006,Memories Off: Sorekara Again,PS2,2006,Adventure,KID,0,0,0.02,0,0.02
2968,MX vs. ATV Untamed,X360,2007,Racing,THQ,0.55,0.08,0,0.06,0.69
8539,Midway Arcade Treasures 3,PS2,2005,Misc,Midway Games,0.08,0.06,0,0.02,0.16
11872,Goosebumps HorrorLand,PS2,2008,Adventure,Scholastic Inc.,0.04,0.03,0,0.01,0.07
7034,Ultimate Duck Hunting: Hunting & Retrieving Ducks,Wii,2007,Sports,Detn8 Games,0.21,0,0,0.02,0.23
11633,Virus,SAT,1997,Shooter,Hudson Soft,0,0,0.08,0,0.08
2790,Tiger Woods PGA Tour 08,PS3,2007,Sports,Electronic Arts,0.22,0.38,0,0.14,0.74
891,Tetris DX,GB,1998,Puzzle,Nintendo,1.06,0.6,0.2,0.07,1.93
470,Dragon Ball Z: Budokai Tenkaichi 3,PS2,2007,Fighting,Atari,1.15,0,0.76,1.09,3
13731,Gal*Gun,X360,2011,Shooter,Alchemist,0,0,0.04,0,0.04
2216,Prince of Persia: The Sands of Time,XB,2003,Action,Ubisoft,0.57,0.33,0,0.04,0.94
15358,Onechanbara Special,PSP,2011,Action,D3Publisher,0,0,0.02,0,0.02
16024,Wand of Fortune Portable,PSP,2010,Adventure,Idea Factory,0,0,0.01,0,0.01
6239,AC/DC LIVE: Rock Band Track Pack,Wii,2008,Misc,MTV Games,0.25,0,0,0.02,0.28
6534,Indiana Jones and the Staff of Kings,PSP,2009,Action,Activision,0.11,0.1,0,0.06,0.26
3536,Jillian Michaels Fitness Ultimatum 2010,Wii,2009,Sports,Majesco Entertainment,0.52,0.01,0,0.04,0.57
10253,Michael Jackson: The Experience,PSV,2011,Misc,Ubisoft,0.05,0.04,0,0.02,0.11
5160,Left 4 Dead 2,PC,2009,Shooter,Valve Software,0,0.32,0,0.04,0.37
2242,Brothers in Arms: Hell's Highway,PS3,2008,Shooter,Ubisoft,0.44,0.34,0,0.15,0.93
10578,Monster Rancher EVO,PS2,2005,Role-Playing,Tecmo Koei,0.02,0.02,0.05,0.01,0.1
2873,Jeremy McGrath Supercross 2000,PS,2000,Racing,Acclaim Entertainment,0.4,0.27,0,0.05,0.71
10650,Cate West: The Vanishing Files,DS,2008,Adventure,Oxygen Interactive,0.08,0.01,0,0.01,0.1
2625,FIFA Soccer 2004,XB,2003,Sports,Electronic Arts,0.24,0.49,0,0.05,0.79
11172,F.E.A.R. Files,X360,2007,Shooter,Vivendi Games,0.07,0.01,0,0.01,0.09
5363,Classic NES Series: Ice Climber,GBA,2004,Platform,Nintendo,0.1,0.04,0.2,0.01,0.34
15863,Contrast,PC,2013,Platform,Focus Home Interactive,0,0.01,0,0,0.02
1840,Tom Clancy's Splinter Cell: Chaos Theory,XB,2005,Action,Ubisoft,0.68,0.38,0,0.05,1.11
11571,Evil Dead: Regeneration,XB,2005,Action,THQ,0.06,0.02,0,0,0.08
16514,Pony Friends 2,PC,2009,Simulation,Eidos Interactive,0,0.01,0,0,0.01
11250,MetropolisMania,PS2,2001,Strategy,Natsume,0.04,0.03,0,0.01,0.09
12934,Utawarerumono: Futari no Hakuoro,PSV,2016,Misc,Aqua Plus,0,0,0.05,0,0.05
7069,Musou Orochi Z,PS3,2009,Action,Tecmo Koei,0,0,0.23,0,0.23
573,Medal of Honor Heroes,PSP,2006,Shooter,Electronic Arts,0.86,1.11,0.01,0.66,2.65
1906,The Orange Box,PS3,2007,Shooter,Electronic Arts,0.28,0.59,0,0.22,1.08
12290,Paws & Claws: Marine Rescue,DS,2011,Simulation,THQ,0.06,0,0,0,0.06
14501,Katekyoo Hitman Reborn! Kizuna no Tag Battle,PSP,2010,Fighting,Marvelous Interactive,0,0,0.03,0,0.03
15190,Quiz Present Variety Q-Sama!! DS: Pressure Study x Atama Gai Kunaru Drill SP,DS,2011,Misc,Plenty,0,0,0.02,0,0.02
2105,Fallout 3,PC,2008,Role-Playing,Bethesda Softworks,0.02,0.88,0,0.08,0.99
7050,Project CARS,XOne,2015,Racing,Slightly Mad Studios,0.08,0.13,0,0.02,0.23
14323,Madou Monogatari,SAT,1998,Role-Playing,Compile,0,0,0.03,0,0.03
15212,So Blonde,PC,2008,Adventure,Eidos Interactive,0,0.02,0,0,0.02
886,X-Men Legends,PS2,2004,Role-Playing,Activision,1,0.72,0,0.21,1.93
6169,Rocket Power: Beach Bandits,GBA,2002,Platform,THQ,0.2,0.07,0,0.01,0.28
13105,LEGO The Hobbit,PC,2014,Action,Warner Bros. Interactive Entertainment,0,0.04,0,0.01,0.05
16482,Agatha Christie: Peril at End House,PC,2009,Adventure,JoWood Productions,0,0.01,0,0,0.01
1384,2Xtreme,PS,1996,Sports,Sony Computer Entertainment,1.15,0.2,0,0.05,1.4
10125,Pac-Man and the Ghostly Adventures 2,X360,2014,Adventure,Namco Bandai Games,0.05,0.05,0,0.01,0.11
2638,Puzzler World,DS,2009,Puzzle,Ubisoft,0.41,0.3,0,0.07,0.78
6687,NBA Showtime: NBA on NBC,N64,1999,Sports,Midway Games,0.23,0.02,0,0,0.25
1981,Dave Mirra Freestyle BMX,PS,2000,Sports,Acclaim Entertainment,0.91,0.11,0,0.03,1.05
10424,Gravity Games Bike: Street Vert Dirt,PS2,2002,Sports,Midway Games,0.05,0.04,0,0.01,0.1
7308,EVE Online,PC,2003,Role-Playing,CCP,0,0.19,0,0.02,0.22
5254,Ganbare Goemon 3: Shishi Jyuurokubei no Karakuri Manji Katame,SNES,1994,Platform,Konami Digital Entertainment,0,0,0.36,0,0.36
16175,Military History: Commander - Europe at War,DS,2009,Strategy,Slitherine Software,0,0.01,0,0,0.01
1173,MySims Kingdom,DS,2008,Simulation,Electronic Arts,0.81,0.6,0.01,0.17,1.58
4417,Teenage Mutant Ninja Turtles 2: Battle Nexus,PS2,2004,Action,Konami Digital Entertainment,0.22,0.17,0,0.06,0.44
509,Mortal Kombat,PS3,2011,Fighting,Warner Bros. Interactive Entertainment,1.98,0.55,0,0.32,2.85
16130,Madden NFL 13,PS3,2012,Sports,Electronic Arts,0,0.01,0,0,0.01
13571,Little Battlers eXperience W,PSV,2012,Role-Playing,Level 5,0,0,0.04,0,0.04
16286,The Chronicles of Riddick: Assault on Dark Athena,PC,2009,Shooter,Vivendi Games,0,0.01,0,0,0.01
1199,Tom Clancy's Rainbow Six 3,XB,2003,Shooter,Ubisoft,0.91,0.57,0,0.07,1.55
13443,LEGO Friends,3DS,2013,Action,Warner Bros. Interactive Entertainment,0,0.04,0,0,0.05
16597,Men in Black II: Alien Escape,GC,2003,Shooter,Infogrames,0.01,0,0,0,0.01
3980,Star Wars: Jedi Starfighter,PS2,2002,Simulation,Activision,0.24,0.19,0,0.06,0.5
4900,NBA Live 09,PS2,2008,Sports,Electronic Arts,0.32,0.01,0.01,0.05,0.39
1742,EA Sports Active: More Workouts,Wii,2009,Sports,Electronic Arts,0.78,0.28,0,0.1,1.16
3234,Wet,PS3,2009,Shooter,Bethesda Softworks,0.22,0.27,0.01,0.11,0.63
11044,Carnival Games: Wild West 3D,3DS,2011,Misc,Take-Two Interactive,0.06,0.02,0,0.01,0.09
6419,Ninja Gaiden Sigma,PSV,2012,Action,Tecmo Koei,0.13,0.06,0.04,0.04,0.27
1902,Resident Evil: The Darkside Chronicles,Wii,2009,Action,Capcom,0.48,0.32,0.2,0.09,1.08
13359,Tom Clancy's Rainbow Six: Lockdown,GC,2005,Shooter,Ubisoft,0.04,0.01,0,0,0.05
12358,Kuukan * Zukei: Hirameki Training - KuuTore,DS,2008,Misc,Benesse,0,0,0.06,0,0.06
6792,Command & Conquer 3: Kane's Wrath,X360,2008,Strategy,Electronic Arts,0.16,0.06,0,0.02,0.24
11556,Boxing Fever,GBA,2001,Sports,THQ,0.06,0.02,0,0,0.08
3728,Pachi-Slot Aruze Oukoku 2,PS,1999,Misc,Aruze Corp,0,0,0.5,0.04,0.54
12557,Pop Cutie! Street Fashion Simulation,DS,2008,Simulation,Tecmo Koei,0.06,0,0,0,0.06
805,Mario Party 5,GC,2003,Misc,Nintendo,0.97,0.33,0.73,0.06,2.08
1228,Tiger Woods 99 PGA Tour Golf,PS,1997,Sports,Electronic Arts,0.85,0.58,0,0.1,1.53
607,Madden NFL 09,X360,2008,Sports,Electronic Arts,2.21,0.12,0,0.2,2.54
729,Scribblenauts,DS,2009,Puzzle,Warner Bros. Interactive Entertainment,1.71,0.32,0.02,0.18,2.22
8072,Rabbids Party Collection,Wii,2010,Misc,Ubisoft,0,0.16,0,0.02,0.18
11306,PAC-MAN and the Ghostly Adventures,X360,2013,Platform,Namco Bandai Games,0.04,0.03,0,0.01,0.08
7234,ATV Quad Kings,Wii,2009,Racing,Zoo Digital Publishing,0.21,0,0,0.01,0.22
31,Pokémon Yellow: Special Pikachu Edition,GB,1998,Role-Playing,Nintendo,5.89,5.04,3.12,0.59,14.64
5180,NARC,PS2,2005,Shooter,Midway Games,0.18,0.14,0,0.05,0.36
9548,Mystic Ark,SNES,1995,Role-Playing,Enix Corporation,0,0,0.13,0,0.13
14691,Cossacks: European Wars,PC,2001,Strategy,Strategy First,0,0.02,0,0,0.03
10869,Cabela's North American Adventures,PSP,2010,Sports,Activision,0.08,0,0,0.01,0.09
9578,Gravity Rush Remastered,PS4,2015,Action,Sony Computer Entertainment,0.02,0.05,0.04,0.01,0.13
11332,Chibi Maruko-Chan: Harikiri 365-Nichi no Maki,SNES,1991,Misc,Epoch,0,0,0.08,0,0.08
10068,International Track & Field 2000,PS,1999,Sports,Konami Digital Entertainment,0.06,0.04,0,0.01,0.11
1436,Marvel vs. Capcom 3: Fate of Two Worlds,PS3,2011,Fighting,Capcom,0.81,0.29,0.11,0.14,1.35
13203,Power Spike Pro Beach Volleyball,PS,2000,Sports,Infogrames,0.03,0.02,0,0,0.05
8472,Star Wars: Super Bombad Racing,PS2,2001,Racing,LucasArts,0.08,0.06,0,0.02,0.16
12377,Rurouni Kenshin: Meiji Kenkaku Romantan Saisen,PSP,2011,Fighting,Namco Bandai Games,0,0,0.06,0,0.06
10535,Dora & Kai-Lan's Pet Shelter,DS,2011,Strategy,Take-Two Interactive,0.08,0.01,0,0.01,0.1
11092,Prinny: Can I Really Be the Hero?,PSP,2008,Platform,Tecmo Koei,0.02,0.01,0.05,0.01,0.09
15321,Nisenochigiri,PSP,2010,Adventure,Idea Factory,0,0,0.02,0,0.02
498,World Soccer Winning Eleven 7 International,PS2,2003,Sports,Konami Digital Entertainment,0.08,1.24,1.13,0.45,2.9
4763,Just Dance Kids 2,X360,2011,Misc,Ubisoft,0.29,0.09,0,0.03,0.41
9868,Backyard Sports Football: Rookie Rush,X360,2010,Sports,Atari,0.11,0,0,0.01,0.12
413,Wii Music,Wii,2008,Misc,Nintendo,1.36,1.13,0.46,0.32,3.27
6921,Danganronpa: Trigger Happy Havoc,PSP,N/A,Misc,Unknown,0,0,0.24,0,0.24
4204,MTV Music Generator,PS,1999,Misc,Codemasters,0.26,0.18,0,0.03,0.47
15253,Terminator 3: The Redemption,GC,2004,Shooter,Atari,0.02,0,0,0,0.02
4203,FIFA 12,PC,2011,Sports,Electronic Arts,0.04,0.33,0,0.1,0.47
5129,Dragonfire,2600,1981,Action,Imagic,0.35,0.02,0,0,0.37
974,Dragon Quest Monsters: Joker,DS,2006,Role-Playing,Square Enix,0.23,0.03,1.49,0.03,1.78
7296,Kanzen Chuuki Pro Yakyuu Greatest Nine,SAT,1995,Sports,Sega,0,0,0.22,0,0.22
8256,Kekkaishi: Karasumori Ayakashi Kidan,DS,2007,Action,Namco Bandai Games,0,0,0.17,0,0.17
9935,King of Colosseum (Red): Shin Nippon x Zen Nippon x Pancrase Disc,PS2,2002,Fighting,Spike,0,0,0.12,0,0.12
7452,Super Robot Taisen K,DS,2009,Strategy,Namco Bandai Games,0,0,0.21,0,0.21
219,Assassin's Creed,PS3,2007,Adventure,Ubisoft,1.91,2,0.09,0.83,4.83
9617,Cabela's Dangerous Hunts 2011,DS,2010,Sports,Activision,0.12,0,0,0.01,0.13
8353,Jikkyou Powerful Pro Yakyuu 2013,PSP,2013,Sports,Konami Digital Entertainment,0,0,0.17,0,0.17
1477,Triple Play 2001,PS,2000,Sports,Electronic Arts,0.74,0.5,0,0.09,1.33
13602,The Invincible Iron Man,GBA,2002,Action,Activision,0.03,0.01,0,0,0.04
14996,Tropico 4: Modern Times,PC,2012,Strategy,Kalypso Media,0,0.02,0,0,0.02
3905,Dynasty Warriors,PSP,2004,Action,Tecmo Koei,0.18,0.01,0.3,0.02,0.51
4202,NHL 16,XOne,2015,Sports,Electronic Arts,0.37,0.05,0,0.05,0.47
15017,SimCity Societies,PC,2007,Simulation,Electronic Arts,0,0.02,0,0,0.02
10277,Silly Bandz: Play The Craze,DS,2010,Puzzle,Deep Silver,0.1,0,0,0.01,0.11
5229,Worms: Open Warfare 2,DS,2007,Strategy,THQ,0.07,0.25,0,0.04,0.36
9668,Nippon Daihyou Team no Kantoku ni Narou! Sekaihatsu Soccer RPG,SAT,1998,Sports,Sega,0,0,0.12,0,0.12
12265,Discworld,PS,1994,Adventure,Psygnosis,0.04,0.02,0,0,0.06
2696,Street Fighter Alpha: Warriors' Dreams,PS,1995,Fighting,Virgin Interactive,0.17,0.11,0.43,0.05,0.76
10687,Initial D: Street Stage,PSP,2006,Racing,Sega,0,0,0.1,0,0.1
1993,Dragon Ball Z: Budokai Tenkaichi 3,Wii,2007,Fighting,Atari,0.33,0.37,0.26,0.09,1.04
12096,Resident Evil 5,PC,2009,Action,Capcom,0.01,0.04,0,0.01,0.07
14222,Call of Juarez: Bound in Blood,PC,2009,Shooter,Ubisoft,0,0.03,0,0.01,0.03
12495,Rurouni Kenshin: Meiji Kenyaku Romantan - Kansen,PSP,2012,Action,Namco Bandai Games,0,0,0.06,0,0.06
8536,My Baby 3 & Friends,DS,2010,Simulation,Majesco Entertainment,0.13,0.02,0,0.01,0.16
1133,NCAA Football 2005,PS2,2004,Sports,Electronic Arts,1.32,0.09,0,0.22,1.62
15528,Teenage Mutant Ninja Turtles Double Pack,GBA,2006,Action,Konami Digital Entertainment,0.01,0,0,0,0.02
10258,Tyco RC: Assault with a Battery,PS,1999,Racing,Syscom,0.06,0.04,0,0.01,0.11
10499,Little Battlers eXperience W,3DS,2013,Role-Playing,Level 5,0,0,0.1,0,0.1
11740,Gale Racer,SAT,1994,Racing,Sega,0,0,0.07,0,0.07
3479,JoJo's Bizarre Adventure: All Star Battle,PS3,2013,Fighting,Namco Bandai Games,0.05,0.02,0.5,0.01,0.58
2839,Kouchuu Ouja Mushi King,GBA,2005,Action,Sega,0,0,0.7,0.02,0.72
449,Mass Effect 2,X360,2010,Role-Playing,Electronic Arts,1.99,0.82,0.03,0.27,3.11
12997,Ultra Bust-A-Move,XB,2004,Puzzle,505 Games,0.04,0.01,0,0,0.05
12124,Shin Lucky * Star: Moe Drill ~Tabidachi~,DS,2007,Action,Kadokawa Shoten,0,0,0.07,0,0.07
1956,NFL Quarterback Club 98,N64,1997,Sports,Acclaim Entertainment,1.01,0.05,0,0.01,1.06
8843,NBA 09: The Inside,PS3,2008,Sports,Sony Computer Entertainment,0.14,0,0,0.01,0.15
8475,Ar Nosurge: Ode to an Unborn Star,PS3,2014,Role-Playing,Tecmo Koei,0.05,0.04,0.06,0.02,0.16
726,Dance Dance Revolution X2,PS2,2009,Simulation,Konami Digital Entertainment,1.09,0.85,0,0.28,2.23
3079,The Sims: Bustin' Out,GC,2003,Simulation,Electronic Arts,0.43,0.2,0,0.03,0.66
5664,Manhunt 2,PSP,2007,Action,Take-Two Interactive,0.04,0.18,0,0.1,0.32
10011,Smash Cars,PS2,2003,Racing,Metro 3D,0.06,0.04,0,0.01,0.11
2418,Rocky,PS2,2002,Fighting,Rage Software,0.42,0.33,0,0.11,0.86
10745,Touch Detective,DS,2006,Adventure,505 Games,0.06,0.03,0,0.01,0.1
2961,The Sly Collection,PS3,2010,Platform,Sony Computer Entertainment,0.52,0.09,0.01,0.07,0.69
9699,Solitaire & Mahjong,Wii,2009,Puzzle,Crave Entertainment,0.11,0,0,0.01,0.12
8003,Dance Dance Revolution: Disney Grooves,Wii,2009,Simulation,Konami Digital Entertainment,0.17,0,0,0.01,0.18
9234,Ape Escape Academy (jp sales),PSP,2004,Misc,Sony Computer Entertainment,0,0,0.13,0,0.14
804,Dance Dance Revolution: Hottest Party,Wii,2007,Simulation,Konami Digital Entertainment,1.36,0.52,0,0.2,2.08
2476,Metroid: Zero Mission,GBA,2004,Adventure,Nintendo,0.6,0.22,0,0.01,0.84
5891,MySims Party,DS,2009,Simulation,Electronic Arts,0.15,0.12,0,0.03,0.3
4329,Resistance: Burning Skies,PSV,2012,Shooter,Sony Computer Entertainment,0.21,0.16,0.02,0.07,0.45
13089,Second Sight,GC,2004,Adventure,Codemasters,0.04,0.01,0,0,0.05
1831,Worldwide Soccer Manager 2008,PC,2007,Sports,Russel,0,1.12,0,0,1.12
5547,MVP Baseball 2005,GC,2005,Sports,Electronic Arts,0.25,0.07,0,0.01,0.33
5691,WipEout Pulse,PSP,2007,Racing,Sony Computer Entertainment,0.13,0.12,0,0.06,0.32
6714,Devil Kings,PS2,2005,Action,Capcom,0.03,0.03,0.18,0.01,0.25
10783,Paws & Claws: Pet Vet,Wii,2009,Simulation,THQ,0.09,0,0,0.01,0.1
8609,MotionSports: Adrenaline,PS3,2011,Sports,Ubisoft,0.08,0.06,0,0.03,0.16
2184,Kessen,PS2,2000,Strategy,Electronic Arts,0.27,0.21,0.41,0.07,0.95
15264,Mario Tennis,3DS,N/A,Sports,N/A,0,0,0.02,0,0.02
4382,Silent Hill: Homecoming,X360,N/A,Action,Konami Digital Entertainment,0.25,0.16,0,0.04,0.45
11564,Final Fantasy XI: Vana'diel Collection 2008,PS2,2007,Role-Playing,Square Enix,0.03,0.03,0.01,0.01,0.08
1444,Alan Wake,X360,2010,Action,Microsoft Game Studios,0.66,0.51,0.05,0.13,1.35
14477,To LoveRu Trouble: Doki Doki! Rinkaigakkou-Hen,PSP,2008,Adventure,Marvelous Interactive,0,0,0.03,0,0.03
2299,MLB 2005,PS2,2004,Sports,Sony Computer Entertainment,0.44,0.35,0,0.12,0.9
10926,Henry Hatsworth in the Puzzling Adventure,DS,2009,Puzzle,Electronic Arts,0.08,0.01,0,0.01,0.09
11839,Maximum Chase,XB,2002,Racing,Microsoft Game Studios,0.05,0.02,0,0,0.07
393,FIFA Soccer 2003,PS2,2002,Sports,Electronic Arts,0.46,2.28,0.05,0.61,3.4
5426,Disney Sing It: Pop Hits,PS2,2009,Misc,Disney Interactive Studios,0.1,0.02,0,0.22,0.34
5884,Tropico 5,PS4,2015,Simulation,Kalypso Media,0.05,0.16,0.05,0.04,0.3
12168,Major League Baseball 2K10,PSP,2010,Sports,Take-Two Interactive,0.06,0,0,0,0.07
15680,Balls of Fury,DS,2007,Sports,Zoo Digital Publishing,0.02,0,0,0,0.02
5654,Harry Potter and the Half-Blood Prince,X360,2009,Action,Electronic Arts,0.17,0.12,0,0.03,0.32
11945,Rock Band Country Track Pack 2,PS3,2011,Misc,MTV Games,0.07,0,0,0.01,0.07
14048,Swords,Wii,N/A,Fighting,Unknown,0.03,0,0,0,0.04
13881,Monster High: New Ghoul in School,X360,2015,Action,Little Orbit,0,0.04,0,0,0.04
2048,NBA Jam Tournament Edition,SNES,1995,Sports,Acclaim Entertainment,0.87,0.12,0,0.02,1.01
1718,Super Ghouls 'n Ghosts,SNES,1991,Platform,Capcom,0.5,0.14,0.52,0.02,1.18
15289,Ore no Yome: Anata Dake no Hanayome,X360,2010,Adventure,Idea Factory,0,0,0.02,0,0.02
4852,Rapala Pro Bass Fishing 2010,X360,2010,Sports,Activision,0.32,0.05,0,0.03,0.4
7002,Rock Band Track Pack: Classic Rock,Wii,2009,Misc,MTV Games,0.22,0,0,0.02,0.23
11905,Pitfall: The Lost Expedition,GBA,2003,Platform,Activision,0.05,0.02,0,0,0.07
5126,Fushigi no Dungeon: Furai no Shiren 2 - Oni Shuurai! Shiren Shiro!,N64,2000,Role-Playing,ChunSoft,0,0,0.32,0.05,0.37
8081,Six Flags Fun Park,DS,2008,Misc,Brash Entertainment,0.17,0,0,0.01,0.18
65,New Super Mario Bros. 2,3DS,2012,Platform,Nintendo,3.66,3.07,2.47,0.63,9.82
2462,Petz Dogz Fashion,DS,2008,Simulation,Ubisoft,0.46,0.3,0,0.09,0.84
7614,NCAA Final Four 2004,PS2,2003,Sports,Sony Computer Entertainment,0.1,0.08,0,0.03,0.2
5179,Robots,PS2,2005,Action,Vivendi Games,0.18,0.14,0,0.05,0.36
12598,I Am In The Movie,PSP,2012,Simulation,Namco Bandai Games,0,0,0.06,0,0.06
14495,Starshot: Space Circus Fever,N64,1998,Platform,Infogrames,0.02,0.01,0,0,0.03
12479,Sacred 2: Fallen Angel,PC,2008,Role-Playing,Ascaron Entertainment GmbH,0,0.05,0,0.01,0.06
1424,NBA 2K15,PS3,2014,Sports,Take-Two Interactive,0.86,0.27,0.02,0.22,1.36
7331,Lunar: Silver Star Story Complete,SAT,1997,Role-Playing,Kadokawa Shoten,0,0,0.21,0,0.21
13107,Super Robot Taisen Neo,Wii,2009,Strategy,Namco Bandai Games,0,0,0.05,0,0.05
1010,Yoshi,NES,1991,Puzzle,Nintendo,0.7,0.13,0.91,0.01,1.75
13713,Winning Post World 2010,PS3,2010,Sports,Tecmo Koei,0,0,0.04,0,0.04
969,Call of Duty: Black Ops 3,PS3,2015,Shooter,Activision,0.49,0.96,0.07,0.27,1.79
5133,Harry Potter and the Order of the Phoenix,PSP,2007,Action,Electronic Arts,0.1,0.17,0,0.1,0.37
11499,Pilot ni Narou! 2,PS2,2001,Simulation,Victor Interactive,0,0,0.08,0,0.08
2572,The Sims 2: Pets,PSP,2006,Simulation,Electronic Arts,0.19,0.39,0,0.22,0.8
12778,KimiKiss (ebKore+),PS2,2008,Adventure,Enterbrain,0,0,0.06,0,0.06
8604,.hack//G.U. Vol.2//Reminisce (jp sales),PS2,2006,Role-Playing,Namco Bandai Games,0,0,0.16,0,0.16
9515,Whiplash,PS2,2003,Racing,Eidos Interactive,0.06,0.05,0,0.02,0.13
14792,NHL 07,XB,2006,Sports,Electronic Arts,0.02,0.01,0,0,0.03
13764,Logic Machines,DS,2009,Puzzle,City Interactive,0.04,0,0,0,0.04
5572,Major League Baseball 2K6,XB,2006,Sports,Take-Two Interactive,0.24,0.07,0,0.01,0.33
2300,SOCOM 4: U.S. Navy SEALs,PS3,2011,Shooter,Sony Computer Entertainment,0.66,0.12,0.04,0.08,0.9
7953,Kuma-Tomo,3DS,2013,Misc,Namco Bandai Games,0,0,0.19,0,0.19
1104,NBA Ballers,PS2,2004,Sports,Midway Games,0.81,0.63,0,0.21,1.66
14159,Simple DS Series Vol. 8: The Kanshikikan - Kinkyuu Shutsudou!! Jiken Genba wo Touch Seyo,DS,2006,Adventure,D3Publisher,0,0,0.03,0,0.03
1091,Disney's DuckTales,NES,1989,Platform,Capcom,0.91,0.3,0.42,0.04,1.67
2530,Shaun White Snowboarding,X360,N/A,Sports,Ubisoft,0.48,0.26,0,0.08,0.82
1608,Ridge Racer V,PS2,2000,Action,Namco Bandai Games,0.24,0.19,0.75,0.06,1.24
9104,NFL Blitz 20-03,XB,2002,Sports,Midway Games,0.11,0.03,0,0.01,0.14
2711,FIFA Soccer 11,PS2,2010,Sports,Electronic Arts,0.11,0.29,0,0.36,0.76
7657,Namco Museum Vol.4,PS,1996,Misc,Sony Computer Entertainment,0.02,0.01,0.16,0.01,0.2
13627,Duke Nukem Trilogy: Critical Mass,DS,2011,Shooter,Deep Silver,0.04,0,0,0,0.04
9270,Vampire Moon: The Mystery of the Hidden Sun,DS,2010,Adventure,City Interactive,0.12,0.01,0,0.01,0.14
13963,Da Capo I & II Plus Situation Portable,PSP,2010,Adventure,Kadokawa Shoten,0,0,0.04,0,0.04
2550,Tom Clancy's Rainbow Six 3,PS2,2004,Shooter,Ubisoft,0.4,0.31,0,0.1,0.81
6685,Don King Presents: Prizefighter,X360,2008,Sports,Take-Two Interactive,0.14,0.08,0,0.02,0.25
9159,Injustice: Gods Among Us,PSV,2013,Fighting,Warner Bros. Interactive Entertainment,0.11,0.01,0,0.02,0.14
2812,DiRT 3,X360,2011,Racing,Codemasters,0.23,0.41,0.01,0.08,0.73
4520,InuYasha: The Secret of the Cursed Mask,PS2,2004,Role-Playing,Namco Bandai Games,0.21,0.17,0,0.06,0.43
13409,Hero Bank 2,3DS,2014,Role-Playing,Sega,0,0,0.05,0,0.05
3804,F.E.A.R. 2: Project Origin,X360,2009,Shooter,Warner Bros. Interactive Entertainment,0.32,0.15,0,0.05,0.53
3103,F-Zero GX,GC,2003,Racing,Nintendo,0.41,0.11,0.12,0.02,0.65
3741,Hello Kitty: Big City Dreams,DS,2008,Puzzle,Empire Interactive,0.42,0.08,0,0.04,0.54
16023,Uppers,PSV,2016,Action,Marvelous Entertainment,0,0,0.01,0,0.01
12195,Hyperdimension Neptunia Victory,PSV,2014,Role-Playing,Compile Heart,0,0,0.07,0,0.07
8141,Chuck E. Cheese's Party Games,DS,2010,Misc,UFO Interactive,0.17,0,0,0.01,0.18
8884,Star Trek: Voyager Elite Force,PS2,2001,Shooter,Codemasters,0.07,0.06,0,0.02,0.15
15711,Post Mortem,PC,2003,Adventure,Microids,0,0.01,0,0,0.02
8268,PlayStation Move Heroes,PS3,2011,Platform,Sony Computer Entertainment,0.08,0.06,0,0.03,0.17
14771,Buffy the Vampire Slayer: Chaos Bleeds,GC,2003,Action,Vivendi Games,0.02,0.01,0,0,0.03
7497,Thrillville,PSP,2006,Strategy,Atari,0.18,0,0,0.02,0.2
204,Super Smash Bros. for Wii U and 3DS,WiiU,2014,Fighting,Nintendo,2.59,1.06,0.8,0.57,5.02
608,Space Invaders,2600,N/A,Shooter,Atari,2.36,0.14,0,0.03,2.53
2266,Dynasty Warriors 7,PS3,2011,Action,Tecmo Koei,0.25,0.14,0.46,0.06,0.92
3243,Prince of Persia: The Forgotten Sands,X360,2010,Action,Ubisoft,0.3,0.26,0,0.06,0.62
6723,Netsu Chu! Pro Yakyuu 2002,PS2,2002,Sports,Namco Bandai Games,0,0,0.25,0,0.25
10282,Real World Golf,PS2,2005,Sports,Valcon Games,0.05,0.04,0,0.01,0.11
6104,The Golden Compass,PS3,2007,Action,Sega,0.14,0.1,0,0.05,0.29
5763,TRON: Evolution,X360,2010,Action,Disney Interactive Studios,0.24,0.05,0,0.02,0.31
1939,NCAA Football 99,PS,1998,Sports,Electronic Arts,0.59,0.4,0,0.07,1.06
11656,Ro-Kyu-Bu!,PSP,2011,Adventure,Kadokawa Shoten,0,0,0.08,0,0.08
5624,The Biggest Loser,DS,2009,Sports,THQ,0.18,0.11,0,0.03,0.32
10602,Rolling Stone: Drum King,Wii,2009,Misc,505 Games,0.09,0,0,0.01,0.1
11152,The Smurfs 2,WiiU,2013,Platform,Ubisoft,0.04,0.04,0,0.01,0.09
8199,NHL 2004,XB,2003,Sports,Electronic Arts,0.13,0.04,0,0.01,0.18
3332,Naruto: Ultimate Ninja,PS2,2003,Fighting,Atari,0.5,0.02,0,0.08,0.61
16580,Damnation,PC,2009,Shooter,Codemasters,0,0.01,0,0,0.01
2933,Mafia,PS2,2004,Action,Illusion Softworks,0.34,0.27,0,0.09,0.7
11549,Battlestar Galactica,XB,2003,Shooter,Vivendi Games,0.06,0.02,0,0,0.08
8531,Otogirisou,SNES,1992,Adventure,ChunSoft,0,0,0.16,0,0.16
13383,Crazy Chicken: Atlantis Quest,DS,2007,Platform,Phenomedia,0.04,0,0,0,0.05
13638,Breath of Fire III,PSP,2005,Role-Playing,Capcom,0,0.03,0,0.01,0.04
6568,Marvel Super Heroes vs. Street Fighter,PS,1998,Fighting,Virgin Interactive,0.14,0.1,0,0.02,0.26
4407,Crash: Mind Over Mutant,PSP,2008,Platform,Vivendi Games,0.11,0.22,0,0.12,0.45
2122,Grand Theft Auto: San Andreas,PC,2005,Action,Take-Two Interactive,0,0.92,0,0.05,0.98
6781,LEGO Ninjago: Shadow of Ronin,PSV,2015,Action,Warner Bros. Interactive Entertainment,0.03,0.16,0,0.05,0.24
16183,Rozen Maiden: Gebetgarten,PS2,2007,Fighting,Taito,0,0,0.01,0,0.01
16456,Winx Club: Saving Alfea,3DS,2014,Action,Namco Bandai Games,0,0.01,0,0,0.01
2920,"Transformers: Revenge of the Fallen (XBox 360, PS3, & PC Versions)",PS3,2009,Shooter,Activision,0.28,0.3,0,0.12,0.7
1359,The Legend of Zelda: The Minish Cap,GBA,2004,Action,Nintendo,0.89,0.22,0.22,0.1,1.42
6522,Gundam Battle Universe,PSP,2008,Fighting,Namco Bandai Games,0,0,0.26,0,0.26
13522,Hyperdimension Neptunia mk2,PSV,2014,Action,Compile Heart,0,0,0.04,0,0.04
1009,Crackdown,X360,2007,Shooter,Microsoft Game Studios,1,0.54,0.03,0.18,1.75
4718,NASCAR Racing,PS,1996,Racing,Pioneer LDC,0.23,0.16,0,0.03,0.41
11729,Superman Returns,DS,2006,Action,Electronic Arts,0.07,0,0,0.01,0.08
11295,The Spiderwick Chronicles,DS,2008,Action,Vivendi Games,0.08,0,0,0.01,0.08
15651,Tail of the Sun,PS,1996,Role-Playing,ArtDink,0.01,0.01,0,0,0.02
16557,Psychic Detective,PS,1995,Adventure,Electronic Arts,0.01,0,0,0,0.01
7737,DiRT Showdown,PS3,2012,Racing,Codemasters,0.02,0.13,0,0.04,0.19
7570,All Star Pro-Wrestling,PS2,2000,Fighting,SquareSoft,0,0,0.2,0,0.2
13215,NBA 2K,DC,1999,Sports,Sega,0,0,0.05,0,0.05
8624,Family Party: 30 Great Games Outdoor Fun,Wii,2009,Misc,D3Publisher,0.14,0.01,0,0.01,0.16
7784,Great Phoenix Wright: Ace Attorney - Naruhodou Ryuunosuke no Bouken,3DS,2015,Action,Capcom,0,0,0.19,0,0.19
13932,Train Simulator 2016,PC,2015,Simulation,Unknown,0,0.04,0,0,0.04
10334,The BIGS,PSP,2007,Sports,Take-Two Interactive,0.1,0,0,0.01,0.11
4659,Animal Crossing: Amiibo Festival,WiiU,2015,Misc,Nintendo,0.19,0.11,0.09,0.03,0.42
15526,uDraw Studio: Instant Artist,X360,2011,Misc,THQ,0.01,0.01,0,0,0.02
4609,American Chopper,PS2,2004,Racing,Zoo Digital Publishing,0.35,0.01,0,0.06,0.42
3249,Far Cry 4,PC,2014,Shooter,Ubisoft,0.15,0.42,0,0.05,0.62
4033,WWE Wrestlemania X8,GC,2002,Fighting,THQ,0.38,0.1,0,0.01,0.49
10876,Gradius V,PS2,2004,Shooter,Konami Digital Entertainment,0.05,0.04,0,0.01,0.09
4979,One Piece: Unlimited World Red,3DS,2013,Action,Namco Bandai Games,0.05,0.04,0.28,0.01,0.38
5940,Dreamworks Madagascar Kartz,PS3,2009,Racing,Activision,0.19,0.07,0,0.04,0.3
12460,Call of Cthulhu: Dark Corners of the Earth,XB,2005,Adventure,Take-Two Interactive,0.05,0.01,0,0,0.06
11100,The Mummy: Tomb of the Dragon Emperor,Wii,2008,Action,Vivendi Games,0.08,0,0,0.01,0.09
11781,Kenka Banchou 6: Soul & Blood,3DS,2015,Fighting,Screenlife,0,0,0.07,0,0.07
4501,007: Quantum of Solace,PS2,2008,Action,Activision,0.17,0,0,0.26,0.43
13347,Bubble Bobble Revolution,DS,2005,Puzzle,Atari,0.04,0,0,0,0.05
11833,Commandos 2: Men of Courage,XB,2002,Strategy,Eidos Interactive,0.05,0.02,0,0,0.07
1789,Dance Dance Revolution Extreme 2,PS2,2005,Simulation,Konami Digital Entertainment,0.95,0.04,0,0.16,1.14
10232,Ninja Assault,PS2,2002,Shooter,Namco Bandai Games,0.05,0.04,0,0.01,0.11
13452,SpongeBob SquarePants: Plankton's Robotic Revenge,WiiU,2013,Shooter,Activision,0,0.04,0,0,0.05
11150,Sengoku Basara 4: Sumeragi,PS3,2015,Action,Capcom,0,0,0.09,0,0.09
5551,DX Game of Life 2,PS,1997,Misc,Takara,0,0,0.31,0.02,0.33
15989,Sora no Otoshimono: DokiDoki Summer Vacation,PSP,2010,Adventure,Kadokawa Shoten,0,0,0.01,0,0.01
8563,World Series of Poker: Tournament of Champions 2007 Edition,X360,2006,Misc,Activision,0.15,0,0,0.01,0.16
7417,Gex 3: Deep Cover Gecko,N64,1999,Platform,Crave Entertainment,0.17,0.04,0,0,0.21
1435,LEGO Harry Potter: Years 5-7,Wii,N/A,Action,Warner Bros. Interactive Entertainment,0.76,0.47,0,0.13,1.36
7354,MTV Celebrity Deathmatch,XB,2003,Fighting,Gotham Games,0.16,0.05,0,0.01,0.21
1665,Test Drive 4,PS,1997,Racing,Electronic Arts,0.67,0.46,0,0.08,1.21
8555,Alone in the Dark: The New Nightmare,PS,N/A,Adventure,Infogrames,0.09,0.06,0,0.01,0.16
7263,NFL Quarterback Club 2002,PS2,2001,Sports,Acclaim Entertainment,0.11,0.08,0,0.03,0.22
4879,Rumble Roses,PS2,2004,Fighting,Konami Digital Entertainment,0.19,0.15,0,0.05,0.39
15022,Cross Channel: In Memory of All People,X360,2011,Adventure,CyberFront,0,0,0.02,0,0.02
3957,Pro Evolution Soccer 2012,X360,2011,Action,Konami Digital Entertainment,0.1,0.34,0,0.07,0.5
2213,MLB 2000,PS,1999,Sports,Sony Computer Entertainment,0.52,0.35,0,0.06,0.94
15447,Spanish for Everyone!,DS,2007,Puzzle,Activision,0.02,0,0,0,0.02
8101,Re-Volt,N64,1999,Racing,Acclaim Entertainment,0.14,0.04,0,0,0.18
10949,NBA 2K16,PC,2015,Sports,Take-Two Interactive,0.02,0.06,0,0.01,0.09
10848,Medieval II: Total War,PC,2006,Strategy,Sega,0,0.08,0,0.02,0.09
15179,Eureka Seven Vol. 2: The New Vision,PS2,2006,Shooter,Namco Bandai Games,0,0,0.02,0,0.02
5390,The Urbz: Sims in the City,XB,2004,Simulation,Electronic Arts,0.22,0.11,0,0.01,0.34
11771,NHL Open Ice,PS,1996,Sports,Midway Games,0.04,0.03,0,0,0.07
7688,Sleeping Dogs,XOne,2014,Action,Square Enix,0.1,0.09,0,0.02,0.2
7849,2002 FIFA World Cup,XB,2002,Sports,Electronic Arts,0.14,0.04,0,0.01,0.19
3954,Wet,X360,N/A,Shooter,Bethesda Softworks,0.23,0.21,0.01,0.05,0.5
8737,Space Invaders Extreme,DS,2008,Shooter,Square Enix,0.12,0.01,0.01,0.01,0.15
9812,Petz Fantasy: Moonlight Magic,DS,2010,Simulation,Ubisoft,0.11,0,0,0.01,0.12
13454,Game no Kanzume Vol 1,SCD,1994,Misc,Sega,0,0,0.04,0,0.05
13350,Ys: The Ark of Napishtim,PSP,2006,Role-Playing,Konami Digital Entertainment,0.04,0,0,0,0.05
10868,Blitz: Overtime,PSP,2006,Sports,Midway Games,0.09,0,0,0.01,0.09
11679,Quo Vadis,SAT,1995,Strategy,Glams,0,0,0.08,0,0.08
730,The Legend of Zelda: Link's Awakening DX,GB,1998,Adventure,Nintendo,1,0.63,0.45,0.13,2.22
7082,Super Swing Golf,Wii,2006,Sports,Nintendo,0.14,0.01,0.07,0.01,0.23
11863,Discovery Kids: Parrot Pals,DS,2009,Simulation,505 Games,0.07,0,0,0,0.07
1061,Saints Row 2,PS3,2008,Action,THQ,0.88,0.54,0.02,0.25,1.69
14934,Tropico Reloaded,PC,2009,Strategy,Kalypso Media,0,0.02,0,0,0.02
12987,Legend of Kay,PS2,2005,Action,JoWood Productions,0.03,0.02,0,0.01,0.05
9408,Teenage Mutant Ninja Turtles: Danger of the Ooze,3DS,2014,Adventure,Activision,0.08,0.04,0,0.01,0.13
5780,Shin Megami Tensei: Devil Summoner - Soul Hackers,SAT,1997,Role-Playing,Atlus,0,0,0.31,0,0.31
11324,Pac-Man Power Pack,PS2,2008,Misc,Namco Bandai Games,0.04,0.03,0,0.01,0.08
8981,Tiger Woods PGA Tour,DS,2004,Sports,Electronic Arts,0.13,0,0,0.01,0.15
7016,Harvest Moon GB,GB,1997,Simulation,Victor Interactive,0,0,0.23,0,0.23
5454,The X-Factor,Wii,2010,Misc,Deep Silver,0,0.29,0,0.04,0.33
9246,Bust-A-Move Deluxe,PSP,2006,Puzzle,505 Games,0.13,0,0,0.01,0.14
14929,Ghost Pirates of Vooju Island,PC,2009,Adventure,DTP Entertainment,0,0.02,0,0,0.02
16429,ESPN NBA 2Night 2002,XB,2002,Sports,Konami Digital Entertainment,0.01,0,0,0,0.01
13227,Need for Speed Underground,PC,2003,Racing,Electronic Arts,0,0.04,0,0.01,0.05
7315,Dark Summit,PS2,2001,Sports,THQ,0.11,0.08,0,0.03,0.21
9340,Bio FREAKS,PS,1998,Action,GT Interactive,0.07,0.05,0,0.01,0.13
15956,Girl Friend Beta: Kimi to Sugosu Natsuyasumi,PSV,2015,Action,Namco Bandai Games,0,0,0.02,0,0.02
2052,Monster Rancher,PS,1997,Simulation,Tecmo Koei,0.12,0.08,0.74,0.07,1.01
3205,A Bug's Life,N64,1998,Platform,Activision,0.49,0.13,0,0.01,0.63
285,The Legend of Zelda: Skyward Sword,Wii,2011,Action,Nintendo,2.14,1.2,0.37,0.4,4.1
1844,Need for Speed: ProStreet,Wii,2007,Racing,Electronic Arts,0.54,0.46,0,0.12,1.11
7070,World Series of Poker 2008: Battle for the Bracelets,PS2,2007,Misc,Activision,0.11,0.09,0,0.03,0.23
16026,Rengoku II: The Stairway to H.E.A.V.E.N. (jp sales),PSP,2006,Action,Konami Digital Entertainment,0,0,0.01,0,0.01
11566,Madden NFL 17,X360,2016,Sports,Electronic Arts,0.06,0.01,0,0.01,0.08
6491,Inazuma Eleven Strikers,Wii,2011,Role-Playing,Nintendo,0,0.01,0.25,0,0.26
4524,Wonder Project J: Kikai no Shonen Pino,SNES,1994,Simulation,Enix Corporation,0,0,0.43,0,0.43
6490,Naruto: Ultimate Ninja Heroes,PSP,2006,Fighting,Namco Bandai Games,0.26,0,0,0,0.26
7663,Pro Yaky? Spirits 2013,PSP,2013,Sports,Konami Digital Entertainment,0,0,0.2,0,0.2
14947,BeatMania IIDX 11: IIDX Red,PS2,2006,Simulation,Konami Digital Entertainment,0,0,0.02,0,0.02
3685,American Idol,PS2,2003,Misc,Codemasters,0.27,0.21,0,0.07,0.55
8469,Phantasy Star Online 2,PSV,2013,Role-Playing,Sega,0,0,0.16,0,0.16
12793,Coraline,Wii,2009,Action,D3Publisher,0.05,0,0,0,0.06
15413,Guitar Freaks V2 & DrumMania V2,PS2,2006,Simulation,Konami Digital Entertainment,0,0,0.02,0,0.02
12806,V-Rally 3,PS2,2002,Racing,Atari,0.03,0.02,0,0.01,0.06
8064,Cabela's Adventure Camp,Wii,2011,Misc,Activision,0.15,0.02,0,0.01,0.18
13795,Surf's Up,PS3,2007,Sports,Ubisoft,0.03,0,0,0,0.04
5095,Trivial Pursuit,X360,2009,Misc,Electronic Arts,0.12,0.21,0,0.04,0.37
4133,Midnight Club: Street Racing,GBA,2001,Racing,Rebellion,0.34,0.13,0,0.01,0.48
3069,Dragon Quest Monsters: Caravan Heart,GBA,2003,Role-Playing,Enix Corporation,0,0,0.64,0.02,0.66
14489,Pop'n Music 14 Fever!,PS2,2007,Misc,Konami Digital Entertainment,0,0,0.03,0,0.03
2876,Madden NFL 09,PSP,2008,Sports,Electronic Arts,0.65,0,0,0.06,0.71
15888,MuvLuv Double Pack,PSV,2016,Adventure,5pb,0,0,0.02,0,0.02
10660,Digimon All-Star Rumble,PS3,2014,Fighting,Namco Bandai Games,0.06,0.03,0,0.02,0.1
10201,Mobile Light Force 2,PS2,2002,Shooter,Taito,0.05,0.04,0,0.01,0.11
4933,Custom Robo V2,N64,2000,Fighting,Nintendo,0,0,0.34,0.05,0.39
11314,Zoids: Legacy,GBA,2003,Role-Playing,Tomy Corporation,0.06,0.02,0,0,0.08
7765,Steins;Gate,PSP,2011,Adventure,Kadokawa Shoten,0,0,0.19,0,0.19
412,True Crime: Streets of LA,PS2,2003,Action,Activision,1.89,1.05,0.02,0.31,3.27
6938,God Eater 2,PSP,2013,Role-Playing,Namco Bandai Games,0,0,0.24,0,0.24
6197,"The Chronicles of Narnia: The Lion, The Witch and The Wardrobe",GC,N/A,Action,Disney Interactive Studios,0.22,0.06,0,0.01,0.28
1930,NHL 99,PS,1997,Sports,Electronic Arts,0.59,0.4,0,0.07,1.07
7068,Pro Yakyuu Team o Tsukurou! 2,PS2,2003,Sports,Sega,0,0,0.23,0,0.23
7483,Little Battlers eXperience: Baku Boost,3DS,2012,Action,Nintendo,0,0,0.21,0,0.21
6362,Rock Revolution,X360,2008,Misc,Konami Digital Entertainment,0.25,0,0,0.02,0.27
5546,MySims SkyHeroes,DS,2010,Action,Electronic Arts,0.22,0.08,0,0.03,0.33
11428,Tornado Outbreak,X360,2009,Action,Konami Digital Entertainment,0.07,0,0,0.01,0.08
13377,Time Travelers,PSV,2012,Adventure,Level 5,0,0,0.05,0,0.05
6281,Final Fantasy X International,PS2,2004,Role-Playing,Square Enix,0,0,0.27,0,0.27
8224,SEGA Bass Fishing Duel,PS2,2002,Sports,Sega,0.09,0.07,0,0.02,0.17
2109,Xenoblade Chronicles,Wii,2010,Role-Playing,Nintendo,0.49,0.26,0.16,0.08,0.98
2789,Pirates of the Caribbean: At World's End,PS3,2007,Action,Disney Interactive Studios,0.17,0.41,0,0.15,0.74
5849,Chaos Legion,PS2,2003,Action,Capcom,0.15,0.12,0,0.04,0.3
214,Diddy Kong Racing,N64,1997,Racing,Nintendo,2.91,0.99,0.89,0.1,4.88
11283,Theme Park,SAT,1994,Simulation,Electronic Arts,0,0,0.08,0,0.08
11486,Samurai Western,PS2,2004,Action,505 Games,0.04,0.03,0,0.01,0.08
5079,The House of the Dead: Overkill - Extended Cut,PS3,2011,Shooter,Sega,0.15,0.17,0,0.06,0.38
2492,Yu-Gi-Oh! Dark Duel Stories,GB,2000,Misc,Konami Digital Entertainment,0,0,0.83,0,0.83
3043,The Fairly Odd Parents: Breakin Da Rules,PS2,2003,Platform,THQ,0.33,0.25,0,0.09,0.67
12504,My Fitness Coach: Club,Wii,2011,Sports,Ubisoft,0,0.05,0,0.01,0.06
14519,Doom 3 BFG Edition,PC,2012,Shooter,Bethesda Softworks,0,0.02,0,0.01,0.03
16526,Style Book: Cinnamoroll,DS,2006,Misc,Namco Bandai Games,0,0,0.01,0,0.01
10269,Mushroom Men: Rise of the Fungi,DS,2008,Action,SouthPeak Games,0.1,0,0,0.01,0.11
4674,Star Wars Starfighter: Special Edition,XB,2001,Simulation,LucasArts,0.3,0.1,0,0.02,0.42
8732,Deadly Premonition,PS3,2010,Action,Rising Star Games,0.08,0.05,0,0.02,0.15
5091,SAW,PS3,2009,Action,Konami Digital Entertainment,0.13,0.17,0,0.07,0.37
16563,Hanasaku Manimani,PSV,2014,Adventure,5pb,0,0,0.01,0,0.01
5118,Panzer Dragoon,SAT,1995,Shooter,Sega,0,0,0.37,0,0.37
8656,Rio,PS3,2011,Misc,THQ,0.04,0.09,0,0.03,0.16
9616,NCIS,PS3,2011,Adventure,Ubisoft,0.07,0.04,0,0.02,0.13
2686,Unlimited Saga,PS2,2002,Role-Playing,Atari,0.1,0.08,0.56,0.03,0.77
5729,Shrek: Forever After,DS,2010,Platform,Activision,0.19,0.1,0,0.03,0.31
1729,Ratchet & Clank (2016),PS4,2016,Platform,Sony Computer Entertainment,0.32,0.64,0.04,0.18,1.17
1925,Virtua Fighter,SAT,1994,Fighting,Sega,0.17,0.12,0.77,0.02,1.07
15465,Crysis: Warhead,PC,2008,Shooter,Electronic Arts,0,0.02,0,0,0.02
716,Onimusha 2: Samurai's Destiny,PS2,2002,Adventure,Capcom,0.62,0.44,1.06,0.13,2.25
7172,Breath of Fire,GBA,2001,Role-Playing,Ubisoft,0.11,0.04,0.06,0,0.22
11014,NERF N-Strike: Double Blast Bundle,Wii,2010,Shooter,Electronic Arts,0.09,0,0,0,0.09
8491,Guilty Gear Judgment,PSP,2006,Fighting,Majesco Entertainment,0.13,0,0.02,0.01,0.16
12452,Zero Escape: Zero Time Dilemma,PSV,2016,Adventure,Aksys Games,0.03,0,0.02,0.01,0.06
4588,Tony Hawk's American Wasteland,GC,2005,Sports,Activision,0.33,0.08,0,0.01,0.42
5640,My Horse & Me,Wii,2007,Sports,Atari,0.27,0.02,0,0.03,0.32
7798,Conception II: Children of the Seven Stars,PSV,2013,Role-Playing,Screenlife,0.13,0,0.04,0.02,0.19
15518,Puzzle Star Sweep,PS,1997,Puzzle,Midas Interactive Entertainment,0.01,0.01,0,0,0.02
13884,Memories Off 6: T-Wave,PS2,2008,Adventure,5pb,0,0,0.04,0,0.04
15789,Mana Khemia 2: Ochita Gakuen to Renkinjutsushi Tachi Portable+,PSP,2009,Role-Playing,Gust,0,0,0.02,0,0.02
7736,Nostalgia,DS,2008,Role-Playing,Tecmo Koei,0.16,0,0.02,0.01,0.19
5705,WarCraft II: The Dark Saga,PS,1997,Strategy,Electronic Arts,0.18,0.12,0,0.02,0.31
844,Madden NFL 15,X360,2014,Sports,Electronic Arts,1.76,0.09,0,0.17,2.02
6208,Soul Nomad & the World Eaters,PS2,2007,Role-Playing,Tecmo Koei,0.14,0.11,0,0.04,0.28
1479,UFC Undisputed 2010,X360,2010,Fighting,THQ,0.9,0.31,0,0.11,1.33
105,Need for Speed Underground,PS2,2003,Racing,Electronic Arts,3.27,2.83,0.08,1.02,7.2
1601,Transformers: Autobots / Decepticons,DS,2007,Action,Activision,1.12,0.03,0,0.09,1.24
5991,FlatOut: Head On,PSP,2008,Racing,Empire Interactive,0.13,0.11,0,0.06,0.29
1695,Scarface: The World is Yours,PS2,2006,Action,Vivendi Games,0.99,0.04,0,0.16,1.19
5202,Kirby's Dream Land 3,SNES,1997,Platform,Nintendo,0,0,0.36,0,0.36
7900,Transworld Surf,PS2,2002,Sports,Atari,0.09,0.07,0,0.02,0.19
9689,Strikers 1945,PS,1998,Shooter,Midas Interactive Entertainment,0.07,0.05,0,0.01,0.12
13914,Darklight Conflict,PS,1997,Simulation,Electronic Arts,0.02,0.01,0,0,0.04
14163,Tsuyo Kiss: Mighty Heart,PS2,2006,Adventure,Princess Soft,0,0,0.03,0,0.03
7755,"Ni Hao, Kai-lan: Super Game Day",Wii,2009,Misc,Take-Two Interactive,0.18,0,0,0.01,0.19
11272,IHRA Drag Racing: Sportsman Edition,PS2,2006,Racing,Bethesda Softworks,0.04,0.03,0,0.01,0.08
16461,Katekyoo Hitman Reborn! Kindan no Yami no Delta,Wii,2008,Action,Marvelous Interactive,0,0,0.01,0,0.01
12409,Biker Mice From Mars,PS2,2006,Racing,Game Factory,0.03,0.02,0,0.01,0.06
11501,Ken to Mahou to Gakuen Mono. Final: Shinnyusei wa Ohimesama,PSP,2011,Strategy,Acquire,0,0,0.08,0,0.08
11848,Invizimals: The Alliance,PSV,2013,Action,Sony Computer Entertainment,0,0.05,0,0.02,0.07
5896,Rayman 2: Revolution,PS2,2000,Platform,Ubisoft,0.15,0.11,0,0.04,0.3
9375,Ys: The Ark of Napishtim,PS2,2005,Role-Playing,Konami Digital Entertainment,0.07,0.05,0,0.02,0.13
7267,Dead Island,PC,2011,Action,Deep Silver,0.12,0.07,0,0.03,0.22
15003,Wangan Midnight Portable,PSP,2007,Racing,Genki,0,0,0.02,0,0.02
11290,Battlefield 2,PC,2005,Shooter,Electronic Arts,0,0.07,0,0.02,0.08
12942,Winning Post 8,PS3,2014,Racing,Tecmo Koei,0,0,0.05,0,0.05
8644,Racing Lagoon,PS,1999,Racing,Square,0,0,0.15,0.01,0.16
1475,Tony Hawk's Pro Skater,GB,2000,Sports,Activision,0.9,0.38,0.01,0.05,1.33
7654,DanceDanceRevolution,PS3,2010,Simulation,Konami Digital Entertainment,0.12,0.05,0,0.02,0.2
4015,RealSports Tennis,2600,1982,Sports,Atari,0.46,0.03,0,0.01,0.5
5201,Assassin's Creed III,WiiU,2012,Action,Ubisoft,0.19,0.13,0,0.03,0.36
4114,Secret Weapons Over Normandy,PS2,2003,Simulation,LucasArts,0.24,0.18,0,0.06,0.48
3652,Batman: Vengeance,PS2,2001,Adventure,Ubisoft,0.27,0.21,0,0.07,0.55
16201,AKB1/48: Idol to Guam de Koishitara...,X360,N/A,Misc,N/A,0,0,0.01,0,0.01
5028,Metal Gear Solid: Snake Eater 3D,3DS,2012,Action,Konami Digital Entertainment,0.15,0.11,0.1,0.02,0.38
9608,Black Dawn,PS,1996,Simulation,Virgin Interactive,0.07,0.05,0,0.01,0.13
7615,"The Chronicles of Narnia: The Lion, The Witch and The Wardrobe",XB,2005,Action,Disney Interactive Studios,0.15,0.04,0,0.01,0.2
8947,Code:Realize - Sousei no Himegimi,PSV,2014,Adventure,Idea Factory,0.09,0,0.03,0.03,0.15
12245,Cardfight!! Vanguard: Lock On Victory!!,3DS,2014,Misc,FuRyu,0,0,0.07,0,0.07
8107,Shadow The Hedgehog,XB,2005,Platform,Sega,0.13,0.04,0,0.01,0.18
7546,Tekken 3D: Prime Edition,3DS,2012,Fighting,Nintendo,0.06,0.08,0.05,0.01,0.2
5518,Clock Tower 3,PS2,2002,Adventure,Capcom,0.1,0.08,0.12,0.03,0.33
7059,NBA Live 15,PS4,2014,Sports,Electronic Arts,0.15,0.04,0,0.04,0.23
3301,Texas Hold 'Em Poker,GBA,2004,Misc,Majesco Entertainment,0.44,0.16,0,0.01,0.61
15235,Command & Conquer 3: Deluxe Edition,PC,2008,Strategy,Electronic Arts,0,0.02,0,0,0.02
8171,Juiced,XB,2005,Racing,THQ,0.13,0.04,0,0.01,0.18
6348,Command & Conquer,N64,1999,Strategy,Nintendo,0.22,0.05,0,0,0.27
7969,Ty the Tasmanian Tiger 3: Night of the Quinkan,PS2,2005,Action,Activision,0.09,0.07,0,0.02,0.19
12834,Speed Kings,XB,2003,Racing,Acclaim Entertainment,0.04,0.01,0,0,0.05
11503,Incredible Crisis,PS,1999,Action,Titus,0.04,0.03,0,0.01,0.08
3120,Kung-Fu Master,2600,1987,Action,Activision,0.6,0.04,0,0.01,0.65
6020,Ford Mustang: The Legend Lives,PS2,2005,Racing,Take-Two Interactive,0.14,0.11,0,0.04,0.29
7480,Dawn of Discovery,Wii,2009,Simulation,Ubisoft,0.13,0.06,0,0.02,0.21
11971,Theme Park,DS,2007,Simulation,Electronic Arts,0,0.03,0.03,0,0.07
15776,Shinseiki GPX Cyber Formula: Road To The INFINITY 4,PS2,2007,Racing,Sunrise Interactive,0,0,0.02,0,0.02
11157,Resident Evil: Revelations 2,X360,2015,Action,Capcom,0.04,0.04,0,0.01,0.09
1724,Ty the Tasmanian Tiger,PS2,2002,Platform,Electronic Arts,0.57,0.45,0,0.15,1.17
2864,Dragon Quest Heroes: The World's Tree Woe and the Blight Below,PS4,2015,Action,Square Enix,0.16,0.13,0.37,0.06,0.71
15858,Drakensang: The Dark Eye,PC,2009,Role-Playing,Eidos Interactive,0.01,0,0,0,0.02
15139,Shonen Jump's One Piece: Grand Adventure,PS2,2005,Fighting,Namco Bandai Games,0.01,0.01,0,0,0.02
8,Wii Play,Wii,2006,Misc,Nintendo,14.03,9.2,2.93,2.85,29.02
13676,System 3 presents Ferrari Challenge Trofeo Pirelli,DS,2008,Racing,System 3 Arcade Software,0.03,0.01,0,0,0.04
14046,Barbie and Her Sisters Puppy Rescue,3DS,2015,Action,Namco Bandai Games,0,0.03,0,0,0.04
8173,Virtua Tennis,GBA,2002,Sports,Atari,0.13,0.05,0,0,0.18
2191,WWE SmackDown vs. Raw 2009,PS3,2008,Fighting,THQ,0.51,0.31,0.01,0.13,0.95
1291,Disney Princess,GBA,2003,Platform,THQ,1.04,0.37,0,0.06,1.47
4539,EyeToy: AntiGrav,PS2,2004,Sports,Sony Computer Entertainment,0.36,0.01,0,0.06,0.43
3687,Red Dead Revolver,XB,2004,Shooter,Take-Two Interactive,0.4,0.12,0,0.02,0.55
10150,The Fairly Odd Parents: Breakin Da Rules,XB,2003,Platform,THQ,0.08,0.02,0,0,0.11
13924,Ao no Exorcist: Genkoku no Labyrinth,PSP,2012,Action,Namco Bandai Games,0,0,0.04,0,0.04
14155,Suzumiya Haruhi no Tsuisou,PS3,2011,Adventure,Namco Bandai Games,0,0,0.03,0,0.03
12122,Obscure,PS2,2004,Adventure,Microids,0.03,0.03,0,0.01,0.07
846,TouchMaster,DS,2007,Puzzle,Midway Games,0.49,1.27,0,0.25,2.01
12363,Alien Syndrome,Wii,2007,Role-Playing,Sega,0.06,0,0,0,0.06
12423,Crayon Shin-chan: Arashi o Yobu Kasukabe Eiga Stars!,3DS,2014,Adventure,Namco Bandai Games,0,0,0.06,0,0.06
590,FIFA Soccer 09,PS3,2008,Sports,Electronic Arts,0.48,1.63,0.04,0.43,2.59
253,Need for Speed: Most Wanted,PS2,2005,Racing,Electronic Arts,2.03,1.79,0.08,0.47,4.37
12258,Motion Explosion!,X360,2011,Misc,505 Games,0.05,0.01,0,0,0.06
342,Banjo-Kazooie,N64,1998,Platform,Nintendo,1.87,1.13,0.55,0.1,3.65
1966,Assassin's Creed: Rogue,X360,2014,Action,Ubisoft,0.58,0.38,0,0.09,1.05
16160,King of Fighters 2002: Unlimited Match Tougeki Ver.,PS2,2010,Fighting,SNK Playmore,0,0,0.01,0,0.01
11554,Just Dance: Disney Party 2,WiiU,2015,Action,Ubisoft,0.06,0.01,0,0.01,0.08
2881,Spyro: Enter the Dragonfly,GC,2002,Platform,Universal Interactive,0.55,0.14,0,0.02,0.71
8738,Burnout 2: Point of Impact,GC,2003,Racing,Acclaim Entertainment,0.12,0.03,0,0,0.15
1468,Ratchet & Clank: Up Your Arsenal (Weekly american sales),PS2,2004,Platform,Sony Computer Entertainment,1.27,0.05,0,0.02,1.33
10911,Championship Foosball,Wii,2008,Sports,505 Games,0.09,0,0,0.01,0.09
14129,Tokyo Majin Gakuen: Kenfuuchou,DS,2008,Adventure,Marvelous Interactive,0,0,0.03,0,0.03
5684,Power Rangers: Time Force,PS,2001,Action,THQ,0.18,0.12,0,0.02,0.32
5507,GT Advance Championship Racing,GBA,2001,Racing,THQ,0.24,0.09,0,0.01,0.33
3532,Dogz,DS,2006,Simulation,Ubisoft,0.51,0.02,0,0.04,0.57
5355,LEGO Pirates of the Caribbean: The Video Game,PSP,2011,Action,Disney Interactive Studios,0.11,0.15,0,0.08,0.34
8841,Syndicate,PS3,2012,Shooter,EA Games,0.07,0.06,0,0.02,0.15
7073,Genji: Dawn of the Samurai,PS2,2005,Action,Sony Computer Entertainment,0.11,0.09,0,0.03,0.23
3612,Catz,DS,2006,Simulation,Ubisoft,0.49,0.02,0,0.04,0.56
331,Harry Potter and the Sorcerer's Stone,PS,2001,Action,Electronic Arts,1.37,2,0.14,0.22,3.73
9639,Operation Abyss: New Tokyo Legacy,PSV,2014,Role-Playing,Nippon Ichi Software,0.04,0.01,0.06,0.02,0.13
12426,Winx Club: Quest for the Codex,DS,2006,Action,Konami Digital Entertainment,0.03,0.02,0,0.01,0.06
15258,Sugoi Hebereke,SNES,1994,Fighting,Sunsoft,0,0,0.02,0,0.02
12489,Chou Soujuu Mecha MG,DS,N/A,Simulation,N/A,0,0,0.06,0,0.06
13137,Odoru Daisousasen The Game: Sensuikan ni Sennyuu Seyo!,DS,2010,Adventure,Namco Bandai Games,0,0,0.05,0,0.05
9428,Frogger Beyond,GC,2002,Platform,Konami Digital Entertainment,0.1,0.03,0,0,0.13
13549,Advance Guardian Heroes,GBA,2004,Role-Playing,Ubisoft,0.03,0.01,0,0,0.04
5256,Mega Man Zero Collection,DS,2010,Platform,Capcom,0.21,0.02,0.11,0.02,0.36
15083,Unreal Anthology,PC,2006,Shooter,Midway Games,0,0.02,0,0,0.02
13326,National Geographic Challenge!,PS3,2011,Misc,Black Bean Games,0.01,0.03,0,0.01,0.05
12811,Impact Racing,PS,1996,Racing,JVC,0.03,0.02,0,0,0.06
10964,Wild ARMs: Alter Code F,PS2,2003,Role-Playing,Sony Computer Entertainment,0.05,0.04,0,0.01,0.09
10009,F1 Racing Championship,PS,2000,Racing,Video System,0.06,0.04,0,0.01,0.11
12361,Game Center CX: 3-Choume no Arino,3DS,2014,Action,Namco Bandai Games,0,0,0.06,0,0.06
10727,The Land Before Time: Great Valley Racing Adventure,PS,2001,Racing,TDK Mediactive,0.05,0.04,0,0.01,0.1
1377,Knockout Kings 2000,PS,1999,Fighting,Electronic Arts,1.02,0.34,0,0.05,1.41
2659,Harry Potter and the Half-Blood Prince,Wii,2009,Action,Electronic Arts,0.28,0.4,0,0.09,0.77
2447,Ratatouille,PS2,2007,Action,THQ,0.31,0,0,0.53,0.85
5056,NCAA Final Four 2000,PS,1999,Sports,989 Sports,0.21,0.14,0,0.02,0.38
833,Rayman Raving Rabbids: TV Party,Wii,2008,Misc,Ubisoft,0.73,1.09,0,0.23,2.04
7534,"Warhammer 40,000: Space Marine",PC,2011,Shooter,THQ,0.09,0.09,0,0.03,0.2
4080,Harry Potter and the Order of the Phoenix,Wii,2007,Action,Electronic Arts,0.38,0.06,0,0.04,0.49
7893,Hulk,GC,2003,Action,Universal Interactive,0.15,0.04,0,0.01,0.19
5031,NBA 2K7,PS3,2006,Sports,Take-Two Interactive,0.3,0.04,0,0.04,0.38
2908,Super Bomberman 3,SNES,1994,Puzzle,Hudson Soft,0,0,0.7,0,0.7
10754,Resident Evil: Revelations 2,XOne,2015,Action,Capcom,0.07,0.02,0,0.01,0.1
15525,WRC 2: FIA World Rally Championship,PC,2011,Racing,Ubisoft,0,0.01,0,0,0.02
11523,Doraemon: Nobita and the Island of Miracles,3DS,2012,Action,FuRyu,0,0,0.08,0,0.08
11855,River King: Mystic Valley (US sales),DS,2007,Sports,Rising Star Games,0.07,0,0,0,0.07
2135,Fire Emblem,GBA,2003,Strategy,Nintendo,0.49,0.18,0.29,0.01,0.97
3108,Monster Jam: Maximum Destruction,PS2,2002,Racing,Ubisoft,0.32,0.25,0,0.08,0.65
11777,Santa Claus Is Comin' to Town!,DS,2011,Puzzle,Crave Entertainment,0.07,0,0,0.01,0.07
8586,Jikkyou Powerful Pro Yakyuu Basic-han 2001,N64,2001,Sports,Konami Digital Entertainment,0,0,0.12,0.04,0.16
1924,Bully: Scholarship Edition,X360,2008,Action,Take-Two Interactive,0.53,0.4,0.03,0.11,1.07
9731,MotoGP 3 - Official Game of MotoGP,PS2,2003,Racing,Namco Bandai Games,0.06,0.05,0,0.02,0.12
5373,Tim Burton's The Nightmare Before Christmas: Oogie's Revenge,PS2,2004,Adventure,Disney Interactive Studios,0.17,0.13,0,0.04,0.34
4457,Naughty Bear,PS3,2010,Action,505 Games,0.18,0.18,0,0.07,0.44
358,Star Wars: Battlefront II,PS2,2005,Shooter,LucasArts,2.18,1.02,0.03,0.37,3.59
12186,Rayman Arena,XB,N/A,Racing,Unknown,0.05,0.01,0,0,0.07
739,Pro Yakyuu Family Stadium,NES,1986,Sports,Namco Bandai Games,0.15,0,2.05,0,2.2
13329,Billy the Wizard: Rocket Broomstick Racing,Wii,2007,Racing,Metro 3D,0.04,0,0,0,0.05
8776,Samurai Warriors: Katana,Wii,2007,Action,Tecmo Koei,0.11,0,0.04,0.01,0.15
15419,Pastel Chime Continue,PSP,2010,Adventure,5pb,0,0,0.02,0,0.02
14508,DJ Max Portable 3,PSP,2010,Misc,CyberFront,0.01,0,0.02,0,0.03
6148,Viewtiful Joe,PS2,2004,Action,Capcom,0.14,0.11,0,0.04,0.28
1731,Romancing SaGa 2,SNES,1993,Role-Playing,SquareSoft,0,0,1.17,0,1.17
250,Winning Eleven: Pro Evolution Soccer 2007,PS2,2006,Sports,Konami Digital Entertainment,0.1,2.39,1.05,0.86,4.39
9437,Disney's Winnie the Pooh's Rumbly Tumbly Adventure,GBA,2005,Platform,Ubisoft,0.09,0.03,0,0,0.13
248,Michael Jackson: The Experience,Wii,2010,Misc,Ubisoft,2.67,1.35,0.01,0.39,4.42
284,FIFA Soccer 07,PS2,2006,Sports,Electronic Arts,0.71,2.48,0.03,0.89,4.11
8259,Squeeballs Party,DS,2009,Puzzle,Performance Designed Products,0.16,0,0,0.01,0.17
6508,Jikkyou Powerful Pro Yakyuu 2011,PS3,2011,Sports,Konami Digital Entertainment,0,0,0.26,0,0.26
13376,Black Mirror 2,PC,2009,Adventure,DTP Entertainment,0,0.04,0,0.01,0.05
4411,Yu-Gi-Oh! Capsule Monster Coliseum,PS2,2004,Misc,Konami Digital Entertainment,0.22,0.17,0,0.06,0.44
10066,Ring of Red,PS2,2000,Strategy,Konami Digital Entertainment,0.06,0.04,0,0.01,0.11
1855,LEGO The Lord of the Rings,PS3,2012,Action,Warner Bros. Interactive Entertainment,0.36,0.53,0,0.21,1.1
10513,Vandal Hearts II,PS,1999,Strategy,Konami Digital Entertainment,0.06,0.04,0,0.01,0.1
5226,ATV/Monster Truck Mayhem,DS,2007,Racing,"Destination Software, Inc",0.33,0,0,0.02,0.36
14566,Drake & Josh: Talent Showdown,DS,2007,Adventure,THQ,0.03,0,0,0,0.03
15185,Quake 4,PC,2005,Shooter,Activision,0,0.02,0,0,0.02
9470,Disruptor,PS,1995,Shooter,Interplay,0.07,0.05,0,0.01,0.13
168,Crash Bandicoot: The Wrath of Cortex,PS2,2001,Platform,Universal Interactive,2.07,2.29,0.24,0.82,5.42
4327,Moshi Monsters: Moshlings Theme Park,DS,2012,Misc,Activision,0.03,0.37,0,0.05,0.45
3550,Bratz 4 Real,DS,2007,Adventure,THQ,0.29,0.22,0,0.06,0.57
1754,Yu-Gi-Oh! The Sacred Cards (American and Others sales),GBA,2002,Role-Playing,Konami Digital Entertainment,0.84,0.27,0,0.05,1.16
10067,Cold Winter,PS2,2005,Shooter,Vivendi Games,0.06,0.04,0,0.01,0.11
2807,Oddworld: Munch's Oddysee,XB,2001,Platform,Atari,0.54,0.16,0,0.03,0.73
15529,Prism Ark: Awake,PS2,2008,Adventure,5pb,0,0,0.02,0,0.02
3828,GT Pro Series,Wii,2006,Racing,Ubisoft,0.46,0.01,0.02,0.04,0.52
1627,Bayonetta,PS3,2009,Action,Sega,0.44,0.41,0.21,0.17,1.23
4451,Blood Omen: Legacy of Kain,PS,1996,Role-Playing,Crystal Dynamics,0.25,0.17,0,0.03,0.44
11979,Emergency 2012,PC,2010,Simulation,Deep Silver,0.01,0.04,0,0.01,0.07
808,Warcraft: Orcs & Humans,PC,1994,Strategy,Activision,0.89,1.08,0,0.11,2.08
15177,Mount & Blade,PC,2008,Role-Playing,Paradox Interactive,0,0.02,0,0,0.02
9983,Happy Feet Two,DS,N/A,Action,Warner Bros. Interactive Entertainment,0.09,0.02,0,0.01,0.12
5113,Prince of Persia: The Forgotten Sands,PSP,2010,Action,Ubisoft,0.09,0.18,0.01,0.1,0.37
12446,World Cup of Pool,DS,2009,Sports,Midas Interactive Entertainment,0.06,0,0,0,0.06
15281,Jinsei Game Wii,Wii,2007,Misc,Takara Tomy,0,0,0.02,0,0.02
3433,Zumba Fitness,PS3,2010,Sports,505 Games,0.28,0.21,0,0.09,0.59
16192,Sonic & All-Stars Racing Transformed,PC,2013,Racing,Sega,0,0.01,0,0,0.01
15078,Shaman King: Chou Senjiryokketsu 3,GBA,2002,Role-Playing,King Records,0,0,0.02,0,0.02
16364,Act of Aggression,PC,2015,Strategy,Focus Home Interactive,0,0.01,0,0,0.01
7318,The Legend of Heroes: Trails in the Sky First Chapter,PSP,2006,Role-Playing,Ghostlight,0.1,0.03,0.06,0.03,0.21
12994,IndyCar Series,XB,2003,Racing,Codemasters,0.04,0.01,0,0,0.05
15090,Tom Clancy's EndWar,PC,2009,Strategy,Ubisoft,0,0.02,0,0,0.02
7458,I Spy: Castle,DS,2011,Puzzle,Scholastic Inc.,0.19,0,0,0.01,0.21
10283,Winter Heat,SAT,1996,Sports,Sega,0,0,0.11,0,0.11
7577,NHL 17,PS4,2016,Sports,Electronic Arts,0.13,0.04,0,0.04,0.2
5338,Def Jam Icon,X360,2007,Action,Electronic Arts,0.3,0.01,0,0.03,0.35
11034,Fullmetal Alchemist: Dual Sympathy,DS,2005,Role-Playing,Empire Interactive,0.05,0,0.04,0,0.09
6485,Phantasy Star Universe: Ambition of the Illuminus,PS2,2007,Role-Playing,Sega,0.1,0.08,0.05,0.03,0.26
3818,Just Dance 2015,XOne,2014,Misc,Ubisoft,0.35,0.13,0,0.05,0.53
3236,Buzz Lightyear of Star Command,PS,2000,Platform,Activision,0.35,0.24,0,0.04,0.63
4496,Tetris Axis,3DS,2011,Puzzle,Tetris Online,0.2,0.13,0.06,0.03,0.43
3876,NBA Live 2002,PS,2001,Sports,Electronic Arts,0.29,0.19,0,0.03,0.52
6957,LEGO Marvel's Avengers,WiiU,2016,Action,Warner Bros. Interactive Entertainment,0.12,0.09,0,0.02,0.23
16051,God Eater Off Shot:Shiou-hen Twin Pack & Animation Vol.5,PS4,2016,Misc,Namco Bandai Games,0,0,0.01,0,0.01
1048,Kanshuu Nippon Joushikiryoku Kentei Kyoukai: Imasara Hito ni wa Kikenai Otona no Joushikiryoku Training DS,DS,2006,Misc,Nintendo,0,0,1.71,0,1.71
14689,Dream Club Zero Portable,PSV,2011,Simulation,D3Publisher,0,0,0.03,0,0.03
12765,Toaru Kagaku no Chou Denjihou,PSP,2011,Adventure,Kadokawa Shoten,0,0,0.06,0,0.06
14619,New Tokyo Legacy: Operation Babel,PSV,2015,Role-Playing,5pb,0,0,0.03,0,0.03
14181,Special Forces: Nemesis Strike,XB,2005,Shooter,Hip Interactive,0.03,0.01,0,0,0.03
13407,Centipede: Infestation,3DS,2011,Shooter,Atari,0.04,0,0,0,0.05
5784,Demolition Racer,PS,1998,Racing,Infogrames,0.17,0.12,0,0.02,0.31
10219,Tonic Trouble,N64,1999,Platform,Ubisoft,0.09,0.02,0,0,0.11
13950,Big Mutha Truckers,GBA,2005,Racing,Zoo Digital Publishing,0.03,0.01,0,0,0.04
2067,Haze,PS3,2008,Shooter,Ubisoft,0.49,0.33,0.02,0.15,1
4176,Densetsu no Stafi,GBA,2002,Platform,Nintendo,0,0,0.46,0.01,0.47
15800,Wall-E,PC,2008,Platform,THQ,0,0.01,0,0,0.02
421,007: Tomorrow Never Dies,PS,1999,Shooter,Electronic Arts,1.72,1.33,0,0.16,3.21
12223,Insecticide,DS,2008,Action,Gamecock,0.06,0,0,0,0.07
9157,Bio FREAKS,N64,1998,Action,GT Interactive,0.11,0.03,0,0,0.14
6100,Battle & Get! Pokemon Typing DS,DS,2011,Misc,Nintendo,0,0,0.29,0,0.29
8075,FIFA Soccer 07,GC,2006,Sports,Electronic Arts,0.14,0.04,0,0,0.18
15857,Germany's Next Topmodel 2011,DS,2011,Simulation,7G//AMES,0,0.01,0,0,0.02
10525,Colin McRae Rally 04,XB,2004,Racing,Codemasters,0.08,0.02,0,0,0.1
14064,Fushigi no Dungeon: Fuurai no Shiren 5 - Fortune Tower to Unmei no Dice,DS,2010,Role-Playing,ChunSoft,0,0,0.04,0,0.04
2493,The Game of Life,PS,1998,Misc,Unknown,0.46,0.31,0,0.05,0.83
13961,Cy Girls,PS2,2004,Action,Konami Digital Entertainment,0.02,0.01,0,0,0.04
3967,Disney Sing It,PS2,2008,Misc,Disney Interactive Studios,0.25,0.19,0,0.06,0.5
7971,Pro Evolution Soccer 2014,3DS,2013,Action,Konami Digital Entertainment,0,0,0.19,0,0.19
6572,Star Trek: The Game,PS3,2013,Action,Namco Bandai Games,0.1,0.11,0,0.05,0.26
5361,Etrian Odyssey,DS,2007,Role-Playing,Nintendo,0.2,0.03,0.09,0.02,0.34
2031,ZombiU,WiiU,2012,Action,Ubisoft,0.53,0.36,0.05,0.08,1.02
6119,International Superstar Soccer,SNES,1994,Sports,Konami Digital Entertainment,0,0,0.28,0,0.28
4367,Pokemon Puzzle League,N64,2000,Puzzle,Nintendo,0.36,0.08,0,0.01,0.45
9672,NHL 2K7,PS3,2006,Sports,Take-Two Interactive,0.11,0,0,0.01,0.12
3366,Disney Sing It! High School Musical 3: Senior Year,Wii,2008,Misc,Disney Interactive Studios,0.32,0.23,0,0.04,0.6
6563,Army of Two: The Devil's Cartel,X360,2013,Shooter,Electronic Arts,0.16,0.07,0,0.02,0.26
13646,Metal Slug 4 & 5,XB,2005,Shooter,SNK Playmore,0.03,0.01,0,0,0.04
4926,Combat of Giants: Dinosaurs 3D,3DS,2011,Strategy,Ubisoft,0.25,0.06,0.05,0.03,0.39
14392,Otometeki Koi Kakumei * Love Revo,PS2,2006,Adventure,Interchannel,0,0,0.03,0,0.03
5794,Star Wars Racer Revenge,PS2,2002,Racing,LucasArts,0.15,0.12,0,0.04,0.31
9463,Illusion of Gaia,SNES,1993,Role-Playing,Nintendo,0,0,0.13,0,0.13
13357,World Championship Poker: Featuring Howard Lederer - All In,X360,2006,Misc,Oxygen Interactive,0.04,0,0,0,0.05
6671,Final Fantasy II,WS,2001,Role-Playing,SquareSoft,0,0,0.25,0,0.25
9283,Gourmet Chef: Cook Your Way to Fame,DS,2008,Misc,Ubisoft,0.13,0,0,0.01,0.14
14677,Shin Koihime Musou: Otome Ryouran * Sangokushi Engi - Wu-Hen,PSP,2010,Adventure,Yeti,0,0,0.03,0,0.03
7401,The Fairly OddParents: Breakin' Da Rules,GC,2003,Platform,THQ,0.16,0.04,0,0.01,0.21
11661,"Ni Hao, Kai-lan: Super Game Day",PS2,2009,Misc,Take-Two Interactive,0.04,0.03,0,0.01,0.08
2645,Pro Evolution Soccer 2016,PS4,2015,Sports,Konami Digital Entertainment,0.13,0.42,0.13,0.1,0.78
3711,Ninokuni: Shikkoku no Madoushi,DS,2010,Role-Playing,Level 5,0,0,0.54,0,0.54
5295,WWE Crush Hour,PS2,2003,Racing,THQ,0.17,0.13,0,0.04,0.35
15513,Uru: Ages Beyond Myst,PC,2003,Adventure,Ubisoft,0,0.02,0,0,0.02
7083,The Italian Job,PS2,2003,Racing,Eidos Interactive,0.11,0.09,0,0.03,0.23
5752,Mega Man Maverick Hunter X,PSP,2005,Platform,Capcom,0.27,0.01,0,0.03,0.31
6965,Street Fighter EX2 Plus,PS,1998,Fighting,Virgin Interactive,0.13,0.09,0,0.02,0.23
9956,Planet 51,PS3,2009,Action,Sega,0.07,0.03,0,0.02,0.12
264,Assassin's Creed: Revelations,PS3,2011,Action,Ubisoft,1.41,2.02,0.1,0.72,4.24
15917,Moe Moe 2-ji Taisen (Ryoku) * Deluxe,PSP,2008,Adventure,System Soft,0,0,0.02,0,0.02
2755,Split/Second,PS3,2010,Racing,Disney Interactive Studios,0.31,0.31,0.01,0.12,0.75
8148,Toukiden: The Age of Demons,PSP,2013,Action,Tecmo Koei,0,0,0.18,0,0.18
1817,The Beatles: Rock Band,PS3,2009,Misc,MTV Games,0.67,0.3,0,0.15,1.13
14197,Backyard NFL Football 2006,GBA,2005,Sports,Atari,0.02,0.01,0,0,0.03
16300,Rakushou! Pachi-Slot Sengen 4,PS2,2006,Misc,Tecmo Koei,0,0,0.01,0,0.01
2979,NBA Street Vol. 2,XB,2003,Sports,Electronic Arts,0.62,0.04,0,0.02,0.68
5882,Fossil Fighters (JP sales),DS,2008,Role-Playing,Nintendo,0,0,0.3,0,0.3
13349,Time Crisis: Project Titan,PS,2001,Shooter,Namco Bandai Games,0.03,0.02,0,0,0.05
14512,S.Y.K Renshouden,PS2,2010,Adventure,Idea Factory,0,0,0.03,0,0.03
14038,Caesar III,PC,1998,Strategy,Vivendi Games,0,0.03,0,0.01,0.04
16481,Ishin no Arashi: Shippuu Ryuumeden,DS,2010,Strategy,Tecmo Koei,0,0,0.01,0,0.01
7988,Call of Juarez,X360,2007,Shooter,Ubisoft,0.14,0.02,0,0.01,0.19
15833,Kuma no Pooh-San: 100 Acre no Mori no Cooking Book,DS,2011,Misc,Disney Interactive Studios,0,0,0.02,0,0.02
6864,The Godfather (US & Others sales),X360,2006,Action,Electronic Arts,0.2,0.02,0,0.02,0.24
2321,LittleBigPlanet Karting,PS3,2012,Action,Sony Computer Entertainment,0.42,0.32,0.01,0.15,0.9
386,Tekken 4,PS2,2002,Fighting,Namco Bandai Games,1.55,1.27,0.33,0.29,3.44
7010,Star Wars Jedi Knight II: Jedi Outcast,GC,2002,Shooter,Activision,0.18,0.05,0,0.01,0.23
11578,Motto! Stitch! DS Rhythm de Rakugaki Daisakusen,DS,2010,Misc,Disney Interactive Studios,0,0,0.08,0,0.08
4788,Hatsune Miku: Project Diva F 2nd,PSV,2014,Misc,Sega,0.13,0.06,0.16,0.06,0.4
14649,Botanicula,PC,2012,Adventure,Daedalic Entertainment,0,0.02,0,0,0.03
6970,Jet X20,PS2,N/A,Racing,Unknown,0.11,0.09,0,0.03,0.23
9467,Disney Princess: Enchanting Storybooks,DS,2011,Misc,THQ,0.08,0.04,0,0.01,0.13
16311,Army Men: Air Combat - The Elite Missions,GC,2003,Shooter,3DO,0.01,0,0,0,0.01
10229,BlazBlue: Calamity Trigger Portable,PSP,2010,Fighting,PQube,0.07,0.01,0.03,0.01,0.11
1413,Need for Speed: The Run,X360,2011,Action,Electronic Arts,0.63,0.58,0,0.15,1.38
14290,Nobunaga no Yabou: Kakushin with Power-Up Kit,PS2,2008,Strategy,Tecmo Koei,0,0,0.03,0,0.03
5753,Cabela's Outdoor Adventures (2009),Wii,2009,Sports,Activision Value,0.29,0,0,0.02,0.31
8017,Reel Fishing II,PS,2000,Sports,Victor Interactive,0.1,0.07,0,0.01,0.18
12135,Resident Evil 6,PS4,2016,Shooter,Capcom,0.05,0,0,0.01,0.07
6313,NickToons: Racing,GBA,2002,Racing,Infogrames,0.19,0.07,0,0,0.27
3922,Disgaea 3: Absence of Justice,PS3,2008,Role-Playing,Square Enix,0.32,0.04,0.11,0.04,0.51
1351,Tiger Woods PGA Tour 09 All-Play,Wii,2008,Sports,Electronic Arts,0.81,0.48,0,0.14,1.43
1867,SingStar Rocks!,PS2,2006,Misc,Sony Computer Entertainment,0,0.84,0,0.25,1.1
12366,Challenge Me: Brain Puzzles,DS,2009,Puzzle,Oxygen Interactive,0.06,0,0,0,0.06
12543,Zoo Tycoon: Complete Collection,PC,2003,Strategy,Microsoft Game Studios,0.03,0.02,0,0.01,0.06
4627,Army Men: Sarge's Heroes 2,N64,2000,Shooter,3DO,0.34,0.07,0,0,0.42
1538,Valkyria Chronicles,PS3,2008,Role-Playing,Sega,0.71,0.2,0.24,0.13,1.29
101,The Legend of Zelda: Twilight Princess,Wii,2006,Action,Nintendo,3.83,2.19,0.6,0.7,7.31
6592,Backyard NFL Football,GC,2002,Sports,Infogrames,0.2,0.05,0,0.01,0.26
15488,"Warhammer 40,000: Dawn of War: Soulstorm",PC,2008,Strategy,THQ,0,0.02,0,0,0.02
9627,Baroque,PS2,2007,Role-Playing,Rising Star Games,0.05,0.04,0.02,0.01,0.13
8137,Silent Hill 4: The Room,XB,2004,Action,Konami Digital Entertainment,0.14,0.04,0,0.01,0.18
15137,Homeworld,PC,1998,Strategy,Vivendi Games,0,0.02,0,0,0.02
16338,Whac-A-Mole,GBA,2005,Puzzle,Zoo Digital Publishing,0.01,0,0,0,0.01
10028,NBA Jam 2002,GBA,2002,Sports,Acclaim Entertainment,0.08,0.03,0,0,0.11
1025,Uncharted: Golden Abyss,PSV,2011,Shooter,Sony Computer Entertainment,0.59,0.75,0.13,0.27,1.74
14166,SX Superstar,GC,2003,Racing,Acclaim Entertainment,0.03,0.01,0,0,0.03
11495,Kenshuui Tendo Dokuta,DS,2004,Simulation,Spike,0,0,0.08,0,0.08
14719,Pro Cast Sports Fishing,XB,2003,Sports,Capcom,0.02,0.01,0,0,0.03
14283,Mame Goma: Honobo no Nikki,DS,2007,Simulation,TDK Core,0,0,0.03,0,0.03
15332,Hellgate: London,PC,2007,Role-Playing,Electronic Arts,0,0.02,0,0,0.02
14609,Detective Opera: Milky Holmes 2,PSP,2012,Adventure,BushiRoad,0,0,0.03,0,0.03
3115,Advance Wars 2: Black Hole Rising,GBA,2003,Strategy,Nintendo,0.47,0.17,0,0.01,0.65
1921,Call of Duty 3,PS2,2006,Shooter,Activision,0.89,0.03,0,0.15,1.07
2075,Zoo Tycoon DS,DS,2005,Strategy,THQ,0.86,0.04,0.01,0.08,1
8149,Fireblade,PS2,2002,Action,Midway Games,0.09,0.07,0,0.02,0.18
4129,Nickelodeon Team Umizoomi,DS,2011,Action,Take-Two Interactive,0.45,0,0,0.03,0.48
9802,Harvest Moon 2 GBC,GB,1999,Simulation,Ubisoft,0,0,0.12,0,0.12
14497,Big Mountain 2000,N64,1998,Sports,Imagineer,0.02,0.01,0,0,0.03
9020,Kung Fu Panda 2,Wii,2011,Action,THQ,0.08,0.05,0,0.01,0.14
4767,Mario no Super Picross,SNES,1995,Puzzle,Nintendo,0,0,0.41,0,0.41
3867,Kenkou Ouen Recipe 1000: DS Kondate Zenshuu,DS,2006,Misc,Nintendo,0,0,0.52,0,0.52
6206,Moshi Monsters: Moshlings Theme Park,3DS,2012,Misc,Activision,0.13,0.13,0,0.03,0.28
10731,Championship Pony,DS,2008,Simulation,"Destination Software, Inc",0.09,0,0,0.01,0.1
5258,G-Force,PSP,2009,Action,Electronic Arts,0.24,0.07,0,0.05,0.36
3317,Petz: Dogz Pack,DS,2008,Simulation,Ubisoft,0.56,0,0,0.05,0.61
5463,Ape Escape Academy,PSP,2004,Misc,Sony Computer Entertainment,0.13,0.15,0,0.05,0.33
989,Metroid II: Return of Samus,GB,1991,Adventure,Nintendo,0.85,0.31,0.56,0.04,1.76
6278,M&M's Blast!,GBA,2001,Puzzle,Unknown,0.2,0.07,0,0,0.27
4960,Ice Age 2: The Meltdown,PS2,2006,Platform,Vivendi Games,0.19,0.15,0,0.05,0.39
12395,Chuck E. Cheese's Playhouse,DS,2010,Misc,UFO Interactive,0.06,0,0,0,0.06
6207,UEFA Euro 2016,PS4,2016,Sports,Konami Digital Entertainment,0,0.21,0.03,0.03,0.28
8848,3rd Super Robot Wars Z: Tengoku-Hen,PS3,2015,Action,Namco Bandai Games,0,0,0.15,0,0.15
11487,"Warhammer 40,000: Dawn of War II - Retribution",PC,2011,Strategy,THQ,0,0.06,0,0.02,0.08
14219,3D Baseball,PS,1996,Sports,BMG Interactive Entertainment,0.02,0.01,0,0,0.03
572,Skylanders Giants,Wii,2012,Action,Activision,1.56,0.88,0,0.22,2.65
3826,Guinness World Records: The Videogame,DS,2008,Action,Warner Bros. Interactive Entertainment,0.47,0.01,0,0.04,0.52
850,DriveClub,PS4,2014,Racing,Sony Computer Entertainment,0.35,1.31,0.02,0.33,2
1851,Medal of Honor: Airborne,X360,2007,Shooter,Electronic Arts,0.45,0.53,0.01,0.12,1.1
9883,Psychonauts,XB,2005,Platform,THQ,0.09,0.03,0,0,0.12
2836,Dead to Rights,XB,2002,Shooter,Electronic Arts,0.53,0.17,0,0.03,0.72
7284,Yoshi Touch & Go (JP sales),DS,2005,Platform,Nintendo,0,0,0.22,0,0.22
6772,Dora the Explorer: Journey to the Purple Planet,PS2,2005,Adventure,Global Star,0.12,0.09,0,0.03,0.24
1462,Donkey Kong Jungle Beat,GC,2004,Platform,Nintendo,0.84,0.22,0.24,0.04,1.34
8515,Warriors Orochi 3,X360,2011,Action,Ubisoft Annecy,0.09,0.03,0.03,0.01,0.16
12836,Rebelstar: Tactical Command,GBA,2005,Strategy,Atari,0.04,0.01,0,0,0.05
12190,Kamen Rider: Dragon Knight,Wii,2009,Fighting,D3Publisher,0.06,0,0,0,0.07
2265,Lego Batman 3: Beyond Gotham,PS4,2014,Action,Warner Bros. Interactive Entertainment,0.37,0.39,0,0.15,0.92
13332,Shin Megami Tensei NINE,XB,2002,Role-Playing,Atlus,0,0,0.05,0,0.05
11254,Kuroko's Basketball: Ties to Future,3DS,2015,Action,Namco Bandai Games,0,0,0.08,0,0.08
13919,The Ripping Friends,GBA,2002,Action,THQ,0.03,0.01,0,0,0.04
7468,Tiger Woods PGA Tour,PSP,2005,Sports,Electronic Arts,0.19,0,0,0.02,0.21
3609,Archer Maclean's Mercury,PSP,2005,Puzzle,Ignition Entertainment,0.17,0.24,0,0.14,0.56
9835,Mytran Wars,PSP,2009,Strategy,Deep Silver,0.08,0.02,0,0.02,0.12
2152,Jampack Summer '99,PS,1999,Misc,Sony Computer Entertainment,0.54,0.36,0,0.06,0.96
15559,Style Book: Junior City,DS,2006,Misc,Namco Bandai Games,0,0,0.02,0,0.02
5786,Final Fantasy IV,PS,1997,Simulation,SquareSoft,0,0,0.29,0.02,0.31
11639,Daniel X: The Ultimate Power,DS,2010,Action,THQ,0.07,0,0,0.01,0.08
3416,Payday 2,X360,2013,Shooter,505 Games,0.33,0.21,0,0.05,0.59
11743,Beat City,DS,2010,Misc,THQ,0.07,0,0,0.01,0.07
13673,Major League Baseball 2K12,PC,2012,Sports,Take-Two Interactive,0.04,0,0,0,0.04
8902,Cardinal Syn,PS,1998,Fighting,Sony Computer Entertainment,0.08,0.06,0,0.01,0.15
1358,NBA Live 06 (Weekly american sales),PS2,2005,Sports,Electronic Arts,1.35,0.05,0,0.02,1.42
16340,Shinseiki Evangelion: Koutetsu no Girlfriend Tokubetsu-Hen Portable,PSP,2009,Adventure,CyberFront,0,0,0.01,0,0.01
9112,Zapper: One Wicked Cricket!,GBA,2002,Platform,Infogrames,0.1,0.04,0,0,0.14
13305,Color Cross,DS,2008,Misc,Rising Star Games,0.04,0,0,0,0.05
13653,Digimon Rumble Arena 2,GC,2004,Fighting,Atari,0.03,0.01,0,0,0.04
16477,Total War Attila: Tyrants & Kings,PC,2016,Strategy,Koch Media,0,0.01,0,0,0.01
7746,Metro: Last Light,PC,2013,Action,Deep Silver,0.06,0.11,0,0.02,0.19
7763,Aliens vs Predator,PC,2010,Shooter,Sega,0,0.17,0,0.02,0.19
16256,Doraemon Wii: Himitsu Douguou Ketteisen!,Wii,2007,Misc,Sega,0,0,0.01,0,0.01
9199,The Walking Dead: Season Two,XOne,2014,Adventure,Telltale Games,0.08,0.05,0,0.01,0.14
3903,Sega Bass Fishing,Wii,2008,Sports,Sega,0.46,0.01,0,0.04,0.51
13698,Banushi Life Game: Winner's Circle,DS,2007,Sports,Genki,0,0,0.04,0,0.04
6937,Polly Pocket: Super Splash Island,GBA,2003,Action,Knowledge Adventure,0.17,0.06,0,0,0.24
8014,Buffy the Vampire Slayer: Chaos Bleeds,PS2,2003,Action,Vivendi Games,0.09,0.07,0,0.02,0.18
7581,NBA 2K2,XB,2002,Sports,Sega,0.15,0.04,0,0.01,0.2
14078,A Game of Thrones: Genesis,PC,2011,Strategy,Focus Home Interactive,0,0.03,0,0.01,0.04
9728,Undead Knights,PSP,2009,Action,Ubisoft Annecy,0.05,0.01,0.06,0.01,0.12
15416,Gakuen K: Wonderful School Days,PSP,2014,Adventure,Idea Factory,0,0,0.02,0,0.02
6511,Yu-Gi-Oh! Ultimate Masters: World Championship Tournament 2006,GBA,2006,Misc,Konami Digital Entertainment,0.14,0.05,0.07,0.01,0.26
6660,NHL 08,X360,2007,Action,Electronic Arts,0.22,0.01,0,0.02,0.25
2155,Monster High: Ghoul Spirit,DS,2011,Misc,THQ,0.72,0.17,0,0.07,0.96
14749,Tiger & Bunny: On-Air Jack!,PSP,2012,Action,Namco Bandai Games,0,0,0.03,0,0.03
10175,XXX,GBA,2002,Action,Activision,0.08,0.03,0,0,0.11
13160,Durarara!! 3-way Standoff,PSP,2010,Adventure,ASCII Media Works,0,0,0.05,0,0.05
10905,Alien Monster Bowling League,Wii,2009,Sports,Destineer,0.09,0,0,0.01,0.09
11492,High Heat Major League Baseball 2004,XB,2003,Sports,3DO,0.06,0.02,0,0,0.08
16561,Pro Evolution Soccer 2008,PC,2007,Sports,Konami Digital Entertainment,0,0.01,0,0,0.01
2653,Torneko no Daibouken: Fushigi no Dungeon,SNES,1993,Role-Playing,ChunSoft,0,0,0.78,0,0.78
7507,Trade & Battle: Card Hero,GB,2000,Strategy,Nintendo,0,0,0.2,0,0.2
8464,Hyperdimension Neptunia Victory,PS3,2012,Role-Playing,Compile Heart,0.05,0.03,0.06,0.02,0.16
15489,Virtual Kasparov,GBA,2002,Strategy,Titus,0.01,0.01,0,0,0.02
72,Donkey Kong Country,SNES,1994,Platform,Nintendo,4.36,1.71,3,0.23,9.3
5670,Sega Smash Pack,GBA,2002,Misc,Atari,0.23,0.08,0,0.01,0.32
3860,Freedom Fighters,PS2,2003,Shooter,Electronic Arts,0.25,0.2,0,0.07,0.52
7143,Sword Art Online: Infinity Moment,PSP,2013,Role-Playing,Namco Bandai Games,0,0,0.22,0,0.22
3886,Prince of Persia Trilogy,PS3,2010,Action,Ubisoft,0.17,0.25,0,0.09,0.51
5893,Skylanders: SuperChargers,PS4,2015,Action,Activision,0.17,0.08,0,0.05,0.3
1237,NASCAR 99,PS,1998,Racing,Electronic Arts,1.45,0.04,0,0.04,1.52
10654,NHL 2K6,X360,2005,Sports,Take-Two Interactive,0.09,0,0,0.01,0.1
3941,Silent Hill 4: The Room,PS2,2004,Action,Konami Digital Entertainment,0.25,0.19,0,0.06,0.51
7038,Colony Wars: Vengeance,PS,1998,Simulation,Psygnosis,0.13,0.09,0,0.02,0.23
12279,Miami Vice: The Game,PSP,2006,Shooter,Activision,0.06,0,0,0,0.06
10105,Daito Giken Koushiki Pachi-Slot Simulator: Hihouden,PS2,2006,Misc,Daito,0,0,0.11,0,0.11
14989,O.M.G. 26 - Our Mini Games,DS,2007,Puzzle,505 Games,0.02,0,0,0,0.02
13679,Imperial Glory,PC,2005,Strategy,Eidos Interactive,0,0.04,0,0,0.04
9063,Cave Story 3D,3DS,2011,Platform,Nippon Ichi Software,0.09,0.03,0.01,0.01,0.14
12664,Katekyoo Hitman Reborn! DS: Flame Rumble Mukuro Kyoushuu,DS,2007,Fighting,Takara Tomy,0,0,0.06,0,0.06
259,Asteroids,2600,1980,Shooter,Atari,4,0.26,0,0.05,4.31
981,50 Cent: Bulletproof,PS2,2005,Action,Vivendi Games,0.85,0.76,0,0.16,1.77
11344,Naruto Shippuden: Shinobi Rumble,DS,2010,Fighting,Takara Tomy,0.03,0,0.05,0,0.08
14205,Diabolik Lovers: More Blood,PSP,2013,Adventure,Idea Factory,0,0,0.03,0,0.03
9496,DreamWorks Super Star Kartz,DS,2011,Racing,Activision,0.09,0.03,0,0.01,0.13
6139,Chromehounds,X360,2006,Simulation,Sega,0.24,0,0.01,0.02,0.28
5076,Shin Megami Tensei: Devil Survivor Overclocked,3DS,2011,Role-Playing,Ghostlight,0.28,0.01,0.06,0.02,0.38
5881,Romance of the Three Kingdoms VIII,PS2,2002,Strategy,Tecmo Koei,0.05,0.04,0.19,0.01,0.3
15224,Tennis no Oji-Sama: Driving Smash! Side King,DS,2008,Sports,Konami Digital Entertainment,0,0,0.02,0,0.02
1640,Pac-Man,NES,1984,Puzzle,Namco Bandai Games,0.27,0.08,0.85,0.02,1.22
12582,Izuna 2: The Unemployed Ninja Returns,DS,2007,Role-Playing,Success,0.05,0,0,0,0.06
3565,The Incredible Hulk,GBA,2003,Action,Universal Interactive,0.4,0.15,0,0.01,0.56
5981,Lupin the 3rd: Treasure of the Sorcerer King,PS2,2002,Adventure,505 Games,0.02,0.02,0.25,0.01,0.29
13532,Justice League: Chronicles,GBA,2003,Platform,Midway Games,0.03,0.01,0,0,0.04
8937,Batman Begins,GC,2005,Action,Electronic Arts,0.11,0.03,0,0,0.15
9268,Fear Factor: Unleashed,GBA,2004,Action,Hip Interactive,0.1,0.04,0,0,0.14
10014,Nickelodeon Dance,X360,2011,Misc,Take-Two Interactive,0.08,0.02,0,0.01,0.11
12406,Mad Maestro!,PS2,2001,Misc,Eidos Interactive,0.03,0.02,0,0.01,0.06
7006,Monster Hunter G,PS2,2005,Role-Playing,Capcom,0,0,0.23,0,0.23
9979,DEATH NOTE: Kira Game,DS,2007,Adventure,Konami Digital Entertainment,0,0,0.12,0,0.12
10682,Idol Janshi Suchie-Pai Remix,SAT,1995,Misc,Jaleco,0,0,0.1,0,0.1
16572,Resident Evil 4 HD,XOne,2016,Shooter,Capcom,0.01,0,0,0,0.01
4205,Spider-Man: Friend or Foe,DS,2007,Action,Activision,0.43,0,0,0.04,0.47
1873,Imagine: Babysitters,DS,2008,Simulation,Ubisoft,0.63,0.36,0,0.1,1.09
1113,Army of Two,X360,2008,Shooter,Electronic Arts,1.09,0.38,0.02,0.16,1.65
7222,Dragon Quest Builders: Revive Alefgard,PS4,2016,Role-Playing,Square Enix,0,0,0.22,0,0.22
15052,Totally Spies! 2: Undercover,DS,2006,Action,Atari,0.01,0.01,0,0,0.02
12033,Jake Power: Handyman,DS,2008,Adventure,Ubisoft,0.06,0,0,0,0.07
11084,The Sims 2: Apartment Life,PC,2008,Simulation,Electronic Arts,0,0.07,0,0.02,0.09
12825,4 Elements,PC,2009,Puzzle,Mastertronic,0,0.04,0,0.01,0.05
10613,Spider-Man: Web of Shadows,DS,2008,Action,Activision,0.09,0,0,0.01,0.1
16527,Shirogane no Soleil: Contract to the Future - Mirai e no Keiyaku,PS2,2008,Adventure,Russel,0,0,0.01,0,0.01
15000,Wii de Asobu: Metroid Prime,Wii,N/A,Shooter,Nintendo,0,0,0.02,0,0.02
1340,WWE SmackDown vs Raw 2008,X360,2007,Fighting,THQ,0.92,0.38,0,0.13,1.44
6287,Trivial Pursuit,PS2,2009,Misc,Electronic Arts,0.09,0.01,0,0.17,0.27
13822,Time Travelers,3DS,2012,Adventure,Unknown,0,0,0.04,0,0.04
14177,Diabolik Lovers: Dark Fate,PSV,2015,Action,Idea Factory,0,0,0.03,0,0.03
2539,Super Bomberman 2,SNES,1994,Puzzle,Hudson Soft,0,0,0.81,0,0.81
9196,Zoobles! Spring to Life!,DS,2011,Misc,Activision,0.1,0.02,0,0.01,0.14
6738,Pirates of the Caribbean: The Legend of Jack Sparrow,PS2,2006,Adventure,Ubisoft,0.12,0.09,0,0.03,0.25
4668,X-Men vs. Street Fighter,PS,1997,Fighting,Capcom,0.16,0.11,0.12,0.03,0.42
4068,Pac-Man World 2,XB,2002,Action,Namco Bandai Games,0.36,0.11,0,0.02,0.49
15977,Misshitsu no Sacrifice,PSP,2010,Adventure,D3Publisher,0,0,0.02,0,0.02
16434,Kamigami no Asobi InFinite,PSV,2016,Adventure,Broccoli,0,0,0.01,0,0.01
5210,Senran Kagura Shinovi Versus: Sh?jo-tachi no Sh?mei,PSV,2013,Fighting,Marvelous Entertainment,0.13,0.02,0.16,0.05,0.36
5471,Hulk,XB,2003,Action,Universal Interactive,0.25,0.07,0,0.01,0.33
4095,Yu-Gi-Oh! Forbidden Memories (JP sales),PS,1999,Role-Playing,Konami Digital Entertainment,0,0,0.45,0.03,0.48
7735,Dexter's Lab Chess Challenge,GBA,2002,Misc,BAM! Entertainment,0.14,0.05,0,0,0.2
5093,Tobal 2,PS,1997,Fighting,SquareSoft,0,0,0.35,0.02,0.37
2450,Kirby: Planet Robobot,3DS,2016,Action,Nintendo,0.26,0.1,0.44,0.04,0.85
15452,Angelique Retour,PSV,2015,Action,Tecmo Koei,0,0,0.02,0,0.02
2100,Guitar Hero: Aerosmith,PS3,2008,Misc,Activision,0.73,0.15,0,0.11,0.99
4997,Peppa Pig: The Game,Wii,2009,Misc,Pinnacle,0,0.35,0,0.03,0.38
15952,Pachinko Kaou: Misora Hibari,PS2,2007,Misc,Hackberry,0,0,0.02,0,0.02
11515,Silent Hunter III,PC,2005,Simulation,Ubisoft,0,0.07,0,0.01,0.08
13426,Fantastic Four: Rise of the Silver Surfer,DS,2007,Action,Take-Two Interactive,0.04,0,0,0,0.05
11609,Gunblade NY & L.A. Machineguns Arcade Hits Pack,Wii,2010,Shooter,Sega,0.06,0.01,0,0.01,0.08
5586,Championship Bass,PS,1999,Sports,Electronic Arts,0.18,0.12,0,0.02,0.32
8363,Nightmare Creatures II,PS,2000,Action,Konami Digital Entertainment,0.09,0.06,0,0.01,0.17
3440,Top Spin 3,Wii,2008,Action,Take-Two Interactive,0.15,0.37,0,0.07,0.58
15920,Violet no Atelier: Gramnad no Renkinjutsushi 2 - Gunjou no Omoide,PSP,2011,Role-Playing,Gust,0,0,0.02,0,0.02
8679,DiRT 3,PC,2011,Racing,Codemasters,0,0.13,0,0.03,0.16
8817,World Series Baseball 2K3,XB,2003,Sports,Sega,0.11,0.03,0,0.01,0.15
8341,Turok 3: Shadow of Oblivion,N64,2000,Shooter,Acclaim Entertainment,0.12,0.05,0,0,0.17
8589,Space Invaders,N64,1999,Shooter,Activision,0.13,0.03,0,0,0.16
1739,Destiny: The Taken King,XOne,2015,Shooter,Activision,0.82,0.23,0,0.11,1.17
14496,Charlie Blasts Territory,N64,1999,Action,Kemco,0.02,0.01,0,0,0.03
9889,Airborne Troops: Countdown to D-Day,PS2,2005,Shooter,Playlogic Game Factory,0.06,0.05,0,0.02,0.12
16303,Tsuyo Kiss 3 Portable,PSP,2012,Action,NetRevo,0,0,0.01,0,0.01
15472,TV Anime Idolm@ster: Cinderella Girls G4U! Pack Vol.5,PS3,2015,Action,Namco Bandai Games,0,0,0.02,0,0.02
6699,Scooby-Doo! Unmasked,PS2,2005,Platform,THQ,0.12,0.1,0,0.03,0.25
15009,Kenka Bancho Otome,PSV,2016,Action,Screenlife,0,0,0.02,0,0.02
10865,PAC-MAN and the Ghostly Adventures,3DS,2013,Platform,Namco Bandai Games,0.05,0.04,0,0.01,0.09
13941,Ski-Doo Snowmobile Challenge,X360,2009,Racing,Valcon Games,0.03,0,0,0,0.04
1518,NBA Live 07,PS2,2006,Sports,Electronic Arts,1.07,0.04,0.02,0.17,1.3
15790,LEGO Star Wars: The Video Game,PC,2005,Action,Eidos Interactive,0,0.01,0,0,0.02
2777,Blur,PS3,2010,Racing,Activision,0.22,0.37,0.02,0.13,0.74
2082,Jampack Winter 2000,PS,2000,Misc,Sony Computer Entertainment,0.55,0.38,0,0.07,1
2756,Capcom vs. SNK 2: Mark of the Millennium 2001,PS2,2001,Fighting,Capcom,0.22,0.17,0.3,0.06,0.75
10302,Hole in the Wall: Deluxe Edition,X360,2011,Misc,Ubisoft,0.1,0,0,0.01,0.11
15882,PachiPara 3D,3DS,2011,Misc,Irem Software Engineering,0,0,0.02,0,0.02
1807,Cars,GBA,2006,Racing,THQ,0.81,0.3,0,0.02,1.13
7853,Need for Speed: Shift 2 Unleashed,PC,2011,Racing,Electronic Arts,0.05,0.11,0,0.03,0.19
2269,Sonic Riders,GC,2006,Racing,Sega,0.71,0.18,0,0.03,0.92
12604,Metal Max 4: Gekkou no Diva,3DS,2013,Role-Playing,Kadokawa Shoten,0,0,0.06,0,0.06
13475,Atelier Escha & Logy: Alchemists of the Dusk Sky,PSV,2015,Role-Playing,Tecmo Koei,0,0,0.04,0,0.04
11454,Pac-Man and the Ghostly Adventures 2,3DS,2014,Adventure,Namco Bandai Games,0.03,0.05,0,0.01,0.08
12163,The Book of Unwritten Tales 2,PS4,2015,Adventure,Nordic Games,0,0.06,0,0.01,0.07
12396,Tokimeki no Houkago,PS,1998,Misc,Konami Digital Entertainment,0,0,0.06,0,0.06
9156,Baldur's Gate: Dark Alliance,GC,2002,Role-Playing,Virgin Interactive,0.11,0.03,0,0,0.14
10049,Life is Strange,XOne,2016,Adventure,Square Enix,0.08,0.02,0,0.01,0.11
9622,Cloudy With a Chance of Meatballs,Wii,2009,Platform,Ubisoft,0.11,0,0,0.01,0.13
9574,Need for Speed: ProStreet,DS,2007,Racing,Electronic Arts,0.11,0.01,0,0.01,0.13
15662,Yamasa Digi World SP: Moeyo! Kung Fu Shukujo,PS2,2006,Misc,Yamasa Entertainment,0,0,0.02,0,0.02
15159,Commandos: Strike Force,XB,2006,Shooter,Eidos Interactive,0.02,0,0,0,0.02
9168,NCAA Basketball Final Four 97,PS,1997,Sports,Mindscape,0.08,0.05,0,0.01,0.14
7346,Baja: Edge of Control,PS3,2008,Racing,THQ,0.1,0.08,0,0.04,0.21
4403,Celebrity Sports Showdown,Wii,2008,Sports,Electronic Arts,0.18,0.22,0,0.05,0.45
9765,Neopets Petpet Adventures: The Wand of Wishing,PSP,2006,Adventure,Sony Computer Entertainment,0.11,0,0,0.01,0.12
2620,Major League Baseball Featuring Ken Griffey Jr,N64,1998,Sports,Nintendo,0.75,0.03,0,0.01,0.79
1044,Toy Story 2: Buzz Lightyear to the Rescue!,PS,1998,Platform,Activision,0.99,0.64,0,0.08,1.71
13572,The Smurfs,PS,1998,Action,Infogrames,0.02,0.02,0,0,0.04
3382,Dai-2-Ji Super Robot Taisen α,PS2,2003,Strategy,Banpresto,0,0,0.6,0,0.6
14291,Raw Danger!,PS2,2006,Action,505 Games,0.02,0.01,0,0,0.03
193,Fable III,X360,2010,Role-Playing,Microsoft Game Studios,3.59,1.11,0.05,0.38,5.13
3931,World Championship Poker,XB,2004,Misc,Crave Entertainment,0.37,0.11,0,0.02,0.51
5848,Lizzie McGuire 3: Homecoming Havoc,GBA,2005,Platform,Disney Interactive Studios,0.22,0.08,0,0.01,0.3
13976,Toki no Kizuna: Sekigahara Kitan,PSP,2012,Action,Idea Factory,0,0,0.04,0,0.04
9678,Sleeping Dogs,PC,2012,Action,Square Enix,0.06,0.05,0,0.02,0.12
7286,Pass the Pigs,DS,2008,Misc,THQ,0.2,0,0,0.02,0.22
5492,World Stadium 3,PS,1999,Sports,Namco Bandai Games,0,0,0.31,0.02,0.33
11893,Game Center CX: Arino no Chousenjou 2,DS,2009,Action,Namco Bandai Games,0,0,0.07,0,0.07
8074,Jewel Match,DS,2010,Puzzle,PlayV,0.05,0.12,0,0.02,0.18
2416,The World Ends With You,DS,2007,Role-Playing,Square Enix,0.54,0.06,0.21,0.05,0.86
7918,Dynasty Warriors Gundam,X360,2007,Action,Namco Bandai Games,0.15,0.01,0.02,0.01,0.19
15154,Balls of Fury,Wii,2007,Sports,Zoo Digital Publishing,0.02,0,0,0,0.02
8896,187: Ride or Die,PS2,2005,Racing,Ubisoft,0.07,0.06,0,0.02,0.15
11541,Code Lyoko: Fall of X.A.N.A.,DS,2008,Adventure,Game Factory,0.07,0,0,0.01,0.08
9281,Cruise Ship Vacation Games,Wii,2009,Puzzle,Avanquest,0.13,0,0,0.01,0.14
7348,Magician's Quest: Town of Magic,3DS,2012,Simulation,Konami Digital Entertainment,0,0,0.21,0,0.21
10856,FIFA Street 3,DS,2008,Sports,Electronic Arts,0.07,0.02,0,0.01,0.09
10984,Running Wild,PS,1997,Racing,989 Studios,0.05,0.03,0,0.01,0.09
12501,Eigo de Tabisuru: Little Charo,DS,2011,Misc,Nintendo,0,0,0.06,0,0.06
1238,NBA Live 2000,PS,1998,Sports,Electronic Arts,1.43,0.05,0,0.03,1.52
12408,Densha De Go! 3 Tsuukinhen,PS2,2001,Simulation,Taito,0,0,0.06,0,0.06
2183,Wild ARMs,PS,1996,Role-Playing,Sony Computer Entertainment,0.26,0.17,0.46,0.06,0.95
3389,Dai-3-Ji Super Robot Taisen α: Shuuen no Ginga e,PS2,2005,Strategy,Banpresto,0,0,0.59,0,0.59
2932,NCAA Football 2001,PS,2000,Sports,Electronic Arts,0.39,0.26,0,0.05,0.7
8635,J-League Jikkyou Winning Eleven 2000,PS,2000,Sports,Konami Digital Entertainment,0,0,0.15,0.01,0.16
1606,Oddworld: Abe's Oddysee,PS,1997,Platform,GT Interactive,0.75,0.44,0,0.06,1.24
13097,The Technomancer,PS4,2016,Role-Playing,Focus Home Interactive,0.01,0.03,0,0.01,0.05
4521,Rune Factory 3: A Fantasy Harvest Moon,DS,2009,Role-Playing,Rising Star Games,0.28,0.03,0.1,0.02,0.43
15151,Hisshou Pachinko * Pachi-Slot Kouryaku Series Portable Vol. 2: CR Evangelion - Hajimari no Fukuin,PSP,2010,Misc,D3Publisher,0,0,0.02,0,0.02
2240,Skylanders: Trap Team,X360,2014,Action,Activision,0.54,0.31,0,0.08,0.93
3514,Up,Wii,2009,Action,THQ,0.23,0.28,0,0.06,0.57
5450,The King of Fighters XIII,X360,2011,Fighting,Rising Star Games,0.23,0.07,0.01,0.03,0.33
2437,Street Fighter Alpha 2,PS,1996,Fighting,Virgin Interactive,0.14,0.09,0.57,0.06,0.85
10080,The King of Fighters XII,X360,2009,Fighting,Ignition Entertainment,0.09,0,0.01,0.01,0.11
10303,Dr. Seuss' The Cat in the Hat,XB,2003,Misc,Vivendi Games,0.08,0.02,0,0,0.11
13253,Silhouette Mirage,PS,1998,Platform,ESP,0.03,0.02,0,0,0.05
11558,Discovery Kids: Spider Quest,DS,2009,Misc,505 Games,0.07,0,0,0.01,0.08
15404,ESPN MLS ExtraTime 2002,GC,2002,Sports,Konami Digital Entertainment,0.02,0,0,0,0.02
8688,NBA 2K3,GC,2002,Sports,Sega,0.12,0.03,0,0,0.16
15316,Puzzle Quest: Challenge of the Warlords,PSP,2007,Puzzle,D3Publisher,0.01,0,0,0,0.02
13361,Full Spectrum Warrior: Ten Hammers,XB,2006,Strategy,THQ,0.03,0.01,0,0,0.05
4754,AKB1/48: Idol to Koishitara...,PSP,2010,Misc,Namco Bandai Games,0,0,0.41,0,0.41
14751,Eureka Seven AO: Jungfrau no Hanabanatachi,PS3,2012,Action,Namco Bandai Games,0,0,0.03,0,0.03
7658,The Cheetah Girls: Passport to Stardom,DS,2008,Misc,Disney Interactive Studios,0.18,0,0,0.01,0.2
9166,Dead or Alive 2,DC,2000,Fighting,Acclaim Entertainment,0,0,0.14,0,0.14
8393,Digimon Story: Cyber Sleuth,PSV,2015,Role-Playing,Namco Bandai Games,0,0,0.17,0,0.17
9893,Marvel Trading Card Game,DS,2007,Misc,Konami Digital Entertainment,0.11,0,0,0.01,0.12
8488,ESPN College Hoops,PS2,2003,Sports,Sega,0.08,0.06,0,0.02,0.16
13623,Tennis Masters Series 2003,XB,2002,Sports,Microids,0.03,0.01,0,0,0.04
4178,Hot Wheels Velocity X,PS2,2002,Racing,THQ,0.23,0.18,0,0.06,0.47
5841,Lumines ll,PSP,2006,Puzzle,Disney Interactive Studios,0.12,0.12,0,0.07,0.3
1338,Kirby Super Star,SNES,1996,Platform,Nintendo,0.26,0.07,1.09,0.02,1.44
8052,Chocobo no Fushigi Dungeon for WonderSwan,WS,1999,Role-Playing,Namco Bandai Games,0,0,0.18,0,0.18
5515,Disgaea 2: Cursed Memories,PS2,2006,Role-Playing,Tecmo Koei,0.09,0.07,0.15,0.02,0.33
7303,Sailor Moon,SNES,1993,Action,Namco Bandai Games,0,0,0.22,0,0.22
2763,The Walking Dead: Season One,X360,2012,Adventure,Avanquest Software,0.55,0.14,0,0.05,0.75
11768,Jimmie Johnson's Anything With an Engine,PS3,2011,Racing,Konami Digital Entertainment,0.07,0,0,0.01,0.07
11703,Genkai Totsuki Moero Chronicle,PSV,2014,Role-Playing,Compile Heart,0,0,0.08,0,0.08
13595,Zombi Daisuki,DS,2011,Action,ChunSoft,0,0,0.04,0,0.04
13016,The BIGS 2,DS,2009,Sports,Take-Two Interactive,0.05,0,0,0,0.05
1178,Kingdom Hearts 3D: Dream Drop Distance,3DS,2012,Action,Square Enix,0.88,0.26,0.34,0.09,1.58
14696,Biohazard: Revival Selection,X360,2011,Action,Capcom,0,0,0.03,0,0.03
14970,Rengoku II:  The Stairway To H.E.A.V.E.N.,PSP,2006,Action,Konami Digital Entertainment,0.02,0,0,0,0.02
4758,Yu-Gi-Oh! The Eternal Duelist Soul (JP sales),GBA,2001,Misc,Konami Digital Entertainment,0,0,0.4,0.01,0.41
4678,Ghostbusters: The Video Game,DS,2009,Action,Atari,0.26,0.12,0,0.04,0.41
206,Spyro the Dragon,PS,1998,Platform,Sony Computer Entertainment,3.36,1.36,0.07,0.21,5
9021,Fast Food Panic,DS,2010,Simulation,Nobilis,0.13,0,0,0.01,0.14
6334,Medarot 3: Kabuto / Kuwagata Version,GB,2000,Role-Playing,Imagineer,0,0,0.27,0,0.27
4032,Lollipop Chainsaw,X360,2012,Action,Warner Bros. Interactive Entertainment,0.31,0.13,0.02,0.04,0.49
7493,Jikkyou Powerful Pro Yakyuu 2012,PS3,2012,Action,Konami Digital Entertainment,0,0,0.21,0,0.21
16542,Spore Galactic Adventures,PC,2009,Strategy,Electronic Arts,0,0.01,0,0,0.01
8474,Hot Wheels Velocity X,GBA,2002,Racing,THQ,0.12,0.04,0,0,0.16
5416,Jonah Lomu Rugby Challenge,X360,2011,Sports,Home Entertainment Suppliers,0.09,0.21,0,0.04,0.34
11023,Seven: Molmorth no Kiheitai,PS2,2000,Action,Namco Bandai Games,0,0,0.09,0,0.09
57,Grand Theft Auto IV,PS3,2008,Action,Take-Two Interactive,4.76,3.76,0.44,1.62,10.57
8431,25 to Life,XB,2006,Shooter,Eidos Interactive,0.12,0.04,0,0.01,0.17
12633,Super Robot Wars OG: The Moon Dwellers,PS3,2016,Misc,Namco Bandai Games,0,0,0.06,0,0.06
2819,Avatar: The Game,Wii,2009,Action,Ubisoft,0.33,0.32,0,0.08,0.73
4607,Superman: Shadow of Apokolips,PS2,2002,Action,Atari,0.21,0.16,0,0.05,0.42
2165,My Weight Loss Coach,DS,2008,Sports,Ubisoft,0.3,0.54,0,0.11,0.96
12532,Power Pro Success Legends,PSP,2010,Sports,Konami Digital Entertainment,0,0,0.06,0,0.06
3266,SpongeBob's Atlantis SquarePantis,Wii,2007,Action,THQ,0.57,0.01,0,0.04,0.62
8863,Derby Stallion 64,N64,2001,Sports,Media Factory,0,0,0.15,0,0.15
1486,LEGO Batman: The Videogame,PS3,2008,Action,Warner Bros. Interactive Entertainment,0.72,0.42,0,0.19,1.32
3832,Naruto Shippuden: Clash of Ninja Revolution 3,Wii,2009,Fighting,Nintendo,0.45,0.04,0,0.04,0.52
158,Super Smash Bros.,N64,1999,Fighting,Nintendo,2.95,0.6,1.97,0.04,5.55
13645,Sherlock Holmes: Secret of The Silver Earring,Wii,2010,Adventure,Focus Home Interactive,0,0.04,0,0.01,0.04
4952,Chessmaster,PS2,2003,Misc,Ubisoft,0.19,0.15,0,0.05,0.39
14376,Brothers Conflict: Brilliant Blue,PSP,2013,Adventure,Idea Factory,0,0,0.03,0,0.03
8860,History Civil War: Secret Missions,PS2,2008,Shooter,Activision,0.07,0.06,0,0.02,0.15
12700,Zone of the Enders: The Fist of Mars,GBA,2001,Role-Playing,Konami Digital Entertainment,0.04,0.02,0,0,0.06
5197,Cubix Robots for Everyone: Clash 'n' Bash,GBA,N/A,Action,Unknown,0.26,0.1,0,0.01,0.36
8693,Battlestar Galactica,PS2,2003,Shooter,Vivendi Games,0.08,0.06,0,0.02,0.16
7498,Battle of Giants: Dinosaurs Strike,Wii,2010,Strategy,Ubisoft,0.15,0.04,0,0.02,0.2
538,Jak II,PS2,2003,Platform,Sony Computer Entertainment,1.68,0.74,0,0.36,2.78
13590,Ore no Imouto ga Konna ni Kawaii Wake ga Nai Happy EnD,PS3,2013,Simulation,Namco Bandai Games,0,0,0.04,0,0.04
12975,Zoo Quest: Puzzle Fun!,DS,2008,Puzzle,JoWood Productions,0.05,0,0,0,0.05
10252,Pimp My Ride,X360,2006,Racing,Activision,0.1,0.01,0,0.01,0.11
12507,Brunswick Circuit Pro Bowling,N64,1999,Sports,THQ,0.05,0.01,0,0,0.06
13518,FIFA Street 2,DS,2006,Sports,Electronic Arts,0.04,0,0,0,0.04
6544,Dungeons & Dragons Heroes,XB,2003,Role-Playing,Atari,0.19,0.06,0,0.01,0.26
14483,Resident Evil 4,PC,2007,Action,Ubisoft,0,0.02,0,0.01,0.03
5052,Pokemon Channel,GC,2003,Adventure,Nintendo,0.24,0.06,0.07,0.01,0.38
15647,NHL 2K3,GC,2002,Sports,Sega,0.01,0,0,0,0.02
9347,Go Play: Circus Star,Wii,2009,Action,Majesco Entertainment,0.12,0,0,0.01,0.13
13741,Monaco Grand Prix,N64,1999,Racing,Ubisoft,0.03,0.01,0,0,0.04
15915,Evil Genius,PC,2004,Strategy,Vivendi Games,0,0.01,0,0,0.02
15780,Worms World Party,PC,2001,Strategy,Virgin Interactive,0,0.01,0,0,0.02
12252,Wings of War,XB,2004,Simulation,Take-Two Interactive,0.05,0.01,0,0,0.06
3391,Jikkyou Powerful Pro Yakyuu '97 Kaimakuban,PS,1997,Sports,Konami Digital Entertainment,0,0,0.56,0.04,0.59
820,R4: Ridge Racer Type 4,PS,1998,Racing,Namco Bandai Games,0.68,0.46,0.79,0.13,2.06
1345,Dead Space 2,PS3,2011,Shooter,Electronic Arts,0.73,0.5,0,0.21,1.44
2752,Tales of Vesperia,X360,2008,Role-Playing,Atari,0.32,0.18,0.19,0.05,0.75
2198,Colin McRae Rally 04,PS2,2003,Racing,Codemasters,0.01,0.71,0.01,0.21,0.94
16599,Know How 2,DS,2010,Puzzle,7G//AMES,0,0.01,0,0,0.01
2099,The Bouncer,PS2,2000,Action,Sony Computer Entertainment,0.3,0.23,0.38,0.08,0.99
13837,Dreamfall: The Longest Journey,XB,2006,Adventure,Empire Interactive,0.03,0.01,0,0,0.04
588,Super Mario All-Stars: Limited Edition,Wii,2010,Platform,Nintendo,1.02,0.52,0.92,0.14,2.6
15115,Big Idea's VeggieTales: LarryBoy and the Bad Apple,PS2,2006,Action,Crave Entertainment,0.01,0.01,0,0,0.02
6328,Disney's Chicken Little,GC,2005,Platform,Disney Interactive Studios,0.21,0.05,0,0.01,0.27
7442,Tales of Phantasia: Narikiri Dungeon X,PSP,2010,Role-Playing,Namco Bandai Games,0,0,0.21,0,0.21
16,Kinect Adventures!,X360,2010,Misc,Microsoft Game Studios,14.97,4.94,0.24,1.67,21.82
480,Star Wars: The Old Republic,PC,2011,Role-Playing,Electronic Arts,1.58,1.01,0,0.38,2.97
6753,Jumping Flash! 2,PS,1996,Platform,Sony Computer Entertainment,0.05,0.03,0.15,0.02,0.25
6211,NHL Hitz 20-03,PS2,2002,Sports,Midway Games,0.14,0.11,0,0.04,0.28
9212,Reality Fighters,PSV,2012,Fighting,Sony Computer Entertainment,0.06,0.06,0,0.03,0.14
3607,Blinx: The Time Sweeper,XB,2002,Platform,Microsoft Game Studios,0.39,0.15,0,0.02,0.56
2767,Resonance of Fate,PS3,2010,Role-Playing,Sega,0.2,0.22,0.24,0.09,0.74
13058,Phantom Crash,XB,2002,Simulation,Phantagram,0.03,0.01,0.01,0,0.05
15603,Emergency 2012,DS,2010,Simulation,Rondomedia,0,0.02,0,0,0.02
8766,Sonny with a Chance,DS,2010,Action,Disney Interactive Studios,0.12,0.02,0,0.01,0.15
2093,Band Hero,Wii,2009,Misc,Activision,0.6,0.3,0,0.09,0.99
2278,Avatar: The Game,PS3,2009,Action,Ubisoft,0.32,0.43,0,0.16,0.91
2039,Madden NFL 07,XB,2006,Sports,Electronic Arts,0.97,0.03,0,0.03,1.02
13022,Project Setsuna,PSV,2016,Role-Playing,Square Enix,0,0,0.05,0,0.05
7759,Parlor! Mini 4,SNES,1996,Misc,Nippon Telenet,0,0,0.19,0,0.19
8046,Trauma Team,Wii,N/A,Simulation,Unknown,0.15,0,0.02,0.01,0.18
16124,Turbo Trainz,Wii,2012,Racing,Mastertronic,0,0.01,0,0,0.01
6353,Harry Potter and the Order of the Phoenix,PS2,2007,Action,Electronic Arts,0.13,0.1,0,0.03,0.27
10045,BoomBots,PS,1999,Fighting,SouthPeak Games,0.06,0.04,0,0.01,0.11
3772,2 in 1 Combo Pack: Sonic Heroes / Super Monkey Ball Deluxe,XB,2004,Misc,Sega,0.4,0.11,0,0.02,0.53
6074,Surf's Up,PS2,2007,Sports,Ubisoft,0.14,0.11,0,0.04,0.29
1899,The Biggest Loser,Wii,2009,Sports,THQ,0.87,0.12,0,0.09,1.08
15959,Guild Wars: Factions,PC,2006,Role-Playing,NCSoft,0,0.01,0,0,0.02
6138,Pro Evolution Soccer 2017,PS4,2016,Sports,Konami Digital Entertainment,0.01,0.16,0.09,0.03,0.28
10707,Nihon Keizai Shinbunsha Kanshuu: Shiranai Mamade wa Son o Suru Mono ya Okane no Shikumi DS,DS,2009,Misc,Nintendo,0,0,0.1,0,0.1
9968,Arctic Thunder,XB,2001,Racing,Midway Games,0.09,0.02,0,0,0.12
4657,Star Wars The Clone Wars: Republic Heroes,PSP,2009,Action,LucasArts,0.21,0.13,0,0.08,0.42
5519,Battle Dodge Ball,SNES,1991,Sports,Banpresto,0,0,0.33,0,0.33
1697,Disney's Chip 'n Dale: Rescue Rangers,NES,1990,Platform,Capcom,0.68,0.14,0.35,0.02,1.19
14,Wii Fit,Wii,2007,Sports,Nintendo,8.94,8.03,3.6,2.15,22.72
10719,Horse Life Adventures,DS,2008,Simulation,Deep Silver,0.08,0.01,0,0.01,0.1
5719,Jikkyou Powerful Pro Yakyuu Portable 3,PSP,2008,Sports,Konami Digital Entertainment,0,0,0.31,0,0.31
6601,Super Robot Taisen R,GBA,2002,Strategy,Banpresto,0,0,0.25,0.01,0.26
2331,LEGO Jurassic World,PS4,2015,Action,Warner Bros. Interactive Entertainment,0.32,0.42,0.01,0.14,0.89
7352,Robotech: The Macross Saga,GBA,2002,Shooter,TDK Mediactive,0.15,0.06,0,0,0.21
3704,Two Worlds II,X360,2011,Role-Playing,Unknown,0.4,0.08,0.03,0.04,0.54
6061,"Sakura Wars: So Long, My Love",PS2,2005,Role-Playing,Sega,0.07,0.05,0.15,0.02,0.29
645,Need for Speed: ProStreet,PS2,2007,Racing,Electronic Arts,0.69,0,0.04,1.68,2.41
9479,Harvest Moon DS (jp sales),DS,2005,Simulation,Rising Star Games,0,0,0.13,0,0.13
10463,Metal Arms: Glitch in the System,GC,2003,Shooter,Vivendi Games,0.08,0.02,0,0,0.1
15429,Defendin' De Penguin,DS,2008,Strategy,Zushi Games,0.02,0,0,0,0.02
2571,Hitman: Contracts,PS2,2004,Shooter,Eidos Interactive,0.39,0.31,0,0.1,0.8
10079,Start the Party! Save the World,PS3,2011,Misc,Sony Computer Entertainment,0,0.09,0,0.03,0.11
4566,Pirates of the Caribbean: At World's End,PSP,2007,Action,Disney Interactive Studios,0.15,0.17,0,0.1,0.43
10762,Dragon Ball: Evolution,PSP,2009,Fighting,Namco Bandai Games,0.09,0,0,0.01,0.1
11088,Blood: The Last Vampire (Joukan),PS2,2000,Adventure,Sony Computer Entertainment,0,0,0.09,0,0.09
11780,Adventure Time: Finn & Jake Investigations,3DS,2015,Action,Little Orbit,0.02,0.05,0,0.01,0.07
720,Monster Hunter Tri,Wii,2009,Role-Playing,Nintendo,0.67,0.41,1.05,0.11,2.25
4597,Ragnarok Odyssey,PSV,2012,Role-Playing,GungHo,0.22,0.01,0.16,0.03,0.42
7173,Ragnarok DS,DS,2008,Role-Playing,GungHo,0.1,0,0.11,0.01,0.22
10333,Ranma 1/2: Akanekodan Teki Hihou,SNES,1993,Role-Playing,TOHO,0,0,0.11,0,0.11
5302,Hannah Montana: The Movie,Wii,2009,Adventure,Disney Interactive Studios,0.13,0.18,0,0.04,0.35
1335,SingStar Pop,PS2,2007,Misc,Sony Computer Entertainment,0.04,1.08,0,0.32,1.44
9292,Scene It? Bright Lights! Big Screen!,X360,2009,Misc,Warner Bros. Interactive Entertainment,0.12,0,0,0.01,0.14
5116,Madden NFL 11,PSP,2010,Sports,Electronic Arts,0.35,0,0,0.03,0.37
2951,Halo 2 Multiplayer Map Pack,XB,2005,Shooter,Microsoft Game Studios,0.54,0.13,0,0.02,0.69
10439,Imagine: Soccer Captain,DS,2009,Sports,Ubisoft,0.1,0,0,0.01,0.1
2786,Naruto Shippuden: Ultimate Ninja Storm Generations,PS3,2012,Fighting,Namco Bandai Games,0.27,0.25,0.14,0.08,0.74
8523,Kawa no Nushi Tsuri,PS,1998,Sports,Victor Interactive,0,0,0.15,0.01,0.16
1428,SingStar Abba,PS2,2008,Misc,Sony Computer Entertainment,0.23,0.04,0,1.09,1.36
5994,The Bureau: XCOM Declassified,PS3,2013,Shooter,Take-Two Interactive,0.08,0.16,0,0.05,0.29
15269,Shiratsuyu no Kai,PSP,2013,Adventure,Idea Factory,0,0,0.02,0,0.02
2896,Metal Gear Solid V: The Phantom Pain,XOne,2015,Action,Konami Digital Entertainment,0.37,0.26,0.01,0.06,0.71
6554,Samurai Warriors 4,PS3,2014,Action,Tecmo Koei,0,0,0.26,0,0.26
16333,Ultraman Fighting Evolution 3,PS2,2004,Fighting,Banpresto,0,0,0.01,0,0.01
13435,Nazo Waku Yakata: Oto no Ma ni Ma ni,3DS,2011,Misc,Capcom,0,0,0.05,0,0.05
1165,Mario Bros.,2600,1982,Platform,Atari,1.48,0.09,0,0.02,1.59
7407,Shadow of Destiny,PS2,2001,Adventure,Konami Digital Entertainment,0.09,0.07,0.03,0.02,0.21
12802,Handball 16,PS4,2015,Sports,Bigben Interactive,0,0.05,0,0.01,0.06
9357,Retro Atari Classics,DS,2005,Misc,Atari,0.12,0,0,0.01,0.13
3177,Madden NFL 2001,N64,2000,Sports,Electronic Arts,0.6,0.03,0,0.01,0.64
12432,Backyard NFL Football '10,PS2,2009,Sports,Atari,0.03,0.02,0,0.01,0.06
9225,Doukyuusei,TG16,1995,Adventure,NEC,0,0,0.14,0,0.14
10954,Jenga World Tour,DS,2007,Misc,Atari,0.09,0,0,0.01,0.09
12487,Inversion,X360,2012,Shooter,Namco Bandai Games,0.03,0.02,0,0.01,0.06
12760,The Lord of the Rings: Aragorn's Quest,PS2,2010,Action,Warner Bros. Interactive Entertainment,0.03,0.02,0,0.01,0.06
3450,Romancing SaGa,PS2,2005,Role-Playing,Square Enix,0.06,0.04,0.47,0.01,0.58
12689,Catwoman,XB,2004,Action,Electronic Arts,0.04,0.01,0,0,0.06
6996,Dynasty Warriors: Gundam Reborn,PS3,2013,Action,Tecmo Koei,0,0,0.23,0,0.23
14912,Yuusha Shisu.,PSV,2016,Role-Playing,Nippon Ichi Software,0,0,0.02,0,0.02
8928,Harvest Moon: Hero of Leaf Valley,PSP,2009,Simulation,Rising Star Games,0.07,0.02,0.05,0.02,0.15
8544,SeaWorld Adventure Parks: Shamu's Deep Sea Adventure,PS2,2005,Adventure,Activision,0.08,0.06,0,0.02,0.16
4799,NFL GameDay 2003,PS2,N/A,Sports,Unknown,0.2,0.15,0,0.05,0.4
1139,Kirby Air Ride,GC,2003,Racing,Nintendo,1.01,0.11,0.45,0.04,1.62
5441,Sengoku Musou 3 Z,PS3,2011,Action,Ackkstudios,0,0,0.33,0,0.33
7761,The Spiderwick Chronicles,Wii,2008,Action,Vivendi Games,0.17,0.01,0,0.01,0.19
9743,Fuse (Insomniac),PS3,2013,Shooter,Electronic Arts,0.06,0.04,0,0.02,0.12
2637,Buzz! The Hollywood Quiz,PS2,2007,Misc,Sony Computer Entertainment,0.17,0,0,0.61,0.78
1022,Cruis'n USA,N64,1996,Racing,Nintendo,1.69,0.04,0,0.01,1.74
15014,Peter Pan in Disney's Return to Never Land,PS,2002,Platform,Sony Computer Entertainment,0.01,0.01,0,0,0.02
6591,The Backyardigans,DS,2009,Adventure,Take-Two Interactive,0.24,0,0,0.02,0.26
5468,WWE Wrestlemania XIX,GC,2003,Fighting,THQ,0.26,0.07,0,0.01,0.33
12965,Aliens in the Attic,DS,2009,Action,Playlogic Game Factory,0.05,0,0,0,0.05
7108,Valhalla Knights 2,PSP,2008,Role-Playing,Rising Star Games,0.09,0,0.12,0.01,0.23
6323,RalliSport Challenge 2,XB,2004,Racing,Microsoft Game Studios,0.18,0.08,0,0.01,0.27
9523,Pop'n Music Portable,PSP,2010,Misc,Konami Digital Entertainment,0,0,0.13,0,0.13
6979,Girls Mode 3: Kirakira Code,3DS,2015,Action,Nintendo,0,0,0.23,0,0.23
8314,Pursuit Force: Extreme Justice,PSP,2007,Action,Sony Computer Entertainment,0.07,0.07,0,0.03,0.17
12218,One Piece: Unlimited World Red,WiiU,2014,Action,Namco Bandai Games,0,0.04,0.02,0,0.07
14191,Hayate no Gotoku! Ojousama Produce Daisakusen Boku Iro ni Somare! Oyashiki-Hen,DS,2008,Simulation,Konami Digital Entertainment,0,0,0.03,0,0.03
8152,WordJong Party,Wii,2008,Puzzle,Destineer,0.17,0,0,0.01,0.18
8791,Kidou Senkan Nadesico,SAT,1997,Strategy,Sega,0,0,0.15,0,0.15
836,Donkey Kong Country,GBA,2003,Platform,Nintendo,1.2,0.48,0.29,0.07,2.04
9726,Angry Birds Star Wars,PSV,2013,Strategy,Activision,0.05,0.04,0,0.03,0.12
16086,Uta no * Prince-Sama: Sweet Serenade,PSP,2011,Adventure,Broccoli,0,0,0.01,0,0.01
10839,Dance on Broadway,PS3,2011,Misc,Ubisoft,0.05,0.03,0,0.01,0.09
13026,Mawashite Tsunageru Touch Panic,DS,2006,Puzzle,Nintendo,0,0,0.05,0,0.05
11570,Skydiving Extreme,PS,2001,Sports,Banpresto,0.04,0.03,0,0.01,0.08
16093,Honda ATV Fever,DS,2010,Racing,Storm City Games,0.01,0,0,0,0.01
8168,Kidou Senshi Gundam: Senjou no Kizuna Portable,PSP,2009,Strategy,Namco Bandai Games,0,0,0.18,0,0.18
11699,Titanic Mystery,DS,2010,Puzzle,PlayV,0.05,0.02,0,0.01,0.08
3323,Dragon Ball Z: Buu's Fury,GBA,2004,Action,Atari,0.44,0.16,0,0.01,0.61
15099,Genkai Tokki: Seven Pirates,PSV,2016,Role-Playing,Compile Heart,0,0,0.02,0,0.02
904,Mario Party 3,N64,2000,Misc,Nintendo,0.72,0.16,1.01,0.02,1.91
11149,Age of Mythology,PC,2002,Strategy,Microsoft Game Studios,0.02,0.06,0,0.01,0.09
8924,Ore no Imouto ga Konna ni Kawaii wake ga Nai Portable,PSP,2011,Adventure,Banpresto,0,0,0.15,0,0.15
8433,NASCAR '15,X360,2015,Sports,Deep Silver,0.15,0,0,0.02,0.17
16225,Carmageddon: Max Damage,XOne,2016,Action,Stainless Games,0.01,0.01,0,0,0.01
5576,Def Jam Rapstar,PS3,2010,Misc,Konami Digital Entertainment,0.25,0.05,0,0.03,0.33
357,Luigi's Mansion,GC,2001,Action,Nintendo,2.38,0.67,0.46,0.1,3.6
14529,Braid,PC,2009,Platform,Number None,0,0.02,0,0.01,0.03
1963,Seek and Destroy,PS2,2002,Racing,Play It,0.52,0.4,0,0.14,1.06
14903,Shinseiki Evangelion Ayanami Ikusei Keikaku DS with Asuka Hokan Keikaku,DS,2008,Simulation,Broccoli,0,0,0.03,0,0.03
2162,Lost Planet 2,PS3,2010,Shooter,Capcom,0.29,0.34,0.2,0.13,0.96
10446,Agatha Christie: The ABC Murders,DS,2009,Adventure,JoWood Productions,0.08,0.01,0,0.01,0.1
13827,Castlevania: Lords of Shadow 2,PC,2014,Action,Konami Digital Entertainment,0.01,0.03,0,0,0.04
11268,Bleach: Heat the Soul 5,PSP,2008,Fighting,Sony Computer Entertainment,0,0,0.08,0,0.08
551,Call of Duty 3,X360,2006,Shooter,Activision,1.49,0.93,0.02,0.27,2.71
3291,Samurai Warriors 2,PS2,2006,Action,Tecmo Koei,0.02,0.02,0.57,0.01,0.61
643,Dino Crisis,PS,1998,Action,Capcom,0.81,0.76,0.7,0.14,2.41
6474,Rugrats: I Gotta Go Party,GBA,2002,Action,THQ,0.19,0.07,0,0,0.26
14547,Virtual Pool: Tournament Edition,XB,2005,Sports,Global Star,0.02,0.01,0,0,0.03
4839,Star Wars The Clone Wars: Republic Heroes,X360,2009,Action,LucasArts,0.18,0.17,0,0.04,0.4
12570,Match 3 Madness,DS,2010,Puzzle,Foreign Media Games,0,0.05,0,0.01,0.06
3525,"Warhammer 40,000: Space Marine",X360,2011,Shooter,THQ,0.25,0.27,0,0.06,0.57
1155,River Raid,2600,1981,Shooter,Activision,1.49,0.09,0,0.02,1.6
4702,Mass Effect Trilogy,X360,2012,Action,Electronic Arts,0.28,0.1,0,0.03,0.41
5505,Scooby-Doo! First Frights,PS2,2009,Action,Warner Bros. Interactive Entertainment,0.14,0.03,0,0.16,0.33
8158,EyeToy: Groove,PS2,2003,Misc,Sony Computer Entertainment,0.09,0.07,0,0.02,0.18
339,Friend Collection,DS,2009,Misc,Nintendo,0,0,3.67,0,3.67
13187,Alter Echo,XB,2003,Shooter,THQ,0.04,0.01,0,0,0.05
4150,Alien Trilogy,PS,1996,Shooter,Acclaim Entertainment,0.24,0.16,0.04,0.03,0.47
8440,Klonoa,Wii,2008,Platform,Namco Bandai Games,0.11,0.02,0.03,0.01,0.17
803,Need For Speed: Undercover,PS3,2008,Racing,Electronic Arts,0.63,1.02,0.05,0.39,2.08
1496,MAG: Massive Action Game,PS3,2010,Shooter,Sony Computer Entertainment,0.77,0.3,0.09,0.16,1.32
1293,Metal Gear Rising: Revengeance,PS3,2013,Action,Konami Digital Entertainment,0.45,0.4,0.44,0.18,1.47
13579,Summer Athletics 2009,X360,2009,Sports,49Games,0,0.04,0,0,0.04
4610,Vanquish,X360,2010,Shooter,Sega,0.19,0.17,0.03,0.04,0.42
1208,LEGO Battles: Ninjago,DS,2011,Strategy,Warner Bros. Interactive Entertainment,1.07,0.36,0,0.12,1.55
12192,Centipede / Breakout / Warlords,GBA,2005,Misc,Zoo Digital Publishing,0.05,0.02,0,0,0.07
8799,MLB Power Pros 2008,PS2,2008,Sports,Konami Digital Entertainment,0.05,0.04,0.05,0.01,0.15
2451,Street Fighter EX3,PS2,2000,Fighting,Virgin Interactive,0.32,0.25,0.2,0.08,0.85
11133,Ikaruga,GC,2003,Shooter,Atari,0.07,0.02,0,0,0.09
9509,"Crouching Tiger, Hidden Dragon",PS2,2003,Action,Ubisoft,0.06,0.05,0,0.02,0.13
692,LEGO Marvel Super Heroes,X360,2013,Action,Warner Bros. Interactive Entertainment,1.24,0.85,0,0.21,2.3
5440,World Championship Poker 2: Featuring Howard Lederer,PS2,2005,Misc,Oxygen Interactive,0.16,0.13,0,0.04,0.34
1443,Grand Theft Auto: Chinatown Wars,DS,2009,Action,Take-Two Interactive,0.59,0.57,0.05,0.14,1.35
9843,MTV Sports: Pure Ride,PS,2000,Sports,THQ,0.07,0.05,0,0.01,0.12
7157,Danball Senki Boost,PSP,2011,Action,Level 5,0,0,0.22,0,0.22
7672,Spore Hero Arena,DS,2009,Simulation,Electronic Arts,0.18,0,0,0.01,0.2
964,Guitar Hero: World Tour,PS2,2008,Misc,Activision,1,0.03,0,0.77,1.8
3656,F.E.A.R.,PS3,2007,Shooter,Vivendi Games,0.18,0.27,0,0.1,0.55
687,James Bond 007: Everything or Nothing,PS2,2004,Shooter,Electronic Arts,0.85,1.06,0.09,0.32,2.31
4709,Castlevania: Order of Ecclesia,DS,2008,Platform,Konami Digital Entertainment,0.31,0.03,0.04,0.03,0.41
11244,Ys VIII: Lacrimosa of Dana,PSV,2016,Role-Playing,Nihon Falcom Corporation,0,0,0.09,0,0.09
3669,Super Robot Taisen F,SAT,1997,Strategy,Banpresto,0,0,0.55,0,0.55
10419,Winning Eleven: Pro Evolution Soccer 2007,X360,2006,Sports,Konami Digital Entertainment,0.09,0,0,0.01,0.1
16354,World Snooker Challenge 2005,PSP,2005,Sports,Sega,0,0.01,0,0,0.01
136,Super Mario Sunshine,GC,2002,Platform,Nintendo,4.01,1.26,0.87,0.17,6.31
10668,Indigo Prophecy,XB,2005,Adventure,Atari,0.07,0.03,0,0,0.1
13742,Worms Armageddon,N64,1999,Strategy,Infogrames,0.03,0.01,0,0,0.04
5034,Silent Scope,PS2,2000,Shooter,Konami Digital Entertainment,0.19,0.15,0,0.05,0.38
4585,Super Wagyan Land,SNES,1991,Action,Namco Bandai Games,0,0,0.42,0,0.42
1188,Fight Night Round 3,PS2,2006,Fighting,Electronic Arts,1.07,0.4,0,0.1,1.56
11392,Super Robot Taisen OG Saga: Endless Frontier,DS,2008,Role-Playing,Namco Bandai Games,0.08,0,0,0.01,0.08
1889,Dante's Inferno,PS3,2010,Action,Electronic Arts,0.64,0.28,0.04,0.13,1.09
2233,Crash City Mayhem,GBA,2004,Racing,THQ,0.67,0.25,0,0.02,0.93
14985,Rapala for Kinect,X360,2011,Sports,Activision,0,0.02,0,0,0.02
10026,Family Game Night 4: The Game Show,PS3,2011,Misc,Electronic Arts,0.08,0.02,0,0.01,0.11
4325,The New York Times Crosswords,DS,2007,Puzzle,Majesco Entertainment,0.42,0,0,0.03,0.45
14983,Lilpri DS: Hime-Chen! Apple Pink,DS,2010,Adventure,Sega,0,0,0.02,0,0.02
2543,Jikkyou Powerful Pro Yakyuu '99 Kaimakuban,PS,1999,Sports,Konami Digital Entertainment,0,0,0.76,0.05,0.81
6797,Disney Stitch Jam,DS,2009,Misc,Disney Interactive Studios,0.08,0,0.16,0,0.24
4727,Command & Conquer: Red Alert,PS,1997,Strategy,Virgin Interactive,0.23,0.16,0,0.03,0.41
1218,Die Hard Trilogy,PS,1996,Shooter,Fox Interactive,0.85,0.58,0,0.1,1.54
7756,Kouchuu Ouja Mushi King: Greatest Champion e no Michi DS,DS,2005,Action,Sega,0,0,0.19,0,0.19
12853,DuckTales: Remastered,PS3,2013,Action,Capcom,0.01,0.04,0,0.01,0.05
7580,Kurohyou 2: Ryu ga Gotoku Ashura Hen,PSP,2012,Action,Sega,0,0,0.2,0,0.2
10434,UFC: Tapout 2,XB,2003,Fighting,Capcom,0.08,0.02,0,0,0.1
13487,Honda ATV Fever,Wii,2010,Racing,Storm City Games,0.04,0,0,0,0.04
15664,Disney Sports Football,GC,2002,Sports,Konami Digital Entertainment,0.01,0,0,0,0.02
4863,Boku no Natsuyasumi,PS,2000,Adventure,Sony Computer Entertainment,0,0,0.37,0.03,0.4
10230,Night at the Museum: Battle of the Smithsonian,X360,2009,Action,Majesco Entertainment,0.07,0.03,0,0.01,0.11
978,Just Cause 2,PS3,2010,Action,Square Enix,0.45,0.94,0.06,0.33,1.78
2703,Pro Evolution Soccer 2015,PS4,2014,Sports,Konami Digital Entertainment,0.09,0.43,0.11,0.13,0.76
14418,Knights of Honor,PC,2004,Strategy,Sunflowers,0,0.02,0,0.01,0.03
406,Mario Party 9,Wii,2012,Misc,Nintendo,1.15,1.17,0.76,0.24,3.32
10921,Hakuouki: Zuisouroku Portable,PSP,2010,Adventure,Idea Factory,0,0,0.09,0,0.09
13485,Tom Clancy's HAWX,PC,2009,Action,Ubisoft,0,0.03,0,0.01,0.04
6252,Castlevania: Aria of Sorrow,GBA,2003,Platform,Konami Digital Entertainment,0.2,0.07,0,0,0.28
4874,Rise of the Tomb Raider,X360,2015,Adventure,Square Enix,0.17,0.19,0,0.03,0.4
6523,Sengoku Basara: Battle Heroes,PSP,2009,Action,Capcom,0,0,0.26,0,0.26
10037,Pocket Soccer League: Calciobit,3DS,2012,Sports,Nintendo,0,0,0.11,0,0.11
7934,Nobunaga no Yabou: Souzou,PS3,2013,Strategy,Tecmo Koei,0,0,0.19,0,0.19
12420,Guilty Gear XX Accent Core Plus,PS2,2008,Fighting,PQube,0.03,0.02,0,0.01,0.06
9853,Gladiator: Sword of Vengeance,PS2,2003,Action,Acclaim Entertainment,0.06,0.05,0,0.02,0.12
13655,Gravity Falls: Legend of the Gnome Gemulets,3DS,2015,Action,Ubisoft,0.03,0,0,0,0.04
15119,Summon Night: Swordcraft Story,GBA,2003,Role-Playing,Banpresto,0.02,0.01,0,0,0.02
6404,Are You Smarter than a 5th Grader? Game Time,Wii,2009,Puzzle,THQ,0.25,0,0,0.02,0.27
16077,Umihara Kawase Jun: Second Edition Kanzenban,DS,2009,Puzzle,Genterprise,0,0,0.01,0,0.01
3960,Atelier Rorona: Alchemist of Arland,PS3,2009,Role-Playing,Nippon Ichi Software,0.22,0.12,0.11,0.05,0.5
15231,The Fast and the Furious,PSP,2007,Racing,Deep Silver,0.02,0,0,0,0.02
13761,Infamous: First Light,PS4,2014,Action,Sony Computer Entertainment,0,0.03,0,0.01,0.04
15251,Brave: The Video Game,DS,2012,Action,Disney Interactive Studios,0,0.02,0,0,0.02
10632,Jeopardy!,N64,1998,Misc,GameTek,0.08,0.02,0,0,0.1
7772,Pac-Man & Galaga Dimensions,3DS,2011,Misc,Namco Bandai Games,0.1,0.04,0.04,0.01,0.19
3752,The Hobbit,PS2,2003,Platform,Vivendi Games,0.26,0.2,0,0.07,0.54
8198,Pro Yaky? Spirits 5,PS2,2008,Sports,Konami Digital Entertainment,0,0,0.18,0,0.18
16224,Spider-Man: Friend or Foe,PC,2007,Action,Activision,0.01,0,0,0,0.01
329,The Sims: Unleashed,PC,2002,Simulation,Electronic Arts,2.03,1.56,0,0.17,3.76
10603,Jade Cocoon 2,PS2,2001,Role-Playing,Ubisoft,0.05,0.04,0,0.01,0.1
15455,Mount & Blade Collection,PC,2012,Role-Playing,Paradox Interactive,0,0.02,0,0,0.02
