Rank,Name,Platform,Year,Genre,Publisher,NA_Sales,EU_Sales,JP_Sales,Other_Sales,Global_Sales
16591,Mega Brain Boost,DS,2008,Puzzle,Majesco Entertainment,0.01,0,0,0,0.01
1619,Farming Simulator 2015,PC,2014,Simulation,Focus Home Interactive,0.08,1.02,0,0.13,1.23
9921,Bishoujo Senshi Sailormoon S: Juugai Rantou!? Shuyaku Soudatsusen,SNES,1994,Fighting,Angel Studios,0,0,0.12,0,0.12
5200,NHL 2K10,Wii,2009,Sports,Take-Two Interactive,0.33,0.01,0,0.03,0.36
12907,Bust-A-Bloc,PS2,2002,Puzzle,Midas Interactive Entertainment,0,0,0.05,0,0.05
965,Sonic Advance 2,GBA,2002,Platform,Sega,0.93,0.59,0.21,0.07,1.8
3637,The Godfather (old US sales),XB,2006,Action,Electronic Arts,0.42,0.11,0,0.02,0.55
8593,California Speed,N64,1999,Misc,Midway Games,0.13,0.03,0,0,0.16
8430,Payday 2,XOne,2015,Shooter,505 Games,0.08,0.07,0,0.01,0.17
4598,Harry Potter and the Deathly Hallows - Part 1,DS,2010,Action,Electronic Arts,0.2,0.19,0,0.04,0.42
9394,Transworld Surf,XB,N/A,Sports,Atari,0.1,0.03,0,0,0.13
2311,Tiger Woods PGA Tour 12: The Masters,PS3,2011,Sports,Electronic Arts,0.52,0.26,0,0.12,0.9
12920,Nobunaga's Ambition: Sphere of Influence,PSV,2014,Strategy,Tecmo Koei,0,0,0.05,0,0.05
5990,Punch-Out!!,Wii,2007,Sports,Nintendo,0.02,0.22,0.05,0,0.29
5343,MLB 06: The Show,PSP,2006,Sports,Sony Computer Entertainment,0.32,0,0,0.03,0.35
4711,X-Men: The Official Game,PS2,2006,Action,Activision,0.2,0.16,0,0.05,0.41
4324,J-League Excite Stage '95,SNES,1995,Sports,Epoch,0,0,0.45,0,0.45
1689,Captain Toad: Treasure Tracker,WiiU,2014,Puzzle,Nintendo,0.56,0.36,0.19,0.09,1.19
14655,Rugby League Live,X360,2010,Sports,Home Entertainment Suppliers,0,0.02,0,0,0.03
12818,Tokyo Mono Harashi: Karasu no Mori Gakuen Kitan,PSP,2010,Role-Playing,Atlus,0,0,0.06,0,0.06
15895,Yuu Yuu Hakusho DS: Ankoku Bujutsukai Hen,DS,2006,Action,Takara Tomy,0,0,0.02,0,0.02
6604,Formula One 2001,PS2,2001,Racing,Sony Computer Entertainment,0.13,0.1,0,0.03,0.26
7501,Discovery Kids: Pony Paradise,DS,2009,Simulation,505 Games,0.19,0,0,0.01,0.2
12176,Mega Man: Battle & Chase,PS,1997,Racing,Capcom,0,0,0.06,0,0.07
3036,BioShock Infinite,PC,2013,Shooter,Take-Two Interactive,0.28,0.3,0,0.08,0.67
16553,God Eater Off Shot: Tachibana Sakuya-hen Twin Pack & Animation Vol.7,PS4,2016,Action,Namco Bandai Games,0,0,0.01,0,0.01
239,Madden NFL 2005,PS2,2004,Sports,Electronic Arts,4.18,0.26,0.01,0.08,4.53
10564,Surf's Up,X360,2007,Sports,Ubisoft,0.09,0,0,0.01,0.1
9549,Just Cause 2,PC,2010,Action,Square Enix,0,0.1,0,0.03,0.13
7814,Story of Seasons: Good Friends of the Three Villages,3DS,2016,Simulation,Marvelous Interactive,0,0,0.19,0,0.19
7903,Active Health with Carol Vorderman,DS,2009,Sports,Nintendo,0,0.18,0,0.01,0.19
8932,Rayman Raving Rabbids,DS,2007,Misc,Ubisoft,0.13,0.01,0,0.01,0.15
13728,Mat Hoffman's Pro BMX 2,GC,2002,Sports,Activision,0.03,0.01,0,0,0.04
12560,Carol Vorderman's Sudoku,PSP,2006,Puzzle,Xplosiv,0.05,0,0,0.01,0.06
5099,Kingdom Under Fire: Circle of Doom,X360,2007,Role-Playing,Microsoft Game Studios,0.18,0.12,0.04,0.04,0.37
4002,Tony Hawk's Underground 2,GC,2004,Sports,Activision,0.38,0.1,0,0.01,0.5
14852,Legacy of Ys: Books I & II,DS,N/A,Role-Playing,Unknown,0.02,0,0,0,0.03
355,The Simpsons: Road Rage,PS2,2001,Racing,Electronic Arts,2.02,1.17,0,0.42,3.61
9966,Thousand Arms,PS,1998,Role-Playing,Atlus,0.06,0.04,0,0.01,0.12
3136,Harry Potter and the Half-Blood Prince,PS2,2009,Action,Electronic Arts,0.13,0.07,0,0.44,0.64
6694,NBA Courtside 2 featuring Kobe Bryant,N64,1999,Sports,Nintendo,0.2,0.05,0,0,0.25
3809,Oni,PS2,2001,Action,Take-Two Interactive,0.26,0.2,0,0.07,0.53
4087,Shrek the Third,PS2,2007,Action,Activision,0.4,0.02,0,0.07,0.48
16279,Assetto Corsa,XOne,2016,Racing,505 Games,0,0.01,0,0,0.01
1441,Namco Museum DS,DS,2007,Misc,Atari,1.18,0.01,0.06,0.09,1.35
15144,Invizimals: The Lost Kingdom,PS3,2013,Action,Sony Computer Entertainment,0,0.02,0,0.01,0.02
646,Madden NFL 16,XOne,2015,Sports,Electronic Arts,2.07,0.08,0,0.26,2.4
7563,Assassin's Creed Syndicate,PC,2015,Action,Ubisoft,0.1,0.08,0,0.02,0.2
7015,ESPN NHL Hockey,PS2,2003,Sports,Sega,0.11,0.09,0,0.03,0.23
16116,Winning Post 7 Maximum 2008,PS3,2008,Sports,Tecmo Koei,0,0,0.01,0,0.01
11810,Godai: Elemental Force,PS2,2002,Action,3DO,0.04,0.03,0,0.01,0.07
9754,Puzzle Kingdoms,Wii,2009,Puzzle,Zoo Digital Publishing,0.11,0,0,0.01,0.12
7952,Pro Yaky? Spirits 2012,PS3,2012,Sports,Konami Digital Entertainment,0,0,0.19,0,0.19
11646,Infernal: Hell's Vengeance,X360,2009,Shooter,Playlogic Game Factory,0.06,0.01,0,0.01,0.08
14817,Madden NFL 07,GBA,2006,Sports,Electronic Arts,0.02,0.01,0,0,0.03
14592,Game of Thrones (Telltale),XOne,2015,Adventure,Telltale Games,0.03,0,0,0,0.03
966,Madden NFL 07,X360,2006,Sports,Electronic Arts,1.66,0,0.01,0.13,1.8
4973,Ice Age: Dawn of the Dinosaurs,DS,2009,Action,Activision,0.2,0.15,0,0.04,0.39
12729,Lost Kingdoms II,GC,2003,Role-Playing,Activision,0.04,0.01,0,0,0.06
14245,Maximum Racing: GP Classic Racing,Wii,2010,Racing,Nordic Games,0.03,0,0,0,0.03
3643,Jump Super Stars,DS,2005,Fighting,Nintendo,0,0,0.55,0,0.55
8300,The Lord of the Rings: Aragorn's Quest,PS3,2010,Action,Warner Bros. Interactive Entertainment,0.1,0.04,0,0.02,0.17
15818,Samurai Jack: The Shadow of Aku,GC,2004,Action,Sega,0.01,0,0,0,0.02
9712,Are You Smarter than a 5th Grader? Game Time,X360,2009,Puzzle,THQ,0.12,0,0,0.01,0.12
16581,Outdoors Unleashed: Africa 3D,3DS,2011,Sports,Mastiff,0.01,0,0,0,0.01
12530,Foster's Home for Imaginary Friends: Imagination Invaders,DS,2007,Adventure,Midway Games,0.06,0,0,0,0.06
2976,Bakugan: Battle Brawlers,Wii,2009,Action,Activision,0.6,0.03,0,0.05,0.68
6889,Forsaken,PS,1998,Shooter,Acclaim Entertainment,0.13,0.09,0,0.02,0.24
5855,Neopets: The Darkest Faerie,PS2,2005,Adventure,Sony Computer Entertainment,0.15,0.12,0,0.04,0.3
10051,World Championship Rugby,PS2,2004,Sports,Acclaim Entertainment,0.06,0.04,0,0.01,0.11
8787,Jikkyou Powerful Pro Yakyuu 2009,PS2,2009,Sports,Konami Digital Entertainment,0,0,0.15,0,0.15
14883,Drome Racers,GBA,2003,Racing,THQ,0.02,0.01,0,0,0.03
9694,WRC: FIA World Rally Championship,X360,N/A,Racing,Black Bean Games,0,0.1,0,0.02,0.12
14904,Rock 'N' Roll Adventures,Wii,2007,Platform,Popcorn Arcade,0.02,0,0,0,0.03
16384,Hoshigami: Ruining Blue Earth Remix,DS,2007,Role-Playing,505 Games,0,0,0.01,0,0.01
12120,N+,DS,2007,Platform,Atari,0.06,0,0,0,0.07
4600,SpongeBob's Truth or Square (US sales),DS,2009,Action,THQ,0.42,0,0,0,0.42
9040,Iron & Blood,PS,1996,Fighting,Acclaim Entertainment,0.08,0.05,0,0.01,0.14
3327,Spider-Man: Mysterio's Menace,GBA,2001,Action,Activision,0.43,0.16,0,0.01,0.61
6434,And1 Streetball,PS2,2006,Action,Ubisoft,0.13,0.1,0,0.03,0.27
9679,Mega Man X: Command Mission,GC,2004,Role-Playing,Capcom,0.1,0.02,0,0,0.12
13400,Hiiro no Kakera DS,DS,2008,Adventure,Idea Factory,0,0,0.05,0,0.05
3777,NASCAR 09,PS2,2008,Racing,Electronic Arts,0.26,0.2,0,0.07,0.53
5967,X-Men Legends II: Rise of Apocalypse,PSP,2005,Role-Playing,Activision,0.25,0.01,0,0.03,0.29
8803,Naruto: Powerful Shippuden,3DS,2012,Platform,Namco Bandai Games,0.08,0.02,0.04,0.01,0.15
4904,Fire Emblem: Fuuin no Tsurugi,GBA,2002,Role-Playing,Nintendo,0,0,0.39,0,0.39
2837,Tiger Woods PGA Tour 07,PS2,2006,Sports,Electronic Arts,0.6,0.02,0,0.1,0.72
501,Call of Duty: Finest Hour,PS2,2004,Shooter,Activision,1.51,1.12,0.01,0.24,2.89
4980,Phantasy Star Ø,DS,2008,Role-Playing,Sega,0.16,0,0.2,0.01,0.38
15771,Metal Fight Beyblade: Choujou Kessen! Big Bang Bladers,DS,2010,Action,Hudson Soft,0,0,0.02,0,0.02
6981,Virtua Tennis 4,X360,2011,Sports,Sega,0.11,0.1,0.01,0.02,0.23
15517,Triggerheart Excelica Enhanced,PS2,2009,Shooter,Alchemist,0,0,0.02,0,0.02
8501,Dynasty Warriors 8: Xtreme Legends,PS3,2013,Action,Tecmo Koei,0.02,0.03,0.11,0.01,0.16
3977,Madden NFL 07,Wii,2006,Sports,Electronic Arts,0.46,0,0,0.04,0.5
6919,Angry Birds,PC,2011,Puzzle,Focus Home Interactive,0,0.18,0,0.05,0.24
2443,Rampage World Tour,PS,1997,Action,GT Interactive,0.47,0.32,0,0.06,0.85
2859,The Lord of the Rings: The Two Towers,XB,2002,Action,Electronic Arts,0.45,0.24,0,0.03,0.71
8676,Arcade Zone,Wii,2009,Misc,Activision,0.14,0,0,0.01,0.16
8621,MLB 11: The Show,PSP,2011,Sports,Sony Computer Entertainment,0.15,0,0,0.01,0.16
155,Destiny,PS4,2014,Shooter,Activision,2.49,2.05,0.16,0.96,5.65
11202,Tim Burton's The Nightmare Before Christmas: Oogie's Revenge,XB,2005,Adventure,Disney Interactive Studios,0.06,0.02,0,0,0.09
9932,Castlevania: Curse of Darkness,XB,2005,Action,Konami Digital Entertainment,0.09,0.03,0,0,0.12
14105,Adventure Time: Explore the Dungeon Because I Don't Know!,WiiU,2013,Action,D3Publisher,0.02,0.01,0,0,0.03
10186,DualPenSports,3DS,2011,Sports,Namco Bandai Games,0.05,0.05,0,0.01,0.11
6107,Rugby World Cup 2011,X360,2011,Sports,505 Games,0.03,0.21,0,0.04,0.28
15415,Puzzle City,DS,2009,Puzzle,Destineer,0.02,0,0,0,0.02
12788,History Great Empires: Rome,DS,2009,Strategy,Black Bean Games,0.05,0,0,0,0.06
8629,Dynasty Warriors 8,X360,2013,Action,Tecmo Koei,0.09,0.05,0,0.01,0.16
12919,Zyuden Sentai Kyoryuger: Game de Gaburincho!!,3DS,2013,Action,Namco Bandai Games,0,0,0.05,0,0.05
3856,Swing Away Golf,PS2,2000,Sports,Electronic Arts,0.17,0.13,0.18,0.04,0.52
1520,SingStar '80s,PS2,2005,Misc,Sony Computer Entertainment,0.27,0.02,0,1.02,1.3
3255,Tak 2: The Staff of Dreams,PS2,2004,Platform,THQ,0.3,0.24,0,0.08,0.62
2899,NCAA Football 09,X360,2008,Sports,Electronic Arts,0.65,0,0,0.05,0.71
2564,MadWorld,Wii,2009,Action,Sega,0.46,0.25,0.02,0.07,0.8
15791,"Moshi, Kono Sekai ni Kami-sama ga Iru to suru Naraba.",PSV,2016,Adventure,N/A,0,0,0.02,0,0.02
14969,Bus Simulator 16,PC,2016,Simulation,Astragon,0,0.02,0,0,0.02
14472,Lords of the Fallen,PC,2014,Role-Playing,Square Enix,0,0.03,0,0,0.03
196,Guitar Hero II,PS2,2006,Misc,RedOctane,3.81,0.63,0,0.68,5.12
4442,Chocobo Racing,PS,1999,Racing,SquareSoft,0.07,0.05,0.3,0.03,0.44
10833,Darkest of Days,X360,2009,Shooter,Phantom EFX,0.09,0,0,0.01,0.09
1828,Call Of Duty 2: Big Red One,XB,2005,Shooter,Activision,0.66,0.4,0,0.05,1.12
11361,Petz: Dogz Family,PSP,2009,Simulation,Ubisoft,0.05,0.02,0,0.01,0.08
15230,UnchainBlades EXXiV,3DS,2012,Role-Playing,FuRyu,0,0,0.02,0,0.02
15986,Dragon Zakura DS,DS,2007,Misc,Electronic Arts,0,0,0.01,0,0.01
6200,F1 ROC: Race of Champions,SNES,1992,Sports,Ocean,0,0,0.28,0,0.28
4098,Millipede,2600,1983,Shooter,Atari,0.45,0.03,0,0.01,0.48
10218,Snowboard Kids 2,N64,1999,Sports,Atlus,0.09,0.02,0,0,0.11
1481,Corvette,PS2,2004,Racing,TDK Mediactive,0.65,0.51,0,0.17,1.33
1904,Grand Theft Auto: Chinatown Wars,PSP,2009,Action,Take-Two Interactive,0.28,0.5,0.03,0.28,1.08
733,Assassin's Creed IV: Black Flag,XOne,2013,Action,Ubisoft,1.47,0.55,0,0.19,2.21
2271,Tobal No.1,PS,1996,Fighting,Sony Computer Entertainment,0.12,0.08,0.66,0.06,0.92
8085,Ben 10 Ultimate Alien: Cosmic Destruction,X360,2010,Platform,D3Publisher,0.1,0.06,0,0.02,0.18
10052,Phantom Dust,XB,2004,Action,Microsoft Game Studios,0.08,0.02,0,0,0.11
7361,Hannah Montana: The Movie,X360,2009,Adventure,Disney Interactive Studios,0.14,0.06,0,0.02,0.21
11802,ZhuZhu Pets: Quest for Zhu,DS,2011,Misc,Activision,0.07,0,0,0.01,0.07
4363,One Piece: Pirate Warriors 3,PS4,2015,Action,Namco Bandai Games,0.08,0.22,0.1,0.05,0.45
13049,Dream Salon,Wii,2009,Misc,Zoo Games,0.05,0,0,0,0.05
11242,The Penguins of Madagascar: Dr. Blowhole Returns - Again!,PS3,2011,Action,THQ,0.04,0.03,0,0.01,0.09
7620,Twisted Edge Extreme Snowboarding,N64,1998,Sports,Kemco,0.16,0.04,0,0,0.2
5115,High Heat Major League Baseball 2003,PS2,2002,Sports,3DO,0.18,0.14,0,0.05,0.37
14214,RACE On,PC,2009,Racing,bitComposer Games,0,0.03,0,0.01,0.03
14327,Togainu no Chi: True Blood,PS2,2008,Adventure,Kadokawa Shoten,0,0,0.03,0,0.03
12407,A-Train: City Simulator,3DS,2014,Simulation,ArtDink,0,0,0.06,0,0.06
5429,The Eye of Judgment,PS3,2007,Misc,Sony Computer Entertainment,0.28,0,0.02,0.03,0.34
2661,Perfect Dark Zero,X360,2005,Shooter,Microsoft Game Studios,0.66,0.02,0.03,0.06,0.77
8358,Solitaire Overload Plus,DS,2010,Misc,Telegames,0.16,0,0,0.01,0.17
11039,Jikkyou Powerful Pro Yakyuu Portable 2,PSP,2007,Sports,Konami Digital Entertainment,0,0,0.09,0,0.09
16268,Myself; Yourself,PS2,2007,Adventure,Yeti,0,0,0.01,0,0.01
10098,Cake Mania,DS,2007,Puzzle,Majesco Entertainment,0.09,0.01,0,0.01,0.11
7627,NBA 07,PSP,2006,Sports,Sony Computer Entertainment,0.18,0,0,0.02,0.2
5424,Teenage Mutant Ninja Turtles,GC,2003,Action,Konami Digital Entertainment,0.26,0.07,0,0.01,0.34
4705,James Patterson Women's Murder Club: Games of Passion,DS,2009,Adventure,THQ,0.15,0.22,0,0.05,0.41
10948,Tak: The Great Juju Challenge,DS,2005,Platform,THQ,0.09,0,0,0.01,0.09
10908,echochrome,PSP,2008,Puzzle,Sony Computer Entertainment,0,0.01,0.08,0,0.09
7422,SBK Superbike World Championship,X360,2008,Racing,Black Bean Games,0.06,0.14,0,0.01,0.21
4954,Fatal Fury,SNES,1992,Fighting,Takara,0,0,0.39,0,0.39
11546,Ogre Battle Series: Tactics Ogre,PS,1997,Role-Playing,Atlus,0.04,0.03,0,0.01,0.08
9231,MySims Collection,Wii,2010,Misc,Electronic Arts,0.13,0,0,0.01,0.14
14368,Pocket Fighter,SAT,1998,Fighting,Capcom,0,0,0.03,0,0.03
13246,Crime Life: Gang Wars,XB,2005,Action,Konami Digital Entertainment,0.04,0.01,0,0,0.05
6905,Lunar: Silver Star Harmony,PSP,2009,Role-Playing,GungHo,0.19,0,0.03,0.02,0.24
6916,Shadow Hearts: Covenant,PS2,2004,Role-Playing,Midway Games,0.12,0.09,0,0.03,0.24
8345,Pokémon Beach Blank-out Blastoise / Go West Young Meowth Game Boy Advance Video,GBA,2004,Misc,Nintendo,0.12,0.05,0,0,0.17
9710,Karaoke Revolution,X360,2009,Misc,Konami Digital Entertainment,0.12,0,0,0.01,0.12
14805,Medal of Honor: Vanguard,PS2,2007,Shooter,Electronic Arts,0,0,0.03,0,0.03
9288,UEFA Euro 2004: Portugal,PS2,2004,Sports,Electronic Arts,0.07,0.05,0,0.02,0.14
7032,Tom Clancy's Rainbow Six: Rogue Spear,PS,2001,Shooter,Ubisoft,0.13,0.09,0,0.02,0.23
4773,Knockout Kings 2001,PS,2000,Fighting,Electronic Arts,0.23,0.15,0,0.03,0.41
16483,Muv-Luv Alternative,PS3,2012,Simulation,5pb,0,0,0.01,0,0.01
15173,Dream Chronicles,DS,2010,Adventure,Zoo Games,0.02,0,0,0,0.02
778,NBA 2K12,PS3,2011,Sports,Take-Two Interactive,1.61,0.27,0.05,0.18,2.11
11832,Pong / Asteroids / Yars' Revenge,GBA,2005,Misc,Zoo Digital Publishing,0.05,0.02,0,0,0.07
11235,Indianapolis 500 Legends,DS,2007,Racing,Destineer,0.08,0,0,0.01,0.09
15279,Kill.Switch,GBA,2004,Shooter,Zoo Digital Publishing,0.02,0.01,0,0,0.02
312,Tekken 5,PS2,2005,Fighting,Namco Bandai Games,0.93,1.94,0.31,0.7,3.87
324,Mario & Sonic at the London 2012 Olympic Games,Wii,2011,Sports,Sega,1.14,1.91,0.27,0.46,3.78
4671,The Suffering,PS2,2004,Action,Midway Games,0.2,0.16,0,0.05,0.42
1298,LittleBigPlanet PS Vita,PSV,2012,Platform,Sony Computer Entertainment,0.4,0.72,0.02,0.33,1.47
6886,Are You Smarter than a 5th Grader? Game Time,DS,2009,Puzzle,THQ,0.22,0,0,0.02,0.24
19,Super Mario World,SNES,1990,Platform,Nintendo,12.78,3.75,3.54,0.55,20.61
269,The Legend of Zelda: Ocarina of Time,3DS,2011,Action,Nintendo,2.03,1.27,0.62,0.3,4.21
13283,Smash Court Tennis 3,PSP,2007,Sports,Namco Bandai Games,0.01,0.01,0.01,0.01,0.05
9080,NCAA College Basketball 2K3,XB,2002,Sports,Sega,0.11,0.03,0,0.01,0.14
13652,7 Days to Die,XOne,2016,Action,Telltale Games,0.02,0.02,0,0,0.04
8038,Ghostbusters: The Video Game,PSP,2009,Action,Atari,0.16,0.01,0,0.02,0.18
15999,Captain Morgane and the Golden Turtle,Wii,2012,Adventure,Reef Entertainment,0,0.01,0,0,0.01
2498,Sid Meier's Civilization Revolution,X360,2008,Strategy,Take-Two Interactive,0.58,0.17,0,0.07,0.83
7029,NBA 2K6,X360,2005,Action,Take-Two Interactive,0.21,0.01,0,0.02,0.23
13402,Rock of the Dead,X360,2010,Shooter,Conspiracy Entertainment,0.04,0,0,0,0.05
13809,Daikaijuu Battle: Ultra Coliseum DX - Ultra Senshi Daishuuketsu,Wii,2010,Fighting,Namco Bandai Games,0,0,0.04,0,0.04
6748,Monster Hunter G,Wii,2009,Role-Playing,Capcom,0,0,0.25,0,0.25
9436,Wantame Music Channel: Doko Demo Style,DS,2007,Misc,Capcom,0,0,0.13,0,0.13
14156,Mame Goma: Shiro to Kuro no Meikyuu,3DS,2012,Action,Nippon Ichi Software,0,0,0.03,0,0.03
2893,WWE SmackDown vs. Raw 2011,PSP,2010,Fighting,THQ,0.22,0.31,0,0.17,0.71
10915,Pro Yakyuu Greatest Nine 98,SAT,1998,Sports,Sega,0,0,0.09,0,0.09
7390,Marvel Super Hero Squad,PSP,2009,Fighting,THQ,0.17,0.02,0,0.02,0.21
4519,Barnstorming,2600,1981,Action,Activision,0.4,0.02,0,0,0.43
2208,Bayonetta,X360,2009,Action,Sega,0.51,0.26,0.09,0.08,0.94
16214,Tomoyo After: It's a Wonderful Life CS Edition,PS2,2007,Adventure,Prototype,0,0,0.01,0,0.01
8950,Arena Football,XB,2006,Sports,Electronic Arts,0.11,0.03,0,0.01,0.15
12348,Bubble Bobble also featuring Rainbow Islands,PS,1995,Puzzle,Acclaim Entertainment,0.04,0.02,0,0,0.06
9900,Hatsune Miku: Project Diva X,PSV,2016,Misc,Sega,0.01,0,0.1,0,0.12
3300,Cooking Mama 4: Kitchen Magic!,3DS,2011,Simulation,505 Games,0.5,0.07,0,0.04,0.61
1957,DJ Hero,X360,2009,Misc,Activision,0.56,0.4,0,0.11,1.06
16485,Dragon Ball Z for Kinect,X360,2012,Fighting,Namco Bandai Games,0.01,0,0,0,0.01
12086,Samurai Shodown,NG,1993,Fighting,SNK,0,0,0.07,0,0.07
4240,Rygar: The Legendary Adventure,PS2,2002,Action,Wanadoo,0.2,0.15,0.06,0.05,0.46
9458,Naruto Shippuden: Kizuna Drive,PSP,2010,Action,Namco Bandai Games,0.04,0.02,0.05,0.02,0.13
10750,Reign of Fire,XB,2002,Shooter,BAM! Entertainment,0.07,0.02,0,0,0.1
9222,Space Venus starring Morning Musume,PS2,2001,Misc,Sony Music Entertainment,0,0,0.14,0,0.14
13515,Chou Gekijoban Keroro Gunsou: Gekishin Dragon Warriors de Arimasu!,DS,2009,Action,Namco Bandai Games,0,0,0.04,0,0.04
5692,Quiz Magic Academy DS,DS,2008,Misc,Konami Digital Entertainment,0,0,0.32,0,0.32
5206,Jurassic Park,NES,1993,Action,Ocean,0.25,0.1,0,0.01,0.36
2781,Crysis 2,PC,2011,Action,Electronic Arts,0.16,0.45,0,0.13,0.74
5078,Marvel Super Hero Squad,Wii,2009,Fighting,THQ,0.31,0.03,0,0.03,0.38
15169,Aegis of Earth: Protonovus Assault,PS4,2016,Action,PQube,0.02,0,0,0,0.02
11269,Koudelka,PS,1999,Role-Playing,Atari,0.05,0.03,0,0.01,0.08
431,Fallout: New Vegas,PS3,2010,Role-Playing,Bethesda Softworks,1.52,1.08,0.1,0.47,3.17
2312,Star Wars: The Force Unleashed,DS,2008,Action,LucasArts,0.51,0.29,0,0.09,0.9
2303,We Ski & Snowboard,Wii,2008,Sports,Atari,0.38,0.29,0.15,0.08,0.9
11263,Tokimeki Memorial: Taisen Pazurudama,SAT,1996,Puzzle,Konami Digital Entertainment,0,0,0.08,0,0.08
12826,Shining Force III: Scenario 2,SAT,1998,Strategy,Sega,0,0,0.05,0,0.05
6587,Tengai Makyou: Daishi no Mokushiroku - The Apocalypse IV,SAT,1997,Role-Playing,Hudson Soft,0,0,0.26,0,0.26
4660,Hyrule Warriors,3DS,2016,Action,Nintendo,0.16,0.12,0.11,0.03,0.42
13995,NHL 16,PS3,2015,Sports,Electronic Arts,0,0.03,0,0.01,0.04
8540,Dr. Muto,PS2,2002,Platform,Midway Games,0.08,0.06,0,0.02,0.16
1937,LEGO Pirates of the Caribbean: The Video Game,X360,2011,Action,Disney Interactive Studios,0.54,0.42,0,0.1,1.07
180,Madden NFL 2004,PS2,N/A,Sports,Electronic Arts,4.26,0.26,0.01,0.71,5.23
4196,Commando,2600,1987,Action,Activision,0.44,0.02,0,0,0.47
10945,NCAA March Madness 08,PS3,2007,Sports,Electronic Arts,0.08,0,0,0.01,0.09
9414,Shining Force III,SAT,1997,Strategy,Sega,0,0,0.13,0,0.13
12822,MotoGP 4 - Official Game of MotoGP,PS2,2005,Racing,Sony Computer Entertainment,0.03,0.02,0,0.01,0.06
2428,Ninja Gaiden Sigma 2,PS3,2009,Action,Ubisoft Annecy,0.52,0.16,0.08,0.1,0.86
7576,The Fairly Odd Parents: Shadow Showdown,GC,2004,Platform,THQ,0.16,0.04,0,0.01,0.2
8461,Armor Ambush,2600,1981,Action,Mattel Interactive,0.15,0.01,0,0,0.17
10000,Yakuza,PS3,2012,Action,Sega,0,0,0.11,0,0.11
127,The Elder Scrolls V: Skyrim,PS3,2011,Role-Playing,Bethesda Softworks,2.55,2.71,0.25,1.05,6.56
14810,Captain Tsubasa J: The Way to World Youth,SNES,1995,Sports,Namco Bandai Games,0,0,0.03,0,0.03
4757,NBA 2K9,PS2,2008,Sports,Take-Two Interactive,0.34,0.01,0,0.06,0.41
12516,Star Soldier: Vanishing Earth,N64,1998,Shooter,Hudson Entertainment,0.05,0.01,0,0,0.06
2888,LEGO Harry Potter: Years 1-4,PSP,2010,Action,Warner Bros. Interactive Entertainment,0.14,0.37,0,0.19,0.71
2630,Tom Clancy's Splinter Cell: Double Agent,X360,2006,Action,Ubisoft,0.67,0.05,0.01,0.06,0.78
9435,Chuck E. Cheese's Game Room,DS,2010,Misc,UFO Interactive,0.12,0,0,0.01,0.13
12410,Call of Duty 2,PC,2005,Shooter,Activision,0,0.05,0,0.01,0.06
15761,Hands On! Tangrams,DS,2009,Puzzle,Storm City Games,0.02,0,0,0,0.02
13282,VR Soccer '96,PS,1996,Sports,Gremlin Interactive Ltd,0.03,0.02,0,0,0.05
2244,Pokken Tournament,WiiU,2016,Fighting,Namco Bandai Games,0.47,0.22,0.16,0.07,0.93
4141,Grand Prix,2600,1981,Racing,Activision,0.45,0.03,0,0,0.48
1127,Pikmin,GC,2001,Strategy,Nintendo,0.78,0.25,0.56,0.04,1.63
13514,Grand Slam,PS,1997,Misc,Virgin Interactive,0.02,0.02,0,0,0.04
6249,Dead Rising 2: Off the Record,X360,2011,Action,Capcom,0.17,0.09,0,0.02,0.28
10116,WireWay,DS,2009,Adventure,Konami Digital Entertainment,0.1,0,0,0.01,0.11
499,Need for Speed: Most Wanted,PS3,2012,Racing,Electronic Arts,0.71,1.51,0.06,0.61,2.89
11895,E.X. Troopers,3DS,2012,Shooter,Capcom,0,0,0.07,0,0.07
16299,Legend of Kay Anniversary,WiiU,2015,Action,Nordic Games,0,0.01,0,0,0.01
7634,Tony Hawk's Pro Skater 5,PS4,2015,Sports,Activision,0.09,0.08,0,0.03,0.2
4652,International Superstar Soccer Pro '98,PS,1998,Sports,Konami Digital Entertainment,0.02,0.02,0.35,0.03,0.42
4200,Need for Speed Carbon,XB,2006,Racing,Electronic Arts,0.35,0.1,0,0.02,0.47
7686,Tetris Worlds (Online Edition),XB,2003,Puzzle,THQ,0.15,0.04,0,0.01,0.2
8277,Disney's Atlantis: The Lost Empire,PS,2001,Platform,Sony Computer Entertainment,0.1,0.07,0,0.01,0.17
11996,Crime Lab: Body of Evidence,DS,2010,Adventure,City Interactive,0.05,0.01,0,0,0.07
5196,Mobile Suit Z-Gundam,PS,1997,Action,Namco Bandai Games,0,0,0.34,0.02,0.36
4104,Destroy All Humans! 2,PS2,2006,Action,THQ,0.4,0.02,0,0.07,0.48
8318,NHL 07,PSP,2006,Sports,Electronic Arts,0.13,0.02,0,0.02,0.17
6189,Disney's Treasure Planet,GBA,2002,Action,Ubisoft,0.2,0.07,0,0.01,0.28
11063,Super Robot Taisen MX Portable,PSP,2005,Strategy,Banpresto,0,0,0.09,0,0.09
15263,PopCap Hits!,X360,2011,Misc,PopCap Games,0,0.02,0,0,0.02
11001,Cake Mania: Main Street,DS,2011,Simulation,Majesco Entertainment,0.09,0,0,0.01,0.09
14116,XBLAZE Code: Embryo,PS3,2013,Adventure,Arc System Works,0.02,0,0.01,0,0.03
7608,Mahjongg Mysteries: Ancient Egypt,DS,2010,Puzzle,Avanquest,0.07,0.11,0,0.02,0.2
5503,Classic NES Series: Castlevania,GBA,2004,Platform,Nintendo,0.17,0.06,0.09,0.01,0.33
6551,Karaoke Joysound Wii,Wii,2008,Misc,Hudson Soft,0.01,0,0.25,0,0.26
7253,NBA Live 09 All-Play,Wii,2008,Sports,Electronic Arts,0.19,0.01,0,0.02,0.22
12962,Omega Labyrinth,PSV,2015,Role-Playing,D3Publisher,0,0,0.05,0,0.05
12233,Streets of Rage 3,GEN,1993,Action,Sega,0,0,0.07,0,0.07
15740,Otometeki Koi Kakumei * Love Revo!! DS,DS,2008,Adventure,GungHo,0,0,0.02,0,0.02
4914,Are You Smarter than a 5th Grader? Make the Grade,DS,2008,Misc,THQ,0.36,0,0,0.03,0.39
8982,Dragon Ball Z: Idainaru Dragon Ball Densetsu,SAT,1995,Fighting,Namco Bandai Games,0,0,0.15,0,0.15
13230,Worms Reloaded,PC,2010,Strategy,Team17 Software,0,0.04,0,0.01,0.05
15678,Spirits & Spells,GC,2003,Platform,Wanadoo,0.01,0,0,0,0.02
15724,"Hanayaka Kana, Ware ga Ichizoku: Tasogare Polarstar",PSP,2013,Adventure,Idea Factory,0,0,0.02,0,0.02
5700,Fable III,PC,2011,Role-Playing,Microsoft Game Studios,0.09,0.17,0,0.05,0.32
8452,Cubivore: Survival of the Fittest,GC,2002,Adventure,Nintendo,0.01,0,0.15,0,0.17
10690,Petz Hamsterz Superstarz,DS,2009,Simulation,Ubisoft,0.09,0,0,0.01,0.1
11505,Witches & Vampires: The Secrets of Ashburry,DS,2010,Adventure,DTP Entertainment,0.05,0.02,0,0.01,0.08
8714,Wing Commander III: Heart of the Tiger,PS,1996,Action,Electronic Arts,0.09,0.06,0,0.01,0.16
14406,Darkstalkers Resurrection,PS3,2013,Fighting,Capcom,0,0,0.03,0,0.03
7744,The King of Fighters XI,PS2,2006,Fighting,Ignition Entertainment,0.07,0.06,0.04,0.02,0.19
3439,Mega Man X7,PS2,2003,Action,Capcom,0.22,0.17,0.14,0.06,0.58
6581,Pirates of the Caribbean: Dead Man's Chest,DS,2006,Adventure,Disney Interactive Studios,0.23,0.01,0,0.02,0.26
2804,Kirby: Canvas Curse,DS,2005,Platform,Nintendo,0.37,0,0.32,0.04,0.73
4003,SplashDown: Rides Gone Wild,PS2,2003,Racing,THQ,0.24,0.19,0,0.06,0.5
1447,Samurai Warriors,PS2,2004,Action,Electronic Arts,0.22,0.05,1.06,0.02,1.35
526,Star Wars: The Force Unleashed,X360,2008,Action,LucasArts,1.74,0.8,0,0.26,2.8
11976,Harry Potter and the Sorcerer's Stone,XB,2003,Action,Electronic Arts,0.05,0.02,0,0,0.07
8183,TRON: Evolution,DS,2010,Action,Disney Interactive Studios,0.12,0.04,0,0.01,0.18
11132,El Tigre: The Adventures of Manny Rivera,DS,2007,Platform,THQ,0.08,0,0,0.01,0.09
2086,The Simpsons: Hit & Run,GC,2003,Racing,Vivendi Games,0.77,0.2,0,0.03,0.99
16090,Major Dream: Major Wii Nagero! Gyroball!!,Wii,2008,Sports,Takara Tomy,0,0,0.01,0,0.01
13316,Wii de Asobu Chibi-Robo!,Wii,2009,Adventure,Nintendo,0,0,0.05,0,0.05
13375,XBLAZE Code: Embryo,PSV,2013,Adventure,Arc System Works,0.03,0,0.01,0.01,0.05
779,Borderlands,PS3,2009,Shooter,Take-Two Interactive,1.2,0.62,0,0.29,2.11
3823,Return to Castle Wolfenstein: Operation Resurrection,PS2,2003,Shooter,Activision,0.26,0.2,0,0.07,0.53
13462,The King of Fighters 2002: Unlimited Match,PS2,2009,Fighting,SNK Playmore,0,0,0.04,0,0.04
16568,Teslagrad,PSV,2015,Platform,Rain Games,0,0.01,0,0,0.01
4903,Rune Factory: Frontier,Wii,2008,Role-Playing,Rising Star Games,0.18,0.14,0.04,0.04,0.39
6117,Super Fire ProWrestling X,SNES,1995,Fighting,Human Entertainment,0,0,0.28,0,0.28
12049,Assassin's Creed: Rogue,PC,2015,Action,Ubisoft,0.04,0.02,0,0.01,0.07
10811,SNK vs. Capcom Card Fighters DS,DS,2006,Strategy,Ignition Entertainment,0.09,0,0,0.01,0.1
3786,SingStar Dance,PS3,2010,Misc,Sony Computer Entertainment,0.09,0.32,0,0.12,0.53
7838,Naruto: Ninja Destiny,DS,2006,Fighting,Namco Bandai Games,0.02,0.01,0.16,0,0.19
9370,Hulk Hogan's Main Event,X360,2011,Fighting,505 Games,0.1,0.02,0,0.01,0.13
14458,Kyokugen Dasshutsu ADV: Zennin Shiboudesu,3DS,2012,Adventure,ChunSoft,0,0,0.03,0,0.03
13709,Dead Ball Zone,PS,1998,Sports,GT Interactive,0.02,0.02,0,0,0.04
14888,Turbo: Super Stunt Squad,WiiU,2013,Sports,D3Publisher,0,0.02,0,0,0.03
2835,NBA Live 08,PS2,2007,Sports,Electronic Arts,0.59,0.02,0.01,0.1,0.72
10799,Digimon Story: Super Xros Wars Blue/Red,DS,2011,Role-Playing,Namco Bandai Games,0,0,0.1,0,0.1
1494,Fighting Force,PS,1997,Fighting,Eidos Interactive,0.73,0.5,0,0.09,1.32
11413,Seven Samurai 20XX,PS2,2004,Action,Sega,0.04,0.03,0,0.01,0.08
15766,Divinity: Original Sin,PC,2014,Role-Playing,Focus Home Interactive,0,0.02,0,0,0.02
8686,Street Racer,PS,1996,Racing,Ubisoft,0.09,0.06,0,0.01,0.16
16427,Real Crimes: The Unicorn Killer,DS,2011,Puzzle,Unknown,0,0.01,0,0,0.01
13410,Atelier Ayesha: The Alchemist of Dusk,PSV,2014,Role-Playing,Tecmo Koei,0,0,0.05,0,0.05
9618,Garfield's Fun Fest,DS,2008,Platform,Zoo Digital Publishing,0.07,0.04,0,0.01,0.13
10362,Naruto Shippuden 3D: The New Era,3DS,2011,Action,505 Games,0,0.04,0.06,0.01,0.11
344,Guitar Hero: World Tour,Wii,2008,Misc,Activision,2.33,0.97,0,0.35,3.65
15171,Super Nazo Puyo Tsuu: Ruruu no Tetsuwan Hanjyouki,SNES,1996,Puzzle,Compile,0,0,0.02,0,0.02
7872,Family Game Night 4: The Game Show,Wii,2011,Misc,Electronic Arts,0.13,0.04,0,0.01,0.19
4523,Mega Man Zero 2,GBA,2003,Platform,Capcom,0.18,0.07,0.17,0.01,0.43
11727,Dynasty Warriors 3,XB,2002,Action,THQ,0.06,0.02,0,0,0.08
979,Dragon's Dogma,PS3,2012,Role-Playing,Capcom,0.41,0.46,0.72,0.19,1.78
10968,Pillow Pets,DS,2011,Adventure,GameMill Entertainment,0.09,0,0,0.01,0.09
16025,Wiffle Ball Advance,DS,2007,Sports,Zoo Digital Publishing,0.01,0,0,0,0.01
69,Just Dance 2,Wii,2010,Misc,Ubisoft,5.84,2.89,0.01,0.78,9.52
13592,SPRay,Wii,2008,Action,Tecmo Koei,0.04,0,0,0,0.04
3538,Grease,Wii,2010,Misc,505 Games,0.27,0.25,0,0.05,0.57
4943,Sesame Street: Elmo's A-to-Zoo Adventure,Wii,2010,Misc,Warner Bros. Interactive Entertainment,0.37,0,0,0.02,0.39
14348,SingStar Chartbreaker,PS3,2009,Misc,Sony Computer Entertainment,0,0.02,0,0.01,0.03
13902,Crypt Killer,PS,1997,Shooter,Konami Digital Entertainment,0.02,0.01,0,0,0.04
6814,Harvest Moon: Magical Melody,GC,2005,Simulation,Ubisoft,0.19,0.05,0,0.01,0.24
9413,Pro Baseball Spirits 2015,PSV,2015,Action,Konami Digital Entertainment,0,0,0.13,0,0.13
3898,Madden NFL 2004,GC,2003,Sports,Electronic Arts,0.4,0.1,0,0.01,0.51
10417,Brunswick Circuit Pro Bowling 2,PS,2000,Sports,THQ,0.06,0.04,0,0.01,0.11
11140,Harvest Moon: Boy & Girl,PSP,2005,Simulation,Marvelous Interactive,0.08,0,0,0.01,0.09
7112,NCAA Football 09,PSP,2008,Sports,Electronic Arts,0.21,0,0,0.02,0.23
15585,MotoGP 14,PSV,2014,Racing,Milestone S.r.l.,0,0.01,0,0,0.02
12471,Salt Lake 2002,GBA,2002,Sports,Ubisoft,0.04,0.02,0,0,0.06
7807,FaceBreaker,X360,2008,Fighting,Electronic Arts,0.15,0.02,0,0.02,0.19
16259,Conflict: Denied Ops,PC,2008,Shooter,Eidos Interactive,0,0.01,0,0,0.01
13759,Test Drive: Ferrari Legends,PS3,2012,Racing,Unknown,0.04,0,0,0,0.04
12013,Ghost in the Shell: Stand Alone Complex,PSP,2005,Adventure,Atari,0.06,0,0,0.01,0.07
15966,Ship Simulator 2008,PC,2007,Simulation,Lighthouse Interactive,0,0.01,0,0,0.02
11955,Rock Band Track Pack: Classic Rock,X360,2009,Misc,MTV Games,0.07,0,0,0.01,0.07
8209,The Suffering: Ties That Bind,PS2,2005,Action,Midway Games,0.09,0.07,0,0.02,0.17
15978,You Don't Know Jack,PC,1995,Misc,Vivendi Games,0.01,0,0,0,0.02
5163,The Chronicles of Narnia: Prince Caspian,Wii,2008,Action,Disney Interactive Studios,0.31,0.02,0,0.03,0.36
10135,Home Run King,GC,2002,Sports,Sega,0.09,0.02,0,0,0.11
493,Super Mario World 2: Yoshi's Island,GBA,2002,Platform,Nintendo,1.75,0.45,0.62,0.09,2.91
4929,SSX 3,XB,2003,Sports,Electronic Arts,0.29,0.08,0,0.01,0.39
4587,Hometown Story,3DS,2013,Role-Playing,Rising Star Games,0.22,0.13,0.04,0.04,0.42
13927,Minna no Chizu,PSP,2006,Misc,Zenrin,0,0,0.04,0,0.04
6730,Porky's,2600,1982,Action,20th Century Fox Video Games,0.23,0.01,0,0,0.25
6606,Doukyuusei if,SAT,1996,Role-Playing,NEC,0,0,0.26,0,0.26
3263,Disney's 102 Dalmatians: Puppies to the Rescue,PS,2000,Platform,Eidos Interactive,0.34,0.23,0,0.04,0.62
10489,Rome: Total War,PC,2004,Strategy,Activision,0,0.08,0,0.02,0.1
9642,Detana TwinBee Yahho! Deluxe Pack,SAT,1995,Shooter,Konami Digital Entertainment,0,0,0.13,0,0.13
13510,Sébastien Loeb Rally Evo,PS4,2016,Racing,Milestone S.r.l,0,0.04,0,0.01,0.04
7295,Scooby-Doo! Mystery Mayhem,GC,2004,Action,THQ,0.17,0.04,0,0.01,0.22
5497,Night at the Museum: Battle of the Smithsonian,Wii,2009,Action,Majesco Entertainment,0.17,0.13,0,0.03,0.33
8142,Pro Evolution Soccer 2013,3DS,2012,Sports,Konami Digital Entertainment,0.05,0.02,0.1,0.01,0.18
12857,7 Wonders: Treasures of Seven,DS,2011,Puzzle,Avanquest,0.02,0.03,0,0.01,0.05
15658,Ozzy & Drix,GBA,2003,Platform,Midway Games,0.01,0,0,0,0.02
7257,Tamagotchi no KiraKira Omisecchi,DS,2008,Misc,Namco Bandai Games,0,0,0.22,0,0.22
10188,Astro Boy: The Video Game,PS2,2009,Action,D3Publisher,0.05,0.04,0,0.01,0.11
5303,Angry Birds Star Wars,Wii,2013,Strategy,Activision,0.21,0.1,0,0.03,0.35
5005,Tamagotchi Connection: Corner Shop 3,DS,2007,Simulation,Atari,0.07,0,0.31,0.01,0.38
14653,Puzzle Challenge: Crosswords and More!,Wii,2009,Puzzle,Crave Entertainment,0.03,0,0,0,0.03
7464,NHL 2003,XB,2002,Sports,Electronic Arts,0.15,0.04,0,0.01,0.21
13232,Koihime Musou,PS2,2008,Adventure,Yeti,0,0,0.05,0,0.05
9994,FIFA Soccer,PSP,2005,Sports,Electronic Arts,0.11,0,0,0.01,0.12
10998,NASCAR: Dirt to Daytona,GC,2002,Racing,Infogrames,0.07,0.02,0,0,0.09
1084,Shaun White Snowboarding: Road Trip,Wii,2008,Sports,Ubisoft,0.94,0.57,0,0.17,1.67
14247,Rugby League Live 3,PS3,2015,Action,Tru Blu Entertainment,0,0.03,0,0,0.03
829,NBA Jam,GEN,1992,Sports,Arena Entertainment,1.75,0.25,0,0.05,2.05
8842,Samurai Shodown Anthology,PS2,2008,Fighting,Ignition Entertainment,0.07,0.06,0,0.02,0.15
15623,Bakumatsu Renka: Karyuu Kenshi-den,PS2,2007,Adventure,D3Publisher,0,0,0.02,0,0.02
7388,Hidden Mysteries: Titanic - Secrets of the Fateful Voyage,Wii,2009,Adventure,GSP,0.12,0.07,0,0.02,0.21
12742,Broken Sword II: The Smoking Mirror,PS,1997,Adventure,Sony Computer Entertainment,0.03,0.02,0,0,0.06
7278,Wreckless: ThE YaKuza MisSiOns,PS2,2002,Racing,Activision,0.11,0.08,0,0.03,0.22
12720,Evangelion: Jo,PSP,2009,Action,Namco Bandai Games,0,0,0.06,0,0.06
5998,Shin Megami Tensei: Strange Journey,DS,2009,Role-Playing,Atlus,0.14,0,0.14,0.01,0.29
11964,Shin Chan Contra ¡Los Plastas!,DS,2009,Platform,505 Games,0,0,0.07,0,0.07
10400,Shovel Knight,WiiU,2015,Platform,Yacht Club Games,0.06,0.04,0,0.01,0.11
1489,Kingdom Hearts II,PS3,2014,Role-Playing,Square Enix,0.52,0.43,0.18,0.19,1.32
10493,Syberia,XB,2003,Action,Microids,0.08,0.02,0,0,0.1
3367,From TV Animation One Piece: Grand Battle 2,PS,2002,Fighting,Namco Bandai Games,0,0,0.56,0.04,0.6
14848,Bookworm,GBA,2004,Puzzle,Unknown,0.02,0.01,0,0,0.03
9938,Love Live! School Idol Paradise,PSV,2014,Misc,Kadokawa Games,0,0,0.12,0,0.12
7697,Backyard Hockey,GBA,2003,Sports,Atari,0.14,0.05,0,0,0.2
14464,Renai Revenge,PSV,2015,Adventure,TGL,0,0,0.03,0,0.03
9872,Fit in Six,Wii,2011,Sports,Ubisoft,0.11,0,0,0.01,0.12
1055,Kirby's Return to Dreamland,Wii,2011,Platform,Nintendo,0.62,0.21,0.79,0.08,1.7
7252,Capcom vs. SNK,DC,2000,Fighting,Virgin Interactive,0,0,0.22,0,0.22
821,SoulCalibur II,PS2,2003,Fighting,Namco Bandai Games,1.06,0.62,0.13,0.25,2.06
4694,Wheel of Fortune: 2nd Edition,PS,2000,Misc,Hasbro Interactive,0.23,0.16,0,0.03,0.41
14087,Harukanaru Toki no Naka de: Maihitoyo,PS2,2006,Adventure,Tecmo Koei,0,0,0.04,0,0.04
3086,Gods Eater Burst,PSP,2010,Action,Namco Bandai Games,0.03,0,0.62,0,0.66
3088,Um Jammer Lammy,PS,1998,Misc,Sony Computer Entertainment,0.12,0.08,0.41,0.04,0.66
5650,Ultimate Fighting Championship: Throwdown,PS2,2002,Fighting,Ubisoft,0.16,0.12,0,0.04,0.32
14902,Napoleon Dynamite: The Game,DS,2007,Puzzle,Crave Entertainment,0.02,0,0,0,0.03
3068,Puzzler Brain Games,Wii,2012,Puzzle,Namco Bandai Games,0,0,0.66,0,0.66
16216,Aa Megami-samaa,PS2,2007,Adventure,Marvelous Interactive,0,0,0.01,0,0.01
11887,Fantasia: Music Evolved,X360,2014,Misc,Disney Interactive Studios,0.05,0.01,0,0.01,0.07
14399,Otomedius Gorgeous,X360,2008,Shooter,Konami Digital Entertainment,0,0,0.03,0,0.03
9566,Shining Wind,PS2,2007,Role-Playing,Sega,0,0,0.13,0,0.13
334,Spyro: Year of the Dragon,PS,2000,Platform,Sony Computer Entertainment,1.93,1.58,0,0.19,3.71
3682,Jak X: Combat Racing,PS2,2005,Racing,Sony Computer Entertainment,0.45,0.02,0,0.07,0.55
3632,ZhuZhu Pets 2: Featuring The Wild Bunch,DS,2010,Simulation,Activision,0.41,0.11,0,0.04,0.55
8477,Leisure Suit Larry: Box Office Bust,X360,2009,Adventure,Codemasters,0.14,0.01,0,0.01,0.16
5514,Pitfall 3D: Beyond the Jungle,PS,1998,Platform,Activision,0.18,0.12,0,0.02,0.33
7022,Gundam Battle Assault,PS,1998,Fighting,Namco Bandai Games,0.13,0.09,0,0.02,0.23
7370,GRID Autosport,PS3,2014,Racing,Codemasters,0.05,0.11,0.01,0.04,0.21
14575,Hayate no Gotoku! Nightmare Paradise,PSP,2009,Adventure,Konami Digital Entertainment,0,0,0.03,0,0.03
14558,Pro Cycling Manager 2016,PC,2016,Sports,Focus Home Interactive,0,0.03,0,0,0.03
9501,RollerCoaster Tycoon,XB,2003,Strategy,Atari,0.1,0.03,0,0,0.13
10454,Family Feud: 2012 Edition,X360,2011,Misc,Ubisoft,0.1,0,0,0.01,0.1
15925,Gaku ? Ou: The Royal Seven Stars,PSP,2012,Role-Playing,Alchemist,0,0,0.02,0,0.02
13712,NBA In The Zone '99,N64,1998,Sports,Konami Digital Entertainment,0.04,0,0,0,0.04
9335,Backyard Soccer,PS,2001,Sports,Infogrames,0.07,0.05,0,0.01,0.13
14470,Langrisser: Re:Incarnation Tensei,3DS,2015,Role-Playing,Extreme Entertainment Group,0.02,0,0.01,0,0.03
9186,Monster Hunter Diary: Poka Poka Airou Village DX,3DS,2015,Action,Capcom,0,0,0.14,0,0.14
9389,Venetica,X360,2010,Role-Playing,DTP Entertainment,0.09,0.03,0,0.01,0.13
10722,Famicom Mini: Famicom Tantei Club Part II - Ushiro ni Tatsu Shoujo Zenkouhen,GBA,2004,Adventure,Nintendo,0,0,0.1,0,0.1
775,Kirby's Epic Yarn,Wii,2010,Platform,Nintendo,1.47,0.09,0.45,0.11,2.12
10798,thinkSMART,DS,2010,Misc,Conspiracy Entertainment,0.09,0,0,0.01,0.1
13628,MLB SlugFest 20-04,GC,2003,Sports,Midway Games,0.03,0.01,0,0,0.04
6256,Armored Core: Project Phantasma,PS,1997,Simulation,From Software,0.06,0.04,0.15,0.02,0.28
3324,Madden NFL 2002,GC,2001,Sports,Electronic Arts,0.47,0.12,0,0.02,0.61
12569,Oddworld: Munch's Oddysee,GBA,2003,Platform,THQ,0.04,0.02,0,0,0.06
11393,Meitantei Conan & Kindaichi Shounen no Jikenbou: Meguri au Futari no Meitantei,DS,2009,Adventure,Namco Bandai Games,0,0,0.08,0,0.08
7060,Neopets Puzzle Adventure,Wii,2008,Puzzle,Capcom,0.19,0.02,0,0.02,0.23
4361,Samurai Warriors 3,Wii,2009,Action,Nintendo,0.1,0.02,0.32,0.01,0.45
7753,Sniper Elite,PS2,2005,Shooter,Ubisoft,0.1,0.07,0,0.02,0.19
3475,Xenosaga Episode II: Jenseits von Gut und Böse,PS2,2004,Role-Playing,Sony Computer Entertainment,0.28,0.22,0,0.07,0.58
16426,SoniPro,3DS,2014,Adventure,imageepoch Inc.,0,0,0.01,0,0.01
15043,Winning Post 8 2015,PSV,2015,Action,Tecmo Koei,0,0,0.02,0,0.02
6972,NASCAR Thunder 2004,XB,2003,Racing,Electronic Arts,0.18,0.05,0,0.01,0.23
15,Wii Fit Plus,Wii,2009,Sports,Nintendo,9.09,8.59,2.53,1.79,22
10203,Soma Bringer,DS,2008,Role-Playing,Nintendo,0,0,0.11,0,0.11
7880,Shadows of the Damned,X360,2011,Action,Electronic Arts,0.1,0.06,0.01,0.02,0.19
3280,Toshochu: Run for Money,3DS,2012,Adventure,Namco Bandai Games,0,0,0.62,0,0.62
6526,Duke Nukem: Zero Hour,N64,1999,Shooter,GT Interactive,0.21,0.05,0,0,0.26
772,Far Cry: Primal,PS4,2016,Action,Ubisoft,0.59,1.16,0.06,0.33,2.13
13748,Sengoku Musou 3 Z Special,PSP,2012,Action,Ackkstudios,0,0,0.04,0,0.04
11280,"Sesame Street: Ready, Set, Grover!",DS,2011,Misc,Warner Bros. Interactive Entertainment,0.08,0,0,0.01,0.08
6925,Onechanbara Z2: Chaos,PS4,2014,Action,Nippon Ichi Software,0.13,0.02,0.04,0.04,0.24
5442,Operation Flashpoint: Red River,PS3,2011,Shooter,Codemasters,0.06,0.15,0.07,0.05,0.33
13780,Clannad,PS2,2006,Adventure,Interchannel,0,0,0.04,0,0.04
8979,BMX XXX,PS2,2002,Sports,Acclaim Entertainment,0.07,0.06,0,0.02,0.15
15511,Hakuoki: Shinkai - Hana no Shou,PSV,2016,Adventure,Idea Factory,0,0,0.02,0,0.02
10569,KORG DS-10 Synthesizer Plus,DS,2009,Misc,AQ Interactive,0.08,0,0.02,0.01,0.1
10618,SNK vs. Capcom: SVC Chaos,XB,2004,Fighting,Ignition Entertainment,0.08,0.02,0,0,0.1
8080,Super Robot Taisen UX,3DS,2013,Role-Playing,Namco Bandai Games,0,0,0.18,0,0.18
1810,WWE 2K15,PS4,2014,Sports,Take-Two Interactive,0.38,0.56,0,0.19,1.13
10776,InuYasha: Secret of the Divine Jewel,DS,2007,Role-Playing,Namco Bandai Games,0.09,0,0,0.01,0.1
8897,Curious George,GC,2006,Action,Namco Bandai Games,0.11,0.03,0,0,0.15
11012,Disney Art Academy,3DS,2016,Action,Nintendo,0.01,0.01,0.07,0,0.09
10576,Conflict: Global Terror,XB,2005,Shooter,SCi,0.08,0.02,0,0,0.1
9228,NBA 2K13,WiiU,2012,Sports,Take-Two Interactive,0.08,0.04,0,0.01,0.14
4322,Crash: Mind Over Mutant,Wii,2008,Platform,Vivendi Games,0.36,0.06,0,0.03,0.45
8352,Sid Meier's Civilization IV,PC,2005,Strategy,Take-Two Interactive,0.02,0.12,0,0.03,0.17
13296,M&M's Adventure,DS,2008,Adventure,Zoo Digital Publishing,0.04,0,0,0,0.05
851,Super Street Fighter II,SNES,1993,Fighting,Nintendo,0.52,0.16,1.29,0.03,2
1503,The Beatles: Rock Band,X360,2009,Misc,MTV Games,0.97,0.23,0,0.11,1.31
11199,Major League Baseball 2K7,PSP,2007,Sports,Take-Two Interactive,0.08,0,0,0.01,0.09
15843,Battle Spirits: Hero's Soul,PSP,2010,Role-Playing,Namco Bandai Games,0,0,0.02,0,0.02
2241,Cars,GC,2006,Racing,THQ,0.72,0.19,0,0.03,0.93
291,God of War II,PS2,2007,Action,Sony Computer Entertainment,2.32,0.04,0.04,1.67,4.07
14968,Chili Con Carnage,PSP,2007,Shooter,Eidos Interactive,0,0.02,0,0.01,0.02
10608,Sword & Sorcery,SAT,1996,Role-Playing,Micro Cabin,0,0,0.1,0,0.1
3819,Silent Hill: Origins,PSP,2007,Action,Konami Digital Entertainment,0.22,0.16,0.04,0.1,0.53
9005,L.A. Rush,XB,2005,Racing,Midway Games,0.11,0.03,0,0.01,0.14
3684,Are You Smarter than a 5th Grader? Make the Grade,Wii,2008,Misc,THQ,0.51,0,0,0.04,0.55
1664,Shrek / Shrek 2 2-in-1 Gameboy Advance Video,GBA,2007,Misc,N/A,0.87,0.32,0,0.02,1.21
11859,Blood Drive,PS3,2010,Racing,Activision,0.07,0,0,0,0.07
11594,Samurai Warriors 2,X360,2006,Action,Tecmo Koei,0.07,0.01,0,0.01,0.08
2390,Kingdoms of Amalur: Reckoning,PS3,2012,Role-Playing,Electronic Arts,0.37,0.3,0.09,0.11,0.87
4784,Story of Seasons,3DS,2014,Simulation,Nintendo,0,0.13,0.26,0.01,0.4
16594,Myst IV: Revelation,PC,2004,Adventure,Ubisoft,0.01,0,0,0,0.01
2709,Mega Man Battle Network 6: Cybeast Falzar / Gregar,GBA,2005,Role-Playing,Capcom,0.09,0.03,0.62,0.02,0.76
261,Halo 5: Guardians,XOne,2015,Shooter,Microsoft Game Studios,2.64,1.2,0.03,0.39,4.26
11184,Jimmy Neutron: Boy Genius,GC,2002,Platform,THQ,0.07,0.02,0,0,0.09
6303,Jikkyou Powerful Pro Yakyuu Portable 4,PSP,2009,Sports,Konami Digital Entertainment,0,0,0.27,0,0.27
6793,Dreamcast Collection,X360,2011,Misc,Sega,0.16,0.07,0,0.02,0.24
14193,Romance of the Three Kingdoms (3DS),3DS,2013,Strategy,Tecmo Koei,0,0,0.03,0,0.03
2633,Secret Agent Barbie: Royal Jewels Mission,GBA,2002,Platform,Vivendi Games,0.56,0.21,0,0.01,0.78
11360,Gundam the 3D Battle,3DS,2011,Action,Namco Bandai Games,0,0,0.08,0,0.08
1970,Aliens vs Predator,PS3,2010,Shooter,Sega,0.41,0.47,0,0.18,1.05
9940,Nightshade,PS2,2003,Action,Sega,0.06,0.04,0,0.01,0.12
8445,Wildstar,PC,2014,Role-Playing,NCSoft,0.08,0.07,0,0.02,0.17
13200,Pinball Tycoon,GBA,2002,Misc,Ignition Entertainment,0.03,0.01,0,0,0.05
4917,Metal Gear Solid: The Legacy Collection,PS3,2013,Adventure,Konami Digital Entertainment,0.31,0.01,0.03,0.05,0.39
7188,Bust-A-Move 4,PS,1998,Puzzle,Acclaim Entertainment,0.12,0.08,0,0.01,0.22
60,Super Mario 64,DS,2004,Platform,Nintendo,5.08,3.11,1.25,0.98,10.42
12032,Disney's Winnie the Pooh's Rumbly Tumbly Adventure,GC,2005,Platform,Ubisoft,0.05,0.01,0,0,0.07
2376,Crimson Skies: High Road to Revenge,XB,2003,Simulation,Microsoft Game Studios,0.65,0.19,0,0.03,0.87
1581,Wheel of Fortune,PS,1998,Misc,Hasbro Interactive,0.99,0.22,0,0.04,1.26
4390,NHL FaceOff,PS,1994,Sports,Sony Computer Entertainment,0.25,0.17,0,0.03,0.45
13753,Resident Evil: Operation Raccoon City,PC,2012,Action,Capcom,0,0.03,0,0.01,0.04
7209,CSI: Fatal Conspiracy,Wii,2010,Adventure,Ubisoft,0.12,0.08,0,0.02,0.22
16245,F.E.A.R. Perseus Mandate,PC,2007,Shooter,Vivendi Games,0.01,0,0,0,0.01
14675,Vitamin Z,PS2,2009,Adventure,D3Publisher,0,0,0.03,0,0.03
15314,The King of Fighters NeoWave,XB,2006,Fighting,SNK Playmore,0.02,0,0,0,0.02
2315,James Bond 007: Agent Under Fire,XB,2002,Shooter,Electronic Arts,0.65,0.22,0,0.03,0.9
11913,Moxie Girlz,DS,2011,Misc,GameMill Entertainment,0.07,0,0,0,0.07
14007,12-Sai. Koisuru Diary,3DS,2016,Adventure,Happinet,0,0,0.04,0,0.04
7174,Ford vs. Chevy,PS2,2005,Racing,Global Star,0.11,0.09,0,0.03,0.22
2990,Fossil Fighters: Champions,DS,2010,Role-Playing,Nintendo,0.32,0,0.34,0.02,0.68
15070,Nanatsuiro * Drops Pure!!,PS2,2007,Adventure,Media Works,0,0,0.02,0,0.02
14295,Monster Rancher Hop-A-Bout,PS,2000,Action,Tecmo Koei,0.02,0.01,0,0,0.03
9519,Farming Simulator 2011,PC,2010,Simulation,N/A,0,0.13,0,0,0.13
8949,Deus Ex: Mankind Divided,XOne,2016,Role-Playing,Square Enix,0.08,0.06,0,0.01,0.15
2399,Fight Night Round 2,PS2,2005,Fighting,Electronic Arts,0.72,0.03,0,0.12,0.87
2142,FIFA Soccer 2005,XB,2004,Sports,Electronic Arts,0.33,0.6,0,0.04,0.97
13195,Houkago Shounen,DS,2008,Misc,Konami Digital Entertainment,0,0,0.05,0,0.05
672,Kirby's Dream Land 2,GB,1995,Platform,Nintendo,0.69,0.14,1.48,0.05,2.36
1884,Empire: Total War,PC,2009,Strategy,Sega,0.01,0.97,0,0.11,1.09
8919,Major League Baseball 2K8,PS2,2008,Sports,Bethesda Softworks,0.07,0.06,0,0.02,0.15
13064,Pet Pals: New Leash on Life,DS,2010,Simulation,Destineer,0.05,0,0,0,0.05
5702,Might & Magic Heroes VI,PC,2011,Role-Playing,Ubisoft,0.12,0.14,0,0.05,0.31
2074,Dynasty Warriors 3: Xtreme Legends,PS2,2002,Action,Tecmo Koei,0.13,0.1,0.74,0.03,1
10903,Etrian Odyssey 2 Untold: Knight of Fafnir,3DS,2014,Role-Playing,Atlus,0.07,0.02,0,0.01,0.09
4062,"Transformers: Revenge of the Fallen (XBox 360, PS3, & PC Versions)",PS2,2009,Shooter,Activision,0.25,0.01,0,0.22,0.49
8232,Open Season,GC,2006,Platform,Ubisoft,0.13,0.03,0,0,0.17
8245,Smash Court Tennis Pro Tournament,PS2,2002,Sports,Sony Computer Entertainment,0.08,0.07,0,0.02,0.17
11126,Naruto Shippuden: Gekito Ninja Taisen! EX 2,Wii,2007,Fighting,Takara Tomy,0,0,0.09,0,0.09
12080,Motor Toon Grand Prix (Japan),PS,1994,Racing,Sony Computer Entertainment,0,0,0.06,0,0.07
14875,Battlefield 1942,PC,2002,Shooter,Electronic Arts,0.01,0.01,0,0,0.03
13824,The Chase: Felix Meets Felicity,DS,2009,Action,Atari,0.04,0,0,0,0.04
14499,CIMA: The Enemy,GBA,2003,Role-Playing,Marvelous Interactive,0.02,0.01,0,0,0.03
5694,Resident Evil Archives: Resident Evil,Wii,2008,Action,Capcom,0.17,0.04,0.08,0.02,0.32
2611,WCW Mayhem,N64,1999,Fighting,Electronic Arts,0.63,0.15,0,0.01,0.79
11414,10 Minute Solution,Wii,2010,Sports,Activision,0.06,0.01,0,0.01,0.08
10826,Disney's Aladdin in Nasira's Revenge,PS,2000,Action,Sony Computer Entertainment,0.05,0.04,0,0.01,0.09
10160,18 Wheels of Steel: Extreme Trucker 2,PC,2011,Racing,Rondomedia,0.08,0.02,0,0.01,0.11
7190,NFL Quarterback Club 97,PS,1996,Sports,Acclaim Entertainment,0.12,0.08,0,0.01,0.22
13459,Danny Phantom: Urban Jungle,DS,2006,Action,THQ,0.04,0,0,0,0.04
6455,Littlest Pet Shop: Friends,Wii,2009,Simulation,Electronic Arts,0.22,0.02,0,0.02,0.26
7474,The Naked Brothers Band: The Video Game,Wii,2008,Misc,THQ,0.19,0,0,0.01,0.21
4576,Mega Man Battle Network,GBA,2001,Role-Playing,Capcom,0.14,0.05,0.22,0.01,0.42
13785,Mission: Impossible - Operation Surma,GBA,2003,Platform,Atari,0.03,0.01,0,0,0.04
13562,Tennis no Oji-Sama: DokiDoki Survival - Sanroku no Mystic,PS2,2006,Adventure,Konami Digital Entertainment,0,0,0.04,0,0.04
12277,My Pet Shop,DS,2008,Simulation,Square Enix,0.06,0,0,0,0.06
13152,Codename: Kids Next Door: Operation V.I.D.E.O.G.A.M.E.,GC,2005,Platform,Global Star,0.04,0.01,0,0,0.05
2201,Rocksmith 2014,X360,2013,Misc,Ubisoft,0.69,0.17,0,0.08,0.94
12749,Girls RPG: Cinderellife,3DS,2012,Role-Playing,Level 5,0,0,0.06,0,0.06
5278,SpongeBob's Boating Bash,Wii,2010,Misc,THQ,0.25,0.07,0,0.03,0.35
12367,Legend of Kay,DS,2010,Action,JoWood Productions,0.06,0,0,0,0.06
2940,Fire Emblem: Monsh? no Nazo,SNES,1994,Role-Playing,Nintendo,0,0,0.7,0,0.7
6232,Deer Hunter,PS2,2003,Sports,Atari,0.14,0.11,0,0.04,0.28
10639,International Superstar Soccer 64 (weekly JP sales),N64,1997,Sports,Konami Digital Entertainment,0,0,0.05,0.05,0.1
16343,Grooverider: Slot Car Thunder,GC,2003,Racing,Encore,0.01,0,0,0,0.01
14576,NBA 08,PSP,2007,Sports,Sony Computer Entertainment,0.03,0,0,0,0.03
16068,Aquaman: Battle for Atlantis,XB,N/A,Action,Unknown,0.01,0,0,0,0.01
8096,FIFA Soccer 11,PC,2010,Sports,Electronic Arts,0,0.14,0,0.04,0.18
653,LEGO Indiana Jones: The Original Adventures,Wii,N/A,Action,LucasArts,1.54,0.63,0,0.22,2.39
11147,MLB 2K9 Fantasy All-Stars,DS,2009,Sports,Take-Two Interactive,0.08,0,0,0.01,0.09
6021,Ys: Memories of Celceta,PSV,2012,Action,Nihon Falcom Corporation,0.15,0.01,0.1,0.04,0.29
14339,Dragon's Dogma Online,PS3,2015,Role-Playing,Capcom,0,0,0.03,0,0.03
403,English Training: Have Fun Improving Your Skills!,DS,2006,Misc,Nintendo,0,0.99,2.32,0.02,3.33
16504,"Transformers: War for Cybertron (XBox 360, PS3, & PC Versions)",PC,2010,Shooter,Activision,0.01,0,0,0,0.01
10947,Yourself Fitness,XB,2004,Sports,responDESIGN,0.07,0.02,0,0,0.09
8271,ESPN Final Round Golf 2002,GBA,2001,Sports,Konami Digital Entertainment,0.12,0.05,0,0,0.17
3167,Sega Rally Revo,PS3,2007,Racing,Sega,0.07,0.43,0,0.14,0.64
13635,Company of Heroes: Tales of Valor,PC,2009,Strategy,THQ,0,0.03,0,0.01,0.04
13644,Jewel Quest Mysteries 2: Trail of the Midnight Heart,DS,2011,Puzzle,Unknown,0,0.04,0,0.01,0.04
15832,Phoenix Wright: Ace Attorney Trilogy,3DS,2014,Adventure,Capcom,0,0,0.02,0,0.02
10647,Disney's The Jungle Book,GBA,2002,Platform,Ubisoft,0.07,0.03,0,0,0.1
5644,Karaoke Revolution Volume 3,PS2,2004,Misc,Konami Digital Entertainment,0.16,0.12,0,0.04,0.32
10900,Digimon Rumble Arena 2,PS2,2004,Fighting,Atari,0.05,0.04,0,0.01,0.09
8336,James Cameron's Dark Angel,PS2,N/A,Action,Universal Interactive,0.08,0.07,0,0.02,0.17
5198,Tropico 4,X360,N/A,Strategy,Kalypso Media,0.2,0.13,0,0.03,0.36
7409,Cabela's Deer Hunt: 2004 Season,XB,2003,Sports,Activision Value,0.16,0.05,0,0.01,0.21
11524,Puzzler Mind Gym 3D,3DS,2011,Puzzle,Ubisoft,0.07,0,0,0,0.08
706,TOCA Touring Car Championship,PS,1997,Racing,Codemasters,0.07,2,0.02,0.18,2.28
15974,Memories Off 6: Next Relation,PS2,2009,Adventure,5pb,0,0,0.02,0,0.02
4574,Valkyrie Profile: Covenant of the Plume,DS,2008,Role-Playing,Square Enix,0.23,0.02,0.16,0.02,0.42
12546,Mobile Suit Gundam: Gundam vs. Zeta Gundam,PS2,2004,Shooter,Namco Bandai Games,0.03,0.02,0,0.01,0.06
1897,SpongeBob SquarePants: Revenge of the Flying Dutchman,PS2,2002,Platform,THQ,0.53,0.41,0,0.14,1.08
16140,Game Book DS: Sword World 2.0,DS,2009,Role-Playing,Broccoli,0,0,0.01,0,0.01
14383,Doodle Hex,DS,2008,Puzzle,Pinnacle,0,0.03,0,0,0.03
6712,The Legend of Legacy,3DS,2015,Role-Playing,FuRyu,0.11,0.02,0.1,0.01,0.25
13264,Rugby 06,PS2,2006,Sports,Electronic Arts,0.02,0.02,0,0.01,0.05
5138,Bionic Commando,PS3,2009,Platform,Capcom,0.12,0.17,0.01,0.07,0.37
10152,Capcom vs. SNK 2 EO,GC,2002,Fighting,Capcom,0.09,0.02,0,0,0.11
1692,Pro Evolution Soccer 2008,Wii,2008,Sports,Konami Digital Entertainment,0.09,0.84,0.11,0.15,1.19
6462,Aikatsu! 2-nin no My Princess,3DS,2013,Action,Namco Bandai Games,0,0,0.26,0,0.26
2220,NHL 2003,PS2,2002,Sports,Electronic Arts,0.46,0.36,0,0.12,0.93
13852,Blood Bowl,PC,2009,Sports,Focus Home Interactive,0.01,0.02,0,0.01,0.04
14607,Power Poke Dash,GBA,2006,Sports,Konami Digital Entertainment,0,0,0.03,0,0.03
2098,Midnight Club: LA Remix,PSP,2008,Racing,Take-Two Interactive,0.52,0.28,0,0.19,0.99
7538,Shining Blade,PSP,2012,Role-Playing,Sega,0,0,0.2,0,0.2
10679,College Hoops 2K6,XB,2005,Sports,Take-Two Interactive,0.07,0.02,0,0,0.1
383,Far Cry 3,PS3,2012,Shooter,Ubisoft,0.88,1.75,0.1,0.72,3.45
1060,NBA 2K15,XOne,2014,Sports,Take-Two Interactive,1.36,0.18,0,0.15,1.69
13328,Rain (2013),PS3,2013,Adventure,Sony Computer Entertainment,0,0,0.05,0,0.05
15201,Darksiders,PS3,2010,Action,THQ,0.01,0.01,0,0,0.02
10118,Just In Time Translations,DS,2009,Misc,THQ,0.1,0,0,0.01,0.11
12587,3D Lemmings,PS,1995,Puzzle,Psygnosis,0.03,0.02,0,0,0.06
16480,"Shinobi, Koi Utsutsu: Setsugetsuka Koi Emaki",PSV,2015,Action,Idea Factory,0,0,0.01,0,0.01
7326,NBA,PSP,2005,Sports,Sony Computer Entertainment,0.2,0,0,0.02,0.21
6147,Polaris,2600,1982,Action,Tigervision,0.26,0.02,0,0,0.28
484,Street Fighter IV,X360,2009,Fighting,Capcom,1.82,0.71,0.15,0.26,2.95
15217,Moujuutsukai to Oujisama Portable,PSP,2011,Adventure,Idea Factory,0,0,0.02,0,0.02
13234,NBA 2K17,PS3,2016,Sports,Take-Two Interactive,0.03,0.01,0,0.01,0.05
469,NBA 2K13,X360,2012,Sports,Take-Two Interactive,2.6,0.21,0.01,0.19,3
4381,Mobile Suit Gundam,PS,1995,Action,Namco Bandai Games,0,0,0.42,0.03,0.45
13614,Emergency Room: Real Life Rescues,DS,2009,Simulation,505 Games,0.04,0,0,0,0.04
13175,Smart Kid's Party Fun Pak,DS,2008,Misc,UFO Interactive,0.05,0,0,0,0.05
12388,Spy Games: Elevator Mission,Wii,2007,Shooter,Tommo,0.06,0,0,0,0.06
16348,Ultimate Board Game Collection,PS2,2006,Misc,Xplosiv,0.01,0,0,0,0.01
6670,SpongeBob's Truth or Square (US sales),X360,2009,Action,THQ,0.25,0,0,0,0.25
14924,Otometeki Koi Kakumei * Love Revo! Portable,PSP,2010,Adventure,Idea Factory,0,0,0.02,0,0.02
12269,Pirates: The Legend of Black Kat,XB,2002,Adventure,Electronic Arts,0.05,0.01,0,0,0.06
2723,True Crime: New York City,PS2,2005,Action,Activision,0.57,0.02,0.07,0.09,0.76
265,Namco Museum,GBA,2001,Misc,Namco Bandai Games,3,1.11,0.05,0.07,4.24
12681,Yomawari,PSV,2015,Adventure,Nippon Ichi Software,0,0,0.06,0,0.06
15460,Steins;Gate: Hiyoku Renri no Darling,PS3,2012,Adventure,5pb,0,0,0.02,0,0.02
1772,Qix,GB,1990,Puzzle,Nintendo,0.51,0.2,0.41,0.03,1.15
5636,Fortress,GBA,2001,Action,Majesco Entertainment,0.23,0.08,0,0.01,0.32
3051,"The Chronicles of Narnia: The Lion, The Witch and The Wardrobe",GBA,N/A,Action,Disney Interactive Studios,0.48,0.18,0,0.01,0.67
6259,ExciteBots: Trick Racing,Wii,2009,Racing,Nintendo,0.26,0,0,0.02,0.28
8159,Twisted Metal: Small Brawl,PS,N/A,Action,Unknown,0.1,0.07,0,0.01,0.18
3671,Soccer Tsuku 2002: J-League Pro Soccer Club o Tsukurou!,PS2,2002,Sports,Sega,0,0,0.55,0,0.55
10751,Descent Maximum,PS,1997,Shooter,Interplay Productions,0.05,0.04,0,0.01,0.1
15392,Ridge Racer Unbounded,PC,2012,Racing,Namco Bandai Games,0,0.02,0,0,0.02
2805,Croc 2,PS,1999,Platform,Fox Interactive,0.41,0.28,0,0.05,0.73
7277,DS Nishimura Kyotaro Suspense Shin Tantei Series: Kyoto Atami Zekkai no Kotou - Satsui no Wana,DS,2007,Adventure,Tecmo Koei,0,0,0.22,0,0.22
1299,Xenogears,PS,1998,Role-Playing,SquareSoft,0.29,0.19,0.89,0.1,1.46
1421,Star Wars Knights of the Old Republic II: The Sith Lords,XB,2004,Role-Playing,Activision,0.99,0.33,0,0.05,1.37
3210,Cabela's Big Game Hunter (2008),Wii,2007,Sports,Activision,0.58,0,0,0.05,0.63
7451,Tony Hawk's Motion,DS,2008,Sports,Activision,0.19,0,0,0.02,0.21
11435,"3 in 1: Solitaire, Mahjong & Tangram",DS,2010,Misc,Deep Silver,0,0.07,0,0.01,0.08
11990,MLB Front Office Manager,X360,2009,Sports,Take-Two Interactive,0.06,0,0,0.01,0.07
5062,ZhuZhu Pets: Featuring The Wild Bunch,Wii,2010,Simulation,Activision,0.32,0.03,0,0.03,0.38
12848,Samurai Dou Portable,PSP,2008,Action,Spike,0,0,0.05,0,0.05
2496,Sly 3: Honor Among Thieves,PS2,2005,Platform,Sony Computer Entertainment,0.69,0.03,0,0.11,0.83
3096,Disney Infinity 2.0: Marvel Super Heroes,WiiU,2014,Action,Disney Interactive Studios,0.38,0.22,0,0.06,0.65
1305,Triple Play 99,PS,N/A,Sports,N/A,0.81,0.55,0,0.1,1.46
8995,Tamagotchi no Appare! Niji Venture,DS,2007,Role-Playing,Namco Bandai Games,0,0,0.14,0,0.14
14746,RollerCoaster Tycoon 2: Triple Thrill Pack,PC,2003,Strategy,Atari,0,0.02,0,0.01,0.03
15468,Garfield Gets Real,DS,2009,Action,Zushi Games,0,0.02,0,0,0.02
3712,Minecraft: Story Mode,XOne,2015,Adventure,Mojang,0.29,0.21,0,0.05,0.54
11600,Outlaw Tennis,PS2,2005,Sports,Global Star,0.04,0.03,0,0.01,0.08
4778,My Virtual Tutor: Reading Adventure First to Second Grade,DS,2009,Misc,Mentor Interactive,0.38,0,0,0.03,0.41
9999,Mystery P.I. - Portrait of a Thief,DS,2008,Adventure,Unknown,0.11,0,0,0.01,0.11
2209,Destroy All Humans!,PS2,2005,Shooter,THQ,0.78,0.03,0,0.13,0.94
1386,Sonic Advance 3,GBA,2004,Platform,THQ,0.74,0.52,0.08,0.06,1.4
13563,Starry ? Sky: After Spring,PSP,2009,Misc,Aqua Plus,0,0,0.04,0,0.04
4791,"Transformers: The Game (XBox 360, PS2, PS3, Wii & PC Versions)",PS3,2007,Action,Activision,0.32,0.04,0.01,0.04,0.4
16235,Zero no Tsukaima: Maigo no Period to Ikusen no Symphony,PS2,2008,Adventure,Marvelous Interactive,0,0,0.01,0,0.01
9953,Get Up and Dance,Wii,2011,Misc,O-Games,0.06,0.04,0,0.01,0.12
4132,Spider-Man 3,Wii,2007,Platform,Activision,0.42,0.02,0,0.04,0.48
1862,F-Zero X,N64,1998,Racing,Nintendo,0.45,0.33,0.29,0.03,1.1
10294,The Godfather: Mob Wars,PSP,2006,Action,Electronic Arts,0.09,0.01,0,0.01,0.11
433,Rhythm Heaven,DS,2008,Misc,Nintendo,0.58,0.51,1.93,0.14,3.17
9012,Fox Sports Golf '99,PS,1997,Sports,Gremlin Interactive Ltd,0.08,0.05,0,0.01,0.14
13284,Diabolik Lovers,PSP,2012,Adventure,Idea Factory,0,0,0.05,0,0.05
15667,Rabbids Invasion: The Interactive TV Show,PS4,2014,Misc,Ubisoft,0,0.01,0,0,0.02
11372,Shin Megami Tensei: Digital Devil Saga 2,PS2,2005,Role-Playing,Ghostlight,0.04,0.03,0,0.01,0.08
2744,San Francisco Rush: Extreme Racing,N64,1997,Racing,GT Interactive,0.63,0.11,0,0.01,0.75
8765,American Chopper,XB,2004,Racing,Zoo Digital Publishing,0.11,0.03,0,0.01,0.15
5496,Super Power League 2,SNES,1994,Sports,Hudson Soft,0,0,0.33,0,0.33
4971,Samurai Warriors Chronicles,3DS,2011,Action,Tecmo Koei,0.12,0.05,0.2,0.01,0.39
14956,Cold War,XB,2005,Shooter,DreamCatcher Interactive,0.02,0.01,0,0,0.02
8201,You Don't Know Jack,PS3,2011,Misc,THQ,0.16,0,0,0.01,0.18
8289,MX World Tour Featuring Jamie Little,PS2,2005,Racing,Play It,0.08,0.07,0,0.02,0.17
3610,ESPN NFL Football,PS2,2003,Sports,Sega,0.27,0.21,0,0.07,0.56
5741,Metro: Last Light,XOne,2014,Action,Deep Silver,0.15,0.13,0,0.03,0.31
7111,Ratchet & Clank: Full Frontal Assault,PS3,2012,Adventure,Sony Computer Entertainment,0.19,0.01,0,0.02,0.23
12316,Rayman: Hoodlum's Revenge,GBA,2005,Platform,Ubisoft,0.05,0.02,0,0,0.06
16322,Period Cube: Torikago no Amadeus,PSV,2016,Action,Idea Factory,0,0,0.01,0,0.01
5013,NCAA Football 08,PS3,2007,Sports,Electronic Arts,0.35,0,0,0.03,0.38
11968,Zumba Fitness Core,X360,2012,Misc,505 Games,0,0.06,0,0.01,0.07
7935,Doctor Who: Return to Earth,Wii,2010,Adventure,Asylum Entertainment,0,0.16,0,0.02,0.19
3114,Tiger Woods PGA Tour 10,X360,2009,Sports,Electronic Arts,0.39,0.2,0,0.06,0.65
1702,Final Fantasy I & II: Dawn of Souls,GBA,2004,Role-Playing,Nintendo,0.64,0.24,0.29,0.02,1.19
1029,Twisted Metal III,PS,1998,Action,989 Studios,1.48,0.2,0,0.05,1.73
5255,Monopoly,PS3,2008,Misc,Electronic Arts,0.25,0.06,0,0.04,0.36
2912,NCAA Football 08,X360,2007,Sports,Electronic Arts,0.65,0,0,0.05,0.7
14605,Girls Only,DS,2010,Simulation,Foreign Media Games,0.03,0,0,0,0.03
10830,Winning Post 6,PS2,2003,Sports,Tecmo Koei,0,0,0.09,0,0.09
1996,ATV: Quad Power Racing,PS,2000,Racing,Acclaim Entertainment,0.58,0.39,0,0.07,1.04
10912,World Championship Poker 2: Featuring Howard Lederer,XB,2005,Misc,Crave Entertainment,0.07,0.02,0,0,0.09
7454,LEGO The Hobbit,PSV,2014,Action,Warner Bros. Interactive Entertainment,0.03,0.13,0,0.05,0.21
8092,Spider-Man: Friend or Foe,PSP,2007,Action,Activision,0.16,0,0,0.01,0.18
630,Final Fantasy V,SNES,1992,Role-Playing,SquareSoft,0,0,2.43,0.02,2.45
4508,Wheel of Fortune,DS,2010,Misc,THQ,0.41,0,0,0.03,0.43
9701,NASCAR 2005: Chase for the Cup,GC,2004,Racing,Electronic Arts,0.1,0.02,0,0,0.12
3577,Cabela's Big Game Hunter 2005 Adventures,PS2,2004,Sports,Activision,0.28,0.21,0,0.07,0.56
11406,Ninjabread Man,Wii,2007,Action,Popcorn Arcade,0.07,0,0,0.01,0.08
13620,Bloody Roar Extreme,XB,2003,Fighting,Hudson Soft,0.03,0.01,0,0,0.04
6205,Dragon Quest Heroes II: Twin Kings and the Prophecy's End,PS4,2016,Action,Square Enix,0,0,0.28,0,0.28
5161,The Sims 2: Castaway,PS2,2007,Simulation,Electronic Arts,0.3,0.01,0,0.05,0.37
1364,Dead Space,X360,2008,Action,Electronic Arts,0.89,0.4,0,0.13,1.42
12390,Song of the Deep,PS4,2016,Action,Insomniac Games,0.05,0,0,0.01,0.06
7395,Darkwatch,XB,2005,Shooter,Ubisoft,0.16,0.05,0,0.01,0.21
14788,Air Conflicts: Secret Wars,PC,2011,Simulation,bitComposer Games,0,0.02,0,0.01,0.03
3984,Alice in Wonderland,DS,2010,Adventure,Disney Interactive Studios,0.27,0.18,0,0.05,0.5
631,Final Fantasy Tactics,PS,1997,Role-Playing,SquareSoft,0.93,0.12,1.34,0.06,2.45
7105,Hooked! Real Motion Fishing,Wii,2007,Sports,505 Games,0.21,0,0,0.02,0.23
6057,WWII Aces,Wii,2008,Simulation,Destineer,0.27,0,0,0.02,0.29
4423,Van Helsing,PS2,2004,Action,Activision,0.22,0.17,0,0.06,0.44
6935,Ar tonelico Qoga: Knell of Ar Ciel,PS3,2010,Role-Playing,Tecmo Koei,0.08,0.01,0.13,0.01,0.24
11606,Medabots Dual: Kabuto / Kuwagata,3DS,2013,Role-Playing,Rocket Company,0,0,0.08,0,0.08
6590,Mario & Sonic at the Rio 2016 Olympic Games,WiiU,2016,Action,Nintendo,0.03,0.11,0.1,0.01,0.26
1388,Battlefield 4,PC,2013,Shooter,Electronic Arts,0.38,0.86,0,0.16,1.4
1719,Spore,PC,2008,Strategy,Electronic Arts,0.03,1.06,0,0.09,1.17
441,FIFA Soccer 08,PS2,2007,Sports,Electronic Arts,0.68,0,0,2.46,3.14
6315,Tiger Woods PGA Tour 07,PSP,2006,Sports,Electronic Arts,0.2,0.04,0,0.04,0.27
11485,Tomb Raider: Underworld,PC,2008,Action,Eidos Interactive,0,0.06,0,0.02,0.08
14385,Hakuoki Zuisouroku Omokage Hana,PSV,2015,Action,Idea Factory,0,0,0.03,0,0.03
2475,ESPN College Hoops 2K5,PS2,2004,Sports,Sega,0.41,0.32,0,0.11,0.84
4513,NBA Jam,Wii,2010,Sports,Electronic Arts,0.38,0.03,0,0.03,0.43
542,The Sims,PS2,2003,Simulation,Electronic Arts,1.41,1.12,0,0.24,2.77
6422,The Dog Island,PS2,2007,Adventure,Ubisoft,0.13,0.1,0,0.03,0.27
3414,Extreme-G,N64,1997,Racing,Acclaim Entertainment,0.47,0.11,0,0.01,0.59
10366,Reign of Fire,GC,2002,Shooter,BAM! Entertainment,0.08,0.02,0,0,0.11
16251,Gokuhou!! Mecha Mote Iinchou: Girls Motekawa Box,DS,2009,Simulation,Konami Digital Entertainment,0,0,0.01,0,0.01
12230,Disney Infinity,PSV,2013,Action,Disney Interactive Studios,0.05,0,0,0.02,0.07
6702,Caesars Palace II,PS,1998,Misc,Interplay,0.14,0.09,0,0.02,0.25
1866,SingStar Legends,PS2,2006,Misc,Sony Computer Entertainment,0.12,0.75,0,0.23,1.1
2971,The Sims: Medieval,PC,2011,Simulation,Electronic Arts,0.27,0.32,0,0.1,0.69
972,Kinect Star Wars,X360,2012,Action,Microsoft Game Studios,1.05,0.57,0.03,0.14,1.78
3573,"Monsters, Inc. Scream Team",PS,2001,Platform,Sony Computer Entertainment,0.31,0.21,0,0.04,0.56
11686,Animal Kingdom: Wildlife Expedition,Wii,2009,Adventure,Natsume,0.07,0,0,0.01,0.08
6018,Mega Man X8,PS2,2004,Platform,Capcom,0.14,0.11,0,0.04,0.29
6399,Jurassic Park: Operation Genesis,PS2,2003,Simulation,Konami Digital Entertainment,0.13,0.1,0,0.03,0.27
10457,Frogger: Ancient Shadow,PS2,2005,Platform,Konami Digital Entertainment,0.05,0.04,0,0.01,0.1
5524,"Warhammer 40,000: Squad Command",PSP,2007,Strategy,THQ,0.11,0.14,0,0.08,0.33
11785,PhotoKano,PSV,2013,Adventure,Kadokawa Shoten,0,0,0.07,0,0.07
2562,Guitar Hero: Metallica,X360,2009,Misc,Activision,0.52,0.21,0,0.07,0.81
12333,Cel Damage,GC,2002,Racing,Electronic Arts,0.05,0.01,0,0,0.06
10082,Naruto Ultimate Collection,PS2,2008,Misc,Namco Bandai Games,0.06,0.04,0,0.01,0.11
1796,Super R.C. Pro-Am,GB,1991,Racing,Nintendo,0.58,0.37,0.15,0.04,1.14
13198,Whirl Tour,GC,2002,Sports,Vivendi Games,0.04,0.01,0,0,0.05
5798,South Park: Chef's Luv Shack,PS,1998,Misc,Acclaim Entertainment,0.17,0.12,0,0.02,0.31
5162,NCAA Football 07,PSP,2006,Sports,Electronic Arts,0.34,0,0,0.03,0.37
10330,The Cheetah Girls: Pop Star Sensations,DS,2007,Misc,Disney Interactive Studios,0.1,0,0,0.01,0.11
3140,Crash of the Titans,PSP,2007,Action,Vivendi Games,0.25,0.25,0,0.15,0.64
5965,NieR,X360,2010,Role-Playing,Square Enix,0.13,0.1,0.04,0.02,0.29
6990,SSX On Tour,PSP,2005,Sports,Electronic Arts,0.19,0.02,0,0.02,0.23
12355,Land of the Dead: Road to Fiddler's Green,XB,2005,Shooter,Groove Games,0.05,0.01,0,0,0.06
11484,The Witch and the Hundred Knight,PS4,2015,Role-Playing,Nippon Ichi Software,0.02,0.01,0.05,0.01,0.08
11432,Adventure Time: The Secret of the Nameless Kingdom,3DS,2014,Action,Little Orbit,0,0.07,0,0,0.08
15030,Kensei: Sacred Fist,PS,1997,Fighting,Konami Digital Entertainment,0.01,0.01,0,0,0.02
3723,Tales of Symphonia,PS3,2013,Role-Playing,Namco Bandai Games,0.21,0.13,0.13,0.06,0.54
14855,I Heart Geeks,DS,2011,Puzzle,CDV Software Entertainment,0.02,0,0,0,0.03
14740,Frogger: Ancient Shadow,XB,2005,Platform,Konami Digital Entertainment,0.02,0.01,0,0,0.03
11627,Ford vs. Chevy,XB,2005,Racing,Global Star,0.06,0.02,0,0,0.08
11294,Captain Tsubasa: New Kick Off,DS,2010,Sports,Konami Digital Entertainment,0,0.02,0.06,0,0.08
8079,Pokémon I Choose You / Squirtle Squad Game Boy Advance Video,GBA,2004,Misc,Nintendo,0.13,0.05,0,0,0.18
3608,Madagascar: Escape 2 Africa,Wii,2008,Action,Activision,0.32,0.18,0,0.05,0.56
15191,Fritz Chess,DS,2009,Strategy,Deep Silver,0.02,0,0,0,0.02
7262,Guitar Hero: Smash Hits,PS2,2009,Misc,Activision,0.11,0.01,0,0.1,0.22
11482,Tony Hawk's Pro Skater 3,N64,2002,Sports,Activision,0.06,0.02,0,0,0.08
14461,Pet Alien: An Intergalactic Puzzlepalooza,DS,2007,Action,Game Factory,0.03,0,0,0,0.03
12227,Worms Forts: Under Siege,XB,2004,Strategy,Sega,0.05,0.01,0,0,0.07
3406,Naruto: The Broken Bond,X360,2008,Action,Ubisoft,0.24,0.28,0,0.07,0.59
3027,Taiko no Tatsujin Wii,Wii,2008,Misc,Namco Bandai Games,0,0,0.67,0,0.67
11737,Wizardry: Llylgamyn Saga,PS,1998,Role-Playing,Locus,0,0,0.07,0,0.07
11517,Sentimental Graffiti 2,DC,2000,Adventure,NEC Interchannel,0,0,0.08,0,0.08
16005,Red Stone DS: Akaki Ishi ni Michibikareshi Monotachi,DS,2011,Role-Playing,Unknown,0,0,0.01,0,0.01
6682,MotoGP '07,X360,2007,Racing,THQ,0.23,0,0,0.02,0.25
2448,NFL GameDay,PS,1995,Sports,Sony Computer Entertainment,0.47,0.32,0,0.06,0.85
15602,The King of Fighters Collection: The Orochi Saga (JP sales),PS2,2006,Fighting,Ignition Entertainment,0,0,0.02,0,0.02
2889,Tactics Ogre: Let Us Cling Together,SNES,1995,Role-Playing,Quest,0,0,0.71,0,0.71
5066,Gravitar,2600,1982,Action,Atari,0.35,0.02,0,0,0.38
14375,Sitting Ducks,GBA,2003,Platform,LSP Games,0.02,0.01,0,0,0.03
1749,Bushido Blade,PS,1997,Fighting,Sony Computer Entertainment,0.39,0.27,0.43,0.08,1.16
4503,SSX Tricky,XB,2001,Sports,Electronic Arts,0.32,0.09,0,0.02,0.43
14201,Monster Guardians,GBA,2001,Role-Playing,Konami Digital Entertainment,0,0,0.03,0,0.03
14349,Hiiro no Kakera 2: Hisui no Shizuku,PS2,2007,Adventure,Idea Factory,0,0,0.03,0,0.03
694,Pokemon Ranger: Shadows of Almia,DS,2008,Role-Playing,Nintendo,0.95,0.54,0.62,0.18,2.3
13473,Guilty Gear XX Accent Core,PS2,2007,Fighting,Unknown,0,0,0.04,0,0.04
7635,Jissen Pachi-Slot Hisshouhou! Aladdin A,PS2,2002,Misc,Sammy Corporation,0,0,0.2,0,0.2
12066,My Horse & Me: Riding for Gold,DS,2008,Sports,Atari,0.05,0.01,0,0.01,0.07
16293,Sangoku Koi Senki: Omoide Gaeshi - CS Edition,PSV,2016,Adventure,Prototype,0,0,0.01,0,0.01
7187,Super Adventure Island,SNES,1992,Platform,Hudson Soft,0,0,0.22,0,0.22
6675,Marie no Atelier: Salburg no Renkinjutsushi,PS,1997,Role-Playing,Gust,0,0,0.23,0.02,0.25
7298,Summer Athletics: The Ultimate Challenge (Others sales),Wii,2008,Sports,DTP Entertainment,0,0.2,0,0.01,0.22
580,God of War Collection,PS3,2009,Action,Sony Computer Entertainment,1.7,0.46,0.06,0.41,2.63
3645,The Activision Decathlon,2600,1982,Sports,Activision,0.52,0.03,0,0.01,0.55
9751,Super Robot Wars OG Saga: Masou Kishin II - Revelation of Evil God,PSP,N/A,Strategy,N/A,0,0,0.12,0,0.12
4449,Gundam SEED: Federation vs. Z.A.F.T.,PS2,2005,Shooter,Namco Bandai Games,0,0,0.44,0,0.44
6245,Summer Heat Beach Volleyball,PS2,2003,Sports,Acclaim Entertainment,0.14,0.11,0,0.04,0.28
6986,Pro Yakyuu Team o Tsukurou!,DC,1999,Sports,Sega,0,0,0.23,0,0.23
7751,Saw II: Flesh & Blood,PS3,2010,Action,Konami Digital Entertainment,0.1,0.07,0,0.03,0.19
14408,Highschool Terra Story,SAT,1998,Adventure,KID,0,0,0.03,0,0.03
4278,LEGO Rock Band,DS,2009,Misc,Warner Bros. Interactive Entertainment,0.33,0.09,0,0.04,0.46
3854,Cars Toon: Mater's Tall Tales,Wii,2010,Misc,Disney Interactive Studios,0.46,0.02,0,0.03,0.52
1337,SimCity (2013),PC,2013,Simulation,Electronic Arts,0.48,0.77,0,0.19,1.44
327,Ratchet & Clank: Size Matters,PSP,2007,Platform,Sony Computer Entertainment,1.4,1.4,0.1,0.87,3.77
15565,Barbie as the Princess and the Pauper,GBA,2004,Adventure,Vivendi Games,0.01,0,0,0,0.02
11004,Damnation,PS3,2009,Shooter,Codemasters,0.07,0.01,0,0.01,0.09
10710,Real Bout Garou Densetsu,SAT,1996,Fighting,SNK,0,0,0.1,0,0.1
14486,Cabela's Big Game Hunter: Pro Hunts,PS3,2014,Shooter,Activision,0.03,0,0,0,0.03
11844,G Darius,PS,1997,Shooter,THQ,0.04,0.03,0,0,0.07
1457,Test Drive,PS2,2002,Racing,Atari,0.95,0.21,0.01,0.18,1.34
5021,Bratz: Rock Angelz,PS2,2005,Misc,THQ,0.19,0.15,0,0.05,0.38
12712,Constantine,XB,2005,Action,SCi,0.04,0.01,0,0,0.06
9145,How to Train Your Dragon,X360,2010,Action,Activision,0.11,0.02,0,0.01,0.14
15430,The Sims 2: Family Fun Stuff,PC,2006,Simulation,Electronic Arts,0,0.01,0,0,0.02
2206,Mario Tennis Open,3DS,2012,Sports,Nintendo,0.26,0.29,0.33,0.05,0.94
1849,Guitar Hero 5,PS3,2009,Misc,Activision,0.53,0.4,0,0.17,1.1
12101,Family Trainer: Treasure Adventure,Wii,2010,Sports,Namco Bandai Games,0,0.06,0,0.01,0.07
11981,Wallace & Gromit in Project Zoo,GC,2003,Platform,BAM! Entertainment,0.05,0.01,0,0,0.07
1944,Darksiders,X360,2010,Action,THQ,0.67,0.29,0.01,0.1,1.06
2551,Lego Batman 3: Beyond Gotham,PS3,2014,Action,Warner Bros. Interactive Entertainment,0.33,0.35,0,0.13,0.81
4284,Tomb Raider: Legend,PSP,2006,Action,Eidos Interactive,0.09,0.24,0,0.12,0.46
7939,Bolt,PS3,2008,Adventure,Disney Interactive Studios,0.12,0.05,0,0.02,0.19
9323,NCIS,Wii,2011,Adventure,Ubisoft,0.08,0.04,0,0.01,0.14
1026,Destiny,PS3,2014,Shooter,Activision,0.67,0.66,0.12,0.27,1.73
12467,The Witcher,PC,2007,Role-Playing,Atari,0,0.05,0,0.01,0.06
8437,Midway Arcade Treasures,GC,2003,Misc,Midway Games,0.13,0.03,0,0,0.17
2414,Darksiders II,PS3,2012,Action,THQ,0.35,0.37,0.01,0.14,0.86
5988,NBA Street V3,GC,2005,Sports,Electronic Arts,0.23,0.06,0,0.01,0.29
8582,Power Stakes,PS,1997,Sports,Aques,0,0,0.15,0.01,0.16
5269,Backyard Baseball 2006,GBA,2005,Sports,Atari,0.25,0.09,0,0.01,0.35
5979,Dynasty Warriors: Strikeforce,PS3,2009,Action,Tecmo Koei,0.11,0.08,0.07,0.03,0.29
758,Your Shape featuring Jenny McCarthy,Wii,2009,Sports,Ubisoft,1.51,0.47,0,0.18,2.16
3244,Vanquish,PS3,2010,Shooter,Sega,0.21,0.22,0.11,0.09,0.62
9138,Just Cause 3,PC,2015,Action,Square Enix,0.03,0.11,0,0.01,0.14
9552,Teenage Mutant Ninja Turtles 2: Battle Nexus,XB,2004,Action,Konami Digital Entertainment,0.1,0.03,0,0,0.13
13416,Yoru no Nai Kuni,PS3,2015,Role-Playing,Tecmo Koei,0,0,0.05,0,0.05
6049,Pirates of the Caribbean,XB,2003,Role-Playing,Ubisoft,0.22,0.06,0,0.01,0.29
8882,Jaws Unleashed,XB,2006,Action,THQ,0.11,0.03,0,0.01,0.15
13248,Putty Squad,PSV,2013,Platform,System 3,0.02,0.02,0,0.01,0.05
4212,NHL 15,X360,2014,Sports,Electronic Arts,0.35,0.07,0,0.04,0.47
12197,Doraemon: Nobita no Shin Makai Daibouken DS,DS,2007,Role-Playing,Sega,0,0,0.07,0,0.07
8753,NHL 17,XOne,2016,Sports,Electronic Arts,0.13,0.01,0,0.02,0.15
1554,The Sims 2: Nightlife,PC,2005,Simulation,Electronic Arts,1.22,0.05,0,0,1.27
7996,Phantasy Star Online Ver. 2,DC,2001,Role-Playing,Sega,0,0,0.19,0,0.19
4358,Yu-Gi-Oh! Destiny Board Traveler,GBA,2004,Misc,Konami Digital Entertainment,0.32,0.12,0,0.01,0.45
4135,Tomb Raider: Underworld,Wii,2008,Action,Eidos Interactive,0.14,0.28,0,0.06,0.48
10893,The Crew: Wild Run,PS4,2015,Action,Ubisoft,0,0.08,0,0.01,0.09
2494,Mega Man Legends,PS,1997,Adventure,Capcom,0.39,0.26,0.12,0.05,0.83
9513,Brothers: A Tale of Two Sons,PS4,2015,Adventure,505 Games,0.03,0.08,0,0.02,0.13
6258,Kobitodzukan: Kobito Kansatsu Set,3DS,2012,Misc,Nippon Columbia,0,0,0.28,0,0.28
5549,"Carnival Games: Monkey See, Monkey Do!",X360,2011,Misc,Take-Two Interactive,0.14,0.16,0,0.03,0.33
5457,Untold Legends: The Warriors Code,PSP,2006,Role-Playing,Ubisoft,0.14,0.12,0,0.08,0.33
10991,FIFA 2001: Major League Soccer,PS2,2000,Sports,Electronic Arts,0,0,0.09,0,0.09
5856,Blazing Heroes,SAT,1995,Role-Playing,Sega,0,0,0.3,0,0.3
5739,Tiny Toon Adventures: The Great Beanstalk,PS,1998,Misc,Sony Computer Entertainment,0.17,0.12,0,0.02,0.31
7013,Rock Band Country Track Pack,X360,2009,Misc,MTV Games,0.22,0,0,0.02,0.23
11037,How to Train Your Dragon 2,WiiU,2014,Adventure,Little Orbit,0.04,0.05,0,0.01,0.09
388,LittleBigPlanet 2,PS3,2011,Platform,Sony Computer Entertainment,1.82,1.07,0.06,0.47,3.42
3638,Daytona USA,SAT,1994,Racing,Sega,0,0,0.55,0,0.55
10103,Fabulous Finds,DS,2009,Puzzle,ValuSoft,0.1,0,0,0.01,0.11
16365,Powerdrome,XB,2004,Racing,Evolved Games,0.01,0,0,0,0.01
13717,Haunted Casino,SAT,1996,Adventure,Societa,0,0,0.04,0,0.04
6068,Sonic & All-Stars Racing Transformed,3DS,2012,Racing,Sega,0.12,0.15,0,0.02,0.29
2587,Super Robot Taisen α,PS,2000,Strategy,Banpresto,0,0,0.75,0.05,0.8
4669,High Rollers Casino,PS2,2004,Misc,Mud Duck Productions,0.2,0.16,0,0.05,0.42
11534,World Series of Poker 2008: Battle for the Bracelets,X360,2007,Misc,Activision,0.06,0.01,0,0.01,0.08
3304,Ganbaru Watashi no Kakei Diary,DS,2007,Misc,Nintendo,0,0,0.61,0,0.61
14215,K-On! After School Live!! HD Ver.,PS3,2012,Action,Sega,0,0,0.03,0,0.03
15418,RollerCoaster Tycoon World,PC,2016,Simulation,Atari,0,0.02,0,0,0.02
7192,Galactic Wrestling: Featuring Ultimate Muscle,PS2,2004,Fighting,Namco Bandai Games,0.03,0.02,0.17,0.01,0.22
13836,SuperCar Challenge,PS3,2009,Racing,System 3 Arcade Software,0,0.03,0,0.01,0.04
6221,Sesame Street: Cookie's Counting Carnival,DS,2010,Misc,Warner Bros. Interactive Entertainment,0.26,0,0,0.02,0.28
16204,Adventure Time: The Secret of the Nameless,X360,2014,Adventure,Little Orbit,0.01,0,0,0,0.01
5647,Street Fighter Alpha 2,SAT,1995,Fighting,Virgin Interactive,0,0,0.32,0,0.32
7225,ECW Hardcore Revolution,N64,2000,Fighting,Acclaim Entertainment,0.18,0.04,0,0,0.22
8073,Trinity Universe,PS3,2009,Role-Playing,Nippon Ichi Software,0.07,0.06,0.03,0.02,0.18
2123,Tom Clancy's Splinter Cell: Blacklist,PS3,2013,Action,Ubisoft,0.34,0.41,0.06,0.18,0.98
369,Spyro 2: Ripto's Rage!,PS,1999,Platform,Sony Computer Entertainment,2.14,1.21,0.01,0.17,3.52
1186,Pro Evolution Soccer 2013,PS3,2012,Sports,Konami Digital Entertainment,0.18,0.64,0.49,0.25,1.56
9739,Summon Night 3,PSP,2012,Role-Playing,Namco Bandai Games,0,0,0.12,0,0.12
15080,Line Rider 2: Unbound,Wii,2008,Puzzle,Deep Silver,0.02,0,0,0,0.02
4536,Petz Bunnyz,DS,2008,Simulation,Ubisoft,0.39,0.01,0,0.03,0.43
11258,SRS: Street Racing Syndicate,GC,2004,Racing,Namco Bandai Games,0.07,0.02,0,0,0.08
7328,Pro Yakyuu Greatest Nine '97,SAT,1997,Sports,Sega,0,0,0.21,0,0.21
6411,NFL Street 3,PSP,2006,Sports,Electronic Arts,0.24,0,0,0.02,0.27
8119,Dark Souls II,PC,2014,Role-Playing,Namco Bandai Games,0.08,0.08,0,0.02,0.18
9623,Burnout,XB,2002,Racing,Acclaim Entertainment,0.09,0.03,0,0,0.13
6160,Godzilla: Domination!,GBA,2002,Fighting,Atari,0.2,0.07,0,0.01,0.28
1682,NHL 2002,PS2,2001,Sports,Electronic Arts,0.59,0.46,0,0.15,1.2
9417,WWE Survivor Series,GBA,2004,Fighting,THQ,0.09,0.04,0,0,0.13
599,Art Academy,DS,2010,Misc,Nintendo,0.28,1.68,0.33,0.28,2.57
1304,Wall-E,DS,2008,Platform,THQ,0.46,0.83,0,0.17,1.46
9734,M&M's Kart Racing,DS,2008,Racing,Zoo Digital Publishing,0.11,0,0,0.01,0.12
7805,Jeep Thrills,Wii,2008,Racing,Zoo Digital Publishing,0.18,0,0,0.01,0.19
10536,DJ Max Fever,PSP,2009,Misc,PM Studios,0.09,0,0,0.01,0.1
13876,Harry Potter and the Order of the Phoenix,PC,2007,Action,Electronic Arts,0,0.03,0,0.01,0.04
4992,Cabela's Dangerous Hunts 2009,Wii,2008,Sports,Activision Value,0.36,0,0,0.03,0.38
13472,Tomoyo After: It's a Wonderful Life CS Edition,PSP,2009,Adventure,Prototype,0,0,0.04,0,0.04
6595,MTX Mototrax,PS2,2004,Racing,Activision,0.13,0.1,0,0.03,0.26
2734,WWE SmackDown vs. Raw 2009,PSP,2008,Fighting,THQ,0.41,0.21,0,0.14,0.75
9634,Aikatsu! 365 Idol Days,3DS,2014,Adventure,Namco Bandai Games,0,0,0.13,0,0.13
9958,Tokyo Twilight Ghost Hunters,PSV,2014,Role-Playing,Aksys Games,0.06,0.01,0.02,0.02,0.12
12555,Rooms: The Main Building,Wii,2010,Adventure,Hudson Soft,0.06,0,0,0,0.06
12747,"Hisshou Pachinko*Pachi-Slot Kouryaku Series Vol. 11: Shinseiki Evangelion - Magokoro o, Kimi ni",PS2,2007,Misc,D3Publisher,0,0,0.06,0,0.06
378,FIFA Soccer 2004,PS2,N/A,Sports,Electronic Arts,0.59,2.36,0.04,0.51,3.49
11146,The Ant Bully,Wii,2006,Platform,Midway Games,0.08,0,0,0.01,0.09
8709,Jurassic Park: The Game,X360,N/A,Action,Unknown,0.15,0,0,0.01,0.16
3821,Wayne Gretzky's 3D Hockey,N64,1996,Sports,Nintendo,0.49,0.03,0,0,0.53
9355,Baseball Advance,GBA,2002,Sports,Sega,0.1,0.04,0,0,0.13
6506,TouchMaster 3(Others sales),DS,2009,Puzzle,Warner Bros. Interactive Entertainment,0,0.24,0,0.02,0.26
7639,Nobunaga no Yabou: Reppuuden,PS,1999,Strategy,Tecmo Koei,0,0,0.19,0.01,0.2
1985,Sonic the Hedgehog,X360,2006,Platform,Sega,0.44,0.49,0,0.11,1.05
9039,Disney Infinity 2.0: Marvel Super Heroes,PSV,2015,Action,Disney Interactive Studios,0,0.11,0,0.03,0.14
12531,I Love Beauty: Hollywood Makeover,DS,2009,Misc,City Interactive,0.06,0,0,0,0.06
4676,NBA Jam,PS2,2003,Sports,Acclaim Entertainment,0.2,0.16,0,0.05,0.41
14173,Criminal Girls 2,PSV,2015,Role-Playing,Nippon Ichi Software,0,0,0.03,0,0.03
1947,Simple 1500 Series Vol. 1: The Mahjong,PS,1998,Misc,D3Publisher,0,0,0.99,0.07,1.06
3729,NHL 14,X360,2013,Sports,Electronic Arts,0.4,0.1,0,0.04,0.54
279,Frogger,PS,1997,Action,Hasbro Interactive,3.79,0.27,0,0.11,4.16
12450,Hisshou Pachinko*Pachi-Slot Kouryaku Series Portable Vol. 1: Shinseiki Evangelion - Tamashii no Kiseki,PSP,2010,Misc,D3Publisher,0,0,0.06,0,0.06
14625,The Croods: Prehistoric Party!,WiiU,2013,Misc,D3Publisher,0.01,0.01,0,0,0.03
13336,Cabela's African Safari,PSP,2006,Sports,Activision Value,0.04,0,0,0,0.05
11028,Spectral Force Genesis,DS,2008,Role-Playing,Nobilis,0.08,0,0.01,0.01,0.09
32,Call of Duty: Black Ops,X360,2010,Shooter,Activision,9.67,3.73,0.11,1.13,14.64
2557,NCAA Football 10,PS3,2009,Sports,Electronic Arts,0.75,0,0,0.06,0.81
1580,Ratatouille,DS,2007,Action,THQ,0.5,0.62,0,0.14,1.26
14917,Stronghold 2 Deluxe,PC,2005,Strategy,Take-Two Interactive,0,0.02,0,0,0.02
781,PES 2009: Pro Evolution Soccer,PS3,2008,Sports,Konami Digital Entertainment,0.11,1.34,0.4,0.26,2.11
13278,American Chopper 2: Full Throttle,XB,2005,Racing,Zoo Digital Publishing,0.04,0.01,0,0,0.05
10765,Watchmen: The End is Nigh Part 1 & 2,X360,2009,Action,Warner Bros. Interactive Entertainment,0.09,0,0,0.01,0.1
11078,Action Man-Operation Extreme,PS,N/A,Action,N/A,0.05,0.03,0,0.01,0.09
3930,NBA 2K11,Wii,2010,Action,Take-Two Interactive,0.47,0.01,0,0.03,0.51
6477,Prison Break: The Conspiracy,PS3,2010,Action,Deep Silver,0.05,0.16,0,0.05,0.26
12155,Future Tactics: The Uprising,PS2,2004,Strategy,Crave Entertainment,0.03,0.03,0,0.01,0.07
1816,Pokémon Mystery Dungeon: Red Rescue Team (US weekly sales),GBA,2005,Role-Playing,Nintendo,0.81,0.3,0,0.02,1.13
14640,Sokukoku no Kusabi: Hiiro no Kakera 3 Portable,PSP,2010,Adventure,Idea Factory,0,0,0.03,0,0.03
7185,Hidden Mysteries: Buckingham Palace,DS,2010,Puzzle,Avanquest,0.13,0.07,0,0.02,0.22
377,Clubhouse Games,DS,2006,Misc,Nintendo,0.59,1.83,0.73,0.35,3.5
16315,Fuun Shinsengumi Bakumatsuden Portable,PSP,2009,Action,From Software,0.01,0,0,0,0.01
12508,Olympic Hockey 98,N64,1998,Sports,GT Interactive,0.05,0.01,0,0,0.06
5562,Etrian Odyssey III: The Drowned City,DS,2010,Role-Playing,Atlus,0.13,0,0.19,0.01,0.33
7692,Resident Evil: Revelations,WiiU,2013,Action,Capcom,0.07,0.08,0.03,0.01,0.2
1521,EA Playground,Wii,2007,Sports,Electronic Arts,0.69,0.48,0,0.13,1.3
1771,Call of Duty 4: Modern Warfare,PC,2007,Shooter,Activision,0,1.12,0,0.03,1.15
6017,Angry Birds Star Wars,X360,2013,Strategy,Activision,0.16,0.11,0,0.03,0.29
8780,Get On Da Mic,PS2,2004,Misc,Eidos Interactive,0.07,0.06,0,0.02,0.15
11880,Stacked with Daniel Negreanu,PS2,2006,Misc,Myelin Media,0.04,0.03,0,0.01,0.07
11952,Bleach: Heat the Soul 3,PSP,2006,Fighting,Sony Computer Entertainment,0,0,0.07,0,0.07
8450,Senran Kagura: Estival Versus,PS4,2015,Action,Marvelous Interactive,0.07,0,0.08,0.02,0.17
5563,LEGO The Lord of the Rings,PSV,2012,Action,Warner Bros. Interactive Entertainment,0.1,0.15,0,0.07,0.33
5810,A Collection of Classic Games from the Intellivision,PS,1999,Misc,Activision,0.17,0.12,0,0.02,0.31
10272,Backyard Baseball '10,Wii,2009,Sports,Atari,0.1,0,0,0.01,0.11
11526,Sentimental Graffiti: First Window,SAT,1997,Adventure,NEC Interchannel,0,0,0.08,0,0.08
15719,Nil Admirari no Tenbin: Teito Genwaku Toukidan,PSV,2016,Adventure,Idea Factory,0,0,0.02,0,0.02
402,Assassin's Creed IV: Black Flag,X360,2013,Action,Ubisoft,1.9,1.14,0.01,0.29,3.34
4525,2010 FIFA World Cup South Africa,Wii,2010,Sports,Electronic Arts,0.23,0.15,0.01,0.04,0.43
5732,Jampack: Summer 2003 (RP-M),PS2,2003,Misc,Sony Computer Entertainment,0.15,0.12,0,0.04,0.31
15754,Let's Yoga!,DS,2007,Misc,Konami Digital Entertainment,0,0,0.02,0,0.02
8771,The Terminator: Dawn of Fate,XB,2002,Action,Atari,0.11,0.03,0,0.01,0.15
4085,Dead Space Extraction,Wii,2009,Shooter,Electronic Arts,0.33,0.11,0.01,0.04,0.48
13344,Chocobo to Mahou no Ehon: Majo to Shoujo to 5-Jin no Yuusha,DS,2008,Role-Playing,Square Enix,0,0,0.05,0,0.05
10147,Dora's Big Birthday Adventure,Wii,2010,Misc,Take-Two Interactive,0.1,0.01,0,0.01,0.11
14801,Archer Maclean Presents: Pool Paradise,GC,2004,Sports,Ignition Entertainment,0.02,0.01,0,0,0.03
93,Star Wars Battlefront (2015),PS4,2015,Shooter,Electronic Arts,2.93,3.29,0.22,1.23,7.67
3453,Trivial Pursuit,Wii,2009,Misc,Electronic Arts,0.21,0.31,0,0.07,0.58
16020,Unreal Tournament 2003,PC,2002,Shooter,Atari,0,0.01,0,0,0.01
10874,MotoGP,XB,2002,Racing,THQ,0.07,0.02,0,0,0.09
7732,NHL FaceOff 2001,PS2,2001,Sports,Sony Computer Entertainment,0.1,0.07,0,0.02,0.2
624,NBA 2K13,PS3,2012,Sports,Take-Two Interactive,1.72,0.44,0.05,0.27,2.48
8509,Doctor Lautrec and the Forgotten Knights,3DS,2011,Adventure,Konami Digital Entertainment,0.07,0.05,0.03,0.01,0.16
13556,Yowamushi Pedal,3DS,2015,Action,Namco Bandai Games,0,0,0.04,0,0.04
4880,Just Dance 2014,PS3,2013,Misc,Ubisoft,0.17,0.15,0,0.07,0.39
10521,God Eater 2: Rage Burst,PS4,2015,Role-Playing,Namco Bandai Games,0,0.01,0.09,0,0.1
4742,Call of Duty: Advanced Warfare,PC,2014,Shooter,Activision,0.14,0.23,0,0.04,0.41
2969,The Last Remnant,X360,2008,Role-Playing,Square Enix,0.25,0.2,0.18,0.06,0.69
10572,RLH: Run Like Hell,PS2,2002,Shooter,Virgin Interactive,0.05,0.04,0,0.01,0.1
10821,Playboy: The Mansion,XB,2005,Simulation,Ubisoft,0.07,0.02,0,0,0.09
11821,Sigma Harmonics,DS,2008,Role-Playing,Square Enix,0,0,0.07,0,0.07
3435,Backyard NBA Basketball,PS2,2003,Sports,Atari,0.29,0.22,0,0.07,0.59
8130,Tiger Woods PGA Tour 2004,GBA,2003,Sports,Electronic Arts,0.13,0.05,0,0,0.18
11841,Winning Post 7 2012,PS3,2012,Sports,Ackkstudios,0,0,0.07,0,0.07
14778,Strike Witches: Aoi no Dengekisen - Shin Taichou Funtousuru!,DS,2009,Action,Russel,0,0,0.03,0,0.03
5905,Eternal Ring,PS2,2000,Role-Playing,Ubisoft,0.1,0.07,0.1,0.03,0.3
12855,Miracle Girls Festival,PSV,2015,Misc,Sega,0,0,0.05,0,0.05
6157,Mega Man: Dr. Wily's Revenge,GB,1991,Platform,Nintendo,0,0,0.28,0,0.28
2013,WipEout Pure,PSP,2005,Racing,Sony Computer Entertainment,0.47,0.34,0,0.22,1.04
10734,Pinball Hall of Fame: The Williams Collection,3DS,2011,Misc,Crave Entertainment,0.09,0,0,0.01,0.1
7414,Monopoly,N64,1999,Misc,Hasbro Interactive,0.17,0.04,0,0,0.21
8552,Wakeboarding Unleashed Featuring Shaun Murray,PS2,2003,Sports,Activision,0.08,0.06,0,0.02,0.16
2425,The Legendary Starfy,DS,2008,Platform,Nintendo,0.61,0,0.2,0.05,0.86
14356,Montessori Music,DS,2008,Misc,Oxygen Interactive,0.01,0.02,0,0,0.03
10684,Star Wars: Lethal Alliance,DS,2006,Action,Ubisoft,0.08,0.01,0,0.01,0.1
12021,Crimson Sea 2,PS2,2004,Action,Tecmo Koei,0.03,0.03,0,0.01,0.07
10442,F1 Career Challenge,PS2,2003,Racing,Electronic Arts,0.05,0.04,0,0.01,0.1
3521,SpongeBob SquarePants featuring Nicktoons: Globs of Doom,DS,2008,Action,THQ,0.53,0,0,0.04,0.57
356,Cooking Mama 2: Dinner With Friends,DS,2007,Simulation,505 Games,1.61,1.5,0.1,0.39,3.61
3182,Lemony Snicket's A Series of Unfortunate Events,PS2,2004,Platform,Activision,0.31,0.24,0,0.08,0.64
6054,Transformers: Dark of the Moon,X360,2011,Action,Activision,0.13,0.13,0,0.03,0.29
953,Kirby: Triple Deluxe,3DS,2014,Platform,Nintendo,0.61,0.34,0.79,0.09,1.82
16176,Tactics Layer: Ritina Guard Senki,DS,2009,Strategy,D3Publisher,0,0,0.01,0,0.01
4890,Viking: Battle for Asgard,PS3,2008,Action,Sega,0.14,0.18,0,0.07,0.39
10395,Toukiden 2,PSV,2016,Action,Tecmo Koei,0,0,0.11,0,0.11
15347,Airport Simulator,PC,2011,Simulation,Unknown,0,0.02,0,0,0.02
1371,LEGO Star Wars: The Video Game,GC,2005,Action,Eidos Interactive,1.09,0.28,0,0.04,1.41
7713,X-Men Origins: Wolverine,DS,2009,Action,Activision,0.15,0.03,0,0.02,0.2
6875,Rock Band Track Pack Volume 2,Wii,2008,Misc,MTV Games,0.21,0.02,0,0.02,0.24
14809,Cake Mania: Baker's Challenge,PS2,2008,Puzzle,Destineer,0.01,0.01,0,0,0.03
12923,Black Sigil: Blade of the Exiled,DS,2009,Role-Playing,Graffiti,0.05,0,0,0,0.05
4939,Jampack Winter 2003 (RP-T),PS2,2003,Misc,Sony Computer Entertainment,0.19,0.15,0,0.05,0.39
8934,SNK Arcade Classics Vol. 1,PSP,2008,Misc,Ignition Entertainment,0.13,0,0.01,0.01,0.15
16533,Sébastien Loeb Rally Evo,XOne,2016,Racing,Milestone S.r.l,0,0.01,0,0,0.01
15592,Peggle Nights,PC,2008,Puzzle,PopCap Games,0,0.01,0,0,0.02
3180,Donkey Kong Barrel Blast,Wii,2007,Racing,Nintendo,0.2,0.26,0.11,0.06,0.64
9399,Army Men: Green Rogue,PS2,2001,Action,3DO,0.06,0.05,0,0.02,0.13
6623,NASCAR 09,X360,2008,Racing,Electronic Arts,0.23,0,0,0.02,0.25
14006,Sudoku Ball Detective,Wii,2009,Puzzle,Playlogic Game Factory,0.02,0.01,0,0,0.04
8729,"Warhammer 40,000: Fire Warrior",PS2,2003,Shooter,THQ,0.08,0.06,0,0.02,0.15
12657,The Saboteur,PC,2009,Action,Electronic Arts,0,0.05,0,0.01,0.06
11026,Hello Kitty's Cube Frenzy,PS,1998,Puzzle,Culture Publishers,0.05,0.03,0,0.01,0.09
6878,Harry Potter and the Deathly Hallows - Part 2,DS,2011,Action,Electronic Arts,0.12,0.1,0,0.02,0.24
11228,Ys I & II Chronicles,PSP,2009,Role-Playing,Falcom Corporation,0.05,0,0.03,0.01,0.09
14943,The Settlers: Rise of an Empire,PC,2007,Strategy,Ubisoft,0.01,0.01,0,0,0.02
8150,Mercury Meltdown Revolution,Wii,2007,Action,Ignition Entertainment,0.16,0,0,0.01,0.18
15313,Dungeons & Dragons: Shadow over Mystara,PS3,2013,Role-Playing,Capcom,0,0,0.02,0,0.02
310,MotorStorm,PS3,2006,Racing,Sony Computer Entertainment,1.53,1.61,0.06,0.67,3.88
4902,The House of The Dead III,XB,2002,Shooter,Sega,0.29,0.08,0,0.01,0.39
3293,Disney Sing It: Family Hits,Wii,2010,Misc,Disney Interactive Studios,0.39,0.18,0,0.05,0.61
15934,Hummer Badlands,XB,2006,Racing,Global Star,0.01,0,0,0,0.02
1823,Final Fantasy XIV: A Realm Reborn,PS3,2013,Role-Playing,Square Enix,0.36,0.33,0.28,0.15,1.12
8056,Atari Anniversary Advance,GBA,2002,Misc,Atari,0.13,0.05,0,0,0.18
15097,DiRT,PC,2007,Racing,Codemasters,0,0.02,0,0,0.02
9109,Yu-Gi-Oh! Monster Capture GB,GB,2000,Role-Playing,Konami Digital Entertainment,0,0,0.14,0,0.14
9918,Don Bradman Cricket 14,PS4,2015,Sports,Tru Blu Entertainment,0.01,0.09,0,0.02,0.12
13911,Adidas Power Soccer,PS,1996,Sports,Psygnosis,0.02,0.01,0,0,0.04
9516,BlazBlue: Continuum Shift II,PSP,2011,Fighting,PQube,0.03,0.02,0.07,0.01,0.13
14397,Airship Q,PSV,2015,Platform,Cygames,0,0,0.03,0,0.03
14597,Metal Dungeon,XB,2002,Role-Playing,Xicat Interactive,0.02,0.01,0,0,0.03
4700,Destiny: The Taken King,PS3,2015,Shooter,Activision,0.16,0.17,0.02,0.06,0.41
15783,Reine des Fleurs,PSV,2015,Action,Idea Factory,0,0,0.02,0,0.02
10133,Pocket Pets,DS,2007,Simulation,O3 Entertainment,0.1,0,0,0.01,0.11
14953,Virtua Tennis: World Tour (jp sales),PSP,2005,Sports,Sega,0,0,0.02,0,0.02
15898,Enemy Territory: Quake Wars,PC,2007,Shooter,Activision,0.01,0,0,0,0.02
12376,Unchained Blades,PSP,2011,Role-Playing,FuRyu,0,0,0.06,0,0.06
513,Skylanders: Spyro's Adventure,Wii,2011,Action,Activision,1.4,1.14,0,0.31,2.85
2263,Disney Magical World,3DS,2013,Adventure,Nintendo,0.16,0.2,0.53,0.03,0.92
3203,Taiko no Tatsujin: Chibi Dragon to Fushigi na Orb,3DS,2012,Misc,Namco Bandai Games,0,0,0.63,0,0.63
1013,Cooking Mama 3: Shop & Chop,DS,2009,Simulation,505 Games,0.83,0.66,0.08,0.18,1.75
12082,Ken to Mahou to Gakuen Mono. 3,PS3,2010,Role-Playing,Acquire,0,0,0.07,0,0.07
2374,GRID,X360,2008,Racing,Codemasters,0.33,0.44,0.01,0.09,0.88
14124,Care Bears - Care Quest,GBA,2005,Action,Game Factory,0.02,0.01,0,0,0.03
14452,Keshisasu-Kun: Battle Kas-tival,DS,2010,Action,Konami Digital Entertainment,0,0,0.03,0,0.03
5523,Elebits,Wii,2006,Action,Konami Digital Entertainment,0.22,0.01,0.08,0.02,0.33
2024,Tomb Raider,PC,1996,Action,Eidos Interactive,0.96,0.07,0,0,1.03
3481,Contra: Shattered Soldier,PS2,2002,Shooter,Konami Digital Entertainment,0.28,0.22,0,0.07,0.58
2994,Bushido Blade 2,PS,1998,Fighting,SquareSoft,0.25,0.17,0.22,0.04,0.68
6380,Final Fantasy XI: Ultimate Collection,X360,2009,Role-Playing,Square Enix,0.25,0,0,0.02,0.27
13369,Super Bubble Pop,GC,2003,Puzzle,Jaleco,0.04,0.01,0,0,0.05
2905,NHL 12,X360,2011,Sports,Electronic Arts,0.55,0.1,0,0.05,0.7
13153,Need for Speed Carbon,PC,2006,Racing,Electronic Arts,0,0.04,0,0.01,0.05
10224,Vigilante 8: 2nd Offense,N64,2000,Racing,Activision,0.09,0.02,0,0,0.11
11176,Chou Jigen Game Neptune Mk-II,PS3,2011,Role-Playing,Compile Heart,0,0,0.09,0,0.09
15519,Battle Spirits: Kiseki no Hasha,PSP,2009,Role-Playing,Namco Bandai Games,0,0,0.02,0,0.02
13,Pokemon Gold/Pokemon Silver,GB,1999,Role-Playing,Nintendo,9,6.18,7.2,0.71,23.1
609,Crazy Taxi,PS2,2001,Racing,Acclaim Entertainment,1.13,1.12,0.06,0.22,2.52
1594,Black,PS2,2006,Shooter,Electronic Arts,1.01,0.04,0.03,0.16,1.25
9471,NBA Ballers: Chosen One,PS3,2008,Sports,Midway Games,0.12,0,0,0.01,0.13
7724,Predator: Concrete Jungle,PS2,2005,Action,Vivendi Games,0.1,0.07,0,0.03,0.2
7490,Need for Speed Carbon: Own the City,DS,2006,Racing,Electronic Arts,0.17,0.02,0,0.02,0.21
11951,Totaled!,XB,2002,Racing,Rage Software,0.05,0.02,0,0,0.07
12924,Tour de France 2011,X360,N/A,Racing,Focus Home Interactive,0,0.05,0,0.01,0.05
10549,Urban Chaos,PS,1999,Action,Eidos Interactive,0.06,0.04,0,0.01,0.1
16148,Mystery Legends: Beauty and the Beast,PC,2012,Puzzle,Focus Multimedia,0,0.01,0,0,0.01
11477,Bust-A-Move 2 Arcade Edition,N64,1997,Puzzle,Acclaim Entertainment,0.06,0.02,0,0,0.08
1047,Need for Speed Underground,XB,2003,Racing,Electronic Arts,1.09,0.55,0,0.07,1.71
2035,Final Fight 2,SNES,1993,Action,Capcom,0.39,0.12,0.49,0.02,1.02
13657,Phantom Kingdom Portable,PSP,2011,Role-Playing,Nippon Ichi Software,0,0,0.04,0,0.04
862,Spyro: Enter the Dragonfly,PS2,2002,Platform,Universal Interactive,0.74,0.95,0,0.28,1.97
8090,Bad Boys: Miami Takedown,XB,2004,Shooter,Empire Interactive,0.14,0.04,0,0.01,0.18
6674,UEFA Euro 2008 Austria-Switzerland,PSP,2008,Sports,Electronic Arts,0.06,0.13,0,0.06,0.25
8961,Shin Chan: ¡Aventuras de Cine!,DS,2008,Platform,505 Games,0,0,0.15,0,0.15
3901,Virtual Pool,PS,1997,Sports,Interplay,0.28,0.19,0,0.03,0.51
9748,MotoGP 14,PS3,2014,Racing,Milestone S.r.l.,0.04,0.06,0,0.02,0.12
2337,Fire Emblem: The Sacred Stones,GBA,2004,Strategy,Nintendo,0.42,0.16,0.3,0.02,0.89
10413,Cabela's Dangerous Hunts 2,XB,2005,Sports,Activision,0.08,0.02,0,0,0.11
6056,GRID 2,X360,2013,Racing,Codemasters,0.08,0.17,0,0.03,0.29
14869,A Ressha de Gyoukou 2001,PS2,2001,Simulation,ArtDink,0,0,0.03,0,0.03
2309,Sonic Heroes,XB,2003,Platform,Sega,0.41,0.43,0.01,0.05,0.9
11754,Hakuouki DS,DS,2010,Adventure,Idea Factory,0,0,0.07,0,0.07
8712,Putty Squad,PS4,2013,Platform,System 3,0.06,0.07,0,0.02,0.16
2128,Tamagotchi Connection: Corner Shop 2,DS,2006,Simulation,Namco Bandai Games,0.09,0.02,0.86,0.01,0.98
7701,Ore no Shikabane o Koete Yuke,PSP,2011,Role-Playing,Sony Computer Entertainment,0,0,0.2,0,0.2
9950,Tales of Destiny 2,PSP,2007,Role-Playing,Namco Bandai Games,0,0,0.12,0,0.12
14745,Jewel Quest 5: The Sleepless Star,DS,2012,Action,Licensed 4U,0,0.02,0,0,0.03
14476,Combat Elite: WWII Paratroopers,XB,N/A,Shooter,Unknown,0.02,0.01,0,0,0.03
14864,Capcom Digital Collection,X360,2012,Action,Capcom,0.02,0.01,0,0,0.03
3014,The Darkness,PS3,2007,Shooter,Take-Two Interactive,0.2,0.34,0,0.13,0.67
13489,Nobunaga's Ambition: Sphere of Influence - Sengoku Risshiden,PS4,2016,Misc,Tecmo Koei,0,0,0.04,0,0.04
8415,Gauntlet: Dark Legacy,XB,2002,Action,Midway Games,0.13,0.04,0,0.01,0.17
9291,Dragon Age Origins: Awakening,PC,2010,Role-Playing,Electronic Arts,0.01,0.1,0,0.02,0.14
4897,Mobile Suit Gundam: Lost War Chronicles,PS2,2002,Shooter,Namco Bandai Games,0,0,0.39,0,0.39
15454,UFO: Trilogy,PC,2007,Strategy,Unknown,0,0.02,0,0,0.02
7441,Solatorobo: Red the Hunter,DS,2010,Role-Playing,Nintendo,0.08,0.04,0.07,0.01,0.21
14111,Gekiatsu!! Pachi Game Tamashi: CR Evangelion - Hajimari no Fukuin,PS3,2010,Misc,Unknown,0,0,0.03,0,0.03
6497,Final Fantasy Crystal Chronicles: Echoes of Time,Wii,2009,Role-Playing,Square Enix,0.13,0.06,0.05,0.02,0.26
2389,NCAA Football 13,PS3,2012,Action,Electronic Arts,0.82,0,0,0.06,0.87
11665,Pitfall: The Lost Expedition,GC,2004,Platform,Activision,0.06,0.02,0,0,0.08
5662,Derby Stallion DS,DS,2008,Sports,Enterbrain,0,0,0.32,0,0.32
4174,Petz Sports,Wii,2008,Simulation,Ubisoft,0.42,0.01,0,0.04,0.47
2087,Littlest Pet Shop: Winter,DS,2008,Simulation,Electronic Arts,0.59,0.31,0,0.1,0.99
91,Grand Theft Auto: Liberty City Stories,PSP,2005,Action,Take-Two Interactive,2.9,2.83,0.24,1.75,7.72
8048,Fear Effect 2: Retro Helix,PS,2001,Action,Eidos Interactive,0.1,0.07,0,0.01,0.18
8364,Marble Saga: Kororinpa,Wii,2009,Puzzle,Konami Digital Entertainment,0.1,0.06,0,0.02,0.17
6299,EyePet,PSP,2010,Simulation,Sony Computer Entertainment,0.02,0.17,0,0.09,0.27
9106,Pirates: The Legend of Black Kat,PS2,2002,Adventure,Electronic Arts,0.07,0.05,0,0.02,0.14
9839,Gungnir: Mayari no Gunshin to Eiyuu Sensou,PSP,2011,Role-Playing,Atlus,0.07,0,0.04,0.01,0.12
11632,Ultimate Duck Hunting,Wii,2009,Sports,Zoo Digital Publishing,0.07,0,0,0.01,0.08
5233,James Bond 007: Legends,PS3,2012,Shooter,Activision,0.11,0.17,0,0.07,0.36
5182,Valkyrie Profile: Lenneth,PSP,2006,Role-Playing,Square Enix,0.17,0.01,0.16,0.02,0.36
4360,God Eater 2,PSV,2013,Role-Playing,Namco Bandai Games,0,0,0.45,0,0.45
13609,Super Robot Taisen OG Infinite Battle,PS3,2013,Fighting,Namco Bandai Games,0,0,0.04,0,0.04
8650,Trivial Pursuit: Bet You Know It,Wii,2011,Misc,Electronic Arts,0.1,0.04,0,0.01,0.16
13303,Company of Heroes,PC,2006,Strategy,THQ,0,0.04,0,0.01,0.05
15300,Tsuyo Kiss 2 Portable,PSP,2010,Adventure,NetRevo,0,0,0.02,0,0.02
5481,Jeanne d'Arc,PSP,2006,Role-Playing,Sony Computer Entertainment,0.21,0,0.1,0.02,0.33
11619,Backyard NFL Football '09,DS,2008,Sports,Atari,0.07,0,0,0.01,0.08
3852,PlayStation All-Stars Battle Royale,PSV,2012,Action,Sony Computer Entertainment,0.26,0.15,0.01,0.1,0.52
15064,Mage Knight: Destiny's Soldier,DS,2006,Strategy,Namco Bandai Games,0.02,0,0,0,0.02
15633,Robopon 2: Cross Version,GBA,2001,Role-Playing,Hudson Entertainment,0.01,0,0,0,0.02
7467,Barbie Fashion Show: An Eye for Style,DS,2008,Misc,Activision,0.19,0,0,0.02,0.21
15665,Castle Shikigami 2,PS2,2004,Shooter,Play It,0.01,0.01,0,0,0.02
15423,Pump It Up: Exceed,XB,2005,Misc,Mastiff,0.01,0,0,0,0.02
15957,IHRA Drag Racing: Sportsman Edition,XB,2006,Racing,Bethesda Softworks,0.01,0,0,0,0.02
13654,Doki Doki! PreCure Narikiri Life!,3DS,2013,Action,Namco Bandai Games,0,0,0.04,0,0.04
5771,Star Wars Jedi Knight II: Jedi Outcast,XB,N/A,Shooter,Activision,0.23,0.07,0,0.01,0.31
11568,The Voice,X360,2014,Action,Activision,0.07,0,0,0.01,0.08
5286,Cabela's Dangerous Hunts,XB,2003,Sports,Zoo Digital Publishing,0.26,0.08,0,0.01,0.35
12123,Katekyoo Hitman Reborn! DS: Fate of Heat - Hono no Unmei,DS,2008,Role-Playing,Takara Tomy,0,0,0.07,0,0.07
9146,Your Shape: Fitness Evolved 2013,WiiU,2012,Action,Ubisoft,0.06,0.07,0,0.01,0.14
16320,Touch Detective 3: Does Funghi Dream of Bananas?,3DS,2014,Adventure,Success,0,0,0.01,0,0.01
14731,MySims,PC,2008,Simulation,Electronic Arts,0,0.02,0,0,0.03
16185,Princess Arthur,PSP,2013,Misc,Idea Factory,0,0,0.01,0,0.01
10119,John Daly's ProStroke Golf,PS3,2010,Sports,O-Games,0.09,0.02,0,0.01,0.11
9931,Harukanaru Augusta 2: Masters,SNES,1993,Sports,T&E Soft,0,0,0.12,0,0.12
3265,Strike Force Bowling,PS2,2004,Sports,Play It,0.3,0.24,0,0.08,0.62
5740,Foto Frenzy: Spot The Diffrence,DS,2009,Puzzle,Storm City Games,0.29,0,0,0.02,0.31
11404,Gintama Gin-Oh Quest: Gin-San ga Tenshoku Shitari Sekai wo Sukuttari,DS,2007,Role-Playing,Banpresto,0,0,0.08,0,0.08
1958,Dora the Explorer: Dora Saves the Mermaids,DS,2007,Platform,Take-Two Interactive,0.97,0.01,0,0.08,1.06
11997,Ant Nation,DS,2009,Simulation,Konami Digital Entertainment,0.06,0.01,0,0.01,0.07
860,Dragon Age: Inquisition,PS4,2014,Role-Playing,Electronic Arts,0.72,0.86,0.08,0.32,1.97
9913,Barbie as The Island Princess,PS2,2007,Adventure,Activision,0.06,0.04,0,0.02,0.12
10184,ATV Quad Kings,DS,2010,Racing,Storm City Games,0.1,0,0,0.01,0.11
9986,Dorabase 2: Nettou Ultra Stadium,DS,2009,Sports,Namco Bandai Games,0,0,0.12,0,0.12
13534,Doko Demo Issho: Let's Gakkou!,PSP,2006,Misc,Sony Computer Entertainment,0,0,0.04,0,0.04
4313,2 Games in 1: SpongeBob SquarePants: SuperSponge & Rugrats Go Wild,GBA,2005,Platform,THQ,0.33,0.12,0,0.01,0.45
7389,Senran Kagura 2: Deep Crimson,3DS,2014,Action,Marvelous Entertainment,0.09,0.03,0.08,0.01,0.21
12288,Ikki Tousen: Xross Impact,PSP,2010,Action,Marvelous Interactive,0,0,0.06,0,0.06
2305,TouchMaster 2,DS,2008,Puzzle,Midway Games,0.3,0.49,0,0.1,0.9
15473,Agatha Christie: The ABC Murders,PC,2016,Adventure,Microids,0,0.02,0,0,0.02
9504,MLB 13: The Show,PSV,2013,Sports,Sony Computer Entertainment,0.11,0,0,0.02,0.13
10369,Big League Sports: Summer,DS,2009,Sports,Activision,0.1,0,0,0.01,0.11
3198,Tony Hawk's Project 8,PS3,2006,Sports,Activision,0.3,0.23,0.01,0.1,0.63
3207,DJ Hero 2,Wii,2010,Misc,Activision,0.49,0.09,0,0.04,0.63
16135,Festa!! Hyper Girls Party,PS2,2006,Adventure,KID,0,0,0.01,0,0.01
13214,Wicked Monster Blast!,Wii,2011,Shooter,PQube,0.04,0,0,0,0.05
1688,Nuclear Strike,PS,1997,Simulation,Electronic Arts,0.66,0.45,0,0.08,1.19
1397,Dynasty Warriors 5,PS2,2005,Action,Tecmo Koei,0.24,0.18,0.91,0.06,1.39
7998,The Lord of the Rings: War in the North,PC,2011,Action,Warner Bros. Interactive Entertainment,0.04,0.11,0,0.03,0.18
7836,Mahjong: Journey Quest for Tikal,DS,2008,Puzzle,Rondomedia,0.15,0.03,0,0.01,0.19
1129,Sonic Generations,PS3,2011,Platform,Sega,0.6,0.73,0.02,0.28,1.63
1135,Rock Band,PS3,N/A,Misc,Electronic Arts,0.99,0.41,0,0.22,1.62
13577,Red Ninja: End of Honor,PS2,2005,Action,Vivendi Games,0.02,0.02,0,0.01,0.04
12932,Teenage Mutant Ninja Turtles: Mutants in Manhattan,PS3,2016,Action,Activision,0.01,0.03,0,0.01,0.05
1872,Star Wars: The Force Unleashed,PSP,2008,Action,LucasArts,0.43,0.41,0,0.25,1.09
10857,PhotoKano,PSP,2012,Adventure,Kadokawa Shoten,0,0,0.09,0,0.09
2705,The Lord of the Rings: Conquest,PS3,2009,Action,Electronic Arts,0.38,0.26,0,0.12,0.76
14044,Bratz Kidz,DS,2008,Misc,Game Factory,0.03,0,0,0,0.04
3048,NHL 13,X360,2012,Sports,Electronic Arts,0.51,0.11,0,0.05,0.67
16222,Thunder Alley,GBA,2004,Racing,XS Games,0.01,0,0,0,0.01
11650,Super Robot Taisen Z Special Disc,PS2,2009,Misc,Namco Bandai Games,0,0,0.08,0,0.08
198,Grand Theft Auto V,XOne,2014,Action,Take-Two Interactive,2.66,2.01,0,0.41,5.08
5063,Hangman,2600,N/A,Puzzle,Atari,0.35,0.02,0,0,0.38
12894,Jissen Pachislot Hisshouhou! Hokuto no Ken DS SE,DS,2006,Misc,Sega,0,0,0.05,0,0.05
11960,Vanguard Bandits,PS,1998,Strategy,Human Entertainment,0.04,0.03,0,0,0.07
9514,Tom Clancy's Splinter Cell: Double Agent,Wii,2006,Action,Ubisoft,0.1,0.01,0,0.01,0.13
11036,Last Rebellion,PS3,2010,Role-Playing,Nippon Ichi Software,0.06,0.01,0.01,0.01,0.09
15645,Blazing Souls,PS2,2006,Role-Playing,Idea Factory,0,0,0.02,0,0.02
9280,LEGO Island Xtreme Stunts,GBA,2002,Racing,LEGO Media,0.1,0.04,0,0,0.14
7266,Full Auto,X360,2006,Shooter,Sega,0.19,0.01,0,0.02,0.22
10122,BloodRayne,GC,2002,Shooter,Universal Interactive,0.09,0.02,0,0,0.11
12175,My Amusement Park,DS,2010,Misc,Scholastic Inc.,0.06,0,0,0,0.07
4177,Valkyrie Profile 2: Silmeria,PS2,2006,Role-Playing,Square Enix,0.04,0.03,0.39,0.01,0.47
2444,Burnout Legends,PSP,2005,Racing,Electronic Arts,0.7,0.06,0,0.09,0.85
7465,Marvel Super Hero Squad: Comic Combat,PS3,2011,Action,THQ,0.11,0.07,0,0.03,0.21
10698,Code Lyoko: Quest for Infinity,Wii,2007,Action,Game Factory,0.07,0.02,0,0.01,0.1
5435,MXRider,PS2,2001,Racing,Atari,0.16,0.13,0,0.04,0.34
6420,Super Collapse! 3,DS,2007,Puzzle,Mumbo Jumbo,0.25,0,0,0.02,0.27
8250,The King of Fighters '97,PS,1998,Fighting,SNK,0,0,0.16,0.01,0.17
14412,Suggoi! Arcana Heart 2,PS2,2009,Fighting,AQ Interactive,0,0,0.03,0,0.03
10343,Pachi-Slot Aruze Oukoku 3,PS,2000,Misc,Aruze Corp,0,0,0.1,0.01,0.11
9534,Metal Max 3,DS,2010,Role-Playing,Enterbrain,0,0,0.13,0,0.13
341,Midnight Club 3: DUB Edition,PSP,2005,Racing,Take-Two Interactive,1.65,1.22,0,0.79,3.66
12159,everGirl,GBA,2005,Adventure,THQ,0.05,0.02,0,0,0.07
8172,Looney Tunes: Back in Action,GBA,2003,Platform,Electronic Arts,0.13,0.05,0,0,0.18
8042,Company of Heroes: Anthology,PC,2009,Strategy,THQ,0,0.15,0,0.04,0.18
1020,Forza Motorsport 6,XOne,2015,Racing,Microsoft Game Studios,0.69,0.89,0.03,0.14,1.74
8958,Geometry Wars: Galaxies,DS,2007,Shooter,Vivendi Games,0.13,0,0,0.01,0.15
1392,Final Fantasy XII: Revenant Wings,DS,2007,Role-Playing,Square Enix,0.34,0.42,0.54,0.1,1.39
1418,Forza Horizon 2,XOne,2014,Racing,Microsoft Game Studios,0.5,0.78,0.01,0.09,1.37
14168,MotoGP,PSP,2006,Racing,Sony Computer Entertainment,0.03,0,0,0,0.03
11396,PoPoLoCrois (JP sales),PSP,2005,Role-Playing,Ignition Entertainment,0,0,0.08,0,0.08
3138,Diablo III,XOne,2014,Role-Playing,Activision,0.35,0.24,0,0.05,0.64
2285,Glover,N64,1998,Platform,Hasbro Interactive,0.72,0.17,0,0.01,0.91
3221,The Crew,XOne,2014,Racing,Ubisoft,0.24,0.34,0,0.05,0.63
9819,Earthworm Jim 3D,N64,1999,Platform,Interplay,0.1,0.02,0,0,0.12
1470,Rage,PS3,2011,Shooter,Bethesda Softworks,0.47,0.59,0.06,0.21,1.33
14469,Graffiti Kingdom,PS2,2004,Role-Playing,505 Games,0.01,0.01,0,0,0.03
8742,Atelier Iris: Eternal Mana,PS2,2004,Role-Playing,Tecmo Koei,0.08,0.06,0,0.02,0.15
3021,The Biggest Loser: Challenge,Wii,2010,Sports,THQ,0.49,0.13,0,0.05,0.67
6346,NBA Jam 99,N64,1998,Sports,Acclaim Entertainment,0.25,0.02,0,0,0.27
5611,Prey,X360,2006,Shooter,Take-Two Interactive,0.27,0.03,0,0.03,0.32
15942,Barbie and Her Sisters Puppy Rescue,PS3,2015,Action,Namco Bandai Games,0,0.01,0,0,0.02
2655,James Bond 007: Nightfire,GC,2002,Shooter,Electronic Arts,0.6,0.16,0,0.02,0.78
15469,Mighty No. 9,WiiU,2016,Platform,Deep Silver,0.01,0.01,0,0,0.02
13145,The Lost Treasures of Alexandria,DS,2011,Puzzle,Unknown,0,0.04,0,0.01,0.05
4276,Bleach: The Blade of Fate,DS,2006,Fighting,Sega,0.3,0.01,0.12,0.03,0.46
482,Kirby Super Star Ultra,DS,2008,Platform,Nintendo,1.57,0.04,1.19,0.15,2.96
9503,Hitman 2: Silent Assassin,GC,2003,Action,Eidos Interactive,0.1,0.03,0,0,0.13
5431,Modnation Racers: Road Trip,PSV,2012,Racing,Sony Computer Entertainment,0.17,0.12,0,0.05,0.34
15784,Gears of War,PC,2007,Shooter,Microsoft Game Studios,0,0.01,0,0,0.02
14237,Higurashi no Naku Koro ni Kizuna: Dai-San-Kan - Rasen,DS,2009,Adventure,Alchemist,0,0,0.03,0,0.03
6535,Tony Hawk: Shred,X360,2010,Sports,Activision,0.17,0.07,0,0.02,0.26
557,LEGO Star Wars II: The Original Trilogy,PS2,2006,Action,LucasArts,1.85,0.64,0.01,0.19,2.69
5049,Rogue Trip: Vacation 2012,PS,1998,Racing,GT Interactive,0.21,0.14,0,0.02,0.38
13196,The Grim Adventures of Billy & Mandy,Wii,2006,Action,Midway Games,0.04,0,0,0,0.05
13374,Balloon Pop,Wii,2007,Puzzle,505 Games,0.04,0,0,0,0.05
6524,Nightmare Creatures,N64,1996,Action,Activision,0.21,0.05,0,0,0.26
5957,Just Dance Kids 2,Wii,2011,Misc,Ubisoft,0.28,0,0,0.02,0.29
13043,Armored Core: Formula Front Extreme Battle,PSP,2004,Simulation,505 Games,0.05,0,0,0,0.05
14938,Yes! Precure 5 Go Go Zenin Shu Go! Dream Festival,DS,2008,Action,Namco Bandai Games,0,0,0.02,0,0.02
5621,The Settlers 7: Paths to a Kingdom,PC,2010,Strategy,Ubisoft,0,0.26,0,0.06,0.32
14162,Sabre Wulf,GBA,N/A,Platform,THQ,0.02,0.01,0,0,0.03
737,Guitar Hero II,X360,2007,Misc,Activision,2.01,0.02,0,0.17,2.2
8355,Family Feud Decades,Wii,2010,Misc,Ubisoft,0.16,0,0,0.01,0.17
14257,Beastly,Wii,2011,Misc,Unknown,0.03,0,0,0,0.03
14549,Nippon no Asoko de,PSP,2008,Misc,Sony Computer Entertainment,0,0,0.03,0,0.03
15470,Atlantic Quest,PC,2011,Puzzle,Avanquest,0,0.02,0,0,0.02
8463,Thrillville: Off the Rails,X360,2007,Strategy,LucasArts,0.13,0.02,0,0.01,0.16
4301,Puzzle & Dragons Z + Super Mario Bros. Edition,3DS,2015,Puzzle,Nintendo,0.05,0.05,0.34,0.01,0.46
5483,BeatMania Append GottaMix,PS,1999,Simulation,Konami Digital Entertainment,0,0,0.31,0.02,0.33
1801,Mobile Suit Gundam: Federation vs. Zeon,PS2,2001,Simulation,Atari,0.12,0.1,0.88,0.03,1.14
10678,Alvin and the Chipmunks: Chipwrecked,Wii,2011,Misc,505 Games,0.08,0.01,0,0.01,0.1
16011,Neverwinter Nights 2: Mask of the Betrayer,PC,2007,Role-Playing,Atari,0,0.01,0,0,0.01
7224,Teenage Mutant Ninja Turtles: Danger of the Ooze,X360,2014,Adventure,Activision,0.11,0.09,0,0.02,0.22
11693,World Tour Soccer 06,PSP,2006,Sports,Sony Computer Entertainment,0.07,0,0,0.01,0.08
13716,OutRun 2006: Coast 2 Coast,PSP,2006,Racing,Sega,0.03,0.01,0,0.01,0.04
16030,Himawari: Pebble in the Sky Portable,PSP,2010,Adventure,Kadokawa Shoten,0,0,0.01,0,0.01
6548,McGrath Vs. Pastrana Freestyle Motocross,PS,2000,Racing,Acclaim Entertainment,0.14,0.1,0,0.02,0.26
9557,Sega GT,DC,2000,Racing,Sega,0,0,0.13,0,0.13
3361,Tomb Raider (2013),XOne,2014,Action,Square Enix,0.34,0.21,0,0.05,0.6
3246,NBA ShootOut '97,PS,1997,Sports,Sony Computer Entertainment,0.35,0.24,0,0.04,0.62
11669,GT Advance 3: Pro Concept Racing,GBA,2002,Racing,THQ,0.05,0.02,0,0,0.08
5872,Disgaea 3: Absence of Detention,PSV,N/A,Role-Playing,Nippon Ichi Software,0.13,0.06,0.07,0.04,0.3
11431,FIFA Soccer 2003,GC,2002,Sports,Electronic Arts,0.06,0.02,0,0,0.08
8724,Winning Post 3,PS,1998,Racing,Tecmo Koei,0,0,0.14,0.01,0.15
901,MX Unleashed,PS2,2004,Racing,THQ,0.94,0.73,0,0.25,1.92
5941,Future Cop L.A.P.D.,PS,1997,Simulation,Electronic Arts,0.16,0.11,0,0.02,0.3
9904,Tropico 5,PC,2014,Simulation,Kalypso Media,0.02,0.08,0,0.01,0.12
14503,GTR Evolution,PC,2008,Racing,Atari,0,0.02,0,0.01,0.03
15971,IGT Slots: Lucky Larry's Lobstermania,PC,2011,Simulation,Masque Publishing,0.01,0,0,0,0.02
13094,Super Heroine Chronicle,PSV,2014,Role-Playing,Namco Bandai Games,0,0,0.05,0,0.05
7500,The King of Fighters '95,NG,1995,Fighting,SNK,0,0,0.2,0,0.2
4790,Tak and the Power of Juju,GC,2003,Platform,THQ,0.31,0.08,0,0.01,0.4
2504,Casper,PS,1996,Adventure,Interplay,0.46,0.31,0,0.05,0.83
9865,NFL Head Coach,XB,2006,Sports,Electronic Arts,0.09,0.03,0,0,0.12
9245,Famista Returns,3DS,2015,Sports,Namco Bandai Games,0,0,0.14,0,0.14
11688,Rogue Trooper: Quartz Zone Massacre,Wii,2009,Shooter,Reef Entertainment,0.07,0,0,0.01,0.08
5813,Bruce Lee: Quest of the Dragon,XB,2002,Fighting,Universal Interactive,0.23,0.07,0,0.01,0.31
9393,NBA Hoopz,PS,2001,Sports,Midway Games,0.07,0.05,0,0.01,0.13
6438,Dragon Ball Z: Tenkaichi Tag Team,PSP,2010,Fighting,Namco Bandai Games,0.11,0.04,0.09,0.03,0.27
4940,Dancing with the Stars: We Dance!,Wii,2008,Misc,Activision,0.36,0,0,0.03,0.39
3029,Virtua Tennis: World Tour (US & Others sales),PSP,2005,Sports,Sega,0.16,0.36,0,0.14,0.67
16471,Exstetra,3DS,2013,Role-Playing,FuRyu,0,0,0.01,0,0.01
741,High School Musical: Makin' the Cut!,DS,2007,Puzzle,Disney Interactive Studios,1.06,0.91,0,0.23,2.2
10817,NASCAR,PSP,2006,Racing,Electronic Arts,0.09,0,0,0.01,0.1
510,F-Zero,SNES,1990,Racing,Nintendo,1.37,0.51,0.89,0.07,2.85
11166,Bionicle,GBA,2003,Action,THQ,0.06,0.02,0,0,0.09
10723,The Secret Saturdays: Beasts of the 5th Sun,Wii,2009,Action,D3Publisher,0.09,0,0,0.01,0.1
4158,The Godfather (JP sales),PS2,2006,Action,Electronic Arts,0.39,0.02,0,0.06,0.47
8964,Tamagotchi Collection,DS,2011,Misc,Namco Bandai Games,0,0,0.15,0,0.15
7110,Disgaea: Afternoon of Darkness,PSP,2006,Role-Playing,Tecmo Koei,0.15,0.01,0.04,0.02,0.23
992,Golden Sun,GBA,2001,Role-Playing,Nintendo,0.93,0.38,0.4,0.06,1.76
2648,UFC Personal Trainer: The Ultimate Fitness System,X360,2011,Sports,THQ,0.53,0.19,0,0.06,0.78
13073,Over the Hedge: Hammy Goes Nuts!,PSP,2006,Platform,Activision,0.05,0,0,0,0.05
4491,Master of Illusion,DS,2006,Puzzle,Nintendo,0.16,0,0.26,0.01,0.44
7171,Sengoku Basara 3 Utage,PS3,2011,Action,Capcom,0,0,0.22,0,0.22
6451,Gundam Breaker,PS3,2013,Action,Namco Bandai Games,0,0,0.26,0,0.26
9098,Naruto Shippuden: Ninja Destiny 3,DS,2006,Fighting,D3Publisher,0,0.01,0.13,0,0.14
15492,Mary King's Riding School,DS,2008,Simulation,Ghostlight,0,0.02,0,0,0.02
16228,Soshite Kono Uchuu ni Kirameku Kimi no Shi XXX,PS2,2007,Adventure,Datam Polystar,0,0,0.01,0,0.01
675,Dragon Warrior Monsters,GB,1998,Role-Playing,Eidos Interactive,0,0,2.34,0.01,2.35
6293,Divinity: Original Sin,PS4,2015,Role-Playing,Focus Home Interactive,0.09,0.12,0.02,0.04,0.27
2608,Motocross Mania,PS,2001,Racing,Take-Two Interactive,0.44,0.3,0,0.05,0.79
3035,Castlevania: Lords of Shadow,X360,2010,Action,Konami Digital Entertainment,0.42,0.18,0.01,0.05,0.67
5273,Suikoden V,PS2,2006,Role-Playing,Konami Digital Entertainment,0.08,0.06,0.19,0.02,0.35
1326,4 Nin uchi Mahjong,NES,1984,Misc,Nintendo,0,0,1.45,0,1.45
13797,The Da Vinci Code,XB,2006,Action,Take-Two Interactive,0.03,0.01,0,0,0.04
14305,GunGriffon: Allied Strike,XB,2004,Simulation,Microsoft Game Studios,0.02,0.01,0,0,0.03
13665,Mortimer Beckett and the Secrets of Spooky Manor,Wii,2008,Puzzle,Avanquest,0.04,0,0,0,0.04
15824,Farm Frenzy,PC,2008,Strategy,Mumbo Jumbo,0.01,0,0,0,0.02
8797,Countdown: The Game,DS,2009,Puzzle,Mindscape,0,0.14,0,0.01,0.15
7362,50 Cent: Blood on the Sand,X360,2009,Shooter,THQ,0.12,0.07,0,0.02,0.21
5185,Tiger Woods PGA Tour 14,X360,2013,Sports,Electronic Arts,0.21,0.13,0,0.03,0.36
13787,Patrician IV,PC,2010,Strategy,Kalypso Media,0.03,0,0,0,0.04
16139,Dragon's Dogma Online: Season 2,PS4,2016,Action,Capcom,0,0,0.01,0,0.01
9209,Agile Warrior F-111X,PS,1995,Simulation,Virgin Interactive,0.08,0.05,0,0.01,0.14
5073,Need for Speed: Hot Pursuit,PC,2010,Racing,Electronic Arts,0.12,0.2,0,0.06,0.38
76,The Elder Scrolls V: Skyrim,X360,2011,Role-Playing,Bethesda Softworks,5.03,2.86,0.1,0.85,8.84
13205,Harukanaru Toki no Naka de: Yumenoukihashi,DS,2008,Adventure,Tecmo Koei,0,0,0.05,0,0.05
7882,Pro Yakyuu Team o Tsukurou!,DS,2008,Sports,Sega,0,0,0.19,0,0.19
6997,Hatsune Miku: Project Diva f,PSV,2012,Misc,Sega,0,0,0.23,0,0.23
14608,Hisshou Pachinko*Pachi-Slot Kouryaku Series DS Vol. 4: Shinseiki Evangelion - Saigo no Mono,DS,2009,Misc,D3Publisher,0,0,0.03,0,0.03
7017,Imagine: Detective,DS,2009,Simulation,Ubisoft,0.16,0.01,0,0.06,0.23
7488,LEGO Ninjago: Shadow of Ronin,3DS,2015,Action,Warner Bros. Interactive Entertainment,0.05,0.1,0.04,0.01,0.21
12319,The Book of Unwritten Tales: The Critter Chronicles,PC,2011,Action,Crimson Cow,0,0.05,0,0.01,0.06
12465,Minna no DS Seminar: Kanpeki Eitango Ryoku,DS,2006,Misc,TDK Core,0,0,0.06,0,0.06
7846,Cars: Race-O-Rama,PS3,2009,Racing,THQ,0.14,0.03,0,0.02,0.19
10170,Shin Kamaitachi no Yoru: 11 Hitome no Suspect,PS3,2011,Adventure,THQ,0,0,0.11,0,0.11
15458,StormLover Karen!!,PSP,2011,Adventure,D3Publisher,0,0,0.02,0,0.02
6310,Slam Dunk: Yonkyo Taiketsu!!,SNES,1994,Sports,Namco Bandai Games,0,0,0.27,0,0.27
12087,OverBlood 2,PS,1998,Action,Evolution Games,0,0,0.06,0,0.07
13325,World Series of Poker: Tournament of Champions 2007 Edition,Wii,2006,Misc,Activision,0.04,0,0,0,0.05
13366,Puyo Puyo Tetris,PSV,2014,Puzzle,Sega,0,0,0.05,0,0.05
9045,Monster House,PS2,2006,Adventure,THQ,0.07,0.05,0,0.02,0.14
3628,MX vs. ATV: Alive,X360,2011,Racing,THQ,0.37,0.14,0,0.05,0.56
6183,Sing Party,WiiU,2012,Misc,Nintendo,0.13,0.12,0,0.02,0.28
9783,The God of War Trilogy,PS3,2010,Action,Sony Computer Entertainment,0,0.07,0.03,0.02,0.12
6378,Superbike 2000,PS,1999,Racing,Electronic Arts,0.15,0.1,0,0.02,0.27
7523,Two Worlds II,PC,2011,Role-Playing,Unknown,0.09,0.09,0,0.03,0.2
13460,Sotsugyou II: Neo Generation,PS,1995,Simulation,Riverhillsoft,0,0,0.04,0,0.04
10813,Kuroko's Basketball: Miracle Game,3DS,2014,Sports,Namco Bandai Games,0,0,0.1,0,0.1
16451,Assassin's Creed Chronicles,XOne,2016,Action,Ubisoft,0,0.01,0,0,0.01
4744,Monopoly Streets,PS3,2010,Misc,Electronic Arts,0.16,0.18,0,0.07,0.41
14930,America Oudan Ultra-Quiz,SAT,1995,Misc,Victor Interactive,0,0,0.02,0,0.02
16371,Wand of Fortune,PS2,2009,Adventure,Idea Factory,0,0,0.01,0,0.01
6600,TOCA Race Driver 2: Ultimate Racing Simulator,PSP,2005,Racing,Codemasters,0,0.25,0,0,0.26
14977,The Voice,PS3,2014,Action,Activision,0.02,0,0,0,0.02
2840,LEGO Harry Potter: Years 5-7,DS,N/A,Action,Warner Bros. Interactive Entertainment,0.35,0.3,0,0.07,0.72
1505,[Prototype],X360,2009,Action,Activision,0.84,0.35,0,0.12,1.31
6616,Percy Jackson and the Olympians: The Lightning Thief,DS,2010,Role-Playing,Activision,0.22,0.01,0,0.02,0.25
9947,Buffy the Vampire Slayer: Chaos Bleeds,XB,2003,Action,Vivendi Games,0.09,0.03,0,0,0.12
15505,Hogs of War,PS,2000,Strategy,Infogrames,0.01,0.01,0,0,0.02
8337,MotoGP 09/10,X360,2010,Racing,Capcom,0.07,0.09,0,0.02,0.17
12322,Fishing Master (jp sales),Wii,2007,Sports,Konami Digital Entertainment,0,0,0.06,0,0.06
1268,Disney Sing It: Pop Hits,Wii,2009,Misc,Disney Interactive Studios,1.08,0.28,0,0.13,1.49
3902,NBA Live 07,PSP,2006,Sports,Electronic Arts,0.47,0,0,0.04,0.51
398,WWF War Zone,PS,1998,Fighting,Acclaim Entertainment,2.47,0.76,0,0.13,3.36
1167,SoulCalibur IV,X360,2008,Fighting,Ubisoft,0.92,0.44,0.07,0.15,1.59
5117,Super Formation Soccer 94,SNES,1994,Sports,Human Entertainment,0,0,0.37,0,0.37
5783,Lord of the Rings: Battle for Middle-Earth,X360,2006,Strategy,Electronic Arts,0.28,0,0,0.02,0.31
1440,FIFA Soccer 09,PSP,2008,Sports,Electronic Arts,0.23,0.73,0.02,0.37,1.35
11622,Dangerous Ji-San to 1000-nin no Otomodachi Yokoshima,3DS,2012,Action,Namco Bandai Games,0,0,0.08,0,0.08
11921,Monster Rancher Battle Card: Episode II,PS,2000,Action,Tecmo Koei,0.04,0.03,0,0,0.07
16503,Satomi Hakkenden: Hachi Tamanoki,PSP,2014,Adventure,Quinrose,0,0,0.01,0,0.01
8373,Bomberman B-Daman,SNES,1996,Shooter,Hudson Soft,0,0,0.17,0,0.17
15446,NHL 09,PC,2008,Sports,Electronic Arts,0,0.02,0,0,0.02
7152,Reactor,2600,1981,Action,Parker Bros.,0.21,0.01,0,0,0.22
5730,MLB 07: The Show,PS3,2007,Sports,Sony Computer Entertainment,0.29,0,0,0.02,0.31
12428,Devil's Third,WiiU,2015,Action,Nintendo,0.04,0.02,0,0.01,0.06
2923,Prince of Persia: The Forgotten Sands,PS3,2010,Action,Ubisoft,0.19,0.36,0.01,0.13,0.7
417,FIFA 16,XOne,2015,Sports,Electronic Arts,0.88,2.11,0,0.23,3.23
10415,Champion Jockey: G1 Jockey & Gallop Racer,Wii,2011,Sports,Tecmo Koei,0.05,0.04,0.01,0.01,0.11
4060,Alone in the Dark,X360,2008,Adventure,Atari,0.14,0.3,0,0.05,0.49
13276,FIFA Soccer 10,PC,2009,Sports,Electronic Arts,0,0.04,0,0.01,0.05
6796,Homefront,PC,2011,Shooter,THQ,0.11,0.1,0,0.03,0.24
8757,Cars: Race-O-Rama,X360,2009,Racing,THQ,0.14,0.01,0,0.01,0.15
952,Air Combat,PS,1995,Simulation,Sony Computer Entertainment,0.92,0.33,0.52,0.05,1.83
1785,Tenchu: Wrath of Heaven,PS2,2003,Action,Activision,0.44,0.34,0.25,0.11,1.14
16469,Magicians Academy,PS2,2007,Role-Playing,Enterbrain,0,0,0.01,0,0.01
1763,Worldwide Soccer Manager 2009,PC,2008,Simulation,Sega,0,1.14,0,0.01,1.15
9997,Army Men: Soldiers of Misfortune,DS,2008,Shooter,Zoo Games,0.11,0,0,0.01,0.12
9874,"Ed, Edd n Eddy: The Mis-Edventures",GBA,2005,Platform,Midway Games,0.08,0.03,0,0,0.12
4140,Up,PS2,2009,Action,THQ,0.19,0.05,0,0.24,0.48
6588,A.C.E.: Another Century's Episode 3: The Final,PS2,2007,Simulation,Banpresto,0,0,0.26,0,0.26
5868,Super Robot Taisen OG: Original Generations Gaiden,PS2,2007,Strategy,Banpresto,0,0,0.3,0,0.3
5071,Mobile Suit Gundam: Extreme VS Full Boost,PS3,2014,Fighting,Namco Bandai Games,0,0,0.38,0,0.38
15931,Nurarihyon no Mago: Hyakki Ryouran Taisen,PS3,2011,Fighting,Konami Digital Entertainment,0,0,0.02,0,0.02
200,FIFA Soccer 11,PS3,2010,Sports,Electronic Arts,0.6,3.29,0.06,1.13,5.08
9421,Tomb Raider: Legend,XB,2006,Action,Eidos Interactive,0.1,0.03,0,0,0.13
10390,Warriors Orochi 3,PSP,2012,Action,Ubisoft Annecy,0,0,0.11,0,0.11
14520,Tenka-bito,PS2,2006,Strategy,Sega,0,0,0.03,0,0.03
3094,Scene It? Box Office Smash,X360,2008,Misc,Microsoft Game Studios,0.33,0.25,0,0.07,0.66
13404,Tokyo Ghoul: Jail,PSV,2015,Racing,Namco Bandai Games,0,0,0.05,0,0.05
8594,Wonder Project J2: Koruro no Mori no Josette,N64,1996,Simulation,Enix Corporation,0,0,0.12,0.04,0.16
9737,Dragon Ball Z: Battle of Z,PSV,2014,Fighting,Namco Bandai Games,0,0.04,0.06,0.02,0.12
7366,World Poker Tour,PS2,2005,Misc,Take-Two Interactive,0.1,0.08,0,0.03,0.21
3303,Cabela's Monster Buck Hunter,Wii,2010,Sports,Activision,0.58,0,0,0.03,0.61
4858,Sonic Lost World,WiiU,2013,Platform,Sega,0.24,0.12,0.01,0.03,0.4
34,Call of Duty: Black Ops 3,PS4,2015,Shooter,Activision,5.77,5.81,0.35,2.31,14.24
4783,Disney Sing It! High School Musical 3: Senior Year,PS3,2008,Misc,Disney Interactive Studios,0.08,0.26,0,0.07,0.4
10706,Universal Studios Theme Parks Adventure,GC,2001,Misc,Kemco,0.08,0.02,0,0,0.1
12819,Activision Hits: Remixed,PSP,2006,Misc,Activision,0.05,0,0,0,0.06
1003,FIFA Soccer 08,PS3,2007,Sports,Electronic Arts,0.35,1.07,0.02,0.32,1.76
16217,Bunmei Kaika: Aoiza Ibunroku Saien,PSP,2012,Action,FuRyu,0,0,0.01,0,0.01
7834,Farming Simulator 2015,XOne,2015,Simulation,Koch Media,0.1,0.07,0,0.02,0.19
15088,Wrestle Kingdom 2: Pro Wrestling Sekai Taisen,PS2,2007,Fighting,Yuke's,0,0,0.02,0,0.02
5367,Tenchu Z,X360,2006,Action,Microsoft Game Studios,0.27,0.02,0.02,0.03,0.34
4494,Classic NES Series: Metroid,GBA,2004,Adventure,Nintendo,0.26,0.1,0.07,0.01,0.43
1591,Reel Fishing,PS,1996,Sports,Natsume,0.99,0.13,0.1,0.04,1.25
6798,Bakugan: Battle Brawlers,X360,2009,Action,Activision,0.2,0.02,0,0.02,0.24
7659,UFC Personal Trainer: The Ultimate Fitness System,Wii,2011,Sports,THQ,0.12,0.06,0,0.02,0.2
15001,Payout Poker & Casino,PSP,N/A,Misc,Unknown,0.02,0,0,0,0.02
11723,Scooby-Doo! Unmasked,XB,2005,Platform,THQ,0.06,0.02,0,0,0.08
11918,Operation Flashpoint: Red River,PC,2011,Shooter,Codemasters,0.01,0.04,0,0.01,0.07
11281,Marvel Nemesis: Rise of the Imperfects,DS,2005,Fighting,Electronic Arts,0.08,0,0,0.01,0.08
10024,LEGO Knights' Kingdom,GBA,2004,Action,THQ,0.08,0.03,0,0,0.11
6721,Shadow Man,PS,1998,Action,Acclaim Entertainment,0.14,0.09,0,0.02,0.25
949,Just Cause 3,PS4,2015,Action,Square Enix,0.46,1.02,0.07,0.28,1.83
10337,Scribblenauts Unmasked: A DC Comics Adventure,WiiU,2013,Puzzle,Warner Bros. Interactive Entertainment,0.1,0,0,0.01,0.11
16466,Vitamin Y,DS,2008,Adventure,D3Publisher,0,0,0.01,0,0.01
6515,Riding Spirits,PS2,2002,Racing,BAM! Entertainment,0.13,0.1,0,0.03,0.26
16021,Nobunaga no Yabou DS,DS,2006,Strategy,Tecmo Koei,0,0,0.01,0,0.01
3477,Shrek 2: Beg for Mercy,GBA,2004,Adventure,Activision,0.42,0.15,0,0.01,0.58
10307,Hellboy: The Science of Evil,X360,2008,Action,Konami Digital Entertainment,0.1,0,0,0.01,0.11
7124,The Magic School Bus: Oceans,DS,2011,Adventure,Scholastic Inc.,0.21,0,0,0.01,0.23
9749,Cars 2,PSP,2011,Racing,Disney Interactive Studios,0.1,0.01,0,0.01,0.12
15540,The Mummy,GBA,2002,Action,Ubisoft,0.01,0,0,0,0.02
6246,NCAA Basketball 09,PS2,2008,Sports,Electronic Arts,0.14,0.11,0,0.04,0.28
12424,Shonen Jump's One Piece: Grand Battle,GC,2005,Fighting,Namco Bandai Games,0.05,0.01,0,0,0.06
5826,Midtown Madness 3,XB,2003,Racing,Microsoft Game Studios,0.23,0.07,0,0.01,0.3
2203,Cars,Wii,2006,Racing,THQ,0.83,0.04,0,0.07,0.94
12696,Burning Rangers,SAT,1998,Platform,Sega,0,0,0.06,0,0.06
11831,Beyond Good & Evil,GC,2003,Adventure,Ubisoft,0.06,0.01,0,0,0.07
3232,World of Zoo,Wii,2009,Simulation,THQ,0.41,0.16,0,0.05,0.63
1192,Final Fight,SNES,1990,Action,Capcom,0.67,0.17,0.69,0.03,1.56
15615,The Crew: Wild Run,XOne,2015,Action,Ubisoft,0,0.02,0,0,0.02
12682,Real Bout Garou Densetsu Special: Dominated Mind,PS,1998,Fighting,SNK,0,0,0.05,0,0.06
13151,Harukanaru Toki no Naka de 3,PS2,2004,Adventure,Tecmo Koei,0,0,0.05,0,0.05
12794,Gunbird,SAT,1995,Shooter,Atlus,0,0,0.06,0,0.06
12511,S.C.A.R.S,N64,1998,Racing,Ubisoft,0.05,0.01,0,0,0.06
9784,Dance Paradise,X360,2010,Misc,Mindscape,0.1,0.01,0,0.01,0.12
11053,Inazuma Eleven 3,3DS,2013,Role-Playing,Nintendo,0,0.08,0,0.01,0.09
4221,Crayola: Treasure Adventures,DS,2007,Puzzle,Ignition Entertainment,0.43,0.01,0,0.03,0.47
3042,Command & Conquer: Red Alert 3,PC,2008,Strategy,Electronic Arts,0.01,0.64,0,0.02,0.67
7071,WWE All Stars,3DS,2011,Fighting,THQ,0.15,0.06,0,0.02,0.23
6052,The Punisher,XB,2005,Action,THQ,0.22,0.06,0,0.01,0.29
9841,Fate/Extra CCC,PSP,2013,Action,Marvelous Entertainment,0,0,0.12,0,0.12
14542,SD Gundam: Gashapon Wars,Wii,2010,Strategy,Namco Bandai Games,0,0,0.03,0,0.03
915,Yu-Gi-Oh! Forbidden Memories,PS,1999,Role-Playing,Konami Digital Entertainment,1.37,0.44,0,0.08,1.88
719,Madden NFL 12,PS3,2011,Sports,Electronic Arts,1.93,0.15,0,0.17,2.25
7547,Deal or No Deal: The Banker is Back!,DS,2008,Misc,Mindscape,0,0.2,0,0,0.2
16582,PGA European Tour,N64,2000,Sports,Infogrames,0.01,0,0,0,0.01
4164,Castlevania: Dawn of Sorrow,DS,2005,Platform,Konami Digital Entertainment,0.37,0.04,0.03,0.04,0.47
237,The Last of Us,PS4,2014,Action,Sony Computer Entertainment,1.78,1.87,0.07,0.82,4.55
15980,Lotus Challenge,GC,2004,Racing,Ignition Entertainment,0.01,0,0,0,0.02
11766,Yoru no Nai Kuni,PSV,2015,Role-Playing,Tecmo Koei,0,0,0.07,0,0.07
3396,Final Fantasy: The 4 Heroes of Light,DS,2009,Role-Playing,Square Enix,0.23,0.11,0.23,0.03,0.59
2163,NHL 2001,PS2,2000,Sports,Electronic Arts,0.47,0.37,0,0.12,0.96
15126,Princess Saver! Eternal Love for My Lady,PS2,2010,Adventure,Comfort,0,0,0.02,0,0.02
3940,NBA Ballers,XB,2004,Sports,Midway Games,0.37,0.11,0,0.02,0.51
2629,Professor Layton and the Azran Legacy,3DS,2013,Puzzle,Nintendo,0,0.48,0.25,0.06,0.78
8011,MotoGP 14,PS4,2014,Racing,Milestone S.r.l.,0.04,0.11,0,0.04,0.18
14738,Kaizoku Sentai Gokaiger: Atsumete Henshin! 35 Sentai!,DS,2011,Action,Namco Bandai Games,0,0,0.03,0,0.03
5512,Hatsune Miku: Project Diva Extend,PSP,2011,Misc,Sega,0,0,0.33,0,0.33
242,Spider-Man: The Movie,PS2,2002,Action,Activision,2.71,1.51,0.03,0.23,4.48
6510,Skylanders: Trap Team,3DS,2014,Action,Activision,0.14,0.1,0,0.02,0.26
6857,Ms. Pac-Man: Maze Madness / Pac-Man World,GBA,2005,Puzzle,Namco Bandai Games,0.17,0.06,0,0,0.24
5897,Yu Yu Hakusho Ghost Files: Spirit Detective,GBA,2003,Action,Atari,0.21,0.08,0,0.01,0.3
4375,Persona,PS,1995,Role-Playing,Atlus,0,0,0.42,0.03,0.45
14742,La Pucelle: Ragnarok,PSP,2009,Role-Playing,Nippon Ichi Software,0,0,0.03,0,0.03
10939,I-Ninja,GC,2003,Platform,Namco Bandai Games,0.07,0.02,0,0,0.09
5010,Skate,PS3,2007,Sports,Electronic Arts,0.29,0.05,0,0.04,0.38
3056,The LEGO Movie Videogame,WiiU,2014,Action,Warner Bros. Interactive Entertainment,0.35,0.23,0.03,0.06,0.66
446,The Elder Scrolls IV: Oblivion,PS3,2007,Role-Playing,Ubisoft,1.69,0.87,0.14,0.42,3.12
7120,All Star Karate,Wii,2010,Action,THQ,0.14,0.07,0,0.02,0.23
8630,NCAA Final Four 2001,PS,2000,Sports,Sony Computer Entertainment,0.09,0.06,0,0.01,0.16
336,Pokémon Trading Card Game,GB,1998,Strategy,Nintendo,1.49,0.73,1.38,0.1,3.7
6288,Suikoden Tierkreis,DS,2008,Role-Playing,Konami Digital Entertainment,0.09,0.01,0.15,0.01,0.27
3465,"Transformers: War for Cybertron (XBox 360, PS3, & PC Versions)",X360,2010,Shooter,Activision,0.37,0.15,0,0.05,0.58
15571,Micro Machines V4,PSP,2006,Racing,Codemasters,0.01,0,0,0,0.02
6625,Romance of the Three Kingdoms II,SNES,1991,Strategy,Tecmo Koei,0,0,0.25,0,0.25
6815,Genma Onimusha,XB,2002,Action,Capcom,0.14,0.04,0.05,0.01,0.24
5110,"Monsters, Inc. Scream Arena",GC,2002,Platform,THQ,0.29,0.07,0,0.01,0.37
2983,NCAA Football 2005,XB,2004,Sports,Electronic Arts,0.63,0.02,0,0.03,0.68
1633,The Sims 2: Castaway,Wii,2007,Simulation,Electronic Arts,0.45,0.64,0,0.14,1.23
6488,The Adventures of Jimmy Neutron Boy Genius vs. Jimmy Negatron,GBA,2002,Action,THQ,0.19,0.07,0,0,0.26
15873,V-Rally 3,XB,2003,Racing,Atari,0.01,0,0,0,0.02
6115,Dragon Ball GT: Transformation,GBA,2005,Action,Atari,0.2,0.08,0,0.01,0.28
15985,Super Battle For Money Sentouchuu: Kyuukyoku no Shinobu to Battle Player Choujou Kessen!,3DS,2016,Action,Namco Bandai Games,0,0,0.01,0,0.01
11548,Wordfish,DS,2008,Puzzle,Ubisoft,0.07,0,0,0.01,0.08
1542,Imagine: Wedding Designer,DS,2008,Simulation,Ubisoft,0.55,0.59,0,0.14,1.28
16104,Aeon Flux,XB,2005,Action,THQ,0.01,0,0,0,0.01
4640,Harry Potter and the Goblet of Fire,GC,2005,Action,Electronic Arts,0.32,0.08,0,0.01,0.42
2158,Gangs of London,PSP,2006,Adventure,Sony Computer Entertainment,0.3,0.44,0,0.22,0.96
5816,Disney's The Emperor's New Groove,PS,2000,Platform,Sony Computer Entertainment,0.17,0.12,0,0.02,0.31
13362,River City Soccer Hooligans,DS,2010,Sports,Arc System Works,0.04,0,0.01,0,0.05
7098,Super Robot Taisen F Kanketsuhen,PS,1999,Strategy,Banpresto,0,0,0.21,0.01,0.23
1405,Titanfall,X360,2014,Shooter,Electronic Arts,0.87,0.38,0.02,0.11,1.38
11312,Sniper: Ghost Warrior 2,PC,2013,Shooter,City Interactive,0.02,0.05,0,0.01,0.08
8253,Time Commando,PS,1996,Action,Adeline Software,0.1,0.07,0,0.01,0.17
12247,Atelier Meruru: Alchemist of Arland 3,PSV,2013,Role-Playing,Gust,0,0,0.06,0,0.06
15544,Legendary,PC,2008,Shooter,Atari,0,0.01,0,0,0.02
882,Alleyway,GB,1989,Puzzle,Nintendo,0.96,0.38,0.55,0.05,1.94
5366,F.E.A.R.,X360,2006,Shooter,Vivendi Games,0.28,0.03,0,0.03,0.34
7842,Darkstalkers 3,PS,1998,Fighting,Capcom,0.11,0.07,0,0.01,0.19
13910,Heathcliff! Frantic Foto,DS,2010,Misc,Storm City Games,0.04,0,0,0,0.04
5224,Kinectimals: Now with Bears!,X360,2011,Misc,Microsoft Game Studios,0.27,0.06,0,0.03,0.36
15425,CV Casting Voice,PS3,2014,Adventure,Namco Bandai Games,0,0,0.02,0,0.02
14764,Bigfoot King of Crush,Wii,2011,Racing,Zoo Games,0.02,0,0,0,0.03
9293,NBA Jam,XB,2003,Sports,Acclaim Entertainment,0.1,0.03,0,0,0.14
11882,Circus Maximus: Chariot Wars,XB,2002,Racing,THQ,0.05,0.02,0,0,0.07
9415,Jikkyou Powerful Pro Yakyuu 2011 Ketteiban,PSP,2011,Sports,Konami Digital Entertainment,0,0,0.13,0,0.13
11900,The Testament of Sherlock Holmes,PC,2012,Adventure,Focus Home Interactive,0,0.06,0,0.01,0.07
9525,Borderlands: Double Game Add-On Pack,X360,2010,Shooter,Take-Two Interactive,0.1,0.02,0,0.01,0.13
5805,The Legend of Heroes: Trails of Cold Steel,PSV,2013,Role-Playing,Nippon Ichi Software,0.08,0.05,0.14,0.04,0.31
10674,Crime Crackers,PS,1994,Role-Playing,Sony Computer Entertainment,0,0,0.09,0.01,0.1
5726,Star Wars Episode III: Revenge of the Sith,DS,2005,Action,Ubisoft,0.25,0.03,0,0.03,0.31
12018,Heavenly Guardian,Wii,2007,Shooter,505 Games,0.06,0,0,0,0.07
6479,DS Bungaku Zenshuu,DS,2007,Misc,Nintendo,0,0,0.26,0,0.26
11115,Crysis: Maximum Edition,PC,2009,Shooter,Electronic Arts,0,0.07,0,0.02,0.09
633,Halo: Combat Evolved Anniversary,X360,2011,Shooter,Microsoft Game Studios,1.44,0.73,0.04,0.22,2.44
7602,Rock Band Track Pack: Classic Rock,PS2,2009,Misc,MTV Games,0.1,0.08,0,0.03,0.2
14119,Katekyoo Hitman Reborn! DS: Fate of Heat II - Unmei no Futari,DS,2009,Role-Playing,Marvelous Interactive,0,0,0.03,0,0.03
1713,Tony Hawk's Pro Skater 2,GBA,2001,Sports,Activision,0.85,0.31,0,0.02,1.18
495,Titanfall,XOne,2014,Shooter,Electronic Arts,1.84,0.8,0.04,0.22,2.9
8955,Medal of Honor: Infiltrator,GBA,2003,Shooter,Electronic Arts,0.11,0.04,0,0,0.15
15696,SD Gundam Force,GBA,2004,Shooter,Namco Bandai Games,0.01,0,0,0,0.02
10033,SingStar Latino,PS3,2009,Misc,Sony Computer Entertainment,0.11,0,0,0.01,0.11
4953,Tiger Woods PGA Tour 14,PS3,2013,Sports,Electronic Arts,0.16,0.15,0,0.07,0.39
12461,The Great Escape,XB,2003,Action,SCi,0.05,0.01,0,0,0.06
16270,Starry ? Sky: After Autumn,PSP,2011,Misc,Aqua Plus,0,0,0.01,0,0.01
10391,The Bachelor: The Videogame,Wii,2010,Misc,Warner Bros. Interactive Entertainment,0.1,0,0,0.01,0.11
4966,Hooked! Again: Real Motion Fishing,Wii,2009,Sports,505 Games,0.36,0,0,0.03,0.39
995,Def Jam: Fight for NY,PS2,2004,Fighting,Electronic Arts,0.86,0.67,0,0.22,1.76
15620,Iridium Runners,PS2,2008,Racing,SouthPeak Games,0.01,0.01,0,0,0.02
4471,Super Breakout,2600,N/A,Puzzle,Atari,0.41,0.03,0,0,0.44
8331,Glover,PS,1999,Platform,Atari,0.09,0.06,0,0.01,0.17
3533,3D Dot Game Heroes,PS3,2009,Role-Playing,SouthPeak Games,0.36,0.12,0.03,0.07,0.57
384,Monster Hunter 4,3DS,2013,Role-Playing,Capcom,0,0,3.44,0,3.44
64,Mario Kart 64,N64,1996,Racing,Nintendo,5.55,1.94,2.23,0.15,9.87
13245,Golden Axe: The Duel,SAT,1994,Fighting,Sega,0,0,0.05,0,0.05
23,Super Mario Bros. 3,NES,1988,Platform,Nintendo,9.54,3.44,3.84,0.46,17.28
15188,Shippuu Mahou Daisakusen: Kingdom-Grandprix,SAT,1996,Shooter,Gaga,0,0,0.02,0,0.02
698,Need for Speed Underground 2,XB,2004,Racing,Electronic Arts,1.38,0.8,0,0.1,2.28
8129,Tom Clancy's Ghost Recon: Future Soldier,PC,2012,Shooter,Ubisoft,0.05,0.1,0,0.03,0.18
2697,Mortal Kombat,PSV,2012,Fighting,Warner Bros. Interactive Entertainment,0.47,0.18,0,0.12,0.76
7585,Taiko no Tatsujin: Waku Waku Anime Matsuri,PS2,2003,Misc,Namco Bandai Games,0,0,0.2,0,0.2
8068,We Sing UK Hits,Wii,2011,Misc,Nordic Games,0,0.16,0,0.02,0.18
4357,PES 2009: Pro Evolution Soccer,Wii,2009,Sports,Konami Digital Entertainment,0.09,0.26,0.05,0.05,0.45
10681,NatGeo Challenge! Wild Life,PS3,2010,Misc,Black Bean Games,0.05,0.03,0,0.01,0.1
11862,Squishy Tank,DS,2010,Puzzle,Natsume,0.07,0,0,0,0.07
5294,Bloody Roar 3,PS2,2001,Fighting,Virgin Interactive,0.15,0.11,0.05,0.04,0.35
8166,K-1 World Grand Prix,PS2,2002,Sports,Konami Digital Entertainment,0.04,0.03,0.1,0.01,0.18
10036,Ultimate Mortal Kombat,DS,2007,Fighting,Midway Games,0.09,0.01,0,0.01,0.11
12313,Dynasty Warriors Vs,3DS,2012,Action,Ackkstudios,0,0,0.06,0,0.06
14445,Shin Sangoku Musou Online: Kamishou Ranbu,PS3,2010,Action,Tecmo Koei,0,0,0.03,0,0.03
9041,Asphalt: Urban GT 2,DS,2006,Racing,Ubisoft,0.09,0.04,0,0.01,0.14
9272,G.I. Joe: The Rise of Cobra,DS,2009,Action,Electronic Arts,0.11,0.01,0,0.01,0.14
5587,Resident Evil: Revelations 2,PS3,2015,Action,Capcom,0.06,0.08,0.16,0.03,0.32
249,Tony Hawk's Pro Skater 3,PS2,2001,Sports,Activision,2.66,1.29,0.01,0.46,4.41
9230,Yu-Gi-Oh! Nightmare Troubadour (JP sales),DS,2005,Action,Konami Digital Entertainment,0,0.04,0.1,0,0.14
11607,We Sing Rock!,Wii,2011,Misc,Nordic Games,0,0.07,0,0.01,0.08
2270,Starsky & Hutch,PS2,2003,Racing,Empire Interactive,0.45,0.35,0,0.12,0.92
7079,Petz Rescue: Wildlife Vet,Wii,2008,Simulation,Ubisoft,0.21,0,0,0.02,0.23
5529,DiRT 2,PSP,2009,Racing,Sony Computer Entertainment,0.09,0.16,0,0.09,0.33
2679,LEGO Batman 2: DC Super Heroes,DS,2012,Action,Warner Bros. Interactive Entertainment,0.43,0.27,0,0.06,0.77
6223,Guitar Hero: Van Halen,PS3,2009,Misc,Activision,0.14,0.09,0,0.04,0.28
4913,Thrasher Presents: Skate and Destroy,PS,1998,Sports,Take-Two Interactive,0.22,0.15,0,0.03,0.39
14699,Super Duper Sumos,GBA,N/A,Action,Unknown,0.02,0.01,0,0,0.03
10284,Ty the Tasmanian Tiger 2: Bush Rescue,XB,2004,Platform,Electronic Arts,0.08,0.02,0,0,0.11
2249,007: The World is not Enough,PS,2000,Action,Electronic Arts,0.51,0.35,0,0.06,0.92
11275,Escape Dead Island,PS3,2014,Action,Deep Silver,0.03,0.04,0,0.01,0.08
1983,WWE SmackDown vs. Raw 2010,X360,2009,Fighting,THQ,0.56,0.38,0.01,0.11,1.05
4,Wii Sports Resort,Wii,2009,Sports,Nintendo,15.75,11.01,3.28,2.96,33
9107,Fur Fighters: Viggo's Revenge,PS2,2001,Action,Acclaim Entertainment,0.07,0.05,0,0.02,0.14
826,Pokémon Mystery Dungeon: Blue Rescue Team,DS,2005,Role-Playing,Nintendo,1.16,0.06,0.83,0,2.05
3934,Burnout Revenge,X360,2006,Racing,Electronic Arts,0.42,0.05,0,0.04,0.51
8065,LEGO Marvel's Avengers,3DS,2016,Action,Warner Bros. Interactive Entertainment,0.07,0.08,0.01,0.01,0.18
3568,The Lord of the Rings: The Return of the King,GBA,2003,Action,Electronic Arts,0.4,0.15,0,0.01,0.56
7372,Breakaway IV,2600,N/A,Puzzle,Sears,0.2,0.01,0,0,0.21
2556,Dying Light,XOne,2015,Action,Warner Bros. Interactive Entertainment,0.43,0.3,0.01,0.07,0.81
793,Derby Stallion,PS,1997,Sports,ASCII Entertainment,0,0,1.96,0.14,2.09
5257,Arctic Thunder,PS2,2001,Racing,Midway Games,0.17,0.14,0,0.05,0.36
11977,Shounen Sunday x Shounen Magazine: Nettou! Dream Nine,DS,2009,Sports,Konami Digital Entertainment,0,0,0.07,0,0.07
9023,Adrenalin Misfits,X360,2010,Racing,Konami Digital Entertainment,0.12,0.02,0,0.01,0.14
15250,Kao Challengers,PSP,2005,Platform,Atari,0.02,0,0,0,0.02
2978,The Last Story,Wii,2011,Role-Playing,Nintendo,0.32,0.13,0.18,0.04,0.68
9703,"Hisshou Pachinko*Pachi-Slot Kouryaku Series Vol. 12: CR Shinseiki Evangelion - Shito, Futatabi",PS2,2008,Misc,D3Publisher,0,0,0.12,0,0.12
13241,Katekyoo Hitman Reborn! DS: Bongole Shiki Taisen Battle Sugoroku,DS,2008,Misc,Takara Tomy,0,0,0.05,0,0.05
14278,Super Hero Generation,PS3,2014,Role-Playing,Namco Bandai Games,0,0,0.03,0,0.03
4190,Quest 64,N64,1998,Role-Playing,Konami Digital Entertainment,0.38,0.08,0,0.01,0.47
12338,Seaman 2: Peking Genjin Ikusei Kit,PS2,2007,Simulation,Sega,0,0,0.06,0,0.06
13897,R-Type Command (correct US sales),PSP,2007,Strategy,Rising Star Games,0.04,0,0,0,0.04
5107,Phantasy Star Portable 2: Infinity,PSP,2011,Role-Playing,Sega,0,0,0.37,0,0.37
9070,Jonny Moseley Mad Trix,PS2,2001,Sports,3DO,0.07,0.05,0,0.02,0.14
2748,Street Fighter EX Plus Alpha,PS,1997,Fighting,Virgin Interactive,0.28,0.19,0.23,0.05,0.75
7981,Hot Wheels: Battle Force 5,Wii,2009,Racing,Activision,0.17,0,0,0.01,0.19
4910,Laser Blast,2600,1981,Action,Activision,0.37,0.02,0,0,0.39
4274,Star Wars The Clone Wars: Republic Heroes,PS3,2009,Action,LucasArts,0.19,0.19,0,0.07,0.46
14798,My Ballet Studio,Wii,2009,Simulation,505 Games,0.02,0,0,0,0.03
15294,Stormrise,PC,2009,Strategy,Sega,0,0.02,0,0,0.02
6904,XS Airboat Racing,PS,2002,Racing,XS Games,0.13,0.09,0,0.02,0.24
10462,Despicable Me: The Game,PS2,2010,Platform,D3Publisher,0.05,0.04,0,0.01,0.1
7997,EyePet & Friends,PS3,2011,Simulation,Sony Computer Entertainment,0.06,0.09,0,0.03,0.19
10598,[Prototype 2],PC,2012,Action,Activision,0.07,0.02,0,0.01,0.1
287,Carnival Games,Wii,2007,Misc,Take-Two Interactive,2.13,1.5,0.05,0.42,4.1
1200,Active Life: Outdoor Challenge,Wii,2008,Sports,Atari,0.79,0.44,0.19,0.14,1.55
7428,PoPoLoCrois Monogatari II,PS,2000,Role-Playing,Sony Computer Entertainment,0,0,0.2,0.01,0.21
6902,Chibi-Robo! Zip Lash,3DS,2015,Platform,Nintendo,0.09,0.08,0.06,0.02,0.24
3553,Bob the Builder: Can We Fix It?,PS,2000,Action,THQ,0.31,0.21,0,0.04,0.57
4970,Tokimeki Memorial 2,PS,1999,Simulation,Konami Digital Entertainment,0,0,0.36,0.03,0.39
9957,Ultimate Puzzle Games: Sudoku Edition,DS,2007,Puzzle,Telegames,0.11,0,0,0.01,0.12
2808,Berzerk,2600,1981,Shooter,Atari,0.68,0.04,0,0.01,0.73
5306,Jikkyou Powerful Pro Yakyuu 2000,N64,2000,Sports,Konami Digital Entertainment,0,0,0.29,0.06,0.35
2862,MLB 13: The Show,PS3,2013,Sports,Sony Computer Entertainment,0.66,0,0,0.05,0.71
9208,Transformers: Prime,WiiU,2012,Action,Activision,0.09,0.03,0,0.01,0.14
6461,Danganronpa 2: Goodbye Despair,PSV,2014,Misc,Nippon Ichi Software,0.13,0.07,0,0.06,0.26
15388,Elminage Original: Majo to Megami to Kamigami no Yubiwa,PSP,2011,Role-Playing,Starfish,0,0,0.02,0,0.02
7720,Aikatsu! Cinderella Lesson,3DS,2012,Role-Playing,Namco Bandai Games,0,0,0.2,0,0.2
6550,Crash Nitro Kart,GC,2003,Racing,Vivendi Games,0.2,0.05,0,0.01,0.26
13670,Ferrari Challenge Trofeo Pirelli,PS3,2008,Racing,System 3 Arcade Software,0,0.03,0,0.01,0.04
12665,Cid to Chocobo no Fushigi na Dungeon: Toki Wasure no Meikyuu DS+,DS,2008,Role-Playing,Square Enix,0,0,0.06,0,0.06
7196,Mobile Suit Gundam Seed,PS2,2003,Action,Namco Bandai Games,0,0,0.22,0,0.22
14711,Monster Hunter Frontier Online: Forward 1,X360,2011,Role-Playing,Capcom,0,0,0.03,0,0.03
9087,Doom,GBA,2001,Shooter,Activision,0.1,0.04,0,0,0.14
10196,Yoostar2,PS3,2011,Misc,Unknown,0.04,0.05,0,0.02,0.11
6642,K-ON! Houkago Live!!,PSP,2010,Misc,Sega,0,0,0.25,0,0.25
13209,Super Bust-A-Move,GBA,2001,Puzzle,Ubisoft,0.03,0.01,0,0,0.05
9779,NPPL: Championship Paintball 2009,X360,2008,Shooter,Activision Value,0.1,0.01,0,0.01,0.12
4810,The Chronicles of Narnia: Prince Caspian,PS2,2008,Action,Disney Interactive Studios,0.2,0.15,0,0.05,0.4
16103,Konami Classics Vol. 2,X360,2009,Misc,Konami Digital Entertainment,0.01,0,0,0,0.01
9651,Armed and Dangerous,XB,2003,Shooter,LucasArts,0.09,0.03,0,0,0.13
3994,Metal Gear Rising: Revengeance,X360,2013,Action,Konami Digital Entertainment,0.29,0.16,0,0.04,0.5
14128,Even in a Game Listen to Me Girls. I Am Your Father!,PSP,2012,Action,Namco Bandai Games,0,0,0.03,0,0.03
11299,Arslan: The Warriors of Legend,PS4,2015,Action,Tecmo Koei,0.02,0.01,0.04,0.01,0.08
10910,Generator Rex: Agent of Providence,Wii,2011,Action,Activision,0.07,0.01,0,0.01,0.09
15444,Mini Ninjas,PC,2009,Action,Eidos Interactive,0,0.02,0,0,0.02
9191,Enclave,XB,2002,Adventure,Swing! Entertainment,0.11,0.03,0,0.01,0.14
7584,Cars,XB,2006,Racing,THQ,0.15,0.04,0,0.01,0.2
8326,Buzz! Brain of the UK,PS3,2009,Misc,Sony Computer Entertainment,0,0.15,0,0.02,0.17
4210,Cars: Race-O-Rama,PS2,2009,Racing,THQ,0.27,0.03,0,0.17,0.47
2069,Winning Eleven: Pro Evolution Soccer 2007 (All Region sales),X360,2006,Sports,Konami Digital Entertainment,0.08,0.9,0.02,0,1
13085,NHL Blades of Steel '99,N64,1999,Sports,Konami Digital Entertainment,0.05,0,0,0,0.05
439,Resident Evil 6,PS3,2012,Shooter,Capcom,0.88,0.97,0.88,0.42,3.15
14747,Bleach: Soul Carnival 2,PSP,2009,Fighting,Sony Computer Entertainment,0,0,0.03,0,0.03
12295,Pop'n Music Portable 2,PSP,2011,Misc,Konami Digital Entertainment,0,0,0.06,0,0.06
14039,Super Robot Taisen: Scramble Commander the 2nd,PS2,2007,Strategy,Banpresto,0,0,0.04,0,0.04
6680,Ultimate Fighting Championship,PS,2000,Fighting,Ubisoft,0.14,0.09,0,0.02,0.25
3107,Up,DS,2009,Action,THQ,0.31,0.28,0,0.07,0.65
784,Rock Band,Wii,N/A,Misc,MTV Games,1.35,0.56,0,0.2,2.11
710,Kirby: Nightmare in Dream Land,GBA,2002,Platform,Nintendo,1.22,0.1,0.91,0.04,2.27
2775,Brink,PS3,2011,Shooter,Bethesda Softworks,0.29,0.32,0.01,0.12,0.74
11349,Nikoli's Pencil Puzzle,3DS,2011,Puzzle,Hudson Soft,0.05,0.03,0,0.01,0.08
15490,Codename: Kids Next Door: Operation V.I.D.E.O.G.A.M.E.,XB,2005,Platform,Global Star,0.01,0,0,0,0.02
12540,Worldwide Soccer,SAT,1994,Sports,Sega,0,0,0.06,0,0.06
12838,IL-2 Sturmovik: Cliffs of Dover,PC,2011,Simulation,Ubisoft,0,0.04,0,0.01,0.05
6265,Moero! Nekketsu Rhythm Damashii: Osu! Tatakae! Ouendan! 2,DS,2007,Misc,Nintendo,0,0,0.27,0,0.27
13014,WRC 5: FIA World Rally Championship,PS4,2015,Sports,Bigben Interactive,0,0.04,0,0.01,0.05
10111,NHL Hitz 20-03,XB,2002,Sports,Midway Games,0.08,0.02,0,0,0.11
13826,Syndicate Wars,PS,1997,Strategy,Electronic Arts,0.02,0.01,0,0,0.04
14816,Kisuato,PSV,2015,Adventure,TGL,0,0,0.03,0,0.03
8280,Tamagotchi no Narikiri Challenge,DS,2010,Action,Namco Bandai Games,0,0,0.17,0,0.17
