Rank,Name,Platform,Year,Genre,Publisher,NA_Sales,EU_Sales,JP_Sales,Other_Sales,Global_Sales
14944,Let's Play Garden,Wii,2010,Simulation,Deep Silver,0.02,0,0,0,0.02
10374,Mace Griffin: Bounty Hunter,XB,2003,Shooter,Electronic Arts,0.08,0.02,0,0,0.11
14940,The Idolmaster: Gravure For You! Vol.7,PS3,2012,Action,Namco Bandai Games,0,0,0.02,0,0.02
6501,Tom and Jerry in War of the Whiskers,PS2,2002,Fighting,Ubisoft,0.13,0.1,0,0.03,0.26
11129,Lethal Enforcers,SNES,1993,Shooter,Konami Digital Entertainment,0,0,0.09,0,0.09
1561,Tony Hawk's Underground,XB,2003,Sports,Activision,0.85,0.37,0,0.05,1.27
6253,NBA 2K12,PSP,2011,Sports,Take-Two Interactive,0.22,0.03,0,0.03,0.28
13883,Rugby Challenge 3,PS4,2016,Sports,Alternative Software,0,0.03,0,0.01,0.04
12992,Strawberry Shortcake: Strawberryland Games,DS,2006,Action,Game Factory,0.05,0,0,0,0.05
15095,Kimi ga Aruji de Shitsuji ga Ore de: Oshie Nikki,PS2,2008,Adventure,Minato Station,0,0,0.02,0,0.02
10570,World Snooker Championship 2007,PS3,2007,Sports,Sega,0,0.1,0,0,0.1
8269,The Idolm@ster: Shiny Festa - Honey Sound / Funky Note / Groovy Tune,PSP,2012,Action,Namco Bandai Games,0,0,0.17,0,0.17
12758,Gintama no Sugoroku,PSP,2013,Action,Namco Bandai Games,0,0,0.06,0,0.06
12933,Katekyoo Hitman Reborn! DS: Shinuki Max! Vongola Carnival!!,DS,2007,Action,Takara Tomy,0,0,0.05,0,0.05
5553,NBA Live 96,PS,1996,Sports,Electronic Arts,0.16,0.11,0.04,0.02,0.33
11929,Galerians: Ash,PS2,2002,Adventure,Sammy Corporation,0.03,0.03,0,0.01,0.07
11007,Lilie no Atelier: Salburg no Renkinjutsushi 3,PS2,2001,Role-Playing,Gust,0,0,0.09,0,0.09
3208,Angry Birds Trilogy,3DS,2012,Action,Activision,0.38,0.2,0,0.05,0.63
13088,Dungeon Raiders,DS,2009,Role-Playing,Focus Home Interactive,0.05,0,0,0,0.05
15855,Assault Suit Leynos,PS4,2016,Shooter,Rising Star Games,0.01,0,0,0,0.02
16341,Fullmetal Alchemist: Prince of the Dawn,Wii,2009,Adventure,Square Enix,0,0,0.01,0,0.01
16133,Dr. Slump & Arale-Chan,DS,2008,Adventure,Namco Bandai Games,0,0,0.01,0,0.01
16207,Ro-Kyu-Bu! Secret Photo Op,PSV,2014,Adventure,Kadokawa Games,0,0,0.01,0,0.01
9057,Age of Empires: Collector's Edition,PC,2000,Strategy,Ubisoft,0.02,0.1,0,0.02,0.14
15172,Zillions of Enemy X: Zetsukai no Crusade,PS3,2013,Role-Playing,Nippon Ichi Software,0,0,0.02,0,0.02
11256,Princess Maker 2,SAT,1995,Simulation,Micro Cabin,0,0,0.08,0,0.08
1736,Football Manager 2013,PC,2012,Sports,Sega,0,0.95,0,0.22,1.17
5408,Point Blank,PS,1997,Shooter,Sony Computer Entertainment,0.05,0.03,0.23,0.02,0.34
12068,Command & Conquer 3: Tiberium Wars,PC,2007,Strategy,Electronic Arts,0,0.06,0,0.01,0.07
7219,The Lord of the Rings: The Third Age,GBA,2004,Role-Playing,Electronic Arts,0.16,0.06,0,0,0.22
12707,Terminator 3: Rise of the Machines,GBA,2003,Action,Atari,0.04,0.02,0,0,0.06
15704,GA - Geijutsuka Art Design Class: Slapstick Wonder Land,PSP,2010,Adventure,Russel,0,0,0.02,0,0.02
2351,Kingdoms of Amalur: Reckoning,X360,2012,Role-Playing,Electronic Arts,0.55,0.25,0.01,0.07,0.89
12100,Mega Man X4,SAT,1997,Action,Capcom,0,0,0.07,0,0.07
13113,Metal Max 2 Reloaded,DS,2011,Role-Playing,Unknown,0,0,0.05,0,0.05
4941,Kengo: Master of Bushido,PS2,2000,Fighting,Ubisoft,0.16,0.13,0.06,0.04,0.39
9,New Super Mario Bros. Wii,Wii,2009,Platform,Nintendo,14.59,7.06,4.7,2.26,28.62
4233,Dragon Ball Z: Collectible Card Game,GBA,2002,Misc,Infogrames,0.33,0.12,0,0.01,0.46
2868,Dynasty Warriors 6,PS3,2007,Action,Tecmo Koei,0.18,0.08,0.41,0.04,0.71
16536,Metal Gear Solid HD Edition,X360,2011,Action,Konami Digital Entertainment,0,0,0.01,0,0.01
16484,Dengeki Gakuen RPG: Cross of Venus Special,DS,2011,Role-Playing,ASCII Media Works,0,0,0.01,0,0.01
2424,The Lord of the Rings: War in the North,X360,N/A,Action,Warner Bros. Interactive Entertainment,0.52,0.26,0,0.08,0.86
6071,Purr Pals,Wii,2008,Simulation,Deep Silver,0.27,0,0,0.02,0.29
315,NBA 2K16,PS4,2015,Sports,Take-Two Interactive,2.48,0.65,0.03,0.69,3.85
10973,New Legends,XB,2002,Action,THQ,0.07,0.02,0,0,0.09
10246,Alias,PS2,2004,Action,Acclaim Entertainment,0.05,0.04,0,0.01,0.11
11794,The Sims 3: Barnacle Bay,PC,2011,Simulation,Electronic Arts,0.07,0,0,0.01,0.07
1914,Dragon Ball Z: Taiketsu,GBA,2003,Fighting,Atari,0.77,0.29,0,0.02,1.08
12626,Tron 2.0: Killer App,XB,2004,Action,Disney Interactive Studios,0.04,0.01,0,0,0.06
5695,Dynasty Warriors 4 Empires,PS2,2004,Action,Tecmo Koei,0,0,0.32,0,0.32
220,FIFA 15,PS3,2014,Sports,Electronic Arts,0.57,3.14,0.04,1.07,4.82
2634,Metroid Prime Hunters,DS,2006,Shooter,Nintendo,0.58,0.04,0.11,0.06,0.78
15996,Blazblue: Continuum Shift Extend,PSP,2012,Fighting,Arc System Works,0,0,0.01,0,0.01
8664,Psychic Force,PS,1996,Fighting,Acclaim Entertainment,0.01,0.01,0.13,0.01,0.16
6398,Madden NFL 08,DS,2007,Sports,Electronic Arts,0.24,0,0,0.02,0.27
15389,TalkMan,PSP,2006,Misc,Sony Computer Entertainment,0,0,0.02,0,0.02
14021,World Championship Pool 2004,XB,2003,Sports,Jaleco,0.03,0.01,0,0,0.04
8708,Fist of the North Star: Ken's Rage,X360,2010,Action,Ubisoft Annecy,0.07,0.02,0.06,0.01,0.16
1105,Need for Speed Carbon,X360,2006,Racing,Electronic Arts,0.76,0.7,0.02,0.18,1.66
16313,Happy Dance Collection,Wii,2008,Misc,Namco Bandai Games,0,0,0.01,0,0.01
2898,Doom 3: Resurrection of Evil,XB,2005,Shooter,Activision,0.53,0.15,0,0.03,0.71
9641,Mega Man X Collection,GC,2006,Misc,Capcom,0.1,0.03,0,0,0.13
13875,Gundam Battle Online,DC,2001,Action,Namco Bandai Games,0,0,0.04,0,0.04
16112,Paranormal Pursuit: The Gifted One,PC,2015,Action,Alawar Entertainment,0,0.01,0,0,0.01
4848,Road Rash: Jailbreak,PS,1999,Racing,Electronic Arts,0.22,0.15,0,0.03,0.4
8322,Bee Movie Game,X360,2007,Action,Activision,0.16,0,0,0.01,0.17
6392,Ace Attorney 6,3DS,2016,Adventure,Capcom,0,0,0.27,0,0.27
4211,Downhill Domination,PS2,2003,Racing,Codemasters,0.23,0.18,0,0.06,0.47
8591,Destruction Derby 64,N64,1999,Racing,THQ,0.13,0.03,0,0,0.16
340,Tony Hawk's Pro Skater 4,PS2,2002,Sports,Activision,2.13,1.18,0.01,0.35,3.67
8031,Ar tonelico 2: Melody of Metafalica,PS2,2007,Role-Playing,Nippon Ichi Software,0.04,0.03,0.11,0.01,0.18
2430,Skate 2,PS3,2009,Sports,Electronic Arts,0.46,0.26,0.01,0.12,0.85
15726,Digimon Rumble Arena,PS,2001,Fighting,Namco Bandai Games,0.01,0.01,0,0,0.02
12046,Dream Dance & Cheer,Wii,2009,Misc,Zoo Games,0.06,0,0,0,0.07
13509,I.Q. Remix+: Intelligent Qube,PS2,2000,Puzzle,Sony Computer Entertainment,0,0,0.04,0,0.04
2806,Practise English!,DS,2007,Misc,Nintendo,0,0,0.73,0,0.73
5953,Dragon Ball Z: Budokai Tenkaichi 2,Wii,2006,Fighting,Atari,0.24,0.03,0,0.02,0.3
3987,Bases Loaded '96: Double Header,PS,1995,Sports,Jaleco,0.28,0.19,0,0.03,0.5
11705,Tears to Tiara: Garland of the Earth,PS3,2008,Strategy,Aqua Plus,0,0,0.08,0,0.08
14042,Espgaluda II Black Label,X360,2010,Shooter,Cave,0,0,0.04,0,0.04
10611,Bee Movie Game,PS2,2007,Action,Activision,0.05,0.04,0,0.01,0.1
3254,Evolve,XOne,2015,Shooter,Take-Two Interactive,0.36,0.2,0,0.06,0.62
8211,Ashes Cricket 2009,PS3,2009,Sports,Codemasters,0,0.16,0,0.02,0.17
10568,Cabela's Adventure Camp,X360,2011,Misc,Activision,0.07,0.02,0,0.01,0.1
7332,Dorabase DS: Dramatic Stadium,DS,2007,Sports,Namco Bandai Games,0,0,0.21,0,0.21
9150,The Granstream Saga,PS,1997,Role-Playing,Sony Computer Entertainment,0.08,0.05,0,0.01,0.14
15065,GT Legends,PC,2005,Racing,Atari,0,0.02,0,0,0.02
14813,Himoutou! Umaru-Chan: Himoutou Ikusei Keikaku,PSV,2015,Simulation,FuRyu,0,0,0.03,0,0.03
1102,SSX,PS2,2000,Sports,Electronic Arts,0.78,0.61,0.06,0.2,1.66
1219,Call of Duty: Black Ops II,PC,2012,Shooter,Activision,0.63,0.69,0,0.21,1.53
13225,Beastly Frantic Foto,DS,2011,Puzzle,Storm City Games,0.04,0,0,0,0.05
15715,Amagoushi no Yakata,PS2,2007,Adventure,Nippon Ichi Software,0,0,0.02,0,0.02
702,Mario Bros.,NES,1983,Platform,Nintendo,0.51,0.12,1.63,0.02,2.28
13863,Denki Blocks!,GBA,2001,Puzzle,Rage Software,0.03,0.01,0,0,0.04
3775,MLB SlugFest 20-04,PS2,2003,Sports,Midway Games,0.26,0.2,0,0.07,0.53
477,Animal Crossing: Happy Home Designer,3DS,2015,Simulation,Nintendo,0.47,1,1.39,0.12,2.98
1659,The Magical Quest starring Mickey Mouse,SNES,1992,Platform,Capcom,0.66,0.17,0.35,0.03,1.21
14230,JoJo's Bizarre Adventure: Eyes of Heaven,PS4,2015,Fighting,Namco Bandai Games,0,0,0.03,0,0.03
6311,Rhythm Thief & the Emperor's Treasure,3DS,2012,Misc,Sega,0.07,0.07,0.12,0.01,0.27
15807,Call of Duty: Modern Warfare Trilogy,X360,2016,Shooter,Activision,0.01,0.01,0,0,0.02
14537,Monster Hunter Frontier Online: Season 10,X360,2011,Role-Playing,Capcom,0,0,0.03,0,0.03
10553,DS Kageyama Method: Dennou Hanpuku - Tadashii Kanji Kakitori-Kun,DS,2007,Misc,Shogakukan,0,0,0.1,0,0.1
12405,Monkey Island: Special Edition Collection,X360,2011,Adventure,Activision,0,0.05,0,0.01,0.06
8076,Dungeon Travelers 2: The Royal Library & The Monster Seal,PSV,2014,Role-Playing,Atlus,0.07,0.03,0.05,0.03,0.18
16059,Sangoku Koi Senki: Otome no Heihou!,PS2,2011,Adventure,Prototype,0,0,0.01,0,0.01
2511,Star Wars The Clone Wars: Republic Heroes,Wii,2009,Action,LucasArts,0.44,0.3,0,0.08,0.82
14151,Cabela's Dangerous Hunts 2,GC,2005,Sports,Activision,0.03,0.01,0,0,0.03
9102,Shonen Jump's Shaman King: Master of Spirits,GBA,2004,Role-Playing,Konami Digital Entertainment,0.1,0.04,0,0,0.14
4197,Rise of Nightmares,X360,2011,Action,Sega,0.28,0.13,0.01,0.04,0.47
8944,Crash: Twinsanity,XB,2004,Platform,Vivendi Games,0.11,0.03,0,0.01,0.15
5143,NFL Street 2 Unleashed,PSP,2005,Sports,Electronic Arts,0.34,0,0,0.03,0.37
6870,South Park: Chef's Luv Shack,N64,1999,Misc,Acclaim Entertainment,0.19,0.05,0,0,0.24
11340,Nano Assault,3DS,2011,Shooter,Majesco Entertainment,0.08,0,0,0.01,0.08
471,wwe Smackdown vs. Raw 2006,PS2,N/A,Fighting,N/A,1.57,1.02,0,0.41,3
7630,Magical ZhuZhu Princess: Carriages & Castles,DS,2011,Simulation,Activision,0.14,0.04,0,0.02,0.2
5573,Pinball Hall of Fame: The Gottlieb Collection,PS2,2004,Misc,Play It,0.16,0.12,0,0.04,0.33
10816,ReCore,XOne,2016,Action,Microsoft Game Studios,0.06,0.03,0,0.01,0.1
15087,Kingdom: Ikkitousen no Ken,PSP,2010,Action,Konami Digital Entertainment,0,0,0.02,0,0.02
9377,Brain Assist,DS,2007,Misc,Sega,0.12,0,0,0.01,0.13
9450,How to Train Your Dragon 2,PS3,2014,Adventure,Little Orbit,0.03,0.08,0,0.02,0.13
13367,Taiko no Tatsujin Portable 2,PSP,2006,Misc,Namco Bandai Games,0,0,0.05,0,0.05
15781,Yoake Yori Ruriiro na Portable,PSP,2010,Adventure,Kadokawa Shoten,0,0,0.02,0,0.02
7485,CSI: Deadly Intent,X360,2009,Adventure,Ubisoft,0.1,0.08,0,0.02,0.21
3189,Just Dance 2015,X360,2014,Misc,Ubisoft,0.41,0.16,0,0.06,0.63
4918,Tear Ring Saga Yutona Eiyuu Senki,PS,2001,Role-Playing,Enterbrain,0,0,0.37,0.03,0.39
6582,Bionicle: Matoran Adventures,GBA,2002,Platform,Electronic Arts,0.18,0.07,0,0,0.26
10154,Super Run For Money Tousouchuu Atsumare! Saikyou no Tousou Monotachi,3DS,2015,Action,Namco Bandai Games,0,0,0.11,0,0.11
13450,Nora to Koku no Koubou: Kiri no Mori no Majo,DS,2011,Role-Playing,Atlus,0,0,0.05,0,0.05
15908,Sengoku Efuda Yuugi: Hototogisu Ran,PSP,2008,Misc,Irem Software Engineering,0,0,0.02,0,0.02
8990,Dynasty Warriors 8: Xtreme Legends,PSV,2013,Action,Tecmo Koei,0.04,0.03,0.05,0.02,0.15
7394,Yoga Wii,Wii,2009,Sports,JoWood Productions,0.15,0.05,0,0.02,0.21
11232,Cartoon Network: Punch Time Explosion XL,Wii,2011,Fighting,Crave Entertainment,0.07,0.01,0,0.01,0.09
3326,Disney TH!NK Fast: The Ultimate Trivia Showdown,Wii,2008,Misc,Disney Interactive Studios,0.37,0.16,0.01,0.06,0.61
14509,Suzumiya Haruhi no Chokuretsu,DS,2009,Adventure,Sega,0,0,0.03,0,0.03
15777,Army Men: Major Malfunction,XB,2006,Shooter,Global Star,0.01,0,0,0,0.02
1551,Silent Hill 2,PS2,2001,Action,Konami Digital Entertainment,0.62,0.49,0,0.16,1.28
9274,BIT.TRIP SAGA,3DS,2011,Misc,Rising Star Games,0.09,0.04,0,0.01,0.14
273,Gran Turismo 5 Prologue,PS3,2007,Racing,Sony Computer Entertainment,1.28,1.83,0.57,0.53,4.2
13839,Tokimeki Mahjong Paradise: Koi no Tenpai Beat,SAT,1995,Misc,Sonnet,0,0,0.04,0,0.04
46,Pokemon HeartGold/Pokemon SoulSilver,DS,2009,Action,Nintendo,4.4,2.77,3.96,0.77,11.9
4432,Plants vs. Zombies: Garden Warfare 2,XOne,2016,Shooter,Electronic Arts,0.26,0.15,0,0.04,0.44
13931,Jikkyou Powerful Major League,GC,2006,Sports,Konami Digital Entertainment,0,0,0.04,0,0.04
3095,Animaniacs Ten Pin Alley,PS,1998,Sports,ASC Games,0.36,0.25,0,0.04,0.66
8607,Blitz: The League,X360,2006,Sports,Midway Games,0.15,0,0,0.01,0.16
11782,Jewel Time Deluxe,DS,2011,Puzzle,O-Games,0.04,0.03,0,0.01,0.07
5053,Taiko no Tatsujin Portable DX,PSP,2011,Misc,Namco Bandai Games,0,0,0.38,0,0.38
4310,Tales of Vesperia,PS3,2009,Role-Playing,Namco Bandai Games,0,0,0.45,0,0.45
5326,Tom Clancy's Rainbow Six: Lockdown,PS2,2005,Shooter,Ubisoft,0.17,0.13,0,0.04,0.35
15497,Speed Kings,GC,2003,Racing,Acclaim Entertainment,0.01,0,0,0,0.02
1493,NFL 2K3,PS2,2002,Sports,Atari,1.06,0.08,0,0.18,1.32
2737,Tearaway,PSV,2013,Adventure,Sony Computer Entertainment Europe,0.17,0.39,0,0.19,0.75
437,LEGO Batman: The Videogame,DS,2008,Action,Warner Bros. Interactive Entertainment,1.79,1.06,0,0.29,3.15
16383,Fate/kaleid liner Prisma Illya,3DS,2014,Action,Kadokawa Games,0,0,0.01,0,0.01
13009,Prism: Light the Way,DS,2007,Puzzle,Eidos Interactive,0.05,0,0,0,0.05
6613,Kidou Senshi Gundam: Giren no Yabou,SAT,1998,Strategy,Namco Bandai Games,0,0,0.25,0,0.25
240,Pitfall!,2600,1981,Platform,Activision,4.21,0.24,0,0.05,4.5
13040,Star Wars: Republic Commando,PC,2005,Shooter,LucasArts,0,0.04,0,0.01,0.05
14059,Monster Kingdom: Jewel Summoner,PSP,2006,Role-Playing,Sony Computer Entertainment,0,0,0.04,0,0.04
12745,Wreckless: ThE YaKuza MisSiOns,GC,2002,Racing,Activision,0.04,0.01,0,0,0.06
9535,Rock Band Track Pack Volume 1,PS2,2008,Misc,MTV Games,0.06,0.05,0,0.02,0.13
16234,Densetsu no Yuusha no Densetsu: Legendary Saga,PSP,2010,Role-Playing,Kadokawa Shoten,0,0,0.01,0,0.01
7514,SD Gundam GNext,SNES,1995,Strategy,Namco Bandai Games,0,0,0.2,0,0.2
14920,ZooCube,GC,2002,Puzzle,Acclaim Entertainment,0.02,0,0,0,0.02
1837,Guitar Hero Encore: Rocks The 80s,PS2,2007,Misc,RedOctane,0.92,0.04,0,0.15,1.11
15340,Shonen Jump's Shaman King: Master of Spirits 2,GBA,2005,Role-Playing,Konami Digital Entertainment,0.01,0.01,0,0,0.02
1973,Adventure Island,NES,1986,Platform,Hudson Soft,0,0,1.05,0,1.05
2903,2014 FIFA World Cup Brazil,PS3,2014,Sports,Electronic Arts,0.15,0.39,0.01,0.16,0.71
12946,UEFA Champions League 2006-2007,X360,2007,Sports,Electronic Arts,0.04,0.01,0,0,0.05
6225,Madagascar,XB,2005,Platform,Activision,0.21,0.06,0,0.01,0.28
3895,Pro Evolution Soccer 2010,Wii,2009,Sports,Konami Digital Entertainment,0.12,0.27,0.06,0.05,0.51
14865,Pro Yakyuu Family Stadium,Wii,2008,Sports,Namco Bandai Games,0,0,0.03,0,0.03
6950,The Walking Dead: Season Two,PS4,2014,Adventure,Telltale Games,0.1,0.09,0.01,0.04,0.24
9115,Mr. Driller: Drill Spirits,DS,2004,Puzzle,Nintendo,0.08,0,0.05,0.01,0.14
9735,Bomberman Party Edition,PS,1998,Puzzle,Virgin Interactive,0.07,0.05,0,0.01,0.12
4107,Tiger Woods PGA Tour 07,X360,2006,Sports,Electronic Arts,0.44,0,0,0.04,0.48
11935,Disney Sports Skateboarding,GBA,2002,Sports,Konami Digital Entertainment,0.05,0.02,0,0,0.07
15567,Tantei Opera: Milky Holmes,PSP,2010,Adventure,Unknown,0,0,0.02,0,0.02
8286,Psi-Ops: The Mindgate Conspiracy,XB,2004,Shooter,Midway Games,0.13,0.04,0,0.01,0.17
5477,Resonance of Fate,X360,2010,Role-Playing,Sega,0.12,0.13,0.06,0.03,0.33
713,Call of Duty 3,Wii,N/A,Shooter,Activision,1.19,0.84,0,0.23,2.26
4733,The Terminator: Dawn of Fate,PS2,2002,Action,Atari,0.2,0.16,0,0.05,0.41
3454,The Legend of Spyro: Dawn of the Dragon,Wii,2008,Platform,Vivendi Games,0.35,0.18,0,0.05,0.58
9724,Onechanbara: Bikini Zombie Slayers,Wii,2008,Action,D3Publisher,0.11,0,0,0.01,0.12
13052,Sherlock Holmes: Crimes & Punishments,PC,2014,Adventure,Focus Home Interactive,0,0.05,0,0,0.05
5077,Dragon Ball Z: Attack of the Saiyans,DS,2009,Role-Playing,Namco Bandai Games,0.13,0.02,0.21,0.01,0.38
6218,Mister Mosquito,PS2,2001,Shooter,Eidos Interactive,0.05,0.04,0.17,0.01,0.28
1968,SOCOM: U.S. Navy SEALs Fireteam Bravo 2,PSP,2006,Shooter,Sony Computer Entertainment,0.81,0.11,0,0.13,1.05
929,Turok 2: Seeds of Evil,N64,1997,Platform,Acclaim Entertainment,1.37,0.41,0.04,0.04,1.86
12734,The Lord of the Rings: The Battle for Middle-Earth II,X360,2006,Strategy,Electronic Arts,0,0.05,0,0.01,0.06
6228,F-1 Grand Prix,SNES,1992,Racing,Video System,0,0,0.28,0,0.28
4143,SimCity Creator,Wii,2008,Simulation,Electronic Arts,0.37,0.03,0.04,0.04,0.48
8146,Race Pro,X360,2009,Racing,Atari,0.06,0.09,0,0.02,0.18
10981,Samurai Shodown Anthology,PSP,N/A,Fighting,Ignition Entertainment,0.08,0,0,0.01,0.09
3175,Start the Party!,PS3,2010,Misc,Sony Computer Entertainment,0.07,0.42,0,0.14,0.64
5809,Skylanders SWAP Force,XOne,2013,Platform,Activision,0.22,0.06,0,0.02,0.31
11613,Phantasy Star Online Episode III: C.A.R.D. Revolution,GC,2003,Role-Playing,Sega,0.06,0.02,0,0,0.08
13540,B's-LOG Party♪,PSP,2010,Adventure,Idea Factory,0,0,0.04,0,0.04
8091,Jampack Vol. 1,PS,1996,Misc,Sony Computer Entertainment,0.1,0.07,0,0.01,0.18
4404,Jawbreaker,2600,1981,Action,Tigervision,0.42,0.03,0,0,0.45
8508,Lethal Skies II,PS2,2003,Simulation,Sammy Corporation,0.08,0.06,0,0.02,0.16
9752,Mobile Suit Gundam Seed: Rengou vs. Z.A.F.T. Portable,PSP,2007,Shooter,Namco Bandai Games,0,0,0.12,0,0.12
2622,Too Human,X360,2008,Role-Playing,Microsoft Game Studios,0.38,0.3,0.03,0.08,0.79
12318,Mobile Suit Gundam Seed: Never Ending Tomorrow,PS2,2004,Shooter,Namco Bandai Games,0.03,0.02,0,0.01,0.06
9092,Hexyz Force,PSP,2009,Role-Playing,Atlus,0.07,0,0.06,0.01,0.14
3306,New Play Control! Donkey Kong Jungle Beat,Wii,2008,Platform,Nintendo,0.24,0.17,0.14,0.05,0.61
1510,Pitfall II: Lost Caverns,2600,1983,Platform,Activision,1.22,0.07,0,0.02,1.31
15867,Shinkyoku Soukai Polyphonica,PS2,2007,Adventure,Prototype,0,0,0.02,0,0.02
13477,World Trigger: Borderless Mission,PSV,2015,Action,Namco Bandai Games,0,0,0.04,0,0.04
3627,God of War: Origins Collection,PS3,2011,Action,Sony Computer Entertainment,0.39,0.08,0.02,0.06,0.56
5174,Resident Evil Zero,PS4,2016,Action,Capcom,0.09,0.17,0.05,0.05,0.36
13109,ESPN International Winter Sports 2002,GC,2002,Sports,Konami Digital Entertainment,0.04,0.01,0,0,0.05
14611,Blaze Union: Story to Reach the Future,PSP,2010,Role-Playing,Sting,0,0,0.03,0,0.03
15107,Brave: The Video Game,Wii,2012,Action,Disney Interactive Studios,0,0.02,0,0,0.02
1795,Resident Evil - Code: Veronica,DC,2000,Action,Eidos Interactive,0.41,0.23,0.47,0.03,1.14
6895,Dance Dance Revolution: Disney Channel Edition,PS2,2008,Simulation,Konami Digital Entertainment,0.12,0.09,0,0.03,0.24
15471,Tycoon City: New York,PC,2006,Strategy,Atari,0,0.02,0,0,0.02
12979,Mr Bean's Wacky World of Wii,Wii,2009,Adventure,Blast! Entertainment Ltd,0,0.05,0,0,0.05
13288,Rock of the Dead,PS3,2010,Shooter,Conspiracy Entertainment,0.04,0,0,0,0.05
15162,Warriors of the Lost Empire (JP sales),PSP,2007,Role-Playing,Mercury Games,0,0,0.02,0,0.02
7291,Order Up!,Wii,2008,Misc,Zoo Digital Publishing,0.19,0.01,0,0.02,0.22
9149,SingStar Vol. 3,PS3,2008,Misc,Sony Computer Entertainment,0,0.11,0,0.03,0.14
1815,Yakuza 3,PS3,2009,Action,Sega,0.21,0.21,0.62,0.08,1.13
923,Dynasty Warriors 3,PS2,2001,Action,THQ,0.53,0.16,1.07,0.1,1.87
3917,Dai-4-Ji Super Robot Taisen S,PS,1996,Strategy,Banpresto,0,0,0.48,0.03,0.51
515,Assassin's Creed: Brotherhood,PS3,2010,Action,Ubisoft,1.87,0.57,0.11,0.3,2.84
4912,LocoRoco,PSP,2006,Platform,Sony Computer Entertainment,0.14,0.05,0.16,0.04,0.39
15523,The Cheetah Girls,GBA,2006,Misc,Disney Interactive Studios,0.01,0,0,0,0.02
4230,MX vs. ATV Untamed,PS3,2007,Racing,THQ,0.35,0.06,0,0.05,0.46
5262,Wonder Pets! Save the Animals!,DS,2008,Adventure,Take-Two Interactive,0.33,0,0,0.02,0.36
3952,Sonic Riders,PS2,2006,Racing,Sega,0.42,0.02,0,0.07,0.5
8572,The King of Fighters XII,PS3,2009,Fighting,Ignition Entertainment,0.11,0.01,0.03,0.01,0.16
6273,Dragon Ball Z: Budokai 2,GC,2004,Fighting,Atari,0.21,0.06,0,0.01,0.27
6109,Monster 4x4: Masters of Metal,PS2,2003,Racing,Ubisoft,0.14,0.11,0,0.04,0.28
15461,Ten Pin Alley 2,Wii,2008,Sports,XS Games,0.02,0,0,0,0.02
8244,SaGa 2: Hihou Densetsu - Goddess of Destiny,DS,2009,Role-Playing,Square Enix,0,0,0.17,0,0.17
15338,Mystery Tales 2: The Spirit Mask,DS,2011,Puzzle,Unknown,0,0.02,0,0,0.02
11186,Derby Stallion,SAT,1999,Sports,ASCII Entertainment,0,0,0.09,0,0.09
13129,DiRT 2,PC,2009,Racing,Codemasters,0,0.04,0,0.01,0.05
15668,Moe Star: Moeru Toudai Eigojuku,DS,2008,Misc,Mirai Shounen,0,0,0.02,0,0.02
534,Battlefield 3,PC,2011,Shooter,Electronic Arts,0.89,1.43,0,0.48,2.79
16368,Survivor,Wii,2010,Adventure,Valcon Games,0.01,0,0,0,0.01
16054,Battle Worlds: Kronos,PC,2016,Strategy,Nordic Games,0,0.01,0,0,0.01
2599,Dragon Ball Z: Budokai Tenkaichi 2,PS2,2006,Fighting,Atari,0.66,0.02,0,0.11,0.79
12431,Kikou Heidan J-Phoenix,PS2,2001,Action,Takara,0,0,0.06,0,0.06
5605,Army of Two: The 40th Day,PSP,2010,Shooter,Electronic Arts,0.12,0.13,0,0.08,0.32
2546,Final Fantasy Type-0,PSP,2011,Role-Playing,Unknown,0,0,0.81,0,0.81
6329,Battle of Giants: Mutant Insects,DS,2010,Strategy,Ubisoft,0.09,0.15,0,0.03,0.27
8145,Godzilla (2015),PS4,2014,Action,Namco Bandai Games,0.1,0.03,0.02,0.03,0.18
13506,IL-2 Sturmovik: 1946,PC,2006,Simulation,Ubisoft,0,0.04,0,0.01,0.04
9789,Alice: Madness Returns,PC,2011,Adventure,Electronic Arts,0,0.1,0,0.02,0.12
7723,Mega Man Legacy Collection,3DS,2016,Platform,Capcom,0.13,0,0.05,0.02,0.2
15410,Maximum Racing: Crash Car Racer,Wii,2010,Racing,Nordic Games,0.01,0.01,0,0,0.02
10306,Master of the Monster Lair,DS,2007,Role-Playing,Rising Star Games,0.1,0,0,0.01,0.11
33,Pokemon X/Pokemon Y,3DS,2013,Role-Playing,Nintendo,5.17,4.05,4.34,0.79,14.35
11043,Rugby 2005,PS2,2005,Sports,Electronic Arts,0.04,0.03,0,0.01,0.09
16178,Republique,PS4,2016,Action,Nippon Ichi Software,0,0.01,0.01,0,0.01
1511,Turok: Evolution,PS2,2002,Shooter,Acclaim Entertainment,0.64,0.5,0,0.17,1.31
9810,Macross Triangle Frontier,PSP,2011,Action,Namco Bandai Games,0,0,0.12,0,0.12
1110,Super Scope 6,SNES,1991,Shooter,Nintendo,1.06,0.38,0.15,0.05,1.65
15637,Kimikare: New Semester,PSP,2012,Action,Idea Factory,0,0,0.02,0,0.02
9032,Dream Pinball 3D,Wii,2008,Misc,SouthPeak Games,0.1,0.03,0,0.01,0.14
14780,Baldur's Gate: Dark Alliance,GBA,2004,Role-Playing,"Destination Software, Inc",0.02,0.01,0,0,0.03
10465,Tom Clancy's Splinter Cell: Chaos Theory,GC,2005,Action,Ubisoft,0.08,0.02,0,0,0.1
14373,Starsky & Hutch,GBA,2003,Racing,Empire Interactive,0.02,0.01,0,0,0.03
13319,Star Driver: Kagayaki no Takuto - Ginga Bishounen Densetsu,PSP,2011,Adventure,Namco Bandai Games,0,0,0.05,0,0.05
5265,CSI: Deadly Intent - The Hidden Cases,DS,2009,Adventure,Ubisoft,0.16,0.16,0,0.04,0.35
11330,Armorines: Project S.W.A.R.M.,PS,2000,Shooter,Acclaim Entertainment,0.05,0.03,0,0.01,0.08
14382,Medabots 9: Metabee / Rokusho,3DS,2015,Role-Playing,Rocket Company,0,0,0.03,0,0.03
13395,Lux-Pain,DS,2008,Adventure,Rising Star Games,0.04,0,0,0,0.05
7640,Hot Wheels: Track Attack,Wii,2010,Racing,THQ,0.15,0.04,0,0.01,0.2
6775,Dynasty Warriors 7,X360,2011,Action,Tecmo Koei,0.16,0.07,0,0.02,0.24
2541,EA Sports Active NFL Training Camp,Wii,2010,Sports,Electronic Arts,0.77,0,0,0.05,0.81
823,Need for Speed: ProStreet,PS3,2007,Racing,Electronic Arts,0.73,0.92,0.04,0.37,2.05
5724,FIFA Street,PS2,2005,Sports,Electronic Arts,0.15,0.12,0,0.04,0.31
7025,Rocket Power: Beach Bandits,GC,2002,Platform,THQ,0.18,0.05,0,0.01,0.23
7001,M&M's Kart Racing,Wii,2007,Racing,Zoo Digital Publishing,0.22,0,0,0.02,0.23
9564,All-Star Baseball 2004,XB,2003,Sports,Acclaim Entertainment,0.1,0.03,0,0,0.13
14041,Tomb Raider: Anniversary,PC,2007,Action,Eidos Interactive,0,0.03,0,0.01,0.04
4342,World Stadium 2,PS,1998,Sports,Namco Bandai Games,0,0,0.42,0.03,0.45
13554,Get Up and Dance,PS3,2011,Misc,O-Games,0.03,0.01,0,0,0.04
11120,NFL Blitz 20-02,GC,2002,Sports,Midway Games,0.07,0.02,0,0,0.09
12691,Romance of the Three Kingdoms 13,PS4,2015,Action,Tecmo Koei,0.01,0,0.05,0,0.06
7637,Ford Racing Off Road,PS2,2008,Racing,Xplosiv,0.1,0.08,0,0.03,0.2
15688,Golden Nugget Casino DS,DS,2005,Misc,Majesco Entertainment,0.02,0,0,0,0.02
15955,Narcissus: Moshimo Ashita ga Runara,PSP,2010,Adventure,Kadokawa Shoten,0,0,0.02,0,0.02
2038,Ace Combat 6: Fires of Liberation,X360,2007,Simulation,Atari,0.69,0.04,0.22,0.06,1.02
4635,Blazing Angels: Squadrons of WWII,X360,2006,Simulation,Ubisoft,0.36,0.03,0,0.03,0.42
10323,Tetris Evolution,X360,2007,Puzzle,THQ,0.08,0.02,0,0.01,0.11
2423,Dragon Ball Z: Burst Limit,PS3,2008,Fighting,Atari,0.22,0.34,0.18,0.12,0.86
2949,Test Drive Unlimited 2,X360,N/A,Racing,Atari,0.3,0.32,0,0.07,0.69
12526,Gun Showdown,PSP,2006,Action,Activision,0.05,0.01,0,0.01,0.06
13239,Barnyard,GBA,2006,Action,THQ,0.03,0.01,0,0,0.05
12842,Virtua Tennis 3,PSP,2007,Sports,Sega,0.02,0.03,0,0.01,0.05
8306,.hack//G.U. Vol.3//Redemption,PS2,2007,Role-Playing,Namco Bandai Games,0,0,0.17,0,0.17
9084,The Legend of Heroes II: Prophecy of the Moonlight Witch,PSP,2004,Role-Playing,Namco Bandai Games,0.03,0,0.11,0,0.14
2646,Worms: Open Warfare,PSP,2006,Strategy,THQ,0.11,0.43,0,0.24,0.78
6085,Wappy Dog,DS,2011,Simulation,Activision,0.27,0,0,0.02,0.29
4860,Silent Hill: Homecoming,PS3,N/A,Action,Konami Digital Entertainment,0.18,0.15,0,0.06,0.4
1252,Monopoly,PS,1997,Misc,Hasbro Interactive,1.18,0.27,0,0.05,1.51
5926,Full Spectrum Warrior,PS2,2005,Strategy,THQ,0.15,0.11,0,0.04,0.3
506,Call of Duty: Ghosts,XOne,2013,Shooter,Activision,1.87,0.77,0,0.22,2.86
806,Ghostbusters: The Video Game (DS Version),PS3,2010,Action,Take-Two Interactive,0.59,0.99,0.13,0.36,2.08
2214,The Legend of Zelda: Twilight Princess HD,WiiU,2016,Action,Nintendo,0.48,0.3,0.08,0.08,0.94
838,Madden NFL 15,PS4,2014,Sports,Electronic Arts,1.53,0.25,0,0.25,2.03
10724,Winter Stars,X360,2011,Sports,Deep Silver,0.05,0.04,0,0.01,0.1
7202,Hitman: HD Trilogy,PS3,2013,Action,Square Enix,0.07,0.1,0,0.04,0.22
8704,Imagine: Music Fest,DS,2009,Simulation,Ubisoft,0.15,0,0,0.01,0.16
3057,Tony Hawk's Proving Ground,PS2,2007,Sports,Activision,0.55,0.02,0,0.09,0.66
4482,SingStar Motown,PS2,2009,Misc,Sony Computer Entertainment,0,0.06,0,0.38,0.44
13331,Microsoft Train Simulator,PC,2001,Simulation,Microsoft Game Studios,0,0.04,0,0.01,0.05
5522,Call Of Duty 2: Big Red One,GC,2005,Shooter,Activision,0.25,0.07,0,0.01,0.33
12053,Fantastic Four,PS,1997,Action,Acclaim Entertainment,0.04,0.03,0,0,0.07
539,inFAMOUS: Second Son,PS4,2014,Action,Sony Computer Entertainment,1.27,0.97,0.07,0.47,2.78
571,Tom Clancy's Splinter Cell,PS2,2003,Action,Ubisoft,1.15,1.11,0,0.4,2.65
2091,NCAA Football 12,X360,2011,Sports,Electronic Arts,0.94,0,0,0.06,0.99
7299,Britney's Dance Beat,GBA,2002,Misc,THQ,0.15,0.06,0,0,0.22
1803,MechAssault,XB,2002,Simulation,Microsoft Game Studios,1.01,0.1,0,0.03,1.13
8133,The Game of Life / Yahtzee / Payday,GBA,2005,Misc,Zoo Digital Publishing,0.13,0.05,0,0,0.18
1949,NBA Street V3,PS2,2005,Sports,Electronic Arts,0.52,0.41,0,0.14,1.06
1960,Naruto Shippuden: Ultimate Ninja Storm 4,PS4,2016,Fighting,Namco Bandai Games,0.39,0.41,0.1,0.16,1.06
2754,Madagascar: Escape 2 Africa,DS,2008,Action,Activision,0.42,0.26,0,0.07,0.75
13021,Nanostray 2,DS,2008,Shooter,Codemasters,0.03,0.01,0,0,0.05
6566,Sega Rally Revo,PSP,2007,Racing,Sega,0.03,0.15,0,0.08,0.26
3386,Rayman Origins,PSV,2012,Platform,Ubisoft,0.13,0.35,0,0.11,0.59
10502,Top Gun: Combat Zones,GBA,2004,Simulation,Mastiff,0.07,0.03,0,0,0.1
634,Need for Speed Carbon: Own the City,PSP,2006,Racing,Electronic Arts,0.87,0.98,0,0.59,2.44
12868,Hakuouki: Reimeiroku,PS2,2010,Adventure,Idea Factory,0,0,0.05,0,0.05
4287,Star Wars: Demolition,PS,2000,Racing,Activision,0.25,0.17,0,0.03,0.46
459,Kung Fu Panda,X360,2008,Action,Activision,1.91,0.84,0,0.29,3.05
12776,ESPN International Winter Sports 2002,PS2,2002,Sports,Konami Digital Entertainment,0.03,0.02,0,0.01,0.06
5859,Cart World Series,PS,1997,Racing,Sony Computer Entertainment,0.17,0.11,0,0.02,0.3
12579,Klonoa Beach Volleyball,PS,2002,Sports,Namco Bandai Games,0.03,0.02,0,0,0.06
6306,Pro Race Driver,PS2,2002,Racing,Codemasters,0.13,0.1,0,0.03,0.27
6718,Medabots AX: Metabee,GBA,2002,Role-Playing,Natsume,0.18,0.07,0,0,0.25
14946,Pop'n Music 12 Iroha,PS2,2006,Simulation,Konami Digital Entertainment,0,0,0.02,0,0.02
3191,Juiced 2: Hot Import Nights,X360,2007,Racing,THQ,0.22,0.34,0,0.07,0.63
11786,Real Sound: Kaze no Riguretto,SAT,1997,Adventure,Warp,0,0,0.07,0,0.07
12764,F1 2010,PC,2010,Racing,Codemasters,0,0.05,0,0.01,0.06
562,Yokai Watch 2 Shinuchi,3DS,2014,Role-Playing,Level 5,0,0,2.68,0,2.68
1460,Mortal Kombat 3,GEN,1994,Fighting,Acclaim Entertainment,1.03,0.27,0,0.04,1.34
10527,The King of Fighters: Dream Match 1999,DC,1999,Fighting,SNK,0,0,0.1,0,0.1
4096,NFL Street 2,XB,2004,Sports,Electronic Arts,0.36,0.11,0,0.02,0.48
10273,Transformers: Beast Wars Transmetals,PS,2000,Fighting,BAM! Entertainment,0.06,0.04,0,0.01,0.11
275,Street Fighter IV,PS3,2009,Fighting,Capcom,2.02,1.06,0.58,0.53,4.19
2141,NBA 2K16,X360,2015,Sports,Take-Two Interactive,0.77,0.1,0,0.1,0.97
9233,Football Manager 2012,PSP,2011,Sports,Sega,0,0.1,0,0.04,0.14
12726,FIFA Street,GC,2005,Sports,Electronic Arts,0.04,0.01,0,0,0.06
122,FIFA 12,PS3,2011,Sports,Electronic Arts,0.84,4.32,0.11,1.42,6.69
2649,Resident Evil: Operation Raccoon City,X360,2012,Action,Capcom,0.55,0.15,0.03,0.06,0.78
9423,Destroy All Humans! Path of the Furon,X360,2008,Action,THQ,0.08,0.04,0,0.01,0.13
3226,FIFA Soccer 2002,PS2,2001,Sports,Electronic Arts,0.31,0.24,0,0.08,0.63
4054,Backyard Baseball,PS2,2004,Sports,Atari,0.24,0.19,0,0.06,0.49
8659,Yakuza Kiwami,PS4,2016,Adventure,Sega,0,0,0.16,0,0.16
15016,Xenosaga I·II,DS,2006,Role-Playing,Namco Bandai Games,0,0,0.02,0,0.02
10233,Tales of Berseria,PS3,2016,Role-Playing,Namco Bandai Games,0,0,0.11,0,0.11
6649,College Hoops 2K6,PS2,N/A,Sports,Unknown,0.12,0.1,0,0.03,0.25
3789,FIFA 12,PSP,2011,Sports,Electronic Arts,0.12,0.26,0.02,0.14,0.53
15432,Worldwide Soccer Manager 2007,PC,2006,Sports,Sega,0,0.02,0,0,0.02
5812,Silent Hill: Shattered Memories,PSP,2010,Action,Konami Digital Entertainment,0.09,0.13,0.01,0.08,0.31
8960,Shin Megami Tensei: Devil Summoner - Soul Hackers,PS,1999,Role-Playing,Atlus,0,0,0.14,0.01,0.15
9984,Brunswick Pro Bowling,3DS,2011,Sports,Crave Entertainment,0.11,0,0,0.01,0.12
10432,Derby Stallion P,PSP,2006,Sports,Enterbrain,0,0,0.1,0,0.1
2929,NASCAR 2001,PS2,2000,Racing,Electronic Arts,0.34,0.27,0,0.09,0.7
10917,Ninja Gaiden Black,XB,2005,Action,Microsoft Game Studios,0.07,0.02,0,0,0.09
9425,Star Wars: Lethal Alliance,PSP,2006,Action,Ubisoft,0.11,0.01,0,0.01,0.13
7835,Armored Core: For Answer,PS3,2008,Simulation,Ubisoft,0.06,0.02,0.1,0.01,0.19
14886,Tank Beat,DS,2006,Strategy,Midas Interactive Entertainment,0.01,0.01,0,0,0.03
3780,LEGO Jurassic World,WiiU,2015,Action,Warner Bros. Interactive Entertainment,0.28,0.19,0.02,0.04,0.53
12799,Space Chimps,DS,2008,Platform,Brash Entertainment,0.05,0,0,0,0.06
13066,The Idolmaster: Gravure For You! Vol. 2,PS3,2011,Misc,Namco Bandai Games,0,0,0.05,0,0.05
15705,Planetarian: Chiisana Hoshi no Yume,PSP,2009,Adventure,Prototype,0,0,0.02,0,0.02
8587,Tom and Jerry in Fists of Furry,N64,2000,Fighting,Ubisoft,0.13,0.03,0,0,0.16
12360,Dissidia: Final Fantasy Universal Tuning,PSP,2009,Fighting,Square Enix,0,0,0.06,0,0.06
4031,Kane & Lynch 2: Dog Days,X360,2010,Shooter,Square Enix,0.2,0.23,0.01,0.05,0.49
12375,Mario vs. Donkey Kong: Tipping Stars,3DS,2015,Puzzle,Nintendo,0,0,0.06,0,0.06
14263,Suujin Taisen,DS,2007,Strategy,Nintendo,0,0,0.03,0,0.03
8584,Asteroids Hyper 64,N64,1999,Shooter,Crave Entertainment,0.13,0.03,0,0,0.16
2011,Tom Clancy's Ghost Recon Advanced Warfighter 2,PS3,2007,Shooter,Ubisoft,0.34,0.48,0.02,0.19,1.04
11823,Harlem Globetrotters: World Tour,DS,2006,Sports,Zoo Digital Publishing,0.07,0,0,0.01,0.07
5917,Showdown: Legends of Wrestling,PS2,2004,Fighting,Acclaim Entertainment,0.15,0.11,0,0.04,0.3
5070,Dance Dance Revolution Ultramix 3,XB,2005,Simulation,Konami Digital Entertainment,0.28,0.08,0,0.01,0.38
5101,The BIGS,Wii,2007,Sports,Take-Two Interactive,0.34,0,0,0.03,0.37
260,Fable II,X360,2008,Role-Playing,Microsoft Game Studios,2.51,1.27,0.11,0.41,4.31
4118,NCAA Football 09,PS2,2008,Sports,Electronic Arts,0.4,0.02,0,0.07,0.48
13500,Shin Fortune Quest: Sokutaku no Kishi,PS,1996,Misc,Media Works,0,0,0.04,0,0.04
14434,MotorHead,PS,1998,Racing,Gremlin Interactive Ltd,0.02,0.01,0,0,0.03
5850,PowerUp Heroes,X360,2011,Fighting,Ubisoft,0.18,0.1,0,0.03,0.3
5759,Bass Hunter 64,N64,1999,Sports,Take-Two Interactive,0.25,0.06,0,0,0.31
3522,Beyond The Beyond,PS,1995,Role-Playing,Sony Computer Entertainment,0.11,0.08,0.35,0.04,0.57
15750,Kochira Katsushikaku Kameari Kouenmae Hashutsujo: Machiteba Tengoku! Makereba Jigoku! Ryoutsuryuu Ikkakusenkin Daisakusen!,DS,2010,Misc,Namco Bandai Games,0,0,0.02,0,0.02
14577,Secret Files 2: Puritas Cordis,Wii,2009,Adventure,Deep Silver,0,0.03,0,0,0.03
14871,Let's Dance with Mel B,Wii,2011,Sports,Black Bean Games,0,0.02,0,0,0.03
9181,Detective Barbie: The Mystery Cruise,PS,1999,Adventure,Mattel Interactive,0.08,0.05,0,0.01,0.14
5789,NASCAR Thunder 2003,GC,2002,Racing,Electronic Arts,0.24,0.06,0,0.01,0.31
5324,Yu-Gi-Oh! 5D's Tag Force 5,PSP,2010,Strategy,Konami Digital Entertainment,0.13,0.05,0.14,0.03,0.35
9854,nail'd,PS3,2010,Racing,Deep Silver,0.08,0.02,0,0.02,0.12
6593,All-Star Baseball 2003,XB,2002,Sports,Acclaim Entertainment,0.19,0.06,0,0.01,0.26
12185,MAPLUS: Portable Navi,PSP,2006,Misc,Edia,0,0,0.07,0,0.07
3757,Star Wars Battlefront (2015),PC,2015,Shooter,Electronic Arts,0.13,0.37,0,0.04,0.54
14050,Deception III: Dark Delusion,PS,1999,Role-Playing,Tecmo Koei,0.02,0.01,0,0,0.04
12586,SingStar Mallorca Party,PS3,2009,Misc,Sony Computer Entertainment,0,0.04,0,0.02,0.06
11944,I Don't Have Many Friends Portable,PSP,2012,Adventure,Namco Bandai Games,0,0,0.07,0,0.07
2189,Guitar Hero: Metallica,Wii,2009,Misc,Activision,0.41,0.43,0,0.1,0.95
13298,Soul Eater: Plot of Medusa,DS,2008,Action,Namco Bandai Games,0,0,0.05,0,0.05
1819,Moon Patrol,2600,1982,Shooter,Atari,1.05,0.06,0,0.01,1.12
10328,Angry Birds Star Wars,WiiU,2013,Strategy,Activision,0.06,0.04,0,0.01,0.11
9681,After Hours Athletes,PS3,2011,Sports,Sony Computer Entertainment,0,0.1,0,0.03,0.12
7420,WipeOut 3 The Game,X360,2012,Action,Activision,0.2,0,0,0.01,0.21
5341,Rugrats: Royal Ransom,PS2,2002,Platform,THQ,0.17,0.13,0,0.04,0.35
11508,Disney's Meet the Robinsons,X360,2007,Action,Disney Interactive Studios,0.07,0,0,0.01,0.08
3344,The Golden Compass,DS,2007,Action,Sega,0.28,0.25,0,0.06,0.6
7655,Cabela's Big Game Hunter (2008),PS2,2007,Sports,Activision Value,0.1,0.08,0,0.03,0.2
14450,Section 8,PC,2009,Shooter,SouthPeak Games,0.01,0.01,0,0,0.03
902,PaRappa The Rapper,PS,1996,Misc,Sony Computer Entertainment,0.26,0.16,1.46,0.03,1.92
16330,Inversion,PC,N/A,Shooter,Namco Bandai Games,0.01,0,0,0,0.01
4552,Madden NFL 2003,GC,2002,Sports,Electronic Arts,0.33,0.09,0,0.01,0.43
5330,Karaoke Revolution,PS2,2003,Misc,Konami Digital Entertainment,0.17,0.13,0,0.04,0.35
3981,Tactics Ogre: The Knight of Lodis,GBA,2001,Role-Playing,Nintendo,0.13,0.05,0.31,0.01,0.5
13940,Tenshou Gakuen Gekkouroku,PS2,2006,Adventure,Asmik Ace Entertainment,0,0,0.04,0,0.04
14564,Gekiatsu!! Pachi Game Tamashi Vol. 1: CR Evangelion - Shinjitsu no Tsubasa,PSP,2011,Misc,Unknown,0,0,0.03,0,0.03
7087,Freedom Fighters,XB,2003,Shooter,Electronic Arts,0.17,0.05,0,0.01,0.23
12474,Vexx,GC,2003,Platform,Acclaim Entertainment,0.05,0.01,0,0,0.06
12472,Dreamer Series: Zoo Keeper,DS,2010,Simulation,DreamCatcher Interactive,0.06,0,0,0,0.06
10675,Earth Defense Force 2025.1: The Shadow of New Despair,PS4,2015,Action,D3Publisher,0,0,0.1,0,0.1
14990,Ty the Tasmanian Tiger 3: Night of the Quinkan,XB,2005,Action,Zoo Digital Publishing,0.02,0.01,0,0,0.02
16549,Hyakki Yagyou Kaidan Romance,PSP,2012,Action,Quinrose,0,0,0.01,0,0.01
4168,ICO,PS2,2001,Action,Sony Computer Entertainment,0.23,0.18,0,0.06,0.47
13042,FIFA Soccer 2004,GBA,2003,Sports,Electronic Arts,0.04,0.01,0,0,0.05
7058,Mega Man & Bass,GBA,2002,Platform,Capcom,0.16,0.06,0,0,0.23
13991,Fatal Fury: Battle Archives Volume 1,PS2,2006,Fighting,Ignition Entertainment,0.02,0.01,0,0,0.04
13263,Ultimate Ghosts 'n Goblins (JP sales),PSP,2006,Platform,Capcom,0,0,0.05,0,0.05
223,Batman: Arkham City,X360,2011,Action,Warner Bros. Interactive Entertainment,2.99,1.31,0.04,0.41,4.76
2260,Knockout Kings 2000,N64,1999,Fighting,Electronic Arts,0.63,0.27,0,0.02,0.92
5853,Shrek: Forever After,Wii,2010,Platform,Activision,0.19,0.09,0,0.03,0.3
4111,OkamiDen,DS,2010,Adventure,Capcom,0.25,0.07,0.13,0.03,0.48
10540,Blue Stinger,DC,1999,Adventure,Activision,0,0,0.1,0,0.1
15975,Scared Rider Xechs,PS2,2010,Adventure,RED Entertainment,0,0,0.02,0,0.02
12660,Warriors: Legends of Troy,X360,2011,Action,Tecmo Koei,0,0.04,0.01,0.01,0.06
13565,Need for Speed: ProStreet,PC,2007,Racing,Electronic Arts,0,0.04,0,0.01,0.04
11213,Famicom Mini: Makaimura,GBA,2004,Platform,Capcom,0,0,0.08,0,0.09
15246,GunParade Orchestra: Midori no Shou,PS2,2006,Adventure,Sony Computer Entertainment,0,0,0.02,0,0.02
30,Call of Duty: Modern Warfare 3,X360,2011,Shooter,Activision,9.03,4.28,0.13,1.32,14.76
4961,MLB 14: The Show,PS3,2014,Sports,Sony Computer Entertainment America,0.35,0,0,0.04,0.39
7517,Planet 51,Wii,2009,Action,Sega,0.17,0.02,0,0.02,0.2
5651,Marvel Nemesis: Rise of the Imperfects,PSP,2005,Fighting,Electronic Arts,0.29,0,0,0.03,0.32
15608,James Bond 007: Blood Stone,PC,2010,Shooter,Activision,0.02,0,0,0,0.02
2747,Red Faction: Guerrilla,PS3,2009,Shooter,THQ,0.33,0.28,0.02,0.12,0.75
4995,Batman: Arkham City,WiiU,2012,Action,Warner Bros. Interactive Entertainment,0.17,0.18,0,0.03,0.38
7090,pro evolution soccer 2011,Wii,2010,Sports,Konami Digital Entertainment,0.08,0.1,0.03,0.02,0.23
4569,Neon Genesis Evangelion 2nd Impression,SAT,1997,Role-Playing,Sega,0,0,0.42,0,0.42
16498,Unending Bloody Call,PSP,2012,Action,Asgard,0,0,0.01,0,0.01
2394,Tony Hawk's Project 8,PS2,2006,Sports,Activision,0.72,0.03,0,0.12,0.87
1315,SNK vs. Capcom: The Match of the Millennium,PSP,2006,Fighting,Sega,0.53,0.58,0,0.35,1.46
5631,Sky Odyssey,PS2,2000,Simulation,Sony Computer Entertainment,0.16,0.12,0,0.04,0.32
10922,Puyo Pop Fever (JP sales),DS,2004,Puzzle,Ignition Entertainment,0,0,0.09,0,0.09
10265,Death Jr.: Root of Evil,Wii,2008,Platform,Eidos Interactive,0.1,0,0,0.01,0.11
14411,Empire Earth II,PC,2005,Strategy,Vivendi Games,0,0.03,0,0,0.03
3121,Champions: Return to Arms,PS2,2005,Role-Playing,Sony Online Entertainment,0.32,0.25,0,0.08,0.65
138,World of Warcraft,PC,2004,Role-Playing,Activision,0.07,6.21,0,0,6.28
13032,Batman: Gotham City Racer,PS,2001,Racing,Ubisoft,0.03,0.02,0,0,0.05
744,Star Wars: Knights of the Old Republic,XB,2003,Role-Playing,Activision,1.68,0.44,0,0.08,2.19
14336,Accel World: Ginyoku no Kakusei,PSP,2012,Adventure,Namco Bandai Games,0,0,0.03,0,0.03
13226,Neverland Card Battles,PSP,2008,Role-Playing,Idea Factory,0.04,0,0,0.01,0.05
9406,Greg Hastings Paintball 2,Wii,2010,Shooter,505 Games,0.12,0,0,0.01,0.13
9248,Shining Soul,GBA,2002,Role-Playing,Atari,0.03,0.01,0.09,0,0.14
11529,Sherlock Holmes: Crimes & Punishments,XOne,2014,Adventure,Focus Home Interactive,0.03,0.04,0,0.01,0.08
13380,Cocoto Kart Racer,DS,2004,Racing,Big Ben Interactive,0.04,0,0,0,0.05
9856,Tom Clancy's EndWar,PSP,2008,Strategy,Ubisoft,0.1,0.01,0,0.01,0.12
5982,Up,X360,2009,Action,THQ,0.2,0.07,0,0.03,0.29
3703,Crash Tag Team Racing,PS2,2005,Racing,Vivendi Games,0.27,0.21,0,0.07,0.54
2719,Marvel vs. Capcom 2: New Age of Heroes,PS2,2002,Fighting,Capcom,0.31,0.24,0.13,0.08,0.76
568,Medal of Honor,PS,1998,Shooter,Electronic Arts,1.44,1.09,0,0.14,2.67
7979,Magical Starsign (US sales),DS,2006,Role-Playing,Nintendo,0.16,0.03,0,0,0.19
11219,Theme Hospital,PS,1998,Strategy,Electronic Arts,0.03,0.02,0.03,0.01,0.09
2057,Ford Racing 2,PS2,2003,Racing,Empire Interactive,0.49,0.38,0,0.13,1
9809,Showdown: Legends of Wrestling,XB,2004,Fighting,Acclaim Entertainment,0.09,0.03,0,0,0.12
5246,We Sing Deutsche Hits,Wii,2011,Misc,Nordic Games,0,0.31,0,0.05,0.36
2563,NCAA Football 14,PS3,2013,Sports,Electronic Arts,0.75,0,0,0.06,0.8
8233,The Chronicles of Narnia: Prince Caspian,PS3,2008,Action,Disney Interactive Studios,0.14,0.02,0,0.02,0.17
5271,Cabela's Outdoor Adventures (2006),PS2,2005,Sports,Zoo Digital Publishing,0.17,0.14,0,0.05,0.35
6153,Dead to Rights: Retribution,PS3,2010,Shooter,Namco Bandai Games,0.1,0.12,0.02,0.05,0.28
12709,Mayhem 3D,PS3,2011,Racing,Evolved Games,0.05,0,0,0.01,0.06
3325,Guitar Hero: Smash Hits,Wii,2009,Misc,Activision,0.33,0.21,0,0.06,0.61
11787,Soccer Tsuku: Pro Soccer Club o Tsukurou!,PSV,2013,Sports,Sega,0,0,0.07,0,0.07
9198,The King of Fighters '94 (CD),NG,1993,Fighting,SNK,0,0,0.14,0,0.14
11083,Defender,XB,2002,Misc,Midway Games,0.07,0.02,0,0,0.09
1560,WWE '12,X360,2011,Fighting,THQ,0.74,0.4,0,0.12,1.27
10651,Army Men World War: Team Assault,PS,2001,Action,3DO,0.06,0.04,0,0.01,0.1
14993,Bomberman Fantasy Race,PS,1998,Racing,Virgin Interactive,0.01,0.01,0,0,0.02
5722,Namco Museum: Virtual Arcade,X360,2008,Misc,Atari,0.27,0.01,0.01,0.02,0.31
13952,Resident Evil 6,XOne,2016,Shooter,Capcom,0.03,0,0,0,0.04
2036,Wall-E,Wii,2008,Platform,THQ,0.51,0.4,0,0.11,1.02
9778,Tenchu: Shadow Assassins,PSP,2009,Action,Ubisoft,0.03,0.03,0.05,0.01,0.12
3899,Jikkyou Powerful Pro Yakyuu 10,PS2,2003,Sports,Konami Digital Entertainment,0,0,0.51,0,0.51
14743,Kiniro no Corda 2 f Encore,PSP,2009,Role-Playing,Tecmo Koei,0,0,0.03,0,0.03
541,Tekken 6,PS3,2009,Fighting,Namco Bandai Games,1.2,0.98,0.17,0.43,2.78
1058,NCAA Football 07,PS2,2006,Sports,Electronic Arts,1.41,0.05,0,0.23,1.7
2545,Valkyrie Profile,PS,1999,Role-Playing,Enix Corporation,0.07,0.05,0.63,0.05,0.81
12589,FIFA Soccer 07,DS,2006,Sports,Electronic Arts,0.05,0.01,0,0,0.06
14306,Stacked with Daniel Negreanu,PSP,2006,Misc,Myelin Media,0.03,0,0,0,0.03
3858,Tomb Raider: Legend,PS2,2006,Action,Eidos Interactive,0.25,0.19,0.02,0.06,0.52
987,Dead or Alive 3,XB,2001,Fighting,Microsoft Game Studios,1.19,0.29,0.24,0.06,1.77
7785,Mystery Tales of Time Travel,DS,2010,Puzzle,Foreign Media Games,0.01,0.16,0,0.02,0.19
1107,Dragon Ball Z: Budokai Tenkaichi,PS2,2005,Fighting,Atari,0.96,0.12,0.54,0.04,1.66
12299,Naruto: Ultimate Ninja Heroes (JP sales),PSP,2006,Fighting,Namco Bandai Games,0,0,0.06,0,0.06
6643,A. IV Evolution: A Ressha de Ikou 4,PS,1994,Strategy,ArtDink,0,0,0.24,0.02,0.25
6647,Amped 2,XB,2003,Sports,Microsoft Game Studios,0.2,0.04,0,0.01,0.25
11901,Monster Racers,DS,2009,Racing,Tecmo Koei,0.05,0,0.02,0,0.07
9540,Dragon Quest Heroes II: Twin Kings and the Prophecy's End,PS3,2016,Action,Square Enix,0,0,0.13,0,0.13
10128,Gem Quest: 4 Elements,DS,2011,Puzzle,Mastertronic,0.05,0.05,0,0.01,0.11
3289,Plants vs. Zombies: Garden Warfare,PS4,2014,Shooter,Electronic Arts,0.21,0.29,0.01,0.11,0.61
16249,Agarest Senki: Re-appearance,PS3,N/A,Role-Playing,Idea Factory,0,0,0.01,0,0.01
7336,Backyard NFL Football '09,Wii,2008,Sports,Atari,0.2,0,0,0.02,0.21
5936,Power Pro Kun Pocket 10,DS,2007,Sports,Konami Digital Entertainment,0,0,0.3,0,0.3
7677,Baja: Edge of Control,X360,2008,Racing,THQ,0.12,0.06,0,0.02,0.2
14889,Jurassic Park: Operation Genesis,PC,2003,Simulation,Vivendi Games,0,0.02,0,0,0.03
4245,Stuart Little 2,GBA,2002,Platform,Activision,0.33,0.12,0,0.01,0.46
9759,Rock Band Track Pack Volume 2,PS2,2008,Misc,MTV Games,0.06,0.05,0,0.02,0.12
11193,Tabi no Yubisashi Kaiwachou DS: DS Series 4 America,DS,2006,Misc,Nintendo,0,0,0.09,0,0.09
1528,Yoshi's Woolly World,WiiU,2015,Platform,Nintendo,0.61,0.47,0.11,0.1,1.29
14232,Utawarerumono Portable,PSP,2009,Role-Playing,Aqua Plus,0,0,0.03,0,0.03
1829,Yoshi's Cookie,NES,1992,Puzzle,Nintendo,0.41,0.06,0.63,0.02,1.12
1083,Metroid Fusion,GBA,2002,Action,Nintendo,1.18,0.27,0.17,0.06,1.68
13888,Bullet Girls 2,PSV,2016,Action,D3Publisher,0,0,0.04,0,0.04
659,LEGO Star Wars: The Complete Saga,PS3,2007,Action,LucasArts,1.02,0.97,0,0.39,2.38
1456,The ICO & Shadow of the Colossus Collection,PS3,2011,Adventure,Sony Computer Entertainment,0.67,0.37,0.13,0.17,1.35
7739,Arcade Shooting Gallery,Wii,2008,Shooter,Zoo Games,0.18,0,0,0.01,0.19
11252,Shadow of Destiny,PSP,2009,Adventure,Konami Digital Entertainment,0.07,0,0,0.01,0.09
9072,Uta no * Prince-Sama: Repeat,PSP,2011,Adventure,Broccoli,0,0,0.14,0,0.14
3962,Dragon Ball Z: Supersonic Warriors 2,DS,2005,Fighting,Atari,0.14,0.02,0.32,0.02,0.5
16007,Wand of Fortune: Mirai e no Prologue Portable,PSP,2010,Adventure,Idea Factory,0,0,0.01,0,0.01
4738,Winter Sports 2: The Next Challenge,Wii,2008,Sports,RTL,0.18,0.19,0,0.04,0.41
10774,Dead or Alive 5,PSV,2013,Fighting,Tecmo Koei,0,0.05,0.03,0.02,0.1
7779,Scene It? Twilight,DS,2010,Misc,Konami Digital Entertainment,0.11,0.07,0,0.02,0.19
5878,Dynasty Warriors 8: Xtreme Legends,PS4,2014,Action,Tecmo Koei,0.09,0.11,0.06,0.04,0.3
9547,Jissen Pachi-Slot Hisshouhou! Aladdin II Evolution,PS2,2005,Misc,Sega,0,0,0.13,0,0.13
2059,PES 2009: Pro Evolution Soccer,X360,2008,Sports,Konami Digital Entertainment,0.13,0.76,0.03,0.09,1
6011,Area 51,XB,2005,Shooter,Midway Games,0.22,0.06,0,0.01,0.29
492,Cooking Mama: Cook Off,Wii,2007,Simulation,505 Games,1.43,1.13,0.05,0.3,2.91
7816,Majin and the Forsaken Kingdom,X360,2010,Adventure,Namco Bandai Games,0.14,0.03,0,0.01,0.19
8682,Rudolph the Red-Nosed Reindeer,DS,2010,Action,Crave Entertainment,0.15,0,0,0.01,0.16
6598,LEGO Star Wars III: The Clone Wars,PC,2011,Action,LucasArts,0.1,0.13,0,0.03,0.26
10092,Spy vs Spy,XB,2005,Action,Global Star,0.08,0.02,0,0,0.11
10206,The Penguins of Madagascar: Dr. Blowhole Returns - Again!,X360,2011,Action,THQ,0.07,0.03,0,0.01,0.11
14687,Safari Adventures: Africa,DS,2008,Adventure,Neko Entertainment,0.03,0,0,0,0.03
14507,Downstream Panic!,PSP,2008,Action,Atari,0.03,0,0,0,0.03
4750,Buzz! Junior: Jungle Party,PS2,2006,Misc,Sony Computer Entertainment,0.2,0.16,0,0.05,0.41
3281,Dragon Quest Monsters: Joker 2 Professional,DS,2011,Role-Playing,Square Enix,0,0,0.62,0,0.62
117,Crash Bandicoot,PS,1996,Platform,Sony Computer Entertainment,3.23,2.35,0.94,0.3,6.82
5720,Sesame Street: Elmo's Letter Adventure,PS,1998,Misc,NewKidCo,0.17,0.12,0,0.02,0.31
11775,Aikatsu! My No.1 Stage!,3DS,2015,Misc,Namco Bandai Games,0,0,0.07,0,0.07
5479,Disney's Treasure Planet,PS2,2002,Action,Sony Computer Entertainment,0.16,0.13,0,0.04,0.33
8369,Garfield: Lasagna World Tour,PS2,2007,Action,Blast! Entertainment Ltd,0.08,0.06,0,0.02,0.17
1247,Puzzle & Dragons,3DS,2013,Role-Playing,GungHo,0,0,1.51,0,1.51
5433,Power Rangers Samurai,DS,2011,Action,Namco Bandai Games,0.27,0.04,0,0.02,0.34
3127,Dead or Alive 5,PS3,2012,Fighting,Tecmo Koei,0.23,0.15,0.2,0.07,0.65
16094,Grooverider: Slot Car Thunder,XB,2003,Racing,Encore,0.01,0,0,0,0.01
5236,Disney's The Haunted Mansion,PS2,2003,Platform,Take-Two Interactive,0.18,0.14,0,0.05,0.36
16378,Colin McRae Rally 04,PC,2004,Racing,Codemasters,0,0.01,0,0,0.01
4963,Auto Modellista,PS2,2002,Racing,Capcom,0.19,0.15,0,0.05,0.39
529,Killzone 3,PS3,2011,Shooter,Sony Computer Entertainment,1.45,0.88,0.09,0.38,2.79
13530,Spy Fiction,PS2,2003,Action,Sega,0.02,0.02,0,0.01,0.04
14502,Code Geass: Hangyaku no Lelouch,DS,2007,Action,Namco Bandai Games,0,0,0.03,0,0.03
787,Parasite Eve,PS,1998,Role-Playing,SquareSoft,0.94,0.07,1.05,0.04,2.1
11560,Gintama: Gin-San to Issho! Boku no Kabuki Machi Nikki,PS2,2007,Action,Namco Bandai Games,0,0,0.08,0,0.08
15627,Rock Blast,Wii,2010,Puzzle,UFO Interactive,0.02,0,0,0,0.02
3575,Tony Hawk's Project 8,PSP,2006,Sports,Activision,0.41,0.08,0,0.07,0.56
2900,NBA Live 09,X360,2008,Sports,Electronic Arts,0.5,0.14,0,0.07,0.71
1379,Twisted Metal: Black,PS2,2001,Racing,Sony Computer Entertainment,1.19,0.17,0,0.05,1.41
8962,Alien: Isolation,PC,2014,Shooter,Sega,0,0.13,0,0.01,0.15
10919,Girls und Panzer: I Will Master Tankery,PSV,2014,Action,Namco Bandai Games,0,0,0.09,0,0.09
9924,Yakuza Kiwami,PS3,2016,Adventure,Sega,0,0,0.12,0,0.12
14114,Top Gun: Hard Lock,PS3,2012,Action,505 Games,0,0.03,0,0.01,0.03
11966,Silent Hill: Origins,PS2,2008,Action,Konami Digital Entertainment,0.03,0.03,0,0.01,0.07
3662,CrossworDS,DS,2008,Puzzle,Deep Silver,0.51,0,0,0.04,0.55
13030,Winning Post 7 2010,PSP,2010,Sports,Tecmo Koei,0,0,0.05,0,0.05
6615,Teen Titans,PS2,2006,Action,THQ,0.12,0.1,0,0.03,0.25
4046,Pokemon Art Academy,3DS,2014,Misc,Nintendo,0.18,0.12,0.16,0.03,0.49
1953,Hulk,PS2,2003,Action,Universal Interactive,0.52,0.41,0,0.14,1.06
5462,Iron Man 2,Wii,2010,Action,Sega,0.15,0.15,0,0.03,0.33
544,Saints Row: The Third,X360,2011,Action,THQ,1.25,1.15,0.07,0.3,2.77
4383,SingStar Take That,PS2,2009,Misc,Sony Computer Entertainment,0,0.06,0,0.39,0.45
15887,GTI Club: Supermini Festa!,Wii,2010,Racing,Konami Digital Entertainment,0.01,0,0,0,0.02
3330,Game & Watch Gallery 4,GBA,2002,Misc,Nintendo,0.43,0.16,0,0.01,0.61
15730,MX vs. ATV Supercross Encore,XOne,2015,Sports,Nordic Games,0.02,0,0,0,0.02
6201,Just Dance 2015,PS3,2014,Misc,Ubisoft,0.12,0.11,0,0.05,0.28
6888,Densetsu no Stafi 3,GBA,2004,Platform,Nintendo,0,0,0.23,0.01,0.24
16078,Infinite Stratos 2: Love and Purge,PSV,2015,Action,5pb,0,0,0.01,0,0.01
10290,BMX XXX,XB,2002,Sports,Acclaim Entertainment,0.08,0.02,0,0,0.11
14590,Treasure Gaust: Gaust Diver Crimson Red / Deep Purple,DS,2007,Action,Namco Bandai Games,0,0,0.03,0,0.03
8963,High Velocity Bowling,PS3,2010,Sports,Sony Computer Entertainment,0.13,0,0,0.01,0.15
14276,Beyond the Labyrinth,3DS,N/A,Role-Playing,Unknown,0,0,0.03,0,0.03
14022,Derby Tsuku 5: Derby Uma o Tsukurou!,PS2,2006,Sports,Sega,0,0,0.04,0,0.04
8218,Green Lantern: Rise of the Manhunters,PS3,2011,Action,Warner Bros. Interactive Entertainment,0.09,0.05,0,0.03,0.17
4806,Advance Wars: Dual Strike,DS,2005,Strategy,Nintendo,0.3,0.03,0.04,0.03,0.4
11459,Princess in Love,DS,2009,Simulation,DTP Entertainment,0.07,0,0,0.01,0.08
8770,Wolfenstein: The Old Blood,XOne,2015,Action,Bethesda Softworks,0.07,0.07,0,0.01,0.15
3859,Ratatouille,Wii,2007,Action,THQ,0.44,0.04,0,0.04,0.52
12194,Sly 2: Band of Thieves,PS3,2010,Platform,Sony Computer Entertainment,0,0.05,0,0.02,0.07
13547,Go Go Ackman 3,SNES,1995,Platform,Banpresto,0,0,0.04,0,0.04
7166,Hatsune Miku: Project Mirai 2,3DS,2013,Action,Sega,0,0,0.22,0,0.22
11975,Taz Wanted,XB,2002,Platform,Atari,0.05,0.02,0,0,0.07
13682,Shukufuku no Campanella Portable,PSP,2010,Adventure,Kadokawa Shoten,0,0,0.04,0,0.04
425,Crisis Core: Final Fantasy VII,PSP,2007,Role-Playing,Square Enix,1.35,0.6,0.8,0.44,3.19
636,Riven: The Sequel to Myst,PC,1997,Adventure,Red Orb,1.52,0.82,0,0.1,2.43
864,Devil May Cry 2,PS2,2003,Action,Capcom,0.71,0.58,0.51,0.17,1.97
4038,SpongeBob SquarePants: Creature from the Krusty Krab,DS,2006,Platform,THQ,0.45,0,0,0.04,0.49
6516,Disney Sing It: Pop Hits,PS3,2009,Misc,Disney Interactive Studios,0.17,0.05,0,0.03,0.26
15822,The Incredibles: Rise of the Underminer,PC,2005,Action,THQ,0.01,0,0,0,0.02
9530,Walt Disney Pictures Presents: The Wild,GBA,2006,Platform,Disney Interactive Studios,0.09,0.03,0,0,0.13
5913,FIFA 15,PC,2014,Sports,Electronic Arts,0,0.27,0,0.03,0.3
16414,Teenage Mutant Ninja Turtles (3DS),3DS,2013,Action,Activision,0.01,0,0,0,0.01
7831,Kamen Rider: Battride War,PS3,2013,Action,Namco Bandai Games,0,0,0.19,0,0.19
12524,Tokyo Xtreme Racer Advance,GBA,2005,Racing,Crave Entertainment,0.04,0.02,0,0,0.06
7618,Roadsters 99,N64,1999,Racing,Titus,0.06,0.13,0,0.01,0.2
1737,Destruction Derby 2,PS,1996,Racing,Psygnosis,0.65,0.44,0,0.08,1.17
1057,Ben 10: Protector of Earth,DS,2007,Action,D3Publisher,0.69,0.83,0,0.19,1.7
3829,Tales of Destiny,PS2,2006,Role-Playing,Namco Bandai Games,0,0,0.52,0,0.52
12143,Legends of Wrestling II,GBA,2002,Fighting,Acclaim Entertainment,0.05,0.02,0,0,0.07
6701,The Sims 2,XB,2005,Simulation,Electronic Arts,0.19,0.05,0,0.01,0.25
770,Tetris DS,DS,2006,Puzzle,Nintendo,0.64,0.07,1.35,0.08,2.13
3557,Bolt,Wii,2008,Adventure,Disney Interactive Studios,0.19,0.31,0,0.06,0.57
14256,Midnight Mysteries: The Edgar Allan Poe Conspiracy,PC,2009,Adventure,GSP,0,0.03,0,0.01,0.03
11341,X Rebirth,PC,2013,Simulation,Koch Media,0,0.08,0,0.01,0.08
16421,"Tennis no Oji-Sama: Doubles no Oji-Sama - Boys, Be Glorious!",DS,2009,Sports,Konami Digital Entertainment,0,0,0.01,0,0.01
13769,Motto TOEIC Test DS Training,DS,2008,Misc,IE Institute,0,0,0.04,0,0.04
4551,Lego Batman 3: Beyond Gotham,XOne,2014,Action,Warner Bros. Interactive Entertainment,0.23,0.17,0,0.04,0.43
166,Pokemon Stadium,N64,1999,Strategy,Nintendo,3.18,1.24,0.94,0.09,5.45
203,Tony Hawk's Pro Skater,PS,1999,Sports,Activision,3.42,1.38,0.02,0.2,5.02
2050,Guitar Hero: Warriors of Rock,Wii,2010,Misc,Activision,0.48,0.44,0,0.09,1.01
11837,Derby Jockey: Kishou e no Michi,SNES,1994,Sports,Asmik Corp,0,0,0.07,0,0.07
3690,Iron Man,PS2,2008,Action,Sega,0.36,0,0,0.19,0.54
10997,Skies of Arcadia,DC,2000,Role-Playing,Sega,0,0,0.09,0,0.09
9803,Killer is Dead,X360,2013,Action,Deep Silver,0.08,0.02,0.01,0.01,0.12
9114,Watch Dogs,WiiU,2014,Action,Ubisoft,0.08,0.05,0,0.01,0.14
169,Minecraft,PS3,2014,Misc,Sony Computer Entertainment,1.97,2.51,0,0.94,5.42
2277,Street Hoops,PS2,2002,Sports,Activision,0.45,0.35,0,0.12,0.91
305,Assassin's Creed: Unity,PS4,2014,Action,Ubisoft,1.18,1.96,0.08,0.7,3.92
16084,Pro Angler Moves,PS3,2012,Sports,"Interworks Unlimited, Inc.",0.01,0,0,0,0.01
13992,The Night of the Rabbit,PC,2013,Adventure,Daedalic Entertainment,0,0.03,0,0,0.04
8496,True Swing Golf,DS,2005,Sports,Nintendo,0.11,0,0.04,0.01,0.16
4160,Hamsterz Life,DS,2006,Action,Ubisoft,0.43,0.01,0,0.04,0.47
9527,The Price is Right 2010 Edition,DS,2009,Misc,Ubisoft,0.12,0,0,0.01,0.13
7771,Jissen Pachi-Slot Hisshouhou,SNES,1993,Misc,Sammy Corporation,0,0,0.19,0,0.19
8206,NBA Starting Five,PS2,N/A,Sports,Unknown,0.09,0.07,0,0.02,0.18
13736,Ookami Kakushi,PSP,2009,Action,Konami Digital Entertainment,0,0,0.04,0,0.04
7310,Ninja Gaiden: Dragon Sword,DS,2008,Action,Tecmo Koei,0.17,0.02,0.02,0.02,0.22
13517,Coraline,DS,2009,Action,D3Publisher,0.04,0,0,0,0.04
2874,Conker: Live And Reloaded,XB,2005,Adventure,Microsoft Game Studios,0.49,0.2,0,0.02,0.71
11379,Bejeweled 3,PC,2010,Puzzle,PopCap Games,0.02,0.05,0,0.01,0.08
4693,MLB 10: The Show,PS2,2010,Sports,Sony Computer Entertainment,0.2,0.16,0,0.05,0.41
9221,Hard Rock Casino,PSP,2007,Misc,Oxygen Interactive,0.12,0,0,0.01,0.14
13979,Super Hero Generation,PSV,2014,Role-Playing,Namco Bandai Games,0,0,0.04,0,0.04
6873,Ready 2 Rumble Boxing: Round 2,N64,2000,Fighting,Midway Games,0.19,0.05,0,0,0.24
328,Just Dance 2014,Wii,2013,Misc,Ubisoft,1.98,1.47,0,0.32,3.76
9061,World Championship Poker: Howard Lederer - All In,PSP,2006,Misc,505 Games,0.13,0,0,0.01,0.14
717,Cool Boarders 2,PS,1997,Sports,UEP Systems,1.52,0.46,0.2,0.08,2.25
11443,Far Cry Vengeance,Wii,2006,Shooter,Ubisoft,0.06,0.01,0,0.01,0.08
6545,The Testament of Sherlock Holmes,PS3,2012,Adventure,Focus Home Interactive,0.05,0.15,0,0.06,0.26
10422,Wizardry VI: Bane of the Cosmic Forge,SNES,1995,Role-Playing,ASCII Entertainment,0,0,0.1,0,0.1
11663,Pro Yakyuu Famista DS 2010,DS,2010,Sports,Namco Bandai Games,0,0,0.08,0,0.08
16588,Breach,PC,2011,Shooter,Destineer,0.01,0,0,0,0.01
6304,SD Gundam G Generation Portable,PSP,2006,Strategy,Namco Bandai Games,0,0,0.27,0,0.27
4785,Beowulf: The Game,X360,2007,Action,Ubisoft,0.36,0.01,0,0.03,0.4
9398,History Civil War: Secret Missions,X360,2008,Shooter,Activision,0.12,0,0,0.01,0.13
10732,Harvest Moon: Frantic Farming,DS,2009,Puzzle,Rising Star Games,0.08,0.01,0,0.01,0.1
8868,All-Star Baseball 2003,GC,2002,Sports,Acclaim Entertainment,0.12,0.03,0,0,0.15
1072,Resident Evil 4,GC,2005,Action,Capcom,0.98,0.42,0.22,0.06,1.69
10733,Rise of the Tomb Raider,PC,2016,Adventure,Square Enix,0,0.09,0,0.01,0.1
11463,Jimmie Johnson's Anything With an Engine,Wii,2011,Racing,Konami Digital Entertainment,0.07,0,0,0.01,0.08
7854,Monster 4x4: Stunt Racer,Wii,2009,Racing,Ubisoft,0.18,0,0,0.01,0.19
11916,Aqua Teen Hunger Force: Zombie Ninja Pro-Am,PS2,2007,Racing,Midway Games,0.03,0.03,0,0.01,0.07
13017,Dramatic Dungeon: Sakura Wars - Kimi Arugatame,DS,2008,Role-Playing,Sega,0,0,0.05,0,0.05
16243,Seisou no Amazones,3DS,2013,Role-Playing,Arc System Works,0,0,0.01,0,0.01
15069,DemiKids: Light Version,GBA,2002,Role-Playing,Atlus,0.02,0.01,0,0,0.02
14839,Dungeon Siege II,PC,2005,Role-Playing,Microsoft Game Studios,0,0.02,0,0,0.03
13903,Tokumei Sentai Go-Busters,DS,2012,Action,Namco Bandai Games,0,0,0.04,0,0.04
12782,GunPey,PSP,2006,Puzzle,Atari,0.05,0,0,0.01,0.06
4386,Disney Sing It! High School Musical 3: Senior Year,PS2,2008,Misc,Disney Interactive Studios,0.09,0.02,0,0.34,0.45
1871,Lightning Returns: Final Fantasy XIII,PS3,2013,Role-Playing,Square Enix,0.31,0.22,0.45,0.12,1.1
10831,Egg Monster Hero,DS,N/A,Role-Playing,Square Enix,0,0,0.09,0,0.09
1858,Yu-Gi-Oh! Duel Monsters II: Dark Duel Stories,GB,1999,Strategy,Konami Digital Entertainment,0,0,1.1,0,1.1
6546,Game of Thrones,X360,2012,Role-Playing,Focus Home Interactive,0.15,0.08,0,0.02,0.26
9780,Lost Planet 3,X360,2013,Shooter,Capcom,0.07,0.04,0.01,0.01,0.12
4338,Enemy Territory: Quake Wars,X360,2008,Shooter,Activision,0.3,0.11,0,0.04,0.45
2372,Tekken Tag Tournament 2,PS3,2012,Fighting,Namco Bandai Games,0.28,0.33,0.13,0.14,0.88
12679,World Championship Athletics,Wii,2009,Sports,DTP Entertainment,0.04,0.01,0,0,0.06
2294,Dragon Age: Inquisition,XOne,2014,Role-Playing,Electronic Arts,0.55,0.28,0,0.07,0.91
4782,Pengo,2600,1983,Adventure,Atari,0.38,0.02,0,0,0.4
11986,Shadowgate 64: Trials of the Four Towers,N64,1999,Adventure,Kemco,0.06,0.01,0,0,0.07
13079,Shrek Super Party,GC,2003,Misc,TDK Mediactive,0.04,0.01,0,0,0.05
13106,Alias,XB,2004,Action,Acclaim Entertainment,0.04,0.01,0,0,0.05
13292,E.X. Troopers,PS3,2012,Shooter,Capcom,0,0,0.05,0,0.05
4464,MX Unleashed,XB,2004,Racing,THQ,0.34,0.08,0,0.02,0.44
3482,Championship Motocross featuring Ricky Carmichael,PS,1998,Racing,THQ,0.32,0.22,0,0.04,0.58
2003,Bomberman 64,N64,1997,Puzzle,Hudson Soft,0.5,0.2,0.31,0.03,1.04
4639,Taiko no Tatsujin DS: Dororon! Youkai Daikessen!!,DS,2010,Misc,Namco Bandai Games,0,0,0.42,0,0.42
1806,Derby Stallion 99,PS,1999,Sports,ASCII Entertainment,0,0,1.06,0.07,1.13
15491,Dynasty Warriors 8: Empires,PSV,2015,Action,Tecmo Koei,0,0,0.02,0,0.02
14872,Battlestations: Pacific,PC,2009,Strategy,Eidos Interactive,0,0.02,0,0,0.03
14231,Angler's Club: Ultimate Bass Fishing 3D,3DS,2011,Sports,D3Publisher,0,0.03,0,0,0.03
10276,My Little Sister Can't Be This Cute Portable,PSP,2012,Action,Namco Bandai Games,0,0,0.11,0,0.11
10562,Yaiba: Ninja Gaiden Z,PS3,2014,Action,Tecmo Koei,0.05,0.04,0,0.02,0.1
1826,Disney Infinity 2.0: Marvel Super Heroes,X360,2014,Action,Disney Interactive Studios,0.62,0.4,0,0.1,1.12
5109,LEGO Dimensions,XOne,2015,Action,Warner Bros. Interactive Entertainment,0.21,0.13,0,0.03,0.37
13229,Reign of Fire,GBA,2002,Shooter,BAM! Entertainment,0.03,0.01,0,0,0.05
10030,Shining Force NEO,PS2,2005,Role-Playing,Sega,0.06,0.04,0,0.01,0.11
8305,Hanjuku Eiyuu Tai 3D,PS2,2003,Role-Playing,Square Enix,0,0,0.17,0,0.17
8422,Wolfenstein 3D,GBA,2002,Shooter,BAM! Entertainment,0.12,0.04,0,0,0.17
4871,Call of Duty: Finest Hour,GC,2004,Shooter,Activision,0.31,0.08,0,0.01,0.4
100,Battlefield 3,X360,2011,Shooter,Electronic Arts,4.46,2.13,0.06,0.69,7.34
7502,Mary-Kate and Ashley: Girls Night Out,GBA,2002,Misc,Acclaim Entertainment,0.15,0.05,0,0,0.2
12956,Culdcept Revolt,3DS,2016,Strategy,Nintendo,0,0,0.05,0,0.05
11394,Smart Bomb,PSP,2005,Puzzle,Eidos Interactive,0.07,0,0,0.01,0.08
13612,BeatMania IIDX 16: Empress + Premium Best,PS2,2009,Simulation,Konami Digital Entertainment,0,0,0.04,0,0.04
4206,Major League Baseball 2K13,X360,2013,Sports,Take-Two Interactive,0.44,0,0,0.03,0.47
6432,Fish Tycoon,DS,2007,Simulation,Majesco Entertainment,0.24,0,0,0.02,0.27
5569,Dr. Mario / Puzzle League,GBA,2005,Puzzle,Nintendo,0.12,0.04,0.16,0.01,0.33
2001,Brink,X360,2011,Shooter,Bethesda Softworks,0.59,0.35,0.01,0.09,1.04
15682,The Longest Journey,PC,1999,Adventure,Empire Interactive,0,0.01,0,0,0.02
11076,Scrabble,PSP,2009,Misc,Electronic Arts,0.08,0,0,0.01,0.09
537,Monster Hunter Tri,3DS,2011,Role-Playing,Nintendo,0.46,0.29,1.96,0.07,2.79
3592,Resident Evil 2,N64,1999,Action,Virgin Interactive,0.39,0.09,0.07,0.01,0.56
10197,Avatar: The Last Airbender,PSP,2006,Adventure,THQ,0.1,0,0,0.01,0.11
4317,Barbie as The Island Princess,Wii,2007,Adventure,Activision,0.42,0,0,0.03,0.45
15400,Arcana Famiglia: Vascello Phantasma no Majutsushi,PSP,2012,Action,Comfort,0,0,0.02,0,0.02
16566,Mortal Kombat: Deadly Alliance,GBA,2002,Fighting,Midway Games,0.01,0,0,0,0.01
15918,Dream Dancer,DS,N/A,Misc,N/A,0.01,0,0,0,0.02
15005,Canvas 2,PS2,2006,Adventure,Kadokawa Shoten,0,0,0.02,0,0.02
3535,NBA Hangtime,N64,1997,Sports,GT Interactive,0.48,0.08,0,0,0.57
1215,Tom Clancy's Ghost Recon Advanced Warfighter,X360,2006,Shooter,Ubisoft,1.4,0.02,0.02,0.1,1.54
13258,Boing! Docomodake DS,DS,2007,Puzzle,Ignition Entertainment,0.04,0,0,0,0.05
15459,Digimon Rumble Arena 2,XB,2004,Fighting,Atari,0.01,0,0,0,0.02
4854,Wii Sports Club,WiiU,2014,Sports,Nintendo,0.19,0.14,0.04,0.03,0.4
10325,Cabela's Adventure Camp,PS3,2011,Misc,Activision,0.06,0.03,0,0.02,0.11
3376,Kinect Rush: A Disney Pixar Adventure,X360,2012,Adventure,Microsoft Game Studios,0.38,0.16,0,0.05,0.6
613,Tomb Raider (2013),PS3,2013,Action,Square Enix,0.6,1.31,0.08,0.52,2.51
12833,Final Fight: Streetwise,PS2,2006,Action,Capcom,0.03,0.02,0,0.01,0.05
176,Donkey Kong 64,N64,1999,Platform,Nintendo,3.33,0.79,1.09,0.06,5.27
3641,WWF Raw,XB,2002,Fighting,THQ,0.4,0.13,0,0.02,0.55
12673,Gormiti: The Lords of Nature!,DS,2010,Adventure,Konami Digital Entertainment,0.05,0,0,0,0.06
3507,Theme Park,PS,1994,Simulation,Electronic Arts,0.24,0.16,0.13,0.04,0.57
1563,The Elder Scrolls Online,XOne,2015,Role-Playing,Bethesda Softworks,0.77,0.38,0,0.12,1.27
4927,Taiko no Tatsujin Wii: Ketteiban,Wii,2011,Misc,Namco Bandai Games,0,0,0.39,0,0.39
9829,Grand Theft Auto: San Andreas,X360,2008,Action,Take-Two Interactive,0.08,0.03,0,0.01,0.12
5321,Guitar Hero: Metallica,PS2,2009,Misc,Activision,0.17,0.13,0,0.04,0.35
8813,Gundam Breaker 2,PSV,2014,Action,Namco Bandai Games,0,0,0.15,0,0.15
10823,Gundam Breaker,PSV,2013,Action,Namco Bandai Games,0,0,0.09,0,0.09
8565,Namco Classic Fighter Collection,PS2,2008,Fighting,Namco Bandai Games,0.08,0.06,0,0.02,0.16
2560,Final Fantasy XI: Wings of the Goddess,PS2,2007,Role-Playing,Square Enix,0.35,0.27,0.09,0.09,0.81
11422,Pro Evolution Soccer 2008 (JP sales),DS,2007,Sports,Konami Digital Entertainment,0,0,0.08,0,0.08
1747,Tom Clancy's Ghost Recon: Jungle Storm,PS2,2004,Shooter,Ubisoft,0.57,0.44,0,0.15,1.16
10772,Global Touring Challenge: Africa,PS2,2001,Racing,Rage Software,0.05,0.04,0,0.01,0.1
9477,Street Fighter IV,PC,N/A,Fighting,Capcom,0.07,0.04,0,0.02,0.13
6301,Athens 2004,PS2,2004,Sports,Sony Computer Entertainment,0.13,0.1,0,0.03,0.27
4433,World Stadium EX,PS,1996,Sports,Namco Bandai Games,0,0,0.41,0.03,0.44
8761,Saturn Bomberman,SAT,1996,Puzzle,Sega,0,0,0.15,0,0.15
4919,Project X Zone,3DS,2012,Role-Playing,Namco Bandai Games,0.18,0.04,0.15,0.02,0.39
5895,One Piece Unlimited Cruise SP,3DS,2011,Action,Namco Bandai Games,0,0,0.3,0,0.3
648,Pro Wrestling,NES,1987,Fighting,Nintendo,0.77,0.18,1.42,0.03,2.4
20,Brain Age: Train Your Brain in Minutes a Day,DS,2005,Misc,Nintendo,4.75,9.26,4.16,2.05,20.22
11689,Dragon Ball Z: The Legacy of Goku I & II,GBA,2005,Role-Playing,Atari,0.05,0.02,0,0,0.08
1344,Tiger Woods PGA Tour 2005,PS2,2004,Sports,Electronic Arts,1.03,0.32,0,0.09,1.44
15503,Zettai Meikyuu Grimm: Nanatsu no Kagi to Rakuen no Otome,PSP,2010,Misc,Karin Entertainment,0,0,0.02,0,0.02
12590,Resident Evil - Code: Veronica X,GC,2003,Action,Capcom,0.05,0.01,0,0,0.06
10371,Sakura Wars,DC,2000,Adventure,Sega,0,0,0.11,0,0.11
13810,Shadow of the Colossus,PS3,2011,Action,Sony Computer Entertainment,0,0,0.04,0,0.04
6934,G.I. Joe: The Rise of Cobra,X360,2009,Action,Electronic Arts,0.17,0.05,0,0.02,0.24
6275,Motocross Maniacs Advance,GBA,2002,Racing,Konami Digital Entertainment,0.2,0.07,0,0,0.27
11311,From Russia With Love,PSP,2006,Action,Electronic Arts,0.07,0.01,0,0.01,0.08
12210,Cold Stone Creamery: Scoop It Up,Wii,2009,Misc,Zoo Games,0.06,0,0,0,0.07
12823,Legend of Kay,WiiU,2015,Action,Nordic Games,0.03,0.02,0,0,0.05
15841,Zoey 101: Field Trip Fiasco,DS,2007,Action,THQ,0.02,0,0,0,0.02
1516,Yu-Gi-Oh! The Sacred Cards,GBA,2002,Role-Playing,Konami Digital Entertainment,0.94,0.35,0,0.02,1.3
12249,Ojyousama Express,PS,1998,Strategy,Media Works,0,0,0.06,0,0.06
16098,Resident Evil 5 HD,PS4,2016,Action,Capcom,0.01,0,0,0,0.01
1090,Star Wars: Battlefront II,XB,2005,Shooter,Activision,1.22,0.39,0,0.06,1.67
11251,Shin Megami Tensei: Devil Summoner - Raidou Kuzunoha vs. The Soulless Army,PS2,2006,Role-Playing,Tecmo Koei,0,0,0.09,0,0.09
3063,Finding Nemo,XB,2003,Action,THQ,0.48,0.16,0,0.02,0.66
13000,Lucha Libre AAA: Heroes del Ring,X360,2010,Fighting,Konami Digital Entertainment,0.05,0,0,0,0.05
12144,Tony Hawk's Pro Skater 5,X360,2015,Sports,Activision,0.06,0,0,0.01,0.07
10143,Truth or Lies,X360,2010,Misc,THQ,0.07,0.03,0,0.01,0.11
12914,Major League Baseball 2K11,PSP,2011,Sports,Take-Two Interactive,0.05,0,0,0,0.05
5561,Frogger II: Threeedeep!,2600,1983,Action,Parker Bros.,0.31,0.02,0,0,0.33
10437,Kirarin * Revolution: Tsukutte Misechao! Kime * Kira Stage,DS,2007,Simulation,Konami Digital Entertainment,0,0,0.1,0,0.1
4021,Ace Combat: Assault Horizon,X360,2011,Action,Namco Bandai Games,0.3,0.12,0.03,0.04,0.49
9497,RealSports Volleyball,2600,1981,Sports,Atari,0.12,0.01,0,0,0.13
2699,Lost Planet 2,X360,2010,Shooter,Capcom,0.38,0.24,0.08,0.06,0.76
3733,Rune Factory 2: A Fantasy Harvest Moon,DS,2008,Role-Playing,Rising Star Games,0.33,0.03,0.15,0.03,0.54
16056,Banjo-Kazooie,X360,2008,Platform,Microsoft Game Studios,0,0.01,0,0,0.01
1132,NBA 2K15,X360,2014,Sports,Take-Two Interactive,1.33,0.14,0,0.15,1.63
6541,SD Gundam G Generation: Cross Drive,DS,2007,Strategy,Namco Bandai Games,0,0,0.26,0,0.26
16295,Surf's Up,GC,2007,Sports,Ubisoft,0.01,0,0,0,0.01
15341,Dead Rising,PS4,2016,Action,Capcom,0.01,0,0,0,0.02
9919,USA Today Crossword Challenge,DS,2008,Puzzle,Destineer,0.11,0,0,0.01,0.12
7603,Zone of the Enders HD Collection,X360,2012,Simulation,Konami Digital Entertainment,0.14,0.04,0.01,0.02,0.2
670,Madden NFL 10,PS3,2009,Sports,Electronic Arts,2.03,0.13,0,0.21,2.37
12386,Generator Rex: Agent of Providence,X360,2011,Action,Activision,0.05,0.01,0,0,0.06
11161,Ford Racing 3,XB,2004,Racing,Take-Two Interactive,0.07,0.02,0,0,0.09
1767,Bad Boys: Miami Takedown,PS2,2004,Shooter,Empire Interactive,0.56,0.44,0,0.15,1.15
1735,Medal of Honor: Rising Sun,XB,2003,Shooter,Electronic Arts,0.76,0.36,0,0.05,1.17
10102,Stronghold Kingdoms,PC,2011,Strategy,DTP Entertainment,0,0.1,0,0.02,0.11
13851,Scarface: The World is Yours,PC,2006,Action,Vivendi Games,0.01,0.02,0,0.01,0.04
4561,The Smurfs,DS,2011,Action,Ubisoft,0.24,0.14,0,0.04,0.43
9671,High Velocity: Mountain Racing Challenge,SAT,1995,Racing,Atlus,0,0,0.12,0,0.12
2595,Sniper: Ghost Warrior,PS3,2011,Shooter,City Interactive,0.26,0.36,0.04,0.14,0.8
13464,Rapala Trophies,PSP,2006,Sports,Activision,0.04,0,0,0,0.04
8016,Rock Band Track Pack Volume 2,X360,2008,Misc,MTV Games,0.16,0.01,0,0.01,0.18
10405,Petz Fashion: Dogz & Catz,DS,2009,Simulation,Ubisoft,0.1,0,0,0.01,0.11
4822,EA Sports UFC 2,XOne,2016,Sports,Electronic Arts,0.23,0.14,0,0.04,0.4
10672,Sneakers,XB,2002,Puzzle,Microsoft Game Studios,0.07,0.02,0,0,0.1
1250,NBA Live 98,PS,1997,Sports,Electronic Arts,1.41,0.06,0,0.04,1.51
9200,Master Jin Jin's IQ Challenge,DS,2006,Misc,505 Games,0.13,0,0,0.01,0.14
11856,Romance of the Three Kingdoms XI,PS2,2007,Strategy,Tecmo Koei,0,0,0.07,0,0.07
2729,Final Fantasy Legend III,GB,1991,Role-Playing,SquareSoft,0,0,0.76,0,0.76
14647,Bleach DS 4th: Flame Bringer,DS,2009,Action,Sega,0,0,0.03,0,0.03
2310,Resistance: Retribution,PSP,2009,Shooter,Sony Computer Entertainment,0.27,0.36,0.05,0.22,0.9
4535,Max Payne 3,PC,2012,Shooter,Take-Two Interactive,0.15,0.22,0,0.06,0.43
5601,Bust-A-Move '99,PS,1997,Puzzle,Acclaim Entertainment,0.18,0.12,0,0.02,0.32
16052,Abunai: Koi no Sousa Shitsu,PSP,2012,Action,Quinrose,0,0,0.01,0,0.01
4444,Child of Eden,X360,2011,Shooter,Ubisoft,0.28,0.12,0,0.04,0.44
13155,Assassin's Creed: Altair's Chronicles,DS,2008,Platform,Ubisoft,0.03,0.01,0,0,0.05
16033,My Little Baby,DS,2008,Simulation,CDV Software Entertainment,0,0.01,0,0,0.01
14596,Saihai no Yukue,DS,2008,Strategy,Tecmo Koei,0,0,0.03,0,0.03
985,Final Fantasy II,SNES,1991,Role-Playing,Square,0.24,0.09,1.33,0.12,1.77
15010,Supermodel Makeover by Lauren Luke,DS,2009,Simulation,Avanquest,0,0.02,0,0,0.02
11169,Lego Star Wars: The Force Awakens,WiiU,2016,Action,Warner Bros. Interactive Entertainment,0.04,0.04,0,0.01,0.09
12580,Melty Blood: Actress Again,PS2,2009,Fighting,Ecole,0,0,0.06,0,0.06
15659,Barnyard Blast: Swine of the Night,DS,2008,Platform,Big Ben Interactive,0.02,0,0,0,0.02
9761,Bodycount,PS3,2011,Shooter,Codemasters,0.05,0.06,0,0.02,0.12
4006,Shrek SuperSlam,PS2,2005,Action,Activision,0.24,0.19,0,0.06,0.5
7564,Rocket Power: Zero Gravity Zone,GBA,2003,Sports,THQ,0.14,0.05,0,0,0.2
2412,Tomb Raider: Anniversary,Wii,2007,Action,Eidos Interactive,0.12,0.63,0,0.11,0.86
3468,World Cup 98,N64,1998,Sports,Electronic Arts,0.14,0.4,0,0.04,0.58
9100,Pipe Mania,PS2,2008,Puzzle,Empire Interactive,0.07,0.05,0,0.02,0.14
15200,Saint,Wii,N/A,Shooter,Unknown,0.02,0,0,0,0.02
7775,NCAA Final Four 2003,PS2,2002,Sports,Sony Computer Entertainment,0.09,0.07,0,0.02,0.19
4106,Pinball Hall of Fame: The Williams Collection,Wii,2008,Misc,System 3 Arcade Software,0.42,0.03,0,0.04,0.48
2967,Nintendo Presents: New Style Boutique 2 - Fashion Forward,3DS,2015,Misc,Nintendo,0.01,0.61,0.02,0.04,0.69
15962,Technic Beat,PS2,2002,Misc,Arika,0.01,0.01,0,0,0.02
4187,L.A. Rush,PS2,2005,Racing,Midway Games,0.23,0.18,0,0.06,0.47
8705,AC/DC LIVE: Rock Band Track Pack,PS2,2008,Misc,MTV Games,0.08,0.06,0,0.02,0.16
15408,Vitamin R,PSP,2013,Adventure,D3Publisher,0,0,0.02,0,0.02
2226,Borderlands 2,PC,2012,Shooter,Take-Two Interactive,0.42,0.41,0,0.11,0.93
5656,Rock Band Country Track Pack,PS2,2009,Misc,MTV Games,0.16,0.12,0,0.04,0.32
13072,Child of Light,PS4,2014,Role-Playing,Ubisoft,0,0.01,0.04,0,0.05
3843,NBA Live 09,PS3,2008,Sports,Electronic Arts,0.46,0,0.02,0.04,0.52
11327,Ultimate Brain Games,GBA,2003,Misc,Telegames,0.06,0.02,0,0,0.08
10166,The Spiderwick Chronicles,X360,2008,Action,Vivendi Games,0.09,0.01,0,0.01,0.11
11884,Kenyuu Densetsu Yaiba,SNES,1994,Action,Banpresto,0,0,0.07,0,0.07
8974,Dreamworks 2-in-1 Party Pack,DS,2010,Misc,Activision,0.14,0,0,0.01,0.15
12697,Mana Khemia: Alchemists of Al-Revis,PS2,2007,Role-Playing,Nippon Ichi Software,0.03,0.02,0,0.01,0.06
10974,Total Overdose: A Gunslinger's Tale in Mexico,PS2,2005,Shooter,Eidos Interactive,0.04,0.04,0,0.01,0.09
8970,Tom Clancy's Ghost Recon,GC,2003,Shooter,Ubisoft,0.11,0.03,0,0,0.15
12678,Real Soccer 2009,DS,2008,Sports,Ubisoft,0.05,0,0,0,0.06
1041,Star Ocean: Till The End of Time,PS2,2003,Role-Playing,Ubisoft,0.8,0.21,0.55,0.15,1.72
12881,Reader Rabbit 2nd Grade,Wii,N/A,Misc,Unknown,0.05,0,0,0,0.05
16289,War for the Overworld,PC,2015,Strategy,Unknown,0,0.01,0,0,0.01
5192,Earth Defense Force 2025,PS3,2013,Shooter,D3Publisher,0.04,0.03,0.27,0.02,0.36
13664,Virtua Tennis 4,PC,2011,Sports,Sega,0,0.03,0,0.01,0.04
7661,Shark Tale,XB,2004,Action,Activision,0.15,0.04,0,0.01,0.2
12196,Armored Core: Nine Breaker,PS2,2004,Simulation,505 Games,0.03,0.03,0,0.01,0.07
12493,Alvin and the Chipmunks,Wii,2007,Misc,Eidos Interactive,0.05,0,0,0,0.06
2187,Brutal Legend,PS3,2009,Action,Electronic Arts,0.54,0.28,0,0.13,0.95
9551,Venetica,PS3,2010,Role-Playing,DTP Entertainment,0.07,0.04,0,0.02,0.13
14835,Justice League Heroes: The Flash,GBA,2006,Action,Eidos Interactive,0.02,0.01,0,0,0.03
2891,Football Manager 2014,PC,2013,Sports,Sega,0,0.6,0,0.1,0.71
11107,Game Hits!,DS,2010,Misc,Foreign Media Games,0.07,0.01,0,0.01,0.09
7693,Go Play: Lumberjacks,Wii,2009,Simulation,Majesco Entertainment,0.18,0,0,0.01,0.2
1865,NBA Live 2001,PS2,2001,Sports,Electronic Arts,0.52,0.4,0.04,0.13,1.1
15689,Machi-ing Maker 4,PS3,2011,Strategy,D3Publisher,0,0,0.02,0,0.02
12219,Parlor! Mini 2,SNES,1996,Misc,Nippon Telenet,0,0,0.07,0,0.07
9942,Ridge Racer Unbounded,X360,2012,Racing,Namco Bandai Games,0.05,0.05,0,0.01,0.12
9036,G.I. Joe: The Rise of Cobra,PSP,2009,Action,Electronic Arts,0.11,0.02,0,0.02,0.14
6007,From TV Animation One Piece: Treasure Battle!,GC,2002,Fighting,Namco Bandai Games,0,0,0.28,0.01,0.29
1674,Battlefield: Hardline,XOne,2015,Shooter,Electronic Arts,0.72,0.37,0.01,0.11,1.2
2600,The Walking Dead: Season One,PS3,2012,Adventure,Avanquest Software,0.4,0.25,0.03,0.11,0.79
92,Super Mario Galaxy 2,Wii,2010,Platform,Nintendo,3.66,2.42,0.98,0.64,7.69
10109,Invizimals: The Lost Tribes,PSP,2011,Action,Sony Computer Entertainment,0,0.08,0,0.04,0.11
11938,Magi: The Labyrinth of Beginning,3DS,2013,Role-Playing,Namco Bandai Games,0,0,0.07,0,0.07
3441,Petz Dogz 2,Wii,2007,Simulation,Ubisoft,0.53,0.01,0,0.04,0.58
7610,Injustice: Gods Among Us,WiiU,2013,Fighting,Warner Bros. Interactive Entertainment,0.1,0.08,0,0.02,0.2
4148,Fantavision,PS2,2000,Puzzle,Sony Computer Entertainment,0.14,0.11,0.19,0.04,0.47
3240,Metal Gear Solid 2: Substance,XB,N/A,Action,Konami Digital Entertainment,0.38,0.22,0,0.03,0.62
15015,Ferrari Challenge Trofeo Pirelli Deluxe,Wii,2009,Racing,System 3 Arcade Software,0,0.02,0,0,0.02
13680,Lionel Trains: On Track,DS,2006,Action,DSI Games,0.04,0,0,0,0.04
5927,Alvin and the Chipmunks: The Squeakquel,DS,2009,Misc,Majesco Entertainment,0.28,0,0,0.02,0.3
12629,Gegege no Kitarou: Youkai Daigekisen,DS,2008,Action,Namco Bandai Games,0,0,0.06,0,0.06
15442,Nervous Brickdown,DS,2007,Puzzle,Eidos Interactive,0,0.01,0,0,0.02
8203,NFL 2K2,XB,2002,Sports,Sega,0.13,0.04,0,0.01,0.18
5097,Ultimate Spider-Man,GC,2005,Action,Activision,0.29,0.07,0,0.01,0.37
11809,Tomb Raider: Legend,DS,2006,Action,Eidos Interactive,0.04,0.02,0,0.01,0.07
11320,Bomberman Jetters,GC,2002,Puzzle,Hudson Soft,0.06,0.02,0,0,0.08
10298,The Lord of the Rings: Conquest,DS,2009,Action,Electronic Arts,0.09,0.01,0,0.01,0.11
15222,Legend: Hand of God,PC,2007,Role-Playing,DTP Entertainment,0,0.02,0,0,0.02
15484,Agatha Christie's The ABC Murders,PS4,2016,Adventure,Microids,0.01,0.01,0,0,0.02
3349,WarioWare D.I.Y.,DS,2009,Misc,Nintendo,0.18,0.19,0.2,0.04,0.6
14668,Onechanbara Z Kagura,X360,2012,Action,D3Publisher,0,0,0.03,0,0.03
5616,Tony Hawk's American Wasteland,X360,2005,Sports,Activision,0.28,0.02,0,0.03,0.32
12114,Basketball Hall of Fame Ultimate Hoops Challenge,Wii,2010,Sports,Zoo Games,0.06,0,0,0,0.07
566,Call Of Duty 2: Big Red One,PS2,2005,Shooter,Activision,1.48,0.92,0.01,0.26,2.67
8725,FIFA 06: Road to FIFA World Cup,X360,2005,Sports,Electronic Arts,0.11,0.02,0.01,0.01,0.15
12602,Splat Renegade Paintball,XB,2005,Sports,Take-Two Interactive,0.04,0.01,0,0,0.06
2326,Madagascar,GBA,2005,Platform,Activision,0.62,0.24,0,0.03,0.89
1491,TOCA 2: Touring Cars,PS,1998,Racing,Codemasters,0.03,1.16,0.02,0.11,1.32
8596,Take A Break's: Puzzle Master,DS,2009,Puzzle,Ubisoft,0,0.15,0,0.01,0.16
807,Sim Theme Park,PC,1998,Strategy,Electronic Arts,2.04,0.04,0,0,2.08
10592,Beach Spikers: Virtua Beach Volleyball,GC,2002,Sports,Sega,0.08,0.02,0,0,0.1
3076,Fist of the North Star: Ken's Rage,PS3,2010,Action,Ubisoft Annecy,0.06,0.03,0.55,0.02,0.66
9391,James Bond 007: Legends,WiiU,2012,Shooter,Activision,0.07,0.05,0,0.01,0.13
3489,Disgaea 4: A Promise Unforgotten,PS3,2011,Role-Playing,Nippon Ichi Software,0.27,0.11,0.14,0.06,0.58
15709,Pirates: Legend of the Black Buccaneer,PS2,2006,Adventure,10TACLE Studios,0.01,0.01,0,0,0.02
1759,Rocksmith,PS3,2011,Misc,Ubisoft,0.52,0.38,0.09,0.17,1.16
1407,Persona 4: Golden,PSV,2012,Role-Playing,Atlus,0.46,0.34,0.38,0.21,1.38
6677,Golden Nugget Casino,GBA,2004,Misc,Majesco Entertainment,0.18,0.07,0,0,0.25
4831,Mortal Kombat Mythologies: Sub-Zero,N64,1997,Fighting,Midway Games,0.32,0.07,0,0,0.4
16080,Destiny Links,DS,2009,Role-Playing,Namco Bandai Games,0,0,0.01,0,0.01
11059,Go Play: City Sports,Wii,2009,Sports,Majesco Entertainment,0.08,0,0,0.01,0.09
10579,Project Hacker: Kakusei,DS,2006,Action,Nintendo,0,0,0.1,0,0.1
4413,Major League Baseball 2K6,PS2,2006,Sports,Spike,0.37,0.01,0,0.06,0.44
3071,Rayman Legends,PS3,2013,Platform,Ubisoft,0.14,0.38,0,0.14,0.66
9050,Kenka Banchou 5: Otoko no Housoku,PSP,2011,Action,Spike,0,0,0.14,0,0.14
14063,Pirates: Duels on the High Seas,DS,2008,Action,Oxygen Interactive,0.03,0,0,0,0.04
3345,NBA 2K8,PS2,2007,Sports,Take-Two Interactive,0.5,0.02,0,0.08,0.6
9358,NHL 2K9,PS3,2008,Sports,Take-Two Interactive,0.11,0.01,0,0.01,0.13
16028,The Last Remnant,PC,2009,Role-Playing,Square Enix,0,0.01,0,0,0.01
6651,Cars,X360,2006,Racing,THQ,0.22,0.02,0,0.02,0.25
10470,The Wolf Among Us,PS3,2014,Adventure,Telltale Games,0.05,0.03,0,0.02,0.1
15997,S.Y.K: Shinsetsu Saiyuuki,PS2,2009,Adventure,Idea Factory,0,0,0.01,0,0.01
5022,FlatOut,PS2,2004,Racing,Empire Interactive,0.19,0.15,0,0.05,0.38
10933,Playmobil Circus,Wii,2009,Action,Mindscape,0.06,0.02,0,0.01,0.09
13001,Pony Friends,DS,2007,Simulation,Eidos Interactive,0,0.05,0,0.01,0.05
12228,Dream C Club,X360,2009,Simulation,D3Publisher,0,0,0.07,0,0.07
179,Tomb Raider II,PS,1997,Action,Eidos Interactive,2.3,2.46,0.2,0.28,5.24
16465,Outdoors Unleashed: Alaska 3D,3DS,2011,Sports,Mastiff,0.01,0,0,0,0.01
11296,ZhuZhu Babies,DS,2011,Simulation,Activision,0.07,0.01,0,0.01,0.08
4026,MotorStorm: Apocalypse,PS3,2011,Racing,Sony Computer Entertainment,0.21,0.2,0,0.08,0.49
10583,Wasteland 2,PS4,2015,Role-Playing,Deep Silver,0.07,0,0.01,0.02,0.1
617,Saints Row: The Third,PS3,2011,Action,THQ,0.86,1.06,0.18,0.39,2.49
3080,Tiger Woods PGA Tour 09,PS3,2008,Sports,Electronic Arts,0.34,0.22,0,0.1,0.66
10728,Ultra Street Fighter IV,PS4,2015,Fighting,Capcom,0,0.08,0,0.01,0.1
11496,Super Sentai Battle: Ranger Cross,Wii,2011,Action,Namco Bandai Games,0,0,0.08,0,0.08
12783,BattleBots: Beyond the BattleBox,GBA,2002,Action,Vivendi Games,0.04,0.01,0,0,0.06
1094,StarCraft II: Heart of the Swarm,PC,2013,Strategy,Activision,0.82,0.65,0,0.19,1.67
11861,Let's Paint,Wii,2010,Simulation,Zoo Games,0.07,0,0,0,0.07
3160,Rayman 2: The Great Escape,N64,1999,Platform,Ubisoft,0.4,0.22,0,0.02,0.64
13521,D.C.F.S.: Da Capo Four Seasons,PS2,2005,Adventure,Kadokawa Shoten,0,0,0.04,0,0.04
1295,Star Wars: The Force Unleashed II,X360,2010,Action,LucasArts,0.95,0.4,0,0.12,1.47
1138,Mario Hoops 3 on 3,DS,2006,Sports,Nintendo,0.99,0.04,0.49,0.1,1.62
12798,Elemental Gearbolt,PS,1997,Shooter,Sony Computer Entertainment,0.03,0.02,0,0,0.06
9342,Suzumiya Haruhi no Tomadoi,PS2,2008,Adventure,Banpresto,0,0,0.13,0,0.13
7522,Buzz! The Schools Quiz,PS2,2008,Misc,Sony Computer Entertainment,0,0.02,0,0.19,0.2
12810,Pro Yakyuu Famista 2011,3DS,2011,Sports,Namco Bandai Games,0,0,0.06,0,0.06
1046,Ace Combat 5: The Unsung War,PS2,2004,Simulation,Sony Computer Entertainment Europe,0.88,0.34,0.32,0.18,1.71
15282,Heavy Fire: The Chosen Few 3D,3DS,2011,Shooter,Mastiff,0.02,0,0,0,0.02
6413,Teenage Mutant Ninja Turtles: Danger of the Ooze,PS3,2014,Adventure,Activision,0.11,0.11,0,0.05,0.27
15625,Tiny Toon Adventures: Wacky Stackers,GBA,2001,Puzzle,Conspiracy Entertainment,0.01,0,0,0,0.02
8298,Backyard Baseball '10,PS2,2009,Sports,Atari,0.08,0.07,0,0.02,0.17
3649,Sakura Wars,SAT,1996,Adventure,Sega,0,0,0.55,0,0.55
8718,Muppet RaceMania,PS,1999,Racing,Sony Computer Entertainment,0.09,0.06,0,0.01,0.15
650,Frogger's Adventures: Temple of the Frog,GBA,N/A,Adventure,Konami Digital Entertainment,2.15,0.18,0,0.07,2.39
12334,Lego Batman 3: Beyond Gotham,PC,2014,Action,Warner Bros. Interactive Entertainment,0,0.06,0,0.01,0.06
9773,Crush3D,3DS,2012,Platform,Sega,0.07,0.04,0,0.01,0.12
8530,Bladestorm: Nightmare,PS4,2015,Action,Tecmo Koei,0.07,0.04,0.03,0.02,0.16
5027,Lilo & Stitch 2: Hämsterviel Havoc,GBA,2004,Action,Disney Interactive Studios,0.27,0.1,0,0.01,0.38
9974,Armored Core: Verdict Day,PS3,2013,Simulation,From Software,0,0,0.12,0,0.12
322,Nintendogs + cats,3DS,2011,Simulation,Nintendo,1.44,1.37,0.73,0.27,3.81
2304,Destruction Derby,PS,1995,Racing,Psygnosis,0.5,0.34,0,0.06,0.9
8424,Learning to Spell,DS,2010,Misc,505 Games,0.16,0,0,0.01,0.17
4019,Ridge Racer 3D,3DS,2011,Racing,Namco Bandai Games,0.19,0.15,0.12,0.03,0.5
5290,Star Fox: Zero,WiiU,2016,Shooter,Nintendo,0.16,0.1,0.07,0.03,0.35
11189,Rollcage Stage II,PS,2000,Racing,Sony Computer Entertainment,0.05,0.03,0,0.01,0.09
2025,Rock Band 2,Wii,2008,Misc,MTV Games,0.94,0.01,0,0.08,1.03
13396,Ford Bold Moves Street Racing,PSP,2006,Racing,Xplosiv,0.04,0,0,0,0.05
14568,Winx Club: Rockstars,DS,2010,Adventure,Namco Bandai Games,0,0.03,0,0,0.03
9453,NeverDead,PS3,2012,Shooter,Konami Digital Entertainment,0.06,0.04,0.01,0.02,0.13
10971,Shrek SuperSlam,XB,2005,Action,Activision,0.07,0.02,0,0,0.09
10268,Sonic Generations,PC,2011,Platform,Sega,0.02,0.07,0,0.02,0.11
547,Assassin's Creed IV: Black Flag,PS4,2013,Action,Ubisoft,1.07,1.31,0.06,0.31,2.74
8859,Spongebob Squarepants / Fairly Odd Parents Double Pack,GBA,2005,Action,THQ,0.11,0.04,0,0,0.15
3039,Crafting Mama,DS,2010,Simulation,505 Games,0.4,0.21,0.01,0.05,0.67
14545,Disney's Aladdin,GBA,2003,Platform,Capcom,0.02,0.01,0,0,0.03
12635,Killing Zone,PS,1996,Fighting,Acclaim Entertainment,0.03,0.02,0,0,0.06
7319,Are You Smarter Than a 5th Grader? Back to School,Wii,2010,Misc,Nintendo,0.2,0,0,0.02,0.21
2577,Sonic & SEGA All-Stars Racing with Banjo-Kazooie,X360,2010,Racing,Sega,0.37,0.35,0,0.07,0.8
15984,Coven and Labyrinth of Refrain,PSV,2016,Action,Nippon Ichi Software,0,0,0.01,0,0.01
1437,Dance Dance Revolution (Japan),PS,1999,Simulation,Konami Digital Entertainment,0,0,1.26,0.09,1.35
1794,Pilotwings,SNES,1990,Simulation,Nintendo,0.46,0.17,0.48,0.02,1.14
13811,Phantom Breaker,X360,2011,Fighting,5pb,0.02,0,0.02,0,0.04
10468,Escape From Monkey Island,PS2,2001,Adventure,LucasArts,0.05,0.04,0,0.01,0.1
13956,Monster High: New Ghoul in School,3DS,2015,Action,Little Orbit,0,0.03,0,0,0.04
7432,Deus Ex: The Conspiracy,PS2,2002,Action,Eidos Interactive,0.1,0.08,0,0.03,0.21
12688,Scurge: Hive,DS,2006,Action,SouthPeak Games,0.05,0,0,0,0.06
5968,Junior Brain Trainer 2,DS,2010,Misc,GSP,0.04,0.21,0,0.04,0.29
4994,SD Gundam G Generation Spirits,PS2,2007,Strategy,Namco Bandai Games,0,0,0.38,0,0.38
6465,Petz: Horsez 2,PS2,2007,Simulation,Ubisoft,0.13,0.1,0,0.03,0.26
271,EyeToy Play,PS2,2003,Misc,Sony Computer Entertainment,0.88,2.3,0.2,0.83,4.2
14901,The Great Battle Gaiden 2: Matsuri da Wasshoi,SNES,1994,Action,Banpresto,0,0,0.03,0,0.03
8391,Michael Jackson: The Experience 3D,3DS,2011,Misc,Ubisoft,0.13,0.03,0,0.01,0.17
7597,Front Mission Evolved,X360,2010,Shooter,Square Enix,0.1,0.07,0.02,0.02,0.2
3360,Half-Life,PS2,2001,Shooter,Vivendi Games,0.29,0.23,0,0.08,0.6
2909,Command & Conquer: Red Alert Retaliation,PS,1998,Strategy,Virgin Interactive,0.39,0.27,0,0.05,0.7
3853,Ratatouille,PS3,2007,Action,THQ,0.09,0.32,0,0.11,0.52
14303,Toy Shop,DS,2008,Simulation,Majesco Entertainment,0.03,0,0,0,0.03
6396,The BIGS,X360,2007,Sports,Take-Two Interactive,0.18,0.08,0,0,0.27
1024,Diablo III,PS4,2014,Role-Playing,Activision,0.49,0.88,0.06,0.3,1.74
6720,X-Men: Destiny,PS3,2011,Action,Activision,0.14,0.08,0,0.03,0.25
7091,Disney Princess: Enchanted Journey,PS2,2007,Adventure,Disney Interactive Studios,0.11,0.09,0,0.03,0.23
7595,Press Your Luck 2010 Edition,DS,2009,Misc,Ubisoft,0.19,0,0,0.01,0.2
14089,Housekeeping,DS,N/A,Action,N/A,0,0,0.04,0,0.04
11707,Mind Quiz: Your Brain Coach,DS,2006,Misc,Ubisoft,0,0,0.08,0,0.08
8406,Densetsu no Stafi 4,DS,2006,Platform,Nintendo,0,0,0.17,0,0.17
3494,Naruto: Uzumaki Chronicles 2,PS2,2006,Action,Namco Bandai Games,0.28,0.22,0,0.07,0.58
11240,Killer7,PS2,2005,Action,Capcom,0.04,0.03,0,0.01,0.09
15266,Dragon's Lair,DS,2010,Platform,Destineer,0.02,0,0,0,0.02
2406,Warriors Orochi,PS2,2007,Action,Tecmo Koei,0.11,0.09,0.64,0.03,0.87
4267,Virtua Tennis 4,PS3,2011,Sports,Sega,0.09,0.25,0.03,0.09,0.46
7840,SingStar Pop Vol.2,PS2,2008,Misc,Sony Computer Entertainment,0.09,0.07,0,0.02,0.19
1214,Warcraft III: The Frozen Throne,PC,2003,Strategy,Activision,0.58,0.87,0,0.09,1.54
5892,Harry Potter and the Order of the Phoenix,X360,2007,Action,Electronic Arts,0.24,0.04,0,0.02,0.3
2419,Dragon Quest VIII: Journey of the Cursed King,3DS,2015,Role-Playing,Square Enix,0,0,0.86,0,0.86
7512,Capcom Fighting Evolution,PS2,2004,Fighting,Capcom,0.1,0.08,0,0.03,0.2
5458,Virtua Tennis 2009,X360,2009,Sports,Sega,0.12,0.18,0,0.03,0.33
3849,Rival Schools: United By Fate,PS,1998,Fighting,Capcom,0.12,0.08,0.28,0.03,0.52
13587,Max & the Magic Marker,Wii,2011,Platform,Unknown,0,0.04,0,0,0.04
2408,Enduro,2600,1982,Misc,Quelle,0.81,0.05,0,0.01,0.87
9030,Super Robot Taisen OG Saga: Endless Frontier (JP sales),DS,2008,Role-Playing,Namco Bandai Games,0,0,0.14,0,0.14
6845,The Simpsons: Road Rage,GC,2001,Racing,Electronic Arts,0.19,0.05,0,0.01,0.24
6912,Lego Star Wars: The Force Awakens,XOne,2016,Action,Warner Bros. Interactive Entertainment,0.12,0.1,0,0.02,0.24
1685,One Piece: Pirate Warriors,PS3,2012,Action,Namco Bandai Games,0.01,0.24,0.86,0.09,1.2
12718,Titan Quest,PC,2006,Role-Playing,THQ,0.01,0.04,0,0.01,0.06
15371,Meitantei Conan: Kieta Hakase to Machigai Sagashi no Tou,DS,2008,Adventure,Namco Bandai Games,0,0,0.02,0,0.02
13084,Keroro Gunsou: Enshuu da Yo! Zenin Shuugou Part 2,DS,2007,Action,Namco Bandai Games,0,0,0.05,0,0.05
10586,Little League World Series Baseball 2008,Wii,2008,Sports,Activision,0.09,0,0,0.01,0.1
2224,Bentley's Hackpack,GBA,2005,Misc,N/A,0.67,0.25,0,0.02,0.93
14584,Higurashi no Naku Koro ni Iki,PSV,2015,Action,Kaga Create,0,0,0.03,0,0.03
5754,Lord of Arcana,PSP,2010,Role-Playing,Square Enix,0.07,0.04,0.17,0.03,0.31
14422,Digimon World 4,XB,2005,Role-Playing,Atari,0.02,0.01,0,0,0.03
944,NCAA Football 06,PS2,2005,Sports,Electronic Arts,1.53,0.05,0,0.25,1.84
13323,Jonah Lomu Rugby Challenge,PC,2011,Sports,Home Entertainment Suppliers,0,0.04,0,0.01,0.05
5170,Nonomura Byoin no Hitobito,SAT,1996,Adventure,Elf,0,0,0.36,0,0.36
15216,Casper's Scare School: Classroom Capers,DS,2008,Adventure,Blast! Entertainment Ltd,0.02,0,0,0,0.02
14217,Overlord II,PC,2009,Action,Codemasters,0,0.03,0,0.01,0.03
9929,Charm Girls Club: My Perfect Prom,DS,2009,Simulation,Electronic Arts,0.11,0,0,0.01,0.12
745,Kirby's Pinball Land,GB,1992,Misc,Nintendo,0.87,0.17,1.1,0.05,2.19
16285,Kamaitachi no Yoru 2: Tokubetsu Hen,PSP,2006,Adventure,ChunSoft,0,0,0.01,0,0.01
4811,The Incredibles: Rise of the Underminer,GBA,2005,Action,THQ,0.29,0.11,0,0.01,0.4
2104,Farming Simulator 2013,PC,2012,Simulation,Focus Home Interactive,0,0.8,0,0.18,0.99
4649,Castlevania: Curse of Darkness,PS2,2005,Action,Konami Digital Entertainment,0.18,0.14,0.05,0.05,0.42
940,Pinball,NES,1984,Action,Nintendo,0.8,0.19,0.83,0.03,1.85
4138,Tiger Woods PGA Tour 06,XB,2005,Sports,Electronic Arts,0.35,0.11,0,0.02,0.48
4105,ECW Hardcore Revolution,PS,1999,Fighting,Acclaim Entertainment,0.27,0.18,0,0.03,0.48
10260,Terraria,PSV,2013,Action,Screenlife,0,0.01,0.09,0,0.11
6076,Looney Tunes Racing,PS,2000,Racing,Infogrames,0.16,0.11,0,0.02,0.29
5277,Outlaw Golf 2,PS2,2004,Sports,Global Star,0.17,0.14,0,0.05,0.35
16554,Sweet Honey Coming,PS2,2009,Adventure,Kadokawa Shoten,0,0,0.01,0,0.01
11552,BioShock The Collection,XOne,2016,Shooter,Take-Two Interactive,0.03,0.04,0,0.01,0.08
5861,24: The Game,PS2,2006,Adventure,Sony Computer Entertainment,0.15,0.12,0,0.04,0.3
14678,Harukanaru Toki no Naka de 5: Kazahanaki,PSP,2012,Role-Playing,Ackkstudios,0,0,0.03,0,0.03
10192,Tales of Phantasia (PS1 & PSP Versions),PSP,2006,Role-Playing,Namco Bandai Games,0,0,0.11,0,0.11
2927,World of Zoo,DS,2009,Simulation,THQ,0.43,0.2,0,0.06,0.7
9670,Where the Wild Things Are,Wii,2009,Platform,Warner Bros. Interactive Entertainment,0.11,0,0,0.01,0.12
7793,Dante's Inferno,PSP,2010,Action,Electronic Arts,0.12,0.03,0.01,0.03,0.19
11692,Storybook Workshop,Wii,2009,Misc,Konami Digital Entertainment,0.07,0,0,0.01,0.08
9508,Green Lantern: Rise of the Manhunters,X360,2011,Action,Warner Bros. Interactive Entertainment,0.07,0.05,0,0.01,0.13
2167,Mega Man Star Force Dragon / Leo / Pegasus,DS,2006,Action,Capcom,0.39,0,0.53,0.03,0.96
11973,Pro Yaky? Spirits 2011,3DS,2011,Sports,Konami Digital Entertainment,0,0,0.07,0,0.07
955,Namco Museum,PS2,2001,Misc,Namco Bandai Games,1.73,0.07,0,0.02,1.82
5609,Crash of the Titans,X360,2007,Action,Vivendi Games,0.27,0.02,0,0.03,0.32
3661,Barbie Horse Adventures: Riding Camp,DS,2008,Sports,Activision,0.51,0,0,0.04,0.55
7641,Schlag den Raab,Wii,2010,Misc,Namco Bandai Games,0,0.17,0,0.03,0.2
3466,Harvest Moon: The Tale of Two Towns,DS,2010,Simulation,Natsume,0.27,0.06,0.22,0.03,0.58
1882,LEGO Star Wars II: The Original Trilogy,DS,2006,Action,LucasArts,0.96,0.04,0,0.08,1.09
11883,Mega Man Battle Network 5: Double Team DS (US sales),DS,2005,Role-Playing,Nintendo,0.07,0,0,0,0.07
9004,Tennis no Oji-Sama: Aim at The Victory!,GBA,2002,Sports,Konami Digital Entertainment,0,0,0.14,0,0.14
3605,Barbie Groovy Games,GBA,2002,Misc,Universal Interactive,0.4,0.15,0,0.01,0.56
14097,Might & Magic X: Legacy,PC,2014,Role-Playing,Ubisoft,0,0.03,0,0,0.04
416,Tekken,PS,1995,Fighting,Sony Computer Entertainment,0.95,1.3,0.77,0.22,3.24
16065,Turbo: Super Stunt Squad,X360,2013,Sports,D3Publisher,0,0.01,0,0,0.01
11471,The King of Fighters '96,PS,1997,Fighting,SNK,0,0,0.07,0.01,0.08
16577,Yattaman Wii: BikkuriDokkiri Machine de Mou Race da Koron,Wii,2008,Racing,Takara Tomy,0,0,0.01,0,0.01
4571,NBA Street,GC,2002,Sports,Electronic Arts,0.33,0.09,0,0.01,0.42
16057,Samurai Shodown Anthology (JP sales),PS2,2008,Fighting,Ignition Entertainment,0,0,0.01,0,0.01
2387,Kingdom Hearts Re: Chain of Memories,PS2,2008,Role-Playing,Square Enix,0.73,0.03,0,0.12,0.87
13980,Simple DS Series Vol. 15: The Kanshikikan 2 - Aratanaru 8-tsu no Jiken wo Touch seyo,DS,2007,Adventure,D3Publisher,0,0,0.04,0,0.04
11427,The King of Fighters 2006,PS2,2006,Fighting,Ignition Entertainment,0.01,0.01,0.05,0,0.08
6517,Indiana Jones and the Staff of Kings,DS,2009,Action,Activision,0.17,0.07,0,0.02,0.26
762,FIFA 15,XOne,2014,Sports,Electronic Arts,0.6,1.41,0,0.14,2.15
2815,Full Spectrum Warrior,XB,2004,Strategy,THQ,0.54,0.16,0,0.03,0.73
9226,RockMan & Forte,SNES,1998,Platform,Capcom,0,0,0.14,0,0.14
14325,Smart Girl's Winter Wonderland,DS,2008,Misc,UFO Interactive,0.03,0,0,0,0.03
4708,Itadaki Street DS,DS,2007,Misc,Square Enix,0,0,0.41,0,0.41
6272,Shin Nippon Pro Wrestling: Toukon Retsuden 2,PS,1996,Fighting,Tomy Corporation,0,0,0.26,0.02,0.27
11452,R/C Stunt Copter,PS,1998,Simulation,Interplay,0.04,0.03,0,0.01,0.08
11589,Bleach: Heat the Soul 4,PSP,2007,Fighting,Sony Computer Entertainment,0,0,0.08,0,0.08
4876,Tales of Phantasia,SNES,1995,Role-Playing,Namco Bandai Games,0,0,0.4,0,0.4
448,Heavy Rain,PS3,2010,Adventure,Sony Computer Entertainment,1.29,1.27,0.06,0.5,3.12
2597,pro evolution soccer 2011,PSP,2010,Sports,Konami Digital Entertainment,0.05,0.3,0.29,0.16,0.79
14862,MeiQ no Chika Ni Shisu: A Maze to Eradicate Them All,PSV,2015,Role-Playing,Idea Factory,0,0.01,0.01,0,0.03
14157,"Crouching Tiger, Hidden Dragon",GBA,2003,Action,Ubisoft,0.02,0.01,0,0,0.03
11293,Derby Tsuku: Derby Uma o Tsukurou!,DC,2000,Sports,Sega,0,0,0.08,0,0.08
10207,Go! Sudoku (JP sales),PSP,2005,Puzzle,Sony Computer Entertainment,0,0,0.11,0,0.11
13488,Operation Flashpoint: Elite,XB,2005,Shooter,Codemasters,0.03,0.01,0,0,0.04
7304,Apache: Air Assault,PS3,2010,Simulation,Activision,0.11,0.07,0,0.03,0.22
4035,Power Rangers: Dino Thunder,GBA,2003,Action,THQ,0.35,0.13,0,0.01,0.49
15869,San Goku Shi DS 2,DS,2007,Strategy,Tecmo Koei,0,0,0.02,0,0.02
5792,TouchMaster: Connect,DS,2010,Puzzle,Warner Bros. Interactive Entertainment,0.11,0.17,0,0.03,0.31
4691,BioShock,PC,2007,Shooter,Take-Two Interactive,0.01,0.39,0,0.02,0.41
14195,Cabela's Outdoor Adventures,GC,2005,Sports,Activision,0.03,0.01,0,0,0.03
5094,Digging for Dinosaurs,DS,2010,Action,Scholastic Inc.,0.35,0,0,0.02,0.37
11055,Naruto RPG 3: Rejiuu vs Konoha Shoutai,DS,2006,Role-Playing,Takara Tomy,0,0,0.09,0,0.09
10808,MX SuperFly featuring Ricky Carmichael,XB,2002,Racing,THQ,0.07,0.02,0,0,0.1
6939,Tony Hawk's Downhill Jam,Wii,N/A,Sports,Activision,0.21,0,0,0.02,0.24
14131,Zatch Bell! Electric Arena,GBA,2003,Fighting,Banpresto,0.02,0.01,0,0,0.03
14525,Samurai Spirits: Tenkaichi Kenkakuden,PS2,N/A,Fighting,Unknown,0,0,0.03,0,0.03
2033,Petz: Catz 2,DS,2007,Simulation,Ubisoft,0.51,0.4,0,0.11,1.02
842,Dead Space,PS3,2008,Action,Electronic Arts,1.05,0.67,0,0.3,2.02
2528,Shin Megami Tensei: Persona 4,PS2,2008,Role-Playing,Atlus,0.34,0.04,0.36,0.08,0.82
1999,Naruto: Clash of Ninja 2,GC,2003,Fighting,Nintendo,0.44,0.12,0.45,0.03,1.04
2793,Harvest Moon DS: Island of Happiness,DS,2007,Simulation,Rising Star Games,0.44,0.01,0.25,0.04,0.74
15207,Turbo: Super Stunt Squad,PS3,2013,Sports,D3Publisher,0,0.02,0,0,0.02
12789,The King of Fighters '96,NG,1996,Fighting,SNK,0,0,0.06,0,0.06
13528,FlatOut 2,XB,2006,Racing,Empire Interactive,0.03,0.01,0,0,0.04
10628,Nodame Cantabile,DS,2007,Misc,Namco Bandai Games,0,0,0.1,0,0.1
11122,Data East Arcade Classics,Wii,2010,Misc,Majesco Entertainment,0.08,0,0,0.01,0.09
2954,MX vs. ATV Unleashed: On the Edge,PSP,2006,Racing,THQ,0.64,0,0,0.05,0.69
682,The Legend of Zelda: Majora's Mask 3D,3DS,2015,Action,Nintendo,1.14,0.54,0.47,0.17,2.32
4282,Momotarou Dentetsu 11,PS2,2002,Misc,Hudson Soft,0,0,0.46,0,0.46
4628,James Bond 007: Everything or Nothing,GC,2004,Shooter,Electronic Arts,0.32,0.08,0,0.01,0.42
2995,Suikoden II,PS,1998,Role-Playing,Konami Digital Entertainment,0.15,0.1,0.38,0.04,0.68
6286,Littlest Pet Shop: Beach Friends,DS,2009,Simulation,Electronic Arts,0.25,0,0,0.02,0.27
6667,Spider-Man: Web of Shadows,Wii,2008,Action,Activision,0.22,0.01,0,0.02,0.25
6973,Buffy the Vampire Slayer,XB,2002,Action,Electronic Arts,0.18,0.05,0,0.01,0.23
9402,Over the Hedge: Hammy Goes Nuts!,DS,2006,Platform,Activision,0.12,0,0,0.01,0.13
898,Monopoly,Wii,2008,Misc,Electronic Arts,0.87,0.85,0,0.2,1.92
10787,Man vs. Wild,X360,2011,Action,Crave Entertainment,0.09,0,0,0.01,0.1
1841,Donkey Kong Jr.,NES,1983,Platform,Nintendo,0.33,0.07,0.7,0.01,1.11
12893,Samurai Warriors 4-II,PSV,2015,Action,Tecmo Koei,0,0,0.05,0,0.05
11819,I-Ninja,XB,2003,Platform,Namco Bandai Games,0.05,0.02,0,0,0.07
5231,J-League Pro Soccer Club o Tsukurou '04,PS2,2004,Sports,Sega,0,0,0.36,0,0.36
7386,Transformer: Rise of the Dark Spark,PS4,2014,Action,Activision,0.07,0.1,0.01,0.04,0.21
7421,Bastard!! Utsuro Naru Kamigami no Utsuwa,PS,1996,Role-Playing,Seta Corporation,0,0,0.2,0.01,0.21
8438,Leisure Suit Larry: Magna Cum Laude,XB,2004,Adventure,Vivendi Games,0.12,0.04,0,0.01,0.17
15136,RedCard 20-03,GC,2002,Sports,Midway Games,0.02,0,0,0,0.02
14347,Atelier Sophie: The Alchemist of the Mysterious Book,PS3,2015,Role-Playing,Tecmo Koei,0,0,0.03,0,0.03
4965,Junior Classic Games,DS,2009,Misc,Avanquest,0.26,0.09,0,0.03,0.39
11538,The Croods: Prehistoric Party!,DS,2013,Misc,D3Publisher,0.03,0.04,0,0.01,0.08
3371,Blur,X360,2010,Racing,Activision,0.25,0.28,0,0.06,0.6
1948,Sega Superstars Tennis,Wii,2008,Sports,Sega,0.28,0.65,0,0.13,1.06
1257,NFL Blitz,PS,1998,Sports,Midway Games,1.41,0.05,0,0.04,1.5
3054,NFL Street,XB,2004,Sports,Electronic Arts,0.49,0.15,0,0.02,0.66
12558,Top Gun: Hard Lock,X360,2012,Action,505 Games,0.03,0.02,0,0,0.06
622,Pure,X360,2008,Racing,Disney Interactive Studios,1.38,0.85,0,0.25,2.48
3674,Super Robot Taisen F Kanketsuhen,SAT,1998,Strategy,Banpresto,0,0,0.55,0,0.55
12439,Jissen Pachislot Secrets! Fist of the North Star F - Seikimatsu Kyuuseishu Densetsu,PS3,2012,Action,Sega,0,0,0.06,0,0.06
11141,Mahjong Cub3D,3DS,2011,Puzzle,Sunsoft,0.07,0,0.02,0,0.09
15557,Tsuki ni Yori Sou Otome no Sahou: Hidamari no Hibi,PSV,2015,Adventure,dramatic create,0,0,0.02,0,0.02
2295,The Simpsons Game,PS3,2007,Action,Electronic Arts,0.38,0.37,0,0.15,0.91
5863,The Dukes of Hazzard II: Daisy Dukes It Out,PS,N/A,Racing,Unknown,0.17,0.11,0,0.02,0.3
12672,Teenage Mutant Ninja Turtles II: Back from the Sewers,GB,1991,Action,Konami Digital Entertainment,0,0,0.06,0,0.06
11301,The Secret Saturdays: Beasts of the 5th Sun,DS,2009,Action,D3Publisher,0.08,0,0,0.01,0.08
1209,Mario Party 10,WiiU,2015,Misc,Nintendo,0.69,0.5,0.24,0.11,1.55
2328,Killzone: Liberation,PSP,2006,Shooter,Sony Computer Entertainment,0.44,0.28,0,0.18,0.89
10382,Kamen Rider: Climax Heroes,PS2,2009,Fighting,Namco Bandai Games,0,0,0.11,0,0.11
14715,D1 Professional Drift Grand Prix Series,PS2,2005,Racing,Yuke's,0.01,0.01,0,0,0.03
1115,Kirby & the Amazing Mirror,GBA,2004,Platform,Nintendo,0.8,0.05,0.76,0.03,1.64
3436,FIFA Soccer 10,DS,2009,Sports,Electronic Arts,0.14,0.37,0,0.07,0.59
1584,SOCOM: U.S. Navy SEALs Confrontation,PS3,2008,Shooter,Sony Computer Entertainment,0.94,0.17,0.02,0.13,1.25
10409,SingStar Guitar,PS3,2010,Misc,Sony Computer Entertainment,0,0.08,0,0.02,0.11
11437,Outlaw Golf,GC,2002,Sports,TDK Mediactive,0.06,0.02,0,0,0.08
7837,uDraw Studio: Instant Artist,Wii,2011,Misc,THQ,0.08,0.09,0,0.02,0.19
16548,The Treasures of Mystery Island 3 Pack - Save Mystery Island!,PC,2011,Puzzle,Unknown,0.01,0,0,0,0.01
3486,Phoenix Wright: Ace Attorney - Justice for All,DS,2006,Adventure,Capcom,0.24,0.05,0.26,0.03,0.58
8547,Dewy's Adventure,Wii,2007,Platform,Konami Digital Entertainment,0.14,0,0.01,0.01,0.16
244,Uncharted: The Nathan Drake Collection,PS4,2015,Action,Sony Computer Entertainment,1.96,1.69,0.08,0.74,4.47
6213,Pac-Man Fever,GC,N/A,Misc,Unknown,0.21,0.06,0,0.01,0.28
11540,Batman: Dark Tomorrow,GC,2003,Action,Kemco,0.06,0.02,0,0,0.08
5252,Toriko: Gourmet Survival!,PSP,2011,Role-Playing,Namco Bandai Games,0,0,0.36,0,0.36
2070,Road & Track Presents: The Need for Speed,PS,1995,Racing,Electronic Arts,0.56,0.38,0,0.07,1
15605,Suzumiya Haruhi-Chan no Mahjong,PSP,2011,Misc,Kadokawa Shoten,0,0,0.02,0,0.02
6942,Dark Cavern,2600,1981,Shooter,Mattel Interactive,0.22,0.01,0,0,0.24
387,Battlefield 4,PS4,2013,Shooter,Electronic Arts,1.34,1.54,0.17,0.38,3.43
4641,JumpStart: Escape from Adventure Island,Wii,2009,Adventure,Knowledge Adventure,0.39,0,0,0.03,0.42
2561,The Sims 2,PS2,2005,Simulation,Electronic Arts,0.67,0.03,0,0.11,0.81
4083,Sonic & All-Stars Racing Transformed,PSV,2012,Racing,Sega,0.12,0.25,0,0.11,0.48
1229,Donkey Kong Country: Tropical Freeze,WiiU,2014,Platform,Nintendo,0.73,0.52,0.15,0.12,1.52
5677,UEFA Euro 2008 Austria-Switzerland,PS2,2008,Sports,Electronic Arts,0.03,0,0,0.28,0.32
6473,J Stars Victory Vs.,PSV,2014,Fighting,Namco Bandai Games,0,0.07,0.17,0.02,0.26
8219,Monkey Island: Special Edition Collection,PC,2011,Adventure,LucasArts,0,0.14,0,0.04,0.17
11276,Animal Planet: Emergency Vets,DS,2009,Simulation,Activision,0.08,0,0,0.01,0.08
307,Tony Hawk's Underground,PS2,2003,Sports,Activision,2.29,1.17,0.01,0.42,3.9
5704,ExerBeat,Wii,2010,Sports,Namco Bandai Games,0.1,0.18,0,0.03,0.31
9276,MotoGP '06,X360,2006,Racing,THQ,0.11,0.01,0,0.01,0.14
3594,Manhunt 2,PS2,2007,Action,Take-Two Interactive,0.27,0.21,0,0.07,0.56
13617,Puyo Pop Fever,PSP,2004,Puzzle,Ignition Entertainment,0,0,0.04,0,0.04
6222,Civilization II,PS,1998,Strategy,Activision,0.15,0.11,0,0.02,0.28
9487,Shrek Super Party,XB,2002,Misc,TDK Mediactive,0.1,0.03,0,0,0.13
7650,Dead Space 3,PC,N/A,Action,Electronic Arts,0.02,0.15,0,0.02,0.2
11208,Top Gear Rally,GBA,2003,Racing,Kemco,0.06,0.02,0,0,0.09
8642,Blitz: The League II,PS3,2008,Sports,Midway Games,0.11,0.03,0,0.02,0.16
6752,Project Overkill,PS,1996,Shooter,Konami Digital Entertainment,0.14,0.09,0,0.02,0.25
13051,Tennis no Oji-Sama: 2005 Crystal Drive,DS,2004,Sports,Konami Digital Entertainment,0,0,0.05,0,0.05
3621,Rune Factory: A Fantasy Harvest Moon,DS,2006,Role-Playing,Rising Star Games,0.37,0.02,0.14,0.03,0.56
2712,Deer Drive,Wii,2009,Sports,Big Ben Interactive,0.67,0.04,0,0.05,0.76
2422,MLB 99,PS,1998,Sports,Sony Computer Entertainment,0.48,0.32,0,0.06,0.86
12805,Mega Man 8 Anniversary Collector's Edition,SAT,1997,Platform,Capcom,0,0,0.06,0,0.06
9073,Senran Kagura Burst: Guren no Sh?jo-tachi,3DS,2012,Action,Marvelous Entertainment,0,0,0.14,0,0.14
12790,Friends: The One with All the Trivia,PS2,2005,Misc,Warner Bros. Interactive Entertainment,0.03,0.02,0,0.01,0.06
12421,Muppets Party Cruise,PS2,2003,Misc,TDK Mediactive,0.03,0.02,0,0.01,0.06
8867,Tokyo Xanadu,PSV,2015,Role-Playing,Nihon Falcom Corporation,0,0,0.15,0,0.15
10567,Fallout 3 Game Add-On Pack: The Pitt and Operation: Anchorage,X360,2009,Role-Playing,Bethesda Softworks,0.09,0.01,0,0.01,0.1
8258,FaceBreaker,PS3,2008,Fighting,Electronic Arts,0.13,0.03,0,0.02,0.17
9488,Sonic Riders,XB,2006,Racing,Sega,0.1,0.03,0,0,0.13
12152,James Bond 007: Blood Stone,DS,2010,Shooter,Activision,0.05,0.01,0,0,0.07
3380,Asphalt: Urban GT,DS,2004,Racing,Ubisoft,0.31,0.22,0,0.06,0.6
14125,Apache: Air Assault,PC,2010,Simulation,Just Flight,0,0.03,0,0.01,0.03
14850,Terraria,WiiU,2016,Action,505 Games,0,0.02,0,0,0.03
3122,Harry Potter and the Goblet of Fire,PS2,2005,Action,Electronic Arts,0.54,0.02,0,0.09,0.65
15768,Strike Witches: Shirogane no Tsubasa,X360,2010,Strategy,CyberFront,0,0,0.02,0,0.02
13858,Sid Meier's Railroads!,PC,2006,Simulation,Take-Two Interactive,0.01,0.03,0,0.01,0.04
1357,UFC Undisputed 2010,PS3,2010,Fighting,THQ,0.8,0.41,0.02,0.19,1.42
9383,Phantom Brave: We Meet Again,Wii,2009,Role-Playing,Nippon Ichi Software,0.12,0,0.01,0.01,0.13
8180,Shawn Johnson Gymnastics,Wii,2010,Sports,Zoo Games,0.17,0,0,0.01,0.18
3776,Gex 3: Deep Cover Gecko,PS,1999,Platform,Eidos Interactive,0.3,0.2,0,0.03,0.53
8089,Odin Sphere: Leifthrasir,PS4,2016,Role-Playing,Nippon Ichi Software,0.06,0.03,0.07,0.02,0.18
13346,Wonder World Amusement Park,Wii,2008,Misc,Majesco Entertainment,0.04,0,0,0,0.05
7629,Shining Hearts,PSP,2010,Role-Playing,Sega,0,0,0.2,0,0.2
14861,Hankou Shashin,SAT,1996,Adventure,Imagineer,0,0,0.03,0,0.03
2509,Tony Hawk's Pro Skater 3,GC,2001,Sports,Activision,0.64,0.17,0,0.02,0.82
15552,Miyako,PSP,2010,Adventure,Idea Factory,0,0,0.02,0,0.02
14965,Viva Pinata,PC,2007,Simulation,Microsoft Game Studios,0,0.02,0,0,0.02
3133,Sengoku Basara: Samurai Heroes,PS3,2010,Action,Capcom,0.17,0.04,0.4,0.03,0.65
13567,Mechanic Escape,PS3,2012,Platform,D3Publisher,0,0,0.04,0,0.04
543,Sonic and the Secret Rings,Wii,2007,Platform,Sega,1.24,1.2,0.04,0.3,2.77
1612,Ben 10: Protector of Earth,Wii,2007,Action,D3Publisher,0.55,0.55,0,0.13,1.23
15286,Gekka Ryouran Romance,PSP,2011,Adventure,Idea Factory,0,0,0.02,0,0.02
12715,Senritsu no Stratus,PSP,2011,Role-Playing,Konami Digital Entertainment,0,0,0.06,0,0.06
12945,Bass Rise,PS,1999,Sports,Namco Bandai Games,0.03,0.02,0,0,0.05
1006,Kingdom Hearts,PS3,2013,Role-Playing,Square Enix,0.9,0.37,0.25,0.24,1.75
10018,Jikkyou Powerful Pro Yakyuu 12 Ketteiban,PS2,2005,Sports,Konami Digital Entertainment,0,0,0.11,0,0.11
15866,Gaist Crusher God,3DS,2014,Action,Capcom,0,0,0.02,0,0.02
15582,Cabela's Alaskan Adventure,PS2,N/A,Sports,Unknown,0.01,0.01,0,0,0.02
7506,WWE All Stars,Wii,2011,Fighting,THQ,0.11,0.07,0,0.02,0.2
10985,Romance of the Three Kingdoms X,PS2,2005,Strategy,Tecmo Koei,0.04,0.03,0,0.01,0.09
14056,DarkStar One,PC,2006,Simulation,Ubisoft,0,0.03,0,0.01,0.04
12026,IA/VT Colorful,PSV,2015,Misc,Marvelous Entertainment,0,0,0.07,0,0.07
10204,"Sesame Street: Ready, Set, Grover!",Wii,2011,Misc,Warner Bros. Interactive Entertainment,0.1,0,0,0.01,0.11
9708,Disney's PK: Out of the Shadows,PS2,2002,Platform,Ubisoft,0.06,0.05,0,0.02,0.12
7561,Marvel: Ultimate Alliance 2,DS,2009,Role-Playing,Activision,0.16,0.03,0,0.02,0.2
9939,Rugrats: Totally Angelica,PS,2001,Adventure,THQ,0.06,0.04,0,0.01,0.12
13397,Cabela's Trophy Bucks,X360,2007,Sports,Activision Value,0.04,0,0,0,0.05
1722,Army of Two,PS3,2008,Shooter,Electronic Arts,0.74,0.26,0.02,0.15,1.17
1559,NBA 2K9,X360,2008,Sports,Take-Two Interactive,1,0.16,0,0.11,1.27
1111,Go Vacation,Wii,2011,Misc,Namco Bandai Games,0.48,0.68,0.33,0.16,1.65
10025,Final Fantasy III,PSP,2012,Role-Playing,Square Enix,0,0,0.11,0,0.11
13399,Mahjong 3D: Warriors of the Emperor,3DS,2011,Misc,DTP Entertainment,0,0.04,0,0.01,0.05
8731,James Noir's Hollywood Crimes,3DS,2011,Adventure,Ubisoft,0.07,0.07,0,0.02,0.15
4804,Gauntlet: Seven Sorrows,PS2,2005,Role-Playing,Midway Games,0.2,0.15,0,0.05,0.4
3837,Syphon Filter 3,PS,2001,Shooter,Sony Computer Entertainment,0.29,0.2,0,0.03,0.52
2575,Pro Evolution Soccer 2010,PSP,2009,Sports,Konami Digital Entertainment,0.09,0.33,0.2,0.18,0.8
3432,Deus Ex: Human Revolution,PC,2011,Shooter,Square Enix,0.25,0.25,0,0.09,0.59
15106,Blade Arcus from Shining EX,PS3,2015,Fighting,Sega,0,0,0.02,0,0.02
11417,Cloudy With a Chance of Meatballs,PSP,2009,Platform,Ubisoft,0.07,0,0,0.01,0.08
1066,WCW vs. nWo: World Tour,N64,1997,Fighting,THQ,1.37,0.28,0.03,0.02,1.69
13170,Chousoku Henkei Gyrozetter: Albatross no Tsubasa,3DS,2013,Role-Playing,Square Enix,0,0,0.05,0,0.05
5500,MLB 09: The Show,PS2,2009,Sports,Sony Computer Entertainment,0.16,0.13,0,0.04,0.33
15774,Root Infinity Rexx,PSV,2015,Adventure,Idea Factory,0,0,0.02,0,0.02
2816,Katamari Damacy,PS2,2004,Puzzle,Namco Bandai Games,0.47,0.02,0.17,0.08,0.73
9242,Zetta Hero Project: Unlosing Ranger vs. Darkdeath Evilman,PSP,2010,Role-Playing,Nippon Ichi Software,0.07,0,0.06,0.01,0.14
5699,Virtua Striker 2,DC,1999,Sports,Sega,0,0,0.32,0,0.32
2964,Harry Potter and the Chamber of Secrets,GC,2002,Action,Electronic Arts,0.53,0.14,0,0.02,0.69
9053,Shrek 2 and Shark Tale 2-in-1 Pack,GBA,2005,Misc,Activision,0.1,0.04,0,0,0.14
2596,The Godfather II,X360,2009,Action,Electronic Arts,0.47,0.24,0.01,0.08,0.79
6976,Harry Potter and the Goblet of Fire,XB,2005,Action,Electronic Arts,0.18,0.05,0,0.01,0.23
6953,NASCAR 08,PS2,2007,Racing,Electronic Arts,0.12,0.09,0,0.03,0.24
8054,Vietcong: Purple Haze,PS2,2004,Shooter,Gathering of Developers,0.09,0.07,0,0.02,0.18
4439,Densetsu no Stafi 2,GBA,2003,Platform,Nintendo,0,0,0.43,0.01,0.44
5216,MechAssault 2: Lone Wolf,XB,2004,Simulation,Microsoft Game Studios,0.27,0.08,0,0.01,0.36
13308,Silent Hunter: Wolves of the Pacific,PC,2007,Simulation,Ubisoft,0,0.04,0,0.01,0.05
3418,Tales of Rebirth,PS2,2004,Role-Playing,Namco Bandai Games,0,0,0.59,0,0.59
4412,Payday 2,PS3,2013,Shooter,505 Games,0.21,0.15,0,0.08,0.44
4837,Hot Wheels: Beat That!,PS2,2007,Racing,Activision,0.2,0.15,0,0.05,0.4
5300,Def Jam Rapstar,Wii,2010,Misc,Konami Digital Entertainment,0.31,0.02,0,0.02,0.35
5060,Just Dance 2015,PS4,2014,Misc,Ubisoft,0.19,0.13,0,0.06,0.38
765,Mahjong,NES,1983,Misc,Nintendo,0.01,0,2.13,0,2.14
1361,Sonic Generations,X360,2011,Platform,Sega,0.71,0.57,0,0.14,1.42
15197,Let's Play Flight Attendant,DS,2010,Simulation,Deep Silver,0.02,0,0,0,0.02
13825,Stoked: Big Air Edition,X360,2009,Sports,Namco Bandai Games,0.02,0.02,0,0,0.04
2811,iCarly,DS,2009,Adventure,Activision,0.67,0.01,0,0.05,0.73
6861,Valhalla Knights,PSP,2006,Role-Playing,Rising Star Games,0.15,0,0.07,0.01,0.24
10585,Olympic Summer Games: Atlanta 1996,PS,1996,Sports,U.S. Gold,0.06,0.04,0,0.01,0.1
4931,Madden NFL 2005,GBA,2004,Sports,Electronic Arts,0.28,0.1,0,0.01,0.39
9741,Madden NFL 06,DS,2005,Sports,Electronic Arts,0.11,0,0,0.01,0.12
13591,Barnyard,Wii,2006,Action,THQ,0.04,0,0,0,0.04
15716,Aedis Eclipse: Generation of Chaos,PSP,2006,Role-Playing,Idea Factory,0.02,0,0,0,0.02
8432,Sumikko Gurashi: Koko ga Ochitsukundesu,3DS,2014,Action,Nippon Columbia,0,0,0.17,0,0.17
3715,SRS: Street Racing Syndicate,PS2,2004,Racing,Namco Bandai Games,0.26,0.21,0,0.07,0.54
7088,Naruto: Ninja Council 2 European Version,DS,2005,Fighting,Tomy Corporation,0,0,0.23,0,0.23
6530,Evolution Skateboarding,PS2,2002,Sports,Konami Digital Entertainment,0.13,0.1,0,0.03,0.26
6458,Jikkyou Powerful Pro Yakyuu '99 Ketteiban,PS,1999,Sports,Konami Digital Entertainment,0,0,0.25,0.02,0.26
1786,Shadow of the Colossus,PS2,2005,Action,Sony Computer Entertainment,0.78,0.03,0.2,0.13,1.14
12970,Fate/Unlimited Codes Portable,PSP,2009,Fighting,Capcom,0,0,0.05,0,0.05
10740,Mana Khemia: Student Alliance,PSP,2008,Role-Playing,Nippon Ichi Software,0.05,0,0.03,0.01,0.1
14580,Young Justice: Legacy,3DS,2013,Action,Namco Bandai Games,0.03,0,0,0,0.03
14079,Hotel Giant 2,PC,2008,Strategy,JoWood Productions,0,0.03,0,0.01,0.04
6936,FIFA World Cup Germany 2006,XB,2006,Sports,Electronic Arts,0.18,0.05,0,0.01,0.24
16162,Malice,XB,2004,Platform,Evolved Games,0.01,0,0,0,0.01
11950,Metal Gear Solid,GB,2000,Action,Konami Digital Entertainment,0,0,0.07,0,0.07
16266,Mamoru-kun wa Norowarete Shimatta!,X360,2009,Shooter,G.Rev,0,0,0.01,0,0.01
308,Assassin's Creed IV: Black Flag,PS3,2013,Action,Ubisoft,1.33,1.71,0.13,0.73,3.89
789,Project Gotham Racing (JP weekly sales),XB,2002,Action,Microsoft Game Studios,1.54,0.44,0.04,0.07,2.1
3996,Major League Baseball 2K12,X360,2012,Sports,Take-Two Interactive,0.47,0,0,0.03,0.5
3770,007 Racing,PS,2000,Racing,Electronic Arts,0.3,0.2,0,0.03,0.53
11829,Cartoon Network: Punch Time Explosion XL,X360,2011,Fighting,Crave Entertainment,0.07,0,0,0,0.07
10448,The Smurfs 2,Wii,2013,Platform,Ubisoft,0,0.09,0,0.01,0.1
10626,Big League Sports,Wii,2008,Sports,Activision,0.09,0.01,0,0.01,0.1
6390,Scooby-Doo! and the Spooky Swamp,PS2,2010,Action,Warner Bros. Interactive Entertainment,0.08,0.11,0,0.08,0.27
1809,Tom Clancy's Rainbow Six 3: Black Arrow,XB,2004,Shooter,Ubisoft,0.99,0.12,0,0.02,1.13
9419,Super Robot Wars BX,3DS,2015,Action,Namco Bandai Games,0,0,0.13,0,0.13
3510,ATV Offroad Fury: Blazin' Trails,PSP,2005,Racing,SouthPeak Games,0.53,0,0,0.04,0.57
12494,EverQuest II: Destiny of Velious,PC,2011,Role-Playing,Sony Online Entertainment,0.06,0,0,0,0.06
16452,King's Bounty: Armored Princess,PC,2009,Role-Playing,1C Company,0,0.01,0,0,0.01
1398,Hannah Montana: Spotlight World Tour,Wii,2007,Action,Disney Interactive Studios,0.87,0.38,0,0.13,1.39
13856,Hyperdimension Neptunia Victory II,PS4,2015,Role-Playing,Idea Factory International,0,0,0.04,0,0.04
858,Battlefield 4,XOne,2013,Shooter,Electronic Arts,1.25,0.58,0,0.16,1.98
13207,SD Gundam: Scad Hammers,Wii,2006,Strategy,Namco Bandai Games,0,0,0.05,0,0.05
2849,Super Monkey Ball Jr.,GBA,2002,Puzzle,Atari,0.51,0.19,0,0.01,0.72
9197,NFL Blitz 20-03,GC,2002,Sports,Midway Games,0.11,0.03,0,0,0.14
11769,Super Ghouls 'n Ghosts,GBA,2002,Platform,Capcom,0.05,0.02,0,0,0.07
921,Star Fox Adventures,GC,2002,Adventure,Nintendo,0.96,0.53,0.3,0.09,1.87
2986,Naruto: Clash of Ninja,GC,2003,Fighting,Tomy Corporation,0.53,0.14,0,0.02,0.68
16252,Aquaman: Battle for Atlantis,GC,2003,Action,TDK Mediactive,0.01,0,0,0,0.01
74,Animal Crossing: New Leaf,3DS,2012,Simulation,Nintendo,2.01,2.32,4.36,0.41,9.09
16361,Ishin Renka: Ryouma Gaiden,PSP,2010,Adventure,D3Publisher,0,0,0.01,0,0.01
14104,Zenkoku Dekotora Matsuri,Wii,2008,Racing,Jaleco,0,0,0.03,0,0.03
11455,Final Fantasy VI,PS,1999,Role-Playing,Sony Computer Entertainment,0,0,0.08,0.01,0.08
12128,Lost in Blue 2,DS,2007,Adventure,Konami Digital Entertainment,0.01,0.01,0.05,0,0.07
16416,The Godfather (JP sales),X360,2006,Action,Electronic Arts,0,0,0.01,0,0.01
4213,Pirates of the Caribbean: Dead Man's Chest,GBA,2006,Adventure,Disney Interactive Studios,0.33,0.12,0,0.01,0.47
11160,Star Wars: Empire at War,PC,2006,Strategy,LucasArts,0.01,0.06,0,0.02,0.09
693,Guild Wars 2,PC,2012,Action,NCSoft,0.95,1.06,0,0.29,2.3
15928,Professional Farmer 2016,PS4,2015,Action,Namco Bandai Games,0,0.01,0,0,0.02
4531,How to Train Your Dragon,Wii,2010,Action,Activision,0.24,0.15,0,0.04,0.43
2636,Doom,PS,1994,Shooter,Infogrames,0.43,0.3,0,0.05,0.78
5434,Fade to Black,PS,1996,Action,Electronic Arts,0.19,0.13,0,0.02,0.34
10477,Yu-Gi-Oh! 5D's Wheelie Breakers,Wii,2009,Racing,Konami Digital Entertainment,0.09,0.01,0,0.01,0.1
14621,Rugby League Live 3,X360,2015,Action,Tru Blu Entertainment,0,0.03,0,0,0.03
8443,Spyro: Shadow Legacy,DS,2005,Action,Vivendi Games,0.14,0.01,0,0.01,0.17
8652,J-League Pro Soccer Club o Tsukurou! 6: Pride of J,PSP,2009,Sports,Sega,0,0,0.16,0,0.16
2221,Operation Flashpoint: Dragon Rising,X360,2009,Shooter,Codemasters,0.36,0.45,0.02,0.1,0.93
4974,Dance Party: Pop Hits,Wii,2009,Misc,Nordic Games,0,0.36,0,0.02,0.39
12007,Battleborn,PC,2016,Shooter,Take-Two Interactive,0.03,0.03,0,0.01,0.07
12607,pro evolution soccer 2011,PC,2010,Sports,Konami Digital Entertainment,0,0.05,0,0.01,0.06
9625,Ben 10 Galactic Racing,Wii,2011,Racing,D3Publisher,0.08,0.03,0,0.01,0.13
15950,Accel World: Kasoku no Chouten,PS3,2013,Adventure,Namco Bandai Games,0,0,0.02,0,0.02
1748,SingStar,PS3,2007,Misc,Sony Computer Entertainment,0.45,0.58,0,0.13,1.16
13281,Ribbit King,GC,2003,Sports,Atari,0.04,0.01,0,0,0.05
9896,Self-Defense Training Camp,X360,2011,Sports,Ubisoft,0.08,0.03,0,0.01,0.12
2487,Lizzie McGuire 2: Lizzie Diaries,GBA,2004,Action,Disney Interactive Studios,0.6,0.22,0,0.01,0.83
9706,One Piece: Pirate Warriors 2,PSV,2013,Action,Namco Bandai Games,0,0,0.12,0,0.12
10913,Alien Hominid,GC,2004,Shooter,O3 Entertainment,0.07,0.02,0,0,0.09
9301,Tomb Raider: The Prophecy,GBA,2002,Action,Ubisoft,0.1,0.04,0,0,0.14
6264,Cabela's Trophy Bucks,PS2,2007,Sports,Activision Value,0.13,0.11,0,0.04,0.27
1245,LEGO Star Wars III: The Clone Wars,X360,2011,Action,LucasArts,0.84,0.54,0,0.13,1.51
7729,The Naked Brothers Band: The Video Game,DS,2008,Misc,THQ,0.18,0,0,0.01,0.2
7876,Barbie Horse Adventures: Riding Camp,PS2,2008,Sports,Activision,0.09,0.07,0,0.02,0.19
1836,GRID,PS3,2008,Racing,Codemasters,0.31,0.57,0.03,0.2,1.11
16246,Mahjong Taikai IV,PS3,2006,Misc,Tecmo Koei,0,0,0.01,0,0.01
8615,SpongeBob's Truth or Square,DS,2009,Action,THQ,0.08,0.07,0,0.01,0.16
14706,Moto Racer DS,DS,2008,Racing,Nobilis,0,0.02,0,0,0.03
3194,FIFA Soccer 2003,XB,2002,Sports,Electronic Arts,0.2,0.4,0,0.04,0.63
6842,Dancing With The Stars,Wii,2007,Misc,Activision,0.22,0,0,0.02,0.24
3616,Petz Catz Clan,DS,2008,Simulation,Ubisoft,0.48,0.04,0,0.04,0.56
5864,Famista '91,NES,1990,Sports,Namco Bandai Games,0,0,0.3,0,0.3
15963,So-Ra-No-Wo-To: Otome no Gojuusou,PSP,2010,Adventure,Compile Heart,0,0,0.02,0,0.02
8834,Indigo Prophecy,PS2,2005,Adventure,Atari,0.07,0.06,0,0.02,0.15
6926,Fallout 3 Game Add-On Pack: Broken Steel and Point Lookout,X360,2009,Role-Playing,Bethesda Softworks,0.16,0.06,0,0.02,0.24
4415,World Soccer Winning Eleven 9,XB,2005,Sports,Konami Digital Entertainment,0.06,0.33,0.02,0.03,0.44
6408,Payday 2,PS4,2015,Shooter,505 Games,0.09,0.14,0,0.04,0.27
9137,¡Shin Chan Flipa en colores!,DS,2007,Platform,505 Games,0,0,0.14,0,0.14
1482,Petz Wild Animals: Dolphinz,DS,2007,Simulation,Ubisoft,0.71,0.48,0,0.13,1.33
1393,Bakugan: Battle Brawlers,DS,2009,Action,Activision,1.27,0.02,0,0.09,1.39
5266,SOCOM: Tactical Strike,PSP,2007,Shooter,Sony Computer Entertainment,0.32,0.01,0,0.03,0.35
6339,BloodRayne 2,PS2,2004,Shooter,THQ,0.13,0.1,0,0.03,0.27
14250,Project Gotham Racing 2 (JP weekly sales),XB,2003,Action,Microsoft Game Studios,0,0,0.03,0,0.03
12509,CyberTiger,N64,2000,Sports,Electronic Arts,0.05,0.01,0,0,0.06
7982,Dragon Blade: Wrath of Fire,Wii,2007,Action,D3Publisher,0.17,0,0,0.01,0.19
1686,WWE 2K14,PS3,2013,Sports,Take-Two Interactive,0.49,0.49,0,0.21,1.19
15406,Resident Evil: Umbrella Corps,PS4,2016,Action,Capcom,0,0,0.02,0,0.02
8023,Siren,PS2,2003,Adventure,Sony Computer Entertainment,0.09,0.07,0,0.02,0.18
7851,SpongeBob SquigglePants 3D,3DS,2011,Misc,THQ,0.13,0.05,0,0.02,0.19
4223,Dance Dance Revolution: Mario Mix,GC,2005,Misc,Nintendo,0.36,0.09,0,0.01,0.47
15357,Headhunter: Redemption,XB,2004,Action,Sega,0.02,0,0,0,0.02
4701,Mobile Suit Gundam,SAT,1995,Action,Namco Bandai Games,0,0,0.41,0,0.41
13508,TOCA Race Driver 2,XB,2004,Racing,Codemasters,0.03,0.01,0,0,0.04
1548,Twisted Metal 4,PS,1999,Racing,989 Studios,1.07,0.16,0,0.04,1.28
11672,Majin Tensei,SNES,1994,Role-Playing,Atlus,0,0,0.08,0,0.08
11087,Remington Super Slam Hunting: Alaska,Wii,2011,Sports,Mastiff,0.08,0,0,0.01,0.09
7424,Bionicle,GC,2003,Action,Electronic Arts,0.16,0.04,0,0.01,0.21
7260,Just Dance 2016,PS3,2015,Misc,Ubisoft,0.1,0.08,0,0.04,0.22
12301,Legend of the Dragon,Wii,2007,Fighting,Game Factory,0.06,0,0,0,0.06
5862,Spider-Man 3,PSP,2007,Platform,Activision,0.01,0.23,0,0.06,0.3
15576,Casper's Scare School: Spooky Sports Day,DS,2009,Sports,Blast! Entertainment Ltd,0.02,0,0,0,0.02
5103,Kileak: The DNA Imperative,PS,1994,Shooter,Sony Computer Entertainment,0.08,0.06,0.21,0.02,0.37
8184,Pac-Man World 3,DS,2005,Platform,Namco Bandai Games,0.16,0,0,0.01,0.18
3882,Fishing Derby,2600,N/A,Sports,Activision,0.48,0.03,0,0.01,0.51
2640,We Sing,Wii,2009,Misc,Nordic Games,0,0.69,0,0.09,0.78
224,Driver 2,PS,2000,Action,Atari,2.36,2.1,0.02,0.25,4.73
14178,Battle Engine Aquila,PS2,2003,Shooter,Atari,0.02,0.01,0,0,0.03
8612,Farming Simulator 2013,PS3,2013,Simulation,Focus Home Interactive,0,0.1,0.02,0.04,0.16
5395,Night Warriors: Darkstalkers' Revenge,SAT,1995,Fighting,Virgin Interactive,0,0,0.34,0,0.34
13774,Empire Earth III,PC,2007,Strategy,Vivendi Games,0,0.03,0,0.01,0.04
9696,Blackwater,X360,2011,Shooter,505 Games,0.09,0.02,0,0.01,0.12
10523,UNO / Skip-Bo / UNO Freefall,DS,2006,Misc,Zoo Digital Publishing,0.1,0,0,0.01,0.1
4330,NBA 2K13,Wii,2012,Sports,Take-Two Interactive,0.39,0.03,0,0.03,0.45
13700,Gakuen Hetalia Portable,PSP,2011,Adventure,Idea Factory,0,0,0.04,0,0.04
10267,Panzer Dragoon Saga,SAT,1997,Role-Playing,Sega,0,0,0.11,0,0.11
2458,Devil May Cry HD Collection,PS3,2012,Action,Capcom,0.42,0.21,0.11,0.1,0.84
15254,Painkiller,PC,2004,Shooter,DreamCatcher Interactive,0,0.02,0,0,0.02
14221,First Queen: Ornic Senki,SNES,1994,Role-Playing,Culture Brain,0,0,0.03,0,0.03
15769,Big Idea's VeggieTales: LarryBoy and the Bad Apple,GBA,2006,Action,Crave Entertainment,0.01,0,0,0,0.02
10652,Tom Clancy's Splinter Cell,GBA,2003,Action,Ubisoft,0.07,0.03,0,0,0.1
362,The Getaway,PS2,2002,Action,Sony Computer Entertainment,1.23,1.77,0.05,0.49,3.54
15396,Invizimals: The Resistance,PSV,2014,Role-Playing,Sony Computer Entertainment,0,0.02,0,0,0.02
7097,Rampage 2: Universal Tour,PS,1998,Action,GT Interactive,0.13,0.09,0,0.01,0.23
9299,Apex,XB,2003,Racing,Atari,0.1,0.03,0,0,0.14
1311,Mass Effect 3,PS3,2012,Role-Playing,Electronic Arts,0.63,0.59,0.03,0.21,1.46
2650,NBA 2K7,PS2,2006,Sports,Take-Two Interactive,0.65,0.02,0,0.11,0.78
7892,Shaun White Skateboarding,PS3,2010,Sports,Ubisoft,0.11,0.05,0,0.03,0.19
4714,Nicktoons: Unite!,PS2,2005,Adventure,THQ,0.34,0.01,0,0.06,0.41
371,Mario & Sonic at the Olympic Winter Games,DS,2009,Sports,Sega,1.22,1.66,0.27,0.38,3.52
3331,Littlest Pet Shop: Jungle,DS,2008,Simulation,Electronic Arts,0.34,0.2,0,0.06,0.61
15288,Guess the Logos,XB,2004,Puzzle,Sega,0.02,0,0,0,0.02
14606,Future Tactics: The Uprising,XB,2004,Strategy,JoWood Productions,0.02,0.01,0,0,0.03
13444,Secret Files: Tunguska,PC,2006,Adventure,DreamCatcher Interactive,0,0.04,0,0.01,0.05
4337,Major League Baseball 2K11,X360,2011,Sports,Take-Two Interactive,0.4,0.03,0,0.03,0.45
601,Madden NFL 08,PS2,2007,Sports,Electronic Arts,2.14,0.08,0,0.35,2.57
12807,Nobunaga no Yabou: Souzou,PS4,2014,Strategy,Tecmo Koei,0,0,0.06,0,0.06
3620,Soldier of Fortune: Gold Edition,PS2,2001,Shooter,Codemasters,0.27,0.21,0,0.07,0.56
8411,Valkyria Chronicles,PS4,2016,Role-Playing,Sega,0.06,0.04,0.05,0.02,0.17
3773,Mystery Dungeon: Shiren the Wanderer,DS,2006,Role-Playing,Sega,0.18,0,0.33,0.02,0.53
9093,OutRun 2,XB,2004,Racing,Sega,0.11,0.03,0,0.01,0.14
6893,Samurai Warriors 4,PS4,2014,Action,Tecmo Koei,0.08,0.07,0.06,0.03,0.24
7995,Treasures of the Deep,PS,1997,Action,Namco Bandai Games,0.1,0.07,0,0.01,0.19
1415,Assassin's Creed: Rogue,PS3,2014,Action,Ubisoft,0.46,0.62,0.06,0.23,1.37
5577,Overlord II,X360,2009,Action,Codemasters,0.15,0.14,0,0.03,0.32
4279,Mad Max (2015),XOne,2015,Action,Warner Bros. Interactive Entertainment,0.26,0.16,0,0.04,0.46
1403,Paper Mario,N64,2000,Role-Playing,Nintendo,0.58,0.18,0.59,0.02,1.38
8182,Captain America: Super Soldier,X360,2011,Action,Sega,0.11,0.05,0,0.01,0.18
4142,Ford Racing Off Road,Wii,2008,Racing,Xplosiv,0.06,0.4,0,0.01,0.48
14340,Rampo,SAT,1995,Adventure,Sega,0,0,0.03,0,0.03
3017,Contra: Legacy of War,PS,1996,Shooter,Konami Digital Entertainment,0.37,0.25,0,0.04,0.67
2245,SnoCross Championship Racing,PS,1999,Racing,Ubisoft,0.52,0.35,0,0.06,0.93
2663,Andretti Racing,PS,1996,Racing,Electronic Arts,0.43,0.29,0,0.05,0.77
15720,Without Warning,XB,N/A,Shooter,Capcom,0.01,0,0,0,0.02
14992,Total Overdose: A Gunslinger's Tale in Mexico,XB,2005,Shooter,Eidos Interactive,0.02,0.01,0,0,0.02
5086,Super Dragon Ball Z,PS2,2006,Fighting,Atari,0.09,0.07,0.19,0.02,0.37
10261,Classic Road,SNES,1993,Sports,Victor Interactive,0,0,0.11,0,0.11
2547,Pro Evolution Soccer 2010,X360,2009,Sports,Konami Digital Entertainment,0.12,0.58,0.03,0.08,0.81
16534,Hitman (2016),XOne,2016,Action,Square Enix,0,0.01,0,0,0.01
8632,Just Dance: Disney Party,X360,2012,Misc,Ubisoft,0.13,0.02,0,0.01,0.16
12632,Gem Smashers,Wii,2011,Platform,Crave Entertainment,0.05,0,0,0,0.06
7478,NCAA Football 10,PSP,2009,Sports,Electronic Arts,0.19,0,0,0.02,0.21
11355,Blazing Angels: Squadrons of WWII,XB,2006,Simulation,Ubisoft,0.06,0.02,0,0,0.08
824,Carnival Games,DS,2008,Misc,Take-Two Interactive,1.23,0.64,0,0.19,2.05
10995,JASF: Jane's Advanced Strike Fighters,X360,2011,Simulation,Deep Silver,0.06,0.02,0,0.01,0.09
7897,Boogie,PS2,2007,Misc,Electronic Arts,0.09,0.07,0,0.02,0.19
3998,The Price is Right,DS,2008,Misc,Ubisoft,0.46,0,0,0.04,0.5
3364,Skylanders SWAP Force,WiiU,2013,Platform,Activision,0.4,0.15,0,0.06,0.6
8581,The Wild Thornberrys: Chimp Chase,GBA,2001,Action,THQ,0.11,0.04,0,0,0.16
2716,Ace Attorney Investigations: Miles Edgeworth,DS,2009,Adventure,Capcom,0.27,0.15,0.3,0.04,0.76
14317,BeatMania IIDX 14 Gold,PS2,2008,Simulation,Konami Digital Entertainment,0,0,0.03,0,0.03
10266,One Piece: Burning Blood,PSV,2016,Fighting,Namco Bandai Games,0,0.03,0.07,0.01,0.11
7385,NOëL: NOT DiGITAL,PS,1996,Adventure,Pioneer LDC,0,0,0.2,0.01,0.21
15475,Date-A-Live Twin Edition: Rio Reincarnation,PSV,2015,Action,Compile Heart,0,0,0.02,0,0.02
16213,Groovin' Blocks,Wii,2009,Puzzle,Zoo Games,0.01,0,0,0,0.01
11446,Bangai-O Spirits,DS,2008,Shooter,D3Publisher,0.07,0,0,0.01,0.08
2371,Cooking Mama: World Kitchen,Wii,2008,Simulation,505 Games,0.51,0.28,0.01,0.08,0.88
2382,Gold's Gym: Dance Workout,Wii,2010,Sports,Ubisoft,0.71,0.11,0,0.06,0.87
6773,Tales of Hearts,DS,2008,Role-Playing,Namco Bandai Games,0,0,0.24,0,0.24
6418,Duel Masters,PS2,2004,Strategy,Atari,0.13,0.1,0,0.03,0.27
973,Midnight Club II,PS2,2003,Racing,Take-Two Interactive,1.25,0.29,0,0.24,1.78
10345,Tournament Pool,Wii,2009,Sports,Destineer,0.1,0,0,0.01,0.11
8208,Dead or Alive Paradise,PSP,2010,Misc,Ubisoft Annecy,0.07,0.02,0.07,0.02,0.17
9945,Yogi Bear: The Video Game,Wii,2010,Action,D3Publisher,0.06,0.05,0,0.01,0.12
13436,Choro Q 64 2: Hacha Mecha Grand Prix Race,N64,1999,Racing,Takara,0,0,0.05,0,0.05
859,Resident Evil 6,X360,2012,Shooter,Capcom,1.11,0.63,0.07,0.16,1.98
14030,World in Conflict: Complete Edition,PC,2009,Strategy,Ubisoft,0,0.03,0,0.01,0.04
8231,Warriors of Might and Magic,PS2,2001,Adventure,3DO,0.09,0.07,0,0.02,0.17
12347,Sherlock Holmes: Crimes & Punishments,X360,2014,Adventure,Focus Home Interactive,0.03,0.03,0,0.01,0.06
12972,Tenchu: Dark Secret,DS,2006,Action,From Software,0.03,0,0.01,0,0.05
1569,Battle Arena Toshinden,PS,1994,Fighting,Sony Computer Entertainment,0.39,0.26,0.53,0.08,1.27
2072,Killzone: Mercenary,PSV,2013,Shooter,Sony Computer Entertainment Europe,0.25,0.49,0.04,0.22,1
4568,Naruto: Ninja Council 3,DS,2006,Action,D3Publisher,0.39,0,0,0.03,0.42
4306,Pirates of the Caribbean: At World's End,Wii,2007,Action,Disney Interactive Studios,0.39,0.02,0.01,0.04,0.46
9321,Salt Lake 2002,PS2,2002,Sports,Eidos Interactive,0.07,0.05,0,0.02,0.14
11961,Lost Heroes,PSP,2012,Role-Playing,Namco Bandai Games,0,0,0.07,0,0.07
12515,Bust-A-Move '99,N64,1998,Puzzle,Acclaim Entertainment,0.05,0.01,0,0,0.06
6603,Metroid Prime Pinball,DS,2005,Misc,Nintendo,0.21,0,0.02,0.02,0.26
3007,Midway Arcade Treasures 2,PS2,2004,Misc,Midway Games,0.33,0.26,0,0.09,0.68
8414,Zoo Keeper,DS,2004,Puzzle,Ignition Entertainment,0.1,0.01,0.05,0.01,0.17
1076,NFL GameDay 98,PS,1997,Sports,Sony Computer Entertainment,1.58,0.06,0,0.04,1.68
15346,TOCA Race Driver 3,PC,2006,Racing,Codemasters,0,0.02,0,0,0.02
10977,Fighting Fantasy: The Warlock of Firetop Mountain,DS,2009,Role-Playing,Aspyr,0.09,0,0,0.01,0.09
10177,The Smurfs 2,PS3,2013,Platform,Ubisoft,0.02,0.07,0,0.02,0.11
8088,Backbreaker,X360,N/A,Sports,Unknown,0.17,0,0,0.01,0.18
13411,Brave Story: New Traveller (jp sales),PSP,2006,Role-Playing,Sony Computer Entertainment,0,0,0.05,0,0.05
8911,Metal Gear Solid: Peace Walker HD Edition,PS3,2011,Action,Konami Digital Entertainment,0,0,0.15,0,0.15
16424,Uchida Yasuou Mystery: Meitantei Senken Mitsuhiko Series: Fukutoshin Renzoku Satsujin Jiken,DS,2009,Adventure,D3Publisher,0,0,0.01,0,0.01
13937,Greg Hastings' Tournament Paintball Max'd,DS,2006,Shooter,Activision,0.03,0,0,0,0.04
7397,Prince of Persia: Revelations,PSP,2005,Adventure,Ubisoft,0.18,0.01,0,0.02,0.21
5322,Guilty Gear X2,PS2,2002,Fighting,Sammy Corporation,0.09,0.07,0.16,0.02,0.35
14876,Back to the Future: The Game,X360,2015,Adventure,Telltale Games,0.02,0.01,0,0,0.03
9339,Medalot 7,3DS,2012,Action,Rocket Company,0,0,0.13,0,0.13
14697,Labyrinth Cross Blood: Infinity,PSV,2013,Role-Playing,CyberFront,0,0,0.03,0,0.03
5006,Mobile Suit Gundam: Giren no Yabou Zeon Dokuritsu Sensouden,PS2,2002,Strategy,Namco Bandai Games,0,0,0.38,0,0.38
9554,Backyard Baseball,GC,2003,Sports,Infogrames,0.1,0.03,0,0,0.13
6500,Star Wars: Bounty Hunter,GC,2002,Shooter,LucasArts,0.2,0.05,0,0.01,0.26
11403,State of Emergency 2,PS2,2006,Shooter,SouthPeak Games,0.04,0.03,0,0.01,0.08
1711,Shenmue,DC,1999,Adventure,Sega,0.52,0.24,0.38,0.04,1.18
10999,Demon Chaos,PS2,N/A,Action,Konami Digital Entertainment,0,0,0.09,0,0.09
15129,Jitsumei Jikkyou Keiba Dream Classic 2002,PS2,2002,Sports,Namco Bandai Games,0,0,0.02,0,0.02
10042,UEFA Euro 2016,PS3,2016,Sports,Konami Digital Entertainment,0,0.08,0.02,0.01,0.11
8574,Murdered: Soul Suspect,XOne,2014,Action,Square Enix,0.08,0.07,0,0.01,0.16
12270,Elite Forces: Unit 77,DS,2009,Strategy,Deep Silver,0.06,0,0,0,0.06
12710,G1 Jockey 2,PS2,2000,Sports,Tecmo Koei,0,0,0.06,0,0.06
16282,Rakushou! Pachi-Slot Sengen 6: Rio 2 Cruising Vanadis,PS2,2009,Misc,Tecmo Koei,0,0,0.01,0,0.01
12346,The King of Route 66,PS2,2003,Racing,Sega,0.03,0.02,0,0.01,0.06
4517,Sleeping Dogs,PS4,2014,Action,Square Enix,0.16,0.2,0,0.07,0.43
5807,Shaun White Snowboarding: World Stage,Wii,2009,Sports,Ubisoft,0.25,0.04,0,0.02,0.31
976,The Getaway: Black Monday,PS2,2004,Action,Sony Computer Entertainment,0.39,1.01,0.02,0.36,1.78
9284,Learn Math,DS,2009,Puzzle,DreamCatcher Interactive,0.13,0,0,0.01,0.14
6309,The Club,X360,2008,Shooter,Sega,0.15,0.1,0,0.02,0.27
11914,Dave Mirra BMX Challenge,PSP,2006,Sports,Oxygen Interactive,0.06,0,0,0.01,0.07
2030,Tom Clancy's Ghost Recon Advanced Warfighter 2,X360,2007,Shooter,Ubisoft,0.87,0.05,0.02,0.08,1.02
13024,Trick x Logic: Season 1,PSP,2010,Adventure,Sony Computer Entertainment,0,0,0.05,0,0.05
435,Club Penguin: Elite Penguin Force,DS,2008,Adventure,Disney Interactive Studios,1.88,0.98,0,0.3,3.16
2362,Ghostbusters: The Video Game,Wii,2009,Action,Atari,0.6,0.21,0,0.08,0.88
12642,Warriors Orochi 2,X360,2008,Action,Tecmo Koei,0.04,0,0.01,0,0.06
2415,Ghostbusters: The Video Game,PS3,2009,Action,Sony Computer Entertainment,0.34,0.37,0,0.15,0.86
2181,SingStar Abba,PS3,2008,Misc,Sony Computer Entertainment,0.27,0.51,0,0.17,0.95
14815,CID The Dummy,Wii,2009,Platform,Oxygen Interactive,0.02,0,0,0,0.03
11710,Codename: Kids Next Door: Operation S.O.D.A.,GBA,2004,Platform,Global Star,0.05,0.02,0,0,0.08
16138,Vanark,PS,1999,Shooter,Jaleco,0.01,0.01,0,0,0.01
500,Hot Shots Golf 3,PS2,2001,Sports,Sony Computer Entertainment,0.99,0.32,1.38,0.2,2.89
15558,Gon: BakuBakuBakuBaku Adventure,3DS,2012,Action,Namco Bandai Games,0,0,0.02,0,0.02
6866,MX vs. ATV Reflex,PSP,2009,Racing,THQ,0.18,0.03,0,0.03,0.24
5465,SingStar Take That,PS3,2009,Misc,Sony Computer Entertainment,0,0.3,0,0.03,0.33
2773,Mario & Luigi: Paper Jam,3DS,2015,Role-Playing,Nintendo,0.16,0.3,0.25,0.04,0.74
6608,MVP Baseball 2004,GC,2004,Sports,Electronic Arts,0.2,0.05,0,0.01,0.26
1907,Joust,2600,1982,Platform,Atari,1.01,0.06,0,0.01,1.08
12187,Brain Quest: Grades 3 & 4,DS,2008,Misc,Electronic Arts,0.06,0,0,0.01,0.07
11567,Taz Wanted,GC,2002,Platform,Atari,0.06,0.02,0,0,0.08
16102,Rewrite,PSV,2014,Adventure,Prototype,0,0,0.01,0,0.01
3796,Spider-Man,N64,2000,Action,Activision,0.43,0.09,0,0.01,0.53
13946,DuckTales: Remastered,X360,2013,Action,Capcom,0.03,0,0,0,0.04
13690,Hannspree Ten Kate Honda: SBK Superbike World Championship,PSP,2007,Racing,Black Bean Games,0.03,0,0,0,0.04
11987,Teenage Mutant Ninja Turtles: Tournament Fighters,NES,1992,Fighting,Konami Digital Entertainment,0.04,0.01,0.02,0,0.07
8901,eJay Clubworld,PS2,N/A,Misc,Empire Interactive,0.07,0.06,0,0.02,0.15
2701,Portal 2,PC,2011,Shooter,Valve Software,0.33,0.32,0,0.11,0.76
1499,Skylanders Giants,X360,2012,Action,Activision,0.75,0.45,0,0.11,1.32
576,LEGO Star Wars: The Complete Saga,X360,2007,Action,LucasArts,1.53,0.87,0,0.24,2.64
7790,Final Fantasy XI,X360,2006,Role-Playing,Square Enix,0.17,0.01,0,0.01,0.19
10644,Gekido,PS,1999,Fighting,Infogrames,0.06,0.04,0,0.01,0.1
14106,Fast & Furious: Showdown,PS3,2013,Action,Activision,0,0.03,0,0,0.03
5545,Golden Axe: Beast Rider,X360,2008,Action,Sega,0.19,0.11,0,0.03,0.33
1648,Max Payne,XB,2001,Shooter,Take-Two Interactive,0.98,0.19,0,0.05,1.22
3101,Tiger Woods PGA Tour 09,X360,2008,Sports,Electronic Arts,0.35,0.23,0,0.07,0.65
6042,Disney Infinity,3DS,2013,Action,Disney Interactive Studios,0.16,0.1,0,0.02,0.29
14524,Katekyoo Hitman Reborn! DS: Ore ga Boss! Saikyou Family Taisen,DS,2009,Action,Takara Tomy,0,0,0.03,0,0.03
14479,Klonoa 2: Dream Champ Tournament,GBA,2002,Platform,Namco Bandai Games,0.02,0.01,0,0,0.03
14760,Let's Sing 2016,PS4,2015,Action,FuRyu Corporation,0.02,0,0,0.01,0.03
9963,Dora the Explorer: Journey to the Purple Planet,GC,2005,Adventure,Global Star,0.09,0.02,0,0,0.12
14521,BRAHMA Force: The Assault on Beltlogger 9,PS,1996,Shooter,JVC,0.02,0.01,0,0,0.03
16529,Onigokko! Portable,PSP,2013,Adventure,Alchemist,0,0,0.01,0,0.01
13720,Aeon Flux,PS2,2005,Action,THQ,0.02,0.02,0,0.01,0.04
5742,Dark Void,X360,2010,Action,Capcom,0.19,0.09,0,0.03,0.31
15506,Katekyoo Hitman Reborn! Dream Hyper Battle!,PS2,2007,Fighting,Marvelous Interactive,0,0,0.02,0,0.02
2681,Conflict: Desert Storm II - Back to Bagdhad,PS2,2003,Shooter,SCi,0.38,0.29,0,0.1,0.77
1453,SaGa Frontier,PS,1997,Role-Playing,SquareSoft,0.15,0.04,1.07,0.09,1.35
15856,Dragon Booster,DS,2005,Shooter,Konami Digital Entertainment,0.02,0,0,0,0.02
12059,Generator Rex: Agent of Providence,DS,2011,Action,Activision,0.05,0.01,0,0.01,0.07
2984,Mortal Kombat Mythologies: Sub-Zero,PS,1997,Fighting,GT Interactive,0.38,0.26,0,0.04,0.68
2426,2010 FIFA World Cup South Africa,X360,2010,Sports,Electronic Arts,0.32,0.43,0.02,0.09,0.86
241,Madden NFL 07,PS2,2006,Sports,Electronic Arts,3.63,0.24,0.01,0.61,4.49
9131,Akiba's Trip,PSP,2011,Adventure,Acquire,0,0,0.14,0,0.14
2301,Burnout Revenge,PS2,2005,Racing,Electronic Arts,0.75,0.03,0,0.12,0.9
1929,Super Princess Peach,DS,2005,Platform,Nintendo,0.72,0.06,0.21,0.07,1.07
9899,Cruis'n,Wii,2007,Racing,Midway Games,0.1,0.01,0,0.01,0.12
8151,Disney's Tarzan Untamed,GC,2001,Platform,Ubisoft,0.14,0.04,0,0,0.18
5125,Rec Room Games,Wii,2009,Sports,Destineer,0.35,0,0,0.02,0.37
15859,Storm Lover 2nd,PSP,2013,Misc,D3Publisher,0,0,0.02,0,0.02
16575,Scarlett: Nichijou no Kyoukaisen,PS2,2008,Adventure,Kadokawa Shoten,0,0,0.01,0,0.01
9433,Cabela's Dangerous Hunts 2009,X360,2008,Sports,Activision,0.12,0,0,0.01,0.13
5736,Mortal Kombat: Shaolin Monks,XB,2005,Action,Midway Games,0.23,0.07,0,0.01,0.31
4937,Chibi-Robo! Plug into Adventure!,GC,2005,Adventure,Nintendo,0.23,0.06,0.09,0.01,0.39
6452,The House of the Dead 2,DC,1998,Shooter,Sega,0,0,0.26,0,0.26
8060,Hatsune Miku and Future Stars: Project Mirai,3DS,2012,Misc,Sega,0,0,0.18,0,0.18
1233,The Simpsons Skateboarding,PS2,2002,Sports,Electronic Arts,0.36,0.9,0,0.27,1.52
14133,NHRA Drag Racing: Countdown to the Championship,PSP,2007,Racing,THQ,0.03,0,0,0,0.03
12522,Smile PreCure! Let's Go! Marchen World,3DS,2012,Action,Namco Bandai Games,0,0,0.06,0,0.06
12364,Meitantei Conan: Aoki Houseki no Rinbukyoku,DS,2011,Adventure,Namco Bandai Games,0,0,0.06,0,0.06
11163,Ty the Tasmanian Tiger 3: Night of the Quinkan,GC,2005,Action,Activision,0.07,0.02,0,0,0.09
6828,Skylanders SWAP Force,3DS,2013,Platform,Activision,0.1,0.12,0,0.02,0.24
9171,The Bombing Islands,PS,1997,Platform,Kemco,0.08,0.05,0,0.01,0.14
16072,SeaWorld Adventure Parks: Shamu's Deep Sea Adventure,XB,2005,Adventure,Activision,0.01,0,0,0,0.01
9384,Monster Rancher DS,DS,2008,Role-Playing,Tecmo Koei,0.08,0,0.05,0.01,0.13
12739,Point Blank DS (US sales),DS,2006,Shooter,Atari,0.05,0,0,0,0.06
13998,Fading Shadows,PSP,2008,Puzzle,Ivolgamus,0.03,0,0,0,0.04
274,Assassin's Creed: Revelations,X360,2011,Action,Ubisoft,2.25,1.47,0.04,0.43,4.19
8638,Yu-Gi-Oh! 5D's: Duel Transer,Wii,2010,Strategy,Konami Digital Entertainment,0.11,0.02,0.02,0.01,0.16
777,Golf,GB,1989,Sports,Nintendo,0.83,0.33,0.92,0.04,2.12
13662,Code Geass: Hangyaku no Lelouch R2 - Banjou no Geass Gekijou,DS,2008,Misc,Namco Bandai Games,0,0,0.04,0,0.04
12732,Dungeon Keeper 2,PC,1999,Action,Electronic Arts,0,0.05,0,0.01,0.06
8007,The Last Airbender,DS,2010,Action,THQ,0.13,0.04,0,0.01,0.18
7887,Conflict: Global Terror,PS2,2005,Shooter,Eidos Interactive,0.09,0.07,0,0.02,0.19
12957,Sushi Go-Round,Wii,2010,Simulation,Asylum Entertainment,0.05,0,0,0,0.05
125,FIFA 15,PS4,2014,Sports,Electronic Arts,0.79,4.29,0.05,1.47,6.59
3692,Tiger Woods PGA Tour 08,X360,2007,Sports,Electronic Arts,0.49,0.02,0,0.04,0.54
12654,Pop'n TwinBee: Rainbow Bell Adventure,SNES,1993,Platform,Konami Digital Entertainment,0,0,0.06,0,0.06
15669,Gadget Racers (PAL),PS2,2002,Racing,Zoo Digital Publishing,0,0,0.02,0,0.02
4989,Imagine: Salon Stylist,DS,2009,Simulation,Ubisoft,0.24,0.11,0,0.04,0.38
8481,Spider-Man: Web of Shadows - Amazing Allies Edition,PSP,2008,Action,Activision,0.12,0.02,0,0.02,0.16
9593,LEGO Batman 2: DC Super Heroes,WiiU,2013,Action,Warner Bros. Interactive Entertainment,0.05,0.07,0,0.01,0.13
1069,Need For Speed: Undercover,X360,2008,Racing,Electronic Arts,0.79,0.71,0.01,0.18,1.69
4042,Mobile Suit Gundam Seed Destiny: Rengou vs. Z.A.F.T. II Plus,PS2,2006,Shooter,Namco Bandai Games,0,0,0.49,0,0.49
909,Star Wars Rogue Leader: Rogue Squadron II,GC,2001,Simulation,LucasArts,1.03,0.75,0.03,0.09,1.9
6382,F1 2016 (Codemasters),PS4,2016,Racing,Codemasters,0.01,0.21,0.01,0.04,0.27
3448,NHL 15,PS4,2014,Sports,Electronic Arts,0.3,0.18,0,0.1,0.58
2938,MLB 08: The Show,PS3,2008,Sports,Sony Computer Entertainment,0.64,0,0,0.05,0.7
5709,NBA ShootOut,PS,1995,Sports,Sony Computer Entertainment,0.17,0.12,0,0.02,0.31
12903,Tom Clancy's HAWX 2,PC,2010,Action,Ubisoft,0,0.04,0,0.01,0.05
6931,TrackMania: Build to Race,Wii,2010,Racing,Focus Home Interactive,0.1,0.11,0,0.03,0.24
15156,Rugby World Cup 2015,XOne,2015,Sports,Ubisoft,0,0.02,0,0,0.02
12167,World Racing,XB,2003,Racing,TDK Mediactive,0.05,0.01,0,0,0.07
11307,Dead or Alive 5,XOne,2015,Fighting,Tecmo Koei,0.04,0.03,0.01,0.01,0.08
13360,FIFA Manager 12,PC,2011,Sports,Electronic Arts,0,0.03,0,0.01,0.05
282,Half-Life,PC,1997,Shooter,Vivendi Games,4.03,0,0.09,0,4.12
2236,Castlevania II: Simon's Quest,NES,1987,Platform,Konami Digital Entertainment,0.45,0.06,0.42,0,0.93
14898,Soul Eater: Battle Resonance,PSP,2009,Action,Namco Bandai Games,0,0,0.03,0,0.03
7374,Now! That's What I Call Music: Dance & Sing,Wii,2011,Misc,Unknown,0,0.18,0,0.04,0.21
1070,Dragon Ball Z: The Legacy of Goku,GBA,2002,Role-Playing,Infogrames,1.52,0.12,0,0.05,1.69
12899,Samurai Deeper Kyo,PS,2002,Fighting,Namco Bandai Games,0,0,0.05,0,0.05
1159,Sonic Heroes,GC,2003,Platform,Sega,1.05,0.44,0.06,0.04,1.6
1273,Banjo-Tooie,N64,2000,Platform,Nintendo,0.82,0.36,0.25,0.06,1.49
2293,DJ Hero,PS3,2009,Misc,Activision,0.42,0.34,0,0.14,0.91
16010,Demon Gaze 2,PSV,2014,Role-Playing,Experience Inc.,0,0,0.01,0,0.01
8575,Ener-G: Dance Squad,DS,2008,Sports,Ubisoft,0.15,0,0,0.01,0.16
9586,Advent Rising,XB,2005,Action,THQ,0.1,0.03,0,0,0.13
7165,Ben 10 Ultimate Alien: Cosmic Destruction,PS2,2010,Platform,D3Publisher,0.13,0.06,0,0.04,0.22
2869,Super Trucks Racing,PS2,2002,Racing,Jester Interactive,0.35,0.27,0,0.09,0.71
16472,Lucian Bee's: Resurrection Supernova,PS2,2009,Adventure,5pb,0,0,0.01,0,0.01
6869,Paperboy,N64,1999,Action,Midway Games,0.19,0.05,0,0,0.24
5845,Karaoke Revolution Party,PS2,2005,Misc,Konami Digital Entertainment,0.15,0.12,0,0.04,0.3
5114,Rampage: Total Destruction,PS2,2006,Action,Midway Games,0.18,0.14,0,0.05,0.37
11962,The Legend of Heroes VII: The Trail of Zero,PSV,2012,Role-Playing,Falcom Corporation,0,0,0.07,0,0.07
4074,Steel Diver,3DS,2011,Action,Nintendo,0.31,0.1,0.05,0.03,0.49
14117,The Idolmaster: Gravure For You! Vol. 4,PS3,2012,Misc,Namco Bandai Games,0,0,0.03,0,0.03
13139,Turbo Turtle Adventure,GBA,2002,Puzzle,Majesco Entertainment,0.04,0.01,0,0,0.05
