Rank,Name,Platform,Year,Genre,Publisher,NA_Sales,EU_Sales,JP_Sales,Other_Sales,Global_Sales
13476,Millipede / Super Breakout / Lunar Lander,GBA,2005,Misc,Zoo Digital Publishing,0.03,0.01,0,0,0.04
520,Metroid Prime,GC,2002,Shooter,Nintendo,1.96,0.67,0.1,0.09,2.82
15140,Pac-Man World Rally,PS2,2006,Racing,Namco Bandai Games,0.01,0.01,0,0,0.02
3543,Jampack Summer 2002,PS2,2002,Misc,Sony Computer Entertainment,0.28,0.22,0,0.07,0.57
4772,The Gunstringer,X360,2011,Shooter,Microsoft Game Studios,0.26,0.11,0,0.04,0.41
5655,Disney's Extreme Skate Adventure,PS2,2003,Sports,Activision,0.16,0.12,0,0.04,0.32
10771,Shadow Master,PS,1997,Adventure,Psygnosis,0.05,0.04,0,0.01,0.1
8525,Magic: The Gathering - Battlegrounds,XB,2003,Strategy,Atari,0.12,0.03,0,0.01,0.16
14254,FIFA World Cup: Germany 2006,GBA,2006,Sports,Electronic Arts,0.02,0.01,0,0,0.03
319,The Legend of Zelda: Link's Awakening,GB,1992,Action,Nintendo,2.21,0.96,0.54,0.13,3.83
15599,Ketsui: Kizuna Jigoku Tachi Extra,X360,2010,Shooter,5pb,0,0,0.02,0,0.02
3402,Rock Band 2,PS2,2008,Misc,MTV Games,0.29,0.23,0,0.08,0.59
2507,Madden NFL 17,XOne,2016,Sports,Electronic Arts,0.72,0.02,0,0.09,0.82
6154,Harry Potter and the Sorcerer's Stone,PS2,2003,Action,Electronic Arts,0.14,0.11,0,0.04,0.28
12684,Vampire Rain: Altered Species,PS3,2008,Action,Ignition Entertainment,0.05,0,0,0,0.06
14387,thinkSMART FAMILY!,Wii,2010,Misc,Conspiracy Entertainment,0.03,0,0,0,0.03
14393,Phantasy Star Online 2 Episode 4: Deluxe Package,PS4,2017,Role-Playing,Sega,0,0,0.03,0,0.03
4247,"Warhammer 40,000: Space Marine",PS3,2011,Shooter,THQ,0.13,0.25,0,0.09,0.46
1112,Dragon Quest V: Tenkuu no Hanayome,PS2,2004,Role-Playing,Enix Corporation,0,0,1.65,0,1.65
6321,LEGO Harry Potter: Years 5-7,PSP,N/A,Action,Warner Bros. Interactive Entertainment,0.1,0.11,0,0.06,0.27
11684,Samurai Warriors Chronicles 3,3DS,2014,Action,Tecmo Koei,0,0,0.08,0,0.08
8668,The Godfather: Blackhand Edition,Wii,2007,Adventure,Electronic Arts,0.14,0,0,0.01,0.16
7948,Star Trek: Legacy,X360,N/A,Simulation,Ubisoft,0.14,0.03,0,0.02,0.19
7344,WCW Backstage Assault,PS,1999,Action,Electronic Arts,0.12,0.08,0,0.01,0.21
3000,Red Steel,Wii,2006,Shooter,Ubisoft,0.55,0.04,0.04,0.05,0.68
7122,Tetris Attack,GB,1996,Puzzle,Nintendo,0,0,0.23,0,0.23
11906,All-Star Baseball 2004,GBA,2003,Sports,Acclaim Entertainment,0.05,0.02,0,0,0.07
2114,NASCAR 99,N64,1998,Racing,Electronic Arts,0.94,0.04,0,0.01,0.98
10151,Monkey Island: Special Edition Collection,PS3,2011,Adventure,Activision,0,0.08,0,0.03,0.11
3452,Harvest Moon: Sunshine Islands,DS,2008,Simulation,Rising Star Games,0.35,0.03,0.17,0.03,0.58
5415,Tiny Tank,PS,1998,Action,Sony Computer Entertainment,0.19,0.13,0,0.02,0.34
9770,Mobile Suit Gundam Side Story: Missing Link,PS3,2014,Action,Namco Bandai Games,0,0,0.12,0,0.12
11615,Bleach: Heat the Soul 7,PSP,2010,Fighting,Sony Computer Entertainment,0,0,0.08,0,0.08
5423,The Sims 3: Town Life Stuff,PC,2011,Simulation,Electronic Arts,0.11,0.17,0,0.05,0.34
7794,Shrek: Forever After,PS3,2010,Platform,Activision,0.16,0.02,0,0.02,0.19
8418,Lost Kingdoms,GC,2002,Role-Playing,Activision,0.1,0.02,0.04,0,0.17
9923,Jaws: Ultimate Predator,3DS,2011,Action,Majesco Entertainment,0.11,0,0,0.01,0.12
9962,TMNT,PSP,2007,Action,Ubisoft,0.1,0.01,0,0.01,0.12
6320,G-Force,PS2,2009,Action,Disney Interactive Studios,0.12,0.01,0,0.14,0.27
3223,Dragon Quest Monsters Joker 3,3DS,2016,Role-Playing,Square Enix,0,0,0.63,0,0.63
13599,"Negima!? Chou Mahora Taisen Kattoiin, Keiyaku Shikkou Dechai masuu",DS,2006,Adventure,Marvelous Interactive,0,0,0.04,0,0.04
2353,MLB 2001,PS,2000,Sports,Sony Computer Entertainment,0.49,0.34,0,0.06,0.89
2956,Mario Pinball Land,GBA,2004,Misc,Nintendo,0.5,0.18,0,0.01,0.69
11278,America's Army: True Soldiers,X360,2007,Shooter,Ubisoft,0.08,0,0,0.01,0.08
12736,Dungeon Explorer: Warriors of Ancient Arts,DS,2007,Role-Playing,Rising Star Games,0.05,0,0,0,0.06
8623,Amped 3,X360,2005,Sports,Take-Two Interactive,0.13,0.02,0,0.01,0.16
460,Far Cry 3,X360,2012,Shooter,Ubisoft,1.38,1.35,0.02,0.28,3.04
14004,Fighting Vipers 2,DC,2000,Fighting,Sega,0,0,0.04,0,0.04
4269,Gremlins,2600,1983,Action,Atari,0.43,0.03,0,0,0.46
5908,Rabbids: Alive & Kicking,X360,2011,Misc,Ubisoft,0.15,0.12,0,0.03,0.3
5517,DECA Sports Freedom,X360,2010,Sports,Hudson Soft,0.27,0.04,0,0.02,0.33
6785,Tongari Boushi to Oshare na Mahou Tsukai,DS,2011,Action,Konami Digital Entertainment,0,0,0.24,0,0.24
10451,Dancing on Ice,Wii,2010,Sports,Ghostlight,0,0.09,0,0.01,0.1
8350,Fate/Stay Night [Réalta Nua],PS2,2007,Adventure,Kadokawa Shoten,0,0,0.17,0,0.17
8008,Happy Cooking,DS,2006,Simulation,Ubisoft,0.17,0,0,0.01,0.18
11222,Wizardry: Tale of the Forsaken Land,PS2,2001,Role-Playing,Ubisoft,0.04,0.03,0,0.01,0.09
6960,Karaoke Revolution Volume 2,PS2,2004,Misc,Konami Digital Entertainment,0.11,0.09,0,0.03,0.23
3459,Titanfall,PC,2014,Shooter,Electronic Arts,0.21,0.3,0,0.07,0.58
41,Call of Duty: Black Ops,PS3,2010,Shooter,Activision,5.98,4.44,0.48,1.83,12.73
11472,Prey the Stars,DS,2008,Action,Tecmo Koei,0.07,0,0,0.01,0.08
7628,IHRA Drag Racing 2004,XB,2003,Racing,Bethesda Softworks,0.15,0.04,0,0.01,0.2
13314,Forza Motorsport 3: Ultimate Edition,X360,2010,Racing,Microsoft Game Studios,0,0.04,0,0.01,0.05
15394,Planetarium Creator Ohira Takayuki Kanshuu: HomeStar Portable - 21st Century Star Navigator,PSP,2006,Misc,Sega,0,0,0.02,0,0.02
2488,Borderlands 2,PSV,2014,Shooter,Take-Two Interactive,0.43,0.21,0.01,0.19,0.83
4460,Army Men World War: Final Front,PS,2001,Action,3DO,0.24,0.17,0,0.03,0.44
5971,Power Pro Kun Pocket 4,GBA,2002,Sports,Konami Digital Entertainment,0,0,0.29,0.01,0.29
14149,Wangan Midnight,PS3,2007,Racing,Genki,0,0,0.03,0,0.03
11447,NASCAR The Game: Inside Line,PS3,2012,Racing,Activision,0.07,0,0,0.01,0.08
12272,ESPN Winter X-Games: Snowboarding 2002,GBA,2000,Sports,Konami Digital Entertainment,0.05,0.02,0,0,0.06
7175,NCAA Football 2005,GC,2004,Sports,Electronic Arts,0.17,0.04,0,0.01,0.22
10819,Shox,PS2,2002,Racing,Electronic Arts,0.05,0.04,0,0.01,0.09
6292,Dave Mirra Freestyle BMX: Maximum Remix,PS,2001,Sports,Acclaim Entertainment,0.15,0.1,0,0.02,0.27
15820,Platypus,PSP,2006,Shooter,Funsta,0.02,0,0,0,0.02
2317,The Elder Scrolls Online,PC,2014,Role-Playing,Bethesda Softworks,0.32,0.48,0,0.09,0.9
13607,Playmobil Top Agents,DS,2010,Action,JoWood Productions,0,0.04,0,0,0.04
8968,Turbo Prop Racing,PS,1997,Racing,Sony Computer Entertainment,0.08,0.06,0,0.01,0.15
14490,Golden Nugget Casino / Texas Hold 'Em Double Pack,GBA,2005,Misc,Majesco Entertainment,0.02,0.01,0,0,0.03
15363,Polar Bowler,DS,2008,Sports,Mumbo Jumbo,0.02,0,0,0,0.02
6066,Trivial Pursuit,PS3,2009,Misc,Electronic Arts,0.12,0.12,0,0.05,0.29
9238,4x4 EVO 2,GC,2002,Racing,Vivendi Games,0.11,0.03,0,0,0.14
9028,G.I. Joe: The Rise of Cobra,PS2,2009,Action,Electronic Arts,0.11,0,0,0.03,0.14
11197,Counter-Strike: Source,PC,2004,Shooter,Vivendi Games,0,0.07,0,0.02,0.09
14019,Hakuouki: Zuisouroku,PS2,2009,Adventure,Idea Factory,0,0,0.04,0,0.04
15453,Winx Club: Saving Alfea,DS,2014,Action,Namco Bandai Games,0.02,0,0,0,0.02
7066,Tony Hawk's Proving Ground,DS,2007,Sports,Activision,0.21,0.01,0,0.02,0.23
8366,Catwoman,PS2,2004,Action,Electronic Arts,0.08,0.06,0,0.02,0.17
5835,Spyro: Attack of the Rhynocs,GBA,2003,Platform,Universal Interactive,0.22,0.08,0,0.01,0.3
15875,Dead to Rights,GBA,2004,Shooter,Zoo Digital Publishing,0.01,0,0,0,0.02
4656,Double Pack: Finding Nemo / The Incredibles,XB,2006,Action,THQ,0.31,0.09,0,0.01,0.42
16016,Codename: Panzers Phase Two,PC,2005,Strategy,CDV Software Entertainment,0,0.01,0,0,0.01
9445,Dead to Rights: Reckoning,PSP,2005,Shooter,Electronic Arts,0.12,0,0,0.01,0.13
10636,Virtual Pool 64,N64,1998,Sports,Crave Entertainment,0.08,0.02,0,0,0.1
9121,Dead to Rights,GC,2002,Shooter,Electronic Arts,0.11,0.03,0,0,0.14
6821,Corvette,XB,2003,Racing,TDK Mediactive,0.18,0.05,0,0.01,0.24
12352,Pro Yaky? Spirits 2013,PSV,2013,Sports,Konami Digital Entertainment,0,0,0.06,0,0.06
11442,Slam 'n Jam '96 featuring Magic & Kareem,PS,1995,Sports,Crystal Dynamics,0.04,0.03,0,0.01,0.08
11695,Vietcong: Purple Haze,XB,2004,Shooter,Gathering of Developers,0.06,0.02,0,0,0.08
10952,Black & White 2,PC,2005,Strategy,Electronic Arts,0.01,0.07,0,0.01,0.09
7899,Phantasy Star Universe,PS2,2006,Role-Playing,Sega,0,0,0.19,0,0.19
2799,Call of Duty: Ghosts,PC,2013,Shooter,Activision,0.23,0.41,0,0.09,0.73
11369,Board Game Classics,GBA,2005,Misc,"Destination Software, Inc",0.06,0.02,0,0,0.08
4667,Mega Man Legends 2,PS,2000,Adventure,Capcom,0.17,0.12,0.1,0.03,0.42
14299,Bikkuriman Daijiten,DS,N/A,Misc,N/A,0,0,0.03,0,0.03
8763,Jikkyou Powerful Pro Yakyuu Portable,PSP,2006,Sports,Konami Digital Entertainment,0,0,0.15,0,0.15
9322,ESPN MLB Baseball,XB,2004,Sports,Sega,0.1,0.03,0,0,0.14
462,Saints Row 2,X360,2008,Action,THQ,1.94,0.8,0.02,0.27,3.03
3904,Fire Emblem: Radiant Dawn,Wii,2007,Strategy,Nintendo,0.28,0.03,0.17,0.03,0.51
9175,Robots,DS,2005,Action,Vivendi Games,0.12,0.01,0,0.01,0.14
2284,Colin McRae Rally 2.0,PS,2000,Racing,Codemasters,0.02,0.8,0.02,0.07,0.91
10073,Ping Pals,DS,2004,Misc,THQ,0.1,0,0,0.01,0.11
9188,Tim Burton's The Nightmare Before Christmas: The Pumpkin King,GBA,2005,Platform,Disney Interactive Studios,0.1,0.04,0,0,0.14
8067,Shrek SuperSlam,DS,2005,Action,Activision,0.17,0,0,0.01,0.18
5310,Supreme Commander 2,X360,2010,Strategy,Square Enix,0.23,0.1,0,0.03,0.35
10969,SingStar: Made In Germany,PS3,2009,Misc,Sony Computer Entertainment,0,0.07,0,0.02,0.09
10975,The Secret Saturdays: Beasts of the 5th Sun,PSP,2009,Action,D3Publisher,0.08,0,0,0.01,0.09
14262,Toushin Toshi,3DS,2014,Role-Playing,imageepoch Inc.,0,0,0.03,0,0.03
13945,Texas Hold 'Em Poker DS,DS,2005,Misc,Majesco Entertainment,0.03,0,0,0,0.04
380,Battlefield: Bad Company 2,X360,2010,Shooter,Electronic Arts,2.09,1.02,0.04,0.32,3.48
13807,Zac to Ombra: Maboroshi no Yuuenchi,DS,2010,Adventure,Konami Digital Entertainment,0,0,0.04,0,0.04
14005,Teenage Mutant Ninja Turtles 3: Mutant Nightmare,XB,2005,Action,Konami Digital Entertainment,0.03,0.01,0,0,0.04
6822,Atelier Meruru: Alchemist of Arland 3,PS3,2011,Role-Playing,Nippon Ichi Software,0.05,0,0.18,0.01,0.24
7636,Namco Museum: 50th Anniversary,GBA,2005,Misc,Namco Bandai Games,0.14,0.05,0,0,0.2
16507,Mystereet,PS2,2006,Adventure,Yeti,0,0,0.01,0,0.01
3087,Disney's Kim Possible 2: Drakken's Demise,GBA,2004,Platform,Disney Interactive Studios,0.47,0.17,0,0.01,0.66
14401,Egg Mania: Eggstreme Madness,PS2,2002,Puzzle,Kemco,0.02,0.01,0,0,0.03
11342,FIFA Street 2,XB,2006,Sports,Electronic Arts,0.06,0.02,0,0,0.08
4029,Lego Batman 3: Beyond Gotham,PSV,2014,Action,Warner Bros. Interactive Entertainment,0.09,0.29,0,0.11,0.49
13796,Fritz Chess,PS3,2009,Strategy,Deep Silver,0,0.03,0,0.01,0.04
5204,NFL GameDay 2001,PS2,2000,Sports,Sony Computer Entertainment,0.18,0.14,0,0.05,0.36
14454,Hot Pixel,PSP,2007,Puzzle,Atari,0.03,0,0,0,0.03
14667,Wrestle Angels: Survivor 2,PS2,2008,Fighting,Tryfirst,0,0,0.03,0,0.03
6030,Ken Griffey Jr.'s Slugfest,N64,1999,Sports,Nintendo,0.23,0.06,0,0,0.29
1657,Sly Cooper and the Thievius Raccoonus,PS2,2002,Platform,Sony Computer Entertainment,1.03,0.14,0,0.04,1.21
2322,X-Men Legends,XB,2004,Role-Playing,Activision,0.62,0.24,0,0.04,0.9
1662,Dino Crisis 2,PS,2000,Action,Virgin Interactive,0.34,0.49,0.28,0.1,1.21
1149,Far Cry 4,XOne,2014,Shooter,Ubisoft,0.79,0.68,0.01,0.13,1.61
1955,NFL Blitz,N64,1998,Sports,Midway Games,1.02,0.04,0,0.01,1.06
11890,Serious Sam: Next Encounter,PS2,2004,Shooter,Global Star,0.04,0.03,0,0.01,0.07
13830,Tiger Woods PGA Tour Golf,GBA,2002,Sports,Ubisoft,0.03,0.01,0,0,0.04
11236,Walt Disney's The Jungle Book: Rhythm N'Groove,PS,2000,Misc,Sony Computer Entertainment,0.05,0.03,0,0.01,0.09
4547,Tales of the World: Radiant Mythology,PSP,2006,Role-Playing,Ubisoft,0.17,0.01,0.23,0.02,0.43
5525,F1 2013,X360,2013,Racing,Codemasters,0.01,0.28,0,0.03,0.33
11813,Big Mutha Truckers 2,XB,2005,Racing,Empire Interactive,0.05,0.02,0,0,0.07
1793,Commando,NES,1986,Action,Capcom,0.71,0.16,0.25,0.03,1.14
391,Spider-Man 2,PS2,2004,Action,Activision,1.75,1.2,0.02,0.43,3.41
10880,World Cup '98 France: Road to Win,SAT,1998,Sports,Sega,0,0,0.09,0,0.09
12584,Centipede: Infestation,Wii,2011,Shooter,Atari,0.06,0,0,0,0.06
10250,Famicom Mini: Famicom Tantei Club - Kieta Koukeisha Zenkouhen,GBA,2004,Adventure,Nintendo,0,0,0.11,0,0.11
8598,Minna no DS Seminar: Kanpeki Kanji Ryoku,DS,2006,Misc,TDK Core,0,0,0.16,0,0.16
10653,Harry Potter and the Deathly Hallows - Part 2,PC,2011,Action,Electronic Arts,0.05,0.04,0,0.01,0.1
1154,F-1 World Grand Prix,N64,1998,Racing,Video System,0.46,0.96,0.09,0.08,1.6
7690,Super Baseball Simulator 1.000,SNES,1991,Sports,Culture Brain,0,0,0.2,0,0.2
4670,Castlevania: The Dracula X Chronicles,PSP,2007,Platform,Konami Digital Entertainment,0.22,0.09,0.04,0.07,0.42
9152,"Holy Invasion of Privacy, Badman! What Did I Do to Deserve This?",PSP,2007,Role-Playing,Nippon Ichi Software,0,0,0.13,0,0.14
3078,Toy Story 3: The Video Game,PSP,2010,Action,Disney Interactive Studios,0.27,0.25,0,0.14,0.66
6553,Polarium,DS,2004,Puzzle,Nintendo,0.13,0.01,0.11,0.01,0.26
616,Mario Party 2,N64,1999,Misc,Nintendo,1.28,0.14,1.08,0.01,2.5
1227,Mario Golf: Toadstool Tour,GC,2003,Sports,Nintendo,1.09,0.15,0.25,0.04,1.53
1550,Kid Icarus: Uprising,3DS,2012,Action,Nintendo,0.48,0.35,0.36,0.07,1.28
5924,Star Ocean 5: Integrity and Faithlessness,PS4,2016,Role-Playing,Square Enix,0.06,0.07,0.14,0.02,0.3
15084,X3: Terran War Pack,PC,2012,Misc,Deep Silver,0,0.02,0,0,0.02
16070,IL-2 Sturmovik,PC,2001,Simulation,Blue Byte,0,0.01,0,0,0.01
2276,AMF Bowling Pinbusters!,Wii,2007,Sports,Bethesda Softworks,0.85,0,0,0.07,0.91
1187,Smuggler's Run,PS2,2000,Racing,Take-Two Interactive,0.77,0.6,0,0.2,1.56
12931,Drill Dozer,GBA,N/A,Platform,Unknown,0.04,0.01,0,0,0.05
3419,SoulCalibur V,X360,2012,Fighting,Namco Bandai Games,0.39,0.14,0.02,0.04,0.59
9241,The History Channel: Civil War - A Nation Divided,X360,2006,Shooter,Activision,0.13,0,0,0.01,0.14
5351,Kurushi Final: Mental Blocks,PS,1998,Puzzle,Sony Computer Entertainment,0,0,0.32,0.02,0.34
4996,Disney Sing It,PS3,2008,Misc,Disney Interactive Studios,0.27,0.07,0,0.04,0.38
4924,Yoshi Touch & Go,DS,2005,Platform,Nintendo,0.34,0.02,0,0.03,0.39
13394,The Berenstain Bears and the Spooky Old Tree,GBA,2005,Platform,Namco Bandai Games,0.03,0.01,0,0,0.05
8315,Backbreaker,PS3,N/A,Sports,Unknown,0.16,0,0,0.01,0.17
7019,Hannah Montana: The Movie,PS3,2009,Adventure,Disney Interactive Studios,0.14,0.06,0,0.03,0.23
12860,Mister Slime,DS,2008,Action,SouthPeak Games,0.05,0,0,0,0.05
14211,Super Dodgeball Brawlers (jp sales),DS,2008,Sports,Arc System Works,0,0,0.03,0,0.03
3247,Sacred 2: Fallen Angel,PS3,2009,Role-Playing,Deep Silver,0.22,0.23,0.08,0.09,0.62
12251,Chrysler Classic Racing,Wii,2008,Racing,Zoo Games,0.06,0,0,0,0.06
16339,Nakayoshi All-Stars: Mezase Gakuen Idol,DS,2008,Misc,Creative Core,0,0,0.01,0,0.01
16516,Deal or No Deal,PC,2006,Misc,Focus Home Interactive,0,0.01,0,0,0.01
11243,Rugby 15,XOne,2015,Sports,Bigben Interactive,0.03,0.05,0,0.01,0.09
13272,Zoop,PS,1995,Puzzle,MediaQuest,0.03,0.02,0,0,0.05
11509,Cabela's North American Adventures,PS2,2010,Sports,Activision,0.04,0.03,0,0.01,0.08
8106,Guitar Hero Live,WiiU,2015,Misc,Activision,0.12,0.04,0,0.02,0.18
12067,Street Fighter II': Special Champion Edition (JP weekly sales),GEN,1993,Action,Capcom,0,0,0.07,0,0.07
4013,Men in Black II: Alien Escape,PS2,2002,Shooter,Infogrames,0.24,0.19,0,0.06,0.5
3676,Rune Factory 4,3DS,2012,Role-Playing,Xseed Games,0.31,0,0.21,0.03,0.55
4481,Naruto: Ultimate Ninja 3,PS2,2005,Fighting,Atari,0.36,0.01,0,0.06,0.44
12623,Petz Bunnyz Bunch,DS,2011,Simulation,Ubisoft,0.05,0,0,0,0.06
1553,Castlevania: Symphony of the Night,PS,1997,Platform,Konami Digital Entertainment,0.58,0.4,0.21,0.08,1.27
2676,Dragon Warrior I&II,GB,1999,Role-Playing,Enix Corporation,0,0,0.77,0,0.77
11103,Karaoke Revolution Presents American Idol Encore 2,X360,2008,Misc,Konami Digital Entertainment,0.08,0,0,0.01,0.09
1368,LEGO Star Wars II: The Original Trilogy,PSP,2006,Action,LucasArts,0.58,0.51,0,0.32,1.41
1575,Final Fantasy IV,DS,2007,Simulation,Square Enix,0.54,0.05,0.62,0.05,1.26
5388,WWE Day of Reckoning 2,GC,2005,Fighting,THQ,0.26,0.07,0,0.01,0.34
9738,Eyeshield 21: Max Devil Power,DS,2006,Role-Playing,Nintendo,0,0,0.12,0,0.12
7114,NCAA GameBreaker 2004,PS2,2003,Sports,Sony Computer Entertainment,0.11,0.09,0,0.03,0.23
61,Just Dance 3,Wii,2011,Misc,Ubisoft,6.05,3.15,0,1.07,10.26
13611,Attack of the Movies 3D,X360,2010,Shooter,Majesco Entertainment,0.04,0,0,0,0.04
13437,Mighty No. 9,PS4,2016,Platform,Deep Silver,0.04,0,0,0.01,0.05
15493,Devil Survivor: Over Clock,3DS,2015,Strategy,Atlus,0,0,0.02,0,0.02
12551,Impossible Mission,PSP,2007,Platform,System 3 Arcade Software,0,0.04,0,0.02,0.06
3322,Harry Potter and the Goblet of Fire,GBA,2005,Action,Electronic Arts,0.44,0.16,0,0.01,0.61
16195,Metal Slug Anthology,PS2,2007,Shooter,Ignition Entertainment,0,0,0.01,0,0.01
13259,American Bass Challenge,GBA,2001,Sports,Starfish,0.03,0.01,0,0,0.05
10758,Wasteland 2,PC,2015,Role-Playing,inXile Entertainment,0.02,0.06,0,0.01,0.1
8164,All Grown Up! Express Yourself,GBA,2004,Misc,THQ,0.13,0.05,0,0,0.18
5469,Planet Puzzle League,DS,2007,Puzzle,Nintendo,0.14,0.01,0.16,0.01,0.33
15353,Cabela's Big Game Hunter: Pro Hunts,WiiU,2014,Shooter,Activision,0.02,0,0,0,0.02
6540,Tiger Woods PGA Tour 10,PS2,2009,Sports,Electronic Arts,0.12,0.01,0,0.13,0.26
16241,Kao the Kangaroo,GBA,2001,Platform,Titus,0.01,0,0,0,0.01
16538,Mushi Bugyou,3DS,2013,Action,Namco Bandai Games,0,0,0.01,0,0.01
8849,Fantasia: Music Evolved,XOne,2014,Misc,Disney Interactive Studios,0.11,0.03,0,0.01,0.15
5788,Kingdoms of Amalur: Reckoning,PC,2012,Role-Playing,Electronic Arts,0.14,0.13,0,0.04,0.31
14739,Dragon Tamer: Sound Spirit,DS,2007,Role-Playing,Namco Bandai Games,0,0,0.03,0,0.03
9884,Power Gig: Rise of the SixString,X360,2010,Misc,Unknown,0.11,0,0,0.01,0.12
14814,Sengoku Basara: Sanada Yukimura-Den,PS4,2016,Action,Capcom,0,0,0.03,0,0.03
3195,Ghostbusters: The Video Game,X360,2009,Action,Atari,0.43,0.14,0,0.06,0.63
7721,Marvel Super Hero Squad: Comic Combat,Wii,2011,Action,THQ,0.15,0.03,0,0.01,0.2
3580,Army Men: Sarge's Heroes,PS,1999,Action,3DO,0.31,0.21,0,0.04,0.56
7445,The Last Airbender,Wii,2010,Action,THQ,0.12,0.07,0,0.02,0.21
3700,System 3 presents Ferrari Challenge Trofeo Pirelli,Wii,2008,Racing,System 3 Arcade Software,0.07,0.4,0,0.07,0.54
14812,Alien Breed Trilogy,X360,2011,Shooter,Mastertronic,0,0.02,0,0,0.03
3469,International Superstar Soccer '98,N64,1998,Sports,Konami Digital Entertainment,0.06,0.3,0.19,0.03,0.58
4371,Petz: Catz 2,Wii,2007,Simulation,Ubisoft,0.41,0.01,0,0.03,0.45
4355,Apocalypse,PS,1998,Action,Activision,0.25,0.17,0,0.03,0.45
15261,Dakar 2: The World's Ultimate Rally,XB,2003,Racing,Acclaim Entertainment,0.02,0,0,0,0.02
2403,Triple Play 2002,PS2,2002,Sports,Electronic Arts,0.43,0.33,0,0.11,0.87
7041,Dynasty Warriors: Strikeforce,X360,2009,Action,Tecmo Koei,0.13,0.06,0.02,0.02,0.23
8585,The Powerpuff Girls: Chemical X-Traction,N64,2001,Action,BAM! Entertainment,0.13,0.03,0,0,0.16
1128,Call of Duty: Black Ops,PC,N/A,Shooter,Activision,0.58,0.81,0,0.24,1.63
2810,Dragon Age: Inquisition,PC,2014,Role-Playing,Electronic Arts,0.32,0.34,0,0.07,0.73
12528,Syndicate,PC,1992,Strategy,Electronic Arts,0,0.05,0,0.01,0.06
5920,Call of Duty: Modern Warfare 3: Defiance,DS,2011,Shooter,Activision,0.21,0.07,0,0.02,0.3
3500,Tetris Party Deluxe,Wii,2010,Puzzle,Nintendo,0.34,0.17,0.02,0.05,0.58
11808,Speed Zone,Wii,2009,Racing,Bethesda Softworks,0.01,0.05,0,0.01,0.07
7281,NFL 2K3,GC,2002,Sports,Sega,0.17,0.04,0,0.01,0.22
5270,Dark Souls III,XOne,2016,Role-Playing,Namco Bandai Games,0.23,0.09,0,0.03,0.35
10978,Agassi Tennis Generation,PS2,2003,Sports,DreamCatcher Interactive,0.04,0.03,0,0.01,0.09
5627,Singularity,X360,N/A,Shooter,Unknown,0.24,0.05,0,0.02,0.32
4198,The Princess and the Frog,Wii,2009,Platform,Disney Interactive Studios,0.29,0.13,0,0.04,0.47
9576,Sengoku Basara 3 Utage,Wii,2011,Action,Capcom,0,0,0.13,0,0.13
3519,Spyro Orange: The Cortex Conspiracy,GBA,2004,Action,Vivendi Games,0.41,0.15,0,0.01,0.57
6519,Bust A Groove 2,PS,1999,Misc,Enix Corporation,0.04,0.03,0.18,0.02,0.26
1805,LEGO Star Wars III: The Clone Wars,3DS,2011,Action,LucasArts,0.61,0.43,0,0.09,1.13
1261,WWF No Mercy,N64,2000,Fighting,THQ,1.2,0.27,0.02,0.02,1.5
15158,Veggy World,DS,2011,Shooter,Jack of All Games,0.02,0,0,0,0.02
6176,Conflict: Desert Storm II - Back to Bagdhad,XB,2003,Shooter,SCi,0.21,0.06,0,0.01,0.28
10663,Marvel Super Hero Squad: The Infinity Gauntlet,3DS,2011,Action,THQ,0.07,0.02,0,0.01,0.1
11733,MTV Music Generator 3: This Is the Remix,XB,2004,Misc,Codemasters,0.06,0.02,0,0,0.08
1842,Arc the Lad,PS,1995,Role-Playing,Sony Computer Entertainment,0,0,1.1,0.01,1.11
13918,Civilization Beyond Earth: Rising Tide,PC,2015,Strategy,Take-Two Interactive,0,0.04,0,0,0.04
12785,Yuugen Gaisha Brave Company,3DS,2011,Strategy,Namco Bandai Games,0,0,0.06,0,0.06
3792,Ty the Tasmanian Tiger 2: Bush Rescue,PS2,2004,Platform,Electronic Arts,0.26,0.2,0,0.07,0.53
560,Skate 3,X360,2010,Sports,Electronic Arts,1.46,0.98,0,0.24,2.68
13847,Haikyu!! Cross Team Match!,3DS,2016,Adventure,Namco Bandai Games,0,0,0.04,0,0.04
4892,Monster Jam: Urban Assault,DS,2008,Racing,Activision,0.37,0,0,0.03,0.39
5612,Birthday Party Bash,Wii,2009,Misc,Take-Two Interactive,0.3,0,0,0.02,0.32
5359,SoulCalibur,DC,1999,Fighting,Namco Bandai Games,0,0,0.34,0,0.34
2934,Mobile Suit Gundam: Journey to Jaburo,PS2,2000,Simulation,Namco Bandai Games,0.16,0.13,0.36,0.04,0.7
16265,"Hanayaka Kana, Ware ga Ichizoku",PSP,2010,Adventure,Idea Factory,0,0,0.01,0,0.01
3698,Excite Truck,Wii,2006,Racing,Nintendo,0.4,0.03,0.08,0.04,0.54
10686,Zero4 Champ RR-Z,SNES,1995,Racing,Media Rings,0,0,0.1,0,0.1
3283,Super Robot Taisen α Gaiden,PS,2001,Strategy,Banpresto,0,0,0.58,0.04,0.62
15058,Castlevania: Lords of Shadow - Reverie,X360,2011,Action,Konami Digital Entertainment,0.02,0,0,0,0.02
6751,Pro Evolution Soccer 2014,X360,2013,Action,Konami Digital Entertainment,0.06,0.16,0,0.03,0.25
1720,Soviet Strike,PS,1996,Simulation,Electronic Arts,0.65,0.44,0,0.08,1.17
8457,NCAA Basketball 09,PS3,2008,Sports,Electronic Arts,0.15,0,0,0.01,0.17
2809,NHL 11,X360,2010,Sports,Electronic Arts,0.61,0.07,0,0.05,0.73
10528,FIFA Street,XB,2005,Sports,Electronic Arts,0.08,0.02,0,0,0.1
15926,Pillars of Eternity,PC,2014,Role-Playing,Paradox Interactive,0,0.01,0,0,0.02
7844,Frequency,PS2,2001,Misc,Sony Computer Entertainment,0.09,0.07,0,0.02,0.19
889,Mortal Kombat II,SNES,1993,Fighting,Acclaim Entertainment,1.48,0.39,0,0.06,1.93
3105,Wall-E,PSP,2008,Platform,THQ,0.29,0.22,0,0.14,0.65
12369,From The Abyss,DS,2008,Role-Playing,Nobilis,0.06,0,0,0,0.06
1385,Far Cry 2,PS3,2008,Action,Ubisoft,0.43,0.7,0.01,0.27,1.4
15840,FIFA Soccer 08,PC,2007,Sports,Electronic Arts,0,0.01,0,0,0.02
16298,Rainbow Islands: Revolution,PSP,2005,Action,Rising Star Games,0.01,0,0,0,0.01
13256,Growlanser VI: Precarious World,PS2,2007,Role-Playing,Atlus,0,0,0.05,0,0.05
8942,Mobile Suit Gundam: Perfect One Year War,PS,1997,Strategy,Namco Bandai Games,0,0,0.14,0.01,0.15
2435,NBA 2K8,X360,2007,Sports,Take-Two Interactive,0.79,0,0,0.07,0.85
7855,Frogger's Adventures 2: The Lost Wand,GBA,2002,Adventure,Konami Digital Entertainment,0.14,0.05,0,0,0.19
6577,Choro Q3,PS,1998,Racing,Takara,0,0,0.24,0.02,0.26
1728,Mega Man 3,NES,1990,Platform,Capcom,0.68,0.1,0.39,0,1.17
3745,Inazuma Eleven GO,3DS,2011,Role-Playing,Nintendo,0,0.05,0.48,0,0.54
5641,Frogger's Adventures: The Rescue,PS2,2003,Platform,Konami Digital Entertainment,0.16,0.12,0,0.04,0.32
2931,Book of Spells,PS3,2012,Action,Sony Computer Entertainment,0.13,0.4,0,0.16,0.7
5811,Monsters vs. Aliens,PS3,2009,Action,Activision,0.21,0.06,0,0.03,0.31
235,Luigi's Mansion: Dark Moon,3DS,2013,Action,Nintendo,1.78,1.39,1.1,0.3,4.58
13392,Mike Tyson Heavyweight Boxing,XB,2002,Sports,Codemasters,0.03,0.01,0,0,0.05
2182,Cars 2,Wii,2011,Racing,Disney Interactive Studios,0.46,0.39,0,0.1,0.95
1592,Injustice: Gods Among Us,PS3,2013,Fighting,Warner Bros. Interactive Entertainment,0.48,0.53,0.01,0.23,1.25
4581,The Sims,XB,2003,Simulation,Electronic Arts,0.31,0.1,0,0.01,0.42
727,New Super Luigi U,WiiU,2013,Platform,Nintendo,1.27,0.62,0.18,0.16,2.22
1821,Pilotwings 64,N64,1996,Simulation,Nintendo,0.56,0.24,0.3,0.02,1.12
2230,Sonic Riders: Zero Gravity,Wii,2008,Racing,Sega,0.5,0.32,0.02,0.1,0.93
6161,Sly Cooper: Thieves in Time,PSV,2013,Platform,Sony Computer Entertainment Europe,0.16,0.06,0,0.05,0.28
6134,ATV Quad Power Racing 2,GC,2003,Racing,Acclaim Entertainment,0.22,0.06,0,0.01,0.28
818,Pokemon Mystery Dungeon: Red/Blue Rescue Team,GBA,2005,Role-Playing,Nintendo,0.71,0.52,0.74,0.08,2.06
13496,Praetorians,PC,2003,Strategy,Eidos Interactive,0,0.04,0,0,0.04
3447,Cabela's Dangerous Hunts 2011,Wii,2010,Sports,Activision,0.53,0.02,0,0.04,0.58
830,PGR4 - Project Gotham Racing 4,X360,2007,Racing,Microsoft Game Studios,0.48,1.29,0.02,0.25,2.05
619,LEGO Harry Potter: Years 1-4,Wii,2010,Action,Warner Bros. Interactive Entertainment,1.29,0.97,0,0.23,2.49
1797,The Lord of the Rings: The Return of the King,XB,2003,Action,Electronic Arts,0.71,0.38,0,0.05,1.14
536,Professor Layton and the Last Specter,DS,2009,Puzzle,Nintendo,0.3,1.47,0.68,0.34,2.79
13019,SpongeBob: HeroPants,PSV,2015,Platform,Activision,0.03,0.01,0,0.01,0.05
7251,Lethal Skies Elite Pilot: Team SW,PS2,2001,Simulation,Sammy Corporation,0.11,0.08,0,0.03,0.22
13143,Hisshou 777 Fighter: Pachi Slot Eiyu Densetsu,SNES,1994,Misc,Vap,0,0,0.05,0,0.05
14921,Puppet Show 3: Lost Town,PC,2011,Puzzle,Focus Home Interactive,0,0.02,0,0,0.02
6460,King's Field II,PS,1996,Role-Playing,From Software,0.08,0.06,0.11,0.02,0.26
16518,Knights in the Nightmare: DHE Series Special Pack,DS,2008,Role-Playing,Sting,0,0,0.01,0,0.01
1004,Star Wars: Starfighter,PS2,2001,Simulation,Activision,0.61,0.87,0.02,0.26,1.76
1783,Pokemon Rumble Blast,3DS,2011,Action,Nintendo,0.47,0.26,0.35,0.07,1.14
13636,Myth Makers: Trixie in Toyland,Wii,2008,Platform,Popcorn Arcade,0.04,0,0,0,0.04
14513,Casino Chaos With Las Vegas Players Collection,PC,2011,Misc,THQ,0.03,0,0,0,0.03
3679,Dynasty Warriors: Gundam 3,PS3,2010,Action,Tecmo Koei,0.11,0.05,0.36,0.02,0.55
8914,Brain Boost: Beta Wave,DS,2005,Puzzle,505 Games,0.14,0,0,0.01,0.15
6251,Myst III: Exile,PS2,2002,Adventure,Ubisoft,0.14,0.11,0,0.04,0.28
8131,Aliens: Infestation,DS,2011,Action,Sega,0.1,0.06,0,0.02,0.18
12964,Cities in Motion,PC,2011,Simulation,Paradox Interactive,0,0.04,0,0.01,0.05
6177,Guitar Hero Live,PS3,2015,Misc,Activision,0.09,0.14,0,0.05,0.28
10054,Shin Sangoku Musou: Multi Raid 2,PSP,2010,Action,Tecmo Koei,0,0,0.11,0,0.11
5620,Final Fantasy XI,PS2,N/A,Role-Playing,Unknown,0.08,0.06,0.15,0.02,0.32
6832,Burnout 2: Point of Impact,XB,2003,Racing,Acclaim Entertainment,0.18,0.05,0,0.01,0.24
9078,Star Wars: Knights of the Old Republic,PC,2003,Role-Playing,LucasArts,0.01,0.1,0,0.02,0.14
11498,Gradius III and IV,PS2,2000,Shooter,Konami Digital Entertainment,0.04,0.03,0,0.01,0.08
13420,Sesame Street: Elmo's A-to-Zoo Adventure,PC,2010,Misc,Warner Bros. Interactive Entertainment,0.04,0,0,0,0.05
1087,Madden NFL 2001,PS,2000,Sports,Electronic Arts,1.58,0.05,0,0.04,1.67
1715,WWE SmackDown vs. Raw 2010,PS3,2009,Fighting,THQ,0.48,0.49,0.01,0.2,1.18
9427,All Star Cheer Squad 2,Wii,2009,Sports,THQ,0.12,0,0,0.01,0.13
6149,Triple Play 2000,N64,1999,Sports,Electronic Arts,0.27,0.01,0,0,0.28
7283,Saltwater Sportfishing,PS,2001,Sports,Take-Two Interactive,0.12,0.08,0,0.01,0.22
6575,Petz: Crazy Monkeyz,Wii,2008,Simulation,Ubisoft,0.23,0,0,0.02,0.26
4192,Doom 64,N64,1997,Shooter,Midway Games,0.38,0.08,0,0.01,0.47
728,Prince of Persia: The Sands of Time,PS2,2003,Action,Ubisoft,0.88,1.03,0,0.31,2.22
6564,Dora the Explorer: Game Boy Advance Video Volume 1,GBA,2004,Misc,N/A,0.18,0.07,0,0,0.26
4113,2010 FIFA World Cup South Africa,PSP,2010,Sports,Electronic Arts,0.09,0.24,0.03,0.12,0.48
10669,NASCAR '14,PS3,2014,Racing,Deep Silver,0.09,0,0,0.01,0.1
15745,My Ballet Studio,DS,2009,Simulation,505 Games,0.01,0,0,0,0.02
10326,Attack of the Movies 3D,Wii,2010,Shooter,Majesco Entertainment,0.1,0,0,0.01,0.11
15738,Cookie & Cream,DS,2007,Platform,505 Games,0.01,0,0,0,0.02
7718,Prince of Persia: Warrior Within,GC,2004,Action,Ubisoft,0.15,0.04,0,0.01,0.2
11602,The Golf Club,PS4,2014,Sports,Unknown,0.05,0.02,0,0.01,0.08
14772,Clannad,X360,2008,Adventure,Prototype,0,0,0.03,0,0.03
2616,Dragon Quest Monsters 2,3DS,2014,Role-Playing,Square Enix,0,0,0.79,0,0.79
3064,Thrillville,PS2,2006,Strategy,Atari,0.55,0.02,0,0.09,0.66
9139,Eternal Poison,PS2,2008,Role-Playing,Banpresto,0.07,0.05,0,0.02,0.14
15196,Motto! SoniComi,PS3,2014,Simulation,Kadokawa Games,0,0,0.02,0,0.02
8713,Polaris SnoCross,PS,2000,Racing,Vatical Entertainment,0.09,0.06,0,0.01,0.16
6103,Tales of Phantasia,GBA,2003,Role-Playing,Nintendo,0.08,0.03,0.17,0.01,0.29
9522,Imagine: Fashion Designer,3DS,2011,Simulation,Ubisoft,0.1,0.02,0,0.01,0.13
6520,Hatsune Miku: Project Diva,PSP,2009,Misc,Sega,0,0,0.26,0,0.26
15793,Chou!! Super Nep League DS,DS,2008,Sports,Jaleco,0,0,0.02,0,0.02
6,Tetris,GB,1989,Puzzle,Nintendo,23.2,2.26,4.22,0.58,30.26
9603,DT Racer,PS2,2005,Racing,XS Games,0.06,0.05,0,0.02,0.13
3315,SimCity DS,DS,2007,Simulation,Electronic Arts,0.33,0.03,0.21,0.03,0.61
6105,F1 Race Stars,X360,2012,Racing,Codemasters,0.07,0.18,0,0.03,0.29
3164,Onimusha: Dawn of Dreams,PS2,2006,Action,Capcom,0.15,0.12,0.34,0.04,0.64
4972,Tomb Raider: Legend,X360,2006,Action,Eidos Interactive,0.27,0.08,0.01,0.03,0.39
11629,Dragon's Dogma Online,PS4,2015,Role-Playing,Capcom,0,0,0.08,0,0.08
1555,LEGO Batman: The Videogame,PS2,2008,Action,Warner Bros. Interactive Entertainment,0.72,0.03,0,0.52,1.27
12110,Alan Wake,PC,2012,Action,Nordic Games,0,0.06,0,0.01,0.07
12562,Genkai Tokki: Moero Crystal,PSV,2015,Role-Playing,Compile Heart,0,0,0.06,0,0.06
13317,Romance of the Three Kingdoms VI: Awakening of the Dragon,PS,1998,Strategy,Tecmo Koei,0.03,0.02,0,0,0.05
9520,Margot's Word Brain,Wii,2008,Puzzle,Zoo Digital Publishing,0.12,0,0,0.01,0.13
14272,River King: Mystic Valley (jp sales),DS,2007,Sports,Rising Star Games,0,0,0.03,0,0.03
5081,Harry Potter and the Prisoner of Azkaban,GC,2004,Action,Electronic Arts,0.29,0.08,0,0.01,0.38
2941,Disney's Chicken Little,GBA,2005,Platform,Disney Interactive Studios,0.5,0.18,0,0.01,0.7
6612,NHL 08,PS3,2007,Action,Electronic Arts,0.16,0.06,0,0.03,0.25
8823,NBA Street Homecourt,PS3,2007,Sports,Electronic Arts,0.12,0.02,0,0.02,0.15
13469,The Tale of Despereaux,Wii,2008,Platform,Brash Entertainment,0.04,0,0,0,0.04
9704,Guilty Gear X,PS2,2001,Fighting,Sammy Corporation,0.06,0.05,0,0.02,0.12
14571,Jack Keane,PC,2008,Adventure,Kalypso Media,0,0.02,0,0,0.03
15147,Overlord,PC,2007,Strategy,Codemasters,0,0.02,0,0,0.02
13648,Guilty Gear XX Accent Core,Wii,2007,Fighting,505 Games,0.03,0,0,0,0.04
10766,Ford Racing 3,DS,2005,Racing,Zoo Digital Publishing,0.09,0,0,0.01,0.1
9317,Tiger Woods PGA Tour 2005,GC,2004,Sports,Electronic Arts,0.1,0.03,0,0,0.14
8024,"The Chronicles of Narnia: The Lion, The Witch and The Wardrobe",DS,2005,Action,Disney Interactive Studios,0.15,0.02,0,0.01,0.18
14693,TV Total Events,Wii,2011,Misc,7G//AMES,0,0.02,0,0,0.03
4448,The Darkness,X360,2007,Shooter,Take-Two Interactive,0.36,0.04,0.01,0.04,0.44
15803,Pro Rally,GC,2002,Racing,Ubisoft,0.01,0,0,0,0.02
2486,Madden NFL 07,PSP,N/A,Sports,Unknown,0.77,0.03,0,0.04,0.83
9915,NPPL: Championship Paintball 2009,Wii,2008,Shooter,Activision Value,0.11,0,0,0.01,0.12
14832,River King: Wonderful Journey,PS2,2005,Sports,505 Games,0.01,0.01,0,0,0.03
14037,Obscure,XB,2004,Adventure,MC2 Entertainment,0.03,0.01,0,0,0.04
3668,SD Gundam G Generation Zero,PS,1999,Strategy,Namco Bandai Games,0,0,0.51,0.04,0.55
5886,Glory of Heracles,DS,2008,Role-Playing,Nintendo,0.2,0,0.08,0.01,0.3
6984,Hotel for Dogs,DS,2008,Simulation,505 Games,0.22,0,0,0.02,0.23
8019,The Walking Dead: Season One,PSV,2013,Adventure,Square Enix,0.14,0,0.01,0.03,0.18
4207,Super Momotarou Dentetsu DX,SNES,1995,Misc,Hudson Soft,0,0,0.47,0,0.47
11097,Zoids Assault,X360,2007,Strategy,Takara Tomy,0.08,0,0,0.01,0.09
3288,NHL 16,PS4,2015,Sports,Electronic Arts,0.35,0.15,0,0.11,0.61
6640,Evil Zone,PS,1998,Fighting,Titus,0.14,0.1,0,0.02,0.25
1206,Ni no Kuni: Wrath of the White Witch,PS3,2011,Role-Playing,Namco Bandai Games,0.6,0.51,0.21,0.23,1.55
6019,CSI: Deadly Intent,Wii,2009,Adventure,Ubisoft,0.13,0.13,0,0.03,0.29
213,LEGO Star Wars: The Complete Saga,DS,2007,Action,LucasArts,2.89,1.54,0,0.46,4.9
2594,Capcom's Soccer Shootout,SNES,1993,Sports,Nintendo,0,0,0.8,0,0.8
2040,Disney Infinity 2.0: Marvel Super Heroes,PS3,2014,Action,Disney Interactive Studios,0.44,0.4,0,0.17,1.02
5084,Solaris,2600,1986,Shooter,Atari,0.35,0.02,0,0,0.37
1880,BeatMania,PS,1998,Simulation,Konami Digital Entertainment,0,0,1.07,0.02,1.09
13122,Arx Fatalis,XB,2003,Role-Playing,Mindscape,0.04,0.01,0,0,0.05
5289,Fossil Fighters: Frontier,3DS,2014,Role-Playing,Nintendo,0.08,0.04,0.23,0.01,0.35
4151,NBA Live 99,N64,1998,Sports,Electronic Arts,0.45,0.02,0,0,0.47
16276,Battlestations: Midway,PC,2007,Strategy,Eidos Interactive,0,0.01,0,0,0.01
3578,Hotel Dusk: Room 215,DS,2007,Adventure,Nintendo,0.27,0.05,0.22,0.03,0.56
7825,Jikkyou Powerful Pro Yakyuu '96 Kaimakuban,SNES,1996,Sports,Konami Digital Entertainment,0,0,0.19,0,0.19
2924,Chocobo's Dungeon 2,PS,1998,Role-Playing,SquareSoft,0.04,0.03,0.58,0.05,0.7
7176,Hamtaro: Ham-Ham Games,GBA,2004,Sports,Nintendo,0.16,0.06,0,0,0.22
11188,PAC-MAN and the Ghostly Adventures,PS3,2013,Platform,Namco Bandai Games,0.03,0.04,0,0.01,0.09
15964,Farming Simulator 2014,PSV,2014,Simulation,Focus Home Interactive,0.01,0,0,0,0.02
9934,Mobil 1 Rally Championship,PS,2000,Racing,Electronic Arts,0.07,0.04,0,0.01,0.12
16349,Dinotopia: The Sunstone Odyssey,XB,2003,Action,TDK Mediactive,0.01,0,0,0,0.01
2797,Dragon Ball Z: Ultime Menace,SNES,1993,Fighting,Namco Bandai Games,0,0,0.73,0,0.73
1372,Injustice: Gods Among Us,X360,2013,Fighting,Warner Bros. Interactive Entertainment,0.97,0.34,0,0.11,1.41
2009,LEGO Marvel Super Heroes,XOne,2013,Action,Warner Bros. Interactive Entertainment,0.61,0.34,0,0.09,1.04
2788,WarioWare: Twisted!,GBA,N/A,Puzzle,Unknown,0.16,0.06,0.5,0.02,0.74
4721,Up,PSP,2009,Action,THQ,0.24,0.1,0,0.07,0.41
7888,Valhalla Knights 3,PSV,2013,Role-Playing,Xseed Games,0.04,0.01,0.12,0.01,0.19
2538,Tales of Destiny II,PS,2000,Role-Playing,Namco Bandai Games,0.06,0.04,0.66,0.05,0.81
2330,Blitz: The League,PS2,2005,Sports,Unknown,0.74,0.03,0,0.12,0.89
3190,F1 2013,PS3,2013,Racing,Codemasters,0.01,0.45,0.03,0.15,0.63
1890,Sonic & Sega All-Stars Racing,DS,2010,Racing,Sega,0.44,0.54,0,0.11,1.09
5316,Saban's Power Rangers: Lightspeed Rescue,PS,2000,Action,THQ,0.19,0.13,0,0.02,0.35
13916,Art of Fighting 3: The Path of the Warrior,NG,1996,Fighting,SNK,0,0,0.04,0,0.04
1134,Just Cause 2,X360,2010,Action,Square Enix,0.59,0.85,0.02,0.17,1.62
13165,Active Life: Magical Carnival,Wii,2011,Misc,Namco Bandai Games,0.04,0.01,0,0,0.05
7203,Aliens vs Predator: Requiem,PSP,2007,Action,Vivendi Games,0.03,0.12,0,0.07,0.22
3635,Metal Gear Solid 3: Subsistence,PS2,2005,Action,Konami Digital Entertainment,0.34,0.01,0.15,0.06,0.55
9016,Shining Force CD,SCD,1994,Strategy,Sega,0,0,0.14,0,0.14
14500,N+,PSP,2007,Platform,Atari,0.03,0,0,0,0.03
15186,Maximum Capacity: Hotel Giant,PC,2002,Strategy,JoWood Productions,0,0.02,0,0,0.02
10881,MLB SlugFest 20-04,XB,2003,Sports,Midway Games,0.07,0.02,0,0,0.09
14665,Ganbare Goemon: Toukai Douchuu Ooedo Tengurigaeshi no Maki,DS,2005,Action,Konami Digital Entertainment,0,0,0.03,0,0.03
385,Borderlands,X360,2009,Shooter,Take-Two Interactive,2.39,0.73,0.03,0.29,3.44
83,FIFA Soccer 13,PS3,2012,Action,Electronic Arts,1.06,5.05,0.13,2.01,8.24
13575,Blood Will Tell: Tezuka Osamu's Dororo,PS2,2004,Adventure,Sega,0.02,0.02,0,0.01,0.04
475,World Soccer Winning Eleven 6 International,PS2,2002,Sports,Konami Digital Entertainment,0.12,1.26,1.16,0.45,2.99
2962,One Piece: Pirate Warriors 2,PS3,2013,Action,Namco Bandai Games,0,0.2,0.42,0.07,0.69
8097,LEGO Marvel Super Heroes,PC,2013,Action,Warner Bros. Interactive Entertainment,0.04,0.12,0,0.02,0.18
12392,Atelier Iris 2: The Azoth Of Destiny,PS2,2005,Role-Playing,Tecmo Koei,0.03,0.02,0,0.01,0.06
14067,Mahjong 300,DS,2011,Puzzle,Avanquest,0,0.03,0,0,0.04
12137,Yoostar on MTV,X360,N/A,Misc,Unknown,0.06,0,0,0,0.07
9577,Spartan: Total Warrior,XB,2005,Action,Sega,0.1,0.03,0,0,0.13
7379,Rayman Raving Rabbids,X360,2007,Misc,Ubisoft,0.18,0.01,0,0.02,0.21
15348,Casper's Scare School: Spooky Sports Day,Wii,2009,Sports,Blast! Entertainment Ltd,0.02,0,0,0,0.02
2666,Air Raid,2600,1981,Action,Men-A-Vision,0.72,0.04,0,0.01,0.77
15343,Toki no Kizuna: Hanayui Tsuzuri,PSP,2013,Adventure,Idea Factory,0,0,0.02,0,0.02
8605,Rapala Pro Fishing,XB,2004,Sports,Zoo Digital Publishing,0.12,0.03,0,0.01,0.16
13184,"Lupin III: Lupin ni wa Shi o, Zenigata ni wa Koi o",PS2,2007,Adventure,505 Games,0,0,0.05,0,0.05
9824,Conception II: Children of the Seven Stars,3DS,2013,Role-Playing,Screenlife,0.09,0,0.03,0.01,0.12
10081,Digimon World DS,DS,2006,Role-Playing,Namco Bandai Games,0.1,0,0,0.01,0.11
10331,Transformer: Rise of the Dark Spark,XOne,2014,Action,Activision,0.06,0.03,0,0.01,0.11
405,Ratchet & Clank,PS2,2002,Platform,Sony Computer Entertainment,1.44,1.01,0.57,0.3,3.33
15551,Wild West Shootout,Wii,2010,Shooter,Unknown,0.01,0.01,0,0,0.02
12639,Quiz! Hexagon II,DS,2010,Misc,Namco Bandai Games,0,0,0.06,0,0.06
5714,Madden NFL 2004,GBA,2003,Sports,Electronic Arts,0.22,0.08,0,0.01,0.31
15397,Anima - Gate of Memories,PS4,2016,Action,Avanquest,0,0.02,0,0,0.02
6410,Megamind: The Blue Defender,DS,2010,Adventure,THQ,0.19,0.05,0,0.02,0.27
4419,Disney Infinity 3.0,X360,2015,Action,Disney Interactive Studios,0.19,0.21,0,0.04,0.44
11574,Evolution Worlds,GC,2002,Role-Playing,Ubisoft,0.06,0.02,0,0,0.08
6665,Bomberman Tournament,GBA,2001,Puzzle,Activision,0.1,0.04,0.1,0.01,0.25
2197,The Tomb Raider Trilogy,PS3,2011,Action,Square Enix,0.27,0.5,0,0.17,0.94
11825,The King of Fighters Collection: The Orochi Saga,PSP,2008,Fighting,Ignition Entertainment,0.07,0,0,0,0.07
6503,Minute to Win It,Wii,2010,Misc,Zoo Games,0.25,0,0,0.02,0.26
10703,Nancy Drew: The Model Mysteries,DS,2010,Puzzle,THQ,0.09,0,0,0.01,0.1
10144,Virtua Fighter CG Portrait Series Vol.1: Sarah Bryant,SAT,1995,Misc,Sega,0,0,0.11,0,0.11
7261,Pinball Hall of Fame: The Williams Collection,PS3,2009,Misc,Crave Entertainment,0.2,0,0,0.02,0.22
1318,Diablo III,X360,2013,Role-Playing,Activision,0.89,0.44,0,0.12,1.45
11081,Mystic Heroes,GC,2002,Action,Tecmo Koei,0.03,0.01,0.04,0,0.09
5686,Shrek the Third,PSP,2007,Action,Activision,0.08,0.15,0,0.09,0.32
14267,Combat Mission: Shock Force,PC,2007,Strategy,Paradox Interactive,0,0.03,0,0.01,0.03
8486,Lufia: Curse of the Sinistrals,DS,2010,Role-Playing,Square Enix,0.12,0,0.03,0.01,0.16
8603,Sherlock Holmes vs. Jack the Ripper,X360,2009,Adventure,Focus Home Interactive,0.11,0.04,0,0.01,0.16
1032,Crash Bandicoot: The Huge Adventure,GBA,2002,Platform,Universal Interactive,0.95,0.7,0,0.08,1.73
13668,Little Busters! Converted Edition,PSP,2010,Adventure,Prototype,0,0,0.04,0,0.04
7380,Viewtiful Joe 2,PS2,2004,Action,Capcom,0.1,0.08,0,0.03,0.21
8270,Ice Age: Dawn of the Dinosaurs,PS2,2009,Action,Activision,0.08,0.07,0,0.02,0.17
11430,Nobunaga's Ambition: Rise to Power,PS2,2004,Strategy,Tecmo Koei,0,0,0.08,0,0.08
9003,Deception IV: Blood Ties,PSV,2014,Action,Tecmo Koei,0.03,0.03,0.07,0.02,0.14
4253,SingStar Amped,PS2,2007,Misc,Sony Computer Entertainment,0.23,0.18,0,0.06,0.46
5661,Riven: The Sequel to Myst,PS,1997,Adventure,Acclaim Entertainment,0.18,0.12,0,0.02,0.32
12968,Code Lyoko,DS,2007,Action,Game Factory,0.03,0.01,0,0,0.05
1354,Triple Play 2000,PS,1999,Sports,Electronic Arts,0.79,0.54,0,0.09,1.43
15184,Muppets Party Cruise,GC,2003,Misc,TDK Mediactive,0.02,0,0,0,0.02
8685,Halo Triple Pack,XB,2005,Shooter,Microsoft Game Studios,0.12,0.03,0,0.01,0.16
4864,Armored Core V,PS3,2012,Simulation,Namco Bandai Games,0.09,0.04,0.24,0.02,0.4
12588,Hi Hi Puffy AmiYumi: Kaznapped,GBA,2005,Action,D3Publisher,0.04,0.02,0,0,0.06
8310,Tak: The Great Juju Challenge,GBA,2005,Platform,THQ,0.12,0.05,0,0,0.17
10416,SimCity 2000,GBA,2003,Simulation,Zoo Digital Publishing,0.08,0.03,0,0,0.11
16374,S.Y.K: Shinsetsu Saiyuuki Portable,PSP,2010,Adventure,Idea Factory,0,0,0.01,0,0.01
511,Yoshi's Story,N64,1997,Platform,Nintendo,1.29,0.53,0.98,0.05,2.85
4228,The Legend of Spyro: Dawn of the Dragon,DS,2008,Platform,Vivendi Games,0.26,0.15,0,0.05,0.46
4688,Sega Rally Championship 2,DC,1999,Racing,Sega,0,0,0.41,0,0.41
6174,Army of Two: The Devil's Cartel,PS3,2013,Shooter,Electronic Arts,0.11,0.11,0.01,0.05,0.28
2132,NCAA Football 06,XB,2005,Sports,Electronic Arts,0.73,0.21,0,0.03,0.97
13718,World Series Baseball,SAT,1994,Sports,Sega,0,0,0.04,0,0.04
1562,Hogan's Alley,NES,1984,Shooter,Nintendo,0.68,0.16,0.41,0.02,1.27
376,Batman: Arkham Asylum,X360,2009,Action,Eidos Interactive,2.2,0.97,0.02,0.31,3.5
4801,Taiko no Tatsujin Wii: Dodon to 2 Yome!,Wii,2009,Misc,Namco Bandai Games,0,0,0.4,0,0.4
16446,Heart no Kuni no Alice: Wonderful Twin World,PSP,2014,Adventure,Quinrose,0,0,0.01,0,0.01
5474,Family Party: 90 Great Games Party Pack,Wii,2010,Misc,D3Publisher,0.31,0,0,0.02,0.33
3919,WWE SmackDown vs. RAW 2007,X360,2006,Fighting,THQ,0.44,0.03,0,0.04,0.51
14415,Mother Goose no Himitsu no Yakata,PSP,2011,Adventure,Quinrose,0,0,0.03,0,0.03
7828,Tom Clancy's Splinter Cell: Blacklist,PC,2013,Action,Ubisoft,0.04,0.13,0,0.03,0.19
14194,Electroplankton,DS,2005,Misc,Nintendo,0.01,0,0.02,0,0.03
8984,Boktai: The Sun is in Your Hand,GBA,2003,Role-Playing,Konami Digital Entertainment,0.1,0.04,0,0,0.15
917,Hot Shots Golf 2,PS,1999,Sports,Sony Computer Entertainment,0.25,0.12,1.48,0.03,1.88
2707,Tony Hawk's Pro Skater 2,N64,2001,Sports,Activision,0.59,0.16,0,0.01,0.76
3373,Scribblenauts: Unlimited,3DS,2012,Action,Warner Bros. Interactive Entertainment,0.55,0.01,0,0.04,0.6
13112,Blues Brothers 2000,N64,2000,Platform,Virgin Interactive,0.04,0.01,0,0,0.05
13091,Virtua Fighter CG Portrait Series Vol.5: Wolf Hawkfield,SAT,1995,Misc,Sega,0,0,0.05,0,0.05
852,Mortal Kombat vs. DC Universe,PS3,2008,Fighting,Midway Games,1.48,0.3,0,0.22,2
12862,"Murder, She Wrote",PC,2009,Adventure,Focus Home Interactive,0,0.04,0,0.01,0.05
11032,Astro Boy: Omega Factor,GBA,2003,Action,THQ,0.06,0.02,0,0,0.09
6632,Hatsune Miku: Project Diva F 2nd,PS3,2014,Misc,Sega,0.09,0.04,0.1,0.03,0.25
15564,Lovely x Cation 1 & 2,PSV,2015,Action,5pb,0,0,0.02,0,0.02
5933,Power Pro Kun Pocket 6,GBA,2003,Sports,Konami Digital Entertainment,0,0,0.29,0.01,0.3
11325,Charm Girls Club: My Fashion Show,DS,N/A,Simulation,Unknown,0.08,0,0,0.01,0.08
3820,NASCAR 2000,N64,1999,Racing,Electronic Arts,0.49,0.03,0,0,0.53
14708,Disney Sports Soccer,GBA,2002,Sports,Konami Digital Entertainment,0.02,0.01,0,0,0.03
9705,Deadliest Catch: Sea of Chaos,Wii,2010,Sports,Crave Entertainment,0.12,0,0,0.01,0.12
11382,Pimp My Ride: Street Racing,PS2,2009,Racing,Activision,0.04,0.03,0,0.01,0.08
5744,Armored Core: Silent Line,PS2,2003,Simulation,Agetec,0.07,0.06,0.16,0.02,0.31
13970,C.O.R.E.,DS,2009,Shooter,Graffiti,0.03,0,0,0,0.04
16412,"Element Girl: Love, Fashion and Friends",DS,2008,Adventure,DTP Entertainment,0,0.01,0,0,0.01
10004,Cabela's Deer Hunt 2005 Season,XB,2004,Sports,Activision,0.09,0.02,0,0,0.11
13271,Ship Simulator Extremes,PC,2010,Simulation,Paradox Interactive,0,0.04,0,0.01,0.05
15816,Achtung Panzer: Kharkov 1943,PC,2010,Strategy,Mamba Games,0,0.01,0,0,0.02
6805,Namco Tennis Smash Court,PS,1995,Sports,Sony Computer Entertainment,0,0,0.23,0.02,0.24
2974,Plants vs. Zombies: Garden Warfare,XOne,2014,Shooter,Electronic Arts,0.39,0.23,0,0.06,0.68
10885,Bleach: Heat the Soul,PSP,2005,Fighting,Sony Computer Entertainment,0,0,0.09,0,0.09
11563,Indycar Series 2005,XB,2004,Action,Codemasters,0.06,0.02,0,0,0.08
5907,John Deere: Harvest in the Heartland,DS,2007,Simulation,Ubisoft,0.23,0.04,0,0.02,0.3
9237,PaRappa The Rapper,PSP,2006,Misc,Sony Computer Entertainment,0.1,0,0.02,0.01,0.14
9154,Micro Machines 64 Turbo,N64,1999,Racing,Codemasters,0.11,0.03,0,0,0.14
10193,Kouchuu Ouja Mushi King: Super Collection,DS,2007,Action,Sega,0,0,0.11,0,0.11
1701,Spider-Man: The Movie,GC,2002,Action,Activision,0.86,0.27,0.01,0.04,1.19
15611,Kong: The Animated Series,GBA,2002,Action,BAM! Entertainment,0.01,0,0,0,0.02
3866,Front Mission 3,PS,1999,Strategy,SquareSoft,0.1,0.07,0.31,0.03,0.52
7548,Jillian Michaels' Fitness Adventure,X360,2011,Misc,505 Games,0.17,0.02,0,0.01,0.2
15178,Doki Majo Plus,DS,2009,Adventure,SNK Playmore,0,0,0.02,0,0.02
12847,Lernerfolg Vorschule: Capt'n Sharky,DS,2009,Misc,Tivola,0,0.05,0,0.01,0.05
5842,NES Remix,WiiU,2014,Action,Nintendo,0.2,0,0.08,0.02,0.3
1374,Disney's The Lion King,GEN,1994,Platform,Virgin Interactive,0.97,0.37,0.03,0.05,1.41
9521,Spider-Man: Battle for New York,DS,2006,Platform,Activision,0.12,0,0,0.01,0.13
6728,Dynasty Warriors 6,PS2,2008,Action,Tecmo Koei,0.12,0.09,0,0.03,0.25
4450,Ms. Pac-Man Maze Madness,PS,2000,Puzzle,Namco Bandai Games,0.25,0.17,0,0.03,0.44
8925,Baseball Blast!,Wii,2009,Sports,Take-Two Interactive,0.14,0,0,0.01,0.15
3037,Minecraft: Story Mode,PS4,2015,Adventure,Mojang,0.23,0.33,0,0.11,0.67
13906,Saints Row 2,PC,2009,Action,THQ,0,0.03,0,0.01,0.04
14185,MX vs. ATV Supercross,PS3,2014,Racing,Nordic Games,0.02,0.01,0,0.01,0.03
3417,Dead or Alive Xtreme Beach Volleyball,XB,2003,Sports,Microsoft Game Studios,0.36,0.08,0.14,0.02,0.59
4340,NCAA Gamebreaker 99,PS,1998,Sports,989 Studios,0.25,0.17,0,0.03,0.45
13801,Sacred Blaze,PS2,2009,Strategy,Flight-Plan,0,0,0.04,0,0.04
9595,TOCA Race Driver 2: Ultimate Racing Simulator,XB,2004,Racing,Codemasters,0.09,0.03,0,0,0.13
10472,Who Wants to Be a Millionaire: 3rd Edition,Wii,2010,Misc,Ubisoft,0.1,0,0,0.01,0.1
8825,The Cursed Crusade,X360,2011,Action,DTP Entertainment,0.08,0.05,0,0.01,0.15
11006,Quiz Magic Academy DS: Futatsu no Jikuu Koku,DS,2010,Misc,Konami Digital Entertainment,0,0,0.09,0,0.09
5102,Major League Baseball 2K6,X360,2006,Sports,Spike,0.34,0,0,0.03,0.37
185,Super Mario Land 3: Wario Land,GB,1994,Platform,Nintendo,2.49,0.98,1.57,0.15,5.19
2401,Scooby-Doo! First Frights,DS,2009,Action,Warner Bros. Interactive Entertainment,0.63,0.17,0,0.07,0.87
4859,Condemned 2: Bloodshot,PS3,2008,Action,Sega,0.17,0.16,0,0.07,0.4
1989,The Simpsons Game,X360,2007,Action,Electronic Arts,0.54,0.4,0,0.11,1.05
11682,Fate/Tiger Colosseum,PSP,2007,Fighting,Capcom,0,0,0.08,0,0.08
15748,LEGO Star Wars II: The Original Trilogy,PC,2006,Action,Activision,0,0.01,0,0,0.02
13103,Jim Henson's Muppets in Spy Muppets: License to Croak,GBA,2003,Action,TDK Mediactive,0.04,0.01,0,0,0.05
2813,NCAA Football 07,X360,2006,Sports,Electronic Arts,0.67,0,0,0.06,0.73
14326,Tork: Prehistoric Punk,XB,2005,Platform,Microsoft Game Studios,0.02,0.01,0,0,0.03
7617,Famista 64,N64,N/A,Sports,Namco Bandai Games,0,0,0.17,0.03,0.2
14255,Jewel Master: Cradle of Rome,Wii,2008,Puzzle,Rondomedia,0.03,0,0,0,0.03
3073,Street Fighter Anniversary Collection,PS2,2004,Fighting,Capcom,0.32,0.25,0,0.08,0.66
10610,NFL Tour,X360,2008,Sports,Electronic Arts,0.09,0,0,0.01,0.1
10064,My SAT Coach with The Princeton Review,DS,2008,Misc,Ubisoft,0.1,0,0,0.01,0.11
10349,Tom Clancy's Splinter Cell: Conviction,PC,2010,Action,Ubisoft,0,0.08,0,0.02,0.11
6472,MLB SlugFest 2006,PS2,2006,Sports,Midway Games,0.13,0.1,0,0.03,0.26
5537,Sakura Wars 3: Paris wa Moeteiru ka,DC,2001,Adventure,Sega,0,0,0.33,0,0.33
15146,IL-2 Sturmovik: Forgotten Battles,PC,2003,Simulation,Ubisoft,0,0.02,0,0,0.02
11690,R: Racing Evolution,GC,2003,Racing,Namco Bandai Games,0.06,0.02,0,0,0.08
8661,"BCFX: The Black College Football Xperience, The Doug Williams Edition",X360,2009,Sports,Aspyr,0.15,0,0,0.01,0.16
15510,Sengoku Basara: Sanada Yukimura-Den,PS3,2016,Action,Capcom,0,0,0.02,0,0.02
9158,Eternal Eyes,PS,1999,Role-Playing,Sunsoft,0.08,0.05,0,0.01,0.14
5829,Alien: Isolation,X360,2014,Shooter,Sega,0.15,0.13,0,0.03,0.3
16274,The Humans: Meet the Ancestors!,DS,2009,Puzzle,Deep Silver,0.01,0,0,0,0.01
10061,"Sakura Wars: So Long, My Love",Wii,2010,Role-Playing,Ackkstudios,0.06,0.04,0,0.01,0.11
1446,Mortal Kombat X,XOne,2015,Fighting,Warner Bros. Interactive Entertainment,1,0.21,0,0.13,1.35
8234,Back to the Future: The Game,PS4,2015,Adventure,Telltale Games,0.1,0.04,0,0.03,0.17
10825,Jaws: Ultimate Predator,Wii,2011,Action,Majesco Entertainment,0.09,0,0,0.01,0.09
9267,The X-Factor,PS3,2010,Misc,Deep Silver,0,0.1,0,0.03,0.14
6230,Pinkalicious,DS,2011,Misc,GameMill Entertainment,0.26,0,0,0.02,0.28
1626,Donkey Kong Country 2,GBA,2004,Platform,Nintendo,0.79,0.27,0.12,0.04,1.23
10055,Taiko Drum Master: Tokumori!,WiiU,2014,Misc,Namco Bandai Games,0,0,0.11,0,0.11
3270,WWE SmackDown vs. Raw 2010,PSP,2009,Fighting,THQ,0.25,0.23,0,0.14,0.62
6158,Yu-Gi-Oh! World Championship 2008,DS,2007,Strategy,Konami Digital Entertainment,0.13,0.02,0.12,0.01,0.28
9926,Deception IV: Blood Ties,PS3,2014,Action,Tecmo Koei,0.02,0.02,0.06,0.01,0.12
14657,Totally Spies! Totally Party,PC,2008,Misc,Ubisoft,0,0.02,0,0,0.03
489,Pac-Man Collection,GBA,2001,Puzzle,Atari,2.07,0.77,0.05,0.05,2.94
8878,Candace Kane's Candy Factory,Wii,2008,Action,Destineer,0.14,0,0,0.01,0.15
12784,MX vs. ATV Supercross Encore,PS4,2015,Sports,Nordic Games,0,0.05,0,0.01,0.06
7150,Deadly Duck,2600,1981,Shooter,20th Century Fox Video Games,0.21,0.01,0,0,0.22
9313,Top Shot Arcade,Wii,2011,Shooter,Activision,0.13,0,0,0.01,0.14
9730,Lemony Snicket's A Series of Unfortunate Events,XB,2004,Platform,Activision,0.09,0.03,0,0,0.12
8026,Naruto Shippuden: Dragon Blade Chronicles,Wii,2009,Action,505 Games,0.11,0.02,0.05,0.01,0.18
3359,Puyo Puyo Sun,SAT,1997,Puzzle,Compile,0,0,0.6,0,0.6
14235,Emma at the Farm,DS,2008,Adventure,Aspyr,0.03,0,0,0,0.03
14233,Gaia Saver Hero Saidai no Sakusen,SNES,1994,Role-Playing,Banpresto,0,0,0.03,0,0.03
6013,Disney Channel: All Star Party,Wii,2010,Misc,Disney Interactive Studios,0.18,0.08,0,0.02,0.29
4037,Ultimate I Spy,Wii,2008,Adventure,Scholastic Inc.,0.45,0,0,0.03,0.49
3727,Let's Draw!,DS,2008,Misc,Ubisoft,0.24,0.23,0,0.06,0.54
3381,The Fight: Lights Out,PS3,2010,Fighting,Sony Computer Entertainment,0.29,0.22,0,0.09,0.6
8554,Jikkyou Powerful Pro Yakyuu 3 '97 Haru,SNES,1997,Sports,Konami Digital Entertainment,0,0,0.16,0,0.16
618,Rockstar Games Double Pack: Grand Theft Auto III & Grand Theft Auto Vice City,XB,2003,Action,Take-Two Interactive,1.84,0.56,0,0.09,2.49
8751,NCAA Football 2004,GC,2003,Sports,Electronic Arts,0.12,0.03,0,0,0.15
14092,Greg Hastings Paintball 2,PS3,2010,Shooter,Majesco Entertainment,0.03,0,0,0,0.04
3053,Pro Pinball: Big Race USA,PS,1999,Simulation,Take-Two Interactive,0.37,0.25,0,0.04,0.66
8086,Dengeki Bunko Fighting Climax,PSV,2014,Fighting,Sega,0.08,0,0.07,0.03,0.18
4181,Virtua Tennis 4: World Tour,PSV,2011,Sports,Sega,0.05,0.3,0.01,0.12,0.47
10989,Disney's The Haunted Mansion,XB,2003,Platform,Take-Two Interactive,0.07,0.02,0,0,0.09
10321,Hitman Trilogy,PS2,2007,Action,Eidos Interactive,0.05,0.04,0,0.01,0.11
4414,Jampack Volume 13 (RP-M),PS2,2005,Misc,Sony Computer Entertainment,0.37,0.01,0,0.06,0.44
12372,Samurai Shodown Anthology,Wii,2008,Fighting,Ignition Entertainment,0.06,0,0,0,0.06
585,NBA 2K12,X360,2011,Sports,Take-Two Interactive,2.31,0.14,0.01,0.16,2.62
8380,SSX On Tour,GC,2005,Sports,Electronic Arts,0.13,0.03,0,0,0.17
11364,Deadliest Catch: Sea of Chaos,PS3,2010,Sports,Crave Entertainment,0.08,0,0,0.01,0.08
21,Pokemon Diamond/Pokemon Pearl,DS,2006,Role-Playing,Nintendo,6.42,4.52,6.04,1.37,18.36
1101,Street Fighter II': Special Champion Edition,GEN,1992,Fighting,Sega,1,0.3,0.31,0.04,1.66
9975,Yattaman DS: BikkuriDokkiri Daisakusen da Koron,DS,2008,Action,Takara Tomy,0,0,0.12,0,0.12
10551,Monkey Mischief! Party Time,Wii,2008,Misc,Activision,0.09,0,0,0.01,0.1
3047,Phoenix Wright: Ace Attorney - Trials and Tribulations,DS,2007,Adventure,Capcom,0.33,0.05,0.25,0.04,0.67
13782,Fisherman's Challenge,PS2,2003,Sports,Konami Digital Entertainment,0.02,0.02,0,0.01,0.04
1922,Imagine: Fashion Designer New York,DS,2008,Simulation,Ubisoft,0.65,0.32,0,0.1,1.07
11390,The Sims 2: Ikea Home Stuff,PC,2008,Simulation,Electronic Arts,0,0.07,0,0.02,0.08
14811,Super Monkey Ball Adventure,PS2,2006,Platform,Sega,0.01,0.01,0,0,0.03
3311,Duke Nukem: Total Meltdown,PS,1997,Shooter,GT Interactive,0.34,0.23,0,0.04,0.61
8425,"Go, Diego, Go! Safari Rescue",DS,2007,Adventure,Take-Two Interactive,0.15,0.01,0,0.01,0.17
10796,Johnny Bravo in The Hukka-Mega-Mighty-Ultra-Extreme Date-O-Rama,DS,2009,Action,Blast! Entertainment Ltd,0.09,0,0,0.01,0.1
13656,Watashi no Relaxuma,DS,2007,Simulation,Rocket Company,0,0,0.04,0,0.04
7288,Jackie Chan: Stuntmaster,PS,1999,Action,Sony Computer Entertainment,0.12,0.08,0,0.01,0.22
16171,Wallace & Gromit: Curse of the Were-Rabbit,XB,2005,Adventure,Konami Digital Entertainment,0.01,0,0,0,0.01
3838,Star Wars Battlefront: Elite Squadron,DS,2009,Shooter,LucasArts,0.44,0.04,0,0.04,0.52
2190,Evolve,PS4,2015,Shooter,Take-Two Interactive,0.35,0.41,0.05,0.15,0.95
10056,Growlanser Generations,PS2,2003,Role-Playing,Atlus,0.06,0.04,0,0.01,0.11
1622,Kirby Tilt 'n' Tumble,GB,2000,Puzzle,Nintendo,0.29,0.17,0.75,0.02,1.23
15590,Gakken DS: Shin TOEIC Test Kanzen Kouryaku,DS,2007,Misc,Gakken,0,0,0.02,0,0.02
2534,Disney's The Little Mermaid: Ariel's Undersea Adventure,DS,2006,Action,Disney Interactive Studios,0.73,0.03,0,0.06,0.81
14447,Kokoro no Kokoron,DS,2011,Misc,Namco Bandai Games,0,0,0.03,0,0.03
13101,Suzuki Super-Bikes II: Riding Challenge,DS,2008,Racing,Valcon Games,0.05,0,0,0,0.05
16119,Tears to Tiara: Kakan no Daichi Portable,PSP,2010,Adventure,Aqua Plus,0,0,0.01,0,0.01
6749,Fuel,PS3,2009,Racing,Codemasters,0.08,0.12,0,0.05,0.25
3743,World Soccer Winning Eleven 7 International (JP version),PS2,2004,Sports,Konami Digital Entertainment,0,0,0.54,0,0.54
12713,Chaos Rings III,PSV,2014,Role-Playing,Square Enix,0,0,0.06,0,0.06
1655,Call of Duty: Finest Hour,XB,2004,Shooter,Activision,0.78,0.4,0,0.04,1.21
4022,Resident Evil: The Mercenaries 3D,3DS,2011,Action,Capcom,0.16,0.17,0.13,0.03,0.49
4617,Solitaire Overload,DS,2007,Misc,Telegames,0.39,0,0,0.03,0.42
16248,FlatOut: Ultimate Carnage,PC,2008,Racing,Empire Interactive,0,0.01,0,0,0.01
5409,Bookworm,DS,2009,Puzzle,PopCap Games,0.31,0.01,0,0.02,0.34
14988,Diabolik Lovers: Vandead Carnival,PSV,2014,Action,Idea Factory,0,0,0.02,0,0.02
14560,BeatMania IIDX 15: DJ Troopers,PS2,2008,Simulation,Konami Digital Entertainment,0,0,0.03,0,0.03
286,Street Fighter II Turbo,SNES,1992,Fighting,Capcom,1.42,0.51,2.1,0.07,4.1
527,Yoshi's Island DS,DS,2006,Platform,Nintendo,1.47,0.07,1.1,0.15,2.8
3117,Centipede,PS,1998,Shooter,Atari,0.36,0.25,0,0.04,0.65
3613,Major League Baseball 2K5,XB,2005,Sports,Take-Two Interactive,0.52,0.02,0,0.02,0.56
10695,Predator: Concrete Jungle,XB,2005,Action,Vivendi Games,0.07,0.02,0,0,0.1
9096,Hitman: Blood Money,XB,2006,Action,Eidos Interactive,0.11,0.03,0,0.01,0.14
15500,Army Rescue,Wii,2009,Shooter,UFO Interactive,0.02,0,0,0,0.02
14559,Blue Breaker: Ken Yorimo Hohoemi o,PCFX,1996,Role-Playing,NEC,0,0,0.03,0,0.03
8087,Battle Commander: Hachibushu Shura no Heihou,SNES,1991,Strategy,Banpresto,0,0,0.18,0,0.18
4134,Dynasty Warriors Gundam,PS3,2007,Action,Tecmo Koei,0.14,0.01,0.31,0.02,0.48
8136,FIFA 16,PC,2015,Sports,Electronic Arts,0.04,0.13,0,0.01,0.18
13538,Gem Smashers,3DS,2011,Platform,Crave Entertainment,0.04,0,0,0,0.04
8940,F1 2011,PSV,2011,Racing,Codemasters,0.03,0.08,0.01,0.03,0.15
5178,High Heat Major League Baseball 2004,PS2,2003,Sports,3DO,0.18,0.14,0,0.05,0.36
4739,Green Day: Rock Band,X360,2010,Misc,MTV Games,0.24,0.13,0,0.04,0.41
7439,J-League Winning Eleven 10 + Europa League 06-07,PS2,2006,Sports,Konami Digital Entertainment,0,0,0.21,0,0.21
11466,Wolfenstein: The Old Blood,PC,2015,Action,Bethesda Softworks,0,0.08,0,0,0.08
3124,Mary-Kate and Ashley: Magical Mystery Mall,PS,2000,Adventure,Acclaim Entertainment,0.36,0.24,0,0.04,0.65
10812,Mystery Stories: Curse of the Ancient Spirits,DS,2011,Adventure,GSP,0.05,0.04,0,0.01,0.1
11194,Invasion From Beyond,PS,1998,Shooter,GT Interactive,0.05,0.03,0,0.01,0.09
2844,Jampack Winter 2001,PS2,2001,Misc,Sony Computer Entertainment,0.35,0.28,0,0.09,0.72
12498,Remember Me,PC,2013,Action,Capcom,0,0.05,0,0.01,0.06
1519,Saints Row IV,PS3,2013,Action,Deep Silver,0.56,0.44,0.09,0.21,1.3
14913,Monster Mayhem: Build and Battle,DS,2009,Simulation,Zushi Games,0.02,0,0,0,0.02
10455,Gallop Racer 2006,PS2,2005,Sports,Tecmo Koei,0.02,0.02,0.06,0.01,0.1
4123,Two Worlds II,PS3,2011,Role-Playing,Unknown,0.26,0.11,0.06,0.05,0.48
7777,Rio,Wii,2011,Misc,THQ,0.14,0.04,0,0.01,0.19
13868,Ballistic,PS,1999,Puzzle,Atari,0.02,0.01,0,0,0.04
2495,NCAA Football 12,PS3,2011,Sports,Electronic Arts,0.78,0,0,0.05,0.83
13080,Monster 4x4: Masters of Metal,GC,2003,Racing,Ubisoft,0.04,0.01,0,0,0.05
8055,Hitman: HD Trilogy,X360,2013,Action,Square Enix,0.07,0.09,0,0.02,0.18
5287,Terminator Salvation,X360,2009,Shooter,Warner Bros. Interactive Entertainment,0.13,0.18,0,0.04,0.35
15641,Elminage II: Sousei no Megami to Unmei no Daichi,PSP,2009,Role-Playing,Starfish,0,0,0.02,0,0.02
12916,Pretty Cure All Stars Everyone Gather ? Let's Dance!,Wii,2013,Misc,Namco Bandai Games,0,0,0.05,0,0.05
4053,Terraria,PS3,2013,Action,505 Games,0.07,0.26,0.09,0.07,0.49
7477,The Amazing Spider-Man (Console Version),DS,2012,Action,Activision,0.15,0.04,0,0.01,0.21
11814,Hang On GP,SAT,1995,Racing,Sega,0,0,0.07,0,0.07
11871,Winning Eleven Playmaker 2010: Aoki Samurai no Chousen,Wii,2010,Sports,Konami Digital Entertainment,0,0,0.07,0,0.07
14416,Harry Potter and the Half-Blood Prince,PC,2009,Action,Electronic Arts,0,0.03,0,0.01,0.03
9891,ArmA III,PC,2013,Shooter,Bohemia Interactive,0,0.1,0,0.02,0.12
7795,Rock Band Country Track Pack,PS3,2009,Misc,MTV Games,0.18,0,0,0.01,0.19
6426,Jikkyou Powerful Pro Yakyuu 2010,PS3,2010,Sports,Konami Digital Entertainment,0,0,0.27,0,0.27
1673,Disney Sing It,Wii,2008,Misc,Disney Interactive Studios,0.77,0.31,0,0.12,1.2
1480,Final Fantasy X / X-2 HD Remaster,PS3,2013,Role-Playing,Square Enix,0.43,0.4,0.32,0.18,1.33
7231,Age of Empires: Mythologies,DS,2008,Strategy,THQ,0.17,0.03,0,0.02,0.22
16445,Colin McRae Rally 2005 plus,PSP,2005,Racing,Codemasters,0,0,0.01,0,0.01
8977,Black * Rock Shooter: The Game,PSP,2011,Role-Playing,Unknown,0,0,0.15,0,0.15
12222,Gunstar Super Heroes,GBA,2005,Shooter,Sega,0.05,0.02,0,0,0.07
16385,Akatsuki no Amaneka to Aoi Kyojin,PSP,2010,Strategy,CyberFront,0,0,0.01,0,0.01
5983,Kurohyou: Ryu ga Gotoku Shinshou,PSP,2010,Adventure,Sega,0,0,0.29,0,0.29
8222,MotoGP 10/11,PS3,2011,Racing,Capcom,0.04,0.1,0,0.04,0.17
6557,Avatar: The Last Airbender - The Burning Earth,Wii,2007,Action,THQ,0.24,0,0,0.02,0.26
14763,The Golf Club,XOne,2014,Sports,Unknown,0.02,0,0,0,0.03
7719,UFC: Tapout,XB,2002,Fighting,Crave Entertainment,0.14,0.05,0,0.01,0.2
792,Devil May Cry 3: Dante's Awakening,PS2,2005,Action,Capcom,0.99,0.63,0.29,0.19,2.09
2096,EyePet,PS3,2009,Simulation,Sony Computer Entertainment,0.35,0.52,0.04,0.09,0.99
9980,Sengoku Cyber: Fujimaru Jigokuhen,PS,1995,Strategy,Sony Computer Entertainment,0,0,0.11,0.01,0.12
3794,NBA 06,PS2,2005,Sports,Sony Computer Entertainment,0.26,0.2,0,0.07,0.53
13338,Utawarerumono: Itsuwari no Kamen,PS3,2015,Adventure,Aqua Plus,0,0,0.05,0,0.05
14748,ParaParaParadise,PS2,2001,Misc,Konami Digital Entertainment,0,0,0.03,0,0.03
10963,Transformers: Devastation,X360,2015,Action,Activision,0.06,0.02,0,0.01,0.09
11114,Karaoke Revolution Presents American Idol Encore,PS3,2008,Misc,Konami Digital Entertainment,0.08,0,0,0.01,0.09
13031,Assetto Corsa,PS4,2016,Racing,505 Games,0,0.04,0,0.01,0.05
11013,Pipe Mania,DS,2008,Puzzle,Empire Interactive,0.08,0.01,0,0.01,0.09
11852,SD Gundam: Gashapon Wars,GC,2005,Strategy,Namco Bandai Games,0,0,0.07,0,0.07
10093,Coraline,PS2,2009,Action,D3Publisher,0.06,0.04,0,0.01,0.11
10619,Codename: Kids Next Door: Operation V.I.D.E.O.G.A.M.E.,PS2,2005,Platform,Global Star,0.05,0.04,0,0.01,0.1
12012,Point Blank DS (JP sales),DS,2006,Shooter,Atari,0,0,0.07,0,0.07
10240,Gabrielle's Ghostly Groove 3D,3DS,2011,Adventure,Funbox Media,0.08,0.02,0,0.01,0.11
1396,Teenage Mutant Ninja Turtles III: The Manhattan Project,NES,1991,Action,Konami Digital Entertainment,1.05,0.17,0.15,0.02,1.39
1992,Legacy of Kain: Soul Reaver,PS,N/A,Action,Eidos Interactive,0.58,0.4,0,0.07,1.04
15979,Ouran Koukou Host Bu,PS2,2007,Adventure,Idea Factory,0,0,0.02,0,0.02
10019,Melty Blood: Act Cadenza,PS2,2006,Fighting,Sega,0,0,0.11,0,0.11
10456,Army Corps of Hell,PSV,2011,Action,Square Enix,0.05,0.04,0,0.02,0.1
13721,Chicken Blaster,DS,2009,Shooter,Zushi Games,0.04,0,0,0,0.04
50,Pokemon Omega Ruby/Pokemon Alpha Sapphire,3DS,2014,Role-Playing,Nintendo,4.23,3.37,3.08,0.65,11.33
14615,Higurashi no Naku Koro ni Kizuna: Dai-Yon-Kan - Kizuna,DS,2010,Adventure,Alchemist,0,0,0.03,0,0.03
10699,Fate/hollow ataraxia,PSV,2014,Adventure,Type-Moon,0,0,0.1,0,0.1
14962,Spy Hunter: Nowhere To Run,PS2,2006,Racing,Midway Games,0.01,0.01,0,0,0.02
15656,Disney Sports Basketball,GBA,2002,Sports,Konami Digital Entertainment,0.01,0,0,0,0.02
6991,Vancouver 2010 - The Official Video Game of the Olympic Winter Games,X360,2010,Sports,Sega,0.08,0.13,0,0.03,0.23
6356,Stuntman: Ignition,PS2,2007,Racing,THQ,0.13,0.1,0,0.03,0.27
15134,Serious Sam HD: Gold Edition,PC,2010,Shooter,Devolver Digital,0,0.02,0,0,0.02
14140,Resident Evil 4 HD,PS4,2016,Shooter,Capcom,0.03,0,0,0.01,0.03
16001,One Piece: Daikaizoku Coliseum,3DS,2016,Fighting,Namco Bandai Games,0,0,0.01,0,0.01
14344,Konami Classics Series: Arcade Hits,DS,2007,Misc,Konami Digital Entertainment,0.01,0,0.02,0,0.03
16457,Heart no Kuni no Alice,PS2,2008,Adventure,Prototype,0,0,0.01,0,0.01
8697,Block Party,Wii,2008,Misc,Activision,0.14,0,0,0.01,0.16
6308,Bishoujo Senshi Sailormoon R,SNES,1993,Fighting,Namco Bandai Games,0,0,0.27,0,0.27
3585,All-Star Baseball 2002,PS2,2001,Sports,Acclaim Entertainment,0.27,0.21,0,0.07,0.56
7415,WCW Nitro,N64,1998,Fighting,THQ,0.17,0.04,0,0,0.21
10657,King's Field: The Ancient City,PS2,2001,Role-Playing,Metro 3D,0.05,0.04,0,0.01,0.1
2771,LEGO Batman 2: DC Super Heroes,3DS,2012,Action,Warner Bros. Interactive Entertainment,0.41,0.27,0,0.06,0.74
12497,Serious Sam II,XB,2005,Shooter,Take-Two Interactive,0.05,0.01,0,0,0.06
14931,DoDonPachi Dai-Oujou: Black Label Extra,X360,2009,Shooter,5pb,0,0,0.02,0,0.02
1535,Transformers,PS2,2004,Shooter,Atari,0.63,0.49,0,0.16,1.29
5648,No.1 Muscle Ranking - Kinniku Banzuke Vol. 1: Oregasaikyouno Otokoda!,PS,1999,Sports,Konami Digital Entertainment,0,0,0.3,0.02,0.32
13975,Steambot Chronicles,PS2,2005,Role-Playing,505 Games,0.02,0.01,0,0,0.04
4184,Clash of Elementalists,DS,2010,Action,Level 5,0,0,0.47,0,0.47
3365,NASCAR Heat 2002,PS2,2001,Racing,Infogrames,0.29,0.23,0,0.08,0.6
5259,NHL 2K10,PS2,2009,Sports,Take-Two Interactive,0.17,0.14,0,0.05,0.36
39,Grand Theft Auto III,PS2,2001,Action,Take-Two Interactive,6.99,4.51,0.3,1.3,13.1
7046,NASCAR 08,PS3,2007,Racing,Electronic Arts,0.15,0.05,0,0.03,0.23
11933,Kane & Lynch 2: Dog Days,PC,2010,Shooter,Square Enix,0,0.06,0,0.01,0.07
15946,Tiger & Bunny: Hero's Day,PSP,2013,Action,D3Publisher,0,0,0.02,0,0.02
7964,SD Gundam GX,SNES,1994,Strategy,Namco Bandai Games,0,0,0.19,0,0.19
11384,God Eater Resurrection,PS4,2015,Action,Namco Bandai Games,0,0,0.08,0,0.08
14994,Colin McRae Rally 2.0,GBA,2002,Racing,Codemasters,0.02,0.01,0,0,0.02
4147,Sonic the Hedgehog,PS3,N/A,Platform,N/A,0,0.48,0,0,0.48
12074,Suzumiya Haruhi no Gekidou,Wii,2009,Adventure,Kadokawa Shoten,0,0,0.07,0,0.07
8663,Saw II: Flesh & Blood,X360,2010,Action,Konami Digital Entertainment,0.1,0.04,0,0.01,0.16
5392,The Adventures of Tintin: The Game,Wii,2011,Action,Ubisoft,0.13,0.17,0,0.04,0.34
14856,Hokuto no Ken: Hokuto Shinken Denshousha no Michi,DS,2008,Action,Spike,0,0,0.03,0,0.03
3070,Strawberry Shortcake: Summertime Adventure,GBA,2004,Adventure,Majesco Entertainment,0.47,0.18,0,0.01,0.66
8513,Tom and Jerry: Infurnal Escape,GBA,2003,Action,Ubisoft,0.12,0.04,0,0,0.16
14058,Clockwork Empires,PC,N/A,Strategy,Unknown,0,0.03,0,0,0.04
12076,Jackass the Game DS,DS,2008,Action,Empire Interactive,0.06,0,0,0.01,0.07
13162,Cartoon Network Racing,DS,2006,Action,Game Factory,0.04,0,0,0,0.05
16467,Egg Mania: Eggstreme Madness,GC,2002,Puzzle,Kemco,0.01,0,0,0,0.01
2548,Army Men: Sarge's Heroes,N64,1999,Action,3DO,0.68,0.12,0,0.01,0.81
157,Assassin's Creed II,PS3,2009,Action,Ubisoft,2.54,1.95,0.21,0.87,5.57
14394,Timmy Time,DS,2011,Action,Avanquest,0,0.03,0,0,0.03
370,Left 4 Dead,X360,2008,Shooter,Electronic Arts,2.66,0.5,0.05,0.3,3.52
1464,Max Payne 2: The Fall of Max Payne,PS2,2003,Shooter,Take-Two Interactive,0.65,0.51,0,0.17,1.34
268,Warcraft II: Tides of Darkness,PC,1995,Strategy,Activision,1.7,2.27,0,0.23,4.21
7539,Fairy Fencer F,PS3,2013,Role-Playing,Nippon Ichi Software,0.05,0.05,0.09,0.02,0.2
3307,Small Soldiers,PS,1998,Platform,Electronic Arts,0.34,0.23,0,0.04,0.61
14077,Double Value!: ATV Thunder Ridge Riders / Monster Trucks Mayhem,DS,2007,Racing,Zoo Digital Publishing,0.03,0,0,0,0.04
454,Borderlands 2,X360,2012,Shooter,Take-Two Interactive,1.89,0.91,0.04,0.24,3.07
1632,Fallout 4,PC,2015,Role-Playing,Bethesda Softworks,0.5,0.63,0,0.1,1.23
1251,The Simpsons Game,PS2,2007,Action,Electronic Arts,0.35,0.03,0,1.13,1.51
3965,The Mummy Returns,PS2,2001,Action,Universal Interactive,0.25,0.19,0,0.06,0.5
5301,SimCity Creator,DS,2008,Simulation,Electronic Arts,0.3,0.03,0,0.03,0.35
10924,Yu-Gi-Oh! GX: The Beginning of Destiny (US sales),PS2,2007,Strategy,Konami Digital Entertainment,0.05,0.04,0,0.01,0.09
11796,Classic Road,PS,1995,Sports,Victor Interactive,0,0,0.07,0,0.07
14891,Tenkaichi * Sengoku Lovers,DS,2010,Adventure,Rocket Company,0,0,0.03,0,0.03
8189,Speedball 2100,PS,2000,Sports,Empire Interactive,0.1,0.07,0,0.01,0.18
7438,Just Dance: Greatest Hits,Wii,2012,Misc,Ubisoft,0.15,0.04,0,0.02,0.21
14629,Calcio Bit,GBA,2006,Sports,Nintendo,0,0,0.03,0,0.03
3188,SingStar Queen,PS2,2009,Misc,Sony Computer Entertainment,0.08,0.12,0,0.44,0.63
7762,Danganronpa 2: Goodbye Despair,PSP,2012,Misc,Spike,0,0,0.19,0,0.19
5369,Driver 2 Advance,GBA,2002,Action,Atari,0.25,0.09,0,0.01,0.34
13067,Arthur! Ready to Race,PS,2000,Racing,The Learning Company,0.03,0.02,0,0,0.05
15874,Full House Kiss 2,PS2,2006,Adventure,Capcom,0,0,0.02,0,0.02
7213,Tom Clancy's Rainbow Six: Siege,PC,2015,Shooter,Ubisoft,0.12,0.08,0,0.02,0.22
11229,Codename Tenka,PS,1997,Shooter,Psygnosis,0.05,0.03,0,0.01,0.09
2361,Michael Jackson: The Experience,X360,2011,Misc,Ubisoft,0.62,0.2,0,0.07,0.88
3093,F1 2015,PS4,2015,Racing,Codemasters,0.09,0.44,0.03,0.09,0.66
10818,Halo 2,PC,2007,Shooter,Microsoft Game Studios,0.01,0.06,0,0.02,0.1
8645,Victorious: Hollywood Arts Debut,DS,2011,Misc,D3Publisher,0.14,0.01,0,0.01,0.16
3639,Harry Potter and the Deathly Hallows - Part 1,Wii,2010,Action,Electronic Arts,0.22,0.28,0,0.05,0.55
14018,Challenge Me: Word Puzzles,DS,2011,Puzzle,O-Games,0.03,0,0,0,0.04
5585,SWAT: Global Strike Team,PS2,2003,Shooter,Vivendi Games,0.16,0.12,0,0.04,0.32
12754,Scrabble Blast!,GBA,2005,Misc,Zoo Digital Publishing,0.04,0.01,0,0,0.06
15935,I Doll U,PSV,2015,Adventure,Idea Factory,0,0,0.02,0,0.02
10043,Taito Legends,PS2,2005,Misc,Empire Interactive,0.06,0.04,0,0.01,0.11
12011,Anubis II,Wii,2007,Platform,Metro 3D,0.06,0,0,0,0.07
5552,EA Playground,DS,2007,Sports,Electronic Arts,0.29,0.01,0,0.03,0.33
16396,Alone in the Dark,PC,2008,Adventure,Atari,0,0.01,0,0,0.01
13925,Don Bradman Cricket 14,XOne,2015,Sports,Tru Blu Entertainment,0,0.04,0,0,0.04
14053,Alpha Protocol,PC,2010,Role-Playing,Sega,0,0.03,0,0.01,0.04
15575,The Crew: Wild Run,PC,2015,Action,Ubisoft,0,0.02,0,0,0.02
9368,NTRA Breeders' Cup World Thoroughbred Championships,PS2,2005,Simulation,Bethesda Softworks,0.07,0.05,0,0.02,0.13
3885,The 3rd Birthday,PSP,2010,Role-Playing,Square Enix,0.13,0.07,0.27,0.05,0.51
1676,Dragon Ball Z: La Legende Saien,SNES,1993,Fighting,Namco Bandai Games,0,0,1.2,0,1.2
7682,Harry Potter and the Goblet of Fire,PSP,2005,Action,Electronic Arts,0.17,0.01,0,0.02,0.2
14834,Ducati Moto,DS,2008,Racing,Vir2L Studios,0.02,0,0,0,0.03
6343,Tropico 4,PC,2011,Strategy,Kalypso Media,0.1,0.13,0,0.04,0.27
16531,Kiniro no Corda 3,3DS,2015,Adventure,Tecmo Koei,0,0,0.01,0,0.01
15938,Pippa Funnell 2: Farm Adventures,DS,2007,Simulation,Ubisoft,0,0.01,0,0,0.02
13507,Jerry Rice and Nitus' Dog Football,Wii,2011,Sports,Tommo,0.04,0,0,0,0.04
10214,The Croods: Prehistoric Party!,Wii,2013,Misc,D3Publisher,0.03,0.07,0,0.01,0.11
15744,Elven Legacy Collection,PC,2010,Strategy,Paradox Interactive,0,0.01,0,0,0.02
4658,NBA 2K11,PSP,2010,Action,Take-Two Interactive,0.39,0,0,0.03,0.42
8460,Death Trap,2600,1982,Action,Avalon Interactive,0.15,0.01,0,0,0.17
7051,Major League Baseball 2K10,PS2,2010,Sports,Take-Two Interactive,0.11,0.09,0,0.03,0.23
43,Mario Kart 7,3DS,2011,Racing,Nintendo,4.74,3.91,2.67,0.89,12.21
14510,SimCity,PC,1988,Simulation,Maxis,0,0.02,0,0.01,0.03
899,Red Faction,PS2,2001,Shooter,THQ,0.76,0.96,0,0.2,1.92
3152,James Bond 007: Everything or Nothing,XB,2004,Shooter,Electronic Arts,0.43,0.19,0,0.02,0.64
2506,James Bond 007: Nightfire,XB,2002,Shooter,Electronic Arts,0.58,0.22,0,0.03,0.82
5649,Cartoon Network Collection: Game Boy Advance Video Platinum Edition,GBA,2005,Misc,N/A,0.23,0.08,0,0.01,0.32
2798,Classic NES Series: Donkey Kong,GBA,2004,Platform,Nintendo,0.4,0.15,0.17,0.01,0.73
5900,Shin Megami Tensei: Persona 2: Innocent Sin,PSP,2011,Role-Playing,Atlus,0.13,0.03,0.11,0.03,0.3
5419,Imagine: Movie Star,DS,2008,Simulation,Ubisoft,0.31,0,0,0.02,0.34
1236,Xevious,NES,1984,Shooter,Namco Bandai Games,0.18,0.06,1.27,0.01,1.52
3428,Mega Man Anniversary Collection,PS2,2004,Platform,Capcom,0.29,0.22,0,0.08,0.59
3002,Tourist Trophy: The Real Riding Simulator,PS2,2006,Racing,Sony Computer Entertainment,0.28,0.22,0.11,0.07,0.68
1607,The Witcher 3: Wild Hunt,XOne,2015,Role-Playing,Namco Bandai Games,0.66,0.47,0,0.11,1.24
10329,Hysteria Hospital: Emergency Ward,DS,2009,Action,Oxygen Interactive,0.1,0,0,0.01,0.11
4389,Tony Hawk's Proving Ground,PS3,2007,Sports,Activision,0.36,0.05,0,0.05,0.45
13491,Front Mission,DS,2007,Strategy,Square Enix,0.01,0,0.03,0,0.04
1098,SpongeBob SquarePants: Battle for Bikini Bottom,PS2,2003,Platform,THQ,1.08,0.45,0,0.14,1.67
5288,Jikkyou Powerful Pro Yakyuu 13,PS2,2006,Sports,Konami Digital Entertainment,0,0,0.35,0,0.35
16329,Dragon Quest X: All in One Package,WiiU,2015,Role-Playing,Square Enix,0,0,0.01,0,0.01
11444,Looney Tunes: Acme Arsenal,X360,2007,Action,Warner Bros. Interactive Entertainment,0.06,0.01,0,0.01,0.08
5478,Hell's Kitchen: The Game,Wii,2008,Simulation,Ubisoft,0.3,0,0,0.03,0.33
5358,Dynasty Warriors 5 Empires,PS2,2006,Action,Tecmo Koei,0.11,0.09,0.12,0.03,0.34
3800,Alice in Wonderland,Wii,2010,Adventure,Disney Interactive Studios,0.27,0.21,0,0.05,0.53
13082,Caligula,PSV,2016,Role-Playing,FuRyu,0,0,0.05,0,0.05
2532,Twisted Metal (2012),PS3,2012,Action,Sony Computer Entertainment,0.67,0.07,0,0.07,0.82
13778,Go Diego Go!: Safari Rescue,PS2,2008,Action,Take-Two Interactive,0.02,0.02,0,0.01,0.04
15538,Ginga Fukei Densetsu: Sapphire,TG16,1995,Shooter,Hudson Soft,0,0,0.02,0,0.02
845,Forza Horizon,X360,2012,Racing,Microsoft Game Studios,0.82,0.98,0.04,0.18,2.02
6868,Front Line,2600,1981,Action,Taito,0.22,0.01,0,0,0.24
4041,FIFA Soccer 09,DS,2008,Sports,Electronic Arts,0.12,0.31,0,0.06,0.49
5464,The Darkness II,PS3,2012,Shooter,Take-Two Interactive,0.14,0.14,0,0.05,0.33
961,Crazy Taxi,DC,2000,Racing,Sega,1.1,0.51,0.12,0.08,1.81
9952,Power Pro Kun Pocket 14,DS,2011,Sports,Konami Digital Entertainment,0,0,0.12,0,0.12
14830,Disney Planes Fire & Rescue,WiiU,2014,Action,Disney Interactive Studios,0.01,0.01,0,0,0.03
15929,Storm Lover Kai!!,PSP,2012,Action,D3Publisher,0,0,0.02,0,0.02
12113,Zettai Onkan Otoda Master,DS,2007,Role-Playing,Hudson Soft,0,0,0.07,0,0.07
7708,MC Groovz Dance Craze,GC,2004,Misc,Mad Catz,0.15,0.04,0,0.01,0.2
9733,The Ant Bully,GC,2006,Platform,Midway Games,0.09,0.02,0,0,0.12
9075,Cake Mania 3,DS,2009,Simulation,Majesco Entertainment,0.13,0,0,0.01,0.14
13012,Shifters,PS2,2002,Adventure,3DO,0.03,0.02,0,0.01,0.05
8140,Doom (2016),PC,2016,Shooter,Bethesda Softworks,0.06,0.1,0,0.01,0.18
3955,Midnight Magic,2600,1983,Action,Atari,0.47,0.03,0,0.01,0.5
8275,Fight Night Round 2,GC,2005,Fighting,Electronic Arts,0.13,0.03,0,0,0.17
3702,ModNation Racers,PSP,2010,Racing,Sony Computer Entertainment,0.11,0.27,0.02,0.14,0.54
1760,LEGO Star Wars: The Video Game,XB,2005,Action,Eidos Interactive,0.83,0.28,0,0.05,1.16
8421,Matchbox Cross Town Heroes,GBA,2002,Racing,THQ,0.12,0.04,0,0,0.17
13238,Finny the Fish & the Seven Waters,PS2,2004,Sports,Sony Computer Entertainment,0.02,0.02,0,0.01,0.05
3935,Rory McIlroy PGA Tour,PS4,2015,Action,Electronic Arts,0.18,0.24,0,0.08,0.51
4922,Need for Speed: Nitro,DS,2009,Racing,Electronic Arts,0.22,0.13,0,0.04,0.39
9507,Ape Escape 3,PS2,2005,Platform,Sony Computer Entertainment,0.06,0.05,0,0.02,0.13
12449,Risen 3: Titan Lords,PS4,2015,Role-Playing,Deep Silver,0,0.05,0,0.01,0.06
3368,BeatMania Append 3rdMix,PS,1998,Simulation,Konami Digital Entertainment,0,0,0.56,0.04,0.6
14670,The King of Fighters 02/03,XB,2005,Fighting,SNK Playmore,0.02,0.01,0,0,0.03
4159,MySims Racing,Wii,2009,Racing,Electronic Arts,0.19,0.23,0,0.05,0.47
11210,Knights Contract,PS3,2011,Action,Namco Bandai Games,0.04,0.03,0,0.01,0.09
8367,Monsters vs. Aliens,X360,2009,Action,Activision,0.12,0.03,0,0.01,0.17
3077,Wario: Master of Disguise,DS,2007,Platform,Nintendo,0.28,0.02,0.33,0.03,0.66
3717,Def Jam: Fight for NY,XB,N/A,Fighting,Electronic Arts,0.43,0.1,0,0.02,0.54
10983,Driver: Renegade,3DS,2011,Racing,Ubisoft,0.05,0.04,0,0.01,0.09
3978,Rugrats in Paris: The Movie,N64,2000,Action,THQ,0.4,0.09,0,0.01,0.5
9251,Alvin and the Chipmunks,DS,2007,Misc,Brash Entertainment,0.12,0,0,0.01,0.14
7827,NHL Hitz Pro,PS2,2003,Sports,Midway Games,0.09,0.07,0,0.02,0.19
14919,DEATH NOTE: L o Tsugu Mono,DS,2007,Adventure,Konami Digital Entertainment,0,0,0.02,0,0.02
5292,Mini Ninjas,DS,2009,Action,Eidos Interactive,0.17,0.15,0,0.04,0.35
7116,The Polar Express,PS2,2004,Adventure,THQ,0.11,0.09,0,0.03,0.23
4234,Circus Atari,2600,N/A,Action,Atari,0.43,0.03,0,0,0.46
15148,Sacred 3,PC,2014,Role-Playing,Deep Silver,0,0.02,0,0,0.02
16202,Casper,GBA,2002,Adventure,Microids,0.01,0,0,0,0.01
1056,Super Puyo Puyo,SNES,1993,Puzzle,Banpresto,0,0,1.69,0.01,1.7
15901,"Nogizaka Haruka no Himitsu Cosplay, Hajime Mashita",PS2,2008,Adventure,ASCII Media Works,0,0,0.02,0,0.02
8114,The Adventures of Cookie & Cream,PS2,2000,Puzzle,Empire Interactive,0.09,0.07,0,0.02,0.18
4136,Final Fantasy Crystal Chronicles: Echoes of Time,DS,2009,Role-Playing,Square Enix,0.12,0.06,0.27,0.02,0.48
3884,The LEGO Movie Videogame,XOne,2014,Action,Warner Bros. Interactive Entertainment,0.34,0.13,0,0.04,0.51
10481,May's Mystery: Forbidden Memories,DS,2011,Puzzle,Mastertronic,0.05,0.04,0,0.01,0.1
6962,Love Plus +,DS,2010,Simulation,Konami Digital Entertainment,0,0,0.23,0,0.23
3513,Tony Hawk's Pro Skater 4,GBA,2002,Sports,Activision,0.41,0.15,0,0.01,0.57
8733,Bomberman,PSP,2006,Puzzle,Konami Digital Entertainment,0.14,0,0,0.01,0.15
10403,X-Men: The Official Game,DS,2006,Action,Activision,0.1,0,0,0.01,0.11
1738,Mirror's Edge,X360,2008,Platform,Electronic Arts,0.51,0.51,0.01,0.13,1.17
14791,Lost Planet 2,PC,2010,Shooter,Capcom,0,0.02,0,0.01,0.03
1064,Dragon Age: Origins,PS3,2009,Role-Playing,Electronic Arts,0.96,0.44,0.08,0.22,1.69
8503,Monster Jam,Wii,2007,Racing,Activision,0.15,0,0,0.01,0.16
4081,Rayman Raving Rabbids: TV Party,DS,2008,Misc,Ubisoft,0.44,0.01,0,0.04,0.49
708,Sonic's Ultimate Genesis Collection,PS3,2009,Misc,Sega,1.34,0.62,0,0.31,2.27
3563,Odin Sphere,PS2,2007,Role-Playing,Square Enix,0.23,0.18,0.09,0.06,0.56
3596,Fullmetal Alchemist and the Broken Angel,PS2,2003,Role-Playing,Square Enix,0.15,0.12,0.26,0.04,0.56
13584,Riding Stables: The Whitakers present Milton and Friends,3DS,2011,Sports,DTP Entertainment,0,0.04,0,0,0.04
6657,WipEout XL,PS,1996,Racing,Psygnosis,0.14,0.1,0,0.02,0.25
13423,Inspector Gadget: Gadget's Crazy Maze,PS,2001,Puzzle,Ubisoft,0.03,0.02,0,0,0.05
8374,Terminator 3: The Redemption,PS2,2004,Shooter,Atari,0.08,0.06,0,0.02,0.17
14051,Gothic Universe,PC,2007,Role-Playing,JoWood Productions,0,0.03,0,0.01,0.04
6762,Sorry! / Aggravation / Scrabble Junior,GBA,2005,Misc,Zoo Digital Publishing,0.18,0.07,0,0,0.25
10090,Queen's Blade: Spiral Chaos,PSP,2009,Role-Playing,Namco Bandai Games,0,0,0.11,0,0.11
3985,NBA Street Homecourt,X360,2007,Sports,Electronic Arts,0.45,0.01,0,0.04,0.5
5832,Ehrgeiz,PS,1998,Fighting,SquareSoft,0.17,0.12,0,0.02,0.3
13429,Grey's Anatomy: The Video Game,DS,2009,Adventure,Ubisoft,0.03,0.01,0,0,0.05
13773,Dolly Kanon Dokidoki Tokimeki Himitsu no Ongaku Katsudou Start Desu!!,3DS,2014,Adventure,Happinet,0,0,0.04,0,0.04
352,Tom Clancy's The Division,PS4,2016,Shooter,Ubisoft,1.28,1.61,0.15,0.57,3.61
15007,Tom Clancy's Rainbow Six: Vegas 2,PC,2008,Shooter,Ubisoft,0,0.02,0,0,0.02
16490,Slotter Mania P: Tetsuya Shinjuku vs Ueno,PSP,2010,Misc,Dorart,0,0,0.01,0,0.01
12630,Emblem of Gundam,DS,2008,Strategy,Namco Bandai Games,0,0,0.06,0,0.06
722,Sonic Advance,GBA,2001,Platform,Sega,1.19,0.71,0.22,0.13,2.24
2791,Persona 4: Arena,PS3,2012,Fighting,Atlus,0.3,0.12,0.24,0.07,0.74
3754,Tales of Symphonia: Dawn of the New World,Wii,2008,Role-Playing,Namco Bandai Games,0.22,0.05,0.24,0.03,0.54
7096,Super R-Type,SNES,1991,Shooter,Nintendo,0,0,0.23,0,0.23
10590,Darius Gaiden,SAT,1995,Shooter,Acclaim Entertainment,0,0,0.1,0,0.1
3911,Major League Baseball 2K10,X360,2010,Sports,Take-Two Interactive,0.47,0,0,0.04,0.51
8489,Thor: God of Thunder,Wii,2011,Action,Sega,0.11,0.04,0,0.01,0.16
16351,Dungeons & Dragons: Neverwinter Nights - Complete,PC,2011,Misc,Atari,0.01,0,0,0,0.01
10494,G1 Jockey 3,PS2,2002,Sports,THQ,0.02,0.01,0.07,0,0.1
7685,Tom Clancy's Splinter Cell: Essentials,PSP,2006,Shooter,Ubisoft,0.17,0.01,0,0.02,0.2
37,Call of Duty: Modern Warfare 2,X360,2009,Shooter,Activision,8.52,3.63,0.08,1.29,13.51
11591,Real Robots Final Attack,PS,1998,Shooter,Banpresto,0,0,0.07,0.01,0.08
9987,Center Ring Boxing,SAT,1994,Fighting,JVC,0,0,0.12,0,0.12
2154,Dance Dance Revolution 2nd ReMIX,PS,1999,Simulation,Konami Digital Entertainment,0,0,0.9,0.06,0.96
9176,Gyakuten Saiban 2,GBA,2002,Action,Capcom,0,0,0.14,0,0.14
3986,Spider-Man 2,DS,2004,Action,Activision,0.41,0.02,0.03,0.04,0.5
13597,LEGO Indiana Jones: The Original Adventures,PC,2008,Action,LucasArts,0.02,0.02,0,0.01,0.04
7594,"Ni Hao, Kai-lan: New Year's Celebration",DS,2009,Misc,Take-Two Interactive,0.19,0,0,0.01,0.2
13689,Paws & Claws: Regal Resort,DS,2010,Simulation,THQ,0.04,0,0,0,0.04
13557,WarTech: Senko no Ronde,X360,2006,Fighting,Ubisoft,0.04,0,0,0,0.04
6484,Michael Jackson: The Experience,DS,2010,Misc,Ubisoft,0.22,0.03,0,0.02,0.26
532,Dragon Quest V: Tenkuu no Hanayome,SNES,1992,Role-Playing,Enix Corporation,0,0,2.78,0.01,2.79
8084,Pro Yaky? Spirits 2011,PS3,2011,Sports,Konami Digital Entertainment,0,0,0.18,0,0.18
10211,Trauma Center: Under the Knife 2,DS,2008,Simulation,Atlus,0.1,0,0,0.01,0.11
7065,AKB1/149: Love Election,PSP,2012,Adventure,Namco Bandai Games,0,0,0.23,0,0.23
9785,Backyard Baseball '10,DS,2009,Sports,Atari,0.11,0,0,0.01,0.12
6478,Bolt,PS2,2008,Adventure,Disney Interactive Studios,0.09,0.02,0,0.16,0.26
14068,The Ant Bully,GBA,2006,Platform,Midway Games,0.03,0.01,0,0,0.04
14563,Planet of the Apes,GBA,2001,Action,Ubisoft,0.02,0.01,0,0,0.03
6512,Power Pro Kun Pocket 5,GBA,2003,Sports,Konami Digital Entertainment,0,0,0.25,0.01,0.26
9431,SpongeBob's Surf & Skate Roadtrip,DS,2011,Action,THQ,0.11,0.02,0,0.01,0.13
11500,AKB1/149: Love Election,PS3,2013,Adventure,Namco Bandai Games,0,0,0.08,0,0.08
12129,Build-A-Bear Workshop: Friendship Valley,Wii,N/A,Misc,Unknown,0.06,0,0,0,0.07
12767,The Lost Chronicles of Zerzura,PC,2012,Adventure,DTP Entertainment,0,0.05,0,0.01,0.06
11932,"Horrid Henry: The Good, The Bad and The Bugly",3DS,2011,Platform,Asylum Entertainment,0,0.06,0,0.01,0.07
2820,Shaun Palmer's Pro Snowboarder,PS2,2001,Sports,Codemasters,0.36,0.28,0,0.09,0.73
8745,NHL 2K10,PS3,2009,Sports,Take-Two Interactive,0.13,0.01,0,0.01,0.15
15514,Higurashi no Naku Koro ni: Jan,PSP,2009,Misc,AQ Interactive,0,0,0.02,0,0.02
14922,Star Wars: Empire at War - Forces of Corruption,PC,2006,Strategy,LucasArts,0,0.02,0,0,0.02
7459,Shin Megami Tensei: Persona 3 (jp sales),PS2,2006,Role-Playing,Tecmo Koei,0,0,0.21,0,0.21
2457,Tiger Woods PGA Tour 11,PS3,2010,Sports,Electronic Arts,0.37,0.34,0,0.13,0.84
2107,Pro Evolution Soccer 2008,PSP,2008,Sports,Konami Digital Entertainment,0.02,0.53,0.19,0.25,0.98
4345,TNA iMPACT!,X360,2008,Fighting,Midway Games,0.26,0.15,0,0.04,0.45
1798,LEGO Star Wars: The Video Game,GBA,2005,Action,Eidos Interactive,0.82,0.3,0,0.02,1.14
6846,Megamind: Mega Team Unite,Wii,2010,Adventure,THQ,0.16,0.06,0,0.02,0.24
6989,Total War: Attila,PC,2015,Strategy,Sega,0.09,0.13,0,0.02,0.23
1784,Action Bass,PS,2000,Action,Take-Two Interactive,0.64,0.43,0,0.07,1.14
12614,Lord of Magna: Maiden Heaven,3DS,2014,Role-Playing,Marvelous Entertainment,0,0,0.06,0,0.06
4888,NBA 2K10,Wii,2009,Sports,Take-Two Interactive,0.36,0,0,0.03,0.39
5088,ESPN: Sports Connection,WiiU,2012,Sports,Ubisoft,0.21,0.12,0,0.04,0.37
10097,JASF: Jane's Advanced Strike Fighters,PS3,2011,Simulation,Deep Silver,0.07,0.03,0,0.02,0.11
14284,Guitar Hero: World Tour,PC,2009,Misc,Aspyr,0,0.03,0,0.01,0.03
2989,Metro: Last Light,PS4,2014,Action,Deep Silver,0.22,0.3,0.04,0.12,0.68
15949,Touhou Genso Rondo: Bullet Ballet,PS4,2016,Shooter,Nippon Ichi Software,0.01,0,0,0,0.02
1226,FIFA 17,XOne,2016,Sports,Electronic Arts,0.17,1.26,0,0.1,1.53
13125,Steins;Gate 0,PS4,2015,Adventure,PQube,0,0,0.05,0,0.05
14859,Wand of Fortune 2: Jikuu ni Shizumu Mokushiroku,PSP,2011,Adventure,Idea Factory,0,0,0.03,0,0.03
10001,DOA 2: Dead or Alive 2 Hardcore,PS2,2000,Fighting,Tecmo Koei,0,0,0.11,0,0.11
5291,Mega Man X3,SNES,1995,Action,Laguna,0.04,0.01,0.3,0,0.35
15055,NASCAR Heat Evolution,XOne,2016,Racing,Dusenberry Martin Racing,0.02,0,0,0,0.02
6844,Pro Yaky? Spirits 2010,PSP,2010,Sports,Konami Digital Entertainment,0,0,0.24,0,0.24
14828,Age of Empires III: Gold Edition,PC,2007,Strategy,Microsoft Game Studios,0,0.02,0,0.01,0.03
8020,Ty the Tasmanian Tiger,XB,2002,Platform,Electronic Arts,0.14,0.04,0,0.01,0.18
8025,NARC,XB,2005,Shooter,Midway Games,0.14,0.04,0,0.01,0.18
5268,Trauma Center: Second Opinion,Wii,2006,Simulation,Nintendo,0.28,0.02,0.03,0.03,0.35
9461,Indianapolis 500 Legends,Wii,2007,Racing,Destineer,0.12,0,0,0.01,0.13
3355,Secret Agent Clank,PS2,2009,Platform,Sony Computer Entertainment,0.13,0.18,0,0.29,0.6
14468,Sins of a Solar Empire,PC,2008,Strategy,Pinnacle,0,0.02,0,0.01,0.03
658,Guitar Hero,PS2,2005,Misc,RedOctane,1.67,0.61,0.03,0.07,2.38
6274,The Legend of Zelda: The Minish Cap(weekly JP sales),GBA,N/A,Action,N/A,0,0,0.27,0.01,0.27
1896,Prince of Persia,PS3,2008,Action,Ubisoft,0.47,0.41,0.03,0.18,1.08
11586,Legend of the Guardians: The Owls of Ga'Hoole,PS3,2010,Action,Warner Bros. Interactive Entertainment,0.06,0.01,0,0.01,0.08
3015,Street Sk8er,PS,1998,Sports,Electronic Arts,0.37,0.25,0,0.04,0.67
3648,Fighting Force 2,PS,1999,Action,Eidos Interactive,0.31,0.21,0,0.04,0.55
1485,Need for Speed Underground Rivals,PSP,2005,Racing,Electronic Arts,0.69,0.38,0.02,0.24,1.32
508,The Elder Scrolls III: Morrowind,XB,2002,Role-Playing,Ubisoft,2.09,0.63,0.03,0.11,2.86
15642,Lara Croft and the Temple of Osiris,PC,2014,Action,Square Enix,0,0.02,0,0,0.02
11700,Minna no Joushiki Ryoku TV,Wii,2008,Misc,Nintendo,0,0,0.08,0,0.08
9637,Freedom Fighters,GC,2003,Shooter,Electronic Arts,0.1,0.03,0,0,0.13
13414,SpongeBob SquarePants: Plankton's Robotic Revenge,X360,2013,Shooter,Activision,0.04,0,0,0,0.05
9666,Marvel Avengers: Battle for Earth,WiiU,2012,Action,Ubisoft,0.07,0.04,0,0.01,0.12
1544,Yakuman,GB,1989,Misc,Nintendo,0,0,1.28,0,1.28
3472,Digimon World 2,PS,2000,Role-Playing,Namco Bandai Games,0.23,0.16,0.16,0.04,0.58
5219,Breath of Fire II,SNES,1994,Role-Playing,Laguna,0,0,0.36,0,0.36
8736,Chaotic: Shadow Warriors,X360,2009,Action,Activision,0.14,0,0,0.01,0.15
1376,Metroid: Other M,Wii,2010,Action,Nintendo,0.87,0.31,0.13,0.1,1.41
1190,Twisted Metal,PS,1995,Action,Sony Computer Entertainment,1.32,0.19,0,0.05,1.56
5608,Batman: Arkham Asylum,PC,2009,Action,Eidos Interactive,0,0.27,0,0.05,0.32
2945,X-Men Origins: Wolverine - Uncaged Edition,X360,2009,Action,Activision,0.42,0.21,0,0.06,0.69
8710,He-Man: Power of Grayskull,GBA,2002,Action,TDK Mediactive,0.11,0.04,0,0,0.16
13422,The Bible Game,XB,2005,Misc,Crave Entertainment,0.03,0.01,0,0,0.05
5159,Rock Band 4,PS4,2015,Misc,Harmonix Music Systems,0.25,0.05,0,0.07,0.37
15968,Sengoku,PC,2011,Strategy,Paradox Interactive,0,0.01,0,0,0.02
11756,Sony Computer Science Kenkyuujo Mogi Kenichirou Hakase Kanshuu: Nou ni Kaikan Aha Taiken!,PSP,2006,Misc,Sega,0,0,0.07,0,0.07
3462,Sammy Sosa High Heat Baseball 2001,PS,2000,Sports,3DO,0.32,0.22,0,0.04,0.58
9878,Akuji the Heartless,PS,1998,Platform,Eidos Interactive,0.07,0.04,0,0.01,0.12
1302,Battlefield: Bad Company,X360,2008,Shooter,Electronic Arts,0.81,0.46,0.04,0.15,1.46
2856,FIFA Soccer 11,DS,2010,Sports,Electronic Arts,0.13,0.5,0,0.09,0.72
14844,SWAT 4,PC,2005,Shooter,Vivendi Games,0,0.02,0,0,0.03
11138,Little League World Series Baseball: Double Play,Wii,2010,Sports,Activision,0.08,0,0,0.01,0.09
4155,Unreal Tournament III,X360,2008,Shooter,Midway Games,0.25,0.17,0.01,0.05,0.47
10359,Saigo no Yakusoku no Monogatari,PSP,2011,Role-Playing,Unknown,0,0,0.11,0,0.11
5629,SimAnimals,Wii,2009,Simulation,Electronic Arts,0.15,0.14,0,0.03,0.32
10305,Irozuki Tingle no Koi no Balloon Trip,DS,2009,Adventure,Nintendo,0,0,0.11,0,0.11
10301,Robotech: Invasion,PS2,2004,Shooter,Global Star,0.05,0.04,0,0.01,0.11
14431,Tantei Jinguuji Saburo DS: Kienai Kokoro,DS,2008,Adventure,Arc System Works,0,0,0.03,0,0.03
5493,Little Deviants,PSV,2011,Platform,Sony Computer Entertainment,0.15,0.13,0,0.05,0.33
9722,All Kamen Rider: Rider Generation,DS,2011,Action,Namco Bandai Games,0,0,0.12,0,0.12
10358,BlazBlue: Continuum Shift II,3DS,2011,Fighting,PQube,0.05,0.01,0.04,0.01,0.11
2464,NCAA Football 11,PS3,2010,Sports,Electronic Arts,0.79,0,0,0.06,0.84
1146,Super Mario Strikers,GC,2005,Sports,Nintendo,0.98,0.38,0.2,0.04,1.61
7353,Yu Yu Hakusho: Dark Tournament,PS2,N/A,Fighting,N/A,0.1,0.08,0,0.03,0.21
5745,SD Gundam G Generation Wars,PS2,2009,Strategy,Namco Bandai Games,0,0,0.31,0,0.31
8120,Daigasso! Band Brothers P,3DS,2013,Misc,Nintendo,0,0,0.18,0,0.18
9664,Peter Jacobsen's Golden Tee Golf,PS,2000,Sports,Infogrames,0.07,0.05,0,0.01,0.12
9474,Shrek Smash n' Crash Racing,GC,2006,Racing,Activision,0.1,0.03,0,0,0.13
6518,Etrian Odyssey Untold: The Millennium Girl,3DS,2013,Role-Playing,Atlus,0.1,0.01,0.14,0.01,0.26
16357,Monster Jam,PC,2007,Racing,Activision,0.01,0,0,0,0.01
11978,McFarlane's Evil Prophecy,PS2,N/A,Action,Konami Digital Entertainment,0.03,0.03,0,0.01,0.07
12998,Rally Fusion: Race of Champions,XB,2002,Racing,Activision,0.04,0.01,0,0,0.05
54,Super Mario 3D Land,3DS,2011,Platform,Nintendo,4.89,2.99,2.13,0.78,10.79
12315,Gallop Racer 2004,PS2,2004,Sports,Zoo Digital Publishing,0.03,0.02,0,0.01,0.06
1779,Dragon Quest I & II,SNES,1993,Role-Playing,Enix Corporation,0,0,1.15,0,1.15
8786,Ice Age 2: The Meltdown,DS,2006,Platform,Vivendi Games,0.13,0.01,0,0.01,0.15
12889,Goosebumps: The Game,3DS,2015,Adventure,WayForward Technologies,0.05,0,0,0.01,0.05
5296,Persona 2: Eternal Punishment,PS,2000,Role-Playing,Atlus,0.03,0.02,0.28,0.02,0.35
1342,Rayman Raving Rabbids,Wii,2006,Misc,Ubisoft,1.23,0.07,0.02,0.11,1.44
15992,DokuSui: DokiDoki Suikoden,PSP,2011,Role-Playing,Irem Software Engineering,0,0,0.01,0,0.01
4683,Scooby-Doo and the Cyber Chase,GBA,2001,Adventure,Ubisoft,0.3,0.11,0,0.01,0.41
15948,Grisaia no Meikyuu: Le Labyrinthe de la Grisaia,PSV,2014,Adventure,Prototype,0,0,0.02,0,0.02
9243,Cyber Sled,PS,1995,Action,Sony Computer Entertainment,0,0,0.13,0.01,0.14
7776,Air Conflicts: Secret Wars,PS3,2011,Simulation,bitComposer Games,0.1,0.06,0,0.03,0.19
5565,Karaoke Revolution Presents American Idol Encore 2,Wii,2008,Misc,Konami Digital Entertainment,0.3,0,0,0.02,0.33
15811,Zombie Hunters 2,PS2,2006,Action,Essential Games,0,0,0.02,0,0.02
135,Red Dead Redemption,X360,2010,Action,Take-Two Interactive,3.7,1.97,0.09,0.57,6.34
11641,World Championship Poker: Deluxe Series,DS,2005,Misc,505 Games,0.07,0,0,0.01,0.08
9905,A.C.E.: Another Century's Episode Portable,PSP,2011,Simulation,Namco Bandai Games,0,0,0.12,0,0.12
2077,Dead Space 3,PS3,2013,Action,Electronic Arts,0.44,0.38,0,0.17,1
10512,Death By Degrees,PS2,2005,Action,Sony Computer Entertainment,0.05,0.04,0,0.01,0.1
512,Command & Conquer: Red Alert,PC,1996,Strategy,Virgin Interactive,1.37,1.34,0,0.14,2.85
12443,Nicola Kanshuu: Model * Oshare Audition 2,3DS,2011,Action,Alchemist,0,0,0.06,0,0.06
7104,The Raiden Project,PS,1995,Shooter,Ocean,0.06,0.04,0.12,0.01,0.23
8135,Dynasty Warriors: Gundam 3,X360,2010,Action,Tecmo Koei,0.11,0.04,0.02,0.01,0.18
11354,Gradius Galaxies,GBA,2001,Shooter,Konami Digital Entertainment,0.06,0.02,0,0,0.08
3158,Tom Clancy's Rainbow Six,N64,1999,Shooter,Red Storm Entertainment,0.48,0.15,0,0.01,0.64
11939,The Wolf Among Us,PSV,2014,Adventure,Telltale Games,0.05,0,0,0.02,0.07
12981,Dreamer Series: Puppy Trainer,DS,2008,Simulation,DreamCatcher Interactive,0.05,0,0,0,0.05
12539,Xiaolin Showdown,PSP,2006,Action,Konami Digital Entertainment,0.05,0,0,0,0.06
14451,Go! Go! Hypergrind,GC,2003,Sports,Atlus,0.02,0.01,0,0,0.03
9647,Eat Lead: The Return of Matt Hazard,X360,2009,Shooter,D3Publisher,0.1,0.01,0,0.01,0.13
3222,Battle of Giants: Dragons,DS,2009,Strategy,Ubisoft,0.31,0.25,0,0.06,0.63
1455,FIFA Soccer 08,X360,2007,Sports,Electronic Arts,0.31,0.89,0.01,0.14,1.35
10083,The King of Fighters '99,PS,2000,Fighting,SNK,0,0,0.11,0.01,0.11
3839,Metal Gear Solid 2: Substance,PS2,2002,Action,Konami Digital Entertainment,0.18,0.14,0.16,0.05,0.52
9801,Yard Sale Hidden Treasures: Sunnyville,DS,2010,Puzzle,Konami Digital Entertainment,0.11,0,0,0.01,0.12
9085,Cranium Kabookii,Wii,2007,Misc,Ubisoft,0.13,0,0,0.01,0.14
4991,Looney Tunes: Acme Arsenal,PS2,2007,Action,Warner Bros. Interactive Entertainment,0.19,0.15,0,0.05,0.38
2287,Minecraft: Story Mode,X360,2015,Adventure,Mojang,0.46,0.38,0,0.08,0.91
6124,Shadow Hearts,PS2,2001,Role-Playing,Midway Games,0.09,0.07,0.1,0.02,0.28
14225,Tail Concerto,PS,1998,Adventure,Namco Bandai Games,0.02,0.01,0,0,0.03
12542,Need for Speed: Shift,PC,2009,Racing,Electronic Arts,0,0.05,0,0.01,0.06
11067,Super Robot Wars OG: The Moon Dwellers,PS4,2016,Misc,Namco Bandai Games,0,0,0.09,0,0.09
5356,The Wild Thornberrys Movie,GBA,2002,Platform,THQ,0.25,0.09,0,0.01,0.34
4541,EverQuest Online Adventures,PS2,2003,Role-Playing,Sony Online Entertainment,0.21,0.16,0,0.05,0.43
2632,Lips,X360,2008,Misc,Microsoft Game Studios,0.12,0.56,0,0.1,0.78
7373,RealSports Baseball,2600,1981,Sports,Atari,0.2,0.01,0,0,0.21
2657,NBA ShootOut 98,PS,1998,Sports,Sony Computer Entertainment,0.43,0.29,0,0.05,0.78
4856,You Don't Know Jack,PS,1999,Misc,Vivendi Games,0.22,0.15,0,0.03,0.4
6914,My Street,PS2,2003,Misc,Sony Computer Entertainment,0.12,0.09,0,0.03,0.24
8833,Shadow Ops: Red Mercury,XB,2004,Shooter,Atari,0.11,0.03,0,0.01,0.15
697,God of War: Ascension,PS3,2013,Action,Sony Computer Entertainment,1.23,0.68,0.04,0.34,2.29
7063,Puss in Boots,X360,2011,Action,THQ,0.2,0.02,0,0.02,0.23
12669,Tom Clancy's Ghost Recon: Advanced Warfighter,PS2,2006,Shooter,Ubisoft,0.03,0.02,0,0.01,0.06
5790,SD Gundam G Generation: Overworld,PSP,2012,Strategy,Namco Bandai Games,0,0,0.31,0,0.31
14612,Attack on Titan (KOEI),XOne,2016,Action,Tecmo Koei,0.01,0.01,0,0,0.03
14683,Ghostbusters (2016),PS4,2016,Action,Activision,0.02,0,0,0.01,0.03
278,Excitebike,NES,1984,Racing,Nintendo,2.04,0.48,1.57,0.07,4.16
1283,Mass Effect 2,PS3,2011,Role-Playing,Electronic Arts,0.78,0.47,0.03,0.2,1.48
4779,Minority Report: Everybody Runs,PS2,2002,Action,Activision,0.2,0.15,0,0.05,0.41
3659,Derby Stallion 04,PS2,2004,Sports,Enterbrain,0,0,0.55,0,0.55
11041,Kawashima Ryuuta Kyouju Kanshuu Nouryoku Trainer Portable 2,PSP,2006,Misc,Sega,0,0,0.09,0,0.09
11462,Cate West: The Vanishing Files,Wii,2009,Adventure,Oxygen Interactive,0.07,0,0,0.01,0.08
9723,The King of Fighters '98 Ultimate Match,PS2,2008,Fighting,Ignition Entertainment,0.04,0.03,0.03,0.01,0.12
1908,Tomb Raider: Underworld,X360,2008,Action,Eidos Interactive,0.53,0.43,0.01,0.11,1.08
10538,Football Director DS,DS,2008,Sports,Pinnacle,0,0.1,0,0,0.1
6180,MLB 07: The Show,PSP,2007,Sports,Sony Computer Entertainment,0.26,0,0,0.02,0.28
159,Assassin's Creed,X360,2007,Adventure,Ubisoft,3.28,1.65,0.07,0.55,5.55
9787,Cel Damage,XB,2001,Racing,Electronic Arts,0.09,0.03,0,0,0.12
2273,MLB 15: The Show,PS4,2015,Sports,Sony Computer Entertainment,0.67,0.08,0,0.17,0.92
12735,Kaite Shabette Hajimeyou! Monster Farm DS,DS,2007,Role-Playing,Tecmo Koei,0,0,0.06,0,0.06
2255,WWE SmackDown vs. Raw 2009,X360,2008,Fighting,THQ,0.58,0.26,0,0.08,0.92
8116,Aliens: Colonial Marines,PC,2013,Shooter,Sega,0.1,0.06,0,0.02,0.18
10361,Metal Gear Solid Integral,PS,1999,Adventure,Konami Digital Entertainment,0,0,0.1,0.01,0.11
13204,White Album: Tsuzurareru Fuyu no Omoide,PS3,2010,Adventure,Aqua Plus,0,0,0.05,0,0.05
9202,Create,X360,2010,Action,Electronic Arts,0.1,0.03,0,0.01,0.14
6683,Samurai Shodown II,NG,1994,Fighting,SNK,0,0,0.25,0,0.25
5603,Overlord II,PS3,2009,Action,Codemasters,0.11,0.15,0,0.06,0.32
13546,Painkiller: Hell & Damnation,PS3,2013,Shooter,Nordic Games,0.02,0.02,0,0.01,0.04
16008,Sengoku Hime: Senran ni Mau Otometachi,PSP,2009,Adventure,Yeti,0,0,0.01,0,0.01
13381,Shin Kamaitachi no Yoru: 11 Hitome no Suspect,PSV,2011,Adventure,ChunSoft,0,0,0.05,0,0.05
6004,Itadaki Street 2: Neon Sign wa Bara Iro ni,SNES,1994,Misc,Enix Corporation,0,0,0.29,0,0.29
2334,Tiger Woods PGA Tour 06,PS2,2005,Sports,Electronic Arts,0.74,0.03,0,0.12,0.89
13419,Double Dragon Advance,GBA,2003,Action,Atlus,0.03,0.01,0,0,0.05
7742,ESA Foundation Compilation,PS2,2005,Misc,Sony Computer Entertainment,0.1,0.07,0,0.02,0.19
2847,Ben 10: Protector of Earth,PSP,2007,Action,D3Publisher,0.23,0.31,0,0.18,0.72
7430,Vampire Rain,X360,2007,Action,Microsoft Game Studios,0.18,0,0.01,0.01,0.21
12335,Killer Instinct (2013),XOne,2013,Fighting,Microsoft Game Studios,0.03,0.03,0,0.01,0.06
9443,Megamind: The Blue Defender,PSP,2010,Adventure,THQ,0.08,0.03,0,0.02,0.13
623,Tomb Raider: The Last Revelation,PS,1998,Action,Eidos Interactive,1.15,1.14,0.06,0.13,2.48
3305,pro evolution soccer 2011,X360,2010,Sports,Konami Digital Entertainment,0.09,0.44,0,0.07,0.61
10688,Tales of Innocence R,PSV,2012,Role-Playing,Namco Bandai Games,0,0,0.1,0,0.1
16510,Romeo Vs. Juliet,PSP,2013,Adventure,Quinrose,0,0,0.01,0,0.01
1891,Skylanders Giants,PS3,2012,Action,Activision,0.35,0.52,0,0.22,1.09
15354,Chicken Hunter,DS,2007,Shooter,Phoenix Games,0.02,0,0,0,0.02
13566,Naruto Shippuden: Dairansen! Kage Bunshin Emaki,DS,2008,Action,Takara Tomy,0,0,0.04,0,0.04
2559,World Soccer Jikkyou Winning Eleven 3: World Cup France '98,PS,1998,Sports,Konami Digital Entertainment,0,0,0.75,0.05,0.81
3336,Tony Hawk's Underground,GBA,2003,Sports,Activision,0.43,0.16,0,0.01,0.6
8674,Backyard Sports: Sandlot Sluggers,Wii,2010,Sports,Atari,0.15,0,0,0.01,0.16
10010,Dead Man's Hand,XB,2004,Shooter,Atari,0.09,0.02,0,0,0.11
8193,Fancy Nancy: Tea Party Time!,DS,2010,Adventure,THQ,0.17,0,0,0.01,0.18
3893,The Saboteur,X360,2009,Action,Electronic Arts,0.26,0.21,0,0.05,0.51
8905,The Wizard of Oz: Beyond The Yellow Brick Road,DS,2008,Role-Playing,D3Publisher,0.13,0,0,0.01,0.15
9961,Tecmo Super Bowl,PS,1996,Sports,Tecmo Koei,0.06,0.04,0,0.01,0.12
1847,Lumines: Puzzle Fusion,PSP,2004,Puzzle,Ubisoft,0.52,0.35,0,0.23,1.11
9697,Pryzm Chapter One: The Dark Unicorn,PS2,2002,Adventure,TDK Mediactive,0.06,0.05,0,0.02,0.12
10671,Over the Hedge,XB,2006,Platform,Activision,0.07,0.02,0,0,0.1
11420,Slayers Royal,PS,1998,Role-Playing,Kadokawa Shoten,0,0,0.08,0.01,0.08
15844,Usavichi: Game no Jikan,DS,2011,Action,Namco Bandai Games,0,0,0.02,0,0.02
5781,Major League Baseball 2K8,PS3,2008,Sports,Bethesda Softworks,0.28,0,0,0.02,0.31
7092,Final Fantasy XI: Treasures of Aht Urhgan,PS2,2006,Role-Playing,Square Enix,0.06,0.05,0.1,0.02,0.23
7769,J-League Jikkyou Winning Eleven 3,PS,1997,Sports,Konami Digital Entertainment,0,0,0.18,0.01,0.19
4821,Cabela's Big Game Hunter 2010,PS3,2009,Sports,Activision Value,0.37,0,0,0.03,0.4
1650,NBA 2K2,PS2,2002,Sports,Sega,0.59,0.46,0.01,0.15,1.22
5556,Dragon Ball Z: Extreme Butoden,3DS,2015,Fighting,Namco Bandai Games,0.12,0.03,0.16,0.02,0.33
8895,Pro Baseball Spirits 2015,PS3,2015,Action,Konami Digital Entertainment,0,0,0.15,0,0.15
4907,Ener-G: Gym Rockets,DS,2008,Sports,Ubisoft,0.36,0,0,0.03,0.39
10423,Power Pocket Koushien,DS,2005,Sports,Konami Digital Entertainment,0,0,0.1,0,0.1
5554,Clash of the Titans,PS3,2010,Action,Namco Bandai Games,0.09,0.16,0.01,0.06,0.33
4257,Dragon Ball Z: Sagas,PS2,2005,Fighting,Atari,0.38,0.01,0,0.06,0.46
13100,Hotel for Dogs,Wii,2009,Simulation,505 Games,0.04,0,0,0,0.05
5802,Astroblast,2600,1981,Action,Mattel Interactive,0.29,0.02,0,0,0.31
4736,Armored Core,PS,1997,Simulation,Sony Computer Entertainment,0.13,0.09,0.16,0.03,0.41
13776,Jojo's Fashion Show: Design in a Dash!,DS,2009,Simulation,Ubisoft,0.04,0,0,0,0.04
7292,Code Name: S.T.E.A.M.,3DS,2015,Strategy,Nintendo,0.14,0.05,0.01,0.02,0.22
7162,Momotarou Dentetsu 15,PS2,2005,Misc,Hudson Soft,0,0,0.22,0,0.22
3910,International Superstar Soccer 2000 (All region sales),N64,1999,Sports,Konami Digital Entertainment,0.01,0.26,0.22,0.02,0.51
6423,My Virtual Tutor: Reading Adventure Kindergarten to First,DS,2009,Misc,Mentor Interactive,0.25,0,0,0.02,0.27
7009,Sword Art Online: Lost Song,PS4,2015,Role-Playing,Namco Bandai Games,0.09,0.1,0,0.04,0.23
15560,Amatsumi Sora ni! Kumo no Hatate ni,PSV,2015,Adventure,Prototype,0,0,0.02,0,0.02
187,The Legend of Zelda: Phantom Hourglass,DS,2007,Action,Nintendo,1.9,1.83,0.95,0.49,5.17
15395,Crayon Shin-Chan: Uchuu de Achoo!? Yuujou no Oba-Karate!!,3DS,2011,Action,Namco Bandai Games,0,0,0.02,0,0.02
832,Dance Central 2,X360,2011,Misc,Microsoft Game Studios,1.45,0.42,0.01,0.16,2.04
10113,Heavy Fire: Afghanistan,Wii,2011,Shooter,Mastiff,0.11,0,0,0.01,0.11
11033,Karaoke Joysound Wii Super DX: Hitori de Minna de Utai Houdai!,Wii,2010,Misc,Hudson Soft,0,0,0.09,0,0.09
8313,Jillian Michaels Fitness Ultimatum 2011,Wii,2010,Sports,D3Publisher,0.16,0,0,0.01,0.17
89,Pokémon Platinum Version,DS,2008,Role-Playing,Nintendo,2.82,1.78,2.69,0.55,7.84
2405,Lemmings,PSP,2006,Puzzle,Sony Computer Entertainment,0.12,0.52,0,0.23,0.87
8923,Prince of Persia: The Two Thrones,GC,2005,Action,Ubisoft,0.11,0.03,0,0,0.15
16455,Rugby League Live 3,XOne,2015,Action,Tru Blu Entertainment,0,0.01,0,0,0.01
2647,Star Wars Battlefront: Elite Squadron,PSP,2009,Shooter,LucasArts,0.38,0.24,0,0.16,0.78
5215,AMF Bowling World Lanes,Wii,2008,Sports,Bethesda Softworks,0.33,0,0,0.03,0.36
12131,Alex Rider: Stormbreaker,DS,N/A,Action,THQ,0.06,0,0,0,0.07
9965,NHL Powerplay '96,PS,1996,Sports,Virgin Interactive,0.06,0.04,0,0.01,0.12
4384,SOCOM: U.S. Navy SEALs Fireteam Bravo 3,PSP,2010,Shooter,Sony Computer Entertainment,0.17,0.13,0.06,0.08,0.45
14071,Astrology DS,DS,2009,Misc,Deep Silver,0.03,0,0,0,0.04
13197,Classic Dungeon X2,PSP,2011,Role-Playing,Nippon Ichi Software,0,0,0.05,0,0.05
1264,Ninja Hattori Kun: Ninja wa Shuugyou Degogiru no Maki,NES,1986,Platform,Hudson Soft,0,0,1.5,0,1.5
4166,Deadpool,PS3,2013,Action,Activision,0.23,0.17,0,0.08,0.47
15973,SBK Superbike World Championship,PS2,2008,Racing,Black Bean Games,0.01,0.01,0,0,0.02
11273,Famicom Mini: Famicom Mukashi Banashi - Shin Oniga Shima Zenkouhen,GBA,2004,Adventure,Nintendo,0,0,0.08,0,0.08
10435,Adventure Time: Finn & Jake Investigations,PS3,2015,Action,Little Orbit,0.02,0.07,0,0.02,0.1
1800,Guitar Hero 5,X360,2009,Misc,Activision,0.65,0.37,0,0.11,1.14
5858,Super Robot Taisen W,DS,2007,Strategy,Banpresto,0,0,0.3,0,0.3
16501,The Land Before Time: Into the Mysterious Beyond,GBA,2006,Platform,Game Factory,0.01,0,0,0,0.01
71,Call of Duty 4: Modern Warfare,X360,2007,Shooter,Activision,5.91,2.38,0.13,0.9,9.32
13923,Super Army War,GBA,2005,Action,Flashpoint Games,0.03,0.01,0,0,0.04
6266,Q-Ball: Billiards Master,PS2,2000,Sports,Take-Two Interactive,0.13,0.1,0,0.04,0.27
1234,NASCAR 98,PS,1996,Racing,Electronic Arts,1.43,0.05,0,0.04,1.52
4626,Jikkyou Powerful Pro Yakyuu 6,N64,1999,Sports,Konami Digital Entertainment,0,0,0.39,0.03,0.42
12040,Target: Terror,Wii,2008,Shooter,Konami Digital Entertainment,0.06,0,0,0.01,0.07
1217,MVP Baseball 2005,PS2,2005,Sports,Electronic Arts,1.26,0.07,0,0.21,1.54
8806,Thor: God of Thunder,PS3,2011,Action,Sega,0.07,0.06,0,0.02,0.15
6570,J-League Pro Soccer Club wo Tsukurou!,SAT,1996,Sports,Sega,0,0,0.26,0,0.26
6448,"Barbie: Jet, Set & Style!",Wii,2011,Misc,THQ,0.23,0.01,0,0.02,0.26
13738,North American Hunting Extravaganza 2,Wii,2010,Sports,Unknown,0.03,0,0,0,0.04
6215,Real Pool,PS2,2000,Sports,Midas Interactive Entertainment,0.14,0.11,0,0.04,0.28
3408,MVP Baseball 2004,XB,2004,Sports,Electronic Arts,0.44,0.13,0,0.02,0.59
15799,NHL 16,X360,2015,Sports,Electronic Arts,0,0.02,0,0,0.02
15209,The Lord of the Rings: The Battle for Middle-Earth II,PC,2006,Strategy,Electronic Arts,0.01,0.01,0,0,0.02
8785,Amagami,PSP,2011,Adventure,Kadokawa Shoten,0,0,0.15,0,0.15
3187,Nightmare Creatures,PS,1997,Action,Sony Computer Entertainment,0.35,0.24,0,0.04,0.63
14171,Driven,GBA,2001,Racing,BAM! Entertainment,0.02,0.01,0,0,0.03
13948,Railroad Tycoon 3,PC,2003,Strategy,Gathering of Developers,0,0.03,0,0.01,0.04
12954,The Bureau: XCOM Declassified,PC,2013,Shooter,Take-Two Interactive,0,0.05,0,0.01,0.05
504,Imagine: Babyz,DS,2007,Simulation,Ubisoft,1.3,1.27,0,0.31,2.88
5595,NHL Breakaway 98,N64,1998,Sports,Acclaim Entertainment,0.3,0.02,0,0,0.32
7968,Sega GT 2002,XB,2002,Racing,Sega,0.12,0.03,0.03,0.01,0.19
1950,Sleeping Dogs,PS3,2012,Action,Square Enix,0.31,0.5,0.05,0.19,1.06
4108,Wu-Tang: Shaolin Style,PS,1998,Fighting,Activision,0.27,0.18,0,0.03,0.48
935,GoldenEye 007 (2010),Wii,2010,Action,Activision,0.85,0.71,0.13,0.16,1.86
1637,Intelligent Qube,PS,1997,Puzzle,Sony Computer Entertainment,0.13,0.07,1,0.02,1.22
15562,Earth Seeker,Wii,2011,Role-Playing,Kadokawa Shoten,0,0,0.02,0,0.02
13555,The King of Fighters Kyo,PS,1998,Fighting,SNK Playmore,0,0,0.04,0,0.04
1769,Red Dead Redemption: Undead Nightmare,PS3,2010,Action,Take-Two Interactive,0.44,0.46,0.06,0.18,1.15
481,Sonic Heroes,PS2,2003,Platform,Sega,1.04,1.37,0.06,0.49,2.96
12445,Cold Fear,XB,2005,Action,Ubisoft,0.05,0.01,0,0,0.06
6525,Star Wars Episode I: Battle for Naboo,N64,2000,Simulation,LucasArts,0.21,0.05,0,0,0.26
12440,Akai Katana Shin,X360,2011,Shooter,Cave,0.04,0,0.01,0,0.06
10386,Virtual Hydlide,SAT,1995,Role-Playing,Sega,0,0,0.11,0,0.11
2592,Mario & Sonic at the Sochi 2014 Olympic Winter Games,WiiU,2013,Sports,Nintendo,0.39,0.22,0.13,0.06,0.8
8512,Kamaitachi no Yoru × 3,PS2,2006,Adventure,Sega,0,0,0.16,0,0.16
3320,Madden NFL 2003,GBA,2002,Sports,Electronic Arts,0.44,0.16,0,0.01,0.61
3478,Mega Man Star Force 2: Zerker x Ninja / Saurian,DS,2007,Action,Capcom,0.25,0,0.31,0.02,0.58
14313,Sekai no Hate Made Itte Q! Chinjuu Hunter Mono no Daibouken,DS,2010,Misc,Kamui,0,0,0.03,0,0.03
11518,Shonen Jump's One Piece: Pirates Carnival,GC,2005,Misc,Namco Bandai Games,0.06,0.02,0,0,0.08
10106,PDC World Championship Darts: Pro Tour,Wii,2010,Sports,O-Games,0,0.1,0,0.01,0.11
9792,DiRT 2,DS,2009,Racing,Codemasters,0.06,0.04,0,0.01,0.12
5274,Picross 2,GB,1996,Puzzle,Nintendo,0,0,0.35,0,0.35
9364,Paperboy / Rampage,GBA,2005,Misc,Zoo Digital Publishing,0.1,0.04,0,0,0.13
16305,Tetris Ultimate,PSV,2014,Puzzle,Ubisoft,0,0.01,0,0,0.01
14690,Samurai Warriors 2,PS3,2013,Action,Tecmo Koei,0,0,0.03,0,0.03
12045,Real Time Conflict: Shogun Empires,DS,2005,Strategy,Namco Bandai Games,0.06,0,0,0,0.07
12849,Princess on Ice,DS,2008,Sports,505 Games,0.04,0.01,0,0,0.05
12271,July,DC,1998,Adventure,Fortyfive,0,0,0.06,0,0.06
16220,Far East of Eden II: Manji Maru,DS,2006,Role-Playing,Hudson Soft,0,0,0.01,0,0.01
14887,LEGO Pirates of the Caribbean: The Video Game,PC,2011,Action,Disney Interactive Studios,0.02,0,0,0,0.03
12178,R-Type Command,PSP,2007,Strategy,Rising Star Games,0.05,0,0.01,0.01,0.07
16564,Kanokon: Esuii,PS2,2008,Adventure,5pb,0,0,0.01,0,0.01
5312,Need for Speed Carbon,GC,2006,Racing,Electronic Arts,0.27,0.07,0,0.01,0.35
4441,Need for Speed: Shift 2 Unleashed,X360,2011,Racing,Electronic Arts,0.18,0.22,0,0.04,0.44
4624,NFL Blitz 2001,N64,2000,Sports,Midway Games,0.34,0.07,0,0,0.42
4862,NBA Live 2002,XB,2001,Sports,Electronic Arts,0.35,0.03,0,0.02,0.4
9837,Prince of Persia: Rival Swords,PSP,2007,Action,Ubisoft,0.08,0.02,0,0.02,0.12
2574,Aliens: Colonial Marines,X360,2013,Shooter,Sega,0.36,0.37,0,0.07,0.8
9917,Dementium II,DS,2010,Shooter,SouthPeak Games,0.09,0.02,0,0.01,0.12
8755,Metal Gear Solid V: Ground Zeroes,X360,2014,Action,Konami Digital Entertainment,0.07,0.06,0.01,0.01,0.15
9108,Krull,2600,1982,Action,Atari,0.13,0.01,0,0,0.14
3966,Hitman: Blood Money,PS2,2006,Action,Eidos Interactive,0.25,0.19,0,0.06,0.5
14139,Silent Scope,GBA,2002,Shooter,Konami Digital Entertainment,0.02,0.01,0,0,0.03
8033,Lips: Party Classics,X360,2010,Misc,Microsoft Game Studios,0.05,0.11,0,0.02,0.18
16114,Last Escort: Club Katze,PS2,2010,Adventure,D3Publisher,0,0,0.01,0,0.01
13706,Novastorm,PS,1995,Shooter,Psygnosis,0.02,0.02,0,0,0.04
5370,Monster Rancher 4,PS2,2003,Simulation,Tecmo Koei,0.08,0.06,0.19,0.02,0.34
14987,"Hisshou Pachinko*Pachi-Slot Kouryaku Series DS Vol. 1: Shinseiki Evangelion - Magokoro o, Kimi ni",DS,2008,Misc,D3Publisher,0,0,0.02,0,0.02
15714,TV Anime Idolm@ster: Cinderella Girls G4U! Pack Vol.3,PS3,2015,Action,Namco Bandai Games,0,0,0.02,0,0.02
6120,Metal Gear Solid V: Ground Zeroes,XOne,2014,Action,Konami Digital Entertainment,0.15,0.11,0,0.02,0.28
2106,Cars,DS,2006,Racing,THQ,0.85,0.05,0,0.08,0.98
15478,Black Rose Valkyrie,PS4,2016,Role-Playing,Idea Factory,0,0,0.02,0,0.02
13045,Bejeweled Twist,PC,2008,Puzzle,PopCap Games,0.01,0.04,0,0.01,0.05
3784,Winning Post,SNES,1993,Sports,Tecmo Koei,0,0,0.53,0,0.53
13552,Star X,GBA,2002,Shooter,BAM! Entertainment,0.03,0.01,0,0,0.04
11798,The Idolm@ster: Live for You!,X360,2008,Misc,Namco Bandai Games,0,0,0.07,0,0.07
14096,Hakuouki: Zuisouroku DS,DS,2011,Adventure,Idea Factory,0,0,0.04,0,0.04
3318,Split/Second,X360,2010,Racing,Disney Interactive Studios,0.32,0.23,0,0.06,0.61
12147,Transformer: Rise of the Dark Spark (3DS),3DS,2014,Role-Playing,Activision,0.05,0.01,0,0.01,0.07
9017,Rayman 3,GBA,2003,Platform,Ubisoft,0.1,0.04,0,0,0.14
14174,SD Gundam G Generation: Gather Beat 2,WS,2001,Strategy,Namco Bandai Games,0,0,0.03,0,0.03
957,Metroid Prime 3: Corruption,Wii,2007,Shooter,Nintendo,0.91,0.74,0.07,0.09,1.82
6202,The Adventures of Jimmy Neutron Boy Genius: Attack of the Twonkies,GC,2004,Action,THQ,0.22,0.06,0,0.01,0.28
14075,Aegis of Earth: Protonovus Assault,PSV,2016,Action,PQube,0.02,0.01,0,0.01,0.04
143,Metal Gear Solid 2: Sons of Liberty,PS2,2001,Action,Konami Digital Entertainment,2.45,2.01,0.87,0.72,6.05
8735,The Quest Trio,DS,2008,Puzzle,Avanquest,0.14,0.01,0,0.01,0.15
9542,Green Lantern: Rise of the Manhunters,3DS,2011,Action,Warner Bros. Interactive Entertainment,0.09,0.03,0,0.01,0.13
3193,Sim Theme Park,PS,1999,Strategy,Electronic Arts,0.35,0.24,0,0.04,0.63
5877,Wacky Races: Crash & Dash,Wii,2008,Racing,Eidos Interactive,0.27,0.01,0,0.02,0.3
15801,Simple 2000 Series Vol. 105: The Maid Fuku to Kikanjuu,PS2,2006,Action,D3Publisher,0,0,0.02,0,0.02
12938,Dengeki Gakuen RPG: Cross of Venus,DS,2009,Role-Playing,ASCII Media Works,0,0,0.05,0,0.05
681,The Sims 3,X360,2010,Simulation,Electronic Arts,1.27,0.86,0,0.2,2.33
8626,Naruto: Ultimate Ninja Heroes 2 - The Phantom Fortress,PSP,2006,Fighting,Atari,0.14,0,0,0.01,0.16
12099,Pro Yaky? Spirits 2014,PSV,2014,Sports,Konami Digital Entertainment,0,0,0.07,0,0.07
14565,Worms,PS3,2009,Strategy,Sony Computer Entertainment,0,0.02,0,0.01,0.03
7644,The BIGS 2,PS2,2009,Sports,Take-Two Interactive,0.1,0.08,0,0.03,0.2
8194,Backyard Basketball,GBA,2004,Sports,Atari,0.13,0.05,0,0,0.18
15464,AIR,PSP,2007,Adventure,Prototype,0,0,0.02,0,0.02
2947,Disney Tangled,Wii,2010,Action,Disney Interactive Studios,0.47,0.17,0,0.05,0.69
4546,Def Jam Icon,PS3,2007,Action,Electronic Arts,0.16,0.19,0,0.08,0.43
6073,Borderlands: The Pre-Sequel,PC,2014,Shooter,Take-Two Interactive,0.11,0.15,0,0.03,0.29
13090,Philosoma,PS,1995,Shooter,Sony Computer Entertainment,0.03,0.02,0,0,0.05
7967,MotoGP,Wii,2009,Racing,Capcom,0.05,0.11,0,0.02,0.19
689,Need For Speed: High Stakes,PS,1999,Racing,Electronic Arts,1.58,0.64,0,0.09,2.31
13483,Yes! PreCure 5,DS,2007,Action,Namco Bandai Games,0,0,0.04,0,0.04
7481,BeyBlade VForce: Super Tournament Battle,GC,2002,Action,Atari,0.16,0.04,0,0.01,0.21
11441,King's Field (Japan),PS,1994,Role-Playing,From Software,0,0,0.08,0.01,0.08
12015,G-Saviour,PS2,2000,Action,Sunrise Interactive,0,0,0.07,0,0.07
11734,Fairy Tail: Portable Guild 2,PSP,2011,Fighting,Konami Digital Entertainment,0,0,0.08,0,0.08
10914,Lego Star Wars: The Force Awakens,PSV,2016,Action,Warner Bros. Interactive Entertainment,0.02,0.05,0,0.02,0.09
8781,Heroes of Mana,DS,2007,Strategy,Square Enix,0.08,0.01,0.05,0.01,0.15
9882,Everybody Dance,PS3,2011,Misc,Sony Computer Entertainment,0.11,0,0,0.01,0.12
3148,Lost Planet: Extreme Condition,PS3,2008,Shooter,Capcom,0.31,0.17,0.07,0.09,0.64
5164,NBA Live 2003,XB,N/A,Sports,Electronic Arts,0.31,0.04,0,0.01,0.36
6759,Butt Ugly Martians: B.K.M. Battles,GBA,2002,Action,Vivendi Games,0.18,0.07,0,0,0.25
7841,SNK Arcade Classics Vol. 1,PS2,2008,Misc,Ignition Entertainment,0.09,0.07,0,0.02,0.19
4908,The Darkness II,X360,2012,Shooter,Take-Two Interactive,0.24,0.12,0,0.03,0.39
15062,Dunamis 15,PS3,2011,Adventure,5pb,0,0,0.02,0,0.02
11048,Saikyou Habu Shogi,N64,1996,Misc,Seta Corporation,0,0,0.06,0.03,0.09
11826,Aero Elite: Combat Academy,PS2,2002,Simulation,Sega,0.04,0.03,0,0.01,0.07
7750,Conflict: Denied Ops,X360,2008,Shooter,Eidos Interactive,0.08,0.09,0,0.02,0.19
14442,Transformers: Devastation,PC,2015,Action,Activision,0,0.03,0,0,0.03
732,BioShock 2,X360,2010,Shooter,Take-Two Interactive,1.45,0.55,0.02,0.19,2.21
3393,CyberTiger,PS,1998,Sports,Electronic Arts,0.33,0.22,0,0.04,0.59
991,The SpongeBob SquarePants Movie,PS2,2004,Platform,THQ,1.06,0.54,0,0.16,1.76
5340,Street Fighter Alpha: Warriors' Dreams,SAT,1996,Fighting,Capcom,0,0,0.35,0,0.35
5899,N3: Ninety-Nine Nights,X360,2006,Action,Microsoft Game Studios,0.2,0.03,0.05,0.02,0.3
3694,The SpongeBob SquarePants Movie,XB,2004,Platform,THQ,0.4,0.12,0,0.02,0.54
2237,Toy Story 2: Buzz Lightyear to the Rescue!,N64,1999,Platform,Activision,0.71,0.2,0,0.01,0.93
4646,Monster Jam: Urban Assault,Wii,2008,Racing,Activision,0.39,0,0,0.03,0.42
13433,Futurama,XB,2003,Platform,SCi,0.03,0.01,0,0,0.05
7085,Barbie and the Three Musketeers,Wii,2009,Adventure,Activision,0.21,0,0,0.02,0.23
13029,Sigma Star Saga,GBA,2005,Role-Playing,Atari,0.04,0.01,0,0,0.05
8588,Hydro Thunder,N64,2000,Racing,Midway Games,0.13,0.03,0,0,0.16
6786,Panzer General,PS,1995,Strategy,Mindscape,0.14,0.09,0,0.02,0.24
3488,Rock Band 3,PS3,2010,Misc,MTV Games,0.43,0.09,0,0.06,0.58
11027,Are You Smarter Than a 5th Grader? Back to School,DS,2010,Misc,THQ,0.08,0,0,0.01,0.09
9201,The Darkness II,PC,2012,Shooter,Take-Two Interactive,0.1,0.03,0,0.01,0.14
11245,Build 'n Race,Wii,2009,Racing,Zoo Games,0.08,0,0,0.01,0.09
6607,Baldur's Gate: Dark Alliance II,XB,2004,Role-Playing,Acclaim Entertainment,0.19,0.06,0,0.01,0.26
9860,Lost Magic,DS,2006,Role-Playing,Ubisoft,0.09,0,0.02,0.01,0.12
2937,MotionSports,X360,2010,Sports,Ubisoft,0.38,0.26,0,0.06,0.7
3815,Go Diego Go! Safari Rescue,Wii,2008,Action,Take-Two Interactive,0.48,0.01,0,0.04,0.53
4220,Mega Man Star Force 3: Black Ace / Red Joker,DS,2008,Action,Capcom,0.22,0,0.22,0.02,0.47
1406,Duke Nukem: Time to Kill,PS,1998,Shooter,Take-Two Interactive,0.77,0.54,0,0.07,1.38
16486,Hospital Tycoon,PC,2007,Strategy,Codemasters,0,0.01,0,0,0.01
1589,Dragon Ball: Daimaou Fukkatsu,NES,1988,Role-Playing,Namco Bandai Games,0,0,1.25,0,1.25
15121,Pro Fishing Challenge,XB,2004,Sports,Atlus,0.02,0,0,0,0.02
7119,Child of Eden,PS3,2011,Shooter,Ubisoft,0.09,0.1,0,0.04,0.23
3817,Picross 3D,DS,2009,Puzzle,Nintendo,0.3,0.03,0.16,0.03,0.53
13157,Guild 01,3DS,2012,Action,Level 5,0,0,0.05,0,0.05
11204,Mahjong Master,N64,1996,Misc,Konami Digital Entertainment,0,0,0.09,0,0.09
5328,The Tale of Despereaux,PS2,2008,Platform,Brash Entertainment,0.17,0.13,0,0.04,0.35
5427,Buzz! The Ultimate Music Quiz,PS3,2010,Misc,Sony Computer Entertainment,0,0.25,0,0.08,0.34
73,Minecraft,X360,2013,Misc,Microsoft Game Studios,5.58,2.83,0.02,0.77,9.2
4109,World of Warcraft: Warlords of Draenor,PC,2014,Action,Activision Blizzard,0.08,0.36,0,0.04,0.48
9129,NFL Head Coach 09,PS3,2008,Sports,Electronic Arts,0.13,0,0,0.01,0.14
9933,Spider-Man: Edge of Time,3DS,2011,Action,Activision,0.08,0.03,0,0.01,0.12
6698,Def Jam Vendetta,GC,2003,Fighting,Electronic Arts,0.19,0.05,0,0.01,0.25
10901,Scooby-Doo! Unmasked,DS,2005,Platform,THQ,0.07,0.02,0,0.01,0.09
15742,Football Manager 2007,X360,N/A,Sports,Sega,0,0.01,0,0,0.02
7862,Mace: The Dark Age,N64,1997,Fighting,GT Interactive,0.15,0.04,0,0,0.19
13726,Off-Road Drive,PC,2011,Racing,1C Company,0,0.03,0,0.01,0.04
12268,World Poker Tour,XB,2005,Misc,Take-Two Interactive,0.05,0.01,0,0,0.06
6442,NBA 07,PS3,2006,Sports,Sony Computer Entertainment,0.24,0,0.01,0.02,0.26
8973,Mad Dash Racing,XB,2001,Racing,Eidos Interactive,0.11,0.03,0,0.01,0.15
4424,X-Men Legends II: Rise of Apocalypse,XB,2005,Role-Playing,Activision,0.3,0.12,0,0.02,0.44
3016,Club Penguin: Elite Penguin Force - Herbert's Revenge,DS,2010,Adventure,Disney Interactive Studios,0.4,0.22,0,0.06,0.67
16108,Rock N' Roll Racing,SNES,1993,Racing,Interplay,0,0,0.01,0,0.01
12336,Famicom Mini: Balloon Fight,GBA,2004,Action,Nintendo,0,0,0.06,0,0.06
2665,Madden NFL 25,XOne,2013,Sports,Electronic Arts,0.67,0.05,0,0.05,0.77
14142,Clever Kids: Pirates,DS,2008,Misc,Midas Interactive Entertainment,0,0.03,0,0,0.03
10110,Let's Play Garden,DS,2010,Simulation,Deep Silver,0.11,0,0,0.01,0.11
15029,Stronghold Crusader Extreme,PC,2008,Strategy,Gamecock,0,0.02,0,0,0.02
12354,Deathrow: Underground Team Combat,XB,2002,Sports,Ubisoft,0.05,0.01,0,0,0.06
16337,Greg Hastings' Tournament Paintball Max'd,PS2,2006,Shooter,Activision,0.01,0,0,0,0.01
6810,Pro Yaky? Spirits 2011,PSP,2011,Sports,Konami Digital Entertainment,0,0,0.24,0,0.24
16164,htoL#NiQ: The Firefly Diary,PSV,2014,Platform,Nippon Ichi Software,0,0,0.01,0,0.01
865,Burnout Paradise,PS3,2008,Racing,Electronic Arts,1.01,0.64,0.02,0.3,1.97
11946,Fable: The Lost Chapters,PC,2005,Role-Playing,Microsoft Game Studios,0.01,0.05,0,0.01,0.07
11827,You Don't Know Jack,DS,2011,Misc,THQ,0.07,0,0,0.01,0.07
1812,Jampack Winter '98,PS,1998,Misc,Sony Computer Entertainment,0.63,0.43,0,0.07,1.13
8680,Culdcept,3DS,2012,Misc,Nintendo,0,0,0.16,0,0.16
2180,Ben 10: Alien Force,DS,2008,Action,Koch Media,0.65,0.22,0,0.09,0.95
14641,Syberia II,XB,2004,Adventure,Ubisoft,0.02,0.01,0,0,0.03
12242,Speed Racer,PS,1996,Racing,Tomy Corporation,0.04,0.02,0,0,0.07
12116,TigerShark,PS,1997,Simulation,GT Interactive,0.04,0.03,0,0,0.07
4824,NCAA GameBreaker 2000,PS,1999,Sports,989 Studios,0.22,0.15,0,0.03,0.4
11745,AKB1/149: Love Election,PSV,2012,Adventure,Namco Bandai Games,0,0,0.07,0,0.07
2061,1942,NES,1985,Shooter,Capcom,0.65,0.14,0.21,0,1
6641,Spy Kids Challenger,GBA,2002,Platform,Disney Interactive Studios,0.18,0.07,0,0,0.25
2455,Spider-Man 2,GC,2004,Action,Activision,0.65,0.17,0,0.02,0.84
59,Pokemon FireRed/Pokemon LeafGreen,GBA,2004,Role-Playing,Nintendo,4.34,2.65,3.15,0.35,10.49
2582,Prince of Persia: Warrior Within,XB,2004,Action,Ubisoft,0.48,0.28,0,0.04,0.8
2936,TimeSplitters 2,PS2,2002,Shooter,Eidos Interactive,0.34,0.27,0,0.09,0.7
6496,Star Trek: Invasion,PS,2000,Simulation,Activision,0.15,0.1,0,0.02,0.26
6360,The Penguins of Madagascar,DS,2010,Action,THQ,0.13,0.12,0,0.02,0.27
9903,Legends of Wrestling II,GC,2002,Fighting,Acclaim Entertainment,0.09,0.02,0,0,0.12
5438,Delta Force: Black Hawk Down,XB,2005,Shooter,NovaLogic,0.25,0.07,0,0.01,0.34
12055,Tournament of Legends,Wii,2010,Fighting,Sega,0.04,0.02,0,0.01,0.07
13953,Teenage Zombies: Invasion of the Alien Brain Thingys,DS,2008,Adventure,Ignition Entertainment,0.03,0,0,0,0.04
10938,Import Tuner Challenge (American sales),X360,2006,Racing,Ubisoft,0.07,0.01,0,0.01,0.09
14480,Shantae and the Pirate's Curse,3DS,2015,Platform,Intergrow,0,0,0.03,0,0.03
3894,Lords of the Fallen,PS4,2014,Role-Playing,Square Enix,0.17,0.23,0.02,0.09,0.51
10937,Cabela's Big Game Hunter,GBA,2002,Sports,Activision Value,0.07,0.02,0,0,0.09
88,Final Fantasy VIII,PS,1999,Role-Playing,SquareSoft,2.28,1.72,3.63,0.23,7.86
712,Guitar Hero III: Legends of Rock,PS3,2007,Misc,Activision,1.4,0.54,0.02,0.3,2.26
10474,Miami Law,DS,2009,Adventure,Konami Digital Entertainment,0.1,0,0,0.01,0.1
15802,Davis Cup Tennis,GBA,2002,Sports,Ubisoft,0.01,0,0,0,0.02
14836,Pop Cutie! Street Fashion Simulation (JP sales),DS,2008,Simulation,Tecmo Koei,0,0,0.03,0,0.03
12156,Driver: Parallel Lines,XB,2006,Racing,Atari,0.05,0.01,0,0,0.07
7947,Face Training,DS,2007,Misc,Nintendo,0,0,0.19,0,0.19
4489,SpongeBob's Atlantis SquarePantis,PS2,2007,Action,THQ,0.36,0.01,0,0.06,0.44
1011,Disney's Aladdin,SNES,1993,Platform,Capcom,0.94,0.34,0.21,0.27,1.75
8625,FlatOut 2,PS2,2006,Racing,Empire Interactive,0.08,0.06,0,0.02,0.16
10994,Pokemon Rumble World,3DS,2015,Action,Nintendo,0,0.01,0.08,0,0.09
15203,Indigo Prophecy,PC,2005,Adventure,Atari,0,0.02,0,0,0.02
7684,South Park: The Stick of Truth,PC,2014,Role-Playing,Ubisoft,0.07,0.1,0,0.02,0.2
10138,Where the Wild Things Are,X360,2009,Platform,Warner Bros. Interactive Entertainment,0.1,0,0,0.01,0.11
1998,Mega Man X4,PS,1996,Action,Virgin Interactive,0.45,0.3,0.22,0.07,1.04
13023,Microsoft Flight Simulator X Acceleration Expansion Pack,PC,2007,Simulation,Microsoft Game Studios,0,0.04,0,0.01,0.05
4556,Call of Duty: Black Ops II,WiiU,2012,Shooter,Activision,0.21,0.18,0,0.03,0.43
10667,Bleach: Dark Souls (JP sales),DS,2007,Fighting,Sega,0,0,0.1,0,0.1
11456,Horrid Henry's Horrid Adventure,DS,2010,Adventure,Asylum Entertainment,0,0.07,0,0.01,0.08
7368,Neo Contra,PS2,2004,Shooter,Konami Digital Entertainment,0.1,0.08,0,0.03,0.21
15594,Puzzle Guzzle,PSP,2007,Puzzle,DHM Interactive,0.02,0,0,0,0.02
1262,Ice Climber,NES,1985,Platform,Nintendo,0.46,0.1,0.92,0.02,1.5
367,FIFA Soccer 11,X360,2010,Sports,Electronic Arts,0.71,2.4,0.02,0.4,3.53
2939,Classic NES Series: Zelda II: The Adventure of Link,GBA,2004,Adventure,Nintendo,0.37,0.14,0.17,0.01,0.7
10944,Dragon Tales: Dragon Seek,PS,2000,Platform,Ubisoft,0.05,0.03,0,0.01,0.09
8658,Mugen Souls,PS3,2012,Role-Playing,Nippon Ichi Software,0.04,0.03,0.08,0.01,0.16
1863,Popeye,NES,1983,Platform,Nintendo,0.51,0.12,0.45,0.02,1.1
3411,Spelling Challenges and more!,DS,2007,Misc,505 Games,0.54,0,0,0.04,0.59
9563,Gunstar Heroes,GEN,1992,Shooter,Sega,0,0,0.13,0,0.13
6116,Bratz Ponyz,DS,2007,Adventure,Game Factory,0.26,0,0,0.02,0.28
16053,Coronation Street: The Mystery of the Missing Hotpot Recipe,PC,2011,Adventure,Avanquest,0,0.01,0,0,0.01
3316,Major League Baseball 2K9,X360,2009,Sports,Spike,0.56,0,0,0.05,0.61
14315,Majesty 2: The Fantasy Kingdom Sim,X360,N/A,Simulation,Unknown,0.03,0,0,0,0.03
7475,Final Fight One,GBA,2001,Fighting,Ubisoft,0.09,0.03,0.08,0,0.21
9996,Sphinx and the Cursed Mummy,XB,2003,Action,THQ,0.09,0.02,0,0,0.12
2005,LEGO Indiana Jones 2: The Adventure Continues,X360,2009,Action,Activision,0.62,0.33,0,0.09,1.04
9836,MX vs. ATV Untamed,DS,2007,Racing,THQ,0.11,0,0,0.01,0.12
6851,All Grown Up!: Game Boy Advance Video Volume 1,GBA,2004,Misc,N/A,0.17,0.06,0,0,0.24
9571,Batman: Arkham Knight,PC,2015,Action,Warner Bros. Interactive Entertainment,0.08,0.03,0,0.01,0.13
16186,Sakura-Sou no Pet na Kanojo,PSP,2013,Adventure,Kadokawa Games,0,0,0.01,0,0.01
2555,The Next Tetris,PS,1998,Puzzle,Atari,0.45,0.31,0,0.05,0.81
7891,Brunswick Pro Bowling,PS3,2010,Sports,505 Games,0.1,0.06,0,0.03,0.19
16044,Puyo Pop Fever,GC,2004,Puzzle,Sega,0.01,0,0,0,0.01
13848,NHL Blades of Steel 2000,PS,1999,Sports,Konami Digital Entertainment,0.02,0.01,0,0,0.04
2999,Hidden Objects: Mystery Stories,DS,2009,Adventure,GSP,0.19,0.43,0,0.05,0.68
2717,That's So Raven,GBA,2004,Adventure,Disney Interactive Studios,0.54,0.2,0,0.01,0.76
2973,Shark Tale,GBA,2004,Action,Activision,0.49,0.18,0,0.01,0.68
8820,Killer7,GC,2005,Action,Capcom,0.12,0.03,0,0,0.15
12535,Pheasants Forever Wingshooter,Wii,2010,Shooter,Unknown,0.03,0.02,0,0,0.06
4964,Tom Clancy's Ghost Recon 2: Summit Strike,XB,2005,Shooter,Ubisoft,0.29,0.08,0,0.01,0.39
9172,Earth Defense Force 2: Invaders from Planet Space,PSP,2011,Action,D3Publisher,0,0,0.14,0,0.14
16567,Original Frisbee Disc Sports: Ultimate & Golf,DS,2007,Action,"Destination Software, Inc",0.01,0,0,0,0.01
4905,SpongeBob's Truth or Square (US sales),PSP,2009,Action,THQ,0.39,0,0,0,0.39
373,Donkey Kong Country 3: Dixie Kong's Double Trouble!,SNES,1996,Platform,Nintendo,1.17,0.5,1.75,0.08,3.51
10392,Space Invaders,GBA,2002,Shooter,Activision,0.08,0.03,0,0,0.11
10478,Nicktoons: MLB,DS,2011,Sports,Take-Two Interactive,0.1,0,0,0.01,0.1
11795,Winx Club,GBA,2005,Shooter,Konami Digital Entertainment,0.05,0.02,0,0,0.07
12250,Jewel Link Chronicles: Mountains of Madness,DS,N/A,Puzzle,Avanquest,0,0.06,0,0.01,0.06
6053,MLB Pennant Race,PS,1996,Sports,Sony Computer Entertainment,0.16,0.11,0,0.02,0.29
11760,The History Channel: Battle for the Pacific,PS3,2008,Shooter,Activision,0.07,0,0,0.01,0.07
4510,NCAA Football 2004,XB,2003,Sports,Electronic Arts,0.4,0.02,0,0.02,0.43
14012,Monster Force,GBA,2002,Shooter,Universal Interactive,0.03,0.01,0,0,0.04
4059,Taiko no Tatsujin: Appare Sandaime,PS2,2003,Misc,Namco Bandai Games,0,0,0.49,0,0.49
15910,Saenai Kanojo no Sodatekata: Blessing Flowers,PSV,2015,Action,5pb,0,0,0.02,0,0.02
15902,Triggerheart Exelica,DC,2007,Shooter,Warashi,0,0,0.02,0,0.02
12413,SpongeBob SquarePants: Plankton's Robotic Revenge,3DS,2013,Shooter,Activision,0,0.06,0,0,0.06
15937,Katekyoo Hitman Reborn! DS: Mafia Daishuugou Bongole Festival,DS,2008,Action,Takara Tomy,0,0,0.02,0,0.02
8767,Murdered: Soul Suspect,PS3,2014,Action,Square Enix,0.05,0.06,0.02,0.02,0.15
103,Just Dance,Wii,2009,Misc,Ubisoft,3.51,3.03,0,0.73,7.27
5660,Frankenstein's Monster,2600,1982,Action,Data Age,0.3,0.02,0,0,0.32
10313,Langrisser IV,SAT,1997,Strategy,NCS,0,0,0.11,0,0.11
2794,Star Ocean: The Last Hope International,PS3,2010,Role-Playing,Square Enix,0.28,0.16,0.22,0.08,0.73
7057,Cabela's Outdoor Adventures (2009),PS3,2009,Sports,Activision Value,0.21,0,0,0.02,0.23
4346,Star Wars Jedi Knight: Jedi Academy,XB,2003,Shooter,Activision,0.34,0.1,0,0.02,0.45
4030,The Matrix: Path of Neo,PS2,2005,Action,Atari,0.41,0.01,0,0.07,0.49
5555,Folklore,PS3,2007,Role-Playing,Sony Computer Entertainment,0.2,0.05,0.05,0.03,0.33
8684,MX 2002 Featuring Ricky Carmichael,GBA,2001,Racing,THQ,0.11,0.04,0,0,0.16
5085,Puppy Palace,DS,2008,Simulation,Ubisoft,0.35,0,0,0.03,0.37
8837,NBA ShootOut 2001,PS2,2001,Sports,Sony Computer Entertainment,0.07,0.06,0,0.02,0.15
14091,Star Wars Jedi Knight: Jedi Academy,PC,2003,Shooter,Activision,0,0.03,0,0.01,0.04
15806,Kimi ni Todoke: Sodateru Omoi,DS,2009,Adventure,Banpresto,0,0,0.02,0,0.02
6946,Sands of Destruction,DS,2008,Role-Playing,Sega,0.09,0,0.13,0.01,0.24
272,Uncharted 4: A Thief's End,PS4,2016,Shooter,Sony Computer Entertainment,1.3,2.07,0.18,0.65,4.2
13439,Ape Escape,PS3,2010,Platform,Sony Computer Entertainment,0,0.03,0,0.01,0.05
14003,Age of Mythology: The Titans,PC,2003,Strategy,Microsoft Game Studios,0.01,0.02,0,0,0.04
8018,Ringling Bros. and Barnum & Bailey Circus,Wii,2009,Action,Take-Two Interactive,0.17,0,0,0.01,0.18
11897,Guilty Gear Xrd -Revelator-,PS4,2016,Fighting,PQube,0.02,0,0.05,0,0.07
5011,Shin Megami Tensei: Devil Summoner,SAT,1995,Role-Playing,Atlus,0,0,0.38,0,0.38
6794,Madden NFL 13,WiiU,2012,Sports,Electronic Arts,0.22,0,0,0.02,0.24
8739,Paris-Dakar Rally,PS2,2001,Racing,Acclaim Entertainment,0.08,0.06,0,0.02,0.15
13541,King Arthur,GC,2004,Action,Konami Digital Entertainment,0.03,0.01,0,0,0.04
595,Ghostbusters: The Video Game (DS Version),X360,2009,Action,Take-Two Interactive,1.04,1.24,0.03,0.27,2.58
16345,Fashionable Puppy: Oshare na Koinu DS,DS,2007,Simulation,MTO,0,0,0.01,0,0.01
5413,Star Ocean: Second Evolution,PSP,2008,Role-Playing,Square Enix,0.14,0.02,0.16,0.02,0.34
16436,Clive Barker's Jericho,PC,2007,Shooter,Codemasters,0,0.01,0,0,0.01
11086,Captain Tsubasa: Aratanaru Densetsu Joshou,PS,2002,Sports,Konami Digital Entertainment,0,0,0.08,0.01,0.09
15265,Higurashi Daybreak Portable Mega Edition,PSP,2009,Adventure,Alchemist,0,0,0.02,0,0.02
7726,WipeOut 3 The Game,3DS,2012,Action,Activision,0.18,0,0,0.01,0.2
5653,Tetris 2 + Bombliss,NES,1991,Puzzle,BPS,0,0,0.32,0,0.32
4434,Tiger Woods PGA Tour 2003,XB,2002,Sports,Electronic Arts,0.35,0.08,0,0.01,0.44
6285,Indy 500,2600,N/A,Racing,Atari,0.26,0.01,0,0,0.27
6203,Silent Hill 2: Restless Dreams,XB,2001,Action,Konami Digital Entertainment,0.21,0.06,0,0.01,0.28
2740,WWE SmackDown vs. Raw 2010,Wii,2009,Fighting,THQ,0.51,0.17,0,0.07,0.75
11638,Dragon Shadow Spell,PS2,2007,Role-Playing,Flight-Plan,0,0,0.08,0,0.08
13054,Summon Night X: Tears Crown,DS,2009,Role-Playing,Namco Bandai Games,0,0,0.05,0,0.05
1123,Kinectimals,X360,2010,Simulation,Microsoft Game Studios,1.02,0.48,0,0.14,1.64
5955,Thief (2014),X360,2014,Action,Square Enix,0.14,0.13,0,0.03,0.3
5327,From TV Animation One Piece: Tobidase Kaizokudan!,PS,2001,Role-Playing,Namco Bandai Games,0,0,0.32,0.02,0.35
9541,Monster Hunter Frontier Online,X360,2010,Role-Playing,Capcom,0,0,0.13,0,0.13
11137,Nobunaga's Ambition: Iron Triangle,PS2,2006,Strategy,Tecmo Koei,0.04,0.03,0,0.01,0.09
8177,Sonic Riders: Zero Gravity,PS2,2008,Racing,Sega,0.09,0.07,0,0.02,0.18
16182,Sega Golf Club: Miyazato San Kyoudai Naizou,PS3,2006,Sports,Sega,0,0,0.01,0,0.01
6102,Earthworm Jim,GBA,2001,Platform,Interplay,0.2,0.08,0,0.01,0.29
9721,Puzzle Quest 2,DS,2010,Puzzle,D3Publisher,0.11,0,0,0.01,0.12
7852,Jampack: Summer 2003 (RP-T),PS2,2003,Misc,Sony Computer Entertainment,0.09,0.07,0,0.02,0.19
15291,Military History: Commander - Europe at War,PSP,2009,Strategy,Slitherine Software,0,0.01,0,0.01,0.02
5135,Pac-Man World 2,GC,2002,Action,Nintendo,0.28,0.07,0,0.01,0.37
11673,Dragon Force II: Kamisarishi Daichi ni,SAT,1998,Strategy,Sega,0,0,0.08,0,0.08
2384,Tom Clancy's Ghost Recon: Island Thunder,XB,2003,Shooter,Ubisoft,0.61,0.24,0,0.03,0.87
11506,The King of Fighters EX2: Howling Blood,GBA,2002,Fighting,Marvelous Interactive,0.06,0.02,0,0,0.08
16263,Paragon,PS4,2016,Action,Epic Games,0.01,0,0,0,0.01
182,Diablo III,PC,2012,Role-Playing,Activision,2.43,2.15,0,0.62,5.2
6930,LEGO Harry Potter: Years 5-7,PSV,2012,Action,Warner Bros. Interactive Entertainment,0.09,0.1,0,0.05,0.24
7712,101-in-1 Explosive Megamix,DS,2008,Puzzle,Nordcurrent,0.05,0.13,0,0.02,0.2
4950,MotoGP 08,PS3,2008,Racing,Capcom,0.07,0.24,0,0.08,0.39
9771,Saru! Get You! Million Monkeys,PS2,N/A,Platform,Unknown,0,0,0.12,0,0.12
10464,The Whispered World,PC,2009,Adventure,Deep Silver,0,0.08,0,0.02,0.1
226,Tony Hawk's Pro Skater 2,PS,2000,Sports,Activision,3.05,1.41,0.02,0.2,4.68
14841,World War II Combat: Road To Berlin,XB,2006,Shooter,Groove Games,0.02,0.01,0,0,0.03
6014,Ace Combat: Joint Assault,PSP,2010,Simulation,Namco Bandai Games,0.06,0.05,0.15,0.03,0.29
656,Batman: Arkham Origins,PS3,2013,Action,Warner Bros. Interactive Entertainment,1.07,0.87,0.04,0.4,2.39
4193,Boom Blox Bash Party,Wii,2009,Puzzle,Electronic Arts,0.34,0.09,0,0.04,0.47
10635,Aquapazza: Aquaplus Dream Match,PS3,2012,Fighting,Aqua Plus,0.05,0,0.05,0.01,0.1
12737,Pro Yaky? Spirits 2012,PSV,2012,Sports,Konami Digital Entertainment,0,0,0.06,0,0.06
14341,River City Super Sports Challenge,DS,2010,Sports,Arc System Works,0.01,0,0.02,0,0.03
7349,The Bard's Tale,PS2,2004,Role-Playing,Ubisoft,0.1,0.08,0,0.03,0.21
4323,NASCAR 2005: Chase for the Cup,XB,2004,Racing,Electronic Arts,0.34,0.1,0,0.02,0.45
6257,Donkey Kong GB: Dinky Kong & Dixie Kong,GB,2000,Platform,Nintendo,0,0,0.28,0,0.28
12895,UEFA Euro 2004: Portugal,XB,2004,Sports,Electronic Arts,0.04,0.01,0,0,0.05
15674,Unreal Tournament 2004,PC,2004,Shooter,Atari,0,0.01,0,0,0.02
9631,Little Battlers eXperience: Wars,3DS,2013,Strategy,Level 5,0,0,0.13,0,0.13
4684,Danganronpa: Trigger Happy Havoc,PSV,2013,Misc,Nippon Ichi Software,0.14,0.07,0.15,0.06,0.41
11123,World Soccer Winning Eleven 8 International,XB,2004,Sports,Konami Digital Entertainment,0.07,0.02,0,0,0.09
16524,Akatsuki no Goei Trinity,PS3,2012,Adventure,5pb,0,0,0.01,0,0.01
5502,Cool Boarders 2001,PS2,2001,Sports,Sony Computer Entertainment,0.16,0.13,0,0.04,0.33
7818,Tales of the World: Narikiri Dungeon 2,GBA,2002,Role-Playing,Namco Bandai Games,0,0,0.19,0,0.19
10539,Shellshock,PS,1995,Action,Core Design Ltd.,0.06,0.04,0,0.01,0.1
4235,Country Dance 2,Wii,2011,Misc,GameMill Entertainment,0.44,0,0,0.03,0.46
15040,Major Dream: Major DS Dream Baseball,DS,2008,Sports,Takara Tomy,0,0,0.02,0,0.02
12980,Powerdrome,PS2,2004,Racing,Evolved Games,0.03,0.02,0,0.01,0.05
15983,Turok,PC,2008,Action,Touchstone,0,0.01,0,0,0.01
12438,Naruto Shippuden: Gekito Ninja Taisen! Special,Wii,2010,Fighting,Takara Tomy,0,0,0.06,0,0.06
15274,XGRA: Extreme G Racing Association,GC,2003,Racing,Acclaim Entertainment,0.02,0,0,0,0.02
15706,Roommate Asami: Okusama wa Joshikousei,PS2,2002,Adventure,Datam Polystar,0,0,0.02,0,0.02
4092,The Sims 2: Pets,Wii,2007,Simulation,Electronic Arts,0.42,0.03,0,0.04,0.48
1605,Assassin's Creed: Bloodlines,PSP,2009,Action,Ubisoft,0.43,0.48,0.05,0.28,1.24
8651,Imagine: Ice Champions,DS,2007,Sports,Spike,0.15,0,0,0.01,0.16
6373,XGIII: Extreme G Racing,PS2,2001,Racing,Acclaim Entertainment,0.13,0.1,0,0.03,0.27
332,The Witcher 3: Wild Hunt,PS4,2015,Role-Playing,Namco Bandai Games,0.96,2,0.21,0.56,3.73
10656,NBA Ballers: Rebound,PSP,2006,Sports,Midway Games,0.09,0,0,0.01,0.1
16437,Tenjin Ranman: Happy GO Lucky!!,PSP,2010,Adventure,Russel,0,0,0.01,0,0.01
12851,Phantasy Star Online Episode I & II Plus,GC,2003,Role-Playing,Sega,0.04,0.01,0,0,0.05
2614,Dance Dance Revolution SuperNOVA 2,PS2,2007,Simulation,Konami Digital Entertainment,0.64,0.03,0.02,0.1,0.79
11308,ESPN NFL Primetime 2002,PS2,2001,Sports,Konami Digital Entertainment,0.04,0.03,0,0.01,0.08
3132,Meccha! Taiko no Tatsujin Master DS: 7-tsu no Shima no Daibouken,DS,2008,Misc,Namco Bandai Games,0,0,0.65,0,0.65
7510,Chronicles of Mystery: Curse of the Ancient Temple,DS,2009,Adventure,City Interactive,0.07,0.11,0,0.02,0.2
14863,Marker Man Adventures,DS,2009,Platform,Majesco Entertainment,0.02,0,0,0,0.03
6602,Castlevania: Harmony of Dissonance,GBA,2002,Platform,Konami Digital Entertainment,0.16,0.06,0.04,0,0.26
8465,Taz Wanted,PS2,2002,Platform,Atari,0.08,0.06,0,0.02,0.16
9044,Spider-Man: Edge of Time,DS,2011,Action,Activision,0.12,0.01,0,0.01,0.14
6652,Family Guy: Back to the Multiverse,X360,2012,Action,Activision,0.14,0.09,0,0.02,0.25
1774,Doraemon,NES,1986,Action,Hudson Soft,0,0,1.15,0,1.15
7803,Disney's Magical Mirror Starring Mickey Mouse,GC,2002,Adventure,Nintendo,0.15,0.04,0,0.01,0.19
5782,Rapala Pro Bass Fishing 2010,Wii,2010,Sports,Activision,0.23,0.05,0,0.02,0.31
5137,Barbie Horse Adventures: Blue Ribbon Race,GBA,2003,Sports,Knowledge Adventure,0.26,0.1,0,0.01,0.37
10476,Kidou Senshi Gundam UC,PS3,2012,Action,Namco Bandai Games,0,0,0.1,0,0.1
2822,Imagine: Interior Designer,DS,2008,Simulation,Ubisoft,0.34,0.31,0,0.08,0.73
8165,College Hoops 2K7,PS3,2007,Sports,Take-Two Interactive,0.16,0,0,0.01,0.18
7323,SingStar: Back to the 80s,PS3,2011,Misc,Sony Computer Entertainment,0,0.16,0,0.05,0.21
8035,Borderlands,PC,2009,Shooter,Take-Two Interactive,0.01,0.14,0,0.04,0.18
11792,Margot's Word Brain,DS,2008,Puzzle,Zoo Games,0.07,0,0,0.01,0.07
10123,The Hardy Boys: The Hidden Theft,Wii,2009,Adventure,The Adventure Company,0.07,0.03,0,0.01,0.11
5410,Smart Girl's Party Game,DS,2008,Misc,505 Games,0.31,0,0,0.02,0.34
1221,MySims Kingdom,Wii,2008,Simulation,Electronic Arts,0.71,0.65,0.01,0.17,1.53
3701,Dance Dance Revolution Ultramix,XB,2003,Simulation,Konami Digital Entertainment,0.42,0.11,0,0.02,0.54
10084,Mass Destruction,PS,1997,Shooter,BMG Interactive Entertainment,0.06,0.04,0,0.01,0.11
8881,Soldier of Fortune: Payback,PS3,2007,Shooter,Activision,0.12,0.02,0,0.01,0.15
15760,Hurry Up Hedgehog!,DS,2009,Racing,O-Games,0.02,0,0,0,0.02
6086,Dragon Quest: Shounen Yangus to Fushigi no Dungeon,PS2,2006,Role-Playing,Square Enix,0,0,0.29,0,0.29
10360,The Book of Unwritten Tales,PC,2009,Adventure,HMH Interactive,0,0.08,0,0.02,0.11
9308,Divinity II: The Dragon Knight Saga,X360,2010,Role-Playing,Focus Home Interactive,0.11,0.02,0,0.01,0.14
6305,Sydney 2000,PS,2000,Sports,Eidos Interactive,0.15,0.1,0,0.02,0.27
6995,Starsky & Hutch,XB,2003,Racing,Empire Interactive,0.17,0.05,0,0.01,0.23
11461,Space Channel 5 Special Edition,PS2,2003,Misc,Agetec,0.04,0.03,0,0.01,0.08
7696,NASCAR Unleashed,Wii,2011,Racing,Activision,0.18,0,0,0.01,0.2
13624,The Sims Deluxe,PC,2002,Simulation,Electronic Arts,0.01,0.02,0,0.01,0.04
5168,Zero4 Champ RR,SNES,1994,Sports,Media Rings,0,0,0.36,0,0.36
11931,Haunting Ground,PS2,2005,Action,Capcom,0.03,0.03,0,0.01,0.07
14807,Nanotek Warrior,PS,1997,Shooter,Virgin Interactive,0.01,0.01,0,0,0.03
3530,Naruto: Ultimate Ninja 2,PS2,2004,Fighting,Namco Bandai Games,0.47,0.02,0,0.08,0.57
2156,Dragon Quest X,Wii,2012,Role-Playing,Square Enix,0,0,0.96,0,0.96
12314,Another Code R: A Journey into Lost Memories,Wii,2009,Adventure,Nintendo,0,0.03,0.03,0,0.06
9043,Second Sight,PS2,2004,Adventure,Codemasters,0.07,0.05,0,0.02,0.14
12748,TOCA Race Driver 2: Ultimate Racing Simulator,PS2,2004,Racing,Codemasters,0.03,0.02,0,0.01,0.06
11224,Charlotte's Web,DS,2006,Action,Sega,0.08,0,0,0.01,0.09
13235,Blazing Souls: Accelate,PSP,2009,Role-Playing,Idea Factory,0.04,0,0.01,0,0.05
5564,NBA Live 06,GC,2005,Sports,Electronic Arts,0.25,0.07,0,0.01,0.33
1946,Call of Duty 4: Modern Warfare,DS,2007,Shooter,Activision,0.96,0.02,0.01,0.08,1.06
11416,Jikkyou Powerful Pro Yakyuu 15,Wii,2008,Sports,Konami Digital Entertainment,0,0,0.08,0,0.08
7377,Hasbro Family Game Night 3,X360,2010,Misc,Electronic Arts,0.17,0.03,0,0.01,0.21
13622,Kamen Rider: Battride War Genesis,PS3,2016,Action,Namco Bandai Games,0,0,0.04,0,0.04
16097,Bakumatsu Koihana: Shinsengumi DS,DS,2008,Adventure,D3Publisher,0,0,0.01,0,0.01
2349,Call of Duty: Modern Warfare 2,PC,2009,Shooter,Activision,0.01,0.79,0,0.09,0.89
2026,Street Fighter Alpha 3,PS,1998,Fighting,Virgin Interactive,0.38,0.12,0.51,0.02,1.03
9069,Power Stone,DC,1998,Fighting,Eidos Interactive,0,0,0.14,0,0.14
4406,Mario Golf: Advance Tour,GBA,2004,Sports,Nintendo,0.32,0.12,0,0.01,0.45
8404,I'm A Celebrity: Get Me Out of Here!,Wii,2009,Misc,Mindscape,0,0.16,0,0.01,0.17
10406,Project: Horned Owl,PS,1995,Shooter,Sony Computer Entertainment,0.03,0.02,0.05,0.01,0.11
14916,Ghostbusters (2016),XOne,2016,Action,Activision,0.02,0,0,0,0.02
16390,Darkened Skye,GC,2002,Adventure,TDK Mediactive,0.01,0,0,0,0.01
5938,Finding Nemo: The Continuing Adventures,GBA,2004,Action,THQ,0.21,0.08,0,0.01,0.3
2477,FIFA 15,PSV,2014,Sports,Electronic Arts,0.13,0.48,0.04,0.19,0.84
10737,MTX Mototrax,XB,2004,Racing,Activision,0.07,0.02,0,0,0.1
6788,Gallop Racer (JP),PS,1996,Sports,Tecmo Koei,0.04,0.03,0.16,0.02,0.24
14587,Dream Pinball 3D,DS,2008,Misc,SouthPeak Games,0.03,0,0,0,0.03
14826,Captain Morgane and the Golden Turtle,PC,2012,Adventure,Reef Entertainment,0,0.02,0,0,0.03
14270,Mystery Case Files: Ravenhearst,PC,2007,Puzzle,Focus Home Interactive,0.01,0.02,0,0.01,0.03
5417,Spy Hunter,XB,2002,Racing,Midway Games,0.25,0.07,0,0.01,0.34
7274,NBA 06,PSP,2005,Sports,Sony Computer Entertainment,0.2,0,0,0.02,0.22
4928,Age of Empires III,PC,2005,Strategy,Microsoft Game Studios,0,0.32,0,0.07,0.39
9334,Peppa Pig: Fun and Games,Wii,2010,Misc,Ubisoft,0,0.12,0,0.02,0.13
6968,Big Beach Sports 2,Wii,N/A,Sports,THQ,0.09,0.12,0,0.03,0.23
9518,Warcraft III: Reign of Chaos,PC,2002,Strategy,Vivendi Games,0.03,0.08,0,0.02,0.13
7297,American Idol,GBA,2003,Misc,Codemasters,0.15,0.06,0,0,0.22
3790,Medal of Honor: European Assault,XB,2005,Shooter,Electronic Arts,0.32,0.19,0,0.02,0.53
14593,Wallace & Gromit in Project Zoo,XB,2003,Platform,BAM! Entertainment,0.02,0.01,0,0,0.03
12864,Wing Commander: Prophecy,GBA,2003,Simulation,"Destination Software, Inc",0.04,0.01,0,0,0.05
12473,Warriors of the Lost Empire,PSP,2007,Role-Playing,Mercury Games,0.05,0,0,0.01,0.06
15814,Ferrari: The Race Experience,Wii,N/A,Racing,System 3 Arcade Software,0,0.01,0,0,0.02
5906,Dragon Force,SAT,1996,Strategy,Sega,0,0,0.3,0,0.3
379,Star Wars Battlefront (2015),XOne,2015,Shooter,Electronic Arts,1.94,1.22,0.02,0.31,3.49
14314,Silverlicious,DS,2012,Action,N/A,0.03,0,0,0,0.03
10769,MySims SkyHeroes,X360,2010,Action,Electronic Arts,0.09,0,0,0.01,0.1
15770,Still Life 2,PC,2009,Adventure,Rondomedia,0,0.01,0,0,0.02
10159,The History Channel: Battle for the Pacific,Wii,2007,Shooter,Activision,0.1,0,0,0.01,0.11
10744,MotoGP 07,PS2,2007,Racing,Capcom,0.05,0.04,0,0.01,0.1
