Rank,Name,Platform,Year,Genre,Publisher,NA_Sales,EU_Sales,JP_Sales,Other_Sales,Global_Sales
11231,Savage Skies,PS2,2002,Shooter,Big Ben Interactive,0.04,0.03,0,0.01,0.09
13050,Disney's Party,GC,2002,Misc,Electronic Arts,0.04,0.01,0,0,0.05
10596,Blue Dragon: Awakened Shadow,DS,2009,Role-Playing,Namco Bandai Games,0.06,0,0.03,0,0.1
1708,Resident Evil: Operation Raccoon City,PS3,2012,Action,Capcom,0.48,0.25,0.36,0.1,1.18
7633,The Con,PSP,2005,Fighting,Sony Computer Entertainment,0.18,0,0,0.02,0.2
10032,Brain Quest: Grades 5 & 6,DS,2008,Misc,Electronic Arts,0.11,0,0,0.01,0.11
3654,Tatsunoko vs. Capcom: Ultimate All-Stars,Wii,2010,Fighting,Capcom,0.32,0.16,0.03,0.05,0.55
16302,Moe Moe 2-Ji Daisenryaku 2,PSP,2010,Strategy,System Soft,0,0,0.01,0,0.01
15747,Cross + Channel,PSP,2010,Adventure,CyberFront,0,0,0.02,0,0.02
1716,Plants vs. Zombies,DS,2011,Strategy,Mastertronic,0.95,0.15,0,0.08,1.18
3424,Skate it,Wii,2008,Sports,Electronic Arts,0.51,0.04,0,0.05,0.59
12759,Kid Fit Island Resort,Wii,2010,Sports,Avanquest,0.05,0,0,0,0.06
13455,Rat Attack!,PS,1999,Puzzle,Mindscape,0.03,0.02,0,0,0.04
15324,Kikou Heidan J-Phoenix: Cobalt Shoutaihen,PS2,2002,Action,Takara,0,0,0.02,0,0.02
12486,Nazotoki Battle Tore! Densetsu no Makyuu o Fukkatsu Saseyo!,3DS,2014,Action,Namco Bandai Games,0,0,0.06,0,0.06
8773,Naruto Shippuden: Legends: Akatsuki Rising,PSP,2009,Fighting,Namco Bandai Games,0.14,0,0,0.01,0.15
10314,FoxKids.com Micro Maniacs Racing,PS,2000,Racing,Codemasters,0.06,0.04,0,0.01,0.11
7437,Batman Begins,XB,2005,Action,Electronic Arts,0.16,0.04,0,0.01,0.21
13658,Pac-Man World Rally,PSP,2006,Racing,Namco Bandai Games,0.04,0,0,0,0.04
2204,Assassin's Creed III,PC,2012,Action,Ubisoft,0.28,0.53,0,0.13,0.94
121,Call of Duty 4: Modern Warfare,PS3,2007,Shooter,Activision,3.1,2.3,0.28,1.04,6.72
5718,Mario Golf,GB,1999,Action,Nintendo,0,0,0.31,0,0.31
3630,Dragon Ball: XenoVerse,PS3,2015,Fighting,Namco Bandai Games,0.15,0.2,0.14,0.07,0.55
1328,Game de Hakken!! Tamagotchi 2,GB,1997,Simulation,Namco Bandai Games,0,0,1.44,0.01,1.45
11804,Bomberman Max 2: Red Advance,GBA,2002,Puzzle,Vivendi Games,0.05,0.02,0,0,0.07
3699,Sacred 2: Fallen Angel,X360,2009,Role-Playing,Deep Silver,0.29,0.17,0.04,0.05,0.54
12158,Pipe Mania,PSP,2008,Puzzle,Empire Interactive,0.06,0,0,0.01,0.07
12051,Spartan: Total Warrior,GC,2005,Action,Sega,0.05,0.01,0,0,0.07
2357,WWE SmackDown vs. Raw 2011,X360,2010,Fighting,THQ,0.44,0.36,0,0.08,0.88
4465,Jikkyou Powerful Pro Yakyuu 9,PS2,2002,Sports,Konami Digital Entertainment,0,0,0.44,0,0.44
3927,NHL 07,PS2,2006,Sports,Electronic Arts,0.42,0.02,0,0.07,0.51
16454,Shin Koihime Musou: Otome Taisen * Sangokushi Engi,PS3,2014,Adventure,Views,0,0,0.01,0,0.01
6217,The Warriors,PSP,2007,Action,Take-Two Interactive,0.23,0.02,0,0.03,0.28
764,Super Mario RPG: Legend of the Seven Stars,SNES,1996,Role-Playing,Nintendo,0.66,0,1.45,0.03,2.14
11583,Assassin's Creed Chronicles,PS4,2016,Action,Ubisoft,0.01,0.05,0.01,0.01,0.08
6121,Tigger's Honey Hunt,PS,2000,Platform,Ubisoft,0.16,0.11,0,0.02,0.28
4470,Scooby-Doo! Mystery Mayhem,GBA,2003,Action,THQ,0.31,0.12,0,0.01,0.44
16258,No Fate! Only the Power of Will,X360,2010,Adventure,Alchemist,0,0,0.01,0,0.01
15093,Bejeweled 2 Deluxe,PC,2006,Puzzle,Focus Home Interactive,0,0.02,0,0,0.02
13867,Colin McRae Rally 3,XB,2002,Racing,Codemasters,0.03,0.01,0,0,0.04
11876,Viewpoint,PS,1995,Shooter,Electronic Arts,0.04,0.03,0,0,0.07
12490,Odin Sphere: Leifthrasir,PS3,2016,Role-Playing,Nippon Ichi Software,0.01,0.02,0.03,0.01,0.06
4326,Phantasy Star Online Episode I & II,GC,2002,Role-Playing,Infogrames,0.23,0.06,0.16,0.01,0.45
10956,The Idolmaster: Platinum Stars,PS4,2016,Simulation,Namco Bandai Games,0,0,0.09,0,0.09
10500,Riviera: The Promised Land,GBA,2004,Role-Playing,Sting,0.07,0.03,0,0,0.1
10955,Riviera: The Promised Land,PSP,2006,Role-Playing,505 Games,0.07,0,0.02,0.01,0.09
15127,To Love-Ru Trouble: Darkness - True Princess,PSV,2015,Action,FuRyu,0,0,0.02,0,0.02
9249,Littlest Pet Shop: Spring,DS,2009,Simulation,Electronic Arts,0.12,0,0,0.01,0.14
4554,Disney Sing It,X360,2008,Misc,Disney Interactive Studios,0.39,0.01,0,0.03,0.43
7314,NBA in the Zone 2000,PS,2000,Sports,Konami Digital Entertainment,0.12,0.08,0,0.01,0.21
1021,Sonic Colors,Wii,2010,Platform,Sega,0.96,0.61,0.01,0.16,1.74
12292,XGRA: Extreme G Racing Association,PS2,2003,Racing,Acclaim Entertainment,0.03,0.02,0,0.01,0.06
28,Brain Age 2: More Training in Minutes a Day,DS,2005,Puzzle,Nintendo,3.44,5.36,5.32,1.18,15.3
1975,Tag Team Match M.U.S.C.L.E.,NES,1985,Fighting,Namco Bandai Games,0,0,1.05,0,1.05
4216,NHL 97,PS,1996,Sports,Electronic Arts,0.26,0.18,0,0.03,0.47
5728,Dragon Ball Heroes: Ultimate Mission 2,3DS,2014,Strategy,Namco Bandai Games,0,0,0.31,0,0.31
12125,Mario Tennis,Wii,2010,Sports,Nintendo,0,0.06,0,0.01,0.07
15684,Stronghold Legends,PC,2006,Strategy,Take-Two Interactive,0,0.01,0,0,0.02
348,FIFA Soccer 10,PS3,2009,Sports,Electronic Arts,0.6,2.46,0.05,0.52,3.63
10070,PDC World Championship Darts: Pro Tour,PS3,2010,Sports,O-Games,0,0.09,0,0.03,0.11
7204,Castlevania: Lords of Shadow 2,PS3,2014,Action,Konami Digital Entertainment,0.03,0.13,0.02,0.04,0.22
15655,Virtua Quest,PS2,N/A,Role-Playing,Unknown,0.01,0.01,0,0,0.02
2481,Q*bert,PS,1999,Puzzle,Atari,0.46,0.32,0,0.05,0.84
7625,Super Robot Taisen 64,N64,1999,Strategy,Banpresto,0,0,0.2,0,0.2
12576,Starry ? Sky: In Summer,PSP,2010,Misc,Asgard,0,0,0.06,0,0.06
7410,Disney's Planes,WiiU,2013,Simulation,Disney Interactive Studios,0.15,0.04,0,0.02,0.21
1373,Madden NFL 15,PS3,2014,Sports,Electronic Arts,1.07,0.15,0,0.19,1.41
6296,Resident Evil: Deadly Silence,DS,2006,Action,Capcom,0.12,0.03,0.11,0.01,0.27
4586,Rascal,PS,1998,Action,Psygnosis,0.24,0.16,0,0.03,0.42
4916,Just Dance 2014,PS4,2013,Misc,Ubisoft,0.18,0.16,0,0.05,0.39
13176,MXGP 2,XOne,2016,Racing,Milestone S.r.l.,0.02,0.02,0,0,0.05
9806,X2: Wolverine's Revenge,GC,2003,Platform,Activision,0.09,0.02,0,0,0.12
10743,Zoo Tycoon (2013),X360,2013,Simulation,Microsoft Game Studios,0.02,0.07,0,0.01,0.1
10162,Army Men: RTS,PS2,2002,Strategy,3DO,0.05,0.04,0,0.01,0.11
6839,Metro 2033,PC,2010,Shooter,THQ,0,0.19,0,0.05,0.24
12081,Dino Master: Dig Discover Duel,DS,2005,Strategy,Majesco Entertainment,0.06,0,0,0,0.07
8274,Watchmen: The End is Nigh - The Complete Experience,PS3,2009,Action,Warner Bros. Interactive Entertainment,0.08,0.07,0,0.02,0.17
6922,Guitar Hero Live,X360,2015,Misc,Activision,0.12,0.1,0,0.02,0.24
15906,Portable Island: Tenohira Resort,PSP,2006,Simulation,Namco Bandai Games,0,0,0.02,0,0.02
4217,We Sing Encore,Wii,2010,Misc,Nordic Games,0,0.41,0,0.06,0.47
8558,Eragon,DS,2006,Action,Vivendi Games,0.13,0.02,0,0.01,0.16
8989,Wizardry VII: Gadeia no Houshu,PS,1995,Role-Playing,Sony Computer Entertainment,0,0,0.14,0.01,0.15
16064,Digger Simulator,PC,2011,Simulation,Excalibur Publishing,0,0.01,0,0,0.01
152,Resident Evil 2,PS,1998,Action,Virgin Interactive,1.88,1.47,2.02,0.45,5.82
6122,The Warriors,XB,2005,Action,Take-Two Interactive,0.21,0.06,0,0.01,0.28
12837,Kamen Rider: Battride War Genesis,PS4,2016,Action,Namco Bandai Games,0,0,0.05,0,0.05
4440,Independence Day,PS,1997,Shooter,Fox Interactive,0.25,0.17,0,0.03,0.44
14822,Franklin the Turtle,GBA,2005,Misc,Game Factory,0.02,0.01,0,0,0.03
16166,Deus Ex,PC,2000,Role-Playing,Eidos Interactive,0,0.01,0,0,0.01
9328,Nayuta no Kiseki,PSP,2012,Action,Nihon Falcom Corporation,0,0,0.14,0,0.14
3587,Need for Speed: Most Wanted,GC,2005,Racing,Electronic Arts,0.43,0.11,0,0.02,0.56
12717,Rhapsody: A Musical Adventure,DS,2008,Role-Playing,Nippon Ichi Software,0.05,0,0,0,0.06
15649,Tour de France 2014,PS3,2014,Sports,Focus Home Interactive,0,0.02,0,0,0.02
9203,Karaoke Revolution Glee: Volume 3,X360,2011,Misc,Konami Digital Entertainment,0.13,0,0,0.01,0.14
7149,Mary-Kate and Ashley: Sweet 16 - Licenced to Drive,GC,2003,Misc,Acclaim Entertainment,0.17,0.04,0,0.01,0.22
146,Metal Gear Solid,PS,1998,Action,Konami Digital Entertainment,3.18,1.83,0.78,0.24,6.03
16362,NHL 2K7,XB,2006,Sports,Take-Two Interactive,0.01,0,0,0,0.01
7863,AeroFighters Assault,N64,1997,Action,Video System,0.15,0.04,0,0,0.19
3918,Disney's Kim Possible: Revenge of Monkey Fist,GBA,2002,Platform,THQ,0.37,0.14,0,0.01,0.51
8600,The Crew,PC,2014,Racing,Ubisoft,0,0.15,0,0.01,0.16
8237,Street Fighter: The Movie,PS,1995,Fighting,Acclaim Entertainment,0.1,0.07,0,0.01,0.17
15161,SBK: Snowboard Kids,DS,2005,Sports,Rising Star Games,0.02,0,0,0,0.02
11260,Chameleon,PSP,2006,Puzzle,505 Games,0.07,0,0,0.01,0.08
3874,Iron Man,DS,2008,Action,Sega,0.35,0.12,0,0.05,0.52
13202,Cartoon Network Block Party,GBA,2004,Misc,Majesco Entertainment,0.03,0.01,0,0,0.05
2480,Need for Speed Rivals,X360,2013,Racing,Electronic Arts,0.37,0.38,0.01,0.08,0.84
16521,Crossroad Crisis,PS,2000,Puzzle,Success,0.01,0,0,0,0.01
10961,Return Fire,PS,1996,Strategy,Time Warner Interactive,0.05,0.03,0,0.01,0.09
4183,Crazy Taxi: Fare Wars,PSP,2007,Racing,Sega,0.1,0.22,0.02,0.12,0.47
13765,One Piece: Burning Blood,XOne,2016,Fighting,Namco Bandai Games,0.03,0.01,0,0,0.04
6739,We Love Golf!,Wii,2007,Sports,Capcom,0.2,0.01,0.03,0.02,0.25
8996,Grabbed by the Ghoulies,XB,2003,Action,Microsoft Game Studios,0.11,0.03,0,0.01,0.14
1125,ESPN NFL 2K5,XB,2004,Sports,Sega,1.54,0.02,0,0.07,1.63
11065,Detana TwinBee Yahho! Deluxe Pack,PS,1995,Shooter,Konami Digital Entertainment,0,0,0.08,0.01,0.09
3891,Tiger Woods PGA Tour 13,X360,2012,Sports,Electronic Arts,0.29,0.18,0,0.04,0.51
1067,WCW/NWO Thunder,PS,1998,Fighting,THQ,1.1,0.48,0.04,0.07,1.69
15520,X-Plane 10 Global,PC,2013,Simulation,Aerosoft,0,0.02,0,0,0.02
11438,Worms: A Space Oddity,Wii,2008,Strategy,THQ,0.06,0.02,0,0.01,0.08
4372,Bee Movie Game,DS,2007,Action,Activision,0.41,0,0,0.03,0.45
11460,The Legend of Alon D'ar,PS2,2001,Role-Playing,Ubisoft,0.04,0.03,0,0.01,0.08
14228,Yumi's Odd Odyssey,3DS,2013,Platform,Agatsuma Entertainment,0,0,0.03,0,0.03
2710,Syphon Filter: The Omega Strain,PS2,2004,Shooter,Sony Computer Entertainment,0.37,0.29,0,0.1,0.76
15198,Akai Ito DS,DS,2008,Adventure,Alchemist,0,0,0.02,0,0.02
10050,NFL Head Coach 09,X360,2008,Sports,Electronic Arts,0.11,0,0,0.01,0.11
2307,3Xtreme,PS,1999,Action,989 Studios,0.5,0.34,0,0.06,0.9
5421,Zoo Tycoon (2013),XOne,2013,Simulation,Microsoft Game Studios,0.18,0.13,0,0.03,0.34
14126,Cooking Mama: My Sweets Shop,3DS,2014,Simulation,Office Create,0,0,0.03,0,0.03
16350,Idol Janshi Suchie-Pai IV,PS2,2007,Misc,Jaleco,0,0,0.01,0,0.01
16018,Rise of Flight: Iron Cross Edition,PC,2010,Simulation,Aerosoft,0.01,0,0,0,0.01
4402,Mario Tennis Ultra Smash,WiiU,2015,Sports,Nintendo,0.13,0.16,0.13,0.03,0.45
6173,Remington Super Slam Hunting: Africa,Wii,2010,Sports,Mastiff,0.27,0,0,0.02,0.28
4366,Rampage World Tour,N64,1998,Action,GT Interactive,0.36,0.08,0,0.01,0.45
3269,Dragon Ball Z: Ultimate Tenkaichi,PS3,2011,Fighting,Namco Bandai Games,0.27,0.18,0.09,0.08,0.62
12637,Policenauts,3DO,1995,Adventure,Konami Digital Entertainment,0,0,0.06,0,0.06
9912,Jikkyou Powerful Pro Yakyuu 2014,PSV,2014,Sports,Konami Digital Entertainment,0,0,0.12,0,0.12
9736,Gotouchi Tetsudou: Gotouchi Chara to Nihon Zenkoku no Tabi,3DS,2014,Misc,Namco Bandai Games,0,0,0.12,0,0.12
1741,007: Quantum of Solace,PS3,2008,Action,Activision,0.43,0.52,0.02,0.2,1.16
5041,EA Sports MMA,PS3,2010,Fighting,Electronic Arts,0.16,0.15,0.01,0.06,0.38
14014,Onsei Kanjou Sokuteiki: Kokoro Scan,DS,2007,Misc,Sega,0,0,0.04,0,0.04
6145,Avatar: The Last Airbender,Wii,2006,Adventure,THQ,0.24,0.02,0,0.02,0.28
13972,Rugby World Cup 2015,PSV,2015,Sports,Ubisoft,0,0.03,0,0.01,0.04
4846,Planet 51,DS,2009,Action,Sega,0.22,0.14,0,0.04,0.4
13358,Test Drive: Ferrari Legends,X360,2012,Racing,Atari,0.04,0,0,0,0.05
8876,Virtua Tennis 4,Wii,2011,Sports,Sega,0.05,0.08,0,0.02,0.15
9300,Kamen Rider Battle: Ganbaride,DS,2010,Strategy,Namco Bandai Games,0,0,0.14,0,0.14
14093,Sangoku Koi Senki: Otome no Heihou!,PSP,2012,Adventure,Prototype,0,0,0.04,0,0.04
10381,"Grand Theft Auto: Mission Pack #1, London 1969",PS,1998,Adventure,Take-Two Interactive,0.06,0.04,0,0.01,0.11
14795,AMNESIA World,PSV,2014,Adventure,Idea Factory,0,0,0.03,0,0.03
8880,Hot Wheels: Beat That!,Wii,2007,Racing,Activision,0.13,0,0,0.01,0.15
15456,Car Battler Joe,GBA,2001,Role-Playing,Victor Interactive,0.01,0.01,0,0,0.02
9160,Fate/Unlimited Codes,PS2,2008,Fighting,Capcom,0,0,0.14,0,0.14
8188,Star Wars: Battlefront II,PC,2005,Shooter,LucasArts,0.02,0.13,0,0.03,0.18
4630,Wolfenstein: The Old Blood,PS4,2015,Action,Bethesda Softworks,0.09,0.25,0.02,0.06,0.42
11060,Porsche Challenge,PS,1997,Racing,Sony Computer Entertainment,0.05,0.03,0,0.01,0.09
5154,Virtua Fighter 3tb,DC,1998,Fighting,Sega,0,0,0.37,0,0.37
5901,Army Men: Air Attack 2,PS,2000,Action,3DO,0.17,0.11,0,0.02,0.3
15463,Starship Troopers,PC,2005,Shooter,Empire Interactive,0,0.02,0,0,0.02
12014,Guilty Gear Xrd -Revelator-,PS3,2016,Fighting,PQube,0.01,0.02,0.02,0.01,0.07
149,LittleBigPlanet,PS3,2008,Platform,Sony Computer Entertainment,2.8,2.05,0.17,0.9,5.92
16294,FairlyLife: MiracleDays,PSP,2010,Adventure,Piacci,0,0,0.01,0,0.01
15758,Battle Engine Aquila,XB,2003,Shooter,Atari,0.01,0,0,0,0.02
10581,GRID Autosport,X360,2014,Racing,Codemasters,0.03,0.06,0,0.01,0.1
7099,Tiger Woods PGA Tour 2003,GC,2002,Sports,Electronic Arts,0.18,0.05,0,0.01,0.23
7235,Mary-Kate and Ashley: Sweet 16 - Licenced to Drive,PS2,2002,Misc,Acclaim Entertainment,0.11,0.08,0,0.03,0.22
660,Kinect: Disneyland Adventures,X360,2011,Misc,Microsoft Game Studios,1.73,0.46,0.02,0.18,2.38
14773,Brothers Conflict: Passion Pink,PSP,2012,Action,Idea Factory,0,0,0.03,0,0.03
14701,UK Truck Simulator,PC,2010,Simulation,N/A,0,0.03,0,0,0.03
7589,Dead to Rights II,PS2,2005,Shooter,Electronic Arts,0.1,0.08,0,0.03,0.2
10099,Cold Fear,PS2,2005,Action,Ubisoft,0.06,0.04,0,0.01,0.11
11131,Romance of the Three Kingdoms XII,PS3,2012,Strategy,Tecmo Koei,0,0,0.09,0,0.09
8050,Remember Me,X360,2013,Action,Capcom,0.1,0.07,0,0.02,0.18
640,pro evolution soccer 2011,PS3,2010,Sports,Konami Digital Entertainment,0.29,1.18,0.54,0.41,2.42
97,Super Mario Bros. 2,NES,1988,Platform,Nintendo,5.39,1.18,0.7,0.19,7.46
4562,Bakugan: Battle Brawlers,PS2,2009,Action,Activision,0.21,0.16,0,0.05,0.43
9920,MegaTagmension Blanc + Neptune VS Zombies,PSV,2015,Action,Idea Factory International,0.02,0.03,0.05,0.01,0.12
15773,Moujuutsukai to Oujisama,PS2,2010,Adventure,Idea Factory,0,0,0.02,0,0.02
6746,Dune 2000,PS,1999,Strategy,Electronic Arts,0.14,0.09,0,0.02,0.25
7154,Marvel Super Hero Squad: The Infinity Gauntlet,DS,2010,Action,THQ,0.17,0.03,0,0.02,0.22
9970,Barnyard,GC,2006,Action,THQ,0.09,0.02,0,0,0.12
2456,Golden Sun: Dark Dawn,DS,2010,Role-Playing,Nintendo,0.56,0.11,0.13,0.05,0.84
3732,Madden NFL 13,Wii,2012,Sports,Electronic Arts,0.51,0,0,0.03,0.54
6125,NHL 2K11,Wii,2010,Sports,Take-Two Interactive,0.24,0.02,0,0.02,0.28
8601,Macross Ace Frontier,PSP,2008,Simulation,Namco Bandai Games,0,0,0.16,0,0.16
14054,Penguins of Madagascar,WiiU,2014,Action,Namco Bandai Games,0.01,0.02,0,0,0.04
6761,X-Men Legends II: Rise of Apocalypse,GC,2005,Role-Playing,Activision,0.19,0.05,0,0.01,0.25
812,UFC 2009 Undisputed,X360,2009,Fighting,THQ,1.48,0.39,0,0.19,2.07
2761,Marvel: Ultimate Alliance 2,PS3,2009,Role-Playing,Activision,0.49,0.16,0,0.09,0.75
10517,Toaru Majutsu no Index,PSP,2011,Adventure,Kadokawa Shoten,0,0,0.1,0,0.1
12872,Shin Sangoku Musou 5 Empires,PSP,2010,Action,Tecmo Koei,0,0,0.05,0,0.05
809,Skate 3,PS3,2010,Sports,Electronic Arts,0.79,0.94,0,0.35,2.08
16370,Dance with Devils,PSV,2016,Action,N/A,0,0,0.01,0,0.01
9363,Hyperdimension Idol Neptunia PP,PSV,2013,Misc,Namco Bandai Games,0.04,0.03,0.04,0.02,0.13
4564,Skylanders: Trap Team,PS4,2014,Action,Activision,0.18,0.17,0,0.07,0.43
12069,Tom and Jerry in War of the Whiskers,GC,2003,Fighting,NewKidCo,0.05,0.01,0,0,0.07
14514,Hiiro no Kakera: Shin Tamayori Hime Denshou - Piece of Future,PSP,2011,Adventure,Idea Factory,0,0,0.03,0,0.03
12777,"Tennis no Oji-Sama: Doubles no Oji-Sama - Girls, Be Gracious!",DS,2009,Sports,Konami Digital Entertainment,0,0,0.06,0,0.06
3442,SpongeBob SquarePants featuring Nicktoons: Globs of Doom,PS2,2008,Action,THQ,0.29,0.22,0,0.07,0.58
8566,International Superstar Soccer Deluxe,SNES,1995,Sports,Konami Digital Entertainment,0,0,0.16,0,0.16
12510,Penny Racers,N64,1998,Racing,THQ,0.05,0.01,0,0,0.06
186,FIFA Soccer 13,X360,2012,Action,Electronic Arts,1.08,3.48,0.03,0.58,5.18
9601,Monster Jam: Urban Assault,PS2,2008,Racing,Activision,0.06,0.05,0,0.02,0.13
5591,Bratz: Girlz Really Rock,DS,2008,Action,THQ,0.18,0.11,0,0.03,0.32
8240,Global Defence Force,PS2,2005,Shooter,Essential Games,0,0,0.17,0,0.17
15862,Transformers: Prime,Wii,2012,Action,Activision,0,0.01,0,0,0.02
10195,Pac-Man World 2,GBA,2005,Action,Zoo Digital Publishing,0.08,0.03,0,0,0.11
5267,Blasto,PS,1998,Action,Sony Computer Entertainment,0.2,0.13,0,0.02,0.35
14679,Tom and Jerry in War of the Whiskers,XB,N/A,Fighting,Unknown,0.02,0.01,0,0,0.03
16336,Chaos;Child,PS4,2015,Adventure,5pb,0,0,0.01,0,0.01
12578,Pro Yakyuu Netsu Star 2007,PS2,2007,Sports,Namco Bandai Games,0,0,0.06,0,0.06
15798,Star Trek: Legacy,PC,2006,Simulation,Ubisoft,0,0.01,0,0,0.02
12145,Fatal Fury: Battle Archives Volume 2,PS2,2007,Fighting,SNK Playmore,0.03,0.03,0,0.01,0.07
10199,Karaoke Revolution Presents American Idol Encore,X360,2008,Misc,Konami Digital Entertainment,0.1,0,0,0.01,0.11
7987,Tiger Woods PGA Tour 07,XB,2006,Sports,Electronic Arts,0.13,0.05,0,0.01,0.19
10387,World Series of Poker: Tournament of Champions 2007 Edition,PSP,2006,Misc,Activision,0.1,0,0,0.01,0.11
1347,Frogger 2: Swampy's Revenge,PS,1999,Action,Hasbro Interactive,0.8,0.54,0,0.09,1.43
11127,The Weakest Link,PS,2001,Misc,Activision,0.05,0.03,0,0.01,0.09
13110,Winter Sports 2011,PS3,2011,Sports,DTP Entertainment,0,0.04,0,0.01,0.05
10179,NCIS 3D,3DS,2011,Adventure,Ubisoft,0.06,0.04,0,0.01,0.11
13880,Stolen,PS2,2005,Action,Hip Interactive,0.02,0.01,0,0,0.04
1997,Disney Fairies: Tinker Bell and the Lost Treasure,DS,2009,Adventure,Disney Interactive Studios,0.57,0.35,0.02,0.1,1.04
8471,PoPoLoCrois: Hajimari no Bouken,PS2,2002,Role-Playing,Sony Computer Entertainment,0,0,0.16,0,0.16
11726,Driven,GC,2002,Racing,BAM! Entertainment,0.06,0.02,0,0,0.08
11448,ToraDora Portable!,PSP,2009,Adventure,Namco Bandai Games,0,0,0.08,0,0.08
773,Toy Story 3: The Video Game,DS,2010,Action,Disney Interactive Studios,0.93,0.97,0.02,0.21,2.12
2081,Puzzler Collection,DS,2008,Puzzle,Ubisoft,0.17,0.78,0,0.04,1
7183,Move Fitness,PS3,N/A,Sports,Sony Computer Entertainment,0,0.17,0,0.05,0.22
6740,WRC: World Rally Championship,PS2,2001,Racing,Sony Computer Entertainment,0.12,0.09,0,0.03,0.25
8004,Pure Futbol,X360,2010,Sports,Ubisoft,0.08,0.09,0,0.02,0.18
6813,Final Fantasy Fables: Chocobo Tales,DS,2006,Adventure,Ubisoft,0.11,0.01,0.12,0.01,0.24
11731,Nicola Kanshuu: Model Oshare * Audition Platina,3DS,2012,Action,Alchemist,0,0,0.08,0,0.08
6449,Battlestations: Midway,X360,2007,Strategy,Eidos Interactive,0.21,0.02,0,0.02,0.26
6769,Classic NES Series: Xevious,GBA,2004,Shooter,Nintendo,0.08,0.03,0.12,0.01,0.25
12547,Darksiders II,XOne,2015,Action,Nordic Games,0.03,0.02,0,0.01,0.06
12655,Honeycomb Beat,DS,2006,Puzzle,Konami Digital Entertainment,0.05,0,0,0,0.06
9698,Gundam Battle Royale,PSP,2006,Action,Namco Bandai Games,0,0,0.12,0,0.12
2584,Darksiders II,X360,2012,Action,THQ,0.45,0.28,0,0.07,0.8
15042,Thunderbirds,GBA,2004,Shooter,Vivendi Games,0.02,0.01,0,0,0.02
7652,We Wish You A Merry Christmas,Wii,2009,Action,Destineer,0.14,0.04,0,0.02,0.2
10990,Sound Novel Machi,SAT,1998,Adventure,ChunSoft,0,0,0.09,0,0.09
464,Killzone 2,PS3,2009,Shooter,Sony Computer Entertainment,1.4,1.07,0.08,0.47,3.02
12905,Jirou Akagawa: Majotachi no Nemuri,SNES,1995,Adventure,Pack-In-Video,0,0,0.05,0,0.05
12658,Katekyoo Hitman Reborn! DS Fate of Heat III - Yuki no Shugosha Raishuu!,DS,2010,Role-Playing,Marvelous Interactive,0,0,0.06,0,0.06
1093,"Monsters, Inc.",GBA,2001,Adventure,THQ,0.59,0.95,0.03,0.1,1.67
8028,Super Robot Taisen J,GBA,2005,Strategy,Banpresto,0,0,0.18,0,0.18
8898,Strawberry Shortcake: Game Boy Advance Video Volume 1,GBA,2004,Misc,N/A,0.11,0.04,0,0,0.15
9189,Power Pro Kun Pocket 8,DS,2005,Sports,Konami Digital Entertainment,0,0,0.14,0,0.14
7305,One Piece: Pirate Warriors 3,PSV,2015,Action,Namco Bandai Games,0,0.07,0.13,0.02,0.22
7804,Need for Speed: The Run,3DS,2011,Action,Electronic Arts,0.09,0.09,0,0.02,0.19
967,NBA 2K11,PS3,2010,Action,Take-Two Interactive,1.41,0.21,0.03,0.16,1.8
7586,Imagine: Babyz Fashion,DS,2009,Simulation,Ubisoft,0.19,0,0,0.01,0.2
7925,Zumba Fitness Rush,X360,2012,Sports,505 Games,0,0.16,0,0.02,0.19
7351,Momotarou Dentetsu 16,PS2,2006,Misc,Hudson Soft,0,0,0.21,0,0.21
1122,Prince of Persia: Warrior Within,PS2,2004,Action,Ubisoft,0.54,0.88,0,0.22,1.64
1670,ATV Offroad Fury 3,PS2,2004,Racing,SouthPeak Games,1,0.04,0,0.16,1.2
7949,ThunderStrike 2,PS,1994,Simulation,Core Design Ltd.,0.1,0.07,0,0.01,0.19
1578,Championship Manager 03/04,PC,2003,Sports,Eidos Interactive,0,1.15,0,0.11,1.26
863,Call of Duty: World at War,Wii,2008,Shooter,Activision,1.2,0.59,0,0.19,1.97
10281,Dynasty Tactics 2,PS2,2003,Strategy,Tecmo Koei,0.05,0.04,0,0.01,0.11
11995,BlazBlue: Chrono Phantasma Extend,PSV,2015,Action,PQube,0,0.05,0,0.01,0.07
2644,Tetris Party Deluxe,DS,2010,Puzzle,Nintendo,0.29,0.3,0.12,0.07,0.78
10262,Bust-A-Move DS,DS,2005,Puzzle,505 Games,0.08,0.02,0,0.01,0.11
6425,Major League Baseball 2K9,Wii,2009,Sports,Take-Two Interactive,0.25,0,0,0.02,0.27
14318,PopCap Arcade Vol 2,X360,2009,Misc,PopCap Games,0.03,0,0,0,0.03
131,Pokémon Emerald Version,GBA,2004,Role-Playing,Nintendo,2.57,1.58,2.06,0.21,6.41
3634,Soul Reaver 2,PS2,2001,Action,Eidos Interactive,0.27,0.21,0,0.07,0.55
13982,Trine 2,PC,2011,Platform,Focus Home Interactive,0,0.03,0,0.01,0.04
5767,MySims SkyHeroes,Wii,2010,Action,Electronic Arts,0.18,0.1,0,0.03,0.31
3123,SingStar R&B,PS2,2007,Misc,Sony Computer Entertainment,0,0.05,0,0.6,0.65
15411,Dragon Ball Z: Buu's Fury / Dragon Ball GT: Transformation,GBA,2006,Action,Atari,0.01,0.01,0,0,0.02
14600,Tago Akira no Atama no Taisou Dai-1-Shuu: Nazotoki Sekai Isshuu Ryokou,DS,2009,Adventure,Level 5,0,0,0.03,0,0.03
4925,EA Sports Active 2,X360,2010,Sports,Electronic Arts,0.18,0.17,0,0.04,0.39
11889,Elements of Destruction,DS,2007,Strategy,THQ,0.07,0,0,0.01,0.07
164,Mario Kart: Super Circuit,GBA,2001,Racing,Nintendo,2.62,1.64,0.99,0.23,5.47
9261,Marvel vs. Capcom 2: New Age of Heroes,XB,2002,Fighting,Capcom,0.09,0.03,0.01,0,0.14
14055,Nobunaga's Ambition II,3DS,2015,Strategy,Tecmo Koei,0,0,0.04,0,0.04
14973,Strike Witches 2: Iyasu Naosu Punipunisuru,DS,2010,Action,Kadokawa Shoten,0,0,0.02,0,0.02
7648,From Russia With Love,XB,2005,Action,Electronic Arts,0.15,0.04,0,0.01,0.2
2346,LEGO Marvel Super Heroes,3DS,2013,Action,Warner Bros. Interactive Entertainment,0.42,0.36,0.04,0.07,0.89
3546,Super Bomberman,SNES,1992,Puzzle,Hudson Soft,0,0,0.57,0,0.57
15630,Emergency Mayhem,Wii,2008,Racing,Codemasters,0.02,0,0,0,0.02
4154,Dark Sector,PS3,2008,Shooter,D3Publisher,0.23,0.16,0.01,0.07,0.47
6375,Dragon Ball: XenoVerse,X360,2015,Fighting,Namco Bandai Games,0.16,0.08,0,0.02,0.27
15872,Elven Legacy,PC,2009,Strategy,Paradox Interactive,0.01,0,0,0,0.02
2112,Sonic & Sega All-Stars Racing,PS3,2010,Racing,Sega,0.36,0.46,0,0.17,0.98
14918,MAPLUS: Portable Navi 3,PSP,2009,Misc,Edia,0,0,0.02,0,0.02
6388,Alundra 2: A New Legend Begins,PS,1999,Role-Playing,Activision,0.15,0.1,0,0.02,0.27
5796,The King of Fighters XIII,PS3,2011,Fighting,Rising Star Games,0.17,0.07,0.04,0.03,0.31
11984,Battlezone: Rise of the Black Dogs,N64,2000,Strategy,Crave Entertainment,0.06,0.01,0,0,0.07
16240,Hiiro no Kakera: Shin Tamayori Hime Denshou Portable,PSP,2010,Adventure,Idea Factory,0,0,0.01,0,0.01
3284,Formula 1: Championship Edition,PS3,2006,Racing,Sony Computer Entertainment,0,0.57,0.04,0,0.61
209,Fallout 3,X360,2008,Role-Playing,Bethesda Softworks,3.39,1.03,0.09,0.44,4.96
14895,Mahou Sensei Negima! Private Lesson 2: Ojama Shimasu Parasite de Chu,GBA,2006,Role-Playing,Marvelous Interactive,0,0,0.02,0,0.03
582,Mario Strikers Charged,Wii,2007,Sports,Nintendo,1.07,1.06,0.24,0.25,2.62
10245,Touch Detective 2 1/2,DS,2007,Adventure,505 Games,0.09,0,0.01,0.01,0.11
7898,Gungrave,PS2,2002,Shooter,Activision,0.09,0.07,0,0.02,0.19
2925,Advance Wars,GBA,2001,Strategy,Nintendo,0.5,0.19,0,0.01,0.7
15550,Reversal Challenge,DS,2009,Misc,Tommo,0.02,0,0,0,0.02
11440,Diego's Build & Rescue,DS,2010,Action,Take-Two Interactive,0.07,0,0,0.01,0.08
9973,2 in 1 Combo Pack: Sonic Heroes / Super Monkey Ball Deluxe,X360,2013,Misc,Ubisoft,0.09,0.01,0,0.01,0.12
16184,Resistance Dual Pack,PS3,2011,Shooter,Sony Computer Entertainment,0,0.01,0,0,0.01
9788,Go! Sudoku,PSP,2005,Puzzle,Sony Computer Entertainment,0.11,0,0,0.01,0.12
4515,Minecraft,WiiU,2016,Misc,Microsoft Game Studios,0.18,0.09,0.14,0.03,0.43
4977,Saints Row IV,PS4,2015,Action,Deep Silver,0.13,0.17,0.03,0.06,0.38
5155,Transformers: Dark of the Moon,PS3,2011,Action,Activision,0.11,0.19,0,0.07,0.37
15036,Gift: Prism,PS2,2006,Adventure,Sweets,0,0,0.02,0,0.02
6620,Tearaway Unfolded,PS4,2015,Platform,Sony Computer Entertainment,0.09,0.12,0,0.04,0.25
8696,Bust-A-Move Bash!,Wii,2007,Puzzle,505 Games,0.13,0.01,0,0.01,0.16
2892,Battle Arena Toshinden 2,PS,1995,Fighting,Sony Computer Entertainment,0.15,0.1,0.41,0.05,0.71
13672,Tennis no Oji-Sama: DokiDoki Survival - Umibe no Secret,PS2,2007,Sports,Konami Digital Entertainment,0,0,0.04,0,0.04
11066,Shin Ken to Mah? to Gakuenmono. Toki no Gakuen,PSP,2012,Role-Playing,Acquire,0,0,0.09,0,0.09
6734,Armored Core 4,X360,2007,Simulation,505 Games,0.19,0.01,0.03,0.02,0.25
9656,World Soccer Winning Eleven 2002,PS,2002,Sports,Konami Digital Entertainment,0,0,0.12,0.01,0.13
12699,Interplay Sports Baseball 2000,PS,1999,Sports,Interplay,0.03,0.02,0,0,0.06
13570,True Love Story 3,PS2,2001,Simulation,Enterbrain,0,0,0.04,0,0.04
7989,Star Wars: The Clone Wars & Tetris Worlds,XB,2002,Misc,Microsoft Game Studios,0.14,0.04,0,0.01,0.19
13631,Lise no Atelier: Ordre no Renkinjutsushi,DS,2007,Role-Playing,Gust,0,0,0.04,0,0.04
4608,NiGHTS: Journey of Dreams,Wii,2007,Platform,Sega,0.33,0.03,0.04,0.03,0.42
5943,Final Fantasy XI: Wings of the Goddess,X360,2007,Role-Playing,Square Enix,0.25,0,0.02,0.02,0.3
7103,TRON: Evolution - Battle Grids,Wii,2010,Racing,Disney Interactive Studios,0.18,0.03,0,0.02,0.23
15280,"Renai Banchou: Inochi Meishi, Koiseyo Otome! Love is Power!!!",PSP,2010,Adventure,Idea Factory,0,0,0.02,0,0.02
16215,Gardening Guide: How to get Green Fingers,DS,2009,Misc,Mindscape,0,0.01,0,0,0.01
5509,FIFA Street 3,PS3,2008,Sports,Electronic Arts,0.08,0.18,0,0.06,0.33
12089,Lifeline,PS2,2003,Adventure,Sony Computer Entertainment,0.03,0.03,0,0.01,0.07
15344,The Technomancer,XOne,2016,Role-Playing,Focus Home Interactive,0.01,0.01,0,0,0.02
8307,Chuck E. Cheese's Party Games,Wii,2010,Misc,UFO Interactive,0.16,0,0,0.01,0.17
12619,Raw Danger! (JP sales),PS2,2006,Action,505 Games,0,0,0.06,0,0.06
667,Half-Life 2,PC,2004,Shooter,Vivendi Games,2.28,0.02,0.08,0,2.37
11062,Beowulf: The Game,PSP,2007,Action,Ubisoft,0.08,0,0,0.01,0.09
13471,Virtua Fighter CG Portrait Series Vol.6: Lau Chan,SAT,1995,Misc,Sega,0,0,0.04,0,0.04
3993,The Adventures of Jimmy Neutron Boy Genius: Attack of the Twonkies,PS2,2004,Action,THQ,0.24,0.19,0,0.06,0.5
3111,World of Dragon Warrior - Torneko: The Last Hope,PS,1999,Role-Playing,Enix Corporation,0.02,0.01,0.58,0.04,0.65
2054,DiRT 2,PS3,2009,Racing,Codemasters,0.27,0.53,0,0.2,1.01
6368,Major League Baseball 2K10,Wii,2010,Sports,Take-Two Interactive,0.25,0,0,0.02,0.27
12134,Nichibeikan Pro Yakyuu: Final League,PS2,2002,Sports,SquareSoft,0,0,0.07,0,0.07
16134,Geten no Hana: Yume Akari,PSP,2014,Misc,Tecmo Koei,0,0,0.01,0,0.01
3932,The BIGS,PS2,2007,Sports,Take-Two Interactive,0.25,0.19,0,0.06,0.51
12437,Puzzler Collection,Wii,2008,Puzzle,Ubisoft,0.05,0.01,0,0,0.06
3896,Goldeneye 007: Reloaded,X360,2011,Shooter,Activision,0.25,0.21,0,0.05,0.51
7542,PBR: Out of the Chute,PS2,2008,Sports,Crave Entertainment,0.1,0.08,0,0.03,0.2
11601,Grease Dance,PS3,2011,Misc,505 Games,0.05,0.02,0,0.01,0.08
6703,Final Fantasy Type-0,XOne,2015,Role-Playing,Square Enix,0.15,0.07,0,0.02,0.25
14391,Rayman 3: Hoodlum Havoc,PC,2003,Platform,Ubisoft,0,0.03,0,0.01,0.03
2950,Moto Racer 2,PS,1997,Racing,Electronic Arts,0.39,0.26,0,0.05,0.69
14028,Flow: Urban Dance Uprising,PS2,2005,Misc,Ubisoft,0.02,0.01,0,0,0.04
662,Bloodborne,PS4,2015,Action,Sony Computer Entertainment,1,0.76,0.26,0.36,2.38
3245,Wild ARMs 3,PS2,2002,Role-Playing,Ubisoft,0.16,0.13,0.29,0.04,0.62
10503,Bujingai: The Forsaken City,PS2,2003,Fighting,505 Games,0.05,0.04,0,0.01,0.1
11429,Pretty Rhythm Rainbow Live: Kira Kira My * Design,3DS,2013,Misc,Takara Tomy,0,0,0.08,0,0.08
1635,Naruto Shippuden: Ultimate Ninja Storm 2,PS3,2010,Fighting,Namco Bandai Games,0.42,0.47,0.15,0.18,1.22
9371,Transformers: Devastation,XOne,2015,Action,Activision,0.09,0.03,0,0.01,0.13
9379,Rumble Roses XX,X360,2006,Fighting,Konami Digital Entertainment,0.07,0.01,0.04,0.01,0.13
14102,Rebel Raiders: Operation Nighthawk,PS2,2006,Simulation,Kando Games,0.02,0.01,0,0,0.03
15405,Winning Post 7: Maximum 2007,PS2,2007,Sports,Tecmo Koei,0,0,0.02,0,0.02
7703,Tiger Woods PGA Tour 06,PSP,2005,Sports,Electronic Arts,0.18,0,0,0.01,0.2
13762,J.League Pro Soccer Club o Tsukurou! 8 Euro Plus,PSP,2013,Sports,Sega,0,0,0.04,0,0.04
8734,MTV Music Generator 2,PS2,2001,Misc,Codemasters,0.08,0.06,0,0.02,0.15
14099,Luminous Arc 3,DS,2009,Role-Playing,Marvelous Interactive,0,0,0.04,0,0.04
6130,X-Men: Reign of Apocalypse,GBA,2001,Action,Activision,0.2,0.08,0,0.01,0.28
13133,Atelier Rorona: Alchemist of Arland,PSV,2013,Role-Playing,Nippon Ichi Software,0,0,0.05,0,0.05
14076,Hello Kitty: Roller Rescue,PC,2005,Action,Empire Interactive,0,0.03,0,0,0.04
10638,Flying Dragon,N64,1997,Fighting,Natsume,0.08,0.02,0,0,0.1
16262,Simple DS Series Vol. 41: The Bakudan Shori-Han,DS,2008,Action,D3Publisher,0,0,0.01,0,0.01
6424,Dynasty Warriors Next,PSV,2011,Action,Tecmo Koei,0.06,0.07,0.11,0.03,0.27
9745,Lunar: Dragon Song,DS,2005,Role-Playing,Rising Star Games,0.11,0,0,0.01,0.12
11959,Machine Head,PS,1996,Shooter,Eidos Interactive,0.04,0.03,0,0,0.07
12724,Men in Black The Series: Crashdown,PS,2001,Shooter,Infogrames,0.03,0.02,0,0,0.06
1643,Cars,PSP,2006,Racing,THQ,0.72,0.29,0,0.21,1.22
4512,Rock Band 4,XOne,2015,Misc,Harmonix Music Systems,0.35,0.04,0,0.04,0.43
7246,Hunted: The Demon's Forge,X360,2011,Action,Bethesda Softworks,0.13,0.07,0,0.02,0.22
2834,Area 51,PS,1996,Shooter,GT Interactive,0.4,0.27,0,0.05,0.72
14351,Sorcery Saga: The Curse of the Great Curry God,PSV,2013,Role-Playing,Rising Star Games,0,0,0.03,0,0.03
13189,Fushigi? Kagaku: Nazotoki Quiz Training - NazoTore,DS,2008,Misc,Benesse,0,0,0.05,0,0.05
5058,FIFA 17,PS3,2016,Sports,Electronic Arts,0.02,0.29,0.01,0.05,0.38
15683,Eyeshield 21: Portable Edition,PSP,2006,Role-Playing,Konami Digital Entertainment,0,0,0.02,0,0.02
11017,Ben 10 Galactic Racing,PS3,2011,Racing,D3Publisher,0.06,0.02,0,0.01,0.09
95,The Legend of Zelda: Ocarina of Time,N64,1998,Action,Nintendo,4.1,1.89,1.45,0.16,7.6
13986,Scaler,GC,2004,Platform,Take-Two Interactive,0.03,0.01,0,0,0.04
13693,Battle Spirits: Digital Starter,DS,2010,Role-Playing,Namco Bandai Games,0,0,0.04,0,0.04
4730,Ogre Battle 64: Person of Lordly Caliber,N64,1999,Role-Playing,Nintendo,0.1,0.02,0.25,0.04,0.41
11648,Salon Superstar,DS,2009,Simulation,505 Games,0.07,0,0,0,0.08
5749,Brothers In Arms: Earned in Blood,XB,2005,Shooter,Ubisoft,0.23,0.07,0,0.01,0.31
6505,Racquet Sports,Wii,2010,Sports,Ubisoft,0.14,0.09,0,0.02,0.26
7496,The Wolf Among Us,PS4,2014,Adventure,Telltale Games,0.1,0.07,0,0.03,0.21
12253,Jam Sessions 2,DS,2009,Misc,Ubisoft,0.06,0,0,0,0.06
7904,Escape The Museum,DS,2010,Adventure,Astragon,0.05,0.12,0,0.02,0.19
7578,Mobile Suit Gundam Side Story II: Aoi o Uketsugu Mono,SAT,1996,Shooter,Namco Bandai Games,0,0,0.2,0,0.2
2111,Mario Party Advance,GBA,2005,Misc,Nintendo,0.5,0.19,0.28,0.02,0.98
7193,Petz: Horse Club,Wii,2008,Misc,Ubisoft,0.2,0,0,0.02,0.22
13007,Air Traffic Chaos,DS,2007,Simulation,Ertain,0.05,0,0,0,0.05
9444,Contra III: The Alien Wars,SNES,1992,Shooter,Konami Digital Entertainment,0,0,0.13,0,0.13
12704,PopStar Guitar,Wii,2008,Misc,Midway Games,0.03,0.03,0,0.01,0.06
16386,Pilot Academy,PSP,2006,Simulation,Rising Star Games,0,0.01,0,0,0.01
3,Mario Kart Wii,Wii,2008,Racing,Nintendo,15.85,12.88,3.79,3.31,35.82
14915,Chuck E. Cheese's Sports Games,Wii,2011,Sports,UFO Interactive,0.02,0,0,0,0.02
4984,Shin Megami Tensei: Nocturne,PS2,2003,Role-Playing,Ghostlight,0.07,0.05,0.25,0.02,0.38
133,Pokémon Crystal Version,GB,2000,Role-Playing,Nintendo,2.55,1.56,1.29,0.99,6.39
10299,PriPara Mezase! Idol Grand Prix No.1!,3DS,2015,Misc,Takara Tomy,0,0,0.11,0,0.11
3964,Blue's Clues: Blue's Big Musical,PS,2001,Misc,THQ,0.28,0.19,0,0.03,0.5
9640,Transformer: Rise of the Dark Spark,PS3,2014,Action,Activision,0.04,0.05,0.01,0.02,0.13
8037,Chaotic: Shadow Warriors,DS,2009,Action,Activision,0.17,0,0,0.01,0.18
6412,Battle Arena Toshinden 3,PS,1996,Fighting,Sony Computer Entertainment,0.06,0.04,0.14,0.02,0.27
7669,Gladius,PS2,2003,Strategy,Activision,0.1,0.08,0,0.03,0.2
4834,Bugs Bunny: Lost in Time,PS,1999,Platform,Infogrames,0.22,0.15,0,0.03,0.4
9495,The House of the Dead,SAT,1997,Shooter,Sega,0,0,0.13,0,0.13
1095,PGR: Project Gotham Racing 2,XB,2003,Racing,Microsoft Game Studios,0.97,0.59,0.04,0.07,1.67
14897,Angelique: Maren no Rokukishi,PSP,2011,Adventure,Idea Factory,0,0,0.03,0,0.03
683,NBA 2K16,XOne,2015,Sports,Take-Two Interactive,1.93,0.14,0,0.24,2.32
4483,Neon Genesis Evangelion,SAT,1996,Adventure,Sega,0,0,0.44,0,0.44
10834,Whacked!,XB,2002,Misc,Microsoft Game Studios,0.07,0.02,0,0,0.09
167,Call of Duty: World at War,PS3,2008,Shooter,Activision,2.72,1.87,0,0.84,5.43
10623,Dragonseeds,PS,1998,Action,Jaleco,0.03,0.02,0.04,0.01,0.1
14616,Buffy the Vampire Slayer: Wrath of the Darkhul King,GBA,2003,Action,THQ,0.02,0.01,0,0,0.03
12843,Bombastic,PS2,2002,Puzzle,Capcom,0.03,0.02,0,0.01,0.05
6681,XIII,XB,2003,Shooter,Ubisoft,0.16,0.08,0,0.01,0.25
15112,Grey's Anatomy: The Video Game,PC,2009,Adventure,Ubisoft,0,0.02,0,0,0.02
3343,MonHun Nikki: Poka Poka Ailu Mura,PSP,2010,Role-Playing,Capcom,0,0,0.6,0,0.6
4112,Crash: Mind Over Mutant,X360,2008,Platform,Vivendi Games,0.22,0.21,0,0.05,0.48
3590,Tony Hawk's Proving Ground,X360,2007,Sports,Activision,0.49,0.02,0,0.04,0.56
3768,SpongeBob SquarePants: Game Boy Advance Video Volume 2,GBA,2004,Misc,N/A,0.38,0.14,0,0.01,0.53
7030,Age of Empires: The Age of Kings,DS,2006,Strategy,THQ,0.19,0.02,0,0.02,0.23
3224,Sonic & All-Stars Racing Transformed,X360,2012,Racing,Sega,0.2,0.37,0,0.06,0.63
13413,Arslan: The Warriors of Legend,PS3,2015,Action,Tecmo Koei,0,0,0.05,0,0.05
11409,I Am In The Movie,Wii,2012,Simulation,Namco Bandai Games,0,0,0.08,0,0.08
10420,Ennichi no Tatsujin,Wii,2006,Misc,Namco Bandai Games,0,0,0.1,0,0.1
440,Halo: The Master Chief Collection,XOne,2014,Shooter,Microsoft Game Studios,1.89,0.99,0.03,0.24,3.15
12225,Interactive Storybook DS Series 1,DS,2007,Misc,Tommo,0.06,0,0,0,0.07
13250,Rock 'N Roll Racing,GBA,2003,Racing,Activision,0.03,0.01,0,0,0.05
7301,Sniper: Ghost Warrior 2,X360,2013,Shooter,City Interactive,0.06,0.13,0,0.02,0.22
7045,Karaoke Revolution Glee 2: Road to Regionals,Wii,2011,Misc,Konami Digital Entertainment,0.15,0.06,0,0.02,0.23
2071,NFL GameDay 2001,PS,2000,Sports,Sony Computer Entertainment,0.56,0.38,0,0.07,1
12444,KimiKiss,PS2,2006,Adventure,Enterbrain,0,0,0.06,0,0.06
8815,Cake Mania: In The Mix!,Wii,2008,Puzzle,Majesco Entertainment,0.14,0,0,0.01,0.15
15823,Winter Sports 3: The Great Tournament,X360,2010,Sports,Tradewest,0,0.01,0,0,0.02
16060,PDC World Championship Darts 2008,PSP,N/A,Sports,Oxygen Interactive,0.01,0,0,0,0.01
6372,Magical Vacation,GBA,2001,Role-Playing,Nintendo,0,0,0.26,0.01,0.27
14741,Pro Evolution Soccer 2017,XOne,2016,Sports,Konami Digital Entertainment,0,0.02,0,0,0.03
13558,Record of Agarest War: Marriage,PSP,2012,Role-Playing,Compile Heart,0,0,0.04,0,0.04
6447,The Crew,X360,2014,Racing,Ubisoft,0.06,0.18,0,0.02,0.26
15270,Dungeon Defenders,PC,2011,Role-Playing,Unknown,0.02,0,0,0,0.02
13318,To Heart 2 DX Plus,PS3,2011,Adventure,Aqua Plus,0,0,0.05,0,0.05
6489,Sengoku Basara 2,PS2,2006,Action,Capcom,0,0,0.26,0,0.26
10278,Charlie and the Chocolate Factory,XB,2005,Adventure,Global Star,0.08,0.02,0,0,0.11
2117,Kingdom Hearts Re:coded,DS,2010,Role-Playing,Square Enix,0.56,0.1,0.27,0.05,0.98
13243,J-League '96 Dream Stadium,SNES,1996,Sports,Hudson Soft,0,0,0.05,0,0.05
12092,NHL 2005,GC,2004,Sports,Electronic Arts,0.05,0.01,0,0,0.07
7048,Perfect Weapon,PS,1996,Action,American Softworks,0.13,0.09,0,0.02,0.23
3983,Super Robot Taisen MX,PS2,2004,Strategy,Banpresto,0,0,0.5,0,0.5
8356,NBA Live 16,PS4,2015,Sports,Electronic Arts,0.1,0.04,0,0.03,0.17
13758,Who Wants to Be a Millionaire: 3rd Edition,DS,2010,Misc,Ubisoft,0.04,0,0,0,0.04
6181,Pitfall: The Mayan Adventure,GBA,2001,Platform,Interplay,0.2,0.07,0,0.01,0.28
4462,Puppy Luv: Spa and Resort,DS,2007,Simulation,Activision,0.4,0,0,0.03,0.44
11875,Petz Fantasy 3D,3DS,2011,Simulation,Ubisoft,0.07,0,0,0,0.07
2966,The Lord of the Rings: The Return of the King,GC,2003,Action,Electronic Arts,0.53,0.14,0,0.02,0.69
5860,Invizimals: Shadow Zone,PSP,2010,Strategy,Sony Computer Entertainment,0.05,0.16,0,0.08,0.3
3518,Mobile Suit Gundam: Giren no Yabou- Zeon no Keifu,PS,2000,Strategy,Namco Bandai Games,0,0,0.54,0.04,0.57
9182,Jim Henson's the Muppets: On With the Show!,GBA,2003,Action,TDK Mediactive,0.1,0.04,0,0,0.14
7664,Teenage Mutant Ninja Turtles 3: Mutant Nightmare,PS2,2005,Action,Konami Digital Entertainment,0.1,0.08,0,0.03,0.2
7867,Sesame Street: Elmo's Number Journey,N64,1999,Misc,NewKidCo,0.15,0.04,0,0,0.19
4370,FIFA 15,3DS,2014,Sports,Electronic Arts,0.09,0.33,0,0.03,0.45
7983,La Pucelle: Tactics,PS2,2002,Role-Playing,Tecmo Koei,0.09,0.07,0,0.02,0.19
1366,Inazuma Eleven 2,DS,2009,Role-Playing,Nintendo,0,0.21,1.18,0.03,1.42
16188,Tantei Jinguuji Saburo: Hai to Diamond,PSP,2009,Adventure,Arc System Works,0,0,0.01,0,0.01
9119,Anno 1701: Dawn of Discovery,DS,2007,Simulation,Touchstone,0.07,0.06,0,0.02,0.14
8128,Shadow Madness,PS,1999,Action,Crave Entertainment,0.1,0.07,0,0.01,0.18
10385,Total Immersion Racing,PS2,2002,Racing,Empire Interactive,0.05,0.04,0,0.01,0.11
323,Batman: Arkham Knight,PS4,2015,Action,Warner Bros. Interactive Entertainment,1.49,1.58,0.1,0.61,3.79
14942,Serious Sam Advance,GBA,2004,Shooter,Global Star,0.02,0.01,0,0,0.02
6947,NASCAR 2011: The Game,Wii,2011,Racing,Activision,0.22,0,0,0.01,0.24
7579,Camping Mama: Outdoor Adventures,DS,2011,Simulation,505 Games,0.13,0.06,0,0.02,0.2
10352,Mega Man Battle Network 5: Double Team DS (JP sales),DS,2005,Role-Playing,Nintendo,0,0,0.11,0,0.11
1508,Rugrats Studio Tour,PS,1999,Adventure,THQ,0.57,0.67,0,0.07,1.31
7141,Yu-Gi-Oh! GX: Spirit Caller (American Sales),DS,2006,Misc,Konami Digital Entertainment,0.18,0.03,0,0.02,0.22
3881,Naruto Shippuden: Ultimate Ninja Storm 3,X360,2013,Fighting,Namco Bandai Games,0.29,0.17,0.01,0.04,0.51
7033,NHL FaceOff 2001,PS,2000,Sports,Sony Computer Entertainment,0.13,0.09,0,0.02,0.23
420,Yokai Watch 2 Ganso/Honke,3DS,2014,Role-Playing,Nintendo,0.03,0,3.18,0,3.22
8819,Kowloon's Gate,PS,1997,Adventure,Sony Computer Entertainment,0,0,0.14,0.01,0.15
11284,Famicom Mini: Mario Bros.,GBA,2004,Platform,Nintendo,0,0,0.08,0,0.08
15905,Tennis no Oji-Sama: Card Hunter,PS2,2007,Strategy,Konami Digital Entertainment,0,0,0.02,0,0.02
912,Madden NFL 09,PS3,2008,Sports,Electronic Arts,1.56,0.15,0,0.18,1.89
12024,Doraemon: Nobita to Himitsu Dougu Hakubutsukan,3DS,2013,Action,FuRyu,0,0,0.07,0,0.07
897,Need for Speed: Shift,X360,2009,Racing,Electronic Arts,0.73,0.97,0.01,0.22,1.92
11536,Armored Core 3 Portable,PSP,2009,Simulation,From Software,0,0,0.08,0,0.08
3548,Spec Ops: The Line,PS3,2012,Shooter,Take-Two Interactive,0.19,0.25,0.04,0.09,0.57
4307,Red Faction: Armageddon,PS3,2011,Shooter,THQ,0.2,0.16,0.03,0.07,0.46
6764,Turning Point: Fall of Liberty,PS3,2008,Shooter,Codemasters,0.21,0.01,0,0.02,0.25
15998,Football Manager Live,PC,2009,Sports,Sega,0,0.01,0,0,0.01
5818,RPG Tsukuru 2,SNES,1996,Role-Playing,ASCII Entertainment,0,0,0.31,0,0.31
3018,Blazing Angels: Squadrons of WWII,PS3,2006,Simulation,Ubisoft,0.35,0.22,0,0.1,0.67
5758,Vigilante 8,N64,1998,Racing,Activision,0.25,0.06,0,0,0.31
14271,YoKai Watch Dance: Just Dance Special Version,WiiU,2015,Misc,Level 5,0,0,0.03,0,0.03
16440,The Cages: Pro Style Batting Practice,Wii,2010,Sports,Konami Digital Entertainment,0.01,0,0,0,0.01
11374,Steins;Gate,PS3,2012,Adventure,PQube,0.01,0.04,0.02,0.01,0.08
98,Super Smash Bros. for Wii U and 3DS,3DS,2014,Fighting,Nintendo,3.24,1.35,2.42,0.43,7.45
15024,Penguins of Madagascar,Wii,2014,Action,Namco Bandai Games,0,0.02,0,0,0.02
4528,The Fairly Odd Parents: Game Boy Advance Video Volume 1,GBA,2004,Misc,N/A,0.31,0.11,0,0.01,0.43
14330,Neverwinter Nights,PC,2002,Role-Playing,Atari,0,0.03,0,0.01,0.03
2413,Winning Eleven: Pro Evolution Soccer 2007,PSP,2006,Sports,Konami Digital Entertainment,0.01,0.72,0.12,0.01,0.86
1309,Mortal Kombat 4,PS,1998,Fighting,GT Interactive,0.81,0.55,0,0.1,1.46
9561,Space Bust-A-Move,DS,2008,Puzzle,Square Enix,0.1,0.02,0,0.01,0.13
2776,LEGO Marvel Super Heroes,WiiU,2013,Action,Warner Bros. Interactive Entertainment,0.31,0.35,0.02,0.06,0.74
7560,Pitfall: The Lost Expedition,PS2,2004,Platform,Activision,0.1,0.08,0,0.03,0.2
8044,Gauntlet: Seven Sorrows,XB,2005,Role-Playing,Midway Games,0.14,0.04,0,0.01,0.18
15494,PC Engine Best Collection: Tengai Makyou Collection,PSP,2008,Role-Playing,Hudson Soft,0,0,0.02,0,0.02
9591,PBR: Out of the Chute,Wii,2008,Sports,Crave Entertainment,0.12,0,0,0.01,0.13
15208,FIFA Soccer 09,PC,2008,Sports,Electronic Arts,0,0.02,0,0,0.02
10594,Tom Clancy's Ghost Recon: Predator,PSP,2010,Shooter,Ubisoft,0.07,0.02,0,0.02,0.1
3296,Dora the Explorer: Super Spies,GBA,2004,Platform,Gotham Games,0.44,0.16,0,0.01,0.61
10566,NHL 2004,GC,2003,Sports,Electronic Arts,0.08,0.02,0,0,0.1
8499,Paws & Claws: Pet Resort,GBA,2006,Simulation,THQ,0.12,0.04,0,0,0.16
4017,Raiders of the Lost Ark,2600,1981,Action,Atari,0.46,0.03,0,0.01,0.5
9086,Hero's Saga Laevatein Tactics,DS,2008,Role-Playing,GungHo,0.13,0,0,0.01,0.14
11793,Saint Seiya: Brave Soldiers,PS3,2013,Fighting,Namco Bandai Games,0,0.01,0.06,0,0.07
6725,Ben 10 Ultimate Alien: Cosmic Destruction,PS3,2010,Platform,D3Publisher,0.12,0.09,0,0.04,0.25
1517,Crysis 2,PS3,2011,Action,Electronic Arts,0.45,0.57,0.06,0.21,1.3
7107,Bicycle Casino 2005,XB,2004,Misc,Zoo Digital Publishing,0.17,0.05,0,0.01,0.23
4957,The Dog Island,Wii,2007,Adventure,Ubisoft,0.35,0.01,0,0.03,0.39
828,Diablo III,PS3,2013,Role-Playing,Activision,0.71,0.83,0.15,0.35,2.05
13977,Mr. Driller,PS,1999,Puzzle,Namco Bandai Games,0.02,0.01,0,0,0.04
12993,Koi to Senkyo to Chocolate Portable,PSP,2012,Adventure,Kadokawa Shoten,0,0,0.05,0,0.05
16151,Hot Wheels: Stunt Track Challenge / World Race,GBA,2006,Racing,"Destination Software, Inc",0.01,0,0,0,0.01
1225,Call of Duty: Modern Warfare: Reflex Edition,Wii,2009,Shooter,Activision,0.95,0.43,0,0.14,1.53
4268,EA Sports UFC,XOne,2014,Sports,Electronic Arts,0.3,0.12,0,0.04,0.46
5334,Farming Simulator 2015,PS4,2015,Simulation,Koch Media,0.1,0.2,0,0.05,0.35
10495,Shrek: Forever After,X360,2010,Platform,Activision,0.09,0,0,0.01,0.1
2780,Midnight Club 3: DUB Edition,XB,2005,Racing,Take-Two Interactive,0.61,0.1,0,0.03,0.74
4456,Jump Start Pet Rescue,Wii,2009,Misc,Knowledge Adventure,0.41,0,0,0.03,0.44
3569,NHL Hitz 20-02,PS2,2001,Sports,Midway Games,0.28,0.22,0,0.07,0.56
9264,Alone in the Dark: Inferno,PS3,2008,Adventure,Atari,0.09,0.03,0,0.02,0.14
2134,NBA 2K10,X360,2009,Sports,Take-Two Interactive,0.88,0.02,0,0.08,0.97
4362,World Soccer Winning Eleven 5 Final Evolution,PS2,2001,Sports,Konami Digital Entertainment,0,0,0.45,0,0.45
6429,Dynasty Warriors 7: Xtreme Legends,PS3,2011,Action,Tecmo Koei,0.04,0.05,0.16,0.02,0.27
6696,U-Sing: Girls Night,Wii,2010,Misc,Mindscape,0,0.21,0,0.04,0.25
8671,Tiger Woods PGA Tour 2004,GC,2003,Sports,Electronic Arts,0.12,0.03,0,0,0.16
13387,Professor Heinz Wolff's Gravity,DS,2008,Puzzle,Deep Silver,0.04,0,0,0,0.05
15351,Disney Sports Football,GBA,2002,Sports,Unknown,0.01,0.01,0,0,0.02
7018,The Incredible Hulk: Ultimate Destruction,XB,2005,Action,Vivendi Games,0.17,0.05,0,0.01,0.23
10347,Aqua Aqua,PS2,2000,Puzzle,3DO,0.05,0.04,0,0.01,0.11
5579,J Stars Victory Vs.,PS3,2014,Fighting,Namco Bandai Games,0.04,0.06,0.2,0.02,0.32
2784,Indiana Jones and the Staff of Kings,Wii,2009,Action,Activision,0.36,0.3,0,0.08,0.74
1933,F1 2012,PS3,2012,Racing,Codemasters,0.12,0.64,0.05,0.25,1.07
8241,Rapala Fishing Frenzy 2009,PS3,2008,Sports,Activision,0.16,0,0,0.01,0.17
13370,Mafia,PC,2002,Action,Take-Two Interactive,0,0.04,0,0.01,0.05
5904,Pride FC: Fighting Championships,PS2,2003,Fighting,THQ,0.15,0.11,0,0.04,0.3
1329,Namco Museum 64,N64,1999,Misc,Namco Bandai Games,1.24,0.17,0.03,0.01,1.45
1705,Just Dance 4,X360,2012,Misc,Ubisoft,0.9,0.2,0,0.08,1.19
14175,Original Story from Fairy Tail: Gekitotsu! Kardia Daiseidou,DS,2011,Role-Playing,Hudson Soft,0,0,0.03,0,0.03
4731,Superman: The New Superman Adventures,N64,1999,Action,Titus,0.33,0.07,0,0,0.41
12593,Summon Night 6: Lost Borders,PSV,2016,Action,Namco Bandai Games,0,0,0.06,0,0.06
1296,The House of the Dead 2 & 3 Return,Wii,2008,Shooter,Sega,0.78,0.5,0.03,0.15,1.47
7598,Body and Brain Connection,X360,2010,Misc,Namco Bandai Games,0.1,0.08,0,0.02,0.2
10461,Universe at War: Earth Assault,X360,2008,Action,Sega,0.09,0.01,0,0.01,0.1
5032,Mobile Suit Gundam version 2.0,PS,1996,Action,Namco Bandai Games,0,0,0.36,0.02,0.38
5823,Magna Carta 2,X360,2009,Role-Playing,Banpresto,0.13,0.08,0.07,0.02,0.3
289,World of Warcraft: The Burning Crusade,PC,2007,Role-Playing,Activision,2.57,1.52,0,0,4.09
8021,Dead or Alive,SAT,1997,Fighting,Tecmo Koei,0,0,0.18,0,0.18
3024,Star Wars: Republic Commando,XB,2005,Shooter,Activision,0.48,0.17,0,0.02,0.67
9360,Freddi Fish: ABC under the sea,DS,2008,Misc,Atari,0.13,0,0,0.01,0.13
4605,Hot Wheels World Race,PS2,2003,Racing,THQ,0.21,0.16,0,0.05,0.42
11923,Dream Trigger 3D,3DS,N/A,Shooter,D3Publisher,0.04,0.02,0,0.01,0.07
8929,Phantasy Star Online Episode I & II,XB,2003,Role-Playing,Sega,0.11,0.03,0,0.01,0.15
6365,Jikkyou Powerful Pro Yakyuu 2,SNES,1995,Sports,Konami Digital Entertainment,0,0,0.27,0,0.27
5527,NeoGeo Battle Coliseum,PS2,2005,Fighting,Ignition Entertainment,0.16,0.13,0,0.04,0.33
10918,Playmobil Pirates,DS,2009,Action,Mindscape,0.08,0,0,0.01,0.09
9001,Barbarian,PS2,2002,Fighting,Titus,0.07,0.06,0,0.02,0.14
6806,Vexx,PS2,2003,Platform,Acclaim Entertainment,0.12,0.09,0,0.03,0.24
791,Portal 2,X360,2011,Shooter,Valve Software,1.41,0.51,0.01,0.17,2.1
4236,Razor Freestyle Scooter,PS,1999,Sports,Ubisoft,0.26,0.17,0,0.03,0.46
3657,Secret Agent Clank(US sales),PSP,2008,Platform,Sony Computer Entertainment,0.33,0.22,0,0,0.55
703,FIFA Soccer 09,PS2,2008,Sports,Electronic Arts,0.38,0.07,0.01,1.82,2.28
12677,MLB Power Pros 2008,DS,2008,Sports,Take-Two Interactive,0.05,0,0,0,0.06
11640,Sound Novel Tsukuru,SNES,1996,Misc,ASCII Entertainment,0,0,0.08,0,0.08
16565,Mighty No. 9,XOne,2016,Platform,Deep Silver,0.01,0,0,0,0.01
9447,Slime MoriMori Dragon Quest 3: Taikaizoku to Shippo Dan,3DS,2011,Role-Playing,Square Enix,0,0,0.13,0,0.13
1778,Fight Night Champion,PS3,2011,Fighting,Electronic Arts,0.45,0.51,0,0.19,1.15
11824,Summon Night,DS,2008,Role-Playing,Banpresto,0,0,0.07,0,0.07
11094,The $1 Pyramid,Wii,2011,Misc,Ubisoft,0.08,0,0,0.01,0.09
7890,Hisshou Pachinko*Pachi-Slot Kouryaku Series Vol. 5: CR Shinseiki Evangelion * Pachi-Slot Shinseiki Evangelion,PS2,2006,Misc,D3Publisher,0,0,0.19,0,0.19
6513,Konjiki no Gashbell!! Makai no Bookmark,GBA,2004,Adventure,Banpresto,0,0,0.25,0.01,0.26
10633,Disney's Donald Duck: Goin' Quackers,N64,2000,Platform,Ubisoft,0.08,0.02,0,0,0.1
13266,Deadliest Catch: Alaskan Storm,X360,2008,Sports,Navarre Corp,0.04,0,0,0,0.05
12692,Noddy in Toyland,DS,2011,Misc,GSP,0,0.05,0,0.01,0.06
1249,Simpsons Wrestling,PS,2001,Fighting,Electronic Arts,0.23,1.16,0,0.11,1.51
8669,StarBlade α,PS,1995,Shooter,Sony Computer Entertainment,0,0,0.15,0.01,0.16
14685,Metal Saga: Hagane no Kisetsu,DS,2006,Role-Playing,Success,0,0,0.03,0,0.03
7212,The Legend of Heroes: Trails of Cold Steel,PS3,2013,Role-Playing,Nippon Ichi Software,0.05,0.04,0.12,0.02,0.22
9901,Battle Arena Toshinden Remix,SAT,1994,Fighting,Sega,0,0,0.12,0,0.12
16331,Wedding Planner: Dream Weddings Guaranteed,DS,2010,Simulation,DTP Entertainment,0,0.01,0,0,0.01
6151,Need for Speed: Most Wanted,WiiU,2013,Racing,Electronic Arts,0.14,0.12,0,0.02,0.28
16154,SoulCalibur Legends (JP sales),Wii,2007,Action,Namco Bandai Games,0,0,0.01,0,0.01
14767,Cabela's Big Game Hunter: Pro Hunts,X360,2014,Shooter,Activision,0.02,0,0,0,0.03
9756,WRC 5: FIA World Rally Championship,PS3,2015,Sports,Bigben Interactive,0.02,0.09,0,0.02,0.12
430,Super Mario Maker,WiiU,2015,Platform,Nintendo,1.18,0.87,0.93,0.2,3.18
1927,WWE SmackDown vs. Raw 2010,PS2,2009,Fighting,THQ,0.53,0.01,0,0.54,1.07
15047,Street Fighter X Tekken,PC,2012,Fighting,Capcom,0,0.02,0,0,0.02
6646,Tony Hawk's Proving Ground,Wii,2007,Sports,Activision,0.22,0.01,0,0.02,0.25
927,Shrek 2,PS2,2004,Platform,Activision,1.12,0.69,0.03,0.02,1.86
26,Pokemon Ruby/Pokemon Sapphire,GBA,2002,Role-Playing,Nintendo,6.06,3.9,5.38,0.5,15.85
14456,Dance Dance Revolution: Hottest Party 5,Wii,2011,Misc,Konami Digital Entertainment,0,0.03,0,0,0.03
7014,Worms: Battle Islands,Wii,2010,Strategy,THQ,0.11,0.1,0,0.02,0.23
5626,Darkwatch,PS2,2005,Shooter,Ubisoft,0.16,0.12,0,0.04,0.32
2402,Conflict: Desert Storm,XB,2002,Shooter,SCi,0.48,0.37,0,0.02,0.87
343,SOCOM: U.S. Navy SEALs,PS2,2002,Shooter,Sony Computer Entertainment,2.53,0.81,0.06,0.24,3.65
1730,Mission: Impossible,N64,1997,Action,Ocean,0.74,0.38,0.02,0.03,1.17
2251,NHL 98,PS,1997,Sports,Electronic Arts,0.51,0.35,0,0.06,0.92
4760,Naughty Bear,X360,2010,Action,505 Games,0.21,0.16,0,0.04,0.41
3683,Metro 2033,X360,2010,Shooter,THQ,0.22,0.24,0.03,0.05,0.55
3528,Assassin's Creed II,PC,2010,Action,Ubisoft,0.01,0.45,0,0.11,0.57
671,Kinect Sports: Season Two,X360,2011,Sports,Microsoft Game Studios,1.38,0.74,0.02,0.22,2.36
2958,J-League Soccer: Prime Goal,SNES,1993,Sports,Namco Bandai Games,0,0,0.69,0,0.69
16441,Brothers Conflict: Precious Baby,PSV,2017,Action,Idea Factory,0,0,0.01,0,0.01
10665,Tom Clancy's Classic Trilogy,XB,2004,Shooter,Ubisoft,0.07,0.02,0,0,0.1
6048,DX Game of Life,PS,1996,Misc,Takara,0,0,0.27,0.02,0.29
2617,Ghost Squad,Wii,2007,Shooter,Sega,0.42,0.21,0.08,0.07,0.79
11142,F1 2016 (Codemasters),XOne,2016,Racing,Codemasters,0.01,0.07,0,0.01,0.09
9580,City Crisis,PS2,2001,Simulation,Take-Two Interactive,0.06,0.05,0,0.02,0.13
1848,Toy Story 3: The Video Game,PS3,2010,Action,Disney Interactive Studios,0.51,0.42,0,0.17,1.11
3916,NBA Live 2004,XB,2003,Sports,Electronic Arts,0.44,0.04,0,0.02,0.51
4988,Bakusou Dekotora Densetsu: Otoko Ippiki Yume Kaidoi,PS,1998,Racing,Human Entertainment,0,0,0.36,0.03,0.38
7302,Over G Fighters,X360,2006,Simulation,Ubisoft,0.19,0.01,0,0.02,0.22
14636,Hajime no Ippo: The Fighting,GBA,2002,Fighting,ESP,0,0,0.03,0,0.03
649,Theme Hospital,PC,1997,Strategy,Electronic Arts,2.3,0.1,0,0,2.4
16584,Fit & Fun,Wii,2011,Sports,Unknown,0,0.01,0,0,0.01
11658,Man vs. Wild,Wii,2011,Action,Crave Entertainment,0.07,0,0,0,0.08
14386,Hearts of Iron IV,PC,2016,Strategy,Paradox Interactive,0,0.03,0,0,0.03
5380,Super Bust-A-Move,PS2,2000,Puzzle,Acclaim Entertainment,0.17,0.13,0,0.04,0.34
9881,Monster Jam: Path of Destruction,X360,2010,Racing,Activision,0.11,0,0,0.01,0.12
3163,TimeSplitters 2,XB,2002,Shooter,Eidos Interactive,0.29,0.33,0,0.01,0.64
8504,Medieval Games,Wii,2009,Action,Vir2L Studios,0.14,0.01,0,0.01,0.16
3505,Top Spin 3,PS3,2008,Action,Take-Two Interactive,0.08,0.37,0,0.12,0.57
10222,Top Gear Rally 2,N64,1999,Racing,Kemco,0.09,0.02,0,0,0.11
15384,Ruff Trigger: The Vanocore Conspiracy,PS2,2006,Platform,Natsume,0.01,0.01,0,0,0.02
4797,NBA 2K10,PS2,2009,Sports,Take-Two Interactive,0.33,0.01,0,0.05,0.4
14010,Beatdown: Fists of Vengeance,XB,2005,Action,Capcom,0.03,0.01,0,0,0.04
8893,Major League Baseball 2K13,PS3,2013,Sports,Take-Two Interactive,0.14,0,0,0.01,0.15
7479,Gallop Racer 2003: A New Breed,PS2,2002,Sports,Zoo Digital Publishing,0.04,0.03,0.12,0.01,0.21
7815,Chaotic: Shadow Warriors,Wii,2009,Action,Activision,0.18,0,0,0.01,0.19
15792,Dark Void,PC,2010,Action,Capcom,0,0.01,0,0,0.02
44,Halo 3,X360,2007,Shooter,Microsoft Game Studios,7.97,2.83,0.13,1.21,12.14
5335,Jikkyou Powerful Pro Yakyuu 7,PS2,2000,Sports,Konami Digital Entertainment,0,0,0.35,0,0.35
5122,Yarudora Series Vol.1: Double Cast,PS,1998,Adventure,Sony Computer Entertainment,0,0,0.35,0.02,0.37
7877,SSX Tricky,GBA,2002,Sports,Electronic Arts,0.14,0.05,0,0,0.19
11527,Gekijouban Madoka Magicka: The Battle Pentagram,PSV,2013,Action,Namco Bandai Games,0,0,0.08,0,0.08
14907,Doki Oki,PS,1995,Adventure,Banpresto,0,0,0.02,0,0.03
4398,ATV Quad Power Racing 2,XB,2003,Racing,Acclaim Entertainment,0.36,0.07,0,0.01,0.45
13775,Mike Tyson Boxing,GBA,2002,Sports,Ubisoft,0.03,0.01,0,0,0.04
11701,P.T.O. IV: Pacific Theater of Operations,PS2,2002,Strategy,Tecmo Koei,0.04,0.03,0,0.01,0.08
6000,SD Gundam G Century,PS,1997,Strategy,Namco Bandai Games,0,0,0.27,0.02,0.29
13179,Yu-Gi-Oh! World Championship 2007,DS,2007,Strategy,Konami Digital Entertainment,0,0.01,0.04,0,0.05
516,BioShock,X360,2007,Shooter,Take-Two Interactive,1.65,0.86,0.05,0.28,2.83
13734,Grand Theft Auto: Vice City,PC,2003,Action,Take-Two Interactive,0,0.03,0,0.01,0.04
229,Forza Motorsport 4,X360,2011,Racing,Microsoft Game Studios,2.08,2.04,0.06,0.47,4.64
2015,MX vs. ATV Unleashed,PS2,2005,Racing,THQ,0.86,0.03,0,0.14,1.03
7747,Dragon Ball Z: Idainaru Dragon Ball Densetsu,PS,1996,Fighting,Namco Bandai Games,0,0,0.18,0.01,0.19
13174,Rogue Ops,GC,2003,Action,Kemco,0.04,0.01,0,0,0.05
7238,Dragon Ball: Origins (JP & incomplete US sales),DS,2008,Adventure,Atari,0.04,0,0.17,0,0.22
11104,Atelier Totori: The Adventurer of Arland,PSV,2012,Role-Playing,Gust,0,0,0.09,0,0.09
6757,Choro Q2,PS,1997,Racing,Takara,0,0,0.23,0.02,0.25
780,Tony Hawk's Pro Skater,N64,2000,Sports,Activision,1.68,0.4,0,0.03,2.11
3328,Madden NFL 2000,N64,1999,Sports,Electronic Arts,0.58,0.02,0,0,0.61
15072,Escape the Emerald Star,PC,2011,Puzzle,PopCap Games,0.02,0,0,0,0.02
11894,Tom Clancy's Ghost Recon 2,GC,2005,Shooter,Ubisoft,0.06,0.01,0,0,0.07
10223,Chopper Attack,N64,1997,Action,GT Interactive,0.09,0.02,0,0,0.11
3066,Jikkyou World Soccer 2000 Final Edition,PS2,2000,Sports,Konami Digital Entertainment,0,0,0.66,0,0.66
12627,Steins;Gate: Hiyoku Renri no Darling,PSP,2012,Action,5pb,0,0,0.06,0,0.06
15548,Guitar Freaks & DrumMania: Masterpiece Gold,PS2,2007,Simulation,Konami Digital Entertainment,0,0,0.02,0,0.02
6024,Jikkyou Powerful Pro Yakyuu 8,PS2,2001,Sports,Konami Digital Entertainment,0,0,0.29,0,0.29
335,FIFA Soccer 2005,PS2,2004,Sports,Electronic Arts,0.58,2.48,0.04,0.59,3.7
14604,OZMAFIA!! -vivace-,PSV,2015,Adventure,dramatic create,0,0,0.03,0,0.03
5399,Tom Clancy's Ghost Recon: Shadow Wars,3DS,2011,Strategy,Ubisoft,0.22,0.09,0,0.03,0.34
9922,SD Gundam G Generation-F.I.F,PS,2001,Strategy,Namco Bandai Games,0,0,0.11,0.01,0.12
15577,7 Roses: A Darkness Rises,PC,2015,Misc,Avanquest Software,0,0.02,0,0,0.02
7994,WWE All Stars,PSP,2011,Fighting,THQ,0.12,0.04,0,0.03,0.19
11759,Medabots 8,3DS,2014,Role-Playing,Rocket Company,0,0,0.07,0,0.07
15227,Umineko no Naku Koro ni: Majo to Suiri no Rinbukyoku,PS3,2010,Adventure,Alchemist,0,0,0.02,0,0.02
8614,Shinobido 2: Tales of the Ninja,PSV,2011,Action,Sony Computer Entertainment,0.06,0.05,0.02,0.03,0.16
12911,Imagine Animal Doctor Care Center,DS,2010,Simulation,Ubisoft,0.05,0,0,0,0.05
1256,Final Fantasy XIV: A Realm Reborn,PC,2010,Role-Playing,Square Enix,0.86,0.48,0,0.17,1.5
5074,The Legend of Spyro: A New Beginning,DS,2006,Platform,Vivendi Games,0.34,0.01,0,0.03,0.38
7207,Tenchu: Shadow Assassins,Wii,2008,Action,Ubisoft,0.16,0.01,0.03,0.02,0.22
13722,Summer Challenge: Athletics Tournament,PS3,2011,Sports,PQube,0,0.03,0,0.01,0.04
6708,Sentimental Graffiti,SAT,1998,Adventure,NEC Interchannel,0,0,0.25,0,0.25
13913,Secret Files 2: Puritas Cordis,PC,2009,Adventure,Deep Silver,0,0.03,0,0.01,0.04
8857,White Knight Chronicles: Origins,PSP,2011,Role-Playing,Sony Computer Entertainment,0,0.04,0.09,0.02,0.15
12605,Jumper: Griffin's Story,X360,2008,Action,Eidos Interactive,0.05,0,0,0,0.06
14939,Battlefield 2: Modern Combat(JP sales),PS2,2005,Shooter,Electronic Arts,0,0,0.02,0,0.02
4814,NBA ShootOut 2000,PS,1999,Sports,989 Studios,0.22,0.15,0,0.03,0.4
6695,J Stars Victory Vs.,PS4,2015,Fighting,Namco Bandai Games,0.07,0.14,0,0.04,0.25
3001,Fight Night 2004,XB,2004,Fighting,Electronic Arts,0.51,0.15,0,0.02,0.68
13800,Metal Slug XX,PSP,2009,Shooter,DHM Interactive,0.03,0,0,0,0.04
9258,In the Hunt,PS,1995,Shooter,THQ,0.03,0.02,0.07,0.01,0.14
11185,Adventure Time: Finn & Jake Investigations,PS4,2015,Action,Little Orbit,0.03,0.04,0,0.01,0.09
11113,Deadliest Catch: Sea of Chaos,X360,2010,Sports,Crave Entertainment,0.08,0,0,0.01,0.09
1854,Triple Play 98,PS,1997,Sports,Electronic Arts,0.61,0.42,0,0.07,1.1
6679,Atari Anthology,XB,2004,Misc,Atari,0.19,0.05,0,0.01,0.25
9255,Dead Rising 2,PC,2010,Action,Capcom,0.1,0.02,0,0.01,0.14
10486,Igor: The Game,Wii,2008,Adventure,CDV Software Entertainment,0.09,0,0,0.01,0.1
9426,Midnight Mysteries: The Edgar Allan Poe Conspiracy,DS,2010,Adventure,Foreign Media Games,0.08,0.04,0,0.01,0.13
15021,Kuusen II,PS2,2004,Simulation,Kadokawa Shoten,0,0,0.02,0,0.02
15079,Ride,X360,2015,Racing,Milestone S.r.l.,0,0.02,0,0,0.02
9982,ASH: Archaic Sealed Heat,DS,2007,Role-Playing,Nintendo,0,0,0.12,0,0.12
5452,Banjo-Kazooie: Grunty's Revenge,GBA,2003,Platform,THQ,0.24,0.09,0,0.01,0.33
11298,Prisoner of War,XB,2002,Adventure,Atari,0.06,0.02,0,0,0.08
1210,Dead Rising 3,XOne,2013,Action,Microsoft Game Studios,1.06,0.35,0.01,0.12,1.54
13065,SeaWorld Adventure Parks: Shamu's Deep Sea Adventure,DS,2005,Adventure,Activision,0.05,0,0,0,0.05
2145,Donkey Kong Junior,2600,1981,Platform,Atari,0.9,0.05,0,0.01,0.97
6330,Ty the Tasmanian Tiger,GC,2002,Platform,Electronic Arts,0.21,0.05,0,0.01,0.27
16045,Wizardry XTH: Unlimited Students,PS2,2006,Role-Playing,Michaelsoft,0,0,0.01,0,0.01
6676,The Outfit,X360,2006,Action,THQ,0.21,0.02,0,0.02,0.25
12705,Mirror's Edge,PC,2009,Platform,Electronic Arts,0,0.05,0,0.01,0.06
11677,Krazy Ivan,PS,1995,Simulation,Psygnosis,0.04,0.03,0,0,0.08
1888,Densha De Go!,PS,1997,Simulation,Taito,0,0,1.02,0.07,1.09
14804,Ookiku Furikabutte: Honto no Ace ni Nareru kamo,DS,2007,Sports,Marvelous Interactive,0,0,0.03,0,0.03
13699,Catwoman,GBA,2004,Action,Electronic Arts,0.03,0.01,0,0,0.04
10580,Pajama Sam: Don't Fear The Dark,Wii,2008,Adventure,Atari,0.09,0,0,0.01,0.1
8534,Grease Dance,X360,2011,Misc,505 Games,0.11,0.03,0,0.01,0.16
9213,Dynasty Warriors 7: Empires,PS3,2012,Action,Ubisoft Annecy,0,0,0.14,0,0.14
9009,Derby Stallion Gold,3DS,2014,Sports,Kadokawa Shoten,0,0,0.14,0,0.14
9177,Godzilla: Save the Earth,XB,2004,Fighting,Atari,0.1,0.03,0,0,0.14
5249,DanceDanceRevolution,Wii,2010,Simulation,Konami Digital Entertainment,0.29,0.04,0,0.02,0.36
10039,FIFA Street 2,GC,2006,Sports,Electronic Arts,0.09,0.02,0,0,0.11
10335,Blades of Time,X360,2012,Action,Konami Digital Entertainment,0.07,0.03,0,0.01,0.11
10601,Blades of Time,PS3,2012,Action,Konami Digital Entertainment,0.04,0.03,0.01,0.01,0.1
877,NBA Street Vol. 2,PS2,2003,Sports,Electronic Arts,1.69,0.2,0,0.06,1.95
10717,Lord of Apocalypse,PSP,2011,Role-Playing,Square Enix,0,0,0.1,0,0.1
620,Mortal Kombat: Deadly Alliance,PS2,2002,Fighting,Midway Games,1.81,0.52,0,0.15,2.49
14821,Monster High 13 Wishes,WiiU,2013,Action,Little Orbit,0.02,0,0,0,0.03
868,Hot Shots Golf: Open Tee,PSP,2004,Sports,Sony Computer Entertainment,0.5,0.5,0.63,0.33,1.96
16042,GunParade Orchestra: Ao no Shou,PS2,2006,Adventure,Sony Computer Entertainment,0,0,0.01,0,0.01
12341,Ratchet & Clank Collection,PSV,2014,Action,Sony Computer Entertainment,0,0.05,0,0.01,0.06
13141,"Warhammer 40,000: Dawn of War",PC,2004,Strategy,THQ,0.01,0.03,0,0.01,0.05
7792,Jikkyou J-League Perfect Striker,N64,1996,Sports,Konami Digital Entertainment,0,0,0.19,0,0.19
9855,PixelJunk Monsters Deluxe,PSP,2010,Strategy,Sony Computer Entertainment,0.11,0,0,0.01,0.12
14620,Gekiatsu!! Pachi Game Tamashi Vol. 2: CR Evangelion - Shinjitsu no Tsubasa,PS3,2011,Misc,Unknown,0,0,0.03,0,0.03
8922,The Incredible Hulk: Ultimate Destruction,GC,2005,Action,Vivendi Games,0.11,0.03,0,0,0.15
8840,Ultimate Board Game Collection,Wii,2007,Misc,Xplosiv,0.14,0,0,0.01,0.15
4699,World Soccer Jikkyou Winning Eleven 2000: U-23 Medal heno Chousen,PS,2000,Sports,Konami Digital Entertainment,0,0,0.39,0.03,0.41
7371,Ghostbusters II,2600,N/A,Action,Activision,0.2,0.01,0,0,0.21
195,Microsoft Flight Simulator,PC,1996,Simulation,Microsoft Game Studios,3.22,1.69,0,0.2,5.12
13028,Monster! Bass Fishing,GBA,2003,Sports,Ignition Entertainment,0.04,0.01,0,0,0.05
4036,GoldenEye: Rogue Agent,XB,2004,Shooter,Electronic Arts,0.34,0.13,0,0.02,0.49
5001,Naruto Shippuden: Ultimate Ninja Heroes 3,PSP,2009,Fighting,Namco Bandai Games,0.13,0.04,0.19,0.03,0.38
1158,No Man's Sky,PS4,2016,Action,Hello Games,0.58,0.74,0.02,0.26,1.6
14632,Hyakumanton no Bara Bara,PSP,2010,Strategy,Sony Computer Entertainment,0,0,0.03,0,0.03
10012,NASCAR 07,PS2,2006,Racing,Electronic Arts,0.06,0.04,0,0.01,0.11
12267,Escape from Bug Island,Wii,2006,Action,Eidos Interactive,0.04,0.01,0.01,0,0.06
6214,Over the Hedge,DS,2006,Platform,Activision,0.25,0.01,0,0.02,0.28
914,Ratchet & Clank Future: A Crack in Time,PS3,2009,Platform,Sony Computer Entertainment,1.05,0.54,0.03,0.26,1.88
13703,Capcom Fighting Evolution,XB,2005,Fighting,Capcom,0.03,0.01,0,0,0.04
9909,Jikkyou Powerful Pro Yakyuu 9,GC,2002,Sports,Konami Digital Entertainment,0,0,0.11,0,0.12
8946,Yu-Gi-Oh! Nightmare Troubadour (US sales),DS,2005,Action,Konami Digital Entertainment,0.15,0,0,0,0.15
10322,Dragon Quest & Final Fantasy in Itadaki Street Portable,PSP,2006,Misc,Square Enix,0,0,0.11,0,0.11
7279,Madden NFL 07,DS,2006,Sports,Electronic Arts,0.2,0,0,0.02,0.22
9015,Sakura Wars GB,GB,2000,Adventure,Media Factory,0,0,0.14,0,0.14
6081,Psi-Ops: The Mindgate Conspiracy,PS2,2004,Shooter,Midway Games,0.14,0.11,0,0.04,0.29
12004,Tales of Rebirth,PSP,2008,Role-Playing,Namco Bandai Games,0,0,0.07,0,0.07
14203,An American Tail: Fievel's Gold Rush,GBA,2002,Platform,Conspiracy Entertainment,0.02,0.01,0,0,0.03
13306,Gaist Crusher,3DS,2013,Action,Capcom,0,0,0.05,0,0.05
1962,Virtua Tennis 3,PS3,2007,Sports,Sega,0.23,0.59,0.03,0.22,1.06
9390,Disney's Kim Possible: Kimmunicator,DS,2005,Platform,Disney Interactive Studios,0.11,0.01,0,0.01,0.13
7021,Skylanders: SuperChargers,XOne,2015,Action,Activision,0.16,0.05,0,0.02,0.23
6807,The Incredible Hulk,DS,2008,Action,Sega,0.22,0,0,0.02,0.24
15431,Sega Ages 2500 Series Vol. 32: Phantasy Star Complete Collection,PS2,2008,Role-Playing,Sega,0,0,0.02,0,0.02
15295,Gochuumon wa Usagi Desu ka?? Wonderful Party!,PSV,2016,Adventure,5pb,0,0,0.02,0,0.02
12208,Bleach: Hanatareshi Yabou,PS2,2006,Role-Playing,Sony Computer Entertainment,0,0,0.07,0,0.07
1811,Donkey Kong,NES,1983,Platform,Nintendo,0.23,0.05,0.84,0.01,1.13
6005,Def Jam Rapstar,X360,2010,Misc,Konami Digital Entertainment,0.25,0.03,0,0.02,0.29
11788,Summon Night 4,PSP,2012,Role-Playing,Namco Bandai Games,0,0,0.07,0,0.07
13220,Jikkyou Oshaberi Parodius,SNES,1995,Shooter,Konami Digital Entertainment,0,0,0.05,0,0.05
12904,Zapper: One Wicked Cricket!,XB,2002,Platform,Infogrames,0.04,0.01,0,0,0.05
4428,The Urbz: Sims in the City (all regions sales),DS,2004,Simulation,Electronic Arts,0.4,0.01,0.02,0,0.44
6719,Tennis no Oji-Sama: Genius Boys Academy,GBA,2002,Sports,Konami Digital Entertainment,0,0,0.24,0.01,0.25
1790,Mirror's Edge,PS3,2008,Platform,Electronic Arts,0.31,0.59,0.02,0.22,1.14
13354,MiniCopter: Adventure Flight,Wii,2007,Simulation,505 Games,0.04,0,0,0,0.05
934,Chrono Cross,PS,1999,Role-Playing,SquareSoft,0.62,0.42,0.69,0.12,1.86
6389,Reign of Fire,PS2,2002,Shooter,BAM! Entertainment,0.13,0.1,0,0.03,0.27
4583,Dog's Life,PS2,2003,Adventure,Sony Computer Entertainment,0.21,0.16,0,0.05,0.42
5667,Dragon Quest Monsters: Battle Road Victory,Wii,2010,Strategy,Square Enix,0,0,0.32,0,0.32
9545,Backyard Baseball '09,DS,2008,Sports,Atari,0.12,0,0,0.01,0.13
1583,Winter Sports: The Ultimate Challenge,Wii,2007,Sports,RTL,0.45,0.68,0,0.12,1.26
6787,Broken Sword: Shadow of the Templars - The Director's Cut,Wii,2009,Adventure,Ubisoft,0.12,0.1,0,0.02,0.24
4868,NBA Jam,PS3,2010,Sports,Electronic Arts,0.22,0.12,0,0.06,0.4
5510,Custom Robo,N64,N/A,Role-Playing,Nintendo,0,0,0.29,0.04,0.33
2501,The Amazing Spider-Man (Console Version),PS3,2012,Action,Activision,0.31,0.37,0,0.14,0.83
7809,Might & Magic: Clash of Heroes,DS,2009,Role-Playing,Ubisoft,0.16,0.02,0,0.01,0.19
15598,Red Ninja: End of Honor,XB,2005,Action,Vivendi Games,0.01,0,0,0,0.02
8117,Splatterhouse,X360,2010,Action,Namco Bandai Games,0.14,0.03,0,0.01,0.18
6324,Fushigi no Dungeon: Fuurai no Shiren GB: Tsukikagemura no Kaibutsu,GB,1996,Role-Playing,ChunSoft,0,0,0.27,0,0.27
12020,Crayon Shin-Chan: Obaka Daininden - Susume! Kasukabe Ninja Tai!,DS,2010,Action,Namco Bandai Games,0,0,0.07,0,0.07
5632,Nagano Winter Olympics 98,N64,1997,Sports,Konami Digital Entertainment,0.15,0.04,0.13,0,0.32
8988,Guilty Gear X2 #Reload,XB,2004,Fighting,Zoo Digital Publishing,0.11,0.03,0,0.01,0.15
14473,Great Edo Blacksmith,PSV,2014,Adventure,Nippon Ichi Software,0,0,0.03,0,0.03
933,Phineas and Ferb,DS,2009,Action,Disney Interactive Studios,1.34,0.37,0,0.15,1.86
10725,Higurashi no Nakukoru ni Kizuna: Dai-Ni-Kan - Sou,DS,2008,Adventure,Alchemist,0,0,0.1,0,0.1
16306,Durarara!! Relay,PSV,2015,Action,Kadokawa Games,0,0,0.01,0,0.01
6766,How to Train Your Dragon 2,3DS,2014,Adventure,Little Orbit,0.04,0.19,0,0.02,0.25
10573,Digimon Adventure,PSP,2013,Role-Playing,Namco Bandai Games,0,0,0.1,0,0.1
12567,World Soccer Winning Eleven 9 (US sales),PSP,2005,Sports,Konami Digital Entertainment,0.05,0,0,0,0.06
9498,Heroes of the Pacific,XB,2005,Simulation,Codemasters,0.1,0.03,0,0,0.13
4320,Jikkyou Powerful Pro Yakyuu 12,PS2,2005,Sports,Konami Digital Entertainment,0,0,0.45,0,0.45
12417,A New Beginning,PC,2010,Adventure,Deep Silver,0,0.05,0,0.01,0.06
15318,Negima!? Chou Mahora Taisen Chuu: Checkiin Zenin Shuugou! Yappari Onsen Kichaimashitaa,DS,2007,Adventure,Marvelous Interactive,0,0,0.02,0,0.02
14827,Gauntlet / Rampart,GBA,2005,Misc,Zoo Digital Publishing,0.02,0.01,0,0,0.03
12031,RayStorm,PS,1997,Shooter,Sony Computer Entertainment,0.04,0.03,0,0,0.07
7240,Tropico 3,X360,2009,Strategy,Kalypso Media,0.15,0.02,0.03,0.02,0.22
4681,Dexter's Laboratory Deesaster Strikes,GBA,2001,Adventure,BAM! Entertainment,0.3,0.11,0,0.01,0.41
5134,Medieval II: Total War Gold Edition,PC,2008,Strategy,Sega,0,0.33,0,0.03,0.37
10426,Pro Yaky? Spirits 2010,PS2,2010,Sports,Konami Digital Entertainment,0,0,0.1,0,0.1
13674,B.L.U.E.: Legend of Water,PS,N/A,Adventure,N/A,0,0,0.04,0,0.04
13527,Sonic the Hedgehog 2 (8-bit),GG,1992,Platform,Sega,0,0,0.04,0,0.04
15426,Littlest Pet Shop,PC,2008,Simulation,Electronic Arts,0,0.02,0,0,0.02
6645,Scrabble,PS,1999,Misc,Ubisoft,0.14,0.1,0,0.02,0.25
5379,Marvel Super Heroes,PS,1997,Fighting,Virgin Interactive,0.19,0.13,0,0.02,0.34
5711,Phineas and Ferb Ride Again,DS,2010,Action,Disney Interactive Studios,0.25,0.04,0,0.02,0.31
796,NBA 2K11,X360,2010,Action,Take-Two Interactive,1.84,0.12,0.01,0.13,2.09
15635,Ultimate Puzzle Games,GBA,2005,Puzzle,Telegames,0.01,0,0,0,0.02
11040,Reading Training,DS,2007,Misc,Benesse,0.01,0,0.08,0,0.09
15554,Yu-Gi-Oh! GX: The Beginning of Destiny (JP sales),PS2,2007,Strategy,Konami Digital Entertainment,0,0,0.02,0,0.02
9951,Teenage Mutant Ninja Turtles 3: Mutant Nightmare,GC,2005,Action,Konami Digital Entertainment,0.09,0.02,0,0,0.12
13013,RPG Tsukuru DS,DS,2010,Role-Playing,Enterbrain,0,0,0.05,0,0.05
8683,WWE '13,Wii,2012,Action,THQ,0.12,0.02,0,0.01,0.16
2942,King Kong,2600,1981,Action,Tigervision,0.65,0.04,0,0.01,0.69
6172,MX SuperFly featuring Ricky Carmichael,PS2,2002,Racing,THQ,0.14,0.11,0,0.04,0.28
3956,Alice: Madness Returns,X360,2011,Adventure,Electronic Arts,0.27,0.15,0.04,0.04,0.5
14766,Infinite Stratos 2: Ignition Hearts,PS3,2014,Adventure,5pb,0,0,0.03,0,0.03
9774,Zathura,PS2,2005,Adventure,Take-Two Interactive,0.06,0.05,0,0.02,0.12
6196,Shadows of the Damned,PS3,2011,Action,Electronic Arts,0.11,0.09,0.04,0.04,0.28
14786,Battlefield 2142,PC,2006,Shooter,Electronic Arts,0,0.02,0,0,0.03
7008,Pinball Hall of Fame: The Gottlieb Collection,PSP,2005,Misc,Play It,0.2,0.01,0,0.02,0.23
16095,Superstars V8 Racing,X360,2009,Racing,Black Bean Games,0,0.01,0,0,0.01
1613,Frogger: The Great Quest,PS2,2001,Platform,Konami Digital Entertainment,0.6,0.47,0,0.16,1.23
16196,K-1 Grand Prix,PS,1999,Fighting,Jaleco,0.01,0.01,0,0,0.01
2170,The Witcher 2: Assassins of Kings,PC,2011,Action,Namco Bandai Games,0.25,0.56,0,0.15,0.96
12926,TrackMania Turbo: Build to Race,DS,2010,Racing,Ubisoft,0.03,0.02,0,0.01,0.05
3197,NASCAR 06: Total Team Control,PS2,2005,Racing,Electronic Arts,0.53,0.02,0,0.09,0.63
9690,Ochaken no Heya DS,DS,2006,Simulation,MTO,0,0,0.12,0,0.12
3763,SpongeBob SquarePants featuring Nicktoons: Globs of Doom,Wii,2008,Action,THQ,0.49,0,0,0.04,0.53
1573,Football Manager 2011,PC,2010,Sports,Sega,0,1.01,0,0.25,1.26
5779,Shaun White Snowboarding,PS2,2008,Sports,Ubisoft,0.15,0.12,0,0.04,0.31
16387,Poker for Dummies,PC,2008,Misc,Electronic Arts,0,0.01,0,0,0.01
6988,Asphalt: Injection,PSV,2011,Action,Ubisoft,0.14,0.06,0,0.04,0.23
16193,Satisfashion,Wii,2010,Misc,Destineer,0.01,0,0,0,0.01
6431,Imagine: Fashion Party,Wii,2009,Simulation,Ubisoft,0.25,0,0,0.02,0.27
3319,Final Fantasy IV Advance,GBA,2005,Role-Playing,Nintendo,0.27,0.1,0.22,0.01,0.61
15891,Worldwide Soccer Manager 2006,PC,2004,Sports,Sega,0,0.01,0,0,0.02
3034,Summer Sports: Paradise Island (Others sales),Wii,2008,Sports,Ubisoft,0,0.66,0,0.01,0.67
639,Ice Hockey,NES,1988,Sports,Nintendo,1.27,0.32,0.78,0.05,2.42
3228,Final Fantasy VII International,PS,1997,Role-Playing,Square,0,0,0.59,0.04,0.63
9869,Sacred 3,PS3,2014,Role-Playing,Deep Silver,0.03,0.05,0.02,0.02,0.12
6319,Bridge,2600,1980,Misc,Activision,0.25,0.02,0,0,0.27
7749,Bound By Flame,PS4,2014,Role-Playing,Focus Home Interactive,0.07,0.08,0,0.04,0.19
15845,Pachi-Slot Higrashi no Naku Koro ni Matsuri,PS2,2010,Misc,Alchemist,0,0,0.02,0,0.02
9499,Smart Boy's Gameroom,DS,2007,Misc,505 Games,0.12,0,0,0.01,0.13
10410,Dragon Ball Z Super Gokuden: Kakusei-Hen,SNES,1995,Role-Playing,Namco Bandai Games,0,0,0.11,0,0.11
15104,Crazy Machines,Wii,2010,Puzzle,DTP Entertainment,0.01,0.01,0,0,0.02
9346,Bratz,GBA,2002,Platform,Ubisoft,0.1,0.04,0,0,0.13
12572,Record of Lodoss War: Eiyuu Sensou,SCD,1994,Role-Playing,Sega,0,0,0.06,0,0.06
5751,Super Robot Taisen Complete Box,PS,1999,Strategy,Banpresto,0,0,0.29,0.02,0.31
3847,Mission: Impossible,PS,1999,Action,Infogrames,0.29,0.2,0,0.03,0.52
14465,Zoboomafoo: Leapin' Lemurs!,PS,2001,Action,Encore,0.02,0.01,0,0,0.03
10134,Yu Yu Hakusho: Tournament Tactics,GBA,2004,Strategy,Atari,0.08,0.03,0,0,0.11
12213,MotorStorm RC,PSV,2012,Racing,Sony Computer Entertainment,0,0.05,0,0.02,0.07
10883,SD Gundam G Generation DS,DS,2005,Role-Playing,Namco Bandai Games,0,0,0.09,0,0.09
5985,One Piece Unlimited Cruise 2: Awakening of a Hero,Wii,2009,Action,Namco Bandai Games,0,0.1,0.17,0.02,0.29
3023,Spice World,PS,1998,Action,Sony Computer Entertainment,0.37,0.25,0,0.04,0.67
8045,AirForce Delta Storm,XB,2001,Shooter,Konami Digital Entertainment,0.14,0.04,0,0.01,0.18
6469,Tomba!,PS,1997,Platform,Sony Computer Entertainment,0.15,0.1,0,0.02,0.26
10793,Steel Battalion,XB,2002,Simulation,Microsoft Game Studios,0.05,0.02,0.02,0,0.1
5405,Harry Potter and the Deathly Hallows - Part 2,PS3,2011,Action,Electronic Arts,0.14,0.15,0,0.05,0.34
1352,Disney's DuckTales,GB,1988,Platform,Capcom,0.82,0.23,0.35,0.03,1.43
11742,Myst,PS,1995,Adventure,Psygnosis,0,0,0.07,0,0.07
9187,Frank Thomas Big Hurt Baseball,PS,1996,Sports,Acclaim Entertainment,0.08,0.05,0,0.01,0.14
9680,Diner Dash: Sizzle & Serve,PSP,2007,Puzzle,Eidos Interactive,0.11,0,0,0.01,0.12
13772,Terraria,XOne,2014,Action,505 Games,0,0.04,0,0,0.04
7808,Major League Baseball 2K12,PS3,2012,Sports,Take-Two Interactive,0.18,0,0,0.01,0.19
12845,NHL Powerplay 98,PS,1997,Sports,Virgin Interactive,0.03,0.02,0,0,0.05
2829,Ultimate Spider-Man,PS2,2005,Action,Activision,0.6,0.02,0,0.1,0.72
9034,Dishonored,XOne,2015,Action,Bethesda Softworks,0.08,0.05,0,0.01,0.14
14259,Earthworm Jim 2,GBA,2002,Platform,Vivendi Games,0.02,0.01,0,0,0.03
6980,Meteos,DS,2005,Puzzle,Nintendo,0.15,0.01,0.06,0.01,0.23
12706,Blade Dancer: Lineage of Light,PSP,2006,Role-Playing,Atari,0.05,0,0,0,0.06
13789,King of Fighters: Maximum Impact Regulation A,PS2,2007,Fighting,SNK Playmore,0,0,0.04,0,0.04
15451,Uchuu Keiji Tamashii: The Space Sheriff Spirits,PS2,2006,Action,Namco Bandai Games,0,0,0.02,0,0.02
10980,Metal Slug X,PS,2001,Shooter,Virgin Interactive,0.05,0.03,0,0.01,0.09
12830,Medabots: Metabee,GBA,2002,Role-Playing,Natsume,0.04,0.01,0,0,0.05
16272,Slide Adventure: Mag Kid,DS,2007,Action,Nintendo,0,0,0.01,0,0.01
445,Personal Trainer: Cooking,DS,2006,Misc,Nintendo,0.91,1,1.03,0.17,3.12
3186,X-Men Legends II: Rise of Apocalypse,PS2,2005,Role-Playing,Activision,0.53,0.02,0,0.09,0.63
12441,Kekkon: Marriage,SAT,1995,Adventure,Shogakukan,0,0,0.06,0,0.06
8282,One Piece: Unlimited World Red,PSV,2014,Action,Namco Bandai Games,0.06,0.04,0.04,0.03,0.17
16314,Space Hulk,PSV,2015,Strategy,Funbox Media,0,0.01,0,0,0.01
16145,WSC REAL 09: World Snooker Championship,PS3,2009,Sports,Deep Silver,0,0.01,0,0,0.01
4296,.hack//Outbreak Part 3,PS2,2002,Role-Playing,Atari,0.14,0.11,0.17,0.04,0.46
5057,Scribblenauts: Unlimited,WiiU,2012,Action,Warner Bros. Interactive Entertainment,0.26,0.09,0,0.03,0.38
1675,WWE 2K16,PS4,2015,Sports,Take-Two Interactive,0.41,0.6,0,0.19,1.2
14321,Vegas Casino,DS,2007,Misc,Neko Entertainment,0.03,0,0,0,0.03
12058,San Goku Shi Taisen Ten,DS,2008,Strategy,Sega,0,0,0.07,0,0.07
6987,Me & My Katamari,PSP,2005,Puzzle,Namco Bandai Games,0.13,0.02,0.08,0,0.23
2998,FIFA Soccer 06,XB,2005,Sports,Electronic Arts,0.29,0.38,0,0.01,0.68
5064,Petz Rescue: Wildlife Vet,DS,2008,Simulation,Ubisoft,0.35,0,0,0.03,0.38
6502,Ace Attorney Investigations 2,DS,2011,Adventure,Capcom,0,0,0.26,0,0.26
4420,TouchMaster 3,DS,2009,Puzzle,Warner Bros. Interactive Entertainment,0.3,0.11,0,0.04,0.44
4993,Fragile Dreams: Farewell Ruins of the Moon,Wii,2009,Role-Playing,Rising Star Games,0.17,0.12,0.06,0.03,0.38
6131,R: Racing Evolution,PS2,2003,Racing,Namco Bandai Games,0.14,0.11,0,0.04,0.28
10786,Ar tonelico: Melody of Elemia,PS2,2006,Role-Playing,505 Games,0,0,0.1,0,0.1
11791,The Rub Rabbits!,DS,2005,Puzzle,Sega,0.03,0,0.04,0,0.07
15657,Bejeweled Blitz,PC,2010,Puzzle,Mastertronic,0,0.01,0,0,0.02
3032,RIFT,PC,2011,Role-Playing,Unknown,0.44,0.16,0,0.07,0.67
12591,Broken Sword: The Shadow of the Templars,GBA,2002,Adventure,BAM! Entertainment,0.04,0.02,0,0,0.06
12203,Monster Tale,DS,2011,Platform,Majesco Entertainment,0.06,0,0,0,0.07
6470,Love Plus,DS,2009,Simulation,Konami Digital Entertainment,0,0,0.26,0,0.26
15654,Airline Tycoon,PC,2000,Simulation,Interplay,0,0.01,0,0,0.02
12813,Sled Shred featuring the Jamaican Bobsled Team,Wii,2010,Sports,SouthPeak Games,0.05,0,0,0,0.06
3401,Jikkyou Powerful Pro Yakyuu '98 Kaimakuban,PS,1998,Sports,Konami Digital Entertainment,0,0,0.55,0.04,0.59
10680,"Sakura Wars 2: Kimi, Shinitamou koto Nakare",DC,2000,Adventure,Sega,0,0,0.1,0,0.1
14210,Detective Conan: Phantom Rhapsody,3DS,2014,Action,Namco Bandai Games,0,0,0.03,0,0.03
10355,Tiger Woods PGA Tour 06,GC,2005,Sports,Electronic Arts,0.08,0.02,0,0,0.11
10892,The Amazing Spider-Man (Console Version),WiiU,2013,Action,Activision,0.05,0.03,0,0.01,0.09
9846,Slayers,SNES,1994,Role-Playing,Banpresto,0,0,0.12,0,0.12
13221,Super Jinsei Game 2,SNES,1995,Misc,Takara,0,0,0.05,0,0.05
456,Donkey Kong,GB,1994,Platform,Nintendo,1.57,0.62,0.55,0.34,3.07
13783,Katekyoo Hitman Reborn! Battle Arena 2 - Spirits Burst,PSP,2009,Fighting,Marvelous Interactive,0,0,0.04,0,0.04
11331,Gundam Seed: Battle Assault,GBA,2004,Fighting,Namco Bandai Games,0.06,0.02,0,0,0.08
11238,Just Dance Wii U,WiiU,2014,Misc,Nintendo,0,0,0.09,0,0.09
16038,Kaitou Rousseau,DS,2006,Action,Namco Bandai Games,0,0,0.01,0,0.01
13637,NatGeo Challenge! Wild Life,Wii,2010,Misc,Black Bean Games,0.04,0,0,0,0.04
5264,Shrek,XB,2001,Platform,TDK Mediactive,0.25,0.1,0,0.01,0.36
9297,Let's Play Ballerina,DS,2010,Sports,Deep Silver,0.13,0,0,0.01,0.14
10764,Heatseeker,Wii,2007,Action,Codemasters,0.08,0,0,0.01,0.1
13610,Scaler,XB,2004,Platform,Global Star,0.03,0.01,0,0,0.04
13751,Meteos: Disney Magic,DS,2007,Puzzle,Disney Interactive Studios,0.01,0.02,0,0,0.04
9169,Ecco the Dolphin: Defender of the Future,PS2,2002,Adventure,Sony Computer Entertainment,0.07,0.05,0,0.02,0.14
11709,The Hustle: Detroit Streets,PSP,2005,Sports,Deep Silver,0.07,0,0,0.01,0.08
13307,Punch King,GBA,2002,Fighting,Acclaim Entertainment,0.03,0.01,0,0,0.05
6849,Azurik: Rise of Perathia,XB,2001,Action,Microsoft Game Studios,0.18,0.05,0,0.01,0.24
6974,LEGO Marvel's Avengers,PSV,2016,Action,Warner Bros. Interactive Entertainment,0.07,0.11,0,0.05,0.23
4540,FIFA 14,Wii,2013,Sports,Electronic Arts,0,0.38,0,0.05,0.43
15903,Jet Impulse,DS,N/A,Simulation,Nintendo,0,0,0.02,0,0.02
9797,Rush,PSP,2006,Racing,Midway Games,0.11,0,0,0.01,0.12
3154,Stuntman: Ignition,X360,2007,Racing,THQ,0.25,0.32,0,0.07,0.64
2047,Ninja Gaiden II,X360,2008,Action,Tecmo Koei,0.65,0.22,0.05,0.1,1.01
8394,Off-World Interceptor Extreme,PS,1995,Racing,Crystal Dynamics,0.09,0.06,0,0.01,0.17
3141,Aliens: Colonial Marines,PS3,2013,Shooter,Sega,0.2,0.31,0,0.13,0.64
12846,Olympic Soccer: Atlanta 1996,PS,1996,Sports,U.S. Gold,0.03,0.02,0,0,0.05
7673,Pro Yaky? Spirits 2012,PSP,2012,Sports,Konami Digital Entertainment,0,0,0.2,0,0.2
330,Super Paper Mario,Wii,2007,Platform,Nintendo,1.98,0.88,0.59,0.32,3.76
7469,Yarudora Series Vol. 2: Kisetsu wo Dakishimete,PS,1998,Adventure,Sony Computer Entertainment,0,0,0.19,0.01,0.21
3242,WWF in Your House,PS,1996,Fighting,Acclaim Entertainment,0.35,0.24,0,0.04,0.62
7557,Dragon Ball: Revenge of King Piccolo,Wii,2009,Action,Namco Bandai Games,0.13,0.03,0.03,0.02,0.2
14713,Timeshock! Pro Pinball,PS,1998,Misc,Empire Interactive,0.02,0.01,0,0,0.03
16543,15 Days,PC,2009,Adventure,DTP Entertainment,0,0.01,0,0,0.01
9895,The Penguins of Madagascar: Dr. Blowhole Returns - Again!,DS,2011,Action,THQ,0.07,0.03,0,0.01,0.12
5949,Trace Memory,DS,2005,Adventure,Nintendo,0.15,0.01,0.12,0.01,0.3
14095,Castlevania Bloodlines,GEN,1994,Platform,Konami Digital Entertainment,0,0,0.04,0,0.04
13542,Chicken Shoot,GBA,2005,Action,Zoo Digital Publishing,0.03,0.01,0,0,0.04
14789,Poy Poy,PS,1997,Action,Konami Digital Entertainment,0.01,0.01,0,0,0.03
13231,StarCraft,PC,1998,Strategy,Activision,0,0.04,0,0.01,0.05
14395,Infinite Stratos 2: Ignition Hearts,PSV,2014,Adventure,5pb,0,0,0.03,0,0.03
16046,Raven's Cry,PS4,2015,Role-Playing,TopWare Interactive,0,0.01,0,0,0.01
5209,Saban's Power Rangers: Lightspeed Rescue,N64,2000,Action,THQ,0.29,0.06,0,0,0.36
3872,Omega Boost,PS,1999,Shooter,Sony Computer Entertainment,0.17,0.11,0.2,0.03,0.52
10800,Tennis no Oji-Sama: Motto Gakuensai no Ouji-Sama - More Sweet Edition,DS,2010,Sports,Konami Digital Entertainment,0,0,0.1,0,0.1
4277,Madden NFL 12,Wii,2011,Sports,Electronic Arts,0.43,0,0,0.03,0.46
1207,Command & Conquer: Tiberian Sun,PC,1999,Strategy,Westwood Studios,1.55,0,0,0,1.55
14023,S.T.A.L.K.E.R.: Clear Sky,PC,2008,Shooter,Deep Silver,0,0.03,0,0.01,0.04
12274,Kanon,DC,2000,Adventure,NEC Interchannel,0,0,0.06,0,0.06
11784,Warriors Orochi 3,PSV,2013,Action,Tecmo Koei,0,0,0.07,0,0.07
1007,Star Wars: Battlefront,XB,2004,Shooter,Activision,1.24,0.45,0,0.07,1.75
12414,Pro Evolution Soccer 2017,PS3,2016,Sports,Konami Digital Entertainment,0,0.01,0.04,0,0.06
9279,Pet Pals: Animal Doctor,Wii,2008,Simulation,JoWood Productions,0.13,0,0,0.01,0.14
10289,The Polar Express,GC,2004,Adventure,THQ,0.08,0.02,0,0,0.11
171,Dr. Mario,GB,1989,Puzzle,Nintendo,2.18,0.96,2,0.2,5.34
3865,The Punisher,PS2,2005,Action,THQ,0.25,0.2,0,0.07,0.52
7621,Disney's Tarzan,N64,2000,Platform,Activision,0.16,0.04,0,0,0.2
1707,Pole Position,2600,1982,Racing,Atari,1.1,0.07,0,0.01,1.18
12312,Samurai Warriors Chronicles 3,PSV,2014,Action,Tecmo Koei,0,0,0.06,0,0.06
6841,Stella Glow,3DS,2015,Role-Playing,Atlus,0.16,0.01,0.05,0.02,0.24
11972,Yamaha Supercross,Wii,2009,Racing,Zoo Digital Publishing,0.05,0.01,0,0.01,0.07
12118,Norse by Norsewest: The Return of the Lost Vikings,PS,1997,Action,Interplay,0.04,0.03,0,0,0.07
10835,Ghostbusters: The Video Game (DS Version),PC,2010,Action,Take-Two Interactive,0,0.08,0,0.02,0.09
16088,Road Trip: Shifting Gears,GBA,2002,Racing,Zoo Digital Publishing,0.01,0,0,0,0.01
1818,Dragon Age II,X360,2011,Action,Electronic Arts,0.72,0.3,0.01,0.09,1.12
5929,James Bond 007: Legends,X360,2012,Shooter,Activision,0.13,0.14,0,0.03,0.3
13520,Dead Head Fred,PSP,2007,Action,D3Publisher,0.04,0,0,0,0.04
6843,Summon Night 3,PS2,2003,Role-Playing,Banpresto,0,0,0.24,0,0.24
13760,Saru! Get You! Pipo Saru Senki,PSP,2009,Role-Playing,Sony Computer Entertainment,0,0,0.04,0,0.04
2739,The Godfather II,PS3,2009,Action,Electronic Arts,0.41,0.22,0.01,0.11,0.75
5449,Binary Domain,PS3,2012,Action,Sega,0.09,0.08,0.14,0.03,0.33
9097,Soukaigi,PS,1998,Role-Playing,SquareSoft,0,0,0.13,0.01,0.14
10035,Army Men: Sarge's War,XB,2004,Shooter,Global Star,0.09,0.02,0,0,0.11
1843,NBA Jam Tournament Edition,GEN,1994,Sports,Acclaim Entertainment,0.95,0.14,0,0.03,1.11
13096,Rave Master,GC,2002,Fighting,Konami Digital Entertainment,0,0,0.05,0,0.05
12180,Destrega,PS,1998,Fighting,Sony Computer Entertainment,0.04,0.03,0,0,0.07
9310,Mary-Kate and Ashley: Crush Course,PS,2001,Action,Acclaim Entertainment,0.08,0.05,0,0.01,0.14
14352,SingStar Fussballhits,PS3,2010,Misc,Sony Computer Entertainment,0,0.02,0,0.01,0.03
13815,99 no Namida,DS,2008,Adventure,Namco Bandai Games,0,0,0.04,0,0.04
9294,Shining Resonance,PS3,2014,Role-Playing,Sega,0,0,0.14,0,0.14
5950,FIFA Street 3,X360,2008,Sports,Electronic Arts,0.12,0.14,0,0.03,0.3
45,Grand Theft Auto V,PS4,2014,Action,Take-Two Interactive,3.8,5.81,0.36,2.02,11.98
2643,Battle Stations,PS,1997,Strategy,Electronic Arts,0.43,0.29,0,0.05,0.78
3427,Lost: Via Domus,X360,2008,Action,Ubisoft,0.18,0.34,0,0.07,0.59
3239,Virtua Cop,SAT,1995,Shooter,Sega,0,0,0.62,0,0.62
7189,The Legend of Spyro: The Eternal Night,Wii,2007,Platform,Vivendi Games,0.18,0.02,0,0.02,0.22
8726,Driven,PS2,2001,Racing,BAM! Entertainment,0.08,0.06,0,0.02,0.15
4378,Hot Wheels: Stunt Track Challenge,GBA,2004,Racing,THQ,0.32,0.12,0,0.01,0.45
10546,Metal Gear Solid HD Edition,PS3,2011,Action,Konami Digital Entertainment,0,0,0.1,0,0.1
8098,Cabela's Big Game Hunter 2005 Adventures,XB,2004,Sports,Activision,0.13,0.04,0,0.01,0.18
5530,Vin Diesel: Wheelman,PS3,2009,Racing,Ubisoft,0.12,0.15,0,0.06,0.33
2434,Madden NFL 09 All-Play,Wii,2008,Sports,Electronic Arts,0.78,0.01,0,0.07,0.85
1000,2 Games in 1 Double Pack: The Incredibles / Finding Nemo: The Continuing Adventures,GBA,2007,Action,THQ,1.26,0.47,0,0.03,1.76
9311,NHL Breakaway 98,PS,1996,Sports,Acclaim Entertainment,0.08,0.05,0,0.01,0.14
10934,Let's Ride! Silver Buckle Stables,PS2,2006,Sports,THQ,0.05,0.04,0,0.01,0.09
9526,Otogi: Myth of Demons,XB,2002,Action,Sega,0.08,0.02,0.03,0,0.13
2364,Resident Evil: Revelations,3DS,2012,Action,Capcom,0.3,0.22,0.3,0.05,0.88
1391,Doom (2016),PS4,2016,Shooter,Bethesda Softworks,0.49,0.66,0.02,0.22,1.39
4300,iCarly,Wii,2009,Adventure,Activision,0.42,0,0,0.03,0.46
10752,Disney Sing It! High School Musical 3: Senior Year,X360,2009,Misc,Disney Interactive Studios,0.09,0,0,0.01,0.1
11073,Roary the Racing Car,DS,2009,Misc,Avanquest,0,0.08,0,0.01,0.09
10256,NHL Rivals 2004,XB,2003,Sports,Microsoft Game Studios,0.08,0.02,0,0,0.11
10194,The Adventures of Jimmy Neutron Boy Genius: Jet Fusion,GC,2003,Action,THQ,0.09,0.02,0,0,0.11
5139,Wanted: Weapons of Fate,X360,2009,Shooter,Warner Bros. Interactive Entertainment,0.17,0.15,0,0.04,0.37
6840,Peter Jackson's King Kong: The Official Game of the Movie,GC,2005,Action,Ubisoft,0.19,0.05,0,0.01,0.24
3075,Napoleon: Total War,PC,2010,Strategy,Sega,0.02,0.52,0,0.12,0.66
11239,Cyberia,PS,1995,Action,Interplay,0.05,0.03,0,0.01,0.09
9695,Fire ProWrestling S: 6Men Scramble,SAT,1996,Fighting,Human Entertainment,0,0,0.12,0,0.12
2871,Madden NFL 08,PSP,2007,Sports,Electronic Arts,0.6,0.04,0,0.07,0.71
10401,Yuusha no Kuse ni Namaikida Or 3D,PSP,2010,Strategy,Sony Computer Entertainment,0,0,0.11,0,0.11
11125,Crimson Sea,XB,2002,Action,Tecmo Koei,0.04,0.01,0.04,0,0.09
3929,Quantum Break,XOne,2016,Action,Microsoft Game Studios,0.27,0.19,0.01,0.04,0.51
8335,Fairytale Fights,X360,2009,Action,Playlogic Game Factory,0.14,0.02,0,0.01,0.17
365,LEGO Star Wars: The Video Game,PS2,2005,Action,Eidos Interactive,1.98,1.14,0.01,0.41,3.53
11676,Tokyo Beat Down,DS,2008,Action,Success,0.07,0,0,0.01,0.08
6618,Crusaders of Might and Magic,PS,1999,Role-Playing,3DO,0.14,0.1,0,0.02,0.25
1853,Jungle Hunt,2600,1982,Platform,Atari,1.03,0.06,0,0.01,1.1
10117,Gun Metal,XB,2002,Shooter,Rage Software,0.08,0.02,0,0,0.11
15795,WTA Tour Tennis,GBA,2002,Sports,Konami Digital Entertainment,0.01,0,0,0,0.02
472,Middle-Earth: Shadow of Mordor,PS4,2014,Action,Warner Bros. Interactive Entertainment,1.01,1.41,0.05,0.53,2.99
7147,Star Trek: The Game,X360,2013,Action,Namco Bandai Games,0.12,0.09,0,0.02,0.22
7889,Tamagotchi Party On!,Wii,2006,Misc,Namco Bandai Games,0.12,0,0.06,0.01,0.19
9493,Barbie and the Three Musketeers,DS,2009,Adventure,Activision,0.12,0,0,0.01,0.13
6337,NASCAR 06: Total Team Control,XB,2005,Racing,Electronic Arts,0.2,0.06,0,0.01,0.27
3666,The Amazing Spider-Man 2 (2014),PS4,2014,Action,Activision,0.2,0.25,0.02,0.09,0.55
9170,Heroes over Europe,X360,2009,Simulation,Ubisoft,0.1,0.03,0,0.01,0.14
7337,Pro Evolution Soccer 2012,Wii,2011,Action,Konami Digital Entertainment,0.08,0.08,0.03,0.02,0.21
10709,Piglet's Big Game,PS2,2003,Platform,Gotham Games,0.05,0.04,0,0.01,0.1
10141,WWE All Stars,PS2,2011,Fighting,THQ,0.05,0.04,0,0.01,0.11
12370,The Amazing Spider-Man 2 (2014),3DS,2014,Action,Activision,0.03,0.03,0,0,0.06
7264,Kirby's Star Stacker,GB,1997,Puzzle,Nintendo,0,0,0.22,0,0.22
11415,"Hisshou Pachinko*Pachi-Slot Kouryaku Series DS Vol. 2: Shinseiki Evangelion - Shito, Futatabi",DS,2008,Misc,D3Publisher,0,0,0.08,0,0.08
4769,Jikkyou Powerful Pro Yakuu '94,SNES,1994,Sports,Konami Digital Entertainment,0,0,0.41,0,0.41
11621,GOTHA: Ismailia Seneki,SAT,1995,Strategy,Sega,0,0,0.08,0,0.08
13233,Nicktoons: Attack of the Toybots,DS,2007,Platform,THQ,0.04,0,0,0,0.05
5962,Front Mission Evolved,PS3,2010,Shooter,Square Enix,0.09,0.07,0.11,0.03,0.29
4161,Dragon Age Origins: Awakening,X360,2010,Role-Playing,Electronic Arts,0.33,0.1,0,0.04,0.47
4631,MLB 08: The Show,PS2,2008,Sports,Sony Computer Entertainment,0.35,0.01,0,0.06,0.42
1375,Ridge Racer,PSP,2004,Racing,Sony Computer Entertainment,0.36,0.45,0.32,0.28,1.41
10304,Rogue Warrior,X360,2009,Shooter,Bethesda Softworks,0.09,0.01,0,0.01,0.11
5227,Naruto: Ultimate Ninja 3 (JP sales),PS2,2005,Fighting,Atari,0,0,0.36,0,0.36
3192,Tony Hawk's Pro Skater 2x,XB,2001,Sports,Activision,0.41,0.19,0,0.03,0.63
14167,Cake Mania: Baker's Challenge,PSP,2008,Puzzle,Destineer,0.03,0,0,0,0.03
16238,Shitsuji ga Aruji o Erabu Toki,PSV,2016,Adventure,Unknown,0,0,0.01,0,0.01
14403,Boot Camp Academy,Wii,2010,Action,Zoo Games,0.03,0,0,0,0.03
3545,Wreckless: ThE YaKuza MisSiOns,XB,2002,Racing,Activision,0.42,0.11,0.02,0.02,0.57
4215,Inazuma Eleven Go 2: Chrono Stone,3DS,2012,Role-Playing,Level 5,0,0.01,0.46,0,0.47
2952,Minecraft: Story Mode,PS3,2015,Adventure,Mojang,0.25,0.33,0,0.11,0.69
13984,Hisshou Pachinko*Pachi-Slot Kouryaku Series Vol. 13: Shinseiki Evangelion - Yakusoku no Toki,PS2,2008,Misc,D3Publisher,0,0,0.04,0,0.04
3374,Front Mission,SNES,1995,Strategy,SquareSoft,0,0,0.6,0,0.6
15612,Heavy Fire: Afghanistan,PC,2011,Shooter,Mastiff,0.02,0,0,0,0.02
911,Need for Speed Rivals,PS4,2013,Racing,Electronic Arts,0.73,0.91,0.03,0.22,1.89
1271,Madden NFL 09,PS2,2008,Sports,Electronic Arts,1.22,0,0,0.27,1.49
16487,Smart Boy's Winter Wonderland,DS,2008,Misc,UFO Interactive,0.01,0,0,0,0.01
4740,Densha De Go! 2,PS,1999,Simulation,Taito,0,0,0.38,0.03,0.41
12545,Commandos: Strike Force,PS2,2006,Shooter,Eidos Interactive,0.03,0.02,0,0.01,0.06
14437,StormLover,PSP,2010,Adventure,D3Publisher,0,0,0.03,0,0.03
4771,Borderlands: The Handsome Collection,XOne,2015,Shooter,Take-Two Interactive,0.24,0.13,0,0.04,0.41
14085,Assassin's Creed Chronicles: China,PS4,2015,Action,Ubisoft,0,0.03,0,0.01,0.04
9348,King Arthur,PS2,2004,Action,Konami Digital Entertainment,0.07,0.05,0,0.02,0.13
5678,Clive Barker's Jericho,X360,2007,Shooter,Codemasters,0.28,0.01,0,0.02,0.32
9609,Soccer Tsuku: Pro Soccer Club o Tsukurou!,PS3,2013,Sports,Sega,0,0,0.13,0,0.13
6609,Super Street Fighter II: Turbo Revival,GBA,2001,Fighting,Ubisoft,0.18,0.07,0,0,0.25
10504,Doko Demo Issho,PSP,2004,Misc,Sony Computer Entertainment,0,0,0.1,0,0.1
7575,MLB 12: The Show,PSV,2012,Sports,Sony Computer Entertainment,0.18,0,0,0.02,0.2
3807,Are You Smarter Than A 5th Grader?,DS,2007,Misc,Mindscape,0.48,0,0,0.04,0.53
3202,Iron Man,PSP,2008,Action,Sega,0.46,0.09,0,0.09,0.63
14572,World of Zoo,PC,2009,Simulation,THQ,0,0.02,0,0.01,0.03
15849,Psychedelica of the Black Butterfly,PSV,2015,Action,Idea Factory,0,0,0.02,0,0.02
13684,Sonic PC Collection,PC,2009,Misc,Sega,0,0.04,0,0.01,0.04
6743,Dreamworks Madagascar Kartz,X360,2009,Racing,Activision,0.14,0.09,0,0.02,0.25
9055,Mojo!,PS2,2003,Puzzle,Mindscape,0.07,0.05,0,0.02,0.14
11666,Need for Speed Underground 2,PC,2004,Racing,Electronic Arts,0,0.06,0,0.01,0.08
4570,Dai-2-Ji Super Robot Taisen Z: Hakai-hen,PSP,2011,Strategy,Banpresto,0,0,0.42,0,0.42
2110,Just Dance 2014,X360,2013,Misc,Ubisoft,0.72,0.19,0,0.07,0.98
10449,Motocross Mania 3,PS2,2004,Racing,Take-Two Interactive,0.05,0.04,0,0.01,0.1
10884,Adventure Time: Finn & Jake Investigations,X360,2015,Action,Little Orbit,0.02,0.06,0,0.01,0.09
2471,Duke Nukem Forever,X360,2011,Shooter,Take-Two Interactive,0.52,0.25,0,0.07,0.84
11519,Kobitodzukan: Kobito no Fushigi - Jikken Set,3DS,2013,Misc,Nippon Columbia,0,0,0.08,0,0.08
3864,Madden NFL 07,PS3,2006,Sports,Electronic Arts,0.47,0,0.01,0.04,0.52
1005,Madden NFL 2000,PS,1998,Sports,Electronic Arts,1.68,0.04,0,0.04,1.75
4978,Evil Dead: Fistfull of Boomstick,PS2,2003,Action,THQ,0.19,0.15,0,0.05,0.38
9094,Okami,PS3,2012,Action,Capcom,0,0,0.14,0,0.14
14462,Freaky Flyers,XB,2003,Racing,Midway Games,0.02,0.01,0,0,0.03
4043,Mario & Wario,SNES,1993,Puzzle,Nintendo,0,0,0.49,0,0.49
3606,Yu-Gi-Oh! Reshef of Destruction,GBA,2003,Strategy,Konami Digital Entertainment,0.4,0.15,0,0.01,0.56
9969,Hyperdimension Neptunia Re;Birth 3,PSV,2014,Action,Idea Factory International,0.07,0.01,0,0.03,0.12
2631,Yars' Revenge,2600,1982,Shooter,Atari,0.73,0.04,0,0.01,0.78
10773,Jikkyou Powerful Pro Yakyuu 2013,PSV,2013,Sports,Konami Digital Entertainment,0,0,0.1,0,0.1
15881,Dance! It's Your Stage,Wii,N/A,Misc,DTP Entertainment,0,0.01,0,0,0.02
5412,Puzzle Quest: Challenge of the Warlords,DS,2007,Puzzle,D3Publisher,0.28,0.01,0.03,0.02,0.34
1246,Football Manager 2012,PC,2011,Sports,Sega,0.02,1.16,0,0.34,1.51
8077,Dying Light,PC,2015,Action,Warner Bros. Interactive Entertainment,0.11,0.06,0,0.02,0.18
16409,The Amazing Spider-Man 2 (2014),PC,2014,Action,Activision,0,0.01,0,0,0.01
13077,To Heart 2: Dungeon Travelers,PSV,2015,Adventure,Aqua Plus,0,0,0.05,0,0.05
2115,Air-Sea Battle,2600,N/A,Shooter,Atari,0.91,0.06,0,0.01,0.98
2253,EA Sports Active 2,PS3,2010,Sports,Electronic Arts,0.52,0.28,0,0.12,0.92
11738,Party Pigs: Farmyard Games,Wii,2009,Misc,Data Design Interactive,0.07,0,0,0,0.07
14332,Battle vs. Chess,X360,2011,Misc,TopWare Interactive,0,0.03,0,0,0.03
7695,Puzzle Challenge: Crosswords and More!,PSP,2006,Puzzle,Crave Entertainment,0.18,0,0,0.01,0.2
2200,The SpongeBob SquarePants Movie,GC,2004,Platform,THQ,0.73,0.19,0,0.03,0.94
7767,Dinotopia: The Timestone Pirates,GBA,2002,Action,TDK Core,0.14,0.05,0,0,0.19
8451,Itoi Shigesato no Bass Tsuri No. 1,SNES,1997,Sports,Nintendo,0,0,0.17,0,0.17
6082,I Spy: Spooky Mansion,Wii,2010,Puzzle,Storm City Games,0.27,0,0,0.02,0.29
6559,Bratz Ponyz 2,DS,2008,Adventure,Game Factory,0.24,0,0,0.02,0.26
7330,Final Fantasy Fables: Chocobo's Dungeon,Wii,2007,Role-Playing,Square Enix,0.09,0,0.11,0.01,0.21
4073,Momotarou Dentetsu X: Kyuushuu-hen mo Arubai,PS2,2001,Misc,Hudson Soft,0,0,0.49,0,0.49
4664,Lord of the Rings: The Third Age,XB,2004,Role-Playing,Electronic Arts,0.31,0.09,0,0.01,0.42
8062,X-Men Origins: Wolverine,PS2,2009,Action,Activision,0.13,0,0,0.05,0.18
9762,Gundam Memories: Tatakai no Kioku,PSP,2011,Action,Namco Bandai Games,0,0,0.12,0,0.12
13691,Star Trek: Shattered Universe,XB,2004,Simulation,Global Star,0.03,0.01,0,0,0.04
5248,Frogs And Flies,2600,1981,Action,Mattel Interactive,0.33,0.02,0,0,0.36
15765,Uchi no 3 Shimai DS,DS,2008,Misc,Culture Brain,0,0,0.02,0,0.02
12150,FIFA Soccer 06,GBA,2005,Sports,Electronic Arts,0.05,0.02,0,0,0.07
13057,Battle vs. Chess,PS3,N/A,Misc,TopWare Interactive,0,0.04,0,0.01,0.05
2639,My Little Pony: Pinkie Pie's Party,DS,2008,Adventure,THQ,0.72,0,0,0.06,0.78
9372,Euro Truck Simulator 2,PC,2012,Action,SCS Software,0,0.12,0,0.02,0.13
5387,Power Rangers Samurai,Wii,2011,Action,Namco Bandai Games,0.29,0.03,0,0.02,0.34
5715,Sniper Elite 3,PS3,2014,Shooter,505 Games,0.1,0.15,0,0.06,0.31
14035,Power Play Pool,DS,2006,Sports,System 3 Arcade Software,0.03,0,0,0,0.04
12940,FIFA 17,PC,2016,Sports,Electronic Arts,0,0.05,0,0,0.05
4599,Horsez,DS,2006,Simulation,Ubisoft,0.38,0.01,0,0.03,0.42
7300,Shrek SuperSlam,GC,2005,Action,Activision,0.17,0.04,0,0.01,0.22
2735,Band Hero,PS3,2009,Misc,Activision,0.41,0.24,0,0.11,0.75
6384,Wipeout 2,X360,2011,Misc,Activision,0.25,0,0,0.02,0.27
10595,You Don't Know Jack: Mock 2,PS,2000,Misc,Vivendi Games,0.06,0.04,0,0.01,0.1
11822,Kessen III,PS2,2004,Strategy,Tecmo Koei,0.04,0.03,0,0.01,0.07
1472,NBA 2K14,PS4,2013,Sports,Take-Two Interactive,0.89,0.31,0.01,0.12,1.33
6653,Kung Fu Panda 2,X360,2011,Action,THQ,0.16,0.07,0,0.02,0.25
12229,Pro Evolution Soccer 2015,PC,2014,Sports,Konami Digital Entertainment,0,0.06,0,0.01,0.07
11143,Major League Baseball 2K12,PSP,2012,Sports,Take-Two Interactive,0.08,0,0,0.01,0.09
11248,Wing Commander IV: The Price of Freedom,PS,1997,Simulation,Origin Systems,0.05,0.03,0,0.01,0.09
1459,Lost Planet: Extreme Condition,X360,2006,Shooter,Capcom,1.09,0.04,0.1,0.11,1.34
3464,Terminator 3: Rise of the Machines,PS2,2003,Action,Atari,0.28,0.22,0,0.07,0.58
753,Mario & Luigi: Superstar Saga,GBA,2003,Role-Playing,Nintendo,1.48,0.17,0.47,0.06,2.17
4332,The Chronicles of Riddick: Escape from Butcher Bay,XB,N/A,Shooter,Vivendi Games,0.32,0.11,0,0.02,0.45
8216,Yu-Gi-Oh! Zexal World Duel Carnival,3DS,2013,Misc,Konami Digital Entertainment,0,0.08,0.08,0.01,0.17
6736,Littlest Pet Shop: Country Friends,DS,2009,Simulation,Electronic Arts,0.23,0,0,0.02,0.25
14756,CID The Dummy,PSP,2009,Platform,Oxygen Interactive,0.02,0,0,0,0.03
7093,Alundra,PS,1997,Role-Playing,Psygnosis,0.13,0.09,0,0.01,0.23
7993,NBA Ballers: Chosen One,X360,2008,Sports,Midway Games,0.17,0,0,0.01,0.19
5911,Star Gladiator Episode: I Final Crusade,PS,1996,Fighting,Virgin Interactive,0.07,0.05,0.15,0.02,0.3
6885,Juiced 2: Hot Import Nights,DS,2007,Racing,THQ,0.22,0,0,0.02,0.24
7709,The Thing,XB,2002,Adventure,Vivendi Games,0.15,0.04,0,0.01,0.2
7525,NCAA March Madness 06,XB,2005,Sports,Electronic Arts,0.15,0.04,0,0.01,0.2
9613,Drome Racers,PS2,2002,Racing,Electronic Arts,0.06,0.05,0,0.02,0.13
3619,Tiger Woods PGA Tour 11,Wii,2010,Sports,Electronic Arts,0.24,0.26,0,0.06,0.56
9029,Casper: Spirit Dimensions,PS2,2001,Platform,TDK Mediactive,0.07,0.05,0,0.02,0.14
14671,ESPN Winter X Games: Snowboarding 2002,XB,2002,Sports,Konami Digital Entertainment,0.02,0.01,0,0,0.03
210,Pokemon Mystery Dungeon: Explorers of Time/Explorers of Darkness,DS,2007,Role-Playing,Nintendo,1.85,1.2,1.54,0.37,4.96
11423,Petz Fantasy: Sunshine Magic,DS,2010,Simulation,Ubisoft,0.07,0,0,0,0.08
11156,Digimon World 4,GC,2005,Role-Playing,Namco Bandai Games,0.07,0.02,0,0,0.09
10340,Goal Storm '97,PS,1996,Sports,Konami Digital Entertainment,0.01,0,0.09,0.01,0.11
749,ATV Offroad Fury 2,PS2,2002,Racing,THQ,1.92,0.2,0,0.06,2.18
2055,Rayman Legends,PS4,2014,Platform,Ubisoft,0.21,0.61,0,0.18,1.01
8447,Apache: Air Assault,X360,2010,Simulation,Activision,0.12,0.04,0,0.01,0.17
16430,Virtua Quest,GC,N/A,Role-Playing,Unknown,0.01,0,0,0,0.01
9253,Bejeweled 3,X360,N/A,Puzzle,Unknown,0.13,0,0,0.01,0.14
15553,Motto NUGA-CEL!,PSP,2010,Adventure,Idea Factory,0,0,0.02,0,0.02
7913,Gallop Racer,PS,1999,Sports,Tecmo Koei,0,0,0.18,0.01,0.19
6709,Hitman: Absolution,PC,2012,Action,Square Enix,0.03,0.17,0,0.04,0.25
16055,SoulLink Extension,PS2,2006,Adventure,Interchannel,0,0,0.01,0,0.01
11713,Conception: Please Give Birth to My Child!,PSP,2012,Role-Playing,Spike,0,0,0.08,0,0.08
4826,The Legend of Spyro: Dawn of the Dragon,PS2,2008,Platform,Vivendi Games,0.12,0.01,0,0.27,0.4
6276,Resident Evil 2: Dual Shock Edition,PS,1998,Action,Capcom,0,0,0.26,0.02,0.27
5189,Spider-Man: Shattered Dimensions,X360,2010,Action,Activision,0.24,0.09,0,0.03,0.36
16460,Juggler DS,DS,2008,Misc,Commseed,0,0,0.01,0,0.01
2517,Amped: Freestyle Snowboarding,XB,2001,Sports,Microsoft Game Studios,0.69,0.11,0,0.02,0.82
6178,Mission: Impossible - Operation Surma,PS2,2003,Platform,Atari,0.14,0.11,0,0.04,0.28
4063,Football Manager Handheld 2009,PSP,2008,Sports,Sega,0,0.47,0,0.02,0.49
16381,Luxor: Pharaoh's Challenge,DS,2007,Puzzle,Funsta,0,0.01,0,0,0.01
15960,Simple DS Series Vol. 42: The Haioku Byoutou,DS,2008,Adventure,D3Publisher,0,0,0.02,0,0.02
13891,Sleepover Party,Wii,2009,Misc,Ubisoft,0.03,0,0,0,0.04
2092,LEGO Pirates of the Caribbean: The Video Game,PS3,2011,Action,Disney Interactive Studios,0.36,0.46,0,0.17,0.99
525,WWE SmackDown! Here Comes the Pain,PS2,2003,Fighting,THQ,1.32,1.06,0.04,0.38,2.8
2746,Zone of the Enders,PS2,2001,Shooter,Konami Digital Entertainment,0.3,0.24,0.13,0.08,0.75
8836,World League Soccer,SNES,1991,Sports,Imagineer,0,0,0.15,0,0.15
4311,Thief (2014),XOne,2014,Action,Square Enix,0.26,0.15,0,0.04,0.45
14877,Pitball,PS,1996,Sports,Time Warner Interactive,0.01,0.01,0,0,0.03
12121,Sega Soccer Slam,GC,2002,Sports,Sega,0.05,0.01,0,0,0.07
9648,Battleborn,XOne,2016,Shooter,Take-Two Interactive,0.08,0.04,0,0.01,0.13
4591,Crash: Mind Over Mutant,DS,2008,Platform,Vivendi Games,0.39,0,0,0.03,0.42
11671,Duke Nukem: Land of the Babes,PS,2000,Shooter,Atari,0.04,0.03,0,0,0.08
10440,Jikkyou Powerful Pro Yakyuu 10,GC,2003,Sports,Konami Digital Entertainment,0,0,0.1,0,0.1
1488,World of Warcraft: Wrath of the Lich King,PC,2008,Role-Playing,Activision,0.01,0.13,0,1.18,1.32
10086,Batman: Rise of Sin Tzu,XB,2003,Action,Ubisoft,0.08,0.02,0,0,0.11
12741,SD Gundam G Generation Wars,Wii,2009,Strategy,Namco Bandai Games,0,0,0.06,0,0.06
11502,Man vs. Wild,PS3,2010,Action,Abylight,0.07,0,0,0.01,0.08
790,Need for Speed: Most Wanted 5-1-0,PSP,2005,Racing,Electronic Arts,1.77,0.13,0.02,0.18,2.1
3153,X2: Wolverine's Revenge,PS2,2003,Platform,Activision,0.31,0.24,0,0.08,0.64
6790,MLB,PSP,2005,Sports,Sony Computer Entertainment,0.23,0,0,0.02,0.24
4157,Street Fighter X Tekken,X360,2012,Fighting,Capcom,0.31,0.1,0.03,0.03,0.47
8246,The Cursed Crusade,PS3,2011,Action,DTP Entertainment,0.07,0.07,0.01,0.03,0.17
6549,Legaia 2: Duel Saga,PS2,2001,Role-Playing,Eidos Interactive,0.13,0.1,0,0.03,0.26
15012,AirForce Delta Storm,GBA,2002,Shooter,Konami Digital Entertainment,0.02,0.01,0,0,0.02
4084,Scene It? Lights Camera Action,X360,2007,Misc,Microsoft Game Studios,0.43,0.02,0,0.04,0.48
6521,Juiced 2: Hot Import Nights,PS3,2007,Racing,THQ,0.18,0.04,0.01,0.03,0.26
7007,All-Star Baseball 2001,N64,2000,Sports,Acclaim Entertainment,0.22,0.01,0,0,0.23
1100,Heavenly Sword,PS3,2007,Action,Sony Computer Entertainment,0.57,0.73,0.06,0.3,1.66
6747,Cradle of Rome,DS,2008,Puzzle,Rising Star Games,0.06,0.16,0,0.03,0.25
746,Donkey Kong Country,GB,2000,Platform,Nintendo,1.04,0.72,0.3,0.13,2.19
14958,Naruto Shippuden: Ultimate Ninja Storm Collection,PS3,2016,Action,Namco Bandai Games,0,0.02,0,0,0.02
9405,Ken to Mahou to Gakuen Mono. 3,PSP,2010,Role-Playing,Acquire,0,0,0.13,0,0.13
14279,.hack: Sekai no Mukou ni + Versus,PS3,2012,Action,Namco Bandai Games,0,0,0.03,0,0.03
13750,Harukanaru Toki no Naka de 5,PSP,2011,Role-Playing,Tecmo Koei,0,0,0.04,0,0.04
16428,Akatsuki no Goei Trinity,PSP,2012,Adventure,5pb,0,0,0.01,0,0.01
6333,WWE Road to WrestleMania X8,GBA,2002,Fighting,THQ,0.19,0.07,0,0,0.27
4715,Six Flags Fun Park,Wii,2009,Misc,Ubisoft,0.28,0.1,0,0.04,0.41
5098,Life is Strange,PS4,2016,Adventure,Square Enix,0.14,0.15,0.03,0.06,0.37
11196,Forgotten Realms: Demon Stone,XB,2004,Action,Atari,0.06,0.02,0,0,0.09
9492,Rally Fusion: Race of Champions,PS2,2002,Racing,Activision,0.06,0.05,0,0.02,0.13
15851,Joint Operations: Combined Arms,PC,2009,Shooter,NovaLogic,0.01,0,0,0,0.02
13217,Bladestorm: Nightmare,XOne,2015,Action,Tecmo Koei,0.03,0.02,0,0,0.05
14281,Disney Sports Soccer,GC,2002,Sports,Konami Digital Entertainment,0.03,0.01,0,0,0.03
14170,Deer Drive: Legends,3DS,2012,Action,Maximum Family Games,0.03,0,0,0,0.03
12750,Dr. Muto,XB,2002,Platform,Midway Games,0.04,0.01,0,0,0.06
9633,NBA Ballers: Phenom,XB,2006,Sports,Midway Games,0.09,0.03,0,0,0.13
15385,Silent Bomber,PS,1999,Action,Virgin Interactive,0.01,0.01,0,0,0.02
326,Resident Evil Director's Cut,PS,1996,Action,Virgin Interactive,1.82,1.24,0.47,0.25,3.77
1604,[Prototype],PS3,2009,Action,Activision,0.65,0.41,0,0.19,1.24
9244,Puyo Puyo!! 20th Anniversary,DS,2011,Puzzle,Sega,0,0,0.14,0,0.14
8059,Metal Gear Ac!d 2,PSP,2005,Strategy,Konami Digital Entertainment,0.11,0.01,0.05,0.01,0.18
8775,Streak: Hoverboard Racing,PS,1998,Racing,GT Interactive,0.09,0.06,0,0.01,0.15
10861,Rygar: The Battle of Argus,Wii,2008,Action,Rising Star Games,0.09,0,0,0.01,0.09
4802,Thief (2014),PS3,2014,Action,Square Enix,0.1,0.2,0.02,0.08,0.4
16109,Higurashi no Naku Koro ni Iki,PS3,2015,Action,Kaga Create,0,0,0.01,0,0.01
14774,Kuryuu Youma Gakuenki Recharge,PS2,2006,Adventure,Atlus,0,0,0.03,0,0.03
14188,Teenage Mutant Ninja Turtles: Mutants in Manhattan,XOne,2016,Action,Activision,0.02,0.01,0,0,0.03
5674,Live A Live,SNES,1994,Role-Playing,SquareSoft,0,0,0.32,0,0.32
13495,Boktai 2: Solar Boy Django,GBA,2004,Role-Playing,Konami Digital Entertainment,0.03,0.01,0,0,0.04
12538,Cabela's Dangerous Hunts: Ultimate Challenge,PSP,2006,Sports,Activision Value,0.06,0,0,0,0.06
2,Super Mario Bros.,NES,1985,Platform,Nintendo,29.08,3.58,6.81,0.77,40.24
5069,EyeToy Play 2,PS2,2004,Misc,Sony Computer Entertainment,0.18,0.14,0,0.05,0.38
266,Metal Gear Solid 3: Snake Eater,PS2,2004,Action,Konami Digital Entertainment,1.46,0,0.83,1.93,4.23
9329,Back At The Barnyard: Slop Bucket Games,DS,2008,Sports,THQ,0.12,0,0,0.01,0.14
8647,Just Sing!,DS,2009,Misc,DTP Entertainment,0.14,0.01,0,0.01,0.16
15927,RollerCoaster Tycoon: Gold Edition,PC,2002,Strategy,Infogrames,0.01,0,0,0,0.02
926,Madden NFL 06,XB,2005,Sports,Electronic Arts,1.75,0.03,0,0.08,1.86
15759,Turbo: Super Stunt Squad,Wii,2013,Sports,D3Publisher,0,0.02,0,0,0.02
3149,XCOM: Enemy Unknown,X360,2012,Strategy,Take-Two Interactive,0.36,0.23,0,0.05,0.64
12519,Prinny: Can I Really Be The Hero? (US sales),PSP,N/A,Action,N/A,0.06,0,0,0,0.06
12986,Otogi 2: Immortal Warriors,XB,2003,Action,Sega,0.04,0.01,0,0,0.05
14026,Ray Gigant,PSV,2015,Role-Playing,Namco Bandai Games,0,0,0.04,0,0.04
6436,Atelier Ayesha: The Alchemist of Dusk,PS3,2012,Role-Playing,Tecmo Koei,0.06,0.04,0.14,0.02,0.27
3013,Lollipop Chainsaw,PS3,2012,Action,Warner Bros. Interactive Entertainment,0.26,0.21,0.11,0.09,0.67
3663,Tony Hawk's Pro Skater 3,XB,2002,Sports,Activision,0.34,0.18,0,0.02,0.55
6192,Bionic Commando,X360,2009,Platform,Capcom,0.12,0.12,0.01,0.03,0.28
14184,Jikkyou Powerful Pro Yakyuu Wii Ketteiban,Wii,2007,Sports,Konami Digital Entertainment,0,0,0.03,0,0.03
9744,Record of Agarest War Zero,PS3,N/A,Strategy,Ghostlight,0.09,0,0.03,0.01,0.12
15122,Minna no Chizu 2,PSP,2007,Misc,Zenrin,0,0,0.02,0,0.02
6126,One Piece: Burning Blood,PS4,2016,Fighting,Namco Bandai Games,0.1,0.08,0.07,0.04,0.28
15074,Thomas and Friends: Steaming around Sodor,3DS,2015,Action,Avanquest Software,0,0.02,0,0,0.02
6567,King of Fighters: Maximum Impact,PS2,2004,Fighting,Ignition Entertainment,0.13,0.1,0,0.03,0.26
11537,Bleach: Erabareshi Tamashii,PS2,2005,Adventure,Sony Computer Entertainment,0,0,0.08,0,0.08
6416,Cabela's Big Game Hunter 2010,X360,2009,Sports,Activision Value,0.25,0,0,0.02,0.27
14261,Tamagotchi no Doki Doki Dream Omisecchi,3DS,2013,Simulation,Namco Bandai Games,0,0,0.03,0,0.03
7505,Beyblade G-Revolution,GBA,2004,Action,Atari,0.15,0.05,0,0,0.2
3339,Shadow The Hedgehog,PS2,2005,Platform,Sega,0.5,0.02,0,0.08,0.6
12869,Vertigo,Wii,2009,Strategy,Playlogic Game Factory,0.05,0,0,0,0.05
234,Mario & Sonic at the Olympic Winter Games,Wii,2009,Sports,Sega,1.89,1.99,0.22,0.48,4.58
15504,Dreamer Series: Horse Trainer,DS,2008,Simulation,DreamCatcher Interactive,0.02,0,0,0,0.02
1846,Legend of Mana,PS,1999,Role-Playing,SquareSoft,0.18,0.13,0.73,0.07,1.11
197,Resident Evil 5,PS3,2009,Action,Capcom,1.96,1.43,1.08,0.65,5.11
13601,Challenge Me: Maths Workout,DS,2009,Puzzle,Oxygen Interactive,0.04,0,0,0,0.04
10091,Jikkyou Powerful Pro Yakyuu '95,PS,1994,Sports,Konami Digital Entertainment,0,0,0.11,0.01,0.11
4499,Madden NFL 2002,N64,2001,Sports,Electronic Arts,0.41,0.02,0,0,0.43
6175,Syphon Filter: Dark Mirror,PS2,2007,Shooter,Sony Computer Entertainment,0.14,0.11,0,0.04,0.28
635,The Sims: Bustin' Out,PS2,2003,Simulation,Electronic Arts,1.07,1.19,0,0.18,2.43
11050,Golden Nugget 64,N64,1998,Misc,Electronic Arts,0.07,0.02,0,0,0.09
11800,Smashing Drive,GC,N/A,Racing,Unknown,0.06,0.01,0,0,0.07
1596,Lara Croft Tomb Raider: The Angel of Darkness,PS2,2003,Action,Eidos Interactive,0.61,0.48,0,0.16,1.25
3217,X-Man,2600,1982,Action,Universal Gamex,0.58,0.04,0,0.01,0.63
4102,James Bond 007: Blood Stone,X360,2010,Shooter,Activision,0.2,0.24,0,0.05,0.48
4713,E0: Enemy Zero,SAT,1996,Adventure,Sega,0,0,0.41,0,0.41
3038,TV Show King Party,Wii,2008,Puzzle,Ubisoft,0.18,0.41,0,0.08,0.67
14936,Pharaoh,PC,1998,Strategy,Vivendi Games,0,0.02,0,0,0.02
10429,Cloudy With a Chance of Meatballs,PS3,2009,Platform,Ubisoft,0.09,0.01,0,0.01,0.1
11128,Dreamer Series: Teacher,DS,2009,Simulation,Deep Silver,0.08,0,0,0.01,0.09
6377,Section 8,X360,2009,Shooter,SouthPeak Games,0.15,0.09,0,0.03,0.27
15890,Romance of the Three Kingdoms XII,WiiU,2012,Strategy,Tecmo Koei,0,0,0.02,0,0.02
2329,Madden NFL 08,Wii,2007,Sports,Electronic Arts,0.82,0.01,0,0.07,0.89
12108,The Powerpuff Girls: Relish Rampage,GC,2002,Action,BAM! Entertainment,0.05,0.01,0,0,0.07
15671,Freestyle Metal X,GC,2003,Racing,Midway Games,0.01,0,0,0,0.02
12484,Disney Sports Skateboarding,GC,2002,Sports,Konami Digital Entertainment,0.05,0.01,0,0,0.06
4071,Jake Power: Fireman,DS,2008,Adventure,Ubisoft,0.08,0.35,0,0.06,0.49
10784,Touch Mechanic,DS,2008,Simulation,Nintendo,0.09,0,0,0.01,0.1
8186,Nancy Drew: The Hidden Staircase,DS,2008,Adventure,THQ,0.16,0,0,0.01,0.18
9669,Charm Girls Club: My Fashion Mall,DS,N/A,Simulation,Unknown,0.12,0,0,0.01,0.12
9124,T.R.A.G. - Tactical Rescue Assault Group: Mission of Mercy,PS,1998,Adventure,Sunsoft,0.08,0.05,0,0.01,0.14
4248,Tak 2: The Staff of Dreams,GBA,2004,Platform,THQ,0.33,0.12,0,0.01,0.46
6887,Amazing Adventures: The Forgotten Ruins,DS,2008,Adventure,PopCap Games,0.13,0.08,0,0.02,0.24
3835,Final Fantasy Chronicles,PS,2001,Role-Playing,Square,0.29,0.2,0,0.03,0.52
4553,NASCAR Kart Racing,Wii,2009,Racing,Electronic Arts,0.39,0,0,0.03,0.43
2116,Suikoden III,PS2,N/A,Role-Playing,Unknown,0.29,0.23,0.38,0.08,0.98
740,Sonic Unleashed,Wii,2008,Platform,Sega,1.28,0.68,0.02,0.21,2.2
11305,Elebits: The Adventures of Kai and Zero,DS,2008,Adventure,Konami Digital Entertainment,0.07,0,0,0.01,0.08
10966,Dora's Big Birthday Adventure,DS,2010,Misc,Take-Two Interactive,0.08,0.01,0,0.01,0.09
1964,Warhawk,PS3,2007,Simulation,Sony Computer Entertainment,0.49,0.39,0,0.17,1.06
12744,Hakuouki: Yuugi Roku Ni - Matsuri Hayashi to Taishitachi,PSP,2012,Action,Idea Factory,0,0,0.06,0,0.06
7616,Tigger's Honey Hunt,N64,2000,Platform,Ubisoft,0.16,0.04,0,0,0.2
15616,Toukiden 2,PS3,2016,Action,Tecmo Koei,0,0,0.02,0,0.02
6143,Assassin's Creed II: Discovery,DS,2009,Action,Ubisoft,0.15,0.11,0,0.03,0.28
11274,Don King Boxing,DS,2009,Sports,Take-Two Interactive,0.06,0.01,0,0.01,0.08
3991,Star Wars: Clone Wars,PS2,2002,Shooter,LucasArts,0.24,0.19,0,0.06,0.5
7471,Heisei Kyouiku linkai DS,DS,2006,Misc,Namco Bandai Games,0,0,0.21,0,0.21
5362,Conan,PS3,2007,Action,THQ,0.13,0.15,0,0.06,0.34
4990,ESPN College Hoops 2K5,XB,2004,Sports,Sega,0.29,0.08,0,0.01,0.38
4752,Marvel: Ultimate Alliance,Wii,2006,Role-Playing,Activision,0.37,0.01,0,0.03,0.41
8553,The Incredibles: Rise of the Underminer,GC,2005,Action,THQ,0.12,0.03,0,0,0.16
14212,Makai Senki Disgaea Portable: Tsuushin Taisen Hajime Mashita,PSP,2007,Role-Playing,Nippon Ichi Software,0,0,0.03,0,0.03
1582,LEGO The Lord of the Rings,X360,2012,Action,Warner Bros. Interactive Entertainment,0.63,0.51,0,0.11,1.26
9305,Guilty Gear,PS,1998,Fighting,Virgin Interactive,0.03,0.02,0.07,0.01,0.14
11134,Back to the Future: The Game,PS3,2011,Adventure,Telltale Games,0.07,0.01,0,0.01,0.09
12343,Growlanser IV: Over Reloaded,PSP,2011,Role-Playing,Atlus,0,0,0.06,0,0.06
5532,My Baby: First Steps,DS,2009,Simulation,SouthPeak Games,0.28,0.03,0,0.02,0.33
10187,Project: Snowblind,XB,2005,Action,Eidos Interactive,0.08,0.02,0,0,0.11
641,Dragon Ball Z: Budokai 2,PS2,2003,Fighting,Atari,1.63,0.22,0.51,0.06,2.41
2257,Wipeout: In The Zone,X360,2011,Misc,Activision,0.87,0,0,0.05,0.92
2246,Teenage Mutant Ninja Turtles,PS2,2003,Action,Konami Digital Entertainment,0.45,0.35,0,0.12,0.92
9411,Scene It? Bright Lights! Big Screen!,PS3,2009,Misc,Warner Bros. Interactive Entertainment,0.1,0.01,0,0.01,0.13
2652,Toy Story 3: The Video Game,X360,2010,Action,Disney Interactive Studios,0.41,0.29,0,0.07,0.78
3363,International Superstar Soccer 64,N64,1997,Sports,Konami Digital Entertainment,0.09,0.26,0.23,0.02,0.6
15555,11eyes: CrossOver,PSP,2010,Adventure,5pb,0,0,0.02,0,0.02
12009,Tecmo's Deception,PS,1996,Role-Playing,Sunsoft,0.04,0.03,0,0,0.07
9448,Amagami,PS2,2009,Adventure,Enterbrain,0,0,0.13,0,0.13
13649,Hitman (2016),PS4,2016,Action,Square Enix,0,0.04,0,0.01,0.04
6716,NBA Jam Tournament Edition,PS,1995,Sports,Acclaim Entertainment,0.14,0.09,0,0.02,0.25
12393,There,PS,2002,Simulation,Infogrames,0.03,0.02,0,0,0.06
2029,Naruto: Clash of Ninja Revolution,Wii,2007,Fighting,Tomy Corporation,0.45,0.46,0,0.11,1.02
10235,GunGriffon Blaze,PS2,2000,Simulation,Swing! Entertainment,0.05,0.04,0,0.01,0.11
14229,Night Head: The Labyrinth,PS,1995,Adventure,Fuji,0,0,0.03,0,0.03
15213,Winter Sports 2011,X360,2011,Sports,DTP Entertainment,0,0.02,0,0,0.02
4869,Mass Effect 2,PC,2010,Role-Playing,Electronic Arts,0.01,0.32,0,0.07,0.4
6547,Loving Life with Hello Kitty & Friends,DS,2011,Misc,Rising Star Games,0.15,0.08,0,0.02,0.26
7127,Digimon World DS (JP sales),DS,2006,Role-Playing,Namco Bandai Games,0,0,0.23,0,0.23
9065,Super Dodgeball Brawlers,DS,2008,Sports,Arc System Works,0.13,0,0,0.01,0.14
3259,Viewtiful Joe,GC,2003,Action,Capcom,0.38,0.1,0.12,0.02,0.62
2865,Virtua Fighter 4: Evolution,PS2,2003,Fighting,Sega,0.35,0.27,0,0.09,0.71
15422,Zwei!!,PSP,2008,Role-Playing,Falcom Corporation,0,0,0.02,0,0.02
15941,Space Invaders Revolution,DS,2005,Shooter,Rising Star Games,0.01,0,0,0,0.02
8169,Otomedius Excellent,X360,N/A,Shooter,Unknown,0.13,0,0.04,0.01,0.18
14160,Harukanaru Toki no Naka de Yumenoukihashi Special,PS2,2009,Adventure,Tecmo Koei,0,0,0.03,0,0.03
15085,Prison Architect,PS4,2016,Action,Introversion Software,0.01,0.01,0,0,0.02
15836,Kao the Kangaroo Round 2,GC,2005,Platform,JoWood Productions,0.01,0,0,0,0.02
11721,Divinity II: Ego Draconis,PC,2009,Role-Playing,DTP Entertainment,0.01,0.05,0,0.01,0.08
7320,Steins;Gate,PSV,2013,Adventure,PQube,0.07,0.09,0,0.05,0.21
14937,Vampire Mansion: Linda Hyde,DS,2011,Adventure,Unknown,0,0.02,0,0,0.02
8043,Shape Up,XOne,2014,Misc,Ubisoft,0.08,0.09,0,0.01,0.18
2911,Star Wars: Obi-Wan,XB,2001,Action,Activision,0.52,0.16,0,0.02,0.7
10002,A Witch's Tale,DS,2009,Role-Playing,Nippon Ichi Software,0.08,0,0.03,0.01,0.11
1755,Sega Rally Championship,SAT,1995,Racing,Sega,0.21,0.16,0.77,0.02,1.16
8247,Super Robot Taisen L,DS,2010,Strategy,Namco Bandai Games,0,0,0.17,0,0.17
9325,Gladius,XB,2003,Strategy,Activision,0.1,0.03,0,0,0.14
13550,Casual Mania!,DS,2010,Puzzle,Foreign Media Games,0.04,0,0,0,0.04
12001,The Sims 2: Seasons,PC,2007,Simulation,Electronic Arts,0.01,0.04,0,0.01,0.07
4789,Overlord,X360,2007,Strategy,Codemasters,0.34,0.03,0.01,0.03,0.4
14669,Ride,PC,2015,Racing,Milestone S.r.l.,0,0.03,0,0,0.03
8347,Major League Baseball 2K9,PS2,2009,Sports,Spike,0.08,0.06,0,0.02,0.17
7106,Pocket Fighter,PS,1997,Fighting,Virgin Interactive,0.06,0.04,0.12,0.01,0.23
3491,Tenchu 2: Birth of the Stealth Assassins,PS,2000,Action,Activision,0.32,0.22,0,0.04,0.58
4180,FIFA Soccer 13,PSV,2012,Action,Electronic Arts,0,0.3,0.05,0.12,0.47
11683,World Party Games,Wii,2009,Misc,505 Games,0.07,0,0,0.01,0.08
11264,Diva Girls: Divas on Ice,Wii,2009,Sports,505 Games,0.07,0.01,0,0.01,0.08
15008,11eyes: CrossOver,X360,2009,Adventure,5pb,0,0,0.02,0,0.02
15725,Zoids Dash,DS,2006,Role-Playing,Tomy Corporation,0,0,0.02,0,0.02
12683,Jumble Madness,DS,2009,Puzzle,Destineer,0.06,0,0,0,0.06
1327,Dragon Ball Z,SNES,1993,Fighting,Namco Bandai Games,0,0,1.45,0,1.45
12693,Aquarium by DS,DS,2008,Simulation,Mercury Games,0.05,0,0,0,0.06
5480,NASCAR Thunder 2002,XB,2001,Racing,Electronic Arts,0.25,0.07,0,0.01,0.33
3279,Tomb Raider III: Adventures of Lara Croft,PC,1998,Action,Eidos Interactive,0.59,0.03,0,0,0.62
2768,Burnout,PS2,2001,Racing,Acclaim Entertainment,0.36,0.28,0,0.1,0.74
2272,Lost Odyssey,X360,2007,Role-Playing,Microsoft Game Studios,0.45,0.27,0.11,0.09,0.92
7528,Phantasy Star Online,DC,2000,Role-Playing,Sega,0,0,0.2,0,0.2
7369,MVP Baseball,PSP,2005,Sports,Electronic Arts,0.2,0,0,0.02,0.21
3112,Drawn to Life: The Next Chapter,DS,2009,Puzzle,THQ,0.45,0.14,0,0.06,0.65
14492,Lux-Pain (JP sales),DS,2008,Adventure,Rising Star Games,0,0,0.03,0,0.03
11846,The Wolf Among Us,XOne,2014,Adventure,Telltale Games,0.05,0.02,0,0.01,0.07
6992,World Series Baseball,XB,2002,Sports,Sega,0.17,0.05,0,0.01,0.23
1086,Big Beach Sports,Wii,2008,Sports,THQ,0.45,1.02,0,0.2,1.67
6065,Feel the Magic XY/XX,DS,2004,Puzzle,Sega,0.17,0,0.1,0.02,0.29
4302,Harry Potter and the Deathly Hallows - Part 1,X360,2010,Action,Electronic Arts,0.21,0.2,0,0.04,0.46
13971,Garfield: The Search for Pooky,GBA,2003,Platform,Game Factory,0.03,0.01,0,0,0.04
13957,Ragnarok Odyssey,PS3,2014,Role-Playing,GungHo,0.03,0.01,0,0.01,0.04
4516,MLB 2002,PS,2001,Sports,Sony Computer Entertainment,0.24,0.16,0,0.03,0.43
16583,Real Rode,PS2,2008,Adventure,Kadokawa Shoten,0,0,0.01,0,0.01
535,NBA Street,PS2,2001,Sports,Electronic Arts,2.19,0.22,0,0.38,2.79
1869,Untold Legends: Brotherhood of the Blade,PSP,2005,Role-Playing,Activision,0.54,0.33,0.01,0.22,1.1
5243,Chicken Shoot,Wii,2007,Action,Zoo Digital Publishing,0.33,0.01,0,0.02,0.36
5020,SD Gundam G Generation-F,PS,2000,Strategy,Namco Bandai Games,0,0,0.36,0.02,0.38
16505,Naraku no Shiro,PS2,2008,Adventure,Nippon Ichi Software,0,0,0.01,0,0.01
8768,Farm Frenzy: Animal Country,DS,2009,Simulation,City Interactive,0.13,0.01,0,0.01,0.15
16431,Aladdin Magic Racer,Wii,2011,Racing,Big Ben Interactive,0.01,0,0,0,0.01
12648,NTRA Breeders' Cup World Thoroughbred Championships,XB,2005,Simulation,Bethesda Softworks,0.04,0.01,0,0,0.06
7662,NFL Street 2,GC,2004,Sports,Electronic Arts,0.15,0.04,0,0.01,0.2
11102,Momu-chan Diet Wii: Figurobics by Chon Dayon,Wii,2010,Misc,Hudson Soft,0,0,0.09,0,0.09
4672,Cyber Troopers Virtual-On,SAT,1995,Fighting,Sega,0,0,0.42,0,0.42
5583,One Piece: Romance Dawn - Bouken no Yoake,PSP,2012,Fighting,Namco Bandai Games,0,0,0.32,0,0.32
3334,Call of Juarez: Bound in Blood,X360,2009,Shooter,Ubisoft,0.3,0.24,0,0.06,0.61
3455,The Sims 3: World Adventures,PC,2009,Simulation,Electronic Arts,0.02,0.18,0,0.39,0.58
9813,Gundam Breaker 3,PSV,2016,Action,Namco Bandai Games,0,0,0.12,0,0.12
15275,Command & Conquer: The First Decade,PC,2006,Strategy,Electronic Arts,0.01,0.01,0,0,0.02
8921,Fugitive Hunter: War on Terror,PS2,2003,Shooter,Play It,0.07,0.06,0,0.02,0.15
6627,Resident Evil Archives: Resident Evil Zero,Wii,2008,Action,Capcom,0.14,0.04,0.06,0.02,0.25
5476,Deus Ex: Invisible War,XB,2003,Shooter,Eidos Interactive,0.25,0.07,0,0.01,0.33
5511,BattleTanx,N64,1998,Action,3DO,0.26,0.06,0,0,0.33
3958,Tiger Woods PGA Tour 07,PS3,2006,Sports,Electronic Arts,0.31,0.12,0,0.07,0.5
8330,Transformer: Rise of the Dark Spark,X360,2014,Action,Activision,0.09,0.07,0,0.02,0.17
3261,Beetle Adventure Racing!,N64,1999,Racing,Electronic Arts,0.4,0.2,0,0.02,0.62
7218,The Walking Dead: Season Two,PS3,2014,Adventure,Telltale Games,0.09,0.09,0,0.04,0.22
7668,Bleach: The 3rd Phantom,DS,2008,Role-Playing,Sega,0.1,0.02,0.07,0.01,0.2
12480,Winter Sports 2: The Next Challenge,DS,2008,Sports,RTL,0.04,0.02,0,0.01,0.06
15835,I Love Horses: Rider's Paradise,Wii,2010,Simulation,Destineer,0.02,0,0,0,0.02
5357,High School Musical 3: Senior Year DANCE!,PS2,2008,Misc,Disney Interactive Studios,0.17,0.13,0,0.04,0.34
11182,Fire Pro Wrestling Returns,PS2,2005,Sports,505 Games,0.04,0.03,0,0.01,0.09
678,WWE SmackDown vs Raw 2008,PS2,2007,Fighting,THQ,0.92,0,0.01,1.41,2.34
8703,Space Camp,DS,2009,Action,Activision,0.14,0,0,0.01,0.16
6414,Jade Cocoon: Story of the Tamamayu,PS,1998,Role-Playing,Crave Entertainment,0.15,0.1,0,0.02,0.27
436,Animal Crossing,GC,2001,Simulation,Nintendo,1.92,0.16,0.99,0.09,3.15
7797,Re-Volt,PS,1998,Racing,Acclaim Entertainment,0.11,0.07,0,0.01,0.19
5526,Disgaea: Hour of Darkness,PS2,2003,Role-Playing,Tecmo Koei,0.16,0.13,0,0.04,0.33
8370,Teenage Mutant Ninja Turtles: Game Boy Advance Video Volume 1,GBA,2004,Misc,N/A,0.12,0.04,0,0,0.17
11436,Pop'n Music,Wii,2009,Misc,Konami Digital Entertainment,0.07,0,0,0.01,0.08
13424,World Fantasista,PS2,2002,Sports,SquareSoft,0,0,0.05,0,0.05
13280,Monster Hunter Frontier Online,PS3,N/A,Role-Playing,N/A,0,0,0.05,0,0.05
4615,NBA Live 06,PSP,2005,Sports,Electronic Arts,0.39,0,0,0.03,0.42
8441,Splatterhouse,PS3,N/A,Action,Namco Bandai Games,0.13,0.02,0,0.02,0.17
2817,Beyblade VForce: Ultimate Blader Jam,GBA,2003,Action,Atari,0.52,0.19,0,0.01,0.73
8986,Making History: The Great War,Wii,2010,Strategy,Namco Bandai Games,0,0,0.15,0,0.15
6182,Driver: Parallel Lines,PS2,2006,Racing,Atari,0.12,0.1,0.03,0.03,0.28
621,Resistance 2,PS3,2008,Shooter,Sony Computer Entertainment,1.15,0.85,0.1,0.39,2.48
10543,Hot Wheels Ultimate Racing,PSP,2007,Action,Activision,0.09,0,0,0.01,0.1
3415,Ready 2 Rumble Boxing,N64,1999,Sports,Midway Games,0.47,0.11,0,0.01,0.59
6440,ESPN NBA Basketball,XB,2003,Sports,Sega,0.2,0.06,0,0.01,0.27
16003,Smart Kid's Mega Game Mix,DS,2009,Misc,UFO Interactive,0.01,0,0,0,0.01
10850,Metal Fight Beyblade,DS,2009,Action,Hudson Soft,0,0,0.09,0,0.09
5218,Hamster Club 3,GBA,2002,Simulation,Jorudan,0,0,0.35,0.01,0.36
3179,The Walking Dead: Survival Instinct,X360,2013,Shooter,Activision,0.46,0.12,0,0.05,0.64
10433,Kenka Bancho Bros: Tokyo Battle Royale,PSP,2012,Action,Spike,0,0,0.1,0,0.1
8611,Time Hollow,DS,2008,Adventure,Konami Digital Entertainment,0.03,0.01,0.11,0,0.16
15027,Are You Alice?,PSP,2011,Adventure,Idea Factory,0,0,0.02,0,0.02
14646,Trine 2,WiiU,2012,Platform,Atlus,0,0.03,0,0,0.03
9356,Shonen Jump's One Piece: Grand Battle,PS2,2005,Fighting,Atari,0.07,0.05,0,0.02,0.13
5830,Gameboy Gallery,GB,1995,Misc,Nintendo,0,0,0.3,0,0.3
13251,Taito Legends,XB,2005,Misc,Empire Interactive,0.04,0.01,0,0,0.05
7023,Virtua Fighter Kids,SAT,1995,Fighting,Sega,0,0,0.23,0,0.23
8446,Dragon Ball: Fusions,3DS,2016,Role-Playing,Namco Bandai Games,0,0,0.17,0,0.17
13015,Earth Defense Force 4.1: The Shadow of New Despair,PS4,2015,Shooter,Xseed Games,0.02,0.02,0,0.01,0.05
9454,No Fear Downhill Mountain Biking,PS,1998,Sports,Codemasters,0.07,0.05,0,0.01,0.13
1740,Mario vs. Donkey Kong,GBA,2004,Puzzle,Nintendo,0.68,0.25,0.21,0.02,1.17
11744,Mega Man Legacy Collection,PS4,2016,Platform,Capcom,0.06,0,0,0.01,0.07
11652,Family Game Night 4: The Game Show,X360,2011,Misc,Electronic Arts,0.07,0,0,0.01,0.08
12466,Kurupoto Cool Cool Stars,DS,2007,Action,Starfish,0.06,0,0,0,0.06
2404,Vagrant Story,PS,2000,Role-Playing,Crave Entertainment,0.3,0.2,0.3,0.06,0.87
1030,Harry Potter and the Sorcerer's Stone,GB,2001,Action,Electronic Arts,0.94,0.62,0.1,0.07,1.73
11483,Iggy's Reckin' Balls,N64,1998,Racing,Acclaim Entertainment,0.06,0.02,0,0,0.08
1170,Wolfenstein: The New Order,PS4,2014,Shooter,Bethesda Softworks,0.47,0.8,0.03,0.29,1.58
4048,Dragon Ball Z: Burst Limit,X360,2008,Fighting,Atari,0.24,0.18,0.03,0.05,0.49
880,Who wants to be a millionaire,PC,1999,Misc,Disney Interactive Studios,1.94,0,0,0,1.94
12844,Xiaolin Showdown,DS,2006,Action,Konami Digital Entertainment,0.05,0,0,0,0.05
10243,Frogger: Helmet Chaos,PSP,2005,Platform,Konami Digital Entertainment,0.1,0,0,0.01,0.11
10216,Lunacy,SAT,1996,Adventure,Sega,0,0,0.11,0,0.11
10832,Rock Band Country Track Pack 2,Wii,2011,Misc,MTV Games,0.09,0,0,0.01,0.09
10411,Help Wanted: 50 Wacky Jobs,Wii,2008,Simulation,Hudson Soft,0.06,0.04,0,0.01,0.11
1297,Disney Princess: Magical Jewels,DS,2007,Adventure,Disney Interactive Studios,1.15,0.2,0,0.12,1.47
4886,Skylanders: SuperChargers,PS3,2015,Action,Activision,0.15,0.18,0,0.06,0.39
10226,Thief (2014),PC,2014,Action,Square Enix,0,0.09,0,0.02,0.11
13666,Farm Frenzy 3,PC,2009,Strategy,Alawar Entertainment,0,0.03,0,0.01,0.04
1700,FIFA 14,XOne,2013,Sports,Electronic Arts,0.41,0.66,0,0.12,1.19
13985,Worms: Ultimate Mayhem,PC,2011,Strategy,Unknown,0,0.03,0,0,0.04
644,Minecraft,XOne,2014,Misc,Microsoft Game Studios,1.43,0.76,0,0.22,2.41
6894,The Hobbit,XB,2003,Platform,Vivendi Games,0.18,0.05,0,0.01,0.24
9285,Nitrobike,Wii,2008,Racing,Ubisoft,0.11,0.01,0,0.01,0.14
1412,Dave Mirra Freestyle BMX 2,PS2,2001,Sports,Acclaim Entertainment,0.67,0.53,0,0.18,1.38
8262,The Hobbit,GC,2003,Platform,Vivendi Games,0.13,0.03,0,0,0.17
757,The Sims: House Party,PC,2001,Simulation,Electronic Arts,1.23,0.83,0,0.1,2.16
10847,Crash 'N' Burn,XB,2004,Racing,Eidos Interactive,0.07,0.02,0,0,0.09
922,FIFA 2000,PS,1998,Sports,Electronic Arts,0.22,1.47,0.04,0.14,1.87
564,Final Fantasy XIII-2,PS3,2011,Role-Playing,Square Enix,0.78,0.75,0.89,0.26,2.68
12537,Killer Loop,PS,1999,Racing,Crave Entertainment,0.03,0.02,0,0,0.06
5404,Leisure Suit Larry: Magna Cum Laude,PS2,2004,Adventure,Vivendi Games,0.17,0.13,0,0.04,0.34
4623,Rush 2: Extreme Racing USA,N64,1998,Racing,Midway Games,0.35,0.06,0,0,0.42
12897,Major Minor's Majestic March,Wii,2009,Misc,Majesco Entertainment,0.05,0,0,0,0.05
1824,Castlevania: Lords of Shadow,PS3,2010,Action,Konami Digital Entertainment,0.5,0.37,0.1,0.16,1.12
8550,NPPL: Championship Paintball 2009,PS3,2008,Shooter,Activision Value,0.15,0,0,0.01,0.16
14243,Daito Giken Koushiki Pachi-Slot Simulator: Yoshimune Portable,PSP,2006,Misc,Daito,0,0,0.03,0,0.03
15756,Memories Off: Yubikiri no Kikou,PSP,2011,Adventure,5pb,0,0,0.02,0,0.02
3308,Yakuza: Dead Souls,PS3,2011,Shooter,Sega,0.09,0.07,0.42,0.03,0.61
3116,Fire Emblem: Shadow Dragon,DS,2008,Role-Playing,Nintendo,0.31,0.03,0.27,0.03,0.65
12287,Frogger: Helmet Chaos,DS,2005,Platform,Konami Digital Entertainment,0.06,0,0,0,0.06
7959,Bubsy 3D,PS,1996,Platform,Accolade,0.1,0.07,0,0.01,0.19
444,Star Wars Episode I Racer,N64,1999,Racing,Nintendo,2.31,0.62,0.14,0.04,3.12
16551,Hakuoki: Reimeiroku - Omouhase Kara,PSV,2015,Action,Idea Factory,0,0,0.01,0,0.01
2603,Ridge Racer,PS,1994,Racing,Sony Computer Entertainment,0,0,0.74,0.05,0.79
13966,Bubble Bobble Double Shot,DS,2007,Puzzle,Rising Star Games,0.03,0,0,0,0.04
7535,CandyLand / Chutes & Ladders / Memory,GBA,2005,Misc,Zoo Digital Publishing,0.15,0.05,0,0,0.2
13083,Steins;Gate 0,PSV,2015,Adventure,PQube,0,0,0.05,0,0.05
3751,Magician's Quest: Mysterious Times,DS,2008,Role-Playing,Konami Digital Entertainment,0.04,0.01,0.48,0,0.54
839,1080°: TenEighty Snowboarding,N64,1998,Sports,Nintendo,1.25,0.61,0.13,0.05,2.03
725,LEGO Indiana Jones: The Original Adventures,DS,2008,Action,Activision,1.42,0.61,0,0.21,2.23
3129,Super Robot Taisen Impact,PS2,2002,Strategy,Banpresto,0,0,0.65,0,0.65
17,Grand Theft Auto V,PS3,2013,Action,Take-Two Interactive,7.01,9.27,0.97,4.14,21.4
474,The Sims: Livin Large,PC,2000,Misc,Electronic Arts,1.67,1.18,0,0.13,2.99
837,Need for Speed: The Run,PS3,2011,Action,Electronic Arts,0.58,1.06,0.03,0.37,2.04
10741,Retro Game Challenge (US sales),DS,2007,Action,Namco Bandai Games,0.1,0,0,0,0.1
5448,Pandora's Tower,Wii,2011,Role-Playing,Nintendo,0.13,0.1,0.08,0.03,0.33
10730,Cubic Ninja,3DS,2011,Platform,Ubisoft,0.05,0.04,0,0.01,0.1
1714,WWE '12,PS3,2011,Fighting,THQ,0.53,0.46,0.02,0.17,1.18
1994,Disney Tangled,DS,2010,Action,Disney Interactive Studios,0.58,0.37,0,0.09,1.04
15861,DuckTales: Remastered,PC,2013,Action,Capcom,0,0.01,0,0,0.02
1118,Tom Clancy's Rainbow Six,PS,1999,Shooter,Red Storm Entertainment,0.93,0.63,0,0.08,1.64
4844,MX vs. ATV Unleashed,XB,2005,Racing,THQ,0.32,0.07,0,0.01,0.4
5208,Tetrisphere,N64,1997,Puzzle,Nintendo,0.29,0.06,0,0,0.36
1333,My Word Coach,DS,2007,Misc,Ubisoft,0.37,0.9,0,0.18,1.45
486,SOCOM II: U.S. Navy SEALs,PS2,2003,Shooter,Sony Computer Entertainment,2.22,0.51,0.06,0.15,2.94
4165,Naruto Shippuden: Ultimate Ninja Storm Revolution,PS3,2014,Fighting,Namco Bandai Games,0.15,0.16,0.09,0.08,0.47
13983,Doraemon: Shin Nobita no Nihon Tanjou,3DS,2016,Misc,FuRyu,0,0,0.04,0,0.04
426,God of War: Chains of Olympus,PSP,2008,Action,Sony Computer Entertainment,1.48,1.01,0.04,0.66,3.19
4560,Petz: Horsez 2,Wii,2007,Simulation,Ubisoft,0.39,0,0,0.03,0.43
10370,Tom Clancy's HAWX 2,Wii,2010,Action,Ubisoft,0.07,0.03,0,0.01,0.11
6471,Tales of Innocence,DS,2007,Role-Playing,Namco Bandai Games,0,0,0.26,0,0.26
7229,Ms. Pac-Man: Maze Madness,N64,2000,Puzzle,Namco Bandai Games,0.18,0.04,0,0,0.22
7843,SpongeBob's Surf & Skate Roadtrip,X360,2011,Action,THQ,0.15,0.03,0,0.01,0.19
14642,PopCap Hits! Vol 2,X360,2011,Misc,Mastertronic,0,0.03,0,0,0.03
8490,F1 Championship Season 2000,PS2,2000,Racing,Electronic Arts,0.06,0.05,0.03,0.02,0.16
9286,Magnetica,DS,2006,Puzzle,Nintendo,0.08,0.01,0.03,0.01,0.14
8428,Street Fighter Alpha 2,SNES,1996,Fighting,Nintendo,0,0,0.17,0,0.17
7960,Reel Fishing Paradise 3D,3DS,2011,Sports,Marvelous Interactive,0.12,0,0.06,0.01,0.19
2850,Driver: San Francisco,X360,2011,Racing,Ubisoft,0.25,0.39,0,0.08,0.72
4651,Harvest Moon: Grand Bazaar,DS,2008,Simulation,Rising Star Games,0.22,0.05,0.13,0.02,0.42
11424,C.O.P.: The Recruit,DS,2009,Action,Ubisoft,0.05,0.02,0,0.01,0.08
10855,Langrisser V: The End of Legend,SAT,1998,Strategy,NCS,0,0,0.09,0,0.09
6050,Operation Flashpoint: Red River,X360,2011,Shooter,Codemasters,0.1,0.15,0.01,0.03,0.29
15421,Super Fruit Fall,Wii,2006,Puzzle,System 3 Arcade Software,0.01,0,0,0,0.02
13639,Torino 2006,XB,2006,Sports,Take-Two Interactive,0.03,0.01,0,0,0.04
2930,IL-2 Sturmovik: Birds of Prey,PS3,2009,Simulation,505 Games,0.34,0.26,0,0.1,0.7
5472,Naruto: Rise of a Ninja,X360,2007,Action,Ubisoft,0.29,0.02,0,0.03,0.33
13158,The History Channel: Great Battles - Medieval,PS3,N/A,Strategy,Slitherine Software,0,0.04,0,0.01,0.05
2922,Skylanders: Trap Team,WiiU,2014,Action,Activision,0.39,0.25,0,0.06,0.7
2144,Romancing SaGa,SNES,1992,Role-Playing,SquareSoft,0,0,0.97,0,0.97
6662,Just Dance Kids 2,PS3,2011,Misc,Ubisoft,0.1,0.1,0,0.04,0.25
6966,The Smurfs 2,DS,2013,Platform,Ubisoft,0,0.21,0,0.02,0.23
6254,R.U.S.E.,PC,2010,Strategy,Ubisoft,0.04,0.19,0,0.05,0.28
5817,Disney's Stitch: Experiment 626,PS2,2002,Action,Sony Computer Entertainment,0.15,0.12,0,0.04,0.31
14595,Grid Runner,PS,1996,Action,Virgin Interactive,0.02,0.01,0,0,0.03
7312,Blue Dragon Plus,DS,2008,Role-Playing,Ignition Entertainment,0.12,0.04,0.05,0.01,0.22
3050,The Sims 3: High-End Loft Stuff,PC,2010,Simulation,Electronic Arts,0.01,0.53,0,0.12,0.67
6099,Bratz: Super Babyz,DS,2008,Action,THQ,0.26,0,0,0.02,0.29
4349,Spider-Man: Shattered Dimensions,PS3,2010,Action,Activision,0.26,0.13,0,0.06,0.45
51,Super Mario Land 2: 6 Golden Coins,GB,1992,Adventure,Nintendo,6.16,2.04,2.69,0.29,11.18
14199,Mashiro Iro Symphony: *mutsu-no-hana,PSP,2011,Adventure,Comfort,0,0,0.03,0,0.03
2520,DmC: Devil May Cry,PS3,2013,Action,Capcom,0.24,0.28,0.19,0.12,0.82
2262,Assassin's Creed,PC,2008,Adventure,Ubisoft,0.01,0.83,0,0.08,0.92
10402,The First Templar,X360,2011,Action,Kalypso Media,0.06,0.04,0,0.01,0.11
13763,Imabikisou,PS3,2007,Adventure,Sega,0,0,0.04,0,0.04
16155,Izumo 2,PS2,2006,Adventure,GN Software,0,0,0.01,0,0.01
9719,The King of Fighters '94,NG,1994,Fighting,SNK,0,0,0.12,0,0.12
8578,Major League Baseball 2K11,Wii,2011,Sports,Take-Two Interactive,0.15,0,0,0.01,0.16
8890,All-Star Baseball 2003,GBA,2002,Sports,Acclaim Entertainment,0.11,0.04,0,0,0.15
1802,Need for Speed Underground 2,GC,2004,Racing,Electronic Arts,0.7,0.39,0.01,0.03,1.14
11649,Urban Reign,PS2,2005,Action,Namco Bandai Games,0.04,0.03,0,0.01,0.08
16218,Tsukigime Ranko's Longest Day,PS3,2014,Action,Namco Bandai Games,0,0.01,0,0,0.01
12378,Di-Gata Defenders,DS,2008,Role-Playing,Game Factory,0.06,0,0,0,0.06
8340,Bomberman 64: The Second Attack!,N64,1999,Adventure,Hudson Soft,0.05,0.01,0.11,0,0.17
1042,The Sims 3: Late Night Expansion Pack,PC,2010,Simulation,Electronic Arts,0.59,0.87,0,0.25,1.71
742,Pro Evolution Soccer 2012,PS3,2011,Action,Konami Digital Entertainment,0.34,0.97,0.55,0.33,2.19
5521,Phineas and Ferb: Across the 2nd Dimension,PS3,2011,Action,Disney Interactive Studios,0.15,0.12,0,0.05,0.33
3999,Monster Hunter,PS2,2004,Role-Playing,Capcom,0.11,0.08,0.28,0.03,0.5
7436,Disgaea D2: A Brighter Darkness,PS3,2013,Role-Playing,Nippon Ichi Software,0.09,0,0.1,0.01,0.21
11009,Top Gun: Firestorm Advance,GBA,2002,Shooter,Titus,0.07,0.02,0,0,0.09
14734,Dave Mirra Freestyle BMX 3,GBA,2002,Sports,Acclaim Entertainment,0.02,0.01,0,0,0.03
4289,Sword Art Online: Lost Song,PSV,2015,Role-Playing,Namco Bandai Games,0.08,0.1,0.23,0.05,0.46
14207,Red Faction: Guerrilla,PC,2009,Shooter,THQ,0,0.03,0,0.01,0.03
10571,X-Men: The Official Game,XB,2006,Action,Activision,0.08,0.02,0,0,0.1
12867,Sega Soccer Slam,XB,2002,Sports,Sega,0.04,0.01,0,0,0.05
466,Mike Tyson's Punch-Out!!,NES,1987,Fighting,Nintendo,2.03,0.47,0.45,0.07,3.02
3961,Monster Hunter Freedom 2,PS3,2011,Role-Playing,Capcom,0,0,0.5,0,0.5
759,Syphon Filter 2,PS,2000,Shooter,Sony Computer Entertainment,1.5,0.55,0.02,0.08,2.15
432,LEGO Batman: The Videogame,Wii,N/A,Action,Warner Bros. Interactive Entertainment,1.86,1.02,0,0.29,3.17
11953,Ecco: The Tides of Time,GEN,1993,Adventure,Sega,0,0,0.07,0,0.07
3520,Enslaved: Odyssey to the West,PS3,2010,Action,Namco Bandai Games,0.24,0.24,0.01,0.09,0.57
12146,Jurassic Park: Operation Genesis,XB,2003,Simulation,Konami Digital Entertainment,0.05,0.01,0,0,0.07
2857,Crysis,PC,2007,Shooter,Electronic Arts,0,0.69,0,0.03,0.72
2438,Tiger Woods PGA Tour 2005,XB,2004,Sports,Electronic Arts,0.64,0.18,0,0.03,0.85
2678,My Baby Girl,DS,2008,Simulation,Nobilis,0.61,0.1,0,0.06,0.77
6261,Deadpool,PS4,2015,Action,Activision,0.13,0.1,0,0.05,0.28
11911,James Cameron's Dark Angel,XB,2002,Action,Vivendi Games,0.05,0.02,0,0,0.07
6210,Bass Strike,PS2,2001,Sports,THQ,0.14,0.11,0,0.04,0.28
2449,Burnout 2: Point of Impact,PS2,2002,Racing,Acclaim Entertainment,0.42,0.32,0,0.11,0.85
2149,Medal of Honor: Underground,PS,2000,Shooter,Electronic Arts,0.54,0.37,0,0.06,0.97
15152,NFL Blitz Pro,GC,2003,Sports,Midway Games,0.02,0,0,0,0.02
1504,Tekken 6,X360,2009,Fighting,Namco Bandai Games,0.71,0.42,0.05,0.13,1.31
15306,Robotics;Notes,X360,2012,Adventure,5pb,0,0,0.02,0,0.02
4012,Epic Mickey 2: The Power of Two,PS3,2012,Action,Disney Interactive Studios,0.21,0.2,0,0.08,0.5
15695,Syberia II,PC,2004,Adventure,MC2 Entertainment,0,0.01,0,0,0.02
11965,Inversion,PS3,2012,Shooter,Namco Bandai Games,0.03,0.03,0,0.01,0.07
10013,Karaoke Revolution Presents American Idol Encore 2,PS3,2008,Misc,Konami Digital Entertainment,0.11,0,0,0.01,0.11
962,Virtua Fighter 4,PS2,2002,Fighting,Sega,0.78,0.44,0.56,0.04,1.81
10189,HOP,DS,2011,Platform,505 Games,0.09,0.01,0,0.01,0.11
15837,Majesty 2 Collection,PC,2011,Strategy,Paradox Interactive,0,0.01,0,0,0.02
8122,World of Outlaws: Sprint Cars,X360,2010,Racing,THQ,0.17,0,0,0.01,0.18
4877,Alpha Protocol,X360,2010,Role-Playing,Sega,0.23,0.13,0,0.04,0.4
13099,Kinnikuman Muscle Grand Prix Max,PS2,2006,Fighting,Konami Digital Entertainment,0,0,0.05,0,0.05
7582,X2: Wolverine's Revenge,GBA,2003,Platform,Activision,0.14,0.05,0,0,0.2
10929,U-Sing  2,Wii,2010,Misc,Mindscape,0,0.08,0,0.01,0.09
14364,The Legend of Heroes III: Song of the Ocean,PSP,2006,Role-Playing,Namco Bandai Games,0.03,0,0,0,0.03
175,Final Fantasy X-2,PS2,2003,Role-Playing,Electronic Arts,1.92,1.08,2.11,0.17,5.29
2627,Naruto Shippuden: Ultimate Ninja Storm 2,X360,2010,Fighting,Namco Bandai Games,0.43,0.27,0.01,0.07,0.79
11266,Natural Doctrine,PSV,2014,Role-Playing,Nippon Ichi Software,0.03,0.02,0.03,0.01,0.08
4144,World of Outlaws: Sprint Cars 2002,PS2,2002,Racing,Ignition Entertainment,0.23,0.18,0,0.06,0.48
11925,Itoi Shigesato no Bass Tsuri No. 1 Ketteihan!,N64,2000,Sports,Nintendo,0,0,0.07,0,0.07
4936,Robert Ludlum's The Bourne Conspiracy,PS3,N/A,Action,Vivendi Games,0.18,0.14,0,0.06,0.39
9808,Gallop Racer 2000,PS,2000,Sports,Tecmo Koei,0,0,0.11,0.01,0.12
10805,Cartoon Network: Punch Time Explosion,3DS,2011,Fighting,Deep Silver,0.07,0.02,0,0.01,0.1
8754,Jewel Quest Solitaire,DS,2009,Puzzle,GSP,0,0.14,0,0.02,0.15
7470,NHL 2K3,PS2,2002,Sports,Sega,0.1,0.08,0,0.03,0.21
6494,Need for Speed: Most Wanted,GBA,2005,Racing,Electronic Arts,0.19,0.07,0,0,0.26
306,Donkey Kong Land,GB,1994,Platform,Nintendo,1.97,0.76,1.07,0.11,3.91
7115,101-in-1 Party Megamix Wii,Wii,2009,Misc,Nordcurrent,0.19,0.01,0,0.02,0.23
9657,Geometry Wars: Galaxies,Wii,2007,Shooter,Vivendi Games,0.11,0,0,0.01,0.13
768,Demon Attack,2600,1981,Shooter,Imagic,1.99,0.12,0,0.02,2.13
10616,Machi-Ing Maker 3 x Tousouchuu,PSP,2010,Simulation,D3Publisher,0,0,0.1,0,0.1
6229,Mass Effect 3,WiiU,2012,Role-Playing,Electronic Arts,0.14,0.11,0,0.02,0.28
8706,Senran Kagura: Sh?jo-tachi no Shinei,3DS,2011,Action,Marvelous Interactive,0,0,0.16,0,0.16
15880,Daito Giken Koushiki Pachi-Slot Simulator: Ossu! Misao + Maguro Densetsu Portable,PSP,2010,Misc,Paon,0,0,0.02,0,0.02
4255,Walk it Out!,Wii,2010,Sports,Konami Digital Entertainment,0.36,0.06,0,0.04,0.46
3588,NASCAR Rumble,PS,2000,Racing,Electronic Arts,0.31,0.21,0,0.04,0.56
1497,Madden NFL 97,PS,1996,Sports,Electronic Arts,0.73,0.5,0,0.09,1.32
7656,Grandia II,DC,2000,Role-Playing,Ubisoft,0,0,0.2,0,0.2
4808,Warriors Orochi 2 (JP sales),PS2,2008,Action,Tecmo Koei,0,0,0.4,0,0.4
8543,DS Rakubiki Jiten,DS,2005,Misc,Nintendo,0,0,0.16,0,0.16
296,Far Cry 4,PS4,2014,Shooter,Ubisoft,1.12,2.12,0.1,0.69,4.03
8147,Atari Anniversary Edition Redux,PS,2000,Misc,Infogrames,0.1,0.07,0,0.01,0.18
8505,Stronghold 3,PC,2011,Strategy,N/A,0.06,0.1,0,0,0.16
7789,New Love Plus,3DS,2012,Simulation,Konami Digital Entertainment,0,0,0.19,0,0.19
4281,Jak and Daxter: The Lost Frontier,PS2,2009,Platform,Sony Computer Entertainment,0.22,0.17,0,0.06,0.46
3235,MySims Racing,DS,2009,Racing,Electronic Arts,0.26,0.29,0,0.07,0.63
13403,Arcana Famiglia: La storia della Aracana Famiglia,PSP,2011,Adventure,Comfort,0,0,0.05,0,0.05
13580,SX Superstar,XB,2003,Racing,Acclaim Entertainment,0.03,0.01,0,0,0.04
2202,Midway Presents Arcade's Greatest Hits: The Atari Collection 1,PS,1996,Misc,GT Interactive,0.52,0.36,0,0.06,0.94
13929,Taikou Risshiden V,PSP,2009,Strategy,Tecmo Koei,0,0,0.04,0,0.04
3104,Disney's Chicken Little,PS2,2005,Platform,Disney Interactive Studios,0.32,0.25,0,0.08,0.65
12115,Dragoneer's Aria,PSP,2007,Role-Playing,Tecmo Koei,0.02,0,0.05,0,0.07
6191,Wild ARMs 5,PS2,2006,Role-Playing,505 Games,0.14,0.11,0,0.04,0.28
