Rank,Name,Platform,Year,Genre,Publisher,NA_Sales,EU_Sales,JP_Sales,Other_Sales,Global_Sales
10127,InuYasha: A Feudal Fairy Tale,PS,2002,Fighting,Namco Bandai Games,0,0,0.1,0.01,0.11
13144,Corpse Party: Blood Covered - Repeated Fear,PSP,2010,Adventure,5pb,0,0,0.05,0,0.05
16189,BattleForge,PC,2009,Strategy,Electronic Arts,0,0.01,0,0,0.01
10545,Inazuma Eleven GO Strikers 2013,Wii,2012,Role-Playing,Level 5,0,0,0.1,0,0.1
642,ATV Offroad Fury,PS2,2001,Racing,Sony Computer Entertainment,2.07,0.26,0,0.08,2.41
5756,Goemon's Great Adventure,N64,1998,Platform,Konami Digital Entertainment,0.06,0.02,0.13,0.1,0.31
7197,Shinobi,3DS,2011,Platform,Sega,0.14,0.07,0,0.02,0.22
13192,QUIZ PARTY,Wii,2012,Misc,Nintendo,0,0.05,0,0,0.05
13060,Fishdom,DS,2011,Puzzle,Atari,0.05,0,0,0,0.05
5976,MLB Power Pros,Wii,2007,Sports,Konami Digital Entertainment,0.23,0,0.04,0.02,0.29
10815,MindJack,X360,2011,Shooter,Square Enix,0.07,0.02,0,0.01,0.1
16092,Datenshi no Amai Yuuwaku x Kaikan Phrase,DS,2010,Adventure,FuRyu,0,0,0.01,0,0.01
1287,Imagine: Master Chef,DS,2007,Simulation,Ubisoft,0.39,0.92,0,0.17,1.47
2670,Marvel Nemesis: Rise of the Imperfects,PS2,2005,Fighting,Electronic Arts,0.64,0.02,0,0.1,0.77
6268,How to Train Your Dragon 2,Wii,2014,Adventure,Little Orbit,0.05,0.2,0,0.02,0.27
13353,Black & Bruised,GC,2003,Fighting,Vivendi Games,0.04,0.01,0,0,0.05
5827,Shrek Swamp Kart Speedway,GBA,2002,Racing,TDK Mediactive,0.22,0.08,0,0.01,0.3
16309,Full Auto 2: Battlelines,PSP,2007,Racing,Sega,0,0.01,0,0,0.01
10806,Imagine: Reporter,DS,2010,Simulation,Ubisoft,0.08,0.01,0,0.01,0.1
8396,Disney Golf,PS2,2002,Sports,Electronic Arts,0.07,0.06,0.02,0.02,0.17
986,Kirby 64: The Crystal Shards,N64,2000,Platform,Nintendo,0.63,0.06,1.03,0.04,1.77
14633,Galaxy Angel II: Zettairyouiki no Tobira,PS2,2006,Strategy,Broccoli,0,0,0.03,0,0.03
8887,Scarface: The World is Yours,Wii,2007,Action,Vivendi Games,0.12,0.01,0,0.01,0.15
12888,Rez,PS2,2001,Shooter,Sony Computer Entertainment,0.03,0.02,0,0.01,0.05
11493,TimeSplitters: Future Perfect,GC,2005,Shooter,Electronic Arts,0.06,0.02,0,0,0.08
16344,H2O+: Footprints in the Sand,PS2,2008,Adventure,Kadokawa Shoten,0,0,0.01,0,0.01
3218,"Transformers: Revenge of the Fallen (XBox 360, PS3, & PC Versions)",X360,2009,Shooter,Activision,0.34,0.23,0,0.06,0.63
10845,Rocky,GC,2002,Fighting,Rage Software,0.07,0.02,0,0,0.09
1704,Pokemon Super Mystery Dungeon,3DS,2015,Role-Playing,Nintendo,0.46,0.31,0.33,0.08,1.19
6765,NBA Courtside 2002,GC,2002,Sports,Nintendo,0.19,0.05,0,0.01,0.25
13218,Strikers 1945,SAT,1996,Shooter,Atlus,0,0,0.05,0,0.05
15703,Monster High 13 Wishes,3DS,2013,Action,Little Orbit,0,0.02,0,0,0.02
15587,Arabians Lost: The Engagement on Desert,PS2,2007,Adventure,Prototype,0,0,0.02,0,0.02
11662,Katekyoo Hitman Reborn! DS: Flame Rumble Hyper - Moeyo Mirai,DS,2008,Fighting,Takara Tomy,0,0,0.08,0,0.08
2288,Namco Museum,XB,N/A,Misc,Unknown,0.77,0.11,0,0.04,0.91
2764,Ace Combat: Assault Horizon,PS3,2011,Action,Namco Bandai Games,0.3,0.16,0.22,0.07,0.74
2683,Pokemon Dash,DS,2004,Racing,Nintendo,0.21,0.14,0.38,0.04,0.77
5460,Tales of the World: Radiant Mythology 2,PSP,2009,Role-Playing,Namco Bandai Games,0,0,0.33,0,0.33
15753,Blazing Angels: Squadrons of WWII,PC,2006,Simulation,Ubisoft,0.01,0,0,0,0.02
4638,Cabela's Legendary Adventures,PS2,2008,Sports,Activision,0.21,0.16,0,0.05,0.42
6532,Muramasa: The Demon Blade,PSV,2013,Role-Playing,Marvelous Entertainment,0.13,0,0.1,0.03,0.26
3272,XGRA: Extreme G-Racing Association,PS2,2004,Racing,Eidos Interactive,0.3,0.24,0,0.08,0.62
15853,Winning Post 7: Maximum 2007,PS3,2007,Sports,Tecmo Koei,0,0,0.02,0,0.02
11031,World Championship Games: A Track & Field Event,DS,2008,Sports,Ghostlight,0.08,0,0,0.01,0.09
4237,Crash of the Titans,Wii,2007,Action,Vivendi Games,0.4,0.03,0,0.04,0.46
16004,Diary Girl,DS,2008,Misc,Konami Digital Entertainment,0.01,0,0,0,0.01
5916,We Sing Pop!,Wii,2012,Misc,Nordic Games,0.08,0.19,0,0.03,0.3
3248,Madden NFL 07,GC,2006,Sports,Electronic Arts,0.48,0.13,0,0.02,0.62
3914,SpongeBob SquarePants: Creature from the Krusty Krab,Wii,2006,Platform,THQ,0.45,0.02,0,0.04,0.51
11750,Magic Pengel: The Quest for Color,PS2,2002,Role-Playing,Taito,0.04,0.03,0,0.01,0.07
998,BioShock Infinite,PS3,2013,Shooter,Take-Two Interactive,0.72,0.69,0.04,0.31,1.76
13092,Puyo Pop,GBA,2001,Puzzle,Sega,0.04,0.01,0,0,0.05
5365,Avatar: The Last Airbender - The Burning Earth,DS,2007,Action,THQ,0.31,0,0,0.03,0.34
9673,Resident Evil,PS3,2006,Action,Capcom,0,0,0.12,0,0.12
2194,Lego Batman 3: Beyond Gotham,X360,2014,Action,Warner Bros. Interactive Entertainment,0.48,0.38,0,0.08,0.95
8239,World Championship Poker,GBA,2004,Misc,Crave Entertainment,0.12,0.05,0,0,0.17
12892,Jake Power: Policeman,DS,2008,Adventure,Ubisoft,0.05,0,0,0,0.05
6735,F1 2000,PS,2000,Racing,Electronic Arts,0.14,0.09,0,0.02,0.25
8622,Vegas Party,Wii,N/A,Misc,Unknown,0.15,0,0,0.01,0.16
13093,Marriage Royale: Prism Story,PSP,2010,Adventure,ASCII Media Works,0,0,0.05,0,0.05
2610,Star Wars The Clone Wars: Jedi Alliance,DS,2008,Action,LucasArts,0.62,0.11,0,0.07,0.79
8978,Travel Games For Dummies,DS,2008,Misc,Electronic Arts,0.13,0,0,0.01,0.15
16061,WRC: FIA World Rally Championship,PC,N/A,Racing,Black Bean Games,0,0.01,0,0,0.01
4654,Black,XB,2006,Shooter,Electronic Arts,0.31,0.09,0,0.01,0.42
502,Zumba Fitness 2,Wii,2011,Sports,Majesco Entertainment,1.54,1.07,0,0.28,2.88
12871,NBA 2K17,X360,2016,Sports,Take-Two Interactive,0.04,0,0,0.01,0.05
5909,Shin Megami Tensei: Devil Summoner - Soul Hackers,3DS,2012,Role-Playing,Atlus,0.13,0.02,0.14,0.01,0.3
3969,Activision Anthology,PS2,2002,Misc,Activision,0.25,0.19,0,0.06,0.5
13735,NHL Hitz Pro,GC,N/A,Sports,Unknown,0.03,0.01,0,0,0.04
4948,Marvel: Ultimate Alliance,PS3,2006,Role-Playing,Activision,0.33,0.02,0,0.04,0.39
5839,Trauma Center: New Blood,Wii,2007,Simulation,Nintendo,0.22,0.04,0.01,0.03,0.3
14448,Hiiro no Kakera 3: Aoikuro no Kusabi,PS2,2008,Adventure,Idea Factory,0,0,0.03,0,0.03
9928,Rock Band: Metal Track Pack,PS3,2009,Misc,MTV Games,0.11,0,0,0.01,0.12
4231,Classic NES Series: Pac-Man,GBA,2004,Puzzle,Nintendo,0.25,0.09,0.12,0.01,0.46
8518,Let's Ride: Sunshine Stables,GBA,2005,Sports,DTP Entertainment,0.12,0.04,0,0,0.16
2658,Avatar: The Game,X360,2009,Action,Ubisoft,0.34,0.35,0,0.08,0.78
15685,Kabushiki Baibai Trainer: Kabutore! Next,DS,2007,Simulation,Konami Digital Entertainment,0,0,0.02,0,0.02
9381,SingStar Latino,PS2,2007,Misc,Sony Computer Entertainment,0.07,0.05,0,0.02,0.13
11803,SimCity 4: Deluxe Edition,PC,2003,Simulation,Electronic Arts,0,0.06,0,0.01,0.07
6022,FIFA Soccer 13,3DS,2012,Action,Electronic Arts,0.06,0.2,0,0.03,0.29
6669,Midway's Greatest Arcade Hits,GBA,2001,Misc,Midway Games,0.18,0.07,0,0,0.25
4543,"999: Nine Hours, Nine Persons, Nine Doors",DS,2009,Adventure,ChunSoft,0.37,0,0.03,0.03,0.43
13548,WSC Real 11: World Snooker Championship,X360,2011,Sports,Koch Media,0,0.04,0,0.01,0.04
12038,Colosseum: Road to Freedom,PS2,2005,Role-Playing,Tecmo Koei,0.03,0.03,0,0.01,0.07
14624,Roadsters,PS,2000,Racing,Titus,0.02,0.01,0,0,0.03
2558,Ben 10: Alien Force,Wii,2008,Action,Koch Media,0.52,0.21,0,0.07,0.81
15249,Sakura Wars 1 & 2,PSP,2006,Strategy,Sega,0,0,0.02,0,0.02
5275,Remember Me,PS3,2013,Action,Capcom,0.1,0.18,0,0.07,0.35
8516,King's Field,PS,1995,Role-Playing,Sony Computer Entertainment,0.09,0.06,0,0.01,0.16
3089,Brothers In Arms: Road to Hill 30,XB,2005,Shooter,Ubisoft,0.49,0.14,0,0.02,0.66
16227,New Interpretation Stranger of Sword City,PSV,2016,Role-Playing,Experience Inc.,0,0,0.01,0,0.01
12248,Hot Wheels: Burnin' Rubber,GBA,2001,Racing,THQ,0.05,0.02,0,0,0.06
3556,LEGO Rock Band,X360,2009,Misc,Warner Bros. Interactive Entertainment,0.4,0.12,0,0.05,0.57
4870,SD Gundam G Generation Seed,PS2,2004,Strategy,Namco Bandai Games,0,0,0.4,0,0.4
1419,MotorStorm: Pacific Rift,PS3,2008,Racing,Sony Computer Entertainment,0.43,0.67,0.02,0.26,1.37
4117,Harvest Moon 64,N64,1999,Simulation,Pack In Soft,0.25,0.06,0.11,0.06,0.48
5833,Touhoku Daigaku Mirai Kagaku Gijutsu Kyoudou Kenkyuu Center Kawashima Ryuuta Kyouju Kanshu: Nou Ryoku Trainer Portable,PSP,2005,Misc,Sega,0,0,0.3,0,0.3
12209,Karaoke Revolution Party,XB,2005,Misc,Konami Digital Entertainment,0.05,0.01,0,0,0.07
9089,TRINITY: Souls of Zill O'll,PS3,2010,Role-Playing,Ubisoft Annecy,0.06,0.03,0.03,0.02,0.14
4648,Kumamon Bomber: Puzzle de Kumamon Taisou,GC,2005,Puzzle,Sega,0.32,0.08,0,0.01,0.42
13348,Game of Thrones (Telltale),PS4,2015,Adventure,Telltale Games,0.04,0,0,0.01,0.05
9401,Chessmaster,XB,2004,Misc,Ubisoft,0.1,0.03,0,0,0.13
581,ESPN NFL 2K5,PS2,2004,Sports,Sega,2.15,0.12,0,0.36,2.62
8390,VR Golf '97,PS,1996,Sports,Gremlin Interactive Ltd,0.09,0.06,0,0.01,0.17
13216,D.Gray-man: Kami no Shitotachi,DS,2007,Adventure,Konami Digital Entertainment,0,0,0.05,0,0.05
12425,Barbie Horse Adventures: Wild Horse Rescue,XB,2003,Sports,Vivendi Games,0.05,0.01,0,0,0.06
4949,SpongeBob vs The Big One: Beach Party Cook Off,DS,2009,Adventure,THQ,0.24,0.11,0,0.04,0.39
14894,Bode Miller Alpine Skiing,PS2,2006,Sports,Valcon Games,0.01,0.01,0,0,0.03
6789,Spawn the Eternal,PS,1997,Action,Sony Computer Entertainment,0.14,0.09,0,0.02,0.24
12459,Mobile Suit Gundam 00: Gundam Meisters,PS2,2008,Action,Namco Bandai Games,0,0,0.06,0,0.06
3660,NBA 2K8,PS3,2007,Sports,Take-Two Interactive,0.5,0.01,0,0.05,0.55
12996,Dokapon Journey,DS,2008,Role-Playing,Sting,0.05,0,0,0,0.05
7530,Dark Messiah of Might and Magic Elements,X360,2008,Role-Playing,Ubisoft,0.16,0.02,0.01,0.02,0.2
5963,Tom and Jerry Tales,DS,2006,Platform,Warner Bros. Interactive Entertainment,0.21,0.06,0,0.02,0.29
4004,Super Famista 5,SNES,1996,Sports,Namco Bandai Games,0,0,0.5,0,0.5
14727,NBA 2K7,XB,2006,Sports,Take-Two Interactive,0.02,0.01,0,0,0.03
2010,ZhuZhu Pets,DS,2010,Simulation,Activision,0.68,0.27,0,0.09,1.04
9685,Kidou Senshi Gundam Seed Battle Destiny,PSV,2012,Action,Namco Bandai Games,0,0,0.12,0,0.12
5360,WipEout 3,PS,1999,Racing,Psygnosis,0.19,0.13,0,0.02,0.34
1474,WWF War Zone,N64,1998,Fighting,Acclaim Entertainment,1.08,0.24,0,0.02,1.33
7313,Lords of the Fallen,XOne,2014,Role-Playing,Square Enix,0.1,0.1,0,0.02,0.22
9665,Calling,Wii,2009,Adventure,Konami Digital Entertainment,0.07,0.04,0,0.01,0.12
9732,Makai Kingdom: Chronicles of the Sacred Tome,PS2,2005,Role-Playing,Tecmo Koei,0.06,0.05,0,0.02,0.12
5819,Yuu Yuu Hakusho 2: Kakutou no Sho,SNES,1994,Fighting,Namco Bandai Games,0,0,0.31,0,0.31
1813,WWE 2K14,X360,2013,Sports,Take-Two Interactive,0.64,0.39,0,0.1,1.13
15886,Sengoku Hime: Senran ni Mau Otometachi,PS2,2009,Adventure,Yeti,0,0,0.02,0,0.02
6659,The Powerpuff Girls: Chemical X-Traction,PS,2001,Action,BAM! Entertainment,0.14,0.1,0,0.02,0.25
4293,NBA Live 07,X360,2006,Sports,Electronic Arts,0.42,0,0,0.04,0.46
14253,CT Special Forces,GBA,2002,Action,LSP Games,0.02,0.01,0,0,0.03
2955,Skylanders: Trap Team,PS3,2014,Action,Activision,0.24,0.33,0,0.12,0.69
10377,Final Fantasy XII International Zodiac Job System,PS2,2007,Role-Playing,Square Enix,0,0,0.11,0,0.11
12139,God Hand,PS2,2006,Action,Capcom,0,0,0.07,0,0.07
13006,Stranger of Sword City,PSV,2015,Role-Playing,Nippon Ichi Software,0.02,0.02,0,0.01,0.05
15305,Spider-Man 3,PC,2007,Platform,Activision,0.02,0,0,0,0.02
3143,Test Drive Unlimited 2,PS3,N/A,Racing,Atari,0.16,0.35,0.01,0.12,0.64
10782,Skylanders: Spyro's Adventure,PC,2011,Action,Activision,0.05,0.03,0,0.01,0.1
14361,Gal Gun: Double Peace,PSV,2015,Action,PQube,0,0.02,0.01,0,0.03
8111,Batman: Vengeance,GBA,2001,Adventure,Ubisoft,0.13,0.05,0,0,0.18
12291,Super Mahjong 2: Honkaku 4Jin Uchi,SNES,1993,Misc,Imax,0,0,0.06,0,0.06
9682,Lego Star Wars: The Force Awakens,PS3,2016,Action,Warner Bros. Interactive Entertainment,0.03,0.07,0,0.02,0.12
810,Spec Ops: Airborne Commando,PS,2002,Shooter,Take-Two Interactive,1.54,0.46,0,0.08,2.07
11148,RollerCoaster Tycoon 3: Platinum,PC,2005,Strategy,Atari,0.01,0.06,0,0.01,0.09
8743,Blinx 2: Masters of Time & Space,XB,2004,Platform,Microsoft Game Studios,0.12,0.03,0,0.01,0.15
8760,Pressure Cooker,2600,1982,Action,Activision,0.14,0.01,0,0,0.15
7924,Mushroom Men: The Spore Wars,Wii,2008,Action,SouthPeak Games,0.17,0.01,0,0.01,0.19
15060,Cocoto Magic Circus,Wii,2008,Shooter,Neko Entertainment,0.02,0,0,0,0.02
9010,Adventure Time: Explore the Dungeon Because I Don't Know!,3DS,2013,Action,D3Publisher,0.1,0.03,0,0.01,0.14
2340,CSI: Hard Evidence,Wii,2008,Adventure,Ubisoft,0.36,0.43,0,0.1,0.89
3644,Legends of WrestleMania,PS3,2009,Fighting,THQ,0.3,0.17,0,0.07,0.55
9024,Okaeri! Chibi-Robo! Happy Richie Oosouji,DS,2009,Adventure,Nintendo,0,0,0.14,0,0.14
9207,Power Gig: Rise of the SixString,PS3,2010,Misc,Unknown,0.13,0,0,0.01,0.14
2453,Sniper Elite V2,X360,2012,Shooter,505 Games,0.46,0.29,0.02,0.07,0.85
755,Star Wars: Rogue Squadron,N64,1998,Simulation,Nintendo,1.6,0.46,0.08,0.03,2.17
15044,Vitamin Z Revolution,PSP,2010,Adventure,D3Publisher,0,0,0.02,0,0.02
3378,Disney Infinity 2.0: Marvel Super Heroes,PS4,2014,Action,Disney Interactive Studios,0.26,0.24,0,0.1,0.6
13641,Amnesia,PSP,2011,Adventure,Idea Factory,0,0,0.04,0,0.04
6244,True Crime: New York City,XB,2005,Action,Activision,0.21,0.06,0,0.01,0.28
4082,F.E.A.R. 2: Project Origin,PS3,2009,Shooter,Warner Bros. Interactive Entertainment,0.19,0.21,0.01,0.08,0.49
9826,Sega Soccer Slam,PS2,2002,Sports,Sega,0.06,0.05,0,0.02,0.12
1512,High School Musical 3: Senior Year DANCE!,Wii,2008,Misc,Disney Interactive Studios,0.68,0.49,0,0.13,1.31
3445,Tokimeki Memorial: Forever with You,PS,1995,Simulation,Konami Digital Entertainment,0,0,0.55,0.04,0.58
2598,Alien,2600,1981,Action,20th Century Fox Video Games,0.74,0.04,0,0.01,0.79
8517,Hannah Montana: Rock Out the Show,PSP,2009,Misc,Disney Interactive Studios,0.13,0.01,0,0.02,0.16
13081,Bakusou Kyoudai Let's & Go!! Eternal Wings,PS,1998,Racing,Jaleco,0,0,0.05,0,0.05
16439,Worms 2,PC,1997,Strategy,Microprose,0,0.01,0,0,0.01
10803,Who Wants to Be A Millionaire?,X360,2011,Misc,Ubisoft,0.09,0,0,0.01,0.1
15221,Iron Phoenix,XB,2005,Fighting,Sega,0.02,0,0,0,0.02
12166,Future Card Buddy Fight: Yuujou no Bakunetsu Fight,3DS,2015,Action,FuRyu,0,0,0.07,0,0.07
2843,Terraria,X360,2013,Action,505 Games,0.35,0.31,0,0.06,0.72
1282,Wario Land II,GB,1997,Platform,Nintendo,0.7,0.35,0.39,0.04,1.48
3142,Crash: Twinsanity,PS2,2004,Platform,Vivendi Games,0.32,0.25,0,0.08,0.64
3602,Batman Begins,PS2,2005,Action,Electronic Arts,0.27,0.21,0,0.07,0.56
4685,TERA,PC,N/A,Role-Playing,Unknown,0.24,0.12,0,0.05,0.41
7198,Puss in Boots,Wii,2011,Action,THQ,0.19,0.01,0,0.01,0.22
1775,High School Musical 2: Work This Out!,DS,2008,Misc,Disney Interactive Studios,0.5,0.52,0,0.13,1.15
5937,Wanted: Weapons of Fate,PS3,2009,Shooter,Warner Bros. Interactive Entertainment,0.14,0.1,0.01,0.05,0.3
13163,Tokimeki Memorial Girl's Side 2nd Kiss,PS2,2006,Adventure,Konami Digital Entertainment,0,0,0.05,0,0.05
12812,My Horse & Me: Riding for Gold,Wii,2008,Sports,Atari,0.04,0.02,0,0,0.06
9318,Deepak Chopra's Leela,Wii,2011,Misc,THQ,0.11,0.01,0,0.01,0.14
8329,Batman Begins,GBA,2005,Action,Electronic Arts,0.12,0.05,0,0,0.17
14594,Rugby League Live,PS3,2010,Sports,Home Entertainment Suppliers,0,0.02,0,0.01,0.03
583,Medal of Honor,X360,2010,Shooter,Electronic Arts,1.55,0.81,0.04,0.21,2.62
15293,Final Approach 2: 1st Priority,PS2,2008,Adventure,Princess Soft,0,0,0.02,0,0.02
12668,Flip's Twisted World,Wii,N/A,Platform,Unknown,0.05,0,0,0,0.06
3451,The Lord of the Rings: The Third Age,PS2,2004,Role-Playing,Electronic Arts,0.49,0.02,0,0.08,0.58
3892,SoulCalibur: Broken Destiny,PSP,2009,Fighting,Namco Bandai Games,0.12,0.2,0.07,0.12,0.51
5420,NHL 09,PS3,2008,Sports,Electronic Arts,0.29,0.02,0,0.03,0.34
6763,Driver '76,PSP,2007,Racing,Ubisoft,0.03,0.14,0,0.08,0.25
14112,Supreme Ruler: Cold War,PC,2011,Strategy,Paradox Interactive,0,0.03,0,0.01,0.03
9359,Pro Yaky? Spirits 6,PS2,2009,Sports,Konami Digital Entertainment,0,0,0.13,0,0.13
16418,World Heroes Anthology,PS2,2007,Fighting,Ignition Entertainment,0,0,0.01,0,0.01
12039,Ultimate Board Game Collection,PSP,2007,Misc,Xplosiv,0.06,0,0,0.01,0.07
8576,Our House,DS,2009,Strategy,Majesco Entertainment,0.15,0,0,0.01,0.16
15006,Memories Off: Sorekara Again,PS2,2006,Adventure,KID,0,0,0.02,0,0.02
8539,Midway Arcade Treasures 3,PS2,2005,Misc,Midway Games,0.08,0.06,0,0.02,0.16
7034,Ultimate Duck Hunting: Hunting & Retrieving Ducks,Wii,2007,Sports,Detn8 Games,0.21,0,0,0.02,0.23
2790,Tiger Woods PGA Tour 08,PS3,2007,Sports,Electronic Arts,0.22,0.38,0,0.14,0.74
470,Dragon Ball Z: Budokai Tenkaichi 3,PS2,2007,Fighting,Atari,1.15,0,0.76,1.09,3
2216,Prince of Persia: The Sands of Time,XB,2003,Action,Ubisoft,0.57,0.33,0,0.04,0.94
16024,Wand of Fortune Portable,PSP,2010,Adventure,Idea Factory,0,0,0.01,0,0.01
6534,Indiana Jones and the Staff of Kings,PSP,2009,Action,Activision,0.11,0.1,0,0.06,0.26
10253,Michael Jackson: The Experience,PSV,2011,Misc,Ubisoft,0.05,0.04,0,0.02,0.11
2242,Brothers in Arms: Hell's Highway,PS3,2008,Shooter,Ubisoft,0.44,0.34,0,0.15,0.93
2873,Jeremy McGrath Supercross 2000,PS,2000,Racing,Acclaim Entertainment,0.4,0.27,0,0.05,0.71
2625,FIFA Soccer 2004,XB,2003,Sports,Electronic Arts,0.24,0.49,0,0.05,0.79
5363,Classic NES Series: Ice Climber,GBA,2004,Platform,Nintendo,0.1,0.04,0.2,0.01,0.34
1840,Tom Clancy's Splinter Cell: Chaos Theory,XB,2005,Action,Ubisoft,0.68,0.38,0,0.05,1.11
16514,Pony Friends 2,PC,2009,Simulation,Eidos Interactive,0,0.01,0,0,0.01
12934,Utawarerumono: Futari no Hakuoro,PSV,2016,Misc,Aqua Plus,0,0,0.05,0,0.05
573,Medal of Honor Heroes,PSP,2006,Shooter,Electronic Arts,0.86,1.11,0.01,0.66,2.65
12290,Paws & Claws: Marine Rescue,DS,2011,Simulation,THQ,0.06,0,0,0,0.06
15190,Quiz Present Variety Q-Sama!! DS: Pressure Study x Atama Gai Kunaru Drill SP,DS,2011,Misc,Plenty,0,0,0.02,0,0.02
7050,Project CARS,XOne,2015,Racing,Slightly Mad Studios,0.08,0.13,0,0.02,0.23
15212,So Blonde,PC,2008,Adventure,Eidos Interactive,0,0.02,0,0,0.02
6169,Rocket Power: Beach Bandits,GBA,2002,Platform,THQ,0.2,0.07,0,0.01,0.28
16482,Agatha Christie: Peril at End House,PC,2009,Adventure,JoWood Productions,0,0.01,0,0,0.01
10125,Pac-Man and the Ghostly Adventures 2,X360,2014,Adventure,Namco Bandai Games,0.05,0.05,0,0.01,0.11
6687,NBA Showtime: NBA on NBC,N64,1999,Sports,Midway Games,0.23,0.02,0,0,0.25
10424,Gravity Games Bike: Street Vert Dirt,PS2,2002,Sports,Midway Games,0.05,0.04,0,0.01,0.1
5254,Ganbare Goemon 3: Shishi Jyuurokubei no Karakuri Manji Katame,SNES,1994,Platform,Konami Digital Entertainment,0,0,0.36,0,0.36
1173,MySims Kingdom,DS,2008,Simulation,Electronic Arts,0.81,0.6,0.01,0.17,1.58
509,Mortal Kombat,PS3,2011,Fighting,Warner Bros. Interactive Entertainment,1.98,0.55,0,0.32,2.85
13571,Little Battlers eXperience W,PSV,2012,Role-Playing,Level 5,0,0,0.04,0,0.04
1199,Tom Clancy's Rainbow Six 3,XB,2003,Shooter,Ubisoft,0.91,0.57,0,0.07,1.55
16597,Men in Black II: Alien Escape,GC,2003,Shooter,Infogrames,0.01,0,0,0,0.01
4900,NBA Live 09,PS2,2008,Sports,Electronic Arts,0.32,0.01,0.01,0.05,0.39
3234,Wet,PS3,2009,Shooter,Bethesda Softworks,0.22,0.27,0.01,0.11,0.63
6419,Ninja Gaiden Sigma,PSV,2012,Action,Tecmo Koei,0.13,0.06,0.04,0.04,0.27
13359,Tom Clancy's Rainbow Six: Lockdown,GC,2005,Shooter,Ubisoft,0.04,0.01,0,0,0.05
6792,Command & Conquer 3: Kane's Wrath,X360,2008,Strategy,Electronic Arts,0.16,0.06,0,0.02,0.24
3728,Pachi-Slot Aruze Oukoku 2,PS,1999,Misc,Aruze Corp,0,0,0.5,0.04,0.54
805,Mario Party 5,GC,2003,Misc,Nintendo,0.97,0.33,0.73,0.06,2.08
607,Madden NFL 09,X360,2008,Sports,Electronic Arts,2.21,0.12,0,0.2,2.54
8072,Rabbids Party Collection,Wii,2010,Misc,Ubisoft,0,0.16,0,0.02,0.18
7234,ATV Quad Kings,Wii,2009,Racing,Zoo Digital Publishing,0.21,0,0,0.01,0.22
5180,NARC,PS2,2005,Shooter,Midway Games,0.18,0.14,0,0.05,0.36
14691,Cossacks: European Wars,PC,2001,Strategy,Strategy First,0,0.02,0,0,0.03
9578,Gravity Rush Remastered,PS4,2015,Action,Sony Computer Entertainment,0.02,0.05,0.04,0.01,0.13
10068,International Track & Field 2000,PS,1999,Sports,Konami Digital Entertainment,0.06,0.04,0,0.01,0.11
13203,Power Spike Pro Beach Volleyball,PS,2000,Sports,Infogrames,0.03,0.02,0,0,0.05
12377,Rurouni Kenshin: Meiji Kenkaku Romantan Saisen,PSP,2011,Fighting,Namco Bandai Games,0,0,0.06,0,0.06
11092,Prinny: Can I Really Be the Hero?,PSP,2008,Platform,Tecmo Koei,0.02,0.01,0.05,0.01,0.09
498,World Soccer Winning Eleven 7 International,PS2,2003,Sports,Konami Digital Entertainment,0.08,1.24,1.13,0.45,2.9
9868,Backyard Sports Football: Rookie Rush,X360,2010,Sports,Atari,0.11,0,0,0.01,0.12
6921,Danganronpa: Trigger Happy Havoc,PSP,N/A,Misc,Unknown,0,0,0.24,0,0.24
15253,Terminator 3: The Redemption,GC,2004,Shooter,Atari,0.02,0,0,0,0.02
5129,Dragonfire,2600,1981,Action,Imagic,0.35,0.02,0,0,0.37
7296,Kanzen Chuuki Pro Yakyuu Greatest Nine,SAT,1995,Sports,Sega,0,0,0.22,0,0.22
9935,King of Colosseum (Red): Shin Nippon x Zen Nippon x Pancrase Disc,PS2,2002,Fighting,Spike,0,0,0.12,0,0.12
219,Assassin's Creed,PS3,2007,Adventure,Ubisoft,1.91,2,0.09,0.83,4.83
8353,Jikkyou Powerful Pro Yakyuu 2013,PSP,2013,Sports,Konami Digital Entertainment,0,0,0.17,0,0.17
13602,The Invincible Iron Man,GBA,2002,Action,Activision,0.03,0.01,0,0,0.04
3905,Dynasty Warriors,PSP,2004,Action,Tecmo Koei,0.18,0.01,0.3,0.02,0.51
15017,SimCity Societies,PC,2007,Simulation,Electronic Arts,0,0.02,0,0,0.02
5229,Worms: Open Warfare 2,DS,2007,Strategy,THQ,0.07,0.25,0,0.04,0.36
12265,Discworld,PS,1994,Adventure,Psygnosis,0.04,0.02,0,0,0.06
10687,Initial D: Street Stage,PSP,2006,Racing,Sega,0,0,0.1,0,0.1
12096,Resident Evil 5,PC,2009,Action,Capcom,0.01,0.04,0,0.01,0.07
12495,Rurouni Kenshin: Meiji Kenyaku Romantan - Kansen,PSP,2012,Action,Namco Bandai Games,0,0,0.06,0,0.06
1133,NCAA Football 2005,PS2,2004,Sports,Electronic Arts,1.32,0.09,0,0.22,1.62
10258,Tyco RC: Assault with a Battery,PS,1999,Racing,Syscom,0.06,0.04,0,0.01,0.11
11740,Gale Racer,SAT,1994,Racing,Sega,0,0,0.07,0,0.07
2839,Kouchuu Ouja Mushi King,GBA,2005,Action,Sega,0,0,0.7,0.02,0.72
12997,Ultra Bust-A-Move,XB,2004,Puzzle,505 Games,0.04,0.01,0,0,0.05
1956,NFL Quarterback Club 98,N64,1997,Sports,Acclaim Entertainment,1.01,0.05,0,0.01,1.06
8475,Ar Nosurge: Ode to an Unborn Star,PS3,2014,Role-Playing,Tecmo Koei,0.05,0.04,0.06,0.02,0.16
3079,The Sims: Bustin' Out,GC,2003,Simulation,Electronic Arts,0.43,0.2,0,0.03,0.66
10011,Smash Cars,PS2,2003,Racing,Metro 3D,0.06,0.04,0,0.01,0.11
10745,Touch Detective,DS,2006,Adventure,505 Games,0.06,0.03,0,0.01,0.1
9699,Solitaire & Mahjong,Wii,2009,Puzzle,Crave Entertainment,0.11,0,0,0.01,0.12
9234,Ape Escape Academy (jp sales),PSP,2004,Misc,Sony Computer Entertainment,0,0,0.13,0,0.14
2476,Metroid: Zero Mission,GBA,2004,Adventure,Nintendo,0.6,0.22,0,0.01,0.84
4329,Resistance: Burning Skies,PSV,2012,Shooter,Sony Computer Entertainment,0.21,0.16,0.02,0.07,0.45
1831,Worldwide Soccer Manager 2008,PC,2007,Sports,Russel,0,1.12,0,0,1.12
5691,WipEout Pulse,PSP,2007,Racing,Sony Computer Entertainment,0.13,0.12,0,0.06,0.32
10783,Paws & Claws: Pet Vet,Wii,2009,Simulation,THQ,0.09,0,0,0.01,0.1
2184,Kessen,PS2,2000,Strategy,Electronic Arts,0.27,0.21,0.41,0.07,0.95
4382,Silent Hill: Homecoming,X360,N/A,Action,Konami Digital Entertainment,0.25,0.16,0,0.04,0.45
1444,Alan Wake,X360,2010,Action,Microsoft Game Studios,0.66,0.51,0.05,0.13,1.35
2299,MLB 2005,PS2,2004,Sports,Sony Computer Entertainment,0.44,0.35,0,0.12,0.9
11839,Maximum Chase,XB,2002,Racing,Microsoft Game Studios,0.05,0.02,0,0,0.07
5426,Disney Sing It: Pop Hits,PS2,2009,Misc,Disney Interactive Studios,0.1,0.02,0,0.22,0.34
12168,Major League Baseball 2K10,PSP,2010,Sports,Take-Two Interactive,0.06,0,0,0,0.07
5654,Harry Potter and the Half-Blood Prince,X360,2009,Action,Electronic Arts,0.17,0.12,0,0.03,0.32
14048,Swords,Wii,N/A,Fighting,Unknown,0.03,0,0,0,0.04
2048,NBA Jam Tournament Edition,SNES,1995,Sports,Acclaim Entertainment,0.87,0.12,0,0.02,1.01
15289,Ore no Yome: Anata Dake no Hanayome,X360,2010,Adventure,Idea Factory,0,0,0.02,0,0.02
7002,Rock Band Track Pack: Classic Rock,Wii,2009,Misc,MTV Games,0.22,0,0,0.02,0.23
5126,Fushigi no Dungeon: Furai no Shiren 2 - Oni Shuurai! Shiren Shiro!,N64,2000,Role-Playing,ChunSoft,0,0,0.32,0.05,0.37
65,New Super Mario Bros. 2,3DS,2012,Platform,Nintendo,3.66,3.07,2.47,0.63,9.82
7614,NCAA Final Four 2004,PS2,2003,Sports,Sony Computer Entertainment,0.1,0.08,0,0.03,0.2
12598,I Am In The Movie,PSP,2012,Simulation,Namco Bandai Games,0,0,0.06,0,0.06
12479,Sacred 2: Fallen Angel,PC,2008,Role-Playing,Ascaron Entertainment GmbH,0,0.05,0,0.01,0.06
7331,Lunar: Silver Star Story Complete,SAT,1997,Role-Playing,Kadokawa Shoten,0,0,0.21,0,0.21
1010,Yoshi,NES,1991,Puzzle,Nintendo,0.7,0.13,0.91,0.01,1.75
969,Call of Duty: Black Ops 3,PS3,2015,Shooter,Activision,0.49,0.96,0.07,0.27,1.79
11499,Pilot ni Narou! 2,PS2,2001,Simulation,Victor Interactive,0,0,0.08,0,0.08
12778,KimiKiss (ebKore+),PS2,2008,Adventure,Enterbrain,0,0,0.06,0,0.06
9515,Whiplash,PS2,2003,Racing,Eidos Interactive,0.06,0.05,0,0.02,0.13
13764,Logic Machines,DS,2009,Puzzle,City Interactive,0.04,0,0,0,0.04
2300,SOCOM 4: U.S. Navy SEALs,PS3,2011,Shooter,Sony Computer Entertainment,0.66,0.12,0.04,0.08,0.9
1104,NBA Ballers,PS2,2004,Sports,Midway Games,0.81,0.63,0,0.21,1.66
1091,Disney's DuckTales,NES,1989,Platform,Capcom,0.91,0.3,0.42,0.04,1.67
1608,Ridge Racer V,PS2,2000,Action,Namco Bandai Games,0.24,0.19,0.75,0.06,1.24
2711,FIFA Soccer 11,PS2,2010,Sports,Electronic Arts,0.11,0.29,0,0.36,0.76
13627,Duke Nukem Trilogy: Critical Mass,DS,2011,Shooter,Deep Silver,0.04,0,0,0,0.04
13963,Da Capo I & II Plus Situation Portable,PSP,2010,Adventure,Kadokawa Shoten,0,0,0.04,0,0.04
6685,Don King Presents: Prizefighter,X360,2008,Sports,Take-Two Interactive,0.14,0.08,0,0.02,0.25
2812,DiRT 3,X360,2011,Racing,Codemasters,0.23,0.41,0.01,0.08,0.73
13409,Hero Bank 2,3DS,2014,Role-Playing,Sega,0,0,0.05,0,0.05
3103,F-Zero GX,GC,2003,Racing,Nintendo,0.41,0.11,0.12,0.02,0.65
16023,Uppers,PSV,2016,Action,Marvelous Entertainment,0,0,0.01,0,0.01
8141,Chuck E. Cheese's Party Games,DS,2010,Misc,UFO Interactive,0.17,0,0,0.01,0.18
15711,Post Mortem,PC,2003,Adventure,Microids,0,0.01,0,0,0.02
14771,Buffy the Vampire Slayer: Chaos Bleeds,GC,2003,Action,Vivendi Games,0.02,0.01,0,0,0.03
204,Super Smash Bros. for Wii U and 3DS,WiiU,2014,Fighting,Nintendo,2.59,1.06,0.8,0.57,5.02
2266,Dynasty Warriors 7,PS3,2011,Action,Tecmo Koei,0.25,0.14,0.46,0.06,0.92
6723,Netsu Chu! Pro Yakyuu 2002,PS2,2002,Sports,Namco Bandai Games,0,0,0.25,0,0.25
6104,The Golden Compass,PS3,2007,Action,Sega,0.14,0.1,0,0.05,0.29
1939,NCAA Football 99,PS,1998,Sports,Electronic Arts,0.59,0.4,0,0.07,1.06
5624,The Biggest Loser,DS,2009,Sports,THQ,0.18,0.11,0,0.03,0.32
11152,The Smurfs 2,WiiU,2013,Platform,Ubisoft,0.04,0.04,0,0.01,0.09
3332,Naruto: Ultimate Ninja,PS2,2003,Fighting,Atari,0.5,0.02,0,0.08,0.61
2933,Mafia,PS2,2004,Action,Illusion Softworks,0.34,0.27,0,0.09,0.7
8531,Otogirisou,SNES,1992,Adventure,ChunSoft,0,0,0.16,0,0.16
13638,Breath of Fire III,PSP,2005,Role-Playing,Capcom,0,0.03,0,0.01,0.04
4407,Crash: Mind Over Mutant,PSP,2008,Platform,Vivendi Games,0.11,0.22,0,0.12,0.45
6781,LEGO Ninjago: Shadow of Ronin,PSV,2015,Action,Warner Bros. Interactive Entertainment,0.03,0.16,0,0.05,0.24
16456,Winx Club: Saving Alfea,3DS,2014,Action,Namco Bandai Games,0,0.01,0,0,0.01
1359,The Legend of Zelda: The Minish Cap,GBA,2004,Action,Nintendo,0.89,0.22,0.22,0.1,1.42
13522,Hyperdimension Neptunia mk2,PSV,2014,Action,Compile Heart,0,0,0.04,0,0.04
4718,NASCAR Racing,PS,1996,Racing,Pioneer LDC,0.23,0.16,0,0.03,0.41
11295,The Spiderwick Chronicles,DS,2008,Action,Vivendi Games,0.08,0,0,0.01,0.08
16557,Psychic Detective,PS,1995,Adventure,Electronic Arts,0.01,0,0,0,0.01
7570,All Star Pro-Wrestling,PS2,2000,Fighting,SquareSoft,0,0,0.2,0,0.2
8624,Family Party: 30 Great Games Outdoor Fun,Wii,2009,Misc,D3Publisher,0.14,0.01,0,0.01,0.16
13932,Train Simulator 2016,PC,2015,Simulation,Unknown,0,0.04,0,0,0.04
4659,Animal Crossing: Amiibo Festival,WiiU,2015,Misc,Nintendo,0.19,0.11,0.09,0.03,0.42
4609,American Chopper,PS2,2004,Racing,Zoo Digital Publishing,0.35,0.01,0,0.06,0.42
4033,WWE Wrestlemania X8,GC,2002,Fighting,THQ,0.38,0.1,0,0.01,0.49
4979,One Piece: Unlimited World Red,3DS,2013,Action,Namco Bandai Games,0.05,0.04,0.28,0.01,0.38
12460,Call of Cthulhu: Dark Corners of the Earth,XB,2005,Adventure,Take-Two Interactive,0.05,0.01,0,0,0.06
11781,Kenka Banchou 6: Soul & Blood,3DS,2015,Fighting,Screenlife,0,0,0.07,0,0.07
13347,Bubble Bobble Revolution,DS,2005,Puzzle,Atari,0.04,0,0,0,0.05
1789,Dance Dance Revolution Extreme 2,PS2,2005,Simulation,Konami Digital Entertainment,0.95,0.04,0,0.16,1.14
13452,SpongeBob SquarePants: Plankton's Robotic Revenge,WiiU,2013,Shooter,Activision,0,0.04,0,0,0.05
5551,DX Game of Life 2,PS,1997,Misc,Takara,0,0,0.31,0.02,0.33
8563,World Series of Poker: Tournament of Champions 2007 Edition,X360,2006,Misc,Activision,0.15,0,0,0.01,0.16
1435,LEGO Harry Potter: Years 5-7,Wii,N/A,Action,Warner Bros. Interactive Entertainment,0.76,0.47,0,0.13,1.36
1665,Test Drive 4,PS,1997,Racing,Electronic Arts,0.67,0.46,0,0.08,1.21
7263,NFL Quarterback Club 2002,PS2,2001,Sports,Acclaim Entertainment,0.11,0.08,0,0.03,0.22
15022,Cross Channel: In Memory of All People,X360,2011,Adventure,CyberFront,0,0,0.02,0,0.02
2213,MLB 2000,PS,1999,Sports,Sony Computer Entertainment,0.52,0.35,0,0.06,0.94
8101,Re-Volt,N64,1999,Racing,Acclaim Entertainment,0.14,0.04,0,0,0.18
10848,Medieval II: Total War,PC,2006,Strategy,Sega,0,0.08,0,0.02,0.09
5390,The Urbz: Sims in the City,XB,2004,Simulation,Electronic Arts,0.22,0.11,0,0.01,0.34
7688,Sleeping Dogs,XOne,2014,Action,Square Enix,0.1,0.09,0,0.02,0.2
3954,Wet,X360,N/A,Shooter,Bethesda Softworks,0.23,0.21,0.01,0.05,0.5
9812,Petz Fantasy: Moonlight Magic,DS,2010,Simulation,Ubisoft,0.11,0,0,0.01,0.12
13350,Ys: The Ark of Napishtim,PSP,2006,Role-Playing,Konami Digital Entertainment,0.04,0,0,0,0.05
11679,Quo Vadis,SAT,1995,Strategy,Glams,0,0,0.08,0,0.08
7082,Super Swing Golf,Wii,2006,Sports,Nintendo,0.14,0.01,0.07,0.01,0.23
1061,Saints Row 2,PS3,2008,Action,THQ,0.88,0.54,0.02,0.25,1.69
12987,Legend of Kay,PS2,2005,Action,JoWood Productions,0.03,0.02,0,0.01,0.05
5780,Shin Megami Tensei: Devil Summoner - Soul Hackers,SAT,1997,Role-Playing,Atlus,0,0,0.31,0,0.31
8981,Tiger Woods PGA Tour,DS,2004,Sports,Electronic Arts,0.13,0,0,0.01,0.15
5454,The X-Factor,Wii,2010,Misc,Deep Silver,0,0.29,0,0.04,0.33
14929,Ghost Pirates of Vooju Island,PC,2009,Adventure,DTP Entertainment,0,0.02,0,0,0.02
13227,Need for Speed Underground,PC,2003,Racing,Electronic Arts,0,0.04,0,0.01,0.05
9340,Bio FREAKS,PS,1998,Action,GT Interactive,0.07,0.05,0,0.01,0.13
2052,Monster Rancher,PS,1997,Simulation,Tecmo Koei,0.12,0.08,0.74,0.07,1.01
285,The Legend of Zelda: Skyward Sword,Wii,2011,Action,Nintendo,2.14,1.2,0.37,0.4,4.1
7070,World Series of Poker 2008: Battle for the Bracelets,PS2,2007,Misc,Activision,0.11,0.09,0,0.03,0.23
11566,Madden NFL 17,X360,2016,Sports,Electronic Arts,0.06,0.01,0,0.01,0.08
4524,Wonder Project J: Kikai no Shonen Pino,SNES,1994,Simulation,Enix Corporation,0,0,0.43,0,0.43
7663,Pro Yaky? Spirits 2013,PSP,2013,Sports,Konami Digital Entertainment,0,0,0.2,0,0.2
3685,American Idol,PS2,2003,Misc,Codemasters,0.27,0.21,0,0.07,0.55
12793,Coraline,Wii,2009,Action,D3Publisher,0.05,0,0,0,0.06
12806,V-Rally 3,PS2,2002,Racing,Atari,0.03,0.02,0,0.01,0.06
13795,Surf's Up,PS3,2007,Sports,Ubisoft,0.03,0,0,0,0.04
4133,Midnight Club: Street Racing,GBA,2001,Racing,Rebellion,0.34,0.13,0,0.01,0.48
14489,Pop'n Music 14 Fever!,PS2,2007,Misc,Konami Digital Entertainment,0,0,0.03,0,0.03
15888,MuvLuv Double Pack,PSV,2016,Adventure,5pb,0,0,0.02,0,0.02
10201,Mobile Light Force 2,PS2,2002,Shooter,Taito,0.05,0.04,0,0.01,0.11
11314,Zoids: Legacy,GBA,2003,Role-Playing,Tomy Corporation,0.06,0.02,0,0,0.08
412,True Crime: Streets of LA,PS2,2003,Action,Activision,1.89,1.05,0.02,0.31,3.27
6197,"The Chronicles of Narnia: The Lion, The Witch and The Wardrobe",GC,N/A,Action,Disney Interactive Studios,0.22,0.06,0,0.01,0.28
7068,Pro Yakyuu Team o Tsukurou! 2,PS2,2003,Sports,Sega,0,0,0.23,0,0.23
6362,Rock Revolution,X360,2008,Misc,Konami Digital Entertainment,0.25,0,0,0.02,0.27
11428,Tornado Outbreak,X360,2009,Action,Konami Digital Entertainment,0.07,0,0,0.01,0.08
6281,Final Fantasy X International,PS2,2004,Role-Playing,Square Enix,0,0,0.27,0,0.27
2109,Xenoblade Chronicles,Wii,2010,Role-Playing,Nintendo,0.49,0.26,0.16,0.08,0.98
5849,Chaos Legion,PS2,2003,Action,Capcom,0.15,0.12,0,0.04,0.3
11283,Theme Park,SAT,1994,Simulation,Electronic Arts,0,0,0.08,0,0.08
5079,The House of the Dead: Overkill - Extended Cut,PS3,2011,Shooter,Sega,0.15,0.17,0,0.06,0.38
3043,The Fairly Odd Parents: Breakin Da Rules,PS2,2003,Platform,THQ,0.33,0.25,0,0.09,0.67
14519,Doom 3 BFG Edition,PC,2012,Shooter,Bethesda Softworks,0,0.02,0,0.01,0.03
10269,Mushroom Men: Rise of the Fungi,DS,2008,Action,SouthPeak Games,0.1,0,0,0.01,0.11
8732,Deadly Premonition,PS3,2010,Action,Rising Star Games,0.08,0.05,0,0.02,0.15
16563,Hanasaku Manimani,PSV,2014,Adventure,5pb,0,0,0.01,0,0.01
8656,Rio,PS3,2011,Misc,THQ,0.04,0.09,0,0.03,0.16
2686,Unlimited Saga,PS2,2002,Role-Playing,Atari,0.1,0.08,0.56,0.03,0.77
1729,Ratchet & Clank (2016),PS4,2016,Platform,Sony Computer Entertainment,0.32,0.64,0.04,0.18,1.17
15465,Crysis: Warhead,PC,2008,Shooter,Electronic Arts,0,0.02,0,0,0.02
7172,Breath of Fire,GBA,2001,Role-Playing,Ubisoft,0.11,0.04,0.06,0,0.22
8491,Guilty Gear Judgment,PSP,2006,Fighting,Majesco Entertainment,0.13,0,0.02,0.01,0.16
4588,Tony Hawk's American Wasteland,GC,2005,Sports,Activision,0.33,0.08,0,0.01,0.42
7798,Conception II: Children of the Seven Stars,PSV,2013,Role-Playing,Screenlife,0.13,0,0.04,0.02,0.19
13884,Memories Off 6: T-Wave,PS2,2008,Adventure,5pb,0,0,0.04,0,0.04
7736,Nostalgia,DS,2008,Role-Playing,Tecmo Koei,0.16,0,0.02,0.01,0.19
844,Madden NFL 15,X360,2014,Sports,Electronic Arts,1.76,0.09,0,0.17,2.02
1479,UFC Undisputed 2010,X360,2010,Fighting,THQ,0.9,0.31,0,0.11,1.33
1601,Transformers: Autobots / Decepticons,DS,2007,Action,Activision,1.12,0.03,0,0.09,1.24
1695,Scarface: The World is Yours,PS2,2006,Action,Vivendi Games,0.99,0.04,0,0.16,1.19
7900,Transworld Surf,PS2,2002,Sports,Atari,0.09,0.07,0,0.02,0.19
13914,Darklight Conflict,PS,1997,Simulation,Electronic Arts,0.02,0.01,0,0,0.04
7755,"Ni Hao, Kai-lan: Super Game Day",Wii,2009,Misc,Take-Two Interactive,0.18,0,0,0.01,0.19
16461,Katekyoo Hitman Reborn! Kindan no Yami no Delta,Wii,2008,Action,Marvelous Interactive,0,0,0.01,0,0.01
11501,Ken to Mahou to Gakuen Mono. Final: Shinnyusei wa Ohimesama,PSP,2011,Strategy,Acquire,0,0,0.08,0,0.08
5896,Rayman 2: Revolution,PS2,2000,Platform,Ubisoft,0.15,0.11,0,0.04,0.3
7267,Dead Island,PC,2011,Action,Deep Silver,0.12,0.07,0,0.03,0.22
11290,Battlefield 2,PC,2005,Shooter,Electronic Arts,0,0.07,0,0.02,0.08
8644,Racing Lagoon,PS,1999,Racing,Square,0,0,0.15,0.01,0.16
7654,DanceDanceRevolution,PS3,2010,Simulation,Konami Digital Entertainment,0.12,0.05,0,0.02,0.2
5201,Assassin's Creed III,WiiU,2012,Action,Ubisoft,0.19,0.13,0,0.03,0.36
3652,Batman: Vengeance,PS2,2001,Adventure,Ubisoft,0.27,0.21,0,0.07,0.55
5028,Metal Gear Solid: Snake Eater 3D,3DS,2012,Action,Konami Digital Entertainment,0.15,0.11,0.1,0.02,0.38
7615,"The Chronicles of Narnia: The Lion, The Witch and The Wardrobe",XB,2005,Action,Disney Interactive Studios,0.15,0.04,0,0.01,0.2
12245,Cardfight!! Vanguard: Lock On Victory!!,3DS,2014,Misc,FuRyu,0,0,0.07,0,0.07
7546,Tekken 3D: Prime Edition,3DS,2012,Fighting,Nintendo,0.06,0.08,0.05,0.01,0.2
7059,NBA Live 15,PS4,2014,Sports,Electronic Arts,0.15,0.04,0,0.04,0.23
15235,Command & Conquer 3: Deluxe Edition,PC,2008,Strategy,Electronic Arts,0,0.02,0,0,0.02
6348,Command & Conquer,N64,1999,Strategy,Nintendo,0.22,0.05,0,0,0.27
12834,Speed Kings,XB,2003,Racing,Acclaim Entertainment,0.04,0.01,0,0,0.05
3120,Kung-Fu Master,2600,1987,Action,Activision,0.6,0.04,0,0.01,0.65
7480,Dawn of Discovery,Wii,2009,Simulation,Ubisoft,0.13,0.06,0,0.02,0.21
15776,Shinseiki GPX Cyber Formula: Road To The INFINITY 4,PS2,2007,Racing,Sunrise Interactive,0,0,0.02,0,0.02
1724,Ty the Tasmanian Tiger,PS2,2002,Platform,Electronic Arts,0.57,0.45,0,0.15,1.17
15858,Drakensang: The Dark Eye,PC,2009,Role-Playing,Eidos Interactive,0.01,0,0,0,0.02
8,Wii Play,Wii,2006,Misc,Nintendo,14.03,9.2,2.93,2.85,29.02
14046,Barbie and Her Sisters Puppy Rescue,3DS,2015,Action,Namco Bandai Games,0,0.03,0,0,0.04
2191,WWE SmackDown vs. Raw 2009,PS3,2008,Fighting,THQ,0.51,0.31,0.01,0.13,0.95
4539,EyeToy: AntiGrav,PS2,2004,Sports,Sony Computer Entertainment,0.36,0.01,0,0.06,0.43
10150,The Fairly Odd Parents: Breakin Da Rules,XB,2003,Platform,THQ,0.08,0.02,0,0,0.11
14155,Suzumiya Haruhi no Tsuisou,PS3,2011,Adventure,Namco Bandai Games,0,0,0.03,0,0.03
846,TouchMaster,DS,2007,Puzzle,Midway Games,0.49,1.27,0,0.25,2.01
12423,Crayon Shin-chan: Arashi o Yobu Kasukabe Eiga Stars!,3DS,2014,Adventure,Namco Bandai Games,0,0,0.06,0,0.06
253,Need for Speed: Most Wanted,PS2,2005,Racing,Electronic Arts,2.03,1.79,0.08,0.47,4.37
342,Banjo-Kazooie,N64,1998,Platform,Nintendo,1.87,1.13,0.55,0.1,3.65
16160,King of Fighters 2002: Unlimited Match Tougeki Ver.,PS2,2010,Fighting,SNK Playmore,0,0,0.01,0,0.01
2881,Spyro: Enter the Dragonfly,GC,2002,Platform,Universal Interactive,0.55,0.14,0,0.02,0.71
1468,Ratchet & Clank: Up Your Arsenal (Weekly american sales),PS2,2004,Platform,Sony Computer Entertainment,1.27,0.05,0,0.02,1.33
14129,Tokyo Majin Gakuen: Kenfuuchou,DS,2008,Adventure,Marvelous Interactive,0,0,0.03,0,0.03
5507,GT Advance Championship Racing,GBA,2001,Racing,THQ,0.24,0.09,0,0.01,0.33
5355,LEGO Pirates of the Caribbean: The Video Game,PSP,2011,Action,Disney Interactive Studios,0.11,0.15,0,0.08,0.34
7073,Genji: Dawn of the Samurai,PS2,2005,Action,Sony Computer Entertainment,0.11,0.09,0,0.03,0.23
331,Harry Potter and the Sorcerer's Stone,PS,2001,Action,Electronic Arts,1.37,2,0.14,0.22,3.73
12426,Winx Club: Quest for the Codex,DS,2006,Action,Konami Digital Entertainment,0.03,0.02,0,0.01,0.06
12489,Chou Soujuu Mecha MG,DS,N/A,Simulation,N/A,0,0,0.06,0,0.06
9428,Frogger Beyond,GC,2002,Platform,Konami Digital Entertainment,0.1,0.03,0,0,0.13
5256,Mega Man Zero Collection,DS,2010,Platform,Capcom,0.21,0.02,0.11,0.02,0.36
13326,National Geographic Challenge!,PS3,2011,Misc,Black Bean Games,0.01,0.03,0,0.01,0.05
10964,Wild ARMs: Alter Code F,PS2,2003,Role-Playing,Sony Computer Entertainment,0.05,0.04,0,0.01,0.09
12361,Game Center CX: 3-Choume no Arino,3DS,2014,Action,Namco Bandai Games,0,0,0.06,0,0.06
1377,Knockout Kings 2000,PS,1999,Fighting,Electronic Arts,1.02,0.34,0,0.05,1.41
2447,Ratatouille,PS2,2007,Action,THQ,0.31,0,0,0.53,0.85
833,Rayman Raving Rabbids: TV Party,Wii,2008,Misc,Ubisoft,0.73,1.09,0,0.23,2.04
4080,Harry Potter and the Order of the Phoenix,Wii,2007,Action,Electronic Arts,0.38,0.06,0,0.04,0.49
5031,NBA 2K7,PS3,2006,Sports,Take-Two Interactive,0.3,0.04,0,0.04,0.38
10754,Resident Evil: Revelations 2,XOne,2015,Action,Capcom,0.07,0.02,0,0.01,0.1
11523,Doraemon: Nobita and the Island of Miracles,3DS,2012,Action,FuRyu,0,0,0.08,0,0.08
2135,Fire Emblem,GBA,2003,Strategy,Nintendo,0.49,0.18,0.29,0.01,0.97
11777,Santa Claus Is Comin' to Town!,DS,2011,Puzzle,Crave Entertainment,0.07,0,0,0.01,0.07
1924,Bully: Scholarship Edition,X360,2008,Action,Take-Two Interactive,0.53,0.4,0.03,0.11,1.07
5373,Tim Burton's The Nightmare Before Christmas: Oogie's Revenge,PS2,2004,Adventure,Disney Interactive Studios,0.17,0.13,0,0.04,0.34
358,Star Wars: Battlefront II,PS2,2005,Shooter,LucasArts,2.18,1.02,0.03,0.37,3.59
739,Pro Yakyuu Family Stadium,NES,1986,Sports,Namco Bandai Games,0.15,0,2.05,0,2.2
8776,Samurai Warriors: Katana,Wii,2007,Action,Tecmo Koei,0.11,0,0.04,0.01,0.15
14508,DJ Max Portable 3,PSP,2010,Misc,CyberFront,0.01,0,0.02,0,0.03
1731,Romancing SaGa 2,SNES,1993,Role-Playing,SquareSoft,0,0,1.17,0,1.17
9437,Disney's Winnie the Pooh's Rumbly Tumbly Adventure,GBA,2005,Platform,Ubisoft,0.09,0.03,0,0,0.13
284,FIFA Soccer 07,PS2,2006,Sports,Electronic Arts,0.71,2.48,0.03,0.89,4.11
6508,Jikkyou Powerful Pro Yakyuu 2011,PS3,2011,Sports,Konami Digital Entertainment,0,0,0.26,0,0.26
4411,Yu-Gi-Oh! Capsule Monster Coliseum,PS2,2004,Misc,Konami Digital Entertainment,0.22,0.17,0,0.06,0.44
1855,LEGO The Lord of the Rings,PS3,2012,Action,Warner Bros. Interactive Entertainment,0.36,0.53,0,0.21,1.1
5226,ATV/Monster Truck Mayhem,DS,2007,Racing,"Destination Software, Inc",0.33,0,0,0.02,0.36
15185,Quake 4,PC,2005,Shooter,Activision,0,0.02,0,0,0.02
168,Crash Bandicoot: The Wrath of Cortex,PS2,2001,Platform,Universal Interactive,2.07,2.29,0.24,0.82,5.42
3550,Bratz 4 Real,DS,2007,Adventure,THQ,0.29,0.22,0,0.06,0.57
10067,Cold Winter,PS2,2005,Shooter,Vivendi Games,0.06,0.04,0,0.01,0.11
15529,Prism Ark: Awake,PS2,2008,Adventure,5pb,0,0,0.02,0,0.02
1627,Bayonetta,PS3,2009,Action,Sega,0.44,0.41,0.21,0.17,1.23
11979,Emergency 2012,PC,2010,Simulation,Deep Silver,0.01,0.04,0,0.01,0.07
15177,Mount & Blade,PC,2008,Role-Playing,Paradox Interactive,0,0.02,0,0,0.02
5113,Prince of Persia: The Forgotten Sands,PSP,2010,Action,Ubisoft,0.09,0.18,0.01,0.1,0.37
15281,Jinsei Game Wii,Wii,2007,Misc,Takara Tomy,0,0,0.02,0,0.02
16192,Sonic & All-Stars Racing Transformed,PC,2013,Racing,Sega,0,0.01,0,0,0.01
16364,Act of Aggression,PC,2015,Strategy,Focus Home Interactive,0,0.01,0,0,0.01
12994,IndyCar Series,XB,2003,Racing,Codemasters,0.04,0.01,0,0,0.05
7458,I Spy: Castle,DS,2011,Puzzle,Scholastic Inc.,0.19,0,0,0.01,0.21
7577,NHL 17,PS4,2016,Sports,Electronic Arts,0.13,0.04,0,0.04,0.2
11034,Fullmetal Alchemist: Dual Sympathy,DS,2005,Role-Playing,Empire Interactive,0.05,0,0.04,0,0.09
3818,Just Dance 2015,XOne,2014,Misc,Ubisoft,0.35,0.13,0,0.05,0.53
4496,Tetris Axis,3DS,2011,Puzzle,Tetris Online,0.2,0.13,0.06,0.03,0.43
6957,LEGO Marvel's Avengers,WiiU,2016,Action,Warner Bros. Interactive Entertainment,0.12,0.09,0,0.02,0.23
1048,Kanshuu Nippon Joushikiryoku Kentei Kyoukai: Imasara Hito ni wa Kikenai Otona no Joushikiryoku Training DS,DS,2006,Misc,Nintendo,0,0,1.71,0,1.71
12765,Toaru Kagaku no Chou Denjihou,PSP,2011,Adventure,Kadokawa Shoten,0,0,0.06,0,0.06
14181,Special Forces: Nemesis Strike,XB,2005,Shooter,Hip Interactive,0.03,0.01,0,0,0.03
5784,Demolition Racer,PS,1998,Racing,Infogrames,0.17,0.12,0,0.02,0.31
13950,Big Mutha Truckers,GBA,2005,Racing,Zoo Digital Publishing,0.03,0.01,0,0,0.04
4176,Densetsu no Stafi,GBA,2002,Platform,Nintendo,0,0,0.46,0.01,0.47
421,007: Tomorrow Never Dies,PS,1999,Shooter,Electronic Arts,1.72,1.33,0,0.16,3.21
9157,Bio FREAKS,N64,1998,Action,GT Interactive,0.11,0.03,0,0,0.14
8075,FIFA Soccer 07,GC,2006,Sports,Electronic Arts,0.14,0.04,0,0,0.18
10525,Colin McRae Rally 04,XB,2004,Racing,Codemasters,0.08,0.02,0,0,0.1
2493,The Game of Life,PS,1998,Misc,Unknown,0.46,0.31,0,0.05,0.83
3967,Disney Sing It,PS2,2008,Misc,Disney Interactive Studios,0.25,0.19,0,0.06,0.5
6572,Star Trek: The Game,PS3,2013,Action,Namco Bandai Games,0.1,0.11,0,0.05,0.26
2031,ZombiU,WiiU,2012,Action,Ubisoft,0.53,0.36,0.05,0.08,1.02
4367,Pokemon Puzzle League,N64,2000,Puzzle,Nintendo,0.36,0.08,0,0.01,0.45
3366,Disney Sing It! High School Musical 3: Senior Year,Wii,2008,Misc,Disney Interactive Studios,0.32,0.23,0,0.04,0.6
13646,Metal Slug 4 & 5,XB,2005,Shooter,SNK Playmore,0.03,0.01,0,0,0.04
14392,Otometeki Koi Kakumei * Love Revo,PS2,2006,Adventure,Interchannel,0,0,0.03,0,0.03
9463,Illusion of Gaia,SNES,1993,Role-Playing,Nintendo,0,0,0.13,0,0.13
6671,Final Fantasy II,WS,2001,Role-Playing,SquareSoft,0,0,0.25,0,0.25
14677,Shin Koihime Musou: Otome Ryouran * Sangokushi Engi - Wu-Hen,PSP,2010,Adventure,Yeti,0,0,0.03,0,0.03
11661,"Ni Hao, Kai-lan: Super Game Day",PS2,2009,Misc,Take-Two Interactive,0.04,0.03,0,0.01,0.08
3711,Ninokuni: Shikkoku no Madoushi,DS,2010,Role-Playing,Level 5,0,0,0.54,0,0.54
15513,Uru: Ages Beyond Myst,PC,2003,Adventure,Ubisoft,0,0.02,0,0,0.02
5752,Mega Man Maverick Hunter X,PSP,2005,Platform,Capcom,0.27,0.01,0,0.03,0.31
9956,Planet 51,PS3,2009,Action,Sega,0.07,0.03,0,0.02,0.12
15917,Moe Moe 2-ji Taisen (Ryoku) * Deluxe,PSP,2008,Adventure,System Soft,0,0,0.02,0,0.02
8148,Toukiden: The Age of Demons,PSP,2013,Action,Tecmo Koei,0,0,0.18,0,0.18
14197,Backyard NFL Football 2006,GBA,2005,Sports,Atari,0.02,0.01,0,0,0.03
2979,NBA Street Vol. 2,XB,2003,Sports,Electronic Arts,0.62,0.04,0,0.02,0.68
13349,Time Crisis: Project Titan,PS,2001,Shooter,Namco Bandai Games,0.03,0.02,0,0,0.05
14038,Caesar III,PC,1998,Strategy,Vivendi Games,0,0.03,0,0.01,0.04
7988,Call of Juarez,X360,2007,Shooter,Ubisoft,0.14,0.02,0,0.01,0.19
6864,The Godfather (US & Others sales),X360,2006,Action,Electronic Arts,0.2,0.02,0,0.02,0.24
386,Tekken 4,PS2,2002,Fighting,Namco Bandai Games,1.55,1.27,0.33,0.29,3.44
11578,Motto! Stitch! DS Rhythm de Rakugaki Daisakusen,DS,2010,Misc,Disney Interactive Studios,0,0,0.08,0,0.08
14649,Botanicula,PC,2012,Adventure,Daedalic Entertainment,0,0.02,0,0,0.03
9467,Disney Princess: Enchanting Storybooks,DS,2011,Misc,THQ,0.08,0.04,0,0.01,0.13
10229,BlazBlue: Calamity Trigger Portable,PSP,2010,Fighting,PQube,0.07,0.01,0.03,0.01,0.11
14290,Nobunaga no Yabou: Kakushin with Power-Up Kit,PS2,2008,Strategy,Tecmo Koei,0,0,0.03,0,0.03
8017,Reel Fishing II,PS,2000,Sports,Victor Interactive,0.1,0.07,0,0.01,0.18
6313,NickToons: Racing,GBA,2002,Racing,Infogrames,0.19,0.07,0,0,0.27
1351,Tiger Woods PGA Tour 09 All-Play,Wii,2008,Sports,Electronic Arts,0.81,0.48,0,0.14,1.43
12366,Challenge Me: Brain Puzzles,DS,2009,Puzzle,Oxygen Interactive,0.06,0,0,0,0.06
4627,Army Men: Sarge's Heroes 2,N64,2000,Shooter,3DO,0.34,0.07,0,0,0.42
101,The Legend of Zelda: Twilight Princess,Wii,2006,Action,Nintendo,3.83,2.19,0.6,0.7,7.31
15488,"Warhammer 40,000: Dawn of War: Soulstorm",PC,2008,Strategy,THQ,0,0.02,0,0,0.02
8137,Silent Hill 4: The Room,XB,2004,Action,Konami Digital Entertainment,0.14,0.04,0,0.01,0.18
16338,Whac-A-Mole,GBA,2005,Puzzle,Zoo Digital Publishing,0.01,0,0,0,0.01
1025,Uncharted: Golden Abyss,PSV,2011,Shooter,Sony Computer Entertainment,0.59,0.75,0.13,0.27,1.74
11495,Kenshuui Tendo Dokuta,DS,2004,Simulation,Spike,0,0,0.08,0,0.08
14283,Mame Goma: Honobo no Nikki,DS,2007,Simulation,TDK Core,0,0,0.03,0,0.03
14609,Detective Opera: Milky Holmes 2,PSP,2012,Adventure,BushiRoad,0,0,0.03,0,0.03
1921,Call of Duty 3,PS2,2006,Shooter,Activision,0.89,0.03,0,0.15,1.07
8149,Fireblade,PS2,2002,Action,Midway Games,0.09,0.07,0,0.02,0.18
9802,Harvest Moon 2 GBC,GB,1999,Simulation,Ubisoft,0,0,0.12,0,0.12
9020,Kung Fu Panda 2,Wii,2011,Action,THQ,0.08,0.05,0,0.01,0.14
3867,Kenkou Ouen Recipe 1000: DS Kondate Zenshuu,DS,2006,Misc,Nintendo,0,0,0.52,0,0.52
10731,Championship Pony,DS,2008,Simulation,"Destination Software, Inc",0.09,0,0,0.01,0.1
3317,Petz: Dogz Pack,DS,2008,Simulation,Ubisoft,0.56,0,0,0.05,0.61
989,Metroid II: Return of Samus,GB,1991,Adventure,Nintendo,0.85,0.31,0.56,0.04,1.76
4960,Ice Age 2: The Meltdown,PS2,2006,Platform,Vivendi Games,0.19,0.15,0,0.05,0.39
6207,UEFA Euro 2016,PS4,2016,Sports,Konami Digital Entertainment,0,0.21,0.03,0.03,0.28
11487,"Warhammer 40,000: Dawn of War II - Retribution",PC,2011,Strategy,THQ,0,0.06,0,0.02,0.08
572,Skylanders Giants,Wii,2012,Action,Activision,1.56,0.88,0,0.22,2.65
850,DriveClub,PS4,2014,Racing,Sony Computer Entertainment,0.35,1.31,0.02,0.33,2
9883,Psychonauts,XB,2005,Platform,THQ,0.09,0.03,0,0,0.12
7284,Yoshi Touch & Go (JP sales),DS,2005,Platform,Nintendo,0,0,0.22,0,0.22
1462,Donkey Kong Jungle Beat,GC,2004,Platform,Nintendo,0.84,0.22,0.24,0.04,1.34
12836,Rebelstar: Tactical Command,GBA,2005,Strategy,Atari,0.04,0.01,0,0,0.05
2265,Lego Batman 3: Beyond Gotham,PS4,2014,Action,Warner Bros. Interactive Entertainment,0.37,0.39,0,0.15,0.92
11254,Kuroko's Basketball: Ties to Future,3DS,2015,Action,Namco Bandai Games,0,0,0.08,0,0.08
7468,Tiger Woods PGA Tour,PSP,2005,Sports,Electronic Arts,0.19,0,0,0.02,0.21
9835,Mytran Wars,PSP,2009,Strategy,Deep Silver,0.08,0.02,0,0.02,0.12
15559,Style Book: Junior City,DS,2006,Misc,Namco Bandai Games,0,0,0.02,0,0.02
11639,Daniel X: The Ultimate Power,DS,2010,Action,THQ,0.07,0,0,0.01,0.08
11743,Beat City,DS,2010,Misc,THQ,0.07,0,0,0.01,0.07
8902,Cardinal Syn,PS,1998,Fighting,Sony Computer Entertainment,0.08,0.06,0,0.01,0.15
16340,Shinseiki Evangelion: Koutetsu no Girlfriend Tokubetsu-Hen Portable,PSP,2009,Adventure,CyberFront,0,0,0.01,0,0.01
13305,Color Cross,DS,2008,Misc,Rising Star Games,0.04,0,0,0,0.05
16477,Total War Attila: Tyrants & Kings,PC,2016,Strategy,Koch Media,0,0.01,0,0,0.01
7763,Aliens vs Predator,PC,2010,Shooter,Sega,0,0.17,0,0.02,0.19
9199,The Walking Dead: Season Two,XOne,2014,Adventure,Telltale Games,0.08,0.05,0,0.01,0.14
13698,Banushi Life Game: Winner's Circle,DS,2007,Sports,Genki,0,0,0.04,0,0.04
8014,Buffy the Vampire Slayer: Chaos Bleeds,PS2,2003,Action,Vivendi Games,0.09,0.07,0,0.02,0.18
14078,A Game of Thrones: Genesis,PC,2011,Strategy,Focus Home Interactive,0,0.03,0,0.01,0.04
15416,Gakuen K: Wonderful School Days,PSP,2014,Adventure,Idea Factory,0,0,0.02,0,0.02
6660,NHL 08,X360,2007,Action,Electronic Arts,0.22,0.01,0,0.02,0.25
14749,Tiger & Bunny: On-Air Jack!,PSP,2012,Action,Namco Bandai Games,0,0,0.03,0,0.03
13160,Durarara!! 3-way Standoff,PSP,2010,Adventure,ASCII Media Works,0,0,0.05,0,0.05
11492,High Heat Major League Baseball 2004,XB,2003,Sports,3DO,0.06,0.02,0,0,0.08
2653,Torneko no Daibouken: Fushigi no Dungeon,SNES,1993,Role-Playing,ChunSoft,0,0,0.78,0,0.78
8464,Hyperdimension Neptunia Victory,PS3,2012,Role-Playing,Compile Heart,0.05,0.03,0.06,0.02,0.16
72,Donkey Kong Country,SNES,1994,Platform,Nintendo,4.36,1.71,3,0.23,9.3
3860,Freedom Fighters,PS2,2003,Shooter,Electronic Arts,0.25,0.2,0,0.07,0.52
3886,Prince of Persia Trilogy,PS3,2010,Action,Ubisoft,0.17,0.25,0,0.09,0.51
1237,NASCAR 99,PS,1998,Racing,Electronic Arts,1.45,0.04,0,0.04,1.52
3941,Silent Hill 4: The Room,PS2,2004,Action,Konami Digital Entertainment,0.25,0.19,0,0.06,0.51
12279,Miami Vice: The Game,PSP,2006,Shooter,Activision,0.06,0,0,0,0.06
14989,O.M.G. 26 - Our Mini Games,DS,2007,Puzzle,505 Games,0.02,0,0,0,0.02
9063,Cave Story 3D,3DS,2011,Platform,Nippon Ichi Software,0.09,0.03,0.01,0.01,0.14
259,Asteroids,2600,1980,Shooter,Atari,4,0.26,0,0.05,4.31
11344,Naruto Shippuden: Shinobi Rumble,DS,2010,Fighting,Takara Tomy,0.03,0,0.05,0,0.08
9496,DreamWorks Super Star Kartz,DS,2011,Racing,Activision,0.09,0.03,0,0.01,0.13
5076,Shin Megami Tensei: Devil Survivor Overclocked,3DS,2011,Role-Playing,Ghostlight,0.28,0.01,0.06,0.02,0.38
15224,Tennis no Oji-Sama: Driving Smash! Side King,DS,2008,Sports,Konami Digital Entertainment,0,0,0.02,0,0.02
12582,Izuna 2: The Unemployed Ninja Returns,DS,2007,Role-Playing,Success,0.05,0,0,0,0.06
5981,Lupin the 3rd: Treasure of the Sorcerer King,PS2,2002,Adventure,505 Games,0.02,0.02,0.25,0.01,0.29
8937,Batman Begins,GC,2005,Action,Electronic Arts,0.11,0.03,0,0,0.15
10014,Nickelodeon Dance,X360,2011,Misc,Take-Two Interactive,0.08,0.02,0,0.01,0.11
7006,Monster Hunter G,PS2,2005,Role-Playing,Capcom,0,0,0.23,0,0.23
10682,Idol Janshi Suchie-Pai Remix,SAT,1995,Misc,Jaleco,0,0,0.1,0,0.1
4205,Spider-Man: Friend or Foe,DS,2007,Action,Activision,0.43,0,0,0.04,0.47
1113,Army of Two,X360,2008,Shooter,Electronic Arts,1.09,0.38,0.02,0.16,1.65
15052,Totally Spies! 2: Undercover,DS,2006,Action,Atari,0.01,0.01,0,0,0.02
11084,The Sims 2: Apartment Life,PC,2008,Simulation,Electronic Arts,0,0.07,0,0.02,0.09
10613,Spider-Man: Web of Shadows,DS,2008,Action,Activision,0.09,0,0,0.01,0.1
15000,Wii de Asobu: Metroid Prime,Wii,N/A,Shooter,Nintendo,0,0,0.02,0,0.02
6287,Trivial Pursuit,PS2,2009,Misc,Electronic Arts,0.09,0.01,0,0.17,0.27
14177,Diabolik Lovers: Dark Fate,PSV,2015,Action,Idea Factory,0,0,0.03,0,0.03
9196,Zoobles! Spring to Life!,DS,2011,Misc,Activision,0.1,0.02,0,0.01,0.14
4668,X-Men vs. Street Fighter,PS,1997,Fighting,Capcom,0.16,0.11,0.12,0.03,0.42
15977,Misshitsu no Sacrifice,PSP,2010,Adventure,D3Publisher,0,0,0.02,0,0.02
5210,Senran Kagura Shinovi Versus: Sh?jo-tachi no Sh?mei,PSV,2013,Fighting,Marvelous Entertainment,0.13,0.02,0.16,0.05,0.36
4095,Yu-Gi-Oh! Forbidden Memories (JP sales),PS,1999,Role-Playing,Konami Digital Entertainment,0,0,0.45,0.03,0.48
5093,Tobal 2,PS,1997,Fighting,SquareSoft,0,0,0.35,0.02,0.37
15452,Angelique Retour,PSV,2015,Action,Tecmo Koei,0,0,0.02,0,0.02
4997,Peppa Pig: The Game,Wii,2009,Misc,Pinnacle,0,0.35,0,0.03,0.38
11515,Silent Hunter III,PC,2005,Simulation,Ubisoft,0,0.07,0,0.01,0.08
11609,Gunblade NY & L.A. Machineguns Arcade Hits Pack,Wii,2010,Shooter,Sega,0.06,0.01,0,0.01,0.08
8363,Nightmare Creatures II,PS,2000,Action,Konami Digital Entertainment,0.09,0.06,0,0.01,0.17
15920,Violet no Atelier: Gramnad no Renkinjutsushi 2 - Gunjou no Omoide,PSP,2011,Role-Playing,Gust,0,0,0.02,0,0.02
8817,World Series Baseball 2K3,XB,2003,Sports,Sega,0.11,0.03,0,0.01,0.15
8589,Space Invaders,N64,1999,Shooter,Activision,0.13,0.03,0,0,0.16
14496,Charlie Blasts Territory,N64,1999,Action,Kemco,0.02,0.01,0,0,0.03
16303,Tsuyo Kiss 3 Portable,PSP,2012,Action,NetRevo,0,0,0.01,0,0.01
6699,Scooby-Doo! Unmasked,PS2,2005,Platform,THQ,0.12,0.1,0,0.03,0.25
10865,PAC-MAN and the Ghostly Adventures,3DS,2013,Platform,Namco Bandai Games,0.05,0.04,0,0.01,0.09
1518,NBA Live 07,PS2,2006,Sports,Electronic Arts,1.07,0.04,0.02,0.17,1.3
2777,Blur,PS3,2010,Racing,Activision,0.22,0.37,0.02,0.13,0.74
2756,Capcom vs. SNK 2: Mark of the Millennium 2001,PS2,2001,Fighting,Capcom,0.22,0.17,0.3,0.06,0.75
15882,PachiPara 3D,3DS,2011,Misc,Irem Software Engineering,0,0,0.02,0,0.02
7853,Need for Speed: Shift 2 Unleashed,PC,2011,Racing,Electronic Arts,0.05,0.11,0,0.03,0.19
12604,Metal Max 4: Gekkou no Diva,3DS,2013,Role-Playing,Kadokawa Shoten,0,0,0.06,0,0.06
11454,Pac-Man and the Ghostly Adventures 2,3DS,2014,Adventure,Namco Bandai Games,0.03,0.05,0,0.01,0.08
12396,Tokimeki no Houkago,PS,1998,Misc,Konami Digital Entertainment,0,0,0.06,0,0.06
10049,Life is Strange,XOne,2016,Adventure,Square Enix,0.08,0.02,0,0.01,0.11
9574,Need for Speed: ProStreet,DS,2007,Racing,Electronic Arts,0.11,0.01,0,0.01,0.13
15159,Commandos: Strike Force,XB,2006,Shooter,Eidos Interactive,0.02,0,0,0,0.02
7346,Baja: Edge of Control,PS3,2008,Racing,THQ,0.1,0.08,0,0.04,0.21
9765,Neopets Petpet Adventures: The Wand of Wishing,PSP,2006,Adventure,Sony Computer Entertainment,0.11,0,0,0.01,0.12
1044,Toy Story 2: Buzz Lightyear to the Rescue!,PS,1998,Platform,Activision,0.99,0.64,0,0.08,1.71
3382,Dai-2-Ji Super Robot Taisen α,PS2,2003,Strategy,Banpresto,0,0,0.6,0,0.6
193,Fable III,X360,2010,Role-Playing,Microsoft Game Studios,3.59,1.11,0.05,0.38,5.13
5848,Lizzie McGuire 3: Homecoming Havoc,GBA,2005,Platform,Disney Interactive Studios,0.22,0.08,0,0.01,0.3
9678,Sleeping Dogs,PC,2012,Action,Square Enix,0.06,0.05,0,0.02,0.12
5492,World Stadium 3,PS,1999,Sports,Namco Bandai Games,0,0,0.31,0.02,0.33
8074,Jewel Match,DS,2010,Puzzle,PlayV,0.05,0.12,0,0.02,0.18
7918,Dynasty Warriors Gundam,X360,2007,Action,Namco Bandai Games,0.15,0.01,0.02,0.01,0.19
8896,187: Ride or Die,PS2,2005,Racing,Ubisoft,0.07,0.06,0,0.02,0.15
9281,Cruise Ship Vacation Games,Wii,2009,Puzzle,Avanquest,0.13,0,0,0.01,0.14
10856,FIFA Street 3,DS,2008,Sports,Electronic Arts,0.07,0.02,0,0.01,0.09
12501,Eigo de Tabisuru: Little Charo,DS,2011,Misc,Nintendo,0,0,0.06,0,0.06
12408,Densha De Go! 3 Tsuukinhen,PS2,2001,Simulation,Taito,0,0,0.06,0,0.06
3389,Dai-3-Ji Super Robot Taisen α: Shuuen no Ginga e,PS2,2005,Strategy,Banpresto,0,0,0.59,0,0.59
8635,J-League Jikkyou Winning Eleven 2000,PS,2000,Sports,Konami Digital Entertainment,0,0,0.15,0.01,0.16
13097,The Technomancer,PS4,2016,Role-Playing,Focus Home Interactive,0.01,0.03,0,0.01,0.05
15151,Hisshou Pachinko * Pachi-Slot Kouryaku Series Portable Vol. 2: CR Evangelion - Hajimari no Fukuin,PSP,2010,Misc,D3Publisher,0,0,0.02,0,0.02
3514,Up,Wii,2009,Action,THQ,0.23,0.28,0,0.06,0.57
2437,Street Fighter Alpha 2,PS,1996,Fighting,Virgin Interactive,0.14,0.09,0.57,0.06,0.85
10303,Dr. Seuss' The Cat in the Hat,XB,2003,Misc,Vivendi Games,0.08,0.02,0,0,0.11
11558,Discovery Kids: Spider Quest,DS,2009,Misc,505 Games,0.07,0,0,0.01,0.08
8688,NBA 2K3,GC,2002,Sports,Sega,0.12,0.03,0,0,0.16
13361,Full Spectrum Warrior: Ten Hammers,XB,2006,Strategy,THQ,0.03,0.01,0,0,0.05
14751,Eureka Seven AO: Jungfrau no Hanabanatachi,PS3,2012,Action,Namco Bandai Games,0,0,0.03,0,0.03
9166,Dead or Alive 2,DC,2000,Fighting,Acclaim Entertainment,0,0,0.14,0,0.14
9893,Marvel Trading Card Game,DS,2007,Misc,Konami Digital Entertainment,0.11,0,0,0.01,0.12
13623,Tennis Masters Series 2003,XB,2002,Sports,Microids,0.03,0.01,0,0,0.04
5841,Lumines ll,PSP,2006,Puzzle,Disney Interactive Studios,0.12,0.12,0,0.07,0.3
8052,Chocobo no Fushigi Dungeon for WonderSwan,WS,1999,Role-Playing,Namco Bandai Games,0,0,0.18,0,0.18
7303,Sailor Moon,SNES,1993,Action,Namco Bandai Games,0,0,0.22,0,0.22
11768,Jimmie Johnson's Anything With an Engine,PS3,2011,Racing,Konami Digital Entertainment,0.07,0,0,0.01,0.07
13595,Zombi Daisuki,DS,2011,Action,ChunSoft,0,0,0.04,0,0.04
1178,Kingdom Hearts 3D: Dream Drop Distance,3DS,2012,Action,Square Enix,0.88,0.26,0.34,0.09,1.58
14970,Rengoku II:  The Stairway To H.E.A.V.E.N.,PSP,2006,Action,Konami Digital Entertainment,0.02,0,0,0,0.02
4678,Ghostbusters: The Video Game,DS,2009,Action,Atari,0.26,0.12,0,0.04,0.41
9021,Fast Food Panic,DS,2010,Simulation,Nobilis,0.13,0,0,0.01,0.14
4032,Lollipop Chainsaw,X360,2012,Action,Warner Bros. Interactive Entertainment,0.31,0.13,0.02,0.04,0.49
16542,Spore Galactic Adventures,PC,2009,Strategy,Electronic Arts,0,0.01,0,0,0.01
5416,Jonah Lomu Rugby Challenge,X360,2011,Sports,Home Entertainment Suppliers,0.09,0.21,0,0.04,0.34
57,Grand Theft Auto IV,PS3,2008,Action,Take-Two Interactive,4.76,3.76,0.44,1.62,10.57
12633,Super Robot Wars OG: The Moon Dwellers,PS3,2016,Misc,Namco Bandai Games,0,0,0.06,0,0.06
4607,Superman: Shadow of Apokolips,PS2,2002,Action,Atari,0.21,0.16,0,0.05,0.42
12532,Power Pro Success Legends,PSP,2010,Sports,Konami Digital Entertainment,0,0,0.06,0,0.06
8863,Derby Stallion 64,N64,2001,Sports,Media Factory,0,0,0.15,0,0.15
3832,Naruto Shippuden: Clash of Ninja Revolution 3,Wii,2009,Fighting,Nintendo,0.45,0.04,0,0.04,0.52
13645,Sherlock Holmes: Secret of The Silver Earring,Wii,2010,Adventure,Focus Home Interactive,0,0.04,0,0.01,0.04
14376,Brothers Conflict: Brilliant Blue,PSP,2013,Adventure,Idea Factory,0,0,0.03,0,0.03
12700,Zone of the Enders: The Fist of Mars,GBA,2001,Role-Playing,Konami Digital Entertainment,0.04,0.02,0,0,0.06
8693,Battlestar Galactica,PS2,2003,Shooter,Vivendi Games,0.08,0.06,0,0.02,0.16
538,Jak II,PS2,2003,Platform,Sony Computer Entertainment,1.68,0.74,0,0.36,2.78
12975,Zoo Quest: Puzzle Fun!,DS,2008,Puzzle,JoWood Productions,0.05,0,0,0,0.05
12507,Brunswick Circuit Pro Bowling,N64,1999,Sports,THQ,0.05,0.01,0,0,0.06
6544,Dungeons & Dragons Heroes,XB,2003,Role-Playing,Atari,0.19,0.06,0,0.01,0.26
5052,Pokemon Channel,GC,2003,Adventure,Nintendo,0.24,0.06,0.07,0.01,0.38
9347,Go Play: Circus Star,Wii,2009,Action,Majesco Entertainment,0.12,0,0,0.01,0.13
15915,Evil Genius,PC,2004,Strategy,Vivendi Games,0,0.01,0,0,0.02
12252,Wings of War,XB,2004,Simulation,Take-Two Interactive,0.05,0.01,0,0,0.06
820,R4: Ridge Racer Type 4,PS,1998,Racing,Namco Bandai Games,0.68,0.46,0.79,0.13,2.06
2752,Tales of Vesperia,X360,2008,Role-Playing,Atari,0.32,0.18,0.19,0.05,0.75
16599,Know How 2,DS,2010,Puzzle,7G//AMES,0,0.01,0,0,0.01
13837,Dreamfall: The Longest Journey,XB,2006,Adventure,Empire Interactive,0.03,0.01,0,0,0.04
15115,Big Idea's VeggieTales: LarryBoy and the Bad Apple,PS2,2006,Action,Crave Entertainment,0.01,0.01,0,0,0.02
7442,Tales of Phantasia: Narikiri Dungeon X,PSP,2010,Role-Playing,Namco Bandai Games,0,0,0.21,0,0.21
480,Star Wars: The Old Republic,PC,2011,Role-Playing,Electronic Arts,1.58,1.01,0,0.38,2.97
6211,NHL Hitz 20-03,PS2,2002,Sports,Midway Games,0.14,0.11,0,0.04,0.28
3607,Blinx: The Time Sweeper,XB,2002,Platform,Microsoft Game Studios,0.39,0.15,0,0.02,0.56
13058,Phantom Crash,XB,2002,Simulation,Phantagram,0.03,0.01,0.01,0,0.05
8766,Sonny with a Chance,DS,2010,Action,Disney Interactive Studios,0.12,0.02,0,0.01,0.15
2278,Avatar: The Game,PS3,2009,Action,Ubisoft,0.32,0.43,0,0.16,0.91
13022,Project Setsuna,PSV,2016,Role-Playing,Square Enix,0,0,0.05,0,0.05
8046,Trauma Team,Wii,N/A,Simulation,Unknown,0.15,0,0.02,0.01,0.18
6353,Harry Potter and the Order of the Phoenix,PS2,2007,Action,Electronic Arts,0.13,0.1,0,0.03,0.27
3772,2 in 1 Combo Pack: Sonic Heroes / Super Monkey Ball Deluxe,XB,2004,Misc,Sega,0.4,0.11,0,0.02,0.53
1899,The Biggest Loser,Wii,2009,Sports,THQ,0.87,0.12,0,0.09,1.08
6138,Pro Evolution Soccer 2017,PS4,2016,Sports,Konami Digital Entertainment,0.01,0.16,0.09,0.03,0.28
9968,Arctic Thunder,XB,2001,Racing,Midway Games,0.09,0.02,0,0,0.12
5519,Battle Dodge Ball,SNES,1991,Sports,Banpresto,0,0,0.33,0,0.33
14,Wii Fit,Wii,2007,Sports,Nintendo,8.94,8.03,3.6,2.15,22.72
5719,Jikkyou Powerful Pro Yakyuu Portable 3,PSP,2008,Sports,Konami Digital Entertainment,0,0,0.31,0,0.31
2331,LEGO Jurassic World,PS4,2015,Action,Warner Bros. Interactive Entertainment,0.32,0.42,0.01,0.14,0.89
3704,Two Worlds II,X360,2011,Role-Playing,Unknown,0.4,0.08,0.03,0.04,0.54
645,Need for Speed: ProStreet,PS2,2007,Racing,Electronic Arts,0.69,0,0.04,1.68,2.41
10463,Metal Arms: Glitch in the System,GC,2003,Shooter,Vivendi Games,0.08,0.02,0,0,0.1
2571,Hitman: Contracts,PS2,2004,Shooter,Eidos Interactive,0.39,0.31,0,0.1,0.8
4566,Pirates of the Caribbean: At World's End,PSP,2007,Action,Disney Interactive Studios,0.15,0.17,0,0.1,0.43
11088,Blood: The Last Vampire (Joukan),PS2,2000,Adventure,Sony Computer Entertainment,0,0,0.09,0,0.09
720,Monster Hunter Tri,Wii,2009,Role-Playing,Nintendo,0.67,0.41,1.05,0.11,2.25
7173,Ragnarok DS,DS,2008,Role-Playing,GungHo,0.1,0,0.11,0.01,0.22
5302,Hannah Montana: The Movie,Wii,2009,Adventure,Disney Interactive Studios,0.13,0.18,0,0.04,0.35
9292,Scene It? Bright Lights! Big Screen!,X360,2009,Misc,Warner Bros. Interactive Entertainment,0.12,0,0,0.01,0.14
2951,Halo 2 Multiplayer Map Pack,XB,2005,Shooter,Microsoft Game Studios,0.54,0.13,0,0.02,0.69
2786,Naruto Shippuden: Ultimate Ninja Storm Generations,PS3,2012,Fighting,Namco Bandai Games,0.27,0.25,0.14,0.08,0.74
1428,SingStar Abba,PS2,2008,Misc,Sony Computer Entertainment,0.23,0.04,0,1.09,1.36
15269,Shiratsuyu no Kai,PSP,2013,Adventure,Idea Factory,0,0,0.02,0,0.02
6554,Samurai Warriors 4,PS3,2014,Action,Tecmo Koei,0,0,0.26,0,0.26
13435,Nazo Waku Yakata: Oto no Ma ni Ma ni,3DS,2011,Misc,Capcom,0,0,0.05,0,0.05
7407,Shadow of Destiny,PS2,2001,Adventure,Konami Digital Entertainment,0.09,0.07,0.03,0.02,0.21
9357,Retro Atari Classics,DS,2005,Misc,Atari,0.12,0,0,0.01,0.13
12432,Backyard NFL Football '10,PS2,2009,Sports,Atari,0.03,0.02,0,0.01,0.06
10954,Jenga World Tour,DS,2007,Misc,Atari,0.09,0,0,0.01,0.09
12760,The Lord of the Rings: Aragorn's Quest,PS2,2010,Action,Warner Bros. Interactive Entertainment,0.03,0.02,0,0.01,0.06
12689,Catwoman,XB,2004,Action,Electronic Arts,0.04,0.01,0,0,0.06
14912,Yuusha Shisu.,PSV,2016,Role-Playing,Nippon Ichi Software,0,0,0.02,0,0.02
8544,SeaWorld Adventure Parks: Shamu's Deep Sea Adventure,PS2,2005,Adventure,Activision,0.08,0.06,0,0.02,0.16
1139,Kirby Air Ride,GC,2003,Racing,Nintendo,1.01,0.11,0.45,0.04,1.62
7761,The Spiderwick Chronicles,Wii,2008,Action,Vivendi Games,0.17,0.01,0,0.01,0.19
2637,Buzz! The Hollywood Quiz,PS2,2007,Misc,Sony Computer Entertainment,0.17,0,0,0.61,0.78
15014,Peter Pan in Disney's Return to Never Land,PS,2002,Platform,Sony Computer Entertainment,0.01,0.01,0,0,0.02
5468,WWE Wrestlemania XIX,GC,2003,Fighting,THQ,0.26,0.07,0,0.01,0.33
7108,Valhalla Knights 2,PSP,2008,Role-Playing,Rising Star Games,0.09,0,0.12,0.01,0.23
9523,Pop'n Music Portable,PSP,2010,Misc,Konami Digital Entertainment,0,0,0.13,0,0.13
8314,Pursuit Force: Extreme Justice,PSP,2007,Action,Sony Computer Entertainment,0.07,0.07,0,0.03,0.17
14191,Hayate no Gotoku! Ojousama Produce Daisakusen Boku Iro ni Somare! Oyashiki-Hen,DS,2008,Simulation,Konami Digital Entertainment,0,0,0.03,0,0.03
8791,Kidou Senkan Nadesico,SAT,1997,Strategy,Sega,0,0,0.15,0,0.15
9726,Angry Birds Star Wars,PSV,2013,Strategy,Activision,0.05,0.04,0,0.03,0.12
10839,Dance on Broadway,PS3,2011,Misc,Ubisoft,0.05,0.03,0,0.01,0.09
11570,Skydiving Extreme,PS,2001,Sports,Banpresto,0.04,0.03,0,0.01,0.08
8168,Kidou Senshi Gundam: Senjou no Kizuna Portable,PSP,2009,Strategy,Namco Bandai Games,0,0,0.18,0,0.18
3323,Dragon Ball Z: Buu's Fury,GBA,2004,Action,Atari,0.44,0.16,0,0.01,0.61
904,Mario Party 3,N64,2000,Misc,Nintendo,0.72,0.16,1.01,0.02,1.91
8924,Ore no Imouto ga Konna ni Kawaii wake ga Nai Portable,PSP,2011,Adventure,Banpresto,0,0,0.15,0,0.15
16225,Carmageddon: Max Damage,XOne,2016,Action,Stainless Games,0.01,0.01,0,0,0.01
357,Luigi's Mansion,GC,2001,Action,Nintendo,2.38,0.67,0.46,0.1,3.6
1963,Seek and Destroy,PS2,2002,Racing,Play It,0.52,0.4,0,0.14,1.06
2162,Lost Planet 2,PS3,2010,Shooter,Capcom,0.29,0.34,0.2,0.13,0.96
13827,Castlevania: Lords of Shadow 2,PC,2014,Action,Konami Digital Entertainment,0.01,0.03,0,0,0.04
551,Call of Duty 3,X360,2006,Shooter,Activision,1.49,0.93,0.02,0.27,2.71
643,Dino Crisis,PS,1998,Action,Capcom,0.81,0.76,0.7,0.14,2.41
14547,Virtual Pool: Tournament Edition,XB,2005,Sports,Global Star,0.02,0.01,0,0,0.03
12570,Match 3 Madness,DS,2010,Puzzle,Foreign Media Games,0,0.05,0,0.01,0.06
1155,River Raid,2600,1981,Shooter,Activision,1.49,0.09,0,0.02,1.6
5505,Scooby-Doo! First Frights,PS2,2009,Action,Warner Bros. Interactive Entertainment,0.14,0.03,0,0.16,0.33
339,Friend Collection,DS,2009,Misc,Nintendo,0,0,3.67,0,3.67
4150,Alien Trilogy,PS,1996,Shooter,Acclaim Entertainment,0.24,0.16,0.04,0.03,0.47
803,Need For Speed: Undercover,PS3,2008,Racing,Electronic Arts,0.63,1.02,0.05,0.39,2.08
1293,Metal Gear Rising: Revengeance,PS3,2013,Action,Konami Digital Entertainment,0.45,0.4,0.44,0.18,1.47
4610,Vanquish,X360,2010,Shooter,Sega,0.19,0.17,0.03,0.04,0.42
12192,Centipede / Breakout / Warlords,GBA,2005,Misc,Zoo Digital Publishing,0.05,0.02,0,0,0.07
2451,Street Fighter EX3,PS2,2000,Fighting,Virgin Interactive,0.32,0.25,0.2,0.08,0.85
9509,"Crouching Tiger, Hidden Dragon",PS2,2003,Action,Ubisoft,0.06,0.05,0,0.02,0.13
5440,World Championship Poker 2: Featuring Howard Lederer,PS2,2005,Misc,Oxygen Interactive,0.16,0.13,0,0.04,0.34
9843,MTV Sports: Pure Ride,PS,2000,Sports,THQ,0.07,0.05,0,0.01,0.12
7672,Spore Hero Arena,DS,2009,Simulation,Electronic Arts,0.18,0,0,0.01,0.2
3656,F.E.A.R.,PS3,2007,Shooter,Vivendi Games,0.18,0.27,0,0.1,0.55
4709,Castlevania: Order of Ecclesia,DS,2008,Platform,Konami Digital Entertainment,0.31,0.03,0.04,0.03,0.41
3669,Super Robot Taisen F,SAT,1997,Strategy,Banpresto,0,0,0.55,0,0.55
16354,World Snooker Challenge 2005,PSP,2005,Sports,Sega,0,0.01,0,0,0.01
10668,Indigo Prophecy,XB,2005,Adventure,Atari,0.07,0.03,0,0,0.1
5034,Silent Scope,PS2,2000,Shooter,Konami Digital Entertainment,0.19,0.15,0,0.05,0.38
1188,Fight Night Round 3,PS2,2006,Fighting,Electronic Arts,1.07,0.4,0,0.1,1.56
1889,Dante's Inferno,PS3,2010,Action,Electronic Arts,0.64,0.28,0.04,0.13,1.09
14985,Rapala for Kinect,X360,2011,Sports,Activision,0,0.02,0,0,0.02
4325,The New York Times Crosswords,DS,2007,Puzzle,Majesco Entertainment,0.42,0,0,0.03,0.45
2543,Jikkyou Powerful Pro Yakyuu '99 Kaimakuban,PS,1999,Sports,Konami Digital Entertainment,0,0,0.76,0.05,0.81
4727,Command & Conquer: Red Alert,PS,1997,Strategy,Virgin Interactive,0.23,0.16,0,0.03,0.41
7756,Kouchuu Ouja Mushi King: Greatest Champion e no Michi DS,DS,2005,Action,Sega,0,0,0.19,0,0.19
7580,Kurohyou 2: Ryu ga Gotoku Ashura Hen,PSP,2012,Action,Sega,0,0,0.2,0,0.2
13487,Honda ATV Fever,Wii,2010,Racing,Storm City Games,0.04,0,0,0,0.04
4863,Boku no Natsuyasumi,PS,2000,Adventure,Sony Computer Entertainment,0,0,0.37,0.03,0.4
978,Just Cause 2,PS3,2010,Action,Square Enix,0.45,0.94,0.06,0.33,1.78
14418,Knights of Honor,PC,2004,Strategy,Sunflowers,0,0.02,0,0.01,0.03
10921,Hakuouki: Zuisouroku Portable,PSP,2010,Adventure,Idea Factory,0,0,0.09,0,0.09
6252,Castlevania: Aria of Sorrow,GBA,2003,Platform,Konami Digital Entertainment,0.2,0.07,0,0,0.28
6523,Sengoku Basara: Battle Heroes,PSP,2009,Action,Capcom,0,0,0.26,0,0.26
7934,Nobunaga no Yabou: Souzou,PS3,2013,Strategy,Tecmo Koei,0,0,0.19,0,0.19
9853,Gladiator: Sword of Vengeance,PS2,2003,Action,Acclaim Entertainment,0.06,0.05,0,0.02,0.12
15119,Summon Night: Swordcraft Story,GBA,2003,Role-Playing,Banpresto,0.02,0.01,0,0,0.02
16077,Umihara Kawase Jun: Second Edition Kanzenban,DS,2009,Puzzle,Genterprise,0,0,0.01,0,0.01
15231,The Fast and the Furious,PSP,2007,Racing,Deep Silver,0.02,0,0,0,0.02
15251,Brave: The Video Game,DS,2012,Action,Disney Interactive Studios,0,0.02,0,0,0.02
7772,Pac-Man & Galaga Dimensions,3DS,2011,Misc,Namco Bandai Games,0.1,0.04,0.04,0.01,0.19
8198,Pro Yaky? Spirits 5,PS2,2008,Sports,Konami Digital Entertainment,0,0,0.18,0,0.18
329,The Sims: Unleashed,PC,2002,Simulation,Electronic Arts,2.03,1.56,0,0.17,3.76
15455,Mount & Blade Collection,PC,2012,Role-Playing,Paradox Interactive,0,0.02,0,0,0.02
14944,Let's Play Garden,Wii,2010,Simulation,Deep Silver,0.02,0,0,0,0.02
14940,The Idolmaster: Gravure For You! Vol.7,PS3,2012,Action,Namco Bandai Games,0,0,0.02,0,0.02
11129,Lethal Enforcers,SNES,1993,Shooter,Konami Digital Entertainment,0,0,0.09,0,0.09
6253,NBA 2K12,PSP,2011,Sports,Take-Two Interactive,0.22,0.03,0,0.03,0.28
12992,Strawberry Shortcake: Strawberryland Games,DS,2006,Action,Game Factory,0.05,0,0,0,0.05
10570,World Snooker Championship 2007,PS3,2007,Sports,Sega,0,0.1,0,0,0.1
12758,Gintama no Sugoroku,PSP,2013,Action,Namco Bandai Games,0,0,0.06,0,0.06
5553,NBA Live 96,PS,1996,Sports,Electronic Arts,0.16,0.11,0.04,0.02,0.33
11007,Lilie no Atelier: Salburg no Renkinjutsushi 3,PS2,2001,Role-Playing,Gust,0,0,0.09,0,0.09
13088,Dungeon Raiders,DS,2009,Role-Playing,Focus Home Interactive,0.05,0,0,0,0.05
16341,Fullmetal Alchemist: Prince of the Dawn,Wii,2009,Adventure,Square Enix,0,0,0.01,0,0.01
16207,Ro-Kyu-Bu! Secret Photo Op,PSV,2014,Adventure,Kadokawa Games,0,0,0.01,0,0.01
15172,Zillions of Enemy X: Zetsukai no Crusade,PS3,2013,Role-Playing,Nippon Ichi Software,0,0,0.02,0,0.02
1736,Football Manager 2013,PC,2012,Sports,Sega,0,0.95,0,0.22,1.17
12068,Command & Conquer 3: Tiberium Wars,PC,2007,Strategy,Electronic Arts,0,0.06,0,0.01,0.07
12707,Terminator 3: Rise of the Machines,GBA,2003,Action,Atari,0.04,0.02,0,0,0.06
2351,Kingdoms of Amalur: Reckoning,X360,2012,Role-Playing,Electronic Arts,0.55,0.25,0.01,0.07,0.89
13113,Metal Max 2 Reloaded,DS,2011,Role-Playing,Unknown,0,0,0.05,0,0.05
9,New Super Mario Bros. Wii,Wii,2009,Platform,Nintendo,14.59,7.06,4.7,2.26,28.62
2868,Dynasty Warriors 6,PS3,2007,Action,Tecmo Koei,0.18,0.08,0.41,0.04,0.71
16484,Dengeki Gakuen RPG: Cross of Venus Special,DS,2011,Role-Playing,ASCII Media Works,0,0,0.01,0,0.01
6071,Purr Pals,Wii,2008,Simulation,Deep Silver,0.27,0,0,0.02,0.29
10973,New Legends,XB,2002,Action,THQ,0.07,0.02,0,0,0.09
11794,The Sims 3: Barnacle Bay,PC,2011,Simulation,Electronic Arts,0.07,0,0,0.01,0.07
12626,Tron 2.0: Killer App,XB,2004,Action,Disney Interactive Studios,0.04,0.01,0,0,0.06
220,FIFA 15,PS3,2014,Sports,Electronic Arts,0.57,3.14,0.04,1.07,4.82
15996,Blazblue: Continuum Shift Extend,PSP,2012,Fighting,Arc System Works,0,0,0.01,0,0.01
6398,Madden NFL 08,DS,2007,Sports,Electronic Arts,0.24,0,0,0.02,0.27
14021,World Championship Pool 2004,XB,2003,Sports,Jaleco,0.03,0.01,0,0,0.04
1105,Need for Speed Carbon,X360,2006,Racing,Electronic Arts,0.76,0.7,0.02,0.18,1.66
2898,Doom 3: Resurrection of Evil,XB,2005,Shooter,Activision,0.53,0.15,0,0.03,0.71
13875,Gundam Battle Online,DC,2001,Action,Namco Bandai Games,0,0,0.04,0,0.04
4848,Road Rash: Jailbreak,PS,1999,Racing,Electronic Arts,0.22,0.15,0,0.03,0.4
6392,Ace Attorney 6,3DS,2016,Adventure,Capcom,0,0,0.27,0,0.27
8591,Destruction Derby 64,N64,1999,Racing,THQ,0.13,0.03,0,0,0.16
8031,Ar tonelico 2: Melody of Metafalica,PS2,2007,Role-Playing,Nippon Ichi Software,0.04,0.03,0.11,0.01,0.18
15726,Digimon Rumble Arena,PS,2001,Fighting,Namco Bandai Games,0.01,0.01,0,0,0.02
13509,I.Q. Remix+: Intelligent Qube,PS2,2000,Puzzle,Sony Computer Entertainment,0,0,0.04,0,0.04
5953,Dragon Ball Z: Budokai Tenkaichi 2,Wii,2006,Fighting,Atari,0.24,0.03,0,0.02,0.3
11705,Tears to Tiara: Garland of the Earth,PS3,2008,Strategy,Aqua Plus,0,0,0.08,0,0.08
10611,Bee Movie Game,PS2,2007,Action,Activision,0.05,0.04,0,0.01,0.1
8211,Ashes Cricket 2009,PS3,2009,Sports,Codemasters,0,0.16,0,0.02,0.17
7332,Dorabase DS: Dramatic Stadium,DS,2007,Sports,Namco Bandai Games,0,0,0.21,0,0.21
15065,GT Legends,PC,2005,Racing,Atari,0,0.02,0,0,0.02
1102,SSX,PS2,2000,Sports,Electronic Arts,0.78,0.61,0.06,0.2,1.66
13225,Beastly Frantic Foto,DS,2011,Puzzle,Storm City Games,0.04,0,0,0,0.05
702,Mario Bros.,NES,1983,Platform,Nintendo,0.51,0.12,1.63,0.02,2.28
3775,MLB SlugFest 20-04,PS2,2003,Sports,Midway Games,0.26,0.2,0,0.07,0.53
1659,The Magical Quest starring Mickey Mouse,SNES,1992,Platform,Capcom,0.66,0.17,0.35,0.03,1.21
6311,Rhythm Thief & the Emperor's Treasure,3DS,2012,Misc,Sega,0.07,0.07,0.12,0.01,0.27
14537,Monster Hunter Frontier Online: Season 10,X360,2011,Role-Playing,Capcom,0,0,0.03,0,0.03
12405,Monkey Island: Special Edition Collection,X360,2011,Adventure,Activision,0,0.05,0,0.01,0.06
16059,Sangoku Koi Senki: Otome no Heihou!,PS2,2011,Adventure,Prototype,0,0,0.01,0,0.01
14151,Cabela's Dangerous Hunts 2,GC,2005,Sports,Activision,0.03,0.01,0,0,0.03
4197,Rise of Nightmares,X360,2011,Action,Sega,0.28,0.13,0.01,0.04,0.47
5143,NFL Street 2 Unleashed,PSP,2005,Sports,Electronic Arts,0.34,0,0,0.03,0.37
11340,Nano Assault,3DS,2011,Shooter,Majesco Entertainment,0.08,0,0,0.01,0.08
7630,Magical ZhuZhu Princess: Carriages & Castles,DS,2011,Simulation,Activision,0.14,0.04,0,0.02,0.2
10816,ReCore,XOne,2016,Action,Microsoft Game Studios,0.06,0.03,0,0.01,0.1
9377,Brain Assist,DS,2007,Misc,Sega,0.12,0,0,0.01,0.13
13367,Taiko no Tatsujin Portable 2,PSP,2006,Misc,Namco Bandai Games,0,0,0.05,0,0.05
7485,CSI: Deadly Intent,X360,2009,Adventure,Ubisoft,0.1,0.08,0,0.02,0.21
4918,Tear Ring Saga Yutona Eiyuu Senki,PS,2001,Role-Playing,Enterbrain,0,0,0.37,0.03,0.39
10154,Super Run For Money Tousouchuu Atsumare! Saikyou no Tousou Monotachi,3DS,2015,Action,Namco Bandai Games,0,0,0.11,0,0.11
15908,Sengoku Efuda Yuugi: Hototogisu Ran,PSP,2008,Misc,Irem Software Engineering,0,0,0.02,0,0.02
7394,Yoga Wii,Wii,2009,Sports,JoWood Productions,0.15,0.05,0,0.02,0.21
3326,Disney TH!NK Fast: The Ultimate Trivia Showdown,Wii,2008,Misc,Disney Interactive Studios,0.37,0.16,0.01,0.06,0.61
15777,Army Men: Major Malfunction,XB,2006,Shooter,Global Star,0.01,0,0,0,0.02
9274,BIT.TRIP SAGA,3DS,2011,Misc,Rising Star Games,0.09,0.04,0,0.01,0.14
13839,Tokimeki Mahjong Paradise: Koi no Tenpai Beat,SAT,1995,Misc,Sonnet,0,0,0.04,0,0.04
4432,Plants vs. Zombies: Garden Warfare 2,XOne,2016,Shooter,Electronic Arts,0.26,0.15,0,0.04,0.44
3095,Animaniacs Ten Pin Alley,PS,1998,Sports,ASC Games,0.36,0.25,0,0.04,0.66
11782,Jewel Time Deluxe,DS,2011,Puzzle,O-Games,0.04,0.03,0,0.01,0.07
4310,Tales of Vesperia,PS3,2009,Role-Playing,Namco Bandai Games,0,0,0.45,0,0.45
15497,Speed Kings,GC,2003,Racing,Acclaim Entertainment,0.01,0,0,0,0.02
2737,Tearaway,PSV,2013,Adventure,Sony Computer Entertainment Europe,0.17,0.39,0,0.19,0.75
16383,Fate/kaleid liner Prisma Illya,3DS,2014,Action,Kadokawa Games,0,0,0.01,0,0.01
6613,Kidou Senshi Gundam: Giren no Yabou,SAT,1998,Strategy,Namco Bandai Games,0,0,0.25,0,0.25
13040,Star Wars: Republic Commando,PC,2005,Shooter,LucasArts,0,0.04,0,0.01,0.05
12745,Wreckless: ThE YaKuza MisSiOns,GC,2002,Racing,Activision,0.04,0.01,0,0,0.06
16234,Densetsu no Yuusha no Densetsu: Legendary Saga,PSP,2010,Role-Playing,Kadokawa Shoten,0,0,0.01,0,0.01
14920,ZooCube,GC,2002,Puzzle,Acclaim Entertainment,0.02,0,0,0,0.02
15340,Shonen Jump's Shaman King: Master of Spirits 2,GBA,2005,Role-Playing,Konami Digital Entertainment,0.01,0.01,0,0,0.02
2903,2014 FIFA World Cup Brazil,PS3,2014,Sports,Electronic Arts,0.15,0.39,0.01,0.16,0.71
6225,Madagascar,XB,2005,Platform,Activision,0.21,0.06,0,0.01,0.28
14865,Pro Yakyuu Family Stadium,Wii,2008,Sports,Namco Bandai Games,0,0,0.03,0,0.03
9115,Mr. Driller: Drill Spirits,DS,2004,Puzzle,Nintendo,0.08,0,0.05,0.01,0.14
4107,Tiger Woods PGA Tour 07,X360,2006,Sports,Electronic Arts,0.44,0,0,0.04,0.48
15567,Tantei Opera: Milky Holmes,PSP,2010,Adventure,Unknown,0,0,0.02,0,0.02
5477,Resonance of Fate,X360,2010,Role-Playing,Sega,0.12,0.13,0.06,0.03,0.33
4733,The Terminator: Dawn of Fate,PS2,2002,Action,Atari,0.2,0.16,0,0.05,0.41
9724,Onechanbara: Bikini Zombie Slayers,Wii,2008,Action,D3Publisher,0.11,0,0,0.01,0.12
5077,Dragon Ball Z: Attack of the Saiyans,DS,2009,Role-Playing,Namco Bandai Games,0.13,0.02,0.21,0.01,0.38
1968,SOCOM: U.S. Navy SEALs Fireteam Bravo 2,PSP,2006,Shooter,Sony Computer Entertainment,0.81,0.11,0,0.13,1.05
12734,The Lord of the Rings: The Battle for Middle-Earth II,X360,2006,Strategy,Electronic Arts,0,0.05,0,0.01,0.06
4143,SimCity Creator,Wii,2008,Simulation,Electronic Arts,0.37,0.03,0.04,0.04,0.48
10981,Samurai Shodown Anthology,PSP,N/A,Fighting,Ignition Entertainment,0.08,0,0,0.01,0.09
5809,Skylanders SWAP Force,XOne,2013,Platform,Activision,0.22,0.06,0,0.02,0.31
13540,B's-LOG Party♪,PSP,2010,Adventure,Idea Factory,0,0,0.04,0,0.04
4404,Jawbreaker,2600,1981,Action,Tigervision,0.42,0.03,0,0,0.45
9752,Mobile Suit Gundam Seed: Rengou vs. Z.A.F.T. Portable,PSP,2007,Shooter,Namco Bandai Games,0,0,0.12,0,0.12
12318,Mobile Suit Gundam Seed: Never Ending Tomorrow,PS2,2004,Shooter,Namco Bandai Games,0.03,0.02,0,0.01,0.06
3306,New Play Control! Donkey Kong Jungle Beat,Wii,2008,Platform,Nintendo,0.24,0.17,0.14,0.05,0.61
15867,Shinkyoku Soukai Polyphonica,PS2,2007,Adventure,Prototype,0,0,0.02,0,0.02
3627,God of War: Origins Collection,PS3,2011,Action,Sony Computer Entertainment,0.39,0.08,0.02,0.06,0.56
13109,ESPN International Winter Sports 2002,GC,2002,Sports,Konami Digital Entertainment,0.04,0.01,0,0,0.05
15107,Brave: The Video Game,Wii,2012,Action,Disney Interactive Studios,0,0.02,0,0,0.02
6895,Dance Dance Revolution: Disney Channel Edition,PS2,2008,Simulation,Konami Digital Entertainment,0.12,0.09,0,0.03,0.24
12979,Mr Bean's Wacky World of Wii,Wii,2009,Adventure,Blast! Entertainment Ltd,0,0.05,0,0,0.05
15162,Warriors of the Lost Empire (JP sales),PSP,2007,Role-Playing,Mercury Games,0,0,0.02,0,0.02
9149,SingStar Vol. 3,PS3,2008,Misc,Sony Computer Entertainment,0,0.11,0,0.03,0.14
923,Dynasty Warriors 3,PS2,2001,Action,THQ,0.53,0.16,1.07,0.1,1.87
515,Assassin's Creed: Brotherhood,PS3,2010,Action,Ubisoft,1.87,0.57,0.11,0.3,2.84
15523,The Cheetah Girls,GBA,2006,Misc,Disney Interactive Studios,0.01,0,0,0,0.02
5262,Wonder Pets! Save the Animals!,DS,2008,Adventure,Take-Two Interactive,0.33,0,0,0.02,0.36
8572,The King of Fighters XII,PS3,2009,Fighting,Ignition Entertainment,0.11,0.01,0.03,0.01,0.16
6109,Monster 4x4: Masters of Metal,PS2,2003,Racing,Ubisoft,0.14,0.11,0,0.04,0.28
8244,SaGa 2: Hihou Densetsu - Goddess of Destiny,DS,2009,Role-Playing,Square Enix,0,0,0.17,0,0.17
11186,Derby Stallion,SAT,1999,Sports,ASCII Entertainment,0,0,0.09,0,0.09
15668,Moe Star: Moeru Toudai Eigojuku,DS,2008,Misc,Mirai Shounen,0,0,0.02,0,0.02
16368,Survivor,Wii,2010,Adventure,Valcon Games,0.01,0,0,0,0.01
2599,Dragon Ball Z: Budokai Tenkaichi 2,PS2,2006,Fighting,Atari,0.66,0.02,0,0.11,0.79
5605,Army of Two: The 40th Day,PSP,2010,Shooter,Electronic Arts,0.12,0.13,0,0.08,0.32
6329,Battle of Giants: Mutant Insects,DS,2010,Strategy,Ubisoft,0.09,0.15,0,0.03,0.27
13506,IL-2 Sturmovik: 1946,PC,2006,Simulation,Ubisoft,0,0.04,0,0.01,0.04
7723,Mega Man Legacy Collection,3DS,2016,Platform,Capcom,0.13,0,0.05,0.02,0.2
10306,Master of the Monster Lair,DS,2007,Role-Playing,Rising Star Games,0.1,0,0,0.01,0.11
11043,Rugby 2005,PS2,2005,Sports,Electronic Arts,0.04,0.03,0,0.01,0.09
1511,Turok: Evolution,PS2,2002,Shooter,Acclaim Entertainment,0.64,0.5,0,0.17,1.31
1110,Super Scope 6,SNES,1991,Shooter,Nintendo,1.06,0.38,0.15,0.05,1.65
9032,Dream Pinball 3D,Wii,2008,Misc,SouthPeak Games,0.1,0.03,0,0.01,0.14
10465,Tom Clancy's Splinter Cell: Chaos Theory,GC,2005,Action,Ubisoft,0.08,0.02,0,0,0.1
13319,Star Driver: Kagayaki no Takuto - Ginga Bishounen Densetsu,PSP,2011,Adventure,Namco Bandai Games,0,0,0.05,0,0.05
11330,Armorines: Project S.W.A.R.M.,PS,2000,Shooter,Acclaim Entertainment,0.05,0.03,0,0.01,0.08
13395,Lux-Pain,DS,2008,Adventure,Rising Star Games,0.04,0,0,0,0.05
6775,Dynasty Warriors 7,X360,2011,Action,Tecmo Koei,0.16,0.07,0,0.02,0.24
823,Need for Speed: ProStreet,PS3,2007,Racing,Electronic Arts,0.73,0.92,0.04,0.37,2.05
7025,Rocket Power: Beach Bandits,GC,2002,Platform,THQ,0.18,0.05,0,0.01,0.23
9564,All-Star Baseball 2004,XB,2003,Sports,Acclaim Entertainment,0.1,0.03,0,0,0.13
4342,World Stadium 2,PS,1998,Sports,Namco Bandai Games,0,0,0.42,0.03,0.45
11120,NFL Blitz 20-02,GC,2002,Sports,Midway Games,0.07,0.02,0,0,0.09
7637,Ford Racing Off Road,PS2,2008,Racing,Xplosiv,0.1,0.08,0,0.03,0.2
15955,Narcissus: Moshimo Ashita ga Runara,PSP,2010,Adventure,Kadokawa Shoten,0,0,0.02,0,0.02
4635,Blazing Angels: Squadrons of WWII,X360,2006,Simulation,Ubisoft,0.36,0.03,0,0.03,0.42
2423,Dragon Ball Z: Burst Limit,PS3,2008,Fighting,Atari,0.22,0.34,0.18,0.12,0.86
12526,Gun Showdown,PSP,2006,Action,Activision,0.05,0.01,0,0.01,0.06
12842,Virtua Tennis 3,PSP,2007,Sports,Sega,0.02,0.03,0,0.01,0.05
9084,The Legend of Heroes II: Prophecy of the Moonlight Witch,PSP,2004,Role-Playing,Namco Bandai Games,0.03,0,0.11,0,0.14
6085,Wappy Dog,DS,2011,Simulation,Activision,0.27,0,0,0.02,0.29
1252,Monopoly,PS,1997,Misc,Hasbro Interactive,1.18,0.27,0,0.05,1.51
506,Call of Duty: Ghosts,XOne,2013,Shooter,Activision,1.87,0.77,0,0.22,2.86
2214,The Legend of Zelda: Twilight Princess HD,WiiU,2016,Action,Nintendo,0.48,0.3,0.08,0.08,0.94
10724,Winter Stars,X360,2011,Sports,Deep Silver,0.05,0.04,0,0.01,0.1
8704,Imagine: Music Fest,DS,2009,Simulation,Ubisoft,0.15,0,0,0.01,0.16
4482,SingStar Motown,PS2,2009,Misc,Sony Computer Entertainment,0,0.06,0,0.38,0.44
5522,Call Of Duty 2: Big Red One,GC,2005,Shooter,Activision,0.25,0.07,0,0.01,0.33
539,inFAMOUS: Second Son,PS4,2014,Action,Sony Computer Entertainment,1.27,0.97,0.07,0.47,2.78
2091,NCAA Football 12,X360,2011,Sports,Electronic Arts,0.94,0,0,0.06,0.99
1803,MechAssault,XB,2002,Simulation,Microsoft Game Studios,1.01,0.1,0,0.03,1.13
1949,NBA Street V3,PS2,2005,Sports,Electronic Arts,0.52,0.41,0,0.14,1.06
2754,Madagascar: Escape 2 Africa,DS,2008,Action,Activision,0.42,0.26,0,0.07,0.75
6566,Sega Rally Revo,PSP,2007,Racing,Sega,0.03,0.15,0,0.08,0.26
10502,Top Gun: Combat Zones,GBA,2004,Simulation,Mastiff,0.07,0.03,0,0,0.1
12868,Hakuouki: Reimeiroku,PS2,2010,Adventure,Idea Factory,0,0,0.05,0,0.05
459,Kung Fu Panda,X360,2008,Action,Activision,1.91,0.84,0,0.29,3.05
5859,Cart World Series,PS,1997,Racing,Sony Computer Entertainment,0.17,0.11,0,0.02,0.3
6306,Pro Race Driver,PS2,2002,Racing,Codemasters,0.13,0.1,0,0.03,0.27
14946,Pop'n Music 12 Iroha,PS2,2006,Simulation,Konami Digital Entertainment,0,0,0.02,0,0.02
11786,Real Sound: Kaze no Riguretto,SAT,1997,Adventure,Warp,0,0,0.07,0,0.07
562,Yokai Watch 2 Shinuchi,3DS,2014,Role-Playing,Level 5,0,0,2.68,0,2.68
10527,The King of Fighters: Dream Match 1999,DC,1999,Fighting,SNK,0,0,0.1,0,0.1
10273,Transformers: Beast Wars Transmetals,PS,2000,Fighting,BAM! Entertainment,0.06,0.04,0,0.01,0.11
2141,NBA 2K16,X360,2015,Sports,Take-Two Interactive,0.77,0.1,0,0.1,0.97
12726,FIFA Street,GC,2005,Sports,Electronic Arts,0.04,0.01,0,0,0.06
2649,Resident Evil: Operation Raccoon City,X360,2012,Action,Capcom,0.55,0.15,0.03,0.06,0.78
3226,FIFA Soccer 2002,PS2,2001,Sports,Electronic Arts,0.31,0.24,0,0.08,0.63
8659,Yakuza Kiwami,PS4,2016,Adventure,Sega,0,0,0.16,0,0.16
10233,Tales of Berseria,PS3,2016,Role-Playing,Namco Bandai Games,0,0,0.11,0,0.11
3789,FIFA 12,PSP,2011,Sports,Electronic Arts,0.12,0.26,0.02,0.14,0.53
5812,Silent Hill: Shattered Memories,PSP,2010,Action,Konami Digital Entertainment,0.09,0.13,0.01,0.08,0.31
9984,Brunswick Pro Bowling,3DS,2011,Sports,Crave Entertainment,0.11,0,0,0.01,0.12
2929,NASCAR 2001,PS2,2000,Racing,Electronic Arts,0.34,0.27,0,0.09,0.7
9425,Star Wars: Lethal Alliance,PSP,2006,Action,Ubisoft,0.11,0.01,0,0.01,0.13
14886,Tank Beat,DS,2006,Strategy,Midas Interactive Entertainment,0.01,0.01,0,0,0.03
12799,Space Chimps,DS,2008,Platform,Brash Entertainment,0.05,0,0,0,0.06
15705,Planetarian: Chiisana Hoshi no Yume,PSP,2009,Adventure,Prototype,0,0,0.02,0,0.02
12360,Dissidia: Final Fantasy Universal Tuning,PSP,2009,Fighting,Square Enix,0,0,0.06,0,0.06
12375,Mario vs. Donkey Kong: Tipping Stars,3DS,2015,Puzzle,Nintendo,0,0,0.06,0,0.06
8584,Asteroids Hyper 64,N64,1999,Shooter,Crave Entertainment,0.13,0.03,0,0,0.16
11823,Harlem Globetrotters: World Tour,DS,2006,Sports,Zoo Digital Publishing,0.07,0,0,0.01,0.07
5070,Dance Dance Revolution Ultramix 3,XB,2005,Simulation,Konami Digital Entertainment,0.28,0.08,0,0.01,0.38
260,Fable II,X360,2008,Role-Playing,Microsoft Game Studios,2.51,1.27,0.11,0.41,4.31
13500,Shin Fortune Quest: Sokutaku no Kishi,PS,1996,Misc,Media Works,0,0,0.04,0,0.04
5850,PowerUp Heroes,X360,2011,Fighting,Ubisoft,0.18,0.1,0,0.03,0.3
3522,Beyond The Beyond,PS,1995,Role-Playing,Sony Computer Entertainment,0.11,0.08,0.35,0.04,0.57
14577,Secret Files 2: Puritas Cordis,Wii,2009,Adventure,Deep Silver,0,0.03,0,0,0.03
9181,Detective Barbie: The Mystery Cruise,PS,1999,Adventure,Mattel Interactive,0.08,0.05,0,0.01,0.14
5324,Yu-Gi-Oh! 5D's Tag Force 5,PSP,2010,Strategy,Konami Digital Entertainment,0.13,0.05,0.14,0.03,0.35
6593,All-Star Baseball 2003,XB,2002,Sports,Acclaim Entertainment,0.19,0.06,0,0.01,0.26
3757,Star Wars Battlefront (2015),PC,2015,Shooter,Electronic Arts,0.13,0.37,0,0.04,0.54
12586,SingStar Mallorca Party,PS3,2009,Misc,Sony Computer Entertainment,0,0.04,0,0.02,0.06
2189,Guitar Hero: Metallica,Wii,2009,Misc,Activision,0.41,0.43,0,0.1,0.95
1819,Moon Patrol,2600,1982,Shooter,Atari,1.05,0.06,0,0.01,1.12
9681,After Hours Athletes,PS3,2011,Sports,Sony Computer Entertainment,0,0.1,0,0.03,0.12
5341,Rugrats: Royal Ransom,PS2,2002,Platform,THQ,0.17,0.13,0,0.04,0.35
3344,The Golden Compass,DS,2007,Action,Sega,0.28,0.25,0,0.06,0.6
14450,Section 8,PC,2009,Shooter,SouthPeak Games,0.01,0.01,0,0,0.03
16330,Inversion,PC,N/A,Shooter,Namco Bandai Games,0.01,0,0,0,0.01
5330,Karaoke Revolution,PS2,2003,Misc,Konami Digital Entertainment,0.17,0.13,0,0.04,0.35
13940,Tenshou Gakuen Gekkouroku,PS2,2006,Adventure,Asmik Ace Entertainment,0,0,0.04,0,0.04
7087,Freedom Fighters,XB,2003,Shooter,Electronic Arts,0.17,0.05,0,0.01,0.23
12472,Dreamer Series: Zoo Keeper,DS,2010,Simulation,DreamCatcher Interactive,0.06,0,0,0,0.06
14990,Ty the Tasmanian Tiger 3: Night of the Quinkan,XB,2005,Action,Zoo Digital Publishing,0.02,0.01,0,0,0.02
4168,ICO,PS2,2001,Action,Sony Computer Entertainment,0.23,0.18,0,0.06,0.47
7058,Mega Man & Bass,GBA,2002,Platform,Capcom,0.16,0.06,0,0,0.23
13263,Ultimate Ghosts 'n Goblins (JP sales),PSP,2006,Platform,Capcom,0,0,0.05,0,0.05
2260,Knockout Kings 2000,N64,1999,Fighting,Electronic Arts,0.63,0.27,0,0.02,0.92
4111,OkamiDen,DS,2010,Adventure,Capcom,0.25,0.07,0.13,0.03,0.48
15975,Scared Rider Xechs,PS2,2010,Adventure,RED Entertainment,0,0,0.02,0,0.02
13565,Need for Speed: ProStreet,PC,2007,Racing,Electronic Arts,0,0.04,0,0.01,0.04
15246,GunParade Orchestra: Midori no Shou,PS2,2006,Adventure,Sony Computer Entertainment,0,0,0.02,0,0.02
4961,MLB 14: The Show,PS3,2014,Sports,Sony Computer Entertainment America,0.35,0,0,0.04,0.39
5651,Marvel Nemesis: Rise of the Imperfects,PSP,2005,Fighting,Electronic Arts,0.29,0,0,0.03,0.32
2747,Red Faction: Guerrilla,PS3,2009,Shooter,THQ,0.33,0.28,0.02,0.12,0.75
7090,pro evolution soccer 2011,Wii,2010,Sports,Konami Digital Entertainment,0.08,0.1,0.03,0.02,0.23
16498,Unending Bloody Call,PSP,2012,Action,Asgard,0,0,0.01,0,0.01
1315,SNK vs. Capcom: The Match of the Millennium,PSP,2006,Fighting,Sega,0.53,0.58,0,0.35,1.46
10922,Puyo Pop Fever (JP sales),DS,2004,Puzzle,Ignition Entertainment,0,0,0.09,0,0.09
14411,Empire Earth II,PC,2005,Strategy,Vivendi Games,0,0.03,0,0,0.03
138,World of Warcraft,PC,2004,Role-Playing,Activision,0.07,6.21,0,0,6.28
744,Star Wars: Knights of the Old Republic,XB,2003,Role-Playing,Activision,1.68,0.44,0,0.08,2.19
13226,Neverland Card Battles,PSP,2008,Role-Playing,Idea Factory,0.04,0,0,0.01,0.05
9248,Shining Soul,GBA,2002,Role-Playing,Atari,0.03,0.01,0.09,0,0.14
13380,Cocoto Kart Racer,DS,2004,Racing,Big Ben Interactive,0.04,0,0,0,0.05
5982,Up,X360,2009,Action,THQ,0.2,0.07,0,0.03,0.29
2719,Marvel vs. Capcom 2: New Age of Heroes,PS2,2002,Fighting,Capcom,0.31,0.24,0.13,0.08,0.76
7979,Magical Starsign (US sales),DS,2006,Role-Playing,Nintendo,0.16,0.03,0,0,0.19
2057,Ford Racing 2,PS2,2003,Racing,Empire Interactive,0.49,0.38,0,0.13,1
5246,We Sing Deutsche Hits,Wii,2011,Misc,Nordic Games,0,0.31,0,0.05,0.36
8233,The Chronicles of Narnia: Prince Caspian,PS3,2008,Action,Disney Interactive Studios,0.14,0.02,0,0.02,0.17
6153,Dead to Rights: Retribution,PS3,2010,Shooter,Namco Bandai Games,0.1,0.12,0.02,0.05,0.28
3325,Guitar Hero: Smash Hits,Wii,2009,Misc,Activision,0.33,0.21,0,0.06,0.61
9198,The King of Fighters '94 (CD),NG,1993,Fighting,SNK,0,0,0.14,0,0.14
1560,WWE '12,X360,2011,Fighting,THQ,0.74,0.4,0,0.12,1.27
14993,Bomberman Fantasy Race,PS,1998,Racing,Virgin Interactive,0.01,0.01,0,0,0.02
13952,Resident Evil 6,XOne,2016,Shooter,Capcom,0.03,0,0,0,0.04
9778,Tenchu: Shadow Assassins,PSP,2009,Action,Ubisoft,0.03,0.03,0.05,0.01,0.12
14743,Kiniro no Corda 2 f Encore,PSP,2009,Role-Playing,Tecmo Koei,0,0,0.03,0,0.03
1058,NCAA Football 07,PS2,2006,Sports,Electronic Arts,1.41,0.05,0,0.23,1.7
12589,FIFA Soccer 07,DS,2006,Sports,Electronic Arts,0.05,0.01,0,0,0.06
3858,Tomb Raider: Legend,PS2,2006,Action,Eidos Interactive,0.25,0.19,0.02,0.06,0.52
7785,Mystery Tales of Time Travel,DS,2010,Puzzle,Foreign Media Games,0.01,0.16,0,0.02,0.19
12299,Naruto: Ultimate Ninja Heroes (JP sales),PSP,2006,Fighting,Namco Bandai Games,0,0,0.06,0,0.06
6647,Amped 2,XB,2003,Sports,Microsoft Game Studios,0.2,0.04,0,0.01,0.25
9540,Dragon Quest Heroes II: Twin Kings and the Prophecy's End,PS3,2016,Action,Square Enix,0,0,0.13,0,0.13
3289,Plants vs. Zombies: Garden Warfare,PS4,2014,Shooter,Electronic Arts,0.21,0.29,0.01,0.11,0.61
7336,Backyard NFL Football '09,Wii,2008,Sports,Atari,0.2,0,0,0.02,0.21
7677,Baja: Edge of Control,X360,2008,Racing,THQ,0.12,0.06,0,0.02,0.2
4245,Stuart Little 2,GBA,2002,Platform,Activision,0.33,0.12,0,0.01,0.46
11193,Tabi no Yubisashi Kaiwachou DS: DS Series 4 America,DS,2006,Misc,Nintendo,0,0,0.09,0,0.09
14232,Utawarerumono Portable,PSP,2009,Role-Playing,Aqua Plus,0,0,0.03,0,0.03
1083,Metroid Fusion,GBA,2002,Action,Nintendo,1.18,0.27,0.17,0.06,1.68
659,LEGO Star Wars: The Complete Saga,PS3,2007,Action,LucasArts,1.02,0.97,0,0.39,2.38
7739,Arcade Shooting Gallery,Wii,2008,Shooter,Zoo Games,0.18,0,0,0.01,0.19
9072,Uta no * Prince-Sama: Repeat,PSP,2011,Adventure,Broccoli,0,0,0.14,0,0.14
16007,Wand of Fortune: Mirai e no Prologue Portable,PSP,2010,Adventure,Idea Factory,0,0,0.01,0,0.01
10774,Dead or Alive 5,PSV,2013,Fighting,Tecmo Koei,0,0.05,0.03,0.02,0.1
5878,Dynasty Warriors 8: Xtreme Legends,PS4,2014,Action,Tecmo Koei,0.09,0.11,0.06,0.04,0.3
2059,PES 2009: Pro Evolution Soccer,X360,2008,Sports,Konami Digital Entertainment,0.13,0.76,0.03,0.09,1
492,Cooking Mama: Cook Off,Wii,2007,Simulation,505 Games,1.43,1.13,0.05,0.3,2.91
8682,Rudolph the Red-Nosed Reindeer,DS,2010,Action,Crave Entertainment,0.15,0,0,0.01,0.16
10092,Spy vs Spy,XB,2005,Action,Global Star,0.08,0.02,0,0,0.11
14687,Safari Adventures: Africa,DS,2008,Adventure,Neko Entertainment,0.03,0,0,0,0.03
4750,Buzz! Junior: Jungle Party,PS2,2006,Misc,Sony Computer Entertainment,0.2,0.16,0,0.05,0.41
117,Crash Bandicoot,PS,1996,Platform,Sony Computer Entertainment,3.23,2.35,0.94,0.3,6.82
11775,Aikatsu! My No.1 Stage!,3DS,2015,Misc,Namco Bandai Games,0,0,0.07,0,0.07
8369,Garfield: Lasagna World Tour,PS2,2007,Action,Blast! Entertainment Ltd,0.08,0.06,0,0.02,0.17
5433,Power Rangers Samurai,DS,2011,Action,Namco Bandai Games,0.27,0.04,0,0.02,0.34
16094,Grooverider: Slot Car Thunder,XB,2003,Racing,Encore,0.01,0,0,0,0.01
16378,Colin McRae Rally 04,PC,2004,Racing,Codemasters,0,0.01,0,0,0.01
529,Killzone 3,PS3,2011,Shooter,Sony Computer Entertainment,1.45,0.88,0.09,0.38,2.79
14502,Code Geass: Hangyaku no Lelouch,DS,2007,Action,Namco Bandai Games,0,0,0.03,0,0.03
11560,Gintama: Gin-San to Issho! Boku no Kabuki Machi Nikki,PS2,2007,Action,Namco Bandai Games,0,0,0.08,0,0.08
3575,Tony Hawk's Project 8,PSP,2006,Sports,Activision,0.41,0.08,0,0.07,0.56
1379,Twisted Metal: Black,PS2,2001,Racing,Sony Computer Entertainment,1.19,0.17,0,0.05,1.41
10919,Girls und Panzer: I Will Master Tankery,PSV,2014,Action,Namco Bandai Games,0,0,0.09,0,0.09
14114,Top Gun: Hard Lock,PS3,2012,Action,505 Games,0,0.03,0,0.01,0.03
3662,CrossworDS,DS,2008,Puzzle,Deep Silver,0.51,0,0,0.04,0.55
6615,Teen Titans,PS2,2006,Action,THQ,0.12,0.1,0,0.03,0.25
1953,Hulk,PS2,2003,Action,Universal Interactive,0.52,0.41,0,0.14,1.06
544,Saints Row: The Third,X360,2011,Action,THQ,1.25,1.15,0.07,0.3,2.77
15887,GTI Club: Supermini Festa!,Wii,2010,Racing,Konami Digital Entertainment,0.01,0,0,0,0.02
15730,MX vs. ATV Supercross Encore,XOne,2015,Sports,Nordic Games,0.02,0,0,0,0.02
6888,Densetsu no Stafi 3,GBA,2004,Platform,Nintendo,0,0,0.23,0.01,0.24
10290,BMX XXX,XB,2002,Sports,Acclaim Entertainment,0.08,0.02,0,0,0.11
8963,High Velocity Bowling,PS3,2010,Sports,Sony Computer Entertainment,0.13,0,0,0.01,0.15
14022,Derby Tsuku 5: Derby Uma o Tsukurou!,PS2,2006,Sports,Sega,0,0,0.04,0,0.04
4806,Advance Wars: Dual Strike,DS,2005,Strategy,Nintendo,0.3,0.03,0.04,0.03,0.4
8770,Wolfenstein: The Old Blood,XOne,2015,Action,Bethesda Softworks,0.07,0.07,0,0.01,0.15
12194,Sly 2: Band of Thieves,PS3,2010,Platform,Sony Computer Entertainment,0,0.05,0,0.02,0.07
7166,Hatsune Miku: Project Mirai 2,3DS,2013,Action,Sega,0,0,0.22,0,0.22
13682,Shukufuku no Campanella Portable,PSP,2010,Adventure,Kadokawa Shoten,0,0,0.04,0,0.04
636,Riven: The Sequel to Myst,PC,1997,Adventure,Red Orb,1.52,0.82,0,0.1,2.43
4038,SpongeBob SquarePants: Creature from the Krusty Krab,DS,2006,Platform,THQ,0.45,0,0,0.04,0.49
15822,The Incredibles: Rise of the Underminer,PC,2005,Action,THQ,0.01,0,0,0,0.02
5913,FIFA 15,PC,2014,Sports,Electronic Arts,0,0.27,0,0.03,0.3
7831,Kamen Rider: Battride War,PS3,2013,Action,Namco Bandai Games,0,0,0.19,0,0.19
7618,Roadsters 99,N64,1999,Racing,Titus,0.06,0.13,0,0.01,0.2
1057,Ben 10: Protector of Earth,DS,2007,Action,D3Publisher,0.69,0.83,0,0.19,1.7
12143,Legends of Wrestling II,GBA,2002,Fighting,Acclaim Entertainment,0.05,0.02,0,0,0.07
770,Tetris DS,DS,2006,Puzzle,Nintendo,0.64,0.07,1.35,0.08,2.13
14256,Midnight Mysteries: The Edgar Allan Poe Conspiracy,PC,2009,Adventure,GSP,0,0.03,0,0.01,0.03
16421,"Tennis no Oji-Sama: Doubles no Oji-Sama - Boys, Be Glorious!",DS,2009,Sports,Konami Digital Entertainment,0,0,0.01,0,0.01
4551,Lego Batman 3: Beyond Gotham,XOne,2014,Action,Warner Bros. Interactive Entertainment,0.23,0.17,0,0.04,0.43
203,Tony Hawk's Pro Skater,PS,1999,Sports,Activision,3.42,1.38,0.02,0.2,5.02
11837,Derby Jockey: Kishou e no Michi,SNES,1994,Sports,Asmik Corp,0,0,0.07,0,0.07
10997,Skies of Arcadia,DC,2000,Role-Playing,Sega,0,0,0.09,0,0.09
9114,Watch Dogs,WiiU,2014,Action,Ubisoft,0.08,0.05,0,0.01,0.14
2277,Street Hoops,PS2,2002,Sports,Activision,0.45,0.35,0,0.12,0.91
16084,Pro Angler Moves,PS3,2012,Sports,"Interworks Unlimited, Inc.",0.01,0,0,0,0.01
8496,True Swing Golf,DS,2005,Sports,Nintendo,0.11,0,0.04,0.01,0.16
9527,The Price is Right 2010 Edition,DS,2009,Misc,Ubisoft,0.12,0,0,0.01,0.13
8206,NBA Starting Five,PS2,N/A,Sports,Unknown,0.09,0.07,0,0.02,0.18
7310,Ninja Gaiden: Dragon Sword,DS,2008,Action,Tecmo Koei,0.17,0.02,0.02,0.02,0.22
2874,Conker: Live And Reloaded,XB,2005,Adventure,Microsoft Game Studios,0.49,0.2,0,0.02,0.71
4693,MLB 10: The Show,PS2,2010,Sports,Sony Computer Entertainment,0.2,0.16,0,0.05,0.41
13979,Super Hero Generation,PSV,2014,Role-Playing,Namco Bandai Games,0,0,0.04,0,0.04
328,Just Dance 2014,Wii,2013,Misc,Ubisoft,1.98,1.47,0,0.32,3.76
717,Cool Boarders 2,PS,1997,Sports,UEP Systems,1.52,0.46,0.2,0.08,2.25
6545,The Testament of Sherlock Holmes,PS3,2012,Adventure,Focus Home Interactive,0.05,0.15,0,0.06,0.26
11663,Pro Yakyuu Famista DS 2010,DS,2010,Sports,Namco Bandai Games,0,0,0.08,0,0.08
6304,SD Gundam G Generation Portable,PSP,2006,Strategy,Namco Bandai Games,0,0,0.27,0,0.27
9398,History Civil War: Secret Missions,X360,2008,Shooter,Activision,0.12,0,0,0.01,0.13
8868,All-Star Baseball 2003,GC,2002,Sports,Acclaim Entertainment,0.12,0.03,0,0,0.15
10733,Rise of the Tomb Raider,PC,2016,Adventure,Square Enix,0,0.09,0,0.01,0.1
7854,Monster 4x4: Stunt Racer,Wii,2009,Racing,Ubisoft,0.18,0,0,0.01,0.19
13017,Dramatic Dungeon: Sakura Wars - Kimi Arugatame,DS,2008,Role-Playing,Sega,0,0,0.05,0,0.05
15069,DemiKids: Light Version,GBA,2002,Role-Playing,Atlus,0.02,0.01,0,0,0.02
13903,Tokumei Sentai Go-Busters,DS,2012,Action,Namco Bandai Games,0,0,0.04,0,0.04
4386,Disney Sing It! High School Musical 3: Senior Year,PS2,2008,Misc,Disney Interactive Studios,0.09,0.02,0,0.34,0.45
10831,Egg Monster Hero,DS,N/A,Role-Playing,Square Enix,0,0,0.09,0,0.09
6546,Game of Thrones,X360,2012,Role-Playing,Focus Home Interactive,0.15,0.08,0,0.02,0.26
4338,Enemy Territory: Quake Wars,X360,2008,Shooter,Activision,0.3,0.11,0,0.04,0.45
12679,World Championship Athletics,Wii,2009,Sports,DTP Entertainment,0.04,0.01,0,0,0.06
4782,Pengo,2600,1983,Adventure,Atari,0.38,0.02,0,0,0.4
13079,Shrek Super Party,GC,2003,Misc,TDK Mediactive,0.04,0.01,0,0,0.05
13292,E.X. Troopers,PS3,2012,Shooter,Capcom,0,0,0.05,0,0.05
3482,Championship Motocross featuring Ricky Carmichael,PS,1998,Racing,THQ,0.32,0.22,0,0.04,0.58
4639,Taiko no Tatsujin DS: Dororon! Youkai Daikessen!!,DS,2010,Misc,Namco Bandai Games,0,0,0.42,0,0.42
15491,Dynasty Warriors 8: Empires,PSV,2015,Action,Tecmo Koei,0,0,0.02,0,0.02
14231,Angler's Club: Ultimate Bass Fishing 3D,3DS,2011,Sports,D3Publisher,0,0.03,0,0,0.03
10562,Yaiba: Ninja Gaiden Z,PS3,2014,Action,Tecmo Koei,0.05,0.04,0,0.02,0.1
5109,LEGO Dimensions,XOne,2015,Action,Warner Bros. Interactive Entertainment,0.21,0.13,0,0.03,0.37
10030,Shining Force NEO,PS2,2005,Role-Playing,Sega,0.06,0.04,0,0.01,0.11
8422,Wolfenstein 3D,GBA,2002,Shooter,BAM! Entertainment,0.12,0.04,0,0,0.17
100,Battlefield 3,X360,2011,Shooter,Electronic Arts,4.46,2.13,0.06,0.69,7.34
12956,Culdcept Revolt,3DS,2016,Strategy,Nintendo,0,0,0.05,0,0.05
13612,BeatMania IIDX 16: Empress + Premium Best,PS2,2009,Simulation,Konami Digital Entertainment,0,0,0.04,0,0.04
6432,Fish Tycoon,DS,2007,Simulation,Majesco Entertainment,0.24,0,0,0.02,0.27
2001,Brink,X360,2011,Shooter,Bethesda Softworks,0.59,0.35,0.01,0.09,1.04
11076,Scrabble,PSP,2009,Misc,Electronic Arts,0.08,0,0,0.01,0.09
3592,Resident Evil 2,N64,1999,Action,Virgin Interactive,0.39,0.09,0.07,0.01,0.56
4317,Barbie as The Island Princess,Wii,2007,Adventure,Activision,0.42,0,0,0.03,0.45
16566,Mortal Kombat: Deadly Alliance,GBA,2002,Fighting,Midway Games,0.01,0,0,0,0.01
15005,Canvas 2,PS2,2006,Adventure,Kadokawa Shoten,0,0,0.02,0,0.02
1215,Tom Clancy's Ghost Recon Advanced Warfighter,X360,2006,Shooter,Ubisoft,1.4,0.02,0.02,0.1,1.54
15459,Digimon Rumble Arena 2,XB,2004,Fighting,Atari,0.01,0,0,0,0.02
10325,Cabela's Adventure Camp,PS3,2011,Misc,Activision,0.06,0.03,0,0.02,0.11
613,Tomb Raider (2013),PS3,2013,Action,Square Enix,0.6,1.31,0.08,0.52,2.51
176,Donkey Kong 64,N64,1999,Platform,Nintendo,3.33,0.79,1.09,0.06,5.27
12673,Gormiti: The Lords of Nature!,DS,2010,Adventure,Konami Digital Entertainment,0.05,0,0,0,0.06
1563,The Elder Scrolls Online,XOne,2015,Role-Playing,Bethesda Softworks,0.77,0.38,0,0.12,1.27
9829,Grand Theft Auto: San Andreas,X360,2008,Action,Take-Two Interactive,0.08,0.03,0,0.01,0.12
8813,Gundam Breaker 2,PSV,2014,Action,Namco Bandai Games,0,0,0.15,0,0.15
8565,Namco Classic Fighter Collection,PS2,2008,Fighting,Namco Bandai Games,0.08,0.06,0,0.02,0.16
11422,Pro Evolution Soccer 2008 (JP sales),DS,2007,Sports,Konami Digital Entertainment,0,0,0.08,0,0.08
10772,Global Touring Challenge: Africa,PS2,2001,Racing,Rage Software,0.05,0.04,0,0.01,0.1
6301,Athens 2004,PS2,2004,Sports,Sony Computer Entertainment,0.13,0.1,0,0.03,0.27
8761,Saturn Bomberman,SAT,1996,Puzzle,Sega,0,0,0.15,0,0.15
5895,One Piece Unlimited Cruise SP,3DS,2011,Action,Namco Bandai Games,0,0,0.3,0,0.3
20,Brain Age: Train Your Brain in Minutes a Day,DS,2005,Misc,Nintendo,4.75,9.26,4.16,2.05,20.22
1344,Tiger Woods PGA Tour 2005,PS2,2004,Sports,Electronic Arts,1.03,0.32,0,0.09,1.44
12590,Resident Evil - Code: Veronica X,GC,2003,Action,Capcom,0.05,0.01,0,0,0.06
13810,Shadow of the Colossus,PS3,2011,Action,Sony Computer Entertainment,0,0,0.04,0,0.04
6275,Motocross Maniacs Advance,GBA,2002,Racing,Konami Digital Entertainment,0.2,0.07,0,0,0.27
12210,Cold Stone Creamery: Scoop It Up,Wii,2009,Misc,Zoo Games,0.06,0,0,0,0.07
15841,Zoey 101: Field Trip Fiasco,DS,2007,Action,THQ,0.02,0,0,0,0.02
12249,Ojyousama Express,PS,1998,Strategy,Media Works,0,0,0.06,0,0.06
1090,Star Wars: Battlefront II,XB,2005,Shooter,Activision,1.22,0.39,0,0.06,1.67
3063,Finding Nemo,XB,2003,Action,THQ,0.48,0.16,0,0.02,0.66
12144,Tony Hawk's Pro Skater 5,X360,2015,Sports,Activision,0.06,0,0,0.01,0.07
12914,Major League Baseball 2K11,PSP,2011,Sports,Take-Two Interactive,0.05,0,0,0,0.05
10437,Kirarin * Revolution: Tsukutte Misechao! Kime * Kira Stage,DS,2007,Simulation,Konami Digital Entertainment,0,0,0.1,0,0.1
9497,RealSports Volleyball,2600,1981,Sports,Atari,0.12,0.01,0,0,0.13
3733,Rune Factory 2: A Fantasy Harvest Moon,DS,2008,Role-Playing,Rising Star Games,0.33,0.03,0.15,0.03,0.54
1132,NBA 2K15,X360,2014,Sports,Take-Two Interactive,1.33,0.14,0,0.15,1.63
16295,Surf's Up,GC,2007,Sports,Ubisoft,0.01,0,0,0,0.01
9919,USA Today Crossword Challenge,DS,2008,Puzzle,Destineer,0.11,0,0,0.01,0.12
670,Madden NFL 10,PS3,2009,Sports,Electronic Arts,2.03,0.13,0,0.21,2.37
11161,Ford Racing 3,XB,2004,Racing,Take-Two Interactive,0.07,0.02,0,0,0.09
1735,Medal of Honor: Rising Sun,XB,2003,Shooter,Electronic Arts,0.76,0.36,0,0.05,1.17
13851,Scarface: The World is Yours,PC,2006,Action,Vivendi Games,0.01,0.02,0,0.01,0.04
9671,High Velocity: Mountain Racing Challenge,SAT,1995,Racing,Atlus,0,0,0.12,0,0.12
13464,Rapala Trophies,PSP,2006,Sports,Activision,0.04,0,0,0,0.04
10405,Petz Fashion: Dogz & Catz,DS,2009,Simulation,Ubisoft,0.1,0,0,0.01,0.11
10672,Sneakers,XB,2002,Puzzle,Microsoft Game Studios,0.07,0.02,0,0,0.1
9200,Master Jin Jin's IQ Challenge,DS,2006,Misc,505 Games,0.13,0,0,0.01,0.14
2729,Final Fantasy Legend III,GB,1991,Role-Playing,SquareSoft,0,0,0.76,0,0.76
2310,Resistance: Retribution,PSP,2009,Shooter,Sony Computer Entertainment,0.27,0.36,0.05,0.22,0.9
5601,Bust-A-Move '99,PS,1997,Puzzle,Acclaim Entertainment,0.18,0.12,0,0.02,0.32
4444,Child of Eden,X360,2011,Shooter,Ubisoft,0.28,0.12,0,0.04,0.44
16033,My Little Baby,DS,2008,Simulation,CDV Software Entertainment,0,0.01,0,0,0.01
985,Final Fantasy II,SNES,1991,Role-Playing,Square,0.24,0.09,1.33,0.12,1.77
11169,Lego Star Wars: The Force Awakens,WiiU,2016,Action,Warner Bros. Interactive Entertainment,0.04,0.04,0,0.01,0.09
15659,Barnyard Blast: Swine of the Night,DS,2008,Platform,Big Ben Interactive,0.02,0,0,0,0.02
4006,Shrek SuperSlam,PS2,2005,Action,Activision,0.24,0.19,0,0.06,0.5
2412,Tomb Raider: Anniversary,Wii,2007,Action,Eidos Interactive,0.12,0.63,0,0.11,0.86
9100,Pipe Mania,PS2,2008,Puzzle,Empire Interactive,0.07,0.05,0,0.02,0.14
7775,NCAA Final Four 2003,PS2,2002,Sports,Sony Computer Entertainment,0.09,0.07,0,0.02,0.19
2967,Nintendo Presents: New Style Boutique 2 - Fashion Forward,3DS,2015,Misc,Nintendo,0.01,0.61,0.02,0.04,0.69
4187,L.A. Rush,PS2,2005,Racing,Midway Games,0.23,0.18,0,0.06,0.47
15408,Vitamin R,PSP,2013,Adventure,D3Publisher,0,0,0.02,0,0.02
5656,Rock Band Country Track Pack,PS2,2009,Misc,MTV Games,0.16,0.12,0,0.04,0.32
3843,NBA Live 09,PS3,2008,Sports,Electronic Arts,0.46,0,0.02,0.04,0.52
10166,The Spiderwick Chronicles,X360,2008,Action,Vivendi Games,0.09,0.01,0,0.01,0.11
8974,Dreamworks 2-in-1 Party Pack,DS,2010,Misc,Activision,0.14,0,0,0.01,0.15
10974,Total Overdose: A Gunslinger's Tale in Mexico,PS2,2005,Shooter,Eidos Interactive,0.04,0.04,0,0.01,0.09
12678,Real Soccer 2009,DS,2008,Sports,Ubisoft,0.05,0,0,0,0.06
12881,Reader Rabbit 2nd Grade,Wii,N/A,Misc,Unknown,0.05,0,0,0,0.05
5192,Earth Defense Force 2025,PS3,2013,Shooter,D3Publisher,0.04,0.03,0.27,0.02,0.36
7661,Shark Tale,XB,2004,Action,Activision,0.15,0.04,0,0.01,0.2
12493,Alvin and the Chipmunks,Wii,2007,Misc,Eidos Interactive,0.05,0,0,0,0.06
9551,Venetica,PS3,2010,Role-Playing,DTP Entertainment,0.07,0.04,0,0.02,0.13
2891,Football Manager 2014,PC,2013,Sports,Sega,0,0.6,0,0.1,0.71
7693,Go Play: Lumberjacks,Wii,2009,Simulation,Majesco Entertainment,0.18,0,0,0.01,0.2
15689,Machi-ing Maker 4,PS3,2011,Strategy,D3Publisher,0,0,0.02,0,0.02
9942,Ridge Racer Unbounded,X360,2012,Racing,Namco Bandai Games,0.05,0.05,0,0.01,0.12
6007,From TV Animation One Piece: Treasure Battle!,GC,2002,Fighting,Namco Bandai Games,0,0,0.28,0.01,0.29
2600,The Walking Dead: Season One,PS3,2012,Adventure,Avanquest Software,0.4,0.25,0.03,0.11,0.79
10109,Invizimals: The Lost Tribes,PSP,2011,Action,Sony Computer Entertainment,0,0.08,0,0.04,0.11
3441,Petz Dogz 2,Wii,2007,Simulation,Ubisoft,0.53,0.01,0,0.04,0.58
4148,Fantavision,PS2,2000,Puzzle,Sony Computer Entertainment,0.14,0.11,0.19,0.04,0.47
15015,Ferrari Challenge Trofeo Pirelli Deluxe,Wii,2009,Racing,System 3 Arcade Software,0,0.02,0,0,0.02
5927,Alvin and the Chipmunks: The Squeakquel,DS,2009,Misc,Majesco Entertainment,0.28,0,0,0.02,0.3
15442,Nervous Brickdown,DS,2007,Puzzle,Eidos Interactive,0,0.01,0,0,0.02
5097,Ultimate Spider-Man,GC,2005,Action,Activision,0.29,0.07,0,0.01,0.37
11320,Bomberman Jetters,GC,2002,Puzzle,Hudson Soft,0.06,0.02,0,0,0.08
15222,Legend: Hand of God,PC,2007,Role-Playing,DTP Entertainment,0,0.02,0,0,0.02
3349,WarioWare D.I.Y.,DS,2009,Misc,Nintendo,0.18,0.19,0.2,0.04,0.6
5616,Tony Hawk's American Wasteland,X360,2005,Sports,Activision,0.28,0.02,0,0.03,0.32
566,Call Of Duty 2: Big Red One,PS2,2005,Shooter,Activision,1.48,0.92,0.01,0.26,2.67
12602,Splat Renegade Paintball,XB,2005,Sports,Take-Two Interactive,0.04,0.01,0,0,0.06
1491,TOCA 2: Touring Cars,PS,1998,Racing,Codemasters,0.03,1.16,0.02,0.11,1.32
807,Sim Theme Park,PC,1998,Strategy,Electronic Arts,2.04,0.04,0,0,2.08
3076,Fist of the North Star: Ken's Rage,PS3,2010,Action,Ubisoft Annecy,0.06,0.03,0.55,0.02,0.66
3489,Disgaea 4: A Promise Unforgotten,PS3,2011,Role-Playing,Nippon Ichi Software,0.27,0.11,0.14,0.06,0.58
1759,Rocksmith,PS3,2011,Misc,Ubisoft,0.52,0.38,0.09,0.17,1.16
6677,Golden Nugget Casino,GBA,2004,Misc,Majesco Entertainment,0.18,0.07,0,0,0.25
16080,Destiny Links,DS,2009,Role-Playing,Namco Bandai Games,0,0,0.01,0,0.01
10579,Project Hacker: Kakusei,DS,2006,Action,Nintendo,0,0,0.1,0,0.1
3071,Rayman Legends,PS3,2013,Platform,Ubisoft,0.14,0.38,0,0.14,0.66
14063,Pirates: Duels on the High Seas,DS,2008,Action,Oxygen Interactive,0.03,0,0,0,0.04
9358,NHL 2K9,PS3,2008,Sports,Take-Two Interactive,0.11,0.01,0,0.01,0.13
6651,Cars,X360,2006,Racing,THQ,0.22,0.02,0,0.02,0.25
15997,S.Y.K: Shinsetsu Saiyuuki,PS2,2009,Adventure,Idea Factory,0,0,0.01,0,0.01
10933,Playmobil Circus,Wii,2009,Action,Mindscape,0.06,0.02,0,0.01,0.09
12228,Dream C Club,X360,2009,Simulation,D3Publisher,0,0,0.07,0,0.07
16465,Outdoors Unleashed: Alaska 3D,3DS,2011,Sports,Mastiff,0.01,0,0,0,0.01
4026,MotorStorm: Apocalypse,PS3,2011,Racing,Sony Computer Entertainment,0.21,0.2,0,0.08,0.49
617,Saints Row: The Third,PS3,2011,Action,THQ,0.86,1.06,0.18,0.39,2.49
10728,Ultra Street Fighter IV,PS4,2015,Fighting,Capcom,0,0.08,0,0.01,0.1
12783,BattleBots: Beyond the BattleBox,GBA,2002,Action,Vivendi Games,0.04,0.01,0,0,0.06
11861,Let's Paint,Wii,2010,Simulation,Zoo Games,0.07,0,0,0,0.07
13521,D.C.F.S.: Da Capo Four Seasons,PS2,2005,Adventure,Kadokawa Shoten,0,0,0.04,0,0.04
1138,Mario Hoops 3 on 3,DS,2006,Sports,Nintendo,0.99,0.04,0.49,0.1,1.62
9342,Suzumiya Haruhi no Tomadoi,PS2,2008,Adventure,Banpresto,0,0,0.13,0,0.13
12810,Pro Yakyuu Famista 2011,3DS,2011,Sports,Namco Bandai Games,0,0,0.06,0,0.06
15282,Heavy Fire: The Chosen Few 3D,3DS,2011,Shooter,Mastiff,0.02,0,0,0,0.02
15625,Tiny Toon Adventures: Wacky Stackers,GBA,2001,Puzzle,Conspiracy Entertainment,0.01,0,0,0,0.02
3649,Sakura Wars,SAT,1996,Adventure,Sega,0,0,0.55,0,0.55
650,Frogger's Adventures: Temple of the Frog,GBA,N/A,Adventure,Konami Digital Entertainment,2.15,0.18,0,0.07,2.39
9773,Crush3D,3DS,2012,Platform,Sega,0.07,0.04,0,0.01,0.12
5027,Lilo & Stitch 2: Hämsterviel Havoc,GBA,2004,Action,Disney Interactive Studios,0.27,0.1,0,0.01,0.38
322,Nintendogs + cats,3DS,2011,Simulation,Nintendo,1.44,1.37,0.73,0.27,3.81
8424,Learning to Spell,DS,2010,Misc,505 Games,0.16,0,0,0.01,0.17
5290,Star Fox: Zero,WiiU,2016,Shooter,Nintendo,0.16,0.1,0.07,0.03,0.35
2025,Rock Band 2,Wii,2008,Misc,MTV Games,0.94,0.01,0,0.08,1.03
14568,Winx Club: Rockstars,DS,2010,Adventure,Namco Bandai Games,0,0.03,0,0,0.03
10971,Shrek SuperSlam,XB,2005,Action,Activision,0.07,0.02,0,0,0.09
547,Assassin's Creed IV: Black Flag,PS4,2013,Action,Ubisoft,1.07,1.31,0.06,0.31,2.74
3039,Crafting Mama,DS,2010,Simulation,505 Games,0.4,0.21,0.01,0.05,0.67
12635,Killing Zone,PS,1996,Fighting,Acclaim Entertainment,0.03,0.02,0,0,0.06
2577,Sonic & SEGA All-Stars Racing with Banjo-Kazooie,X360,2010,Racing,Sega,0.37,0.35,0,0.07,0.8
1437,Dance Dance Revolution (Japan),PS,1999,Simulation,Konami Digital Entertainment,0,0,1.26,0.09,1.35
13811,Phantom Breaker,X360,2011,Fighting,5pb,0.02,0,0.02,0,0.04
13956,Monster High: New Ghoul in School,3DS,2015,Action,Little Orbit,0,0.03,0,0,0.04
12688,Scurge: Hive,DS,2006,Action,SouthPeak Games,0.05,0,0,0,0.06
4994,SD Gundam G Generation Spirits,PS2,2007,Strategy,Namco Bandai Games,0,0,0.38,0,0.38
271,EyeToy Play,PS2,2003,Misc,Sony Computer Entertainment,0.88,2.3,0.2,0.83,4.2
8391,Michael Jackson: The Experience 3D,3DS,2011,Misc,Ubisoft,0.13,0.03,0,0.01,0.17
3360,Half-Life,PS2,2001,Shooter,Vivendi Games,0.29,0.23,0,0.08,0.6
3853,Ratatouille,PS3,2007,Action,THQ,0.09,0.32,0,0.11,0.52
6396,The BIGS,X360,2007,Sports,Take-Two Interactive,0.18,0.08,0,0,0.27
6720,X-Men: Destiny,PS3,2011,Action,Activision,0.14,0.08,0,0.03,0.25
7595,Press Your Luck 2010 Edition,DS,2009,Misc,Ubisoft,0.19,0,0,0.01,0.2
11707,Mind Quiz: Your Brain Coach,DS,2006,Misc,Ubisoft,0,0,0.08,0,0.08
3494,Naruto: Uzumaki Chronicles 2,PS2,2006,Action,Namco Bandai Games,0.28,0.22,0,0.07,0.58
15266,Dragon's Lair,DS,2010,Platform,Destineer,0.02,0,0,0,0.02
4267,Virtua Tennis 4,PS3,2011,Sports,Sega,0.09,0.25,0.03,0.09,0.46
1214,Warcraft III: The Frozen Throne,PC,2003,Strategy,Activision,0.58,0.87,0,0.09,1.54
2419,Dragon Quest VIII: Journey of the Cursed King,3DS,2015,Role-Playing,Square Enix,0,0,0.86,0,0.86
5458,Virtua Tennis 2009,X360,2009,Sports,Sega,0.12,0.18,0,0.03,0.33
13587,Max & the Magic Marker,Wii,2011,Platform,Unknown,0,0.04,0,0,0.04
9030,Super Robot Taisen OG Saga: Endless Frontier (JP sales),DS,2008,Role-Playing,Namco Bandai Games,0,0,0.14,0,0.14
6912,Lego Star Wars: The Force Awakens,XOne,2016,Action,Warner Bros. Interactive Entertainment,0.12,0.1,0,0.02,0.24
12718,Titan Quest,PC,2006,Role-Playing,THQ,0.01,0.04,0,0.01,0.06
13084,Keroro Gunsou: Enshuu da Yo! Zenin Shuugou Part 2,DS,2007,Action,Namco Bandai Games,0,0,0.05,0,0.05
2224,Bentley's Hackpack,GBA,2005,Misc,N/A,0.67,0.25,0,0.02,0.93
5754,Lord of Arcana,PSP,2010,Role-Playing,Square Enix,0.07,0.04,0.17,0.03,0.31
944,NCAA Football 06,PS2,2005,Sports,Electronic Arts,1.53,0.05,0,0.25,1.84
5170,Nonomura Byoin no Hitobito,SAT,1996,Adventure,Elf,0,0,0.36,0,0.36
14217,Overlord II,PC,2009,Action,Codemasters,0,0.03,0,0.01,0.03
745,Kirby's Pinball Land,GB,1992,Misc,Nintendo,0.87,0.17,1.1,0.05,2.19
4811,The Incredibles: Rise of the Underminer,GBA,2005,Action,THQ,0.29,0.11,0,0.01,0.4
4649,Castlevania: Curse of Darkness,PS2,2005,Action,Konami Digital Entertainment,0.18,0.14,0.05,0.05,0.42
4138,Tiger Woods PGA Tour 06,XB,2005,Sports,Electronic Arts,0.35,0.11,0,0.02,0.48
10260,Terraria,PSV,2013,Action,Screenlife,0,0.01,0.09,0,0.11
5277,Outlaw Golf 2,PS2,2004,Sports,Global Star,0.17,0.14,0,0.05,0.35
11552,BioShock The Collection,XOne,2016,Shooter,Take-Two Interactive,0.03,0.04,0,0.01,0.08
14678,Harukanaru Toki no Naka de 5: Kazahanaki,PSP,2012,Role-Playing,Ackkstudios,0,0,0.03,0,0.03
2927,World of Zoo,DS,2009,Simulation,THQ,0.43,0.2,0,0.06,0.7
7793,Dante's Inferno,PSP,2010,Action,Electronic Arts,0.12,0.03,0.01,0.03,0.19
9508,Green Lantern: Rise of the Manhunters,X360,2011,Action,Warner Bros. Interactive Entertainment,0.07,0.05,0,0.01,0.13
11973,Pro Yaky? Spirits 2011,3DS,2011,Sports,Konami Digital Entertainment,0,0,0.07,0,0.07
5609,Crash of the Titans,X360,2007,Action,Vivendi Games,0.27,0.02,0,0.03,0.32
7641,Schlag den Raab,Wii,2010,Misc,Namco Bandai Games,0,0.17,0,0.03,0.2
1882,LEGO Star Wars II: The Original Trilogy,DS,2006,Action,LucasArts,0.96,0.04,0,0.08,1.09
9004,Tennis no Oji-Sama: Aim at The Victory!,GBA,2002,Sports,Konami Digital Entertainment,0,0,0.14,0,0.14
14097,Might & Magic X: Legacy,PC,2014,Role-Playing,Ubisoft,0,0.03,0,0,0.04
16065,Turbo: Super Stunt Squad,X360,2013,Sports,D3Publisher,0,0.01,0,0,0.01
16577,Yattaman Wii: BikkuriDokkiri Machine de Mou Race da Koron,Wii,2008,Racing,Takara Tomy,0,0,0.01,0,0.01
16057,Samurai Shodown Anthology (JP sales),PS2,2008,Fighting,Ignition Entertainment,0,0,0.01,0,0.01
13980,Simple DS Series Vol. 15: The Kanshikikan 2 - Aratanaru 8-tsu no Jiken wo Touch seyo,DS,2007,Adventure,D3Publisher,0,0,0.04,0,0.04
6517,Indiana Jones and the Staff of Kings,DS,2009,Action,Activision,0.17,0.07,0,0.02,0.26
2815,Full Spectrum Warrior,XB,2004,Strategy,THQ,0.54,0.16,0,0.03,0.73
14325,Smart Girl's Winter Wonderland,DS,2008,Misc,UFO Interactive,0.03,0,0,0,0.03
6272,Shin Nippon Pro Wrestling: Toukon Retsuden 2,PS,1996,Fighting,Tomy Corporation,0,0,0.26,0.02,0.27
11589,Bleach: Heat the Soul 4,PSP,2007,Fighting,Sony Computer Entertainment,0,0,0.08,0,0.08
448,Heavy Rain,PS3,2010,Adventure,Sony Computer Entertainment,1.29,1.27,0.06,0.5,3.12
14862,MeiQ no Chika Ni Shisu: A Maze to Eradicate Them All,PSV,2015,Role-Playing,Idea Factory,0,0.01,0.01,0,0.03
11293,Derby Tsuku: Derby Uma o Tsukurou!,DC,2000,Sports,Sega,0,0,0.08,0,0.08
13488,Operation Flashpoint: Elite,XB,2005,Shooter,Codemasters,0.03,0.01,0,0,0.04
4035,Power Rangers: Dino Thunder,GBA,2003,Action,THQ,0.35,0.13,0,0.01,0.49
5792,TouchMaster: Connect,DS,2010,Puzzle,Warner Bros. Interactive Entertainment,0.11,0.17,0,0.03,0.31
14195,Cabela's Outdoor Adventures,GC,2005,Sports,Activision,0.03,0.01,0,0,0.03
11055,Naruto RPG 3: Rejiuu vs Konoha Shoutai,DS,2006,Role-Playing,Takara Tomy,0,0,0.09,0,0.09
6939,Tony Hawk's Downhill Jam,Wii,N/A,Sports,Activision,0.21,0,0,0.02,0.24
14525,Samurai Spirits: Tenkaichi Kenkakuden,PS2,N/A,Fighting,Unknown,0,0,0.03,0,0.03
842,Dead Space,PS3,2008,Action,Electronic Arts,1.05,0.67,0,0.3,2.02
1999,Naruto: Clash of Ninja 2,GC,2003,Fighting,Nintendo,0.44,0.12,0.45,0.03,1.04
15207,Turbo: Super Stunt Squad,PS3,2013,Sports,D3Publisher,0,0.02,0,0,0.02
13528,FlatOut 2,XB,2006,Racing,Empire Interactive,0.03,0.01,0,0,0.04
11122,Data East Arcade Classics,Wii,2010,Misc,Majesco Entertainment,0.08,0,0,0.01,0.09
682,The Legend of Zelda: Majora's Mask 3D,3DS,2015,Action,Nintendo,1.14,0.54,0.47,0.17,2.32
4628,James Bond 007: Everything or Nothing,GC,2004,Shooter,Electronic Arts,0.32,0.08,0,0.01,0.42
6286,Littlest Pet Shop: Beach Friends,DS,2009,Simulation,Electronic Arts,0.25,0,0,0.02,0.27
6973,Buffy the Vampire Slayer,XB,2002,Action,Electronic Arts,0.18,0.05,0,0.01,0.23
898,Monopoly,Wii,2008,Misc,Electronic Arts,0.87,0.85,0,0.2,1.92
1841,Donkey Kong Jr.,NES,1983,Platform,Nintendo,0.33,0.07,0.7,0.01,1.11
11819,I-Ninja,XB,2003,Platform,Namco Bandai Games,0.05,0.02,0,0,0.07
7386,Transformer: Rise of the Dark Spark,PS4,2014,Action,Activision,0.07,0.1,0.01,0.04,0.21
8438,Leisure Suit Larry: Magna Cum Laude,XB,2004,Adventure,Vivendi Games,0.12,0.04,0,0.01,0.17
14347,Atelier Sophie: The Alchemist of the Mysterious Book,PS3,2015,Role-Playing,Tecmo Koei,0,0,0.03,0,0.03
11538,The Croods: Prehistoric Party!,DS,2013,Misc,D3Publisher,0.03,0.04,0,0.01,0.08
1948,Sega Superstars Tennis,Wii,2008,Sports,Sega,0.28,0.65,0,0.13,1.06
3054,NFL Street,XB,2004,Sports,Electronic Arts,0.49,0.15,0,0.02,0.66
622,Pure,X360,2008,Racing,Disney Interactive Studios,1.38,0.85,0,0.25,2.48
12439,Jissen Pachislot Secrets! Fist of the North Star F - Seikimatsu Kyuuseishu Densetsu,PS3,2012,Action,Sega,0,0,0.06,0,0.06
15557,Tsuki ni Yori Sou Otome no Sahou: Hidamari no Hibi,PSV,2015,Adventure,dramatic create,0,0,0.02,0,0.02
5863,The Dukes of Hazzard II: Daisy Dukes It Out,PS,N/A,Racing,Unknown,0.17,0.11,0,0.02,0.3
11301,The Secret Saturdays: Beasts of the 5th Sun,DS,2009,Action,D3Publisher,0.08,0,0,0.01,0.08
2328,Killzone: Liberation,PSP,2006,Shooter,Sony Computer Entertainment,0.44,0.28,0,0.18,0.89
14715,D1 Professional Drift Grand Prix Series,PS2,2005,Racing,Yuke's,0.01,0.01,0,0,0.03
3436,FIFA Soccer 10,DS,2009,Sports,Electronic Arts,0.14,0.37,0,0.07,0.59
10409,SingStar Guitar,PS3,2010,Misc,Sony Computer Entertainment,0,0.08,0,0.02,0.11
7837,uDraw Studio: Instant Artist,Wii,2011,Misc,THQ,0.08,0.09,0,0.02,0.19
3486,Phoenix Wright: Ace Attorney - Justice for All,DS,2006,Adventure,Capcom,0.24,0.05,0.26,0.03,0.58
244,Uncharted: The Nathan Drake Collection,PS4,2015,Action,Sony Computer Entertainment,1.96,1.69,0.08,0.74,4.47
11540,Batman: Dark Tomorrow,GC,2003,Action,Kemco,0.06,0.02,0,0,0.08
2070,Road & Track Presents: The Need for Speed,PS,1995,Racing,Electronic Arts,0.56,0.38,0,0.07,1
6942,Dark Cavern,2600,1981,Shooter,Mattel Interactive,0.22,0.01,0,0,0.24
4641,JumpStart: Escape from Adventure Island,Wii,2009,Adventure,Knowledge Adventure,0.39,0,0,0.03,0.42
4083,Sonic & All-Stars Racing Transformed,PSV,2012,Racing,Sega,0.12,0.25,0,0.11,0.48
5677,UEFA Euro 2008 Austria-Switzerland,PS2,2008,Sports,Electronic Arts,0.03,0,0,0.28,0.32
8219,Monkey Island: Special Edition Collection,PC,2011,Adventure,LucasArts,0,0.14,0,0.04,0.17
307,Tony Hawk's Underground,PS2,2003,Sports,Activision,2.29,1.17,0.01,0.42,3.9
9276,MotoGP '06,X360,2006,Racing,THQ,0.11,0.01,0,0.01,0.14
13617,Puyo Pop Fever,PSP,2004,Puzzle,Ignition Entertainment,0,0,0.04,0,0.04
9487,Shrek Super Party,XB,2002,Misc,TDK Mediactive,0.1,0.03,0,0,0.13
11208,Top Gear Rally,GBA,2003,Racing,Kemco,0.06,0.02,0,0,0.09
6752,Project Overkill,PS,1996,Shooter,Konami Digital Entertainment,0.14,0.09,0,0.02,0.25
3621,Rune Factory: A Fantasy Harvest Moon,DS,2006,Role-Playing,Rising Star Games,0.37,0.02,0.14,0.03,0.56
2422,MLB 99,PS,1998,Sports,Sony Computer Entertainment,0.48,0.32,0,0.06,0.86
9073,Senran Kagura Burst: Guren no Sh?jo-tachi,3DS,2012,Action,Marvelous Entertainment,0,0,0.14,0,0.14
12421,Muppets Party Cruise,PS2,2003,Misc,TDK Mediactive,0.03,0.02,0,0.01,0.06
10567,Fallout 3 Game Add-On Pack: The Pitt and Operation: Anchorage,X360,2009,Role-Playing,Bethesda Softworks,0.09,0.01,0,0.01,0.1
9488,Sonic Riders,XB,2006,Racing,Sega,0.1,0.03,0,0,0.13
3380,Asphalt: Urban GT,DS,2004,Racing,Ubisoft,0.31,0.22,0,0.06,0.6
14850,Terraria,WiiU,2016,Action,505 Games,0,0.02,0,0,0.03
15768,Strike Witches: Shirogane no Tsubasa,X360,2010,Strategy,CyberFront,0,0,0.02,0,0.02
1357,UFC Undisputed 2010,PS3,2010,Fighting,THQ,0.8,0.41,0.02,0.19,1.42
8180,Shawn Johnson Gymnastics,Wii,2010,Sports,Zoo Games,0.17,0,0,0.01,0.18
8089,Odin Sphere: Leifthrasir,PS4,2016,Role-Playing,Nippon Ichi Software,0.06,0.03,0.07,0.02,0.18
7629,Shining Hearts,PSP,2010,Role-Playing,Sega,0,0,0.2,0,0.2
2509,Tony Hawk's Pro Skater 3,GC,2001,Sports,Activision,0.64,0.17,0,0.02,0.82
14965,Viva Pinata,PC,2007,Simulation,Microsoft Game Studios,0,0.02,0,0,0.02
13567,Mechanic Escape,PS3,2012,Platform,D3Publisher,0,0,0.04,0,0.04
1612,Ben 10: Protector of Earth,Wii,2007,Action,D3Publisher,0.55,0.55,0,0.13,1.23
12715,Senritsu no Stratus,PSP,2011,Role-Playing,Konami Digital Entertainment,0,0,0.06,0,0.06
1006,Kingdom Hearts,PS3,2013,Role-Playing,Square Enix,0.9,0.37,0.25,0.24,1.75
15866,Gaist Crusher God,3DS,2014,Action,Capcom,0,0,0.02,0,0.02
7506,WWE All Stars,Wii,2011,Fighting,THQ,0.11,0.07,0,0.02,0.2
14056,DarkStar One,PC,2006,Simulation,Ubisoft,0,0.03,0,0.01,0.04
10204,"Sesame Street: Ready, Set, Grover!",Wii,2011,Misc,Warner Bros. Interactive Entertainment,0.1,0,0,0.01,0.11
7561,Marvel: Ultimate Alliance 2,DS,2009,Role-Playing,Activision,0.16,0.03,0,0.02,0.2
13397,Cabela's Trophy Bucks,X360,2007,Sports,Activision Value,0.04,0,0,0,0.05
1559,NBA 2K9,X360,2008,Sports,Take-Two Interactive,1,0.16,0,0.11,1.27
10025,Final Fantasy III,PSP,2012,Role-Playing,Square Enix,0,0,0.11,0,0.11
8731,James Noir's Hollywood Crimes,3DS,2011,Adventure,Ubisoft,0.07,0.07,0,0.02,0.15
3837,Syphon Filter 3,PS,2001,Shooter,Sony Computer Entertainment,0.29,0.2,0,0.03,0.52
3432,Deus Ex: Human Revolution,PC,2011,Shooter,Square Enix,0.25,0.25,0,0.09,0.59
11417,Cloudy With a Chance of Meatballs,PSP,2009,Platform,Ubisoft,0.07,0,0,0.01,0.08
13170,Chousoku Henkei Gyrozetter: Albatross no Tsubasa,3DS,2013,Role-Playing,Square Enix,0,0,0.05,0,0.05
15774,Root Infinity Rexx,PSV,2015,Adventure,Idea Factory,0,0,0.02,0,0.02
9242,Zetta Hero Project: Unlosing Ranger vs. Darkdeath Evilman,PSP,2010,Role-Playing,Nippon Ichi Software,0.07,0,0.06,0.01,0.14
2964,Harry Potter and the Chamber of Secrets,GC,2002,Action,Electronic Arts,0.53,0.14,0,0.02,0.69
2596,The Godfather II,X360,2009,Action,Electronic Arts,0.47,0.24,0.01,0.08,0.79
6953,NASCAR 08,PS2,2007,Racing,Electronic Arts,0.12,0.09,0,0.03,0.24
4439,Densetsu no Stafi 2,GBA,2003,Platform,Nintendo,0,0,0.43,0.01,0.44
13308,Silent Hunter: Wolves of the Pacific,PC,2007,Simulation,Ubisoft,0,0.04,0,0.01,0.05
4412,Payday 2,PS3,2013,Shooter,505 Games,0.21,0.15,0,0.08,0.44
5300,Def Jam Rapstar,Wii,2010,Misc,Konami Digital Entertainment,0.31,0.02,0,0.02,0.35
765,Mahjong,NES,1983,Misc,Nintendo,0.01,0,2.13,0,2.14
15197,Let's Play Flight Attendant,DS,2010,Simulation,Deep Silver,0.02,0,0,0,0.02
2811,iCarly,DS,2009,Adventure,Activision,0.67,0.01,0,0.05,0.73
10585,Olympic Summer Games: Atlanta 1996,PS,1996,Sports,U.S. Gold,0.06,0.04,0,0.01,0.1
9741,Madden NFL 06,DS,2005,Sports,Electronic Arts,0.11,0,0,0.01,0.12
15716,Aedis Eclipse: Generation of Chaos,PSP,2006,Role-Playing,Idea Factory,0.02,0,0,0,0.02
3715,SRS: Street Racing Syndicate,PS2,2004,Racing,Namco Bandai Games,0.26,0.21,0,0.07,0.54
6530,Evolution Skateboarding,PS2,2002,Sports,Konami Digital Entertainment,0.13,0.1,0,0.03,0.26
1786,Shadow of the Colossus,PS2,2005,Action,Sony Computer Entertainment,0.78,0.03,0.2,0.13,1.14
10740,Mana Khemia: Student Alliance,PSP,2008,Role-Playing,Nippon Ichi Software,0.05,0,0.03,0.01,0.1
14079,Hotel Giant 2,PC,2008,Strategy,JoWood Productions,0,0.03,0,0.01,0.04
16162,Malice,XB,2004,Platform,Evolved Games,0.01,0,0,0,0.01
16266,Mamoru-kun wa Norowarete Shimatta!,X360,2009,Shooter,G.Rev,0,0,0.01,0,0.01
789,Project Gotham Racing (JP weekly sales),XB,2002,Action,Microsoft Game Studios,1.54,0.44,0.04,0.07,2.1
3770,007 Racing,PS,2000,Racing,Electronic Arts,0.3,0.2,0,0.03,0.53
10448,The Smurfs 2,Wii,2013,Platform,Ubisoft,0,0.09,0,0.01,0.1
6390,Scooby-Doo! and the Spooky Swamp,PS2,2010,Action,Warner Bros. Interactive Entertainment,0.08,0.11,0,0.08,0.27
9419,Super Robot Wars BX,3DS,2015,Action,Namco Bandai Games,0,0,0.13,0,0.13
12494,EverQuest II: Destiny of Velious,PC,2011,Role-Playing,Sony Online Entertainment,0.06,0,0,0,0.06
1398,Hannah Montana: Spotlight World Tour,Wii,2007,Action,Disney Interactive Studios,0.87,0.38,0,0.13,1.39
858,Battlefield 4,XOne,2013,Shooter,Electronic Arts,1.25,0.58,0,0.16,1.98
2849,Super Monkey Ball Jr.,GBA,2002,Puzzle,Atari,0.51,0.19,0,0.01,0.72
11769,Super Ghouls 'n Ghosts,GBA,2002,Platform,Capcom,0.05,0.02,0,0,0.07
2986,Naruto: Clash of Ninja,GC,2003,Fighting,Tomy Corporation,0.53,0.14,0,0.02,0.68
74,Animal Crossing: New Leaf,3DS,2012,Simulation,Nintendo,2.01,2.32,4.36,0.41,9.09
14104,Zenkoku Dekotora Matsuri,Wii,2008,Racing,Jaleco,0,0,0.03,0,0.03
12128,Lost in Blue 2,DS,2007,Adventure,Konami Digital Entertainment,0.01,0.01,0.05,0,0.07
4213,Pirates of the Caribbean: Dead Man's Chest,GBA,2006,Adventure,Disney Interactive Studios,0.33,0.12,0,0.01,0.47
693,Guild Wars 2,PC,2012,Action,NCSoft,0.95,1.06,0,0.29,2.3
4531,How to Train Your Dragon,Wii,2010,Action,Activision,0.24,0.15,0,0.04,0.43
5434,Fade to Black,PS,1996,Action,Electronic Arts,0.19,0.13,0,0.02,0.34
14621,Rugby League Live 3,X360,2015,Action,Tru Blu Entertainment,0,0.03,0,0,0.03
8652,J-League Pro Soccer Club o Tsukurou! 6: Pride of J,PSP,2009,Sports,Sega,0,0,0.16,0,0.16
4974,Dance Party: Pop Hits,Wii,2009,Misc,Nordic Games,0,0.36,0,0.02,0.39
12607,pro evolution soccer 2011,PC,2010,Sports,Konami Digital Entertainment,0,0.05,0,0.01,0.06
15950,Accel World: Kasoku no Chouten,PS3,2013,Adventure,Namco Bandai Games,0,0,0.02,0,0.02
13281,Ribbit King,GC,2003,Sports,Atari,0.04,0.01,0,0,0.05
2487,Lizzie McGuire 2: Lizzie Diaries,GBA,2004,Action,Disney Interactive Studios,0.6,0.22,0,0.01,0.83
10913,Alien Hominid,GC,2004,Shooter,O3 Entertainment,0.07,0.02,0,0,0.09
6264,Cabela's Trophy Bucks,PS2,2007,Sports,Activision Value,0.13,0.11,0,0.04,0.27
7729,The Naked Brothers Band: The Video Game,DS,2008,Misc,THQ,0.18,0,0,0.01,0.2
1836,GRID,PS3,2008,Racing,Codemasters,0.31,0.57,0.03,0.2,1.11
8615,SpongeBob's Truth or Square,DS,2009,Action,THQ,0.08,0.07,0,0.01,0.16
3194,FIFA Soccer 2003,XB,2002,Sports,Electronic Arts,0.2,0.4,0,0.04,0.63
3616,Petz Catz Clan,DS,2008,Simulation,Ubisoft,0.48,0.04,0,0.04,0.56
15963,So-Ra-No-Wo-To: Otome no Gojuusou,PSP,2010,Adventure,Compile Heart,0,0,0.02,0,0.02
6926,Fallout 3 Game Add-On Pack: Broken Steel and Point Lookout,X360,2009,Role-Playing,Bethesda Softworks,0.16,0.06,0,0.02,0.24
6408,Payday 2,PS4,2015,Shooter,505 Games,0.09,0.14,0,0.04,0.27
1482,Petz Wild Animals: Dolphinz,DS,2007,Simulation,Ubisoft,0.71,0.48,0,0.13,1.33
5266,SOCOM: Tactical Strike,PSP,2007,Shooter,Sony Computer Entertainment,0.32,0.01,0,0.03,0.35
14250,Project Gotham Racing 2 (JP weekly sales),XB,2003,Action,Microsoft Game Studios,0,0,0.03,0,0.03
7982,Dragon Blade: Wrath of Fire,Wii,2007,Action,D3Publisher,0.17,0,0,0.01,0.19
15406,Resident Evil: Umbrella Corps,PS4,2016,Action,Capcom,0,0,0.02,0,0.02
7851,SpongeBob SquigglePants 3D,3DS,2011,Misc,THQ,0.13,0.05,0,0.02,0.19
15357,Headhunter: Redemption,XB,2004,Action,Sega,0.02,0,0,0,0.02
13508,TOCA Race Driver 2,XB,2004,Racing,Codemasters,0.03,0.01,0,0,0.04
11672,Majin Tensei,SNES,1994,Role-Playing,Atlus,0,0,0.08,0,0.08
7424,Bionicle,GC,2003,Action,Electronic Arts,0.16,0.04,0,0.01,0.21
12301,Legend of the Dragon,Wii,2007,Fighting,Game Factory,0.06,0,0,0,0.06
15576,Casper's Scare School: Spooky Sports Day,DS,2009,Sports,Blast! Entertainment Ltd,0.02,0,0,0,0.02
8184,Pac-Man World 3,DS,2005,Platform,Namco Bandai Games,0.16,0,0,0.01,0.18
2640,We Sing,Wii,2009,Misc,Nordic Games,0,0.69,0,0.09,0.78
14178,Battle Engine Aquila,PS2,2003,Shooter,Atari,0.02,0.01,0,0,0.03
5395,Night Warriors: Darkstalkers' Revenge,SAT,1995,Fighting,Virgin Interactive,0,0,0.34,0,0.34
9696,Blackwater,X360,2011,Shooter,505 Games,0.09,0.02,0,0.01,0.12
4330,NBA 2K13,Wii,2012,Sports,Take-Two Interactive,0.39,0.03,0,0.03,0.45
10267,Panzer Dragoon Saga,SAT,1997,Role-Playing,Sega,0,0,0.11,0,0.11
15254,Painkiller,PC,2004,Shooter,DreamCatcher Interactive,0,0.02,0,0,0.02
15769,Big Idea's VeggieTales: LarryBoy and the Bad Apple,GBA,2006,Action,Crave Entertainment,0.01,0,0,0,0.02
362,The Getaway,PS2,2002,Action,Sony Computer Entertainment,1.23,1.77,0.05,0.49,3.54
7097,Rampage 2: Universal Tour,PS,1998,Action,GT Interactive,0.13,0.09,0,0.01,0.23
1311,Mass Effect 3,PS3,2012,Role-Playing,Electronic Arts,0.63,0.59,0.03,0.21,1.46
7892,Shaun White Skateboarding,PS3,2010,Sports,Ubisoft,0.11,0.05,0,0.03,0.19
371,Mario & Sonic at the Olympic Winter Games,DS,2009,Sports,Sega,1.22,1.66,0.27,0.38,3.52
15288,Guess the Logos,XB,2004,Puzzle,Sega,0.02,0,0,0,0.02
13444,Secret Files: Tunguska,PC,2006,Adventure,DreamCatcher Interactive,0,0.04,0,0.01,0.05
601,Madden NFL 08,PS2,2007,Sports,Electronic Arts,2.14,0.08,0,0.35,2.57
3620,Soldier of Fortune: Gold Edition,PS2,2001,Shooter,Codemasters,0.27,0.21,0,0.07,0.56
3773,Mystery Dungeon: Shiren the Wanderer,DS,2006,Role-Playing,Sega,0.18,0,0.33,0.02,0.53
6893,Samurai Warriors 4,PS4,2014,Action,Tecmo Koei,0.08,0.07,0.06,0.03,0.24
1415,Assassin's Creed: Rogue,PS3,2014,Action,Ubisoft,0.46,0.62,0.06,0.23,1.37
4279,Mad Max (2015),XOne,2015,Action,Warner Bros. Interactive Entertainment,0.26,0.16,0,0.04,0.46
8182,Captain America: Super Soldier,X360,2011,Action,Sega,0.11,0.05,0,0.01,0.18
14340,Rampo,SAT,1995,Adventure,Sega,0,0,0.03,0,0.03
2245,SnoCross Championship Racing,PS,1999,Racing,Ubisoft,0.52,0.35,0,0.06,0.93
15720,Without Warning,XB,N/A,Shooter,Capcom,0.01,0,0,0,0.02
5086,Super Dragon Ball Z,PS2,2006,Fighting,Atari,0.09,0.07,0.19,0.02,0.37
2547,Pro Evolution Soccer 2010,X360,2009,Sports,Konami Digital Entertainment,0.12,0.58,0.03,0.08,0.81
8632,Just Dance: Disney Party,X360,2012,Misc,Ubisoft,0.13,0.02,0,0.01,0.16
7478,NCAA Football 10,PSP,2009,Sports,Electronic Arts,0.19,0,0,0.02,0.21
824,Carnival Games,DS,2008,Misc,Take-Two Interactive,1.23,0.64,0,0.19,2.05
7897,Boogie,PS2,2007,Misc,Electronic Arts,0.09,0.07,0,0.02,0.19
3364,Skylanders SWAP Force,WiiU,2013,Platform,Activision,0.4,0.15,0,0.06,0.6
2716,Ace Attorney Investigations: Miles Edgeworth,DS,2009,Adventure,Capcom,0.27,0.15,0.3,0.04,0.76
10266,One Piece: Burning Blood,PSV,2016,Fighting,Namco Bandai Games,0,0.03,0.07,0.01,0.11
15475,Date-A-Live Twin Edition: Rio Reincarnation,PSV,2015,Action,Compile Heart,0,0,0.02,0,0.02
11446,Bangai-O Spirits,DS,2008,Shooter,D3Publisher,0.07,0,0,0.01,0.08
2382,Gold's Gym: Dance Workout,Wii,2010,Sports,Ubisoft,0.71,0.11,0,0.06,0.87
6418,Duel Masters,PS2,2004,Strategy,Atari,0.13,0.1,0,0.03,0.27
10345,Tournament Pool,Wii,2009,Sports,Destineer,0.1,0,0,0.01,0.11
9945,Yogi Bear: The Video Game,Wii,2010,Action,D3Publisher,0.06,0.05,0,0.01,0.12
859,Resident Evil 6,X360,2012,Shooter,Capcom,1.11,0.63,0.07,0.16,1.98
8231,Warriors of Might and Magic,PS2,2001,Adventure,3DO,0.09,0.07,0,0.02,0.17
12972,Tenchu: Dark Secret,DS,2006,Action,From Software,0.03,0,0.01,0,0.05
2072,Killzone: Mercenary,PSV,2013,Shooter,Sony Computer Entertainment Europe,0.25,0.49,0.04,0.22,1
4306,Pirates of the Caribbean: At World's End,Wii,2007,Action,Disney Interactive Studios,0.39,0.02,0.01,0.04,0.46
11961,Lost Heroes,PSP,2012,Role-Playing,Namco Bandai Games,0,0,0.07,0,0.07
6603,Metroid Prime Pinball,DS,2005,Misc,Nintendo,0.21,0,0.02,0.02,0.26
8414,Zoo Keeper,DS,2004,Puzzle,Ignition Entertainment,0.1,0.01,0.05,0.01,0.17
15346,TOCA Race Driver 3,PC,2006,Racing,Codemasters,0,0.02,0,0,0.02
10177,The Smurfs 2,PS3,2013,Platform,Ubisoft,0.02,0.07,0,0.02,0.11
13411,Brave Story: New Traveller (jp sales),PSP,2006,Role-Playing,Sony Computer Entertainment,0,0,0.05,0,0.05
16424,Uchida Yasuou Mystery: Meitantei Senken Mitsuhiko Series: Fukutoshin Renzoku Satsujin Jiken,DS,2009,Adventure,D3Publisher,0,0,0.01,0,0.01
7397,Prince of Persia: Revelations,PSP,2005,Adventure,Ubisoft,0.18,0.01,0,0.02,0.21
14876,Back to the Future: The Game,X360,2015,Adventure,Telltale Games,0.02,0.01,0,0,0.03
14697,Labyrinth Cross Blood: Infinity,PSV,2013,Role-Playing,CyberFront,0,0,0.03,0,0.03
9554,Backyard Baseball,GC,2003,Sports,Infogrames,0.1,0.03,0,0,0.13
11403,State of Emergency 2,PS2,2006,Shooter,SouthPeak Games,0.04,0.03,0,0.01,0.08
10999,Demon Chaos,PS2,N/A,Action,Konami Digital Entertainment,0,0,0.09,0,0.09
10042,UEFA Euro 2016,PS3,2016,Sports,Konami Digital Entertainment,0,0.08,0.02,0.01,0.11
12270,Elite Forces: Unit 77,DS,2009,Strategy,Deep Silver,0.06,0,0,0,0.06
16282,Rakushou! Pachi-Slot Sengen 6: Rio 2 Cruising Vanadis,PS2,2009,Misc,Tecmo Koei,0,0,0.01,0,0.01
4517,Sleeping Dogs,PS4,2014,Action,Square Enix,0.16,0.2,0,0.07,0.43
976,The Getaway: Black Monday,PS2,2004,Action,Sony Computer Entertainment,0.39,1.01,0.02,0.36,1.78
6309,The Club,X360,2008,Shooter,Sega,0.15,0.1,0,0.02,0.27
2030,Tom Clancy's Ghost Recon Advanced Warfighter 2,X360,2007,Shooter,Ubisoft,0.87,0.05,0.02,0.08,1.02
435,Club Penguin: Elite Penguin Force,DS,2008,Adventure,Disney Interactive Studios,1.88,0.98,0,0.3,3.16
12642,Warriors Orochi 2,X360,2008,Action,Tecmo Koei,0.04,0,0.01,0,0.06
2181,SingStar Abba,PS3,2008,Misc,Sony Computer Entertainment,0.27,0.51,0,0.17,0.95
11710,Codename: Kids Next Door: Operation S.O.D.A.,GBA,2004,Platform,Global Star,0.05,0.02,0,0,0.08
500,Hot Shots Golf 3,PS2,2001,Sports,Sony Computer Entertainment,0.99,0.32,1.38,0.2,2.89
6866,MX vs. ATV Reflex,PSP,2009,Racing,THQ,0.18,0.03,0,0.03,0.24
2773,Mario & Luigi: Paper Jam,3DS,2015,Role-Playing,Nintendo,0.16,0.3,0.25,0.04,0.74
1907,Joust,2600,1982,Platform,Atari,1.01,0.06,0,0.01,1.08
11567,Taz Wanted,GC,2002,Platform,Atari,0.06,0.02,0,0,0.08
3796,Spider-Man,N64,2000,Action,Activision,0.43,0.09,0,0.01,0.53
13690,Hannspree Ten Kate Honda: SBK Superbike World Championship,PSP,2007,Racing,Black Bean Games,0.03,0,0,0,0.04
8901,eJay Clubworld,PS2,N/A,Misc,Empire Interactive,0.07,0.06,0,0.02,0.15
1499,Skylanders Giants,X360,2012,Action,Activision,0.75,0.45,0,0.11,1.32
7790,Final Fantasy XI,X360,2006,Role-Playing,Square Enix,0.17,0.01,0,0.01,0.19
14106,Fast & Furious: Showdown,PS3,2013,Action,Activision,0,0.03,0,0,0.03
1648,Max Payne,XB,2001,Shooter,Take-Two Interactive,0.98,0.19,0,0.05,1.22
6042,Disney Infinity,3DS,2013,Action,Disney Interactive Studios,0.16,0.1,0,0.02,0.29
14479,Klonoa 2: Dream Champ Tournament,GBA,2002,Platform,Namco Bandai Games,0.02,0.01,0,0,0.03
9963,Dora the Explorer: Journey to the Purple Planet,GC,2005,Adventure,Global Star,0.09,0.02,0,0,0.12
16529,Onigokko! Portable,PSP,2013,Adventure,Alchemist,0,0,0.01,0,0.01
5742,Dark Void,X360,2010,Action,Capcom,0.19,0.09,0,0.03,0.31
2681,Conflict: Desert Storm II - Back to Bagdhad,PS2,2003,Shooter,SCi,0.38,0.29,0,0.1,0.77
15856,Dragon Booster,DS,2005,Shooter,Konami Digital Entertainment,0.02,0,0,0,0.02
2984,Mortal Kombat Mythologies: Sub-Zero,PS,1997,Fighting,GT Interactive,0.38,0.26,0,0.04,0.68
241,Madden NFL 07,PS2,2006,Sports,Electronic Arts,3.63,0.24,0.01,0.61,4.49
2301,Burnout Revenge,PS2,2005,Racing,Electronic Arts,0.75,0.03,0,0.12,0.9
9899,Cruis'n,Wii,2007,Racing,Midway Games,0.1,0.01,0,0.01,0.12
5125,Rec Room Games,Wii,2009,Sports,Destineer,0.35,0,0,0.02,0.37
16575,Scarlett: Nichijou no Kyoukaisen,PS2,2008,Adventure,Kadokawa Shoten,0,0,0.01,0,0.01
5736,Mortal Kombat: Shaolin Monks,XB,2005,Action,Midway Games,0.23,0.07,0,0.01,0.31
6452,The House of the Dead 2,DC,1998,Shooter,Sega,0,0,0.26,0,0.26
1233,The Simpsons Skateboarding,PS2,2002,Sports,Electronic Arts,0.36,0.9,0,0.27,1.52
12522,Smile PreCure! Let's Go! Marchen World,3DS,2012,Action,Namco Bandai Games,0,0,0.06,0,0.06
11163,Ty the Tasmanian Tiger 3: Night of the Quinkan,GC,2005,Action,Activision,0.07,0.02,0,0,0.09
9171,The Bombing Islands,PS,1997,Platform,Kemco,0.08,0.05,0,0.01,0.14
9384,Monster Rancher DS,DS,2008,Role-Playing,Tecmo Koei,0.08,0,0.05,0.01,0.13
13998,Fading Shadows,PSP,2008,Puzzle,Ivolgamus,0.03,0,0,0,0.04
8638,Yu-Gi-Oh! 5D's: Duel Transer,Wii,2010,Strategy,Konami Digital Entertainment,0.11,0.02,0.02,0.01,0.16
13662,Code Geass: Hangyaku no Lelouch R2 - Banjou no Geass Gekijou,DS,2008,Misc,Namco Bandai Games,0,0,0.04,0,0.04
8007,The Last Airbender,DS,2010,Action,THQ,0.13,0.04,0,0.01,0.18
12957,Sushi Go-Round,Wii,2010,Simulation,Asylum Entertainment,0.05,0,0,0,0.05
3692,Tiger Woods PGA Tour 08,X360,2007,Sports,Electronic Arts,0.49,0.02,0,0.04,0.54
15669,Gadget Racers (PAL),PS2,2002,Racing,Zoo Digital Publishing,0,0,0.02,0,0.02
8481,Spider-Man: Web of Shadows - Amazing Allies Edition,PSP,2008,Action,Activision,0.12,0.02,0,0.02,0.16
1069,Need For Speed: Undercover,X360,2008,Racing,Electronic Arts,0.79,0.71,0.01,0.18,1.69
909,Star Wars Rogue Leader: Rogue Squadron II,GC,2001,Simulation,LucasArts,1.03,0.75,0.03,0.09,1.9
3448,NHL 15,PS4,2014,Sports,Electronic Arts,0.3,0.18,0,0.1,0.58
5709,NBA ShootOut,PS,1995,Sports,Sony Computer Entertainment,0.17,0.12,0,0.02,0.31
6931,TrackMania: Build to Race,Wii,2010,Racing,Focus Home Interactive,0.1,0.11,0,0.03,0.24
12167,World Racing,XB,2003,Racing,TDK Mediactive,0.05,0.01,0,0,0.07
13360,FIFA Manager 12,PC,2011,Sports,Electronic Arts,0,0.03,0,0.01,0.05
2236,Castlevania II: Simon's Quest,NES,1987,Platform,Konami Digital Entertainment,0.45,0.06,0.42,0,0.93
7374,Now! That's What I Call Music: Dance & Sing,Wii,2011,Misc,Unknown,0,0.18,0,0.04,0.21
12899,Samurai Deeper Kyo,PS,2002,Fighting,Namco Bandai Games,0,0,0.05,0,0.05
1273,Banjo-Tooie,N64,2000,Platform,Nintendo,0.82,0.36,0.25,0.06,1.49
16010,Demon Gaze 2,PSV,2014,Role-Playing,Experience Inc.,0,0,0.01,0,0.01
9586,Advent Rising,XB,2005,Action,THQ,0.1,0.03,0,0,0.13
2869,Super Trucks Racing,PS2,2002,Racing,Jester Interactive,0.35,0.27,0,0.09,0.71
6869,Paperboy,N64,1999,Action,Midway Games,0.19,0.05,0,0,0.24
5114,Rampage: Total Destruction,PS2,2006,Action,Midway Games,0.18,0.14,0,0.05,0.37
4074,Steel Diver,3DS,2011,Action,Nintendo,0.31,0.1,0.05,0.03,0.49
13139,Turbo Turtle Adventure,GBA,2002,Puzzle,Majesco Entertainment,0.04,0.01,0,0,0.05
