Rank,Name,Platform,Year,Genre,Publisher,NA_Sales,EU_Sales,JP_Sales,Other_Sales,Global_Sales
14027,Negima!? 3-Jikanme ~Koi to Mahou to Sekaiju Densetsu~,PS2,2006,Adventure,Konami Digital Entertainment,0,0,0.04,0,0.04
6133,Netsu Chu! Pro Yakyuu 2003,PS2,2003,Sports,Namco Bandai Games,0,0,0.28,0,0.28
3046,Adventures of Tron,2600,1981,Action,Mattel Interactive,0.63,0.03,0,0.01,0.67
14518,Nectaris: Military Madness,PS,1998,Strategy,Hudson Soft,0.02,0.01,0,0,0.03
13117,Fighter Destiny 2,N64,1999,Fighting,Imagineer,0.04,0.01,0,0,0.05
3897,Jam With the Band,DS,2008,Misc,Nintendo,0,0,0.51,0,0.51
455,The Legend of Zelda: A Link Between Worlds,3DS,2013,Action,Nintendo,1.4,0.99,0.46,0.22,3.07
10399,Jikkyou Powerful Pro Yakyuu 13 Ketteiban,PS2,2006,Sports,Konami Digital Entertainment,0,0,0.11,0,0.11
11052,Batman Beyond: Return of the Joker,N64,2000,Action,Ubisoft,0.07,0.02,0,0,0.09
8814,Prince of Persia: The Sands of Time,GBA,2003,Action,Ubisoft,0.11,0.04,0,0,0.15
15728,Disciples III: Renaissance,PC,2010,Strategy,Kalypso Media,0,0.01,0,0,0.02
10588,Tatsunoko vs. Capcom: Cross Generation of Heroes,Wii,2008,Fighting,Capcom,0,0,0.1,0,0.1
8690,NHL 2005,XB,2004,Sports,Electronic Arts,0.12,0.03,0,0.01,0.16
10932,Bloody Roar 4,PS2,2003,Fighting,Konami Digital Entertainment,0.05,0.04,0,0.01,0.09
10792,Jikkyou Powerful Pro Yakyuu 11,GC,2004,Sports,Konami Digital Entertainment,0,0,0.09,0,0.1
9850,Crash Superpack: Crash Bandicoot 2: N-Tranced / Crash Nitro Kart,GBA,2005,Misc,Vivendi Games,0.09,0.03,0,0,0.12
16035,Shinobi Koutsutsu,PSP,2014,Adventure,Idea Factory,0,0,0.01,0,0.01
13582,Saint Seiya: The Hades,PS2,2006,Fighting,Namco Bandai Games,0,0,0.04,0,0.04
12448,Imagine: Cheerleader,DS,2009,Simulation,Ubisoft,0.06,0,0,0,0.06
16122,Hitotsu Tobashi Renai V,PSV,2015,Adventure,Kaga Create,0,0,0.01,0,0.01
9165,Monster House,GC,2006,Adventure,THQ,0.11,0.03,0,0,0.14
9210,NCIS,X360,2011,Adventure,Ubisoft,0.1,0.03,0,0.01,0.14
5342,Disney Fairies: Tinker Bell and the Great Fairy Rescue,DS,2010,Adventure,Disney Interactive Studios,0.18,0.14,0,0.03,0.35
12104,Sudoku Fever,GBA,2006,Puzzle,Take-Two Interactive,0.05,0.02,0,0,0.07
5633,Rayman 2: The Great Escape,PS,2000,Platform,Ubisoft,0.18,0.12,0,0.02,0.32
13960,Pia Carrot e Youkoso!! 2.5,DC,2008,Adventure,NEC Interchannel,0,0,0.04,0,0.04
16137,Kikiite Hajimaru: Eigo Kaiwa Training - KikiTore,DS,2008,Misc,Benesse,0,0,0.01,0,0.01
3178,NBA Live 08,PS3,2007,Sports,Electronic Arts,0.56,0.02,0.01,0.05,0.64
9312,Disney's Cinderella: Magical Dreams,GBA,N/A,Platform,Disney Interactive Studios,0.1,0.04,0,0,0.14
7426,Angel Blade: Neo Tokyo Guardians,PS,1997,Role-Playing,On Demand,0.12,0.08,0,0.01,0.21
15056,Board Game: Top Shop,PS,1999,Misc,Success,0.01,0.01,0,0,0.02
4958,Madden NFL Football,3DS,2011,Sports,Electronic Arts,0.36,0.01,0,0.03,0.39
9598,The Sky Crawlers: Innocent Aces,Wii,2008,Simulation,Namco Bandai Games,0.09,0.02,0.01,0.01,0.13
15020,Fishdom 2 Deluxe,PC,2010,Puzzle,Rondomedia,0,0.02,0,0.01,0.02
5220,Call of Duty: Ghosts,WiiU,2013,Shooter,Activision,0.23,0.09,0.01,0.03,0.36
4921,Wipeout 2048,PSV,2012,Racing,Sony Computer Entertainment,0.14,0.19,0,0.06,0.39
3750,Popeye,2600,1982,Platform,Parker Bros.,0.5,0.03,0,0.01,0.54
12861,Shiren the Wanderer 5 Plus: Fortune Tower and the Dice of Fate,PSV,2015,Action,Aksys Games,0.01,0,0.04,0,0.05
12573,DuckTales: Remastered,WiiU,2013,Action,Capcom,0.05,0,0,0,0.06
15283,Motto Hayaku! Seikaku Ni! Suu Sense Keisan Ryuoku Up Training - SuuTore,DS,2008,Misc,Benesse,0,0,0.02,0,0.02
10746,Option Tuning Car Battle,PS,1998,Racing,MTO,0,0,0.09,0.01,0.1
3356,Rayman Arena,PS2,2001,Racing,Ubisoft,0.29,0.23,0,0.08,0.6
14407,Take On Helicopters,PC,2011,Simulation,Unknown,0,0.02,0,0.01,0.03
12202,Fantasy Aquarium World,Wii,2009,Simulation,Destineer,0.06,0,0,0,0.07
8403,Mega Man Network Transmission,GC,2003,Platform,Capcom,0.13,0.03,0,0,0.17
13313,Beyond Oasis,GEN,1993,Role-Playing,Sega,0,0,0.05,0,0.05
10332,Kirarin * Revolution: Kira Kira Idol Audition,DS,2006,Simulation,Konami Digital Entertainment,0,0,0.11,0,0.11
8040,Amplitude,PS2,2003,Misc,Sony Computer Entertainment,0.09,0.07,0,0.02,0.18
9511,Iridion II,GBA,2003,Shooter,Vivendi Games,0.09,0.03,0,0,0.13
2338,Pokemon Card GB2: Here Comes Team GR!,GB,2001,Strategy,Nintendo,0,0,0.89,0,0.89
16087,The Legend of Heroes: Trails in the Sky Third Chapter,PS3,2013,Role-Playing,Falcom Corporation,0,0,0.01,0,0.01
3599,Frontlines: Fuel of War,X360,2008,Shooter,THQ,0.34,0.15,0.01,0.05,0.56
3184,Family Feud: 2010 Edition,Wii,2009,Misc,Ubisoft,0.59,0,0,0.04,0.64
16049,Blitzkrieg 2 Anthology,PC,2008,Strategy,Ascaron Entertainment GmbH,0,0.01,0,0,0.01
11867,Just Dance: Disney Party 2,X360,2015,Action,Ubisoft,0.05,0.01,0,0.01,0.07
6058,Puzzle Quest: Challenge of the Warlords,Wii,2007,Puzzle,D3Publisher,0.26,0,0,0.02,0.29
8093,Mega Man X: Command Mission,PS2,2004,Role-Playing,Capcom,0.09,0.07,0,0.02,0.18
916,Mortal Kombat: Deception,PS2,2004,Fighting,Midway Games,0.92,0.72,0,0.24,1.88
2161,Sonic Unleashed,X360,2008,Platform,Sega,0.54,0.33,0,0.09,0.96
10412,Busou Shinki: Battle Masters Mk. 2,PSP,2011,Action,Konami Digital Entertainment,0,0,0.11,0,0.11
13467,Runaway: A Twist of Fate,PC,2009,Adventure,Focus Home Interactive,0,0.04,0,0.01,0.04
12929,Doraemon 2: Nobita no Toizurando Daibouken,SNES,1993,Role-Playing,Epoch,0,0,0.05,0,0.05
4459,Super Robot Taisen OG: Original Generations,PS2,2007,Strategy,Banpresto,0,0,0.44,0,0.44
3719,Gauntlet Legends,N64,1999,Action,Midway Games,0.43,0.1,0,0.01,0.54
5757,Hot Wheels Turbo Racing,N64,1999,Racing,Electronic Arts,0.25,0.06,0,0,0.31
11363,Ride,PS3,2015,Racing,Milestone S.r.l.,0,0.06,0.01,0.01,0.08
7125,Shin Nippon Pro Wrestling: Toukon Retsuden 3,PS,1998,Fighting,Tomy Corporation,0,0,0.21,0.01,0.23
4341,Area 51,PS2,2005,Shooter,Midway Games,0.22,0.17,0,0.06,0.45
11761,Famicom Mini: Hikari Shinwa: Palutena no Kagami,GBA,2004,Platform,Nintendo,0,0,0.07,0,0.07
15717,This War of Mine,PS4,2016,Action,Deep Silver,0,0.01,0,0,0.02
13321,Frogger: Ancient Shadow,GC,2005,Platform,Konami Digital Entertainment,0.04,0.01,0,0,0.05
8476,Chaotic: Shadow Warriors,PS3,2009,Action,Activision,0.15,0,0,0.01,0.16
10157,Contra Advance: The Alien Wars EX,GBA,2002,Shooter,Konami Digital Entertainment,0.08,0.03,0,0,0.11
4486,Tongari Boushi to Mahou no Otana,DS,2010,Simulation,Konami Digital Entertainment,0,0,0.44,0,0.44
12714,Tom Clancy's Splinter Cell: Double Agent,GC,2006,Action,Ubisoft,0.04,0.01,0,0,0.06
9046,Phantom Brave,PS2,2004,Role-Playing,Tecmo Koei,0.07,0.05,0,0.02,0.14
11056,Tunnel B1,PS,1996,Action,Ocean,0.05,0.03,0,0.01,0.09
8462,Parodius,SAT,1995,Shooter,Konami Digital Entertainment,0,0,0.16,0,0.17
6243,Tak and the Guardians of Gross,PS2,2008,Action,THQ,0.14,0.11,0,0.04,0.28
4014,The Evil Within,X360,2014,Action,Bethesda Softworks,0.25,0.2,0.01,0.04,0.5
11003,Blood of Bahamut,DS,2009,Role-Playing,Square Enix,0,0,0.09,0,0.09
15534,Natsuiro High School: Seishun Hakusho,PS3,2015,Action,D3Publisher,0,0,0.02,0,0.02
11110,Super Puzzle Fighter II,GBA,N/A,Puzzle,Capcom,0.06,0.02,0,0,0.09
13861,Warhammer: Dark Omen,PS,1998,Strategy,Electronic Arts,0.02,0.01,0,0,0.04
676,Midnight Club: Los Angeles,X360,2008,Racing,Take-Two Interactive,1.68,0.46,0.01,0.2,2.35
8125,Cabela's Legendary Adventures,Wii,2008,Sports,Activision,0.17,0,0,0.01,0.18
5528,SSX Blur,Wii,2007,Sports,Electronic Arts,0.29,0.01,0,0.03,0.33
16066,Super Robot Taisen XO,X360,2006,Strategy,Banpresto,0,0,0.01,0,0.01
13167,Yu-Gi-Oh! GX: Spirit Caller (Japan Sales),DS,2006,Misc,Konami Digital Entertainment,0,0,0.05,0,0.05
11642,Dragon Slayer: The Legend of Heroes,GEN,1994,Role-Playing,Sega,0,0,0.08,0,0.08
4186,Disney Infinity 3.0,PS3,2015,Action,Disney Interactive Studios,0.14,0.25,0,0.08,0.47
7177,Danny Phantom: The Ultimate Enemy,GBA,2005,Action,THQ,0.16,0.06,0,0,0.22
10661,Ghost in the Shell,PS,1997,Simulation,Sony Computer Entertainment,0.06,0.04,0,0.01,0.1
3830,Spectrobes: Beyond the Portals,DS,2008,Role-Playing,Disney Interactive Studios,0.37,0.11,0,0.04,0.52
12518,Worms Blast,GC,2002,Puzzle,Ubisoft,0.05,0.01,0,0,0.06
11830,Wrath Unleashed,PS2,2004,Strategy,LucasArts,0.04,0.03,0,0.01,0.07
13857,Pajama Sam: You are What You Eat From Your Head to Your Feet,PS,2001,Adventure,Infogrames,0.02,0.01,0,0,0.04
10531,Kirarin * Revolution: Mezase! Idol Queen,DS,2007,Simulation,Konami Digital Entertainment,0,0,0.1,0,0.1
13539,Split/Second,PC,2010,Racing,Disney Interactive Studios,0,0.04,0,0.01,0.04
14024,Jikkyou Powerful Major League 2009,Wii,2009,Sports,Konami Digital Entertainment,0,0,0.04,0,0.04
8579,Sengoku Basara: Chronicle Heroes,PSP,2011,Action,Capcom,0,0,0.16,0,0.16
6729,Imagine: Zookeeper,DS,2009,Simulation,Ubisoft,0.16,0.06,0,0.02,0.25
12982,Pro Yakyuu Spirits 5 Kanzenban,PS2,2008,Sports,Konami Digital Entertainment,0,0,0.05,0,0.05
7102,MySims Party,Wii,2009,Simulation,Electronic Arts,0.18,0.03,0,0.02,0.23
309,Monster Hunter 4 Ultimate,3DS,2014,Role-Playing,Nintendo,0.67,0.49,2.62,0.11,3.89
6397,Initial D: Special Stage,PS2,2003,Racing,Sega,0,0,0.27,0,0.27
16358,Icewind Dale II,PC,2002,Role-Playing,Interplay,0,0.01,0,0,0.01
1068,Harry Potter and the Sorcerer's Stone,GBA,2001,Action,Electronic Arts,0.87,0.66,0.08,0.08,1.69
1141,Pokemon Battle Revolution,Wii,2006,Role-Playing,Nintendo,0.8,0.38,0.3,0.13,1.61
10072,Batman: Dark Tomorrow,XB,2003,Action,Kemco,0.08,0.02,0,0,0.11
11378,Face Racers: Photo Finish,3DS,N/A,Racing,Majesco Entertainment,0.08,0,0,0,0.08
4000,Cars 2,X360,2011,Racing,Disney Interactive Studios,0.28,0.17,0,0.05,0.5
8442,NBA 09: The Inside,PS2,2008,Sports,Sony Computer Entertainment,0.08,0.06,0,0.02,0.17
795,Finding Nemo,PS2,2003,Action,THQ,1.26,0.6,0.05,0.18,2.09
2525,Madden NFL 16,PS3,2015,Sports,Electronic Arts,0.56,0.11,0,0.15,0.82
12631,The Fast and the Furious,PS2,2006,Racing,Namco Bandai Games,0.03,0.02,0,0.01,0.06
6466,NPPL: Championship Paintball 2009,PS2,2008,Shooter,Activision Value,0.13,0.1,0,0.03,0.26
12983,Tsumiki: Block Drop Mania,DS,2007,Action,Nobilis,0.05,0,0,0,0.05
2379,NBA 2K14,XOne,2013,Sports,Take-Two Interactive,0.7,0.11,0,0.06,0.87
16600,Spirits & Spells,GBA,2003,Platform,Wanadoo,0.01,0,0,0,0.01
7604,Ty the Tasmanian Tiger 2: Bush Rescue,GC,2004,Platform,Electronic Arts,0.15,0.04,0,0.01,0.2
8528,Major League Baseball 2K12,Wii,2012,Sports,Take-Two Interactive,0.15,0,0,0.01,0.16
16255,The Book of Unwritten Tales 2,WiiU,2016,Adventure,Nordic Games,0,0.01,0,0,0.01
13446,Nanda's Island,DS,2009,Puzzle,Phenomedia,0.04,0,0,0,0.05
14652,The King of Fighters Portable '94~'98: Chapter of Orochi,PSP,2010,Fighting,SNK Playmore,0,0,0.03,0,0.03
16410,Saint Seiya Omega: Ultimate Cosmo,PSP,2012,Fighting,Namco Bandai Games,0,0,0.01,0,0.01
9645,Quantum Redshift,XB,2002,Racing,Microsoft Game Studios,0.09,0.03,0,0,0.13
4682,NFL GameDay 2004,PS2,2003,Sports,Sony Computer Entertainment,0.2,0.16,0,0.05,0.41
14216,Metal Gear Solid: The Essential Collection (JP sales),PS2,2007,Adventure,Konami Digital Entertainment,0,0,0.03,0,0.03
4091,Active Life: Extreme Challenge,Wii,2009,Sports,Namco Bandai Games,0.15,0.27,0,0.06,0.48
3074,Legend of Legaia,PS,1998,Role-Playing,Sony Computer Entertainment,0.37,0.25,0,0.04,0.66
10498,Myst,DS,2007,Adventure,Midway Games,0.09,0,0,0.01,0.1
3370,XCOM: Enemy Unknown,PS3,2012,Strategy,Take-Two Interactive,0.24,0.25,0,0.11,0.6
9684,Clock Tower: The First Fear,PS,1997,Adventure,Human Entertainment,0,0,0.12,0.01,0.12
6917,Tiger Woods PGA Tour 10,PSP,2009,Sports,Electronic Arts,0.12,0.07,0,0.05,0.24
8904,Street Fighter Alpha 3,GBA,2002,Fighting,Capcom,0.11,0.04,0,0,0.15
457,The Sims: Vacation,PC,2002,Simulation,Electronic Arts,1.72,1.21,0,0.14,3.07
7566,XCOM 2,PC,2016,Strategy,Take-Two Interactive,0.09,0.1,0,0.02,0.2
7035,Yu-Gi-Oh! GX: Duel Academy,GBA,2005,Misc,Konami Digital Entertainment,0.17,0.06,0,0,0.23
256,Kingdom Hearts II,PS2,2005,Role-Playing,Square Enix,2.2,0.58,1.38,0.17,4.33
14000,Without Warning,PS2,2005,Shooter,Capcom,0.02,0.01,0,0,0.04
3572,NCAA March Madness 07,PS2,2007,Sports,Electronic Arts,0.28,0.22,0,0.07,0.56
12670,Urban Chaos: Riot Response,PS2,2006,Shooter,Eidos Interactive,0.03,0.02,0,0.01,0.06
9946,Makai Shin Trillion,PSV,2014,Role-Playing,Idea Factory,0.02,0.02,0.06,0.01,0.12
15467,Dino Dini's Kick Off Revival,PS4,2016,Sports,Avanquest,0,0.02,0,0,0.02
2089,Tom Clancy's Splinter Cell: Blacklist,X360,2013,Action,Ubisoft,0.57,0.34,0.01,0.08,0.99
4807,Yu-Gi-Oh! 5D's Stardust Accelerator: World Championship 2009,DS,2009,Action,Konami Digital Entertainment,0.27,0.01,0.09,0.03,0.4
7067,Tetris 2 (weekly jp sales),GB,1992,Puzzle,Nintendo,0,0,0.23,0,0.23
12064,Dragon Slayer: The Legend of Heroes,SNES,1992,Role-Playing,Epoch,0,0,0.07,0,0.07
13190,G1 Grand Prix,3DS,2012,Action,Genki,0,0,0.05,0,0.05
2751,Tony Hawk's Underground 2,XB,2004,Sports,Activision,0.48,0.24,0,0.03,0.75
114,Need for Speed Underground 2,PS2,2004,Racing,Electronic Arts,2.71,3.02,0.08,1.09,6.9
15399,Mushishi: Amefuru Sato,DS,2008,Simulation,Marvelous Interactive,0,0,0.02,0,0.02
4263,Mario & Sonic at the Rio 2016 Olympic Games,3DS,2016,Action,Nintendo,0.04,0.16,0.24,0.01,0.46
7607,No More Heroes: Heroes' Paradise,PS3,2010,Action,Konami Digital Entertainment,0.1,0.04,0.04,0.02,0.2
12311,Fast Food Panic,Wii,2009,Simulation,Nobilis,0.06,0,0,0,0.06
7158,Kidz Bop Dance Party! The Video Game,Wii,2010,Misc,D3Publisher,0.21,0,0,0.01,0.22
11265,Beat Sketch!,PS3,2010,Misc,Sony Computer Entertainment,0,0,0.08,0,0.08
9320,007: Quantum of Solace,DS,2008,Action,Activision,0.11,0.01,0,0.01,0.14
5144,Super Robot Taisen EX,SNES,1994,Strategy,Banpresto,0,0,0.37,0,0.37
13816,Clannad,PSP,2008,Adventure,Prototype,0,0,0.04,0,0.04
3774,SimAnimals,DS,2009,Simulation,Electronic Arts,0.26,0.21,0,0.06,0.53
15049,Ceville,PC,2009,Action,Kalypso Media,0,0.02,0,0,0.02
11924,Make 10: A Journey of Numbers,DS,2007,Puzzle,Nintendo,0,0,0.07,0,0.07
15243,Ryu-koku,PS2,2006,Adventure,KID,0,0,0.02,0,0.02
1317,Onimusha 3: Demon Siege,PS2,2004,Action,Capcom,0.37,0.47,0.54,0.07,1.45
3351,LEGO Jurassic World,3DS,2015,Action,Warner Bros. Interactive Entertainment,0.31,0.22,0.03,0.05,0.6
14065,Sins of a Solar Empire: Trinity,PC,2010,Strategy,Kalypso Media,0,0.03,0,0.01,0.04
113,FIFA 14,PS3,2013,Sports,Electronic Arts,0.78,4.32,0.07,1.73,6.9
2762,Sega Superstars Tennis,DS,2008,Sports,Sega,0.29,0.37,0,0.08,0.75
12057,River City Ransom EX,GBA,2004,Action,Atlus,0.05,0.02,0,0,0.07
10285,Digimon Story: Cyber Sleuth,PS4,2016,Role-Playing,Namco Bandai Games,0,0.09,0,0.02,0.11
2347,F1 2010,X360,2010,Racing,Codemasters,0.18,0.59,0.01,0.1,0.89
2606,Momotarou Dentetsu 7,PS,1997,Simulation,Hudson Entertainment,0,0,0.74,0.05,0.79
3589,Tony Hawk: Shred,Wii,2010,Sports,Activision,0.41,0.11,0,0.04,0.56
6279,Zumba Fitness: World Party,Wii,2013,Misc,Majesco Entertainment,0.14,0.11,0,0.03,0.27
1320,BioShock,PS3,2008,Shooter,Take-Two Interactive,0.75,0.49,0.01,0.21,1.45
13442,Thrillville: Off the Rails,DS,2007,Strategy,LucasArts,0.03,0.01,0,0,0.05
5762,Naruto: Ninja Destiny (US sales),DS,2006,Fighting,Namco Bandai Games,0.31,0,0,0,0.31
2360,Peppa Pig: The Game,DS,2008,Misc,Pinnacle,0,0.82,0,0.06,0.88
5566,Fireball,2600,1981,Action,Starpath Corp.,0.3,0.02,0,0,0.33
13794,Durarara!! 3way Standoff: Alley,PSP,2011,Adventure,Kadokawa Shoten,0,0,0.04,0,0.04
140,Kinect Sports,X360,2010,Sports,Microsoft Game Studios,3.92,1.78,0.03,0.51,6.24
15947,Storm Lover 2nd V,PSV,2016,Adventure,D3Publisher,0,0,0.02,0,0.02
1614,2010 FIFA World Cup South Africa,PS3,2010,Sports,Electronic Arts,0.3,0.64,0.07,0.22,1.23
15522,The Conveni 4,PS2,2006,Simulation,Hamster Corporation,0,0,0.02,0,0.02
12517,Polaris SnoCross,N64,2000,Racing,Vatical Entertainment,0.05,0.01,0,0,0.06
6094,Spyro: A Hero's Tail,GC,2004,Platform,Vivendi Games,0.22,0.06,0,0.01,0.29
6710,Bolt,X360,2008,Adventure,Disney Interactive Studios,0.18,0.05,0,0.02,0.25
3788,Burnout Revenge,XB,2005,Racing,Electronic Arts,0.32,0.19,0,0.01,0.53
7741,Big Mutha Truckers,XB,2002,Racing,Empire Interactive,0.15,0.04,0,0.01,0.19
12708,Jissen Pachislot Hisshouhou! Hokuto no Ken Portable SE,PSP,2006,Misc,Sega,0,0,0.06,0,0.06
7347,Wild Wild Racing,PS2,2000,Racing,Interplay,0.1,0.08,0,0.03,0.21
8362,Gallop Racer 2001,PS2,2001,Sports,Tecmo Koei,0.05,0.04,0.06,0.01,0.17
14971,Teddy Together,3DS,2016,Simulation,Nintendo,0,0.02,0,0,0.02
6809,Marvel vs. Capcom Origins,PS2,2006,Fighting,Capcom,0.11,0.08,0.02,0.03,0.24
12491,Pro Evolution Soccer 2012,PS2,2011,Action,Konami Digital Entertainment,0,0,0.06,0,0.06
11377,Dream Day: Wedding Destinations,DS,2009,Simulation,THQ,0.08,0,0,0.01,0.08
16470,Memories Off #5: Togireta Film,PSP,2009,Adventure,5pb,0,0,0.01,0,0.01
2540,NASCAR 2001,PS,2000,Racing,Electronic Arts,0.45,0.31,0,0.05,0.81
12286,My Pet Chimp,DS,2010,Simulation,505 Games,0.06,0,0,0,0.06
11343,Tokimeki Memorial: Girl's Side,PS2,2002,Adventure,Konami Digital Entertainment,0,0,0.08,0,0.08
11412,Ice Age 2: The Meltdown,Wii,2006,Platform,Vivendi Games,0.06,0.01,0,0.01,0.08
2878,Yu-Gi-Oh! The Falsebound Kingdom,GC,2002,Strategy,Konami Digital Entertainment,0.49,0.13,0.07,0.02,0.71
9864,The Bible Game,GBA,2005,Misc,Crave Entertainment,0.09,0.03,0,0,0.12
14878,X-Men Origins: Wolverine - Uncaged Edition,PC,2009,Action,Activision,0.02,0,0,0,0.03
3329,"Transformers: The Game (XBox 360, PS2, PS3, Wii & PC Versions)",X360,2007,Action,Activision,0.51,0.05,0,0.05,0.61
7873,Teenage Mutant Ninja Turtles 2: Battle Nexus,GC,2004,Action,Konami Digital Entertainment,0.15,0.04,0,0.01,0.19
15076,Falcon 4.0: Allied Force,PC,2005,Simulation,Graphsim Entertainment,0,0.02,0,0,0.02
12514,Mike Piazza's Strike Zone,N64,1998,Sports,GT Interactive,0.05,0.01,0,0,0.06
16091,Hiiro no Kakera: Shin Tamayori Hime Denshou,PS2,2009,Adventure,Idea Factory,0,0,0.01,0,0.01
14390,Shin Koihime Musou: Otome Ryouran * Sangokushi Engi - Wei-Hen,PSP,2010,Adventure,Yeti,0,0,0.03,0,0.03
16342,Command & Conquer Renegade,PC,2002,Shooter,Electronic Arts,0,0.01,0,0,0.01
6495,Lumines: Electronic Symphony,PSV,2012,Misc,Ubisoft,0.11,0.1,0.01,0.05,0.26
11071,"Saiyuuki: Kinkaku, Ginkaku no Inbou",DS,2007,Role-Playing,D3Publisher,0,0,0.09,0,0.09
8807,Fantastic Four: Rise of the Silver Surfer,PS3,2007,Action,Take-Two Interactive,0.12,0.02,0,0.02,0.15
11635,WWE Crush Hour,GC,2003,Racing,THQ,0.06,0.02,0,0,0.08
12740,FIFA Soccer 06,DS,2005,Sports,Electronic Arts,0.05,0,0,0,0.06
677,Skylanders SWAP Force,Wii,2013,Platform,Activision,1.32,0.83,0,0.2,2.34
7364,NHL 2K6,XB,2005,Sports,Take-Two Interactive,0.16,0.05,0,0.01,0.21
14797,Bully: Scholarship Edition,PC,2008,Action,Take-Two Interactive,0,0.02,0,0,0.03
15746,Postman Pat: Special Delivery Service,DS,2009,Misc,GSP,0,0.01,0,0,0.02
11926,Jumper: Griffin's Story,PS2,2008,Action,Eidos Interactive,0.03,0.03,0,0.01,0.07
5175,Super Fire ProWrestling Special,SNES,1994,Fighting,Human Entertainment,0,0,0.36,0,0.36
14398,Ratatouille,PC,2007,Action,THQ,0.01,0.01,0,0,0.03
15539,Katekyoo Hitman Reborn!! Let's Ansatsu!? Nerawareta 10 Daime!,PS2,2007,Action,Marvelous Interactive,0,0,0.02,0,0.02
9090,Mary-Kate and Ashley: Winners Circle,PS,2001,Action,Acclaim Entertainment,0.08,0.05,0,0.01,0.14
5986,Ben 10 Alien Force: Vilgax Attacks,PS2,2009,Action,D3Publisher,0.11,0.03,0,0.15,0.29
2314,Spider-Man 3,PS2,2007,Platform,Activision,0.74,0.03,0.01,0.12,0.9
337,Battlefield 4,PS3,2013,Shooter,Electronic Arts,1.3,1.51,0.27,0.61,3.69
15607,Aqua Panic!,DS,2009,Puzzle,Neko Entertainment,0.01,0.01,0,0,0.02
12646,Project Setsuna,PS4,2016,Role-Playing,Square Enix,0,0,0.06,0,0.06
6002,Ben 10 Ultimate Alien: Cosmic Destruction,Wii,2010,Platform,D3Publisher,0.17,0.1,0,0.02,0.29
8288,Despicable Me: The Game,PSP,2010,Platform,D3Publisher,0.05,0.08,0,0.04,0.17
9195,Syberia,DS,2008,Action,Mindscape,0.1,0.02,0,0.01,0.14
2076,Rocksmith 2014,PS3,2013,Misc,Ubisoft,0.51,0.27,0.05,0.15,1
183,Super Mario Bros. 3,GBA,2003,Platform,Nintendo,2.93,1.25,0.83,0.2,5.2
15697,Mechanic Master 2,DS,2010,Puzzle,Crave Entertainment,0.02,0,0,0,0.02
3106,Yoshi Topsy-Turvy,GBA,2004,Platform,Nintendo,0.25,0.09,0.3,0.01,0.65
13707,Shiren the Wanderer 4 - God's Eye and the Demon's Navel,PSP,2012,Role-Playing,Spike,0,0,0.04,0,0.04
6777,Jikkyou Powerful Pro Yakyuu 2001,PS,2001,Sports,Konami Digital Entertainment,0,0,0.23,0.02,0.24
9239,X-Blades,PS3,2009,Action,SouthPeak Games,0.07,0.03,0.02,0.02,0.14
8210,Disney Sing It: Family Hits,PS3,2010,Misc,Disney Interactive Studios,0.11,0.04,0,0.02,0.17
13458,Sushi Go-Round,DS,2010,Simulation,Asylum Entertainment,0.04,0,0,0,0.04
10720,iCarly 2: iJoin The Click!,Wii,2010,Adventure,Activision,0.08,0.01,0,0.01,0.1
16288,Root Double: Before Crime After Days,X360,2012,Action,Yeti,0,0,0.01,0,0.01
834,SOCOM: U.S. Navy SEALs: Combined Assault,PS2,2006,Shooter,Sony Computer Entertainment,1.74,0.02,0,0.28,2.04
2848,Skate,X360,2007,Sports,Electronic Arts,0.62,0.04,0,0.06,0.72
7910,Pet Zombies,3DS,N/A,Simulation,Majesco Entertainment,0.18,0,0,0.01,0.19
5721,The Incredible Hulk,Wii,2008,Action,Sega,0.28,0.01,0,0.02,0.31
8379,MotoGP 15,PS4,2015,Racing,Milestone S.r.l.,0,0.12,0.03,0.02,0.17
4511,Overwatch,PC,2016,Shooter,Activision,0.22,0.18,0,0.04,0.43
8272,MDK2 Armageddon,PS2,2001,Shooter,Virgin Interactive,0.08,0.07,0,0.02,0.17
11664,Captain Tsubasa,PS2,2006,Sports,Namco Bandai Games,0,0,0.08,0,0.08
12161,Prince of Persia: The Fallen King,DS,2008,Action,Ubisoft,0.06,0.01,0,0.01,0.07
8235,Project Spark,XOne,2014,Misc,Microsoft Game Studios,0.11,0.05,0,0.02,0.17
3766,Tactics Ogre: Let Us Cling Together,PSP,2010,Role-Playing,Square Enix,0.15,0.07,0.27,0.05,0.53
8846,Terraria,PC,2011,Action,Unknown,0,0.13,0,0.02,0.15
6369,NASCAR 2011: The Game,PS3,2011,Racing,Activision,0.25,0,0,0.02,0.27
12935,Chaos;Child,PSV,2015,Adventure,5pb,0,0,0.05,0,0.05
13578,Kanuchi: Shiroki Tsubasa no Shou,PS2,2008,Adventure,Idea Factory,0,0,0.04,0,0.04
11074,Ski and Shoot,Wii,2008,Sports,RTL,0.04,0.04,0,0.01,0.09
10438,Thrillville: Off the Rails,PSP,2007,Strategy,LucasArts,0.09,0,0,0.01,0.1
3824,Mario Tennis: Power Tour,GBA,2005,Sports,Nintendo,0.24,0.09,0.19,0.01,0.52
11654,All-Star Baseball 2004,GC,2003,Sports,Acclaim Entertainment,0.06,0.02,0,0,0.08
11479,Puzzle Chronicles,PSP,2010,Puzzle,Konami Digital Entertainment,0.07,0,0,0.01,0.08
15581,Metal Fight Beyblade Portable: Chouzetsu Tensei Vulcan Horses,PSP,2010,Action,Takara Tomy,0,0,0.02,0,0.02
8397,The Naked Brothers Band: The Video Game,PS2,2008,Misc,THQ,0.08,0.06,0,0.02,0.17
3544,FIFA World Cup Germany 2006,PS2,2006,Sports,Electronic Arts,0.47,0.02,0,0.08,0.57
5325,Enemy Territory: Quake Wars,PS3,2008,Shooter,Activision,0.23,0.07,0,0.04,0.35
8255,Iron Chef America: Supreme Cuisine,Wii,2008,Simulation,Destineer,0.16,0,0,0.01,0.17
16219,Bakumatsu Rock,PSP,2014,Action,Marvelous Entertainment,0,0,0.01,0,0.01
9619,7th Dragon 2020-II,PSP,2013,Role-Playing,Sega,0,0,0.13,0,0.13
3933,Final Fantasy,WS,2000,Role-Playing,SquareSoft,0,0,0.51,0,0.51
14782,The Adventures of Lomax,PS,1996,Platform,Psygnosis,0.01,0.01,0,0,0.03
3384,Dead Space,PC,2008,Action,Electronic Arts,0,0.53,0,0.06,0.59
4833,Atari Anthology,PS2,2004,Misc,Atari,0.33,0.01,0,0.05,0.4
13849,Outlaw Volleyball Remixed,PS2,2004,Sports,Global Star,0.02,0.01,0,0,0.04
8827,Kids Learn Math: A+ Edition,DS,2011,Misc,Unknown,0.14,0,0,0.01,0.15
119,Gears of War 2,X360,2008,Shooter,Microsoft Game Studios,4.15,1.92,0.06,0.64,6.76
4167,WipEout,PS,1995,Action,Psygnosis,0.26,0.18,0,0.03,0.47
5172,ESPN X Games Skateboarding,PS2,2001,Sports,Konami Digital Entertainment,0.18,0.14,0,0.05,0.36
10053,Shinseiki Evangelion: Koutetsu no Girlfriend,PS,1998,Adventure,Gainax Network Systems,0,0,0.11,0.01,0.11
16126,Nintendogs and Cats Golden Retriever and New Friends,3DS,2011,Action,Nintendo,0,0.01,0,0,0.01
12398,Unreal Tournament III,PC,2007,Shooter,Midway Games,0,0.05,0,0.01,0.06
9823,The Daring Game for Girls,DS,N/A,Adventure,Unknown,0.11,0,0,0.01,0.12
10291,ATV: Quad Frenzy,DS,2005,Racing,Majesco Entertainment,0.1,0,0,0.01,0.11
13683,The Wolf Among Us,X360,2011,Adventure,Telltale Games,0.01,0.03,0,0,0.04
7676,Record of Agarest War,X360,2008,Role-Playing,Compile Heart,0.18,0,0.01,0.01,0.2
13499,Angelique Duet,PS,1998,Strategy,Tecmo Koei,0,0,0.04,0,0.04
1666,FIFA Soccer 07,PSP,2006,Sports,Electronic Arts,0.24,0.65,0,0.32,1.21
13846,PopStar Guitar,PS2,2008,Misc,XS Games,0.02,0.01,0,0,0.04
5299,Pac-Man All-Stars,PS3,2011,Fighting,Namco Bandai Games,0.2,0.08,0.04,0.04,0.35
14585,HappinessCharge PreCure! Kawarun Collection,3DS,2014,Misc,Namco Bandai Games,0,0,0.03,0,0.03
6354,Ben 10 Triple Pack,DS,2011,Misc,D3Publisher,0.13,0.12,0,0.03,0.27
4690,Crash of the Titans,PS2,2007,Action,Vivendi Games,0.34,0.01,0,0.06,0.41
16555,Mahou Sensei Negima!? Neo-Pactio Fight!!,Wii,2007,Fighting,Marvelous Interactive,0,0,0.01,0,0.01
11818,Mega Man Xtreme 2,GB,2001,Platform,Capcom,0,0,0.07,0,0.07
7624,San Francisco Rush 2049,N64,2000,Racing,Midway Games,0.16,0.04,0,0,0.2
5772,Yu-Gi-Oh! 5D's World Championship 2010 Reverse of Arcadia,DS,2010,Strategy,Konami Digital Entertainment,0.18,0.02,0.09,0.02,0.31
15255,Date A Live: Arusu Install,PS3,2014,Adventure,Compile Heart,0,0,0.02,0,0.02
13302,Gummy Bears Mini Golf,DS,2010,Sports,Storm City Games,0.04,0,0,0,0.05
11864,Let's Ride! Friends Forever,DS,2008,Adventure,THQ,0.07,0,0,0,0.07
7055,Deadly Creatures,Wii,2009,Action,THQ,0.08,0.12,0,0.03,0.23
13341,NightCaster II: Equinox,XB,2002,Action,Jaleco,0.03,0.01,0,0,0.05
13286,Summoner: A Goddess Reborn,GC,2003,Role-Playing,THQ,0.04,0.01,0,0,0.05
12768,Ski Region Simulator,PC,2011,Simulation,Excalibur Publishing,0,0.05,0,0.01,0.06
7466,X-Men: Children of the Atom,SAT,1995,Fighting,Acclaim Entertainment,0,0,0.21,0,0.21
1523,Romancing SaGa 3,SNES,1995,Role-Playing,SquareSoft,0,0,1.29,0.01,1.3
4679,Attack on Titan: Humanity in Chains,3DS,2013,Action,Screenlife,0,0,0.41,0,0.41
16287,The Ultimate Battle of the Sexes,Wii,2010,Misc,DTP Entertainment,0.01,0.01,0,0,0.01
16129,Monster Rancher Advance 2,GBA,2002,Simulation,Tecmo Koei,0.01,0,0,0,0.01
5311,Resident Evil: Dead Aim,PS2,2003,Action,Capcom,0.17,0.13,0,0.04,0.35
1224,NFL GameDay 99,PS,1998,Sports,989 Studios,1.44,0.05,0,0.04,1.53
12303,Ray Tracers,PS,1997,Racing,Sony Computer Entertainment,0.04,0.02,0,0,0.06
12618,Ansatsu Kyoushitsu: Assassin Ikusei Keikaku!!,3DS,2016,Action,Namco Bandai Games,0,0,0.06,0,0.06
9866,Pinball Hall of Fame: The Williams Collection,X360,2009,Misc,Crave Entertainment,0.11,0,0,0.01,0.12
2350,Wii Fit U,WiiU,2013,Sports,Nintendo,0.39,0.24,0.21,0.06,0.89
8532,SD Gundam G Generation 3D,3DS,2011,Role-Playing,Namco Bandai Games,0,0,0.16,0,0.16
14556,Culdcept,PS2,2002,Strategy,Sega,0.01,0.01,0,0,0.03
8500,Kya: Dark Lineage,PS2,2003,Adventure,Atari,0.08,0.06,0,0.02,0.16
4356,Transformers: Revenge of the Fallen (Wii & PS2 Version),DS,2009,Action,Activision,0.27,0.14,0,0.04,0.45
10085,Bodycount,X360,2011,Shooter,Codemasters,0.07,0.03,0,0.01,0.11
13781,Nobunaga's Ambition: Sphere of Influence,PS4,2014,Strategy,Tecmo Koei,0.03,0,0,0.01,0.04
1514,Burnout 3: Takedown,XB,2004,Racing,Electronic Arts,0.84,0.43,0,0.04,1.31
4058,LEGO Marvel Super Heroes,DS,2013,Action,Warner Bros. Interactive Entertainment,0.28,0.17,0,0.04,0.49
2982,Spider-Man 3,PS3,2007,Platform,Activision,0.26,0.29,0.02,0.12,0.68
7881,NBA 2K11,PC,2010,Action,Take-Two Interactive,0.18,0,0,0.01,0.19
9438,Shaman King: Power of Spirit,PS2,2004,Adventure,Konami Digital Entertainment,0.06,0.05,0,0.02,0.13
10312,Rugby 15,PS4,2015,Sports,Bigben Interactive,0.03,0.06,0,0.02,0.11
8413,Backyard Wrestling: Don't Try This at Home,XB,2003,Fighting,Eidos Interactive,0.13,0.04,0,0.01,0.17
8108,Ridge Racer Unbounded,PS3,2012,Racing,Namco Bandai Games,0.05,0.1,0,0.03,0.18
3951,NHL 09,X360,2008,Sports,Electronic Arts,0.45,0.01,0,0.04,0.5
8339,World Driver Championship,N64,1999,Racing,Midway Games,0.14,0.03,0,0,0.17
6401,Final Doom,PS,1995,Shooter,GT Interactive,0.15,0.1,0,0.02,0.27
2176,World Championship Poker,PS2,2004,Misc,Play It,0.8,0.03,0,0.13,0.95
14599,Guitar Freaks V & DrumMania V,PS2,2006,Simulation,Konami Digital Entertainment,0,0,0.03,0,0.03
14082,MLB 15: The Show,PSV,2015,Sports,Sony Computer Entertainment,0.03,0,0,0.01,0.04
11873,Rugby World Cup 2015,PS3,2015,Sports,Ubisoft,0,0.06,0,0.01,0.07
2172,Naruto Shippuden: Ultimate Ninja Storm 3,PS3,2013,Fighting,Namco Bandai Games,0.32,0.33,0.15,0.15,0.96
8121,Gun,GC,2005,Shooter,Activision,0.14,0.04,0,0,0.18
7666,Soldier of Fortune: Payback,X360,2007,Shooter,Activision,0.18,0.01,0,0.01,0.2
15066,Blender Bros.,GBA,2002,Platform,Unknown,0.02,0.01,0,0,0.02
12571,Exhibition Volume 5,XB,2004,Misc,Microsoft Game Studios,0.04,0.01,0,0,0.06
5712,Jikkyou Powerful Pro Yakyuu 14,PS2,2007,Sports,Konami Digital Entertainment,0,0,0.31,0,0.31
12955,Myst IV: Revelation,XB,2005,Adventure,Ubisoft,0.04,0.01,0,0,0.05
565,Mortal Kombat,GEN,1992,Fighting,Arena Entertainment,1.95,0.63,0,0.09,2.67
15092,Left 4 Dead,PC,2008,Shooter,Electronic Arts,0,0.02,0,0,0.02
2895,South Park,PS,1998,Shooter,Acclaim Entertainment,0.39,0.27,0,0.05,0.71
5194,Okage: Shadow King,PS2,2001,Role-Playing,Sony Computer Entertainment,0.14,0.11,0.08,0.04,0.36
13074,Kart Racer,Wii,2009,Racing,Nordic Games,0.03,0.01,0,0,0.05
2624,NCAA Football 08,PS2,2007,Sports,Electronic Arts,0.65,0.03,0,0.11,0.79
15672,Tegami Bachi: Kokoro Tsumugu Mono e,PSP,2010,Role-Playing,Konami Digital Entertainment,0,0,0.02,0,0.02
8931,All-Star Baseball 2005,XB,N/A,Sports,Unknown,0.11,0.03,0,0.01,0.15
7191,Rampage: Total Destruction,Wii,2006,Action,Midway Games,0.19,0.01,0,0.02,0.22
11473,Knights Contract,X360,2011,Action,Namco Bandai Games,0.05,0.03,0,0.01,0.08
5857,Rhythm Tengoku,GBA,2006,Misc,Nintendo,0,0,0.3,0.01,0.3
11623,MLB Front Office Manager,PS3,2009,Sports,Take-Two Interactive,0.07,0,0,0.01,0.08
12172,X-Men: The Official Game,GBA,2006,Action,Activision,0.05,0.02,0,0,0.07
14420,Code Lyoko: Quest for Infinity,PSP,2008,Action,Game Factory,0.03,0,0,0,0.03
6237,Mass Effect Trilogy,PC,2012,Action,Electronic Arts,0.09,0.16,0,0.03,0.28
8103,Hyperdimension Neptunia,PSV,2013,Role-Playing,Compile Heart,0.09,0,0.07,0.02,0.18
13864,A Ressha de Ikou DS,DS,2009,Simulation,ArtDink,0,0,0.04,0,0.04
3346,Phineas and Ferb: Across the 2nd Dimension,Wii,2011,Action,Disney Interactive Studios,0.36,0.19,0,0.05,0.6
16578,Neo Angelique Special,PSP,2008,Adventure,Tecmo Koei,0,0,0.01,0,0.01
14703,MechAssault: Phantom War,DS,2006,Simulation,Majesco Entertainment,0.03,0,0,0,0.03
2706,Final Fantasy II,NES,1988,Role-Playing,SquareSoft,0,0,0.76,0,0.76
16347,Cities: Skylines Snowfall,PC,2016,Simulation,Paradox Development,0,0.01,0,0,0.01
12721,Bleach: Blade Battlers 2nd,PS2,2007,Fighting,Sony Computer Entertainment,0,0,0.06,0,0.06
14264,SBK 2011: FIM Superbike World Championship,PC,2011,Racing,Black Bean Games,0,0.03,0,0.01,0.03
14475,Gotouchi Tetsudou: Gotouchi Chara to Nihon Zenkoku no Tabi,WiiU,2014,Misc,Namco Bandai Games,0,0,0.03,0,0.03
9941,NFL Tour,PS3,2008,Sports,Electronic Arts,0.1,0.01,0,0.01,0.12
4430,The Godfather (US sales),XB,2006,Action,Electronic Arts,0.33,0.1,0,0.02,0.44
5543,Kidou Senshi Gundam F91: Formula Senki 0122,SNES,1991,Strategy,Namco Bandai Games,0,0,0.33,0,0.33
5999,Jeopardy! 2nd Edition,PS,2000,Misc,Hasbro Interactive,0.16,0.11,0,0.02,0.29
14684,Secrets of the Titanic,DS,2012,Action,Avanquest Software,0,0.02,0,0,0.03
9341,Castlevania Chronicles,PS,2001,Platform,Konami Digital Entertainment,0.07,0.05,0,0.01,0.13
4923,Mystery Case Files: The Malgrave Incident,Wii,2011,Adventure,Nintendo,0.19,0.17,0,0.03,0.39
4746,The Wonderful 101,WiiU,2013,Action,Nintendo,0.2,0.1,0.08,0.03,0.41
7573,Harvest Moon: More Friends of Mineral Town,GBA,2003,Simulation,Ubisoft,0.14,0.05,0,0,0.2
2442,Harry Potter and the Order of the Phoenix,DS,2007,Action,Electronic Arts,0.28,0.47,0,0.1,0.85
15365,F1 2002,GBA,2002,Racing,"Destination Software, Inc",0.01,0.01,0,0,0.02
5244,Company of Heroes 2,PC,2013,Strategy,THQ,0.06,0.25,0,0.05,0.36
12041,BeatMania,PS2,2006,Simulation,Konami Digital Entertainment,0.03,0.03,0,0.01,0.07
4545,Zone of the Enders HD Collection,PS3,2012,Simulation,Konami Digital Entertainment,0.21,0.08,0.09,0.05,0.43
12399,Monster Garage,XB,2004,Strategy,Activision Value,0.05,0.01,0,0,0.06
1672,Just Dance 2016,Wii,2015,Misc,Ubisoft,0.52,0.59,0,0.1,1.2
10008,Warhammer: Battle March,X360,2008,Strategy,Deep Silver,0.09,0.02,0,0.01,0.11
353,Star Wars: Battlefront,PS2,2004,Shooter,LucasArts,1.93,1.22,0.03,0.44,3.61
7773,Quantum Theory,PS3,2010,Shooter,Tecmo Koei,0.05,0.09,0.02,0.03,0.19
6433,Scene It? Twilight,Wii,2009,Misc,Konami Digital Entertainment,0.16,0.08,0,0.02,0.27
9275,Touch My Katamari,PSV,2011,Puzzle,Namco Bandai Games,0.08,0.04,0,0.02,0.14
6247,One Piece Unlimited Cruise 1: The Treasure Beneath the Waves,Wii,2008,Adventure,Namco Bandai Games,0,0.07,0.19,0.01,0.28
6648,Blaster Master: Blasting Again,PS,2000,Shooter,Sunsoft,0.14,0.1,0,0.02,0.25
8653,Nicktoons: MLB,Wii,2011,Sports,Take-Two Interactive,0.15,0,0,0.01,0.16
5391,Fantastic Voyage,2600,1981,Action,20th Century Fox Video Games,0.32,0.02,0,0,0.34
14631,Whiteout,XB,2002,Racing,Konami Digital Entertainment,0.02,0.01,0,0,0.03
16239,Batman: A Telltale Game Series,PS3,2016,Adventure,Telltale Games,0,0.01,0,0,0.01
7850,Kan Colle Kai,PSV,2016,Action,Kadokawa Games,0,0,0.19,0,0.19
16310,Freaky Flyers,GC,N/A,Racing,Unknown,0.01,0,0,0,0.01
8698,Toriko: Gourmet Monsters!,3DS,2012,Role-Playing,Namco Bandai Games,0,0,0.16,0,0.16
16479,DoDonPachi Daifukkatsu: Black Label,X360,2011,Shooter,Cave,0,0,0.01,0,0.01
8249,NBA Inside Drive 2004,XB,2003,Sports,Microsoft Game Studios,0.13,0.04,0,0.01,0.17
5681,4x4 Evolution,PS2,2001,Racing,Gathering of Developers,0.16,0.12,0,0.04,0.32
10526,Monster Jam: Maximum Destruction,GBA,2002,Racing,Ubisoft,0.07,0.03,0,0,0.1
144,Sonic the Hedgehog 2,GEN,1992,Platform,Sega,4.47,1.2,0.16,0.19,6.03
1430,Dragon Quest III: Soshite Densetsu e...,SNES,1996,Role-Playing,Enix Corporation,0,0,1.36,0,1.36
15643,Final Fantasy XIV: Heavensward,PC,2015,Action,Square Enix,0.01,0.01,0,0,0.02
9811,Chessmaster: The Art of Learning,PSP,2008,Misc,Ubisoft,0.11,0,0,0.01,0.12
15427,Net High,PSV,2015,Adventure,Marvelous Games,0,0,0.02,0,0.02
4369,Dance Dance Revolution: Hottest Party 3,Wii,2009,Simulation,Konami Digital Entertainment,0.26,0.14,0,0.04,0.45
3718,Action Force,2600,1982,Action,CPG Products,0.5,0.03,0,0.01,0.54
12675,Pucca Power Up,DS,2011,Platform,Rising Star Games,0.04,0.02,0,0,0.06
4813,Battalion Wars,GC,2005,Strategy,Nintendo,0.25,0.07,0.07,0.01,0.4
8334,Bratz Kidz,Wii,2008,Misc,Game Factory,0.16,0,0,0.01,0.17
9655,Supremacy MMA,PS3,2011,Fighting,505 Games,0.06,0.04,0,0.02,0.13
11434,DanceDanceRevolution,X360,2011,Simulation,Konami Digital Entertainment,0.08,0,0,0.01,0.08
577,Midnight Club: Street Racing,PS2,2000,Racing,Take-Two Interactive,2,0.47,0.02,0.14,2.63
2615,Armored Core 2,PS2,2000,Simulation,Ubisoft,0.28,0.22,0.23,0.07,0.79
16015,UEFA Champions League 2006-2007,PSP,2007,Sports,Electronic Arts,0.01,0,0,0,0.01
3558,Top Spin 3,X360,2008,Action,Take-Two Interactive,0.09,0.4,0,0.07,0.57
5559,Teen Titans,GC,2006,Action,THQ,0.25,0.07,0,0.01,0.33
12792,Backyard NFL Football '08,PS2,2007,Sports,Atari,0.03,0.02,0,0.01,0.06
12928,Domino Rally,Wii,2007,Action,Nordcurrent,0.05,0,0,0,0.05
14100,Major League Baseball 2K8,PSP,N/A,Sports,Unknown,0.03,0,0,0,0.03
6349,Call of Juarez: The Cartel,X360,2011,Shooter,Ubisoft,0.14,0.11,0,0.03,0.27
6853,Dragon Ball Z: Sagas,XB,2005,Fighting,Atari,0.18,0.05,0,0.01,0.24
9162,The Operative: No One Lives Forever,PS2,2002,Shooter,Electronic Arts,0.07,0.05,0,0.02,0.14
9590,Derby Stallion Advance,GBA,2002,Sports,Enterbrain,0,0,0.12,0,0.13
7622,South Park Rally,N64,2000,Racing,Acclaim Entertainment,0.16,0.04,0,0,0.2
5313,The Adventures of Jimmy Neutron Boy Genius: Jet Fusion,GBA,2003,Action,THQ,0.25,0.09,0,0.01,0.35
14370,Toaru Majutsu no Kagaku no Ensemble,PSP,2013,Adventure,Namco Bandai Games,0,0,0.03,0,0.03
6835,Super Monkey Ball Deluxe,PS2,2005,Misc,Sega,0.12,0.09,0,0.03,0.24
4425,Food Network: Cook or Be Cooked,Wii,2009,Misc,Namco Bandai Games,0.41,0,0,0.03,0.44
2542,The Legend of Zelda: Four Swords Adventures,GC,2004,Action,Nintendo,0.63,0.16,0,0.02,0.81
16402,The Technomancer,PC,2016,Role-Playing,Focus Home Interactive,0,0.01,0,0,0.01
14463,Blokus Portable: Steambot Championship,PSP,2006,Puzzle,Majesco Entertainment,0.03,0,0,0,0.03
9842,Rocksmith,PC,N/A,Misc,Unknown,0.06,0.04,0,0.01,0.12
11381,Derby Stallion 98,SNES,1998,Sports,ASCII Entertainment,0,0,0.08,0,0.08
16389,TrackMania Turbo,PC,2016,Action,Ubisoft,0,0.01,0,0,0.01
11345,Shining Force: Resurrection of the Dark Dragon,GBA,2004,Role-Playing,THQ,0.06,0.02,0,0,0.08
10629,Alien Hominid,PS2,2004,Shooter,Zoo Digital Publishing,0.05,0.04,0,0.01,0.1
87,Final Fantasy X,PS2,2001,Role-Playing,Sony Computer Entertainment,2.91,2.07,2.73,0.33,8.05
2544,Guitar Hero Live,PS4,2015,Misc,Activision,0.32,0.35,0,0.13,0.81
6234,Puyo Puyo! 15th Anniversary,DS,2006,Puzzle,Sega,0,0,0.28,0,0.28
12483,Playmobil Knights,DS,2009,Action,Mindscape,0.04,0.01,0,0,0.06
13379,B-Boy,PSP,2006,Misc,Sony Computer Entertainment,0.04,0,0,0,0.05
9777,Mountain Sports,Wii,2009,Sports,Activision,0.11,0,0,0.01,0.12
13708,PopCap Arcade Vol 1,X360,2007,Puzzle,PopCap Games,0.04,0,0,0,0.04
12496,Neon Genesis Evangelion,N64,1999,Adventure,Namco Bandai Games,0,0,0.06,0,0.06
3907,Dragon Ball: Raging Blast,X360,2009,Fighting,Namco Bandai Games,0.36,0.09,0.02,0.04,0.51
11985,Caesars Palace Advance: Millennium Gold Edition,GBA,2001,Misc,Majesco Entertainment,0.05,0.02,0,0,0.07
5237,Arc the Lad: Twilight of the Spirits,PS2,2003,Role-Playing,Sony Computer Entertainment,0.18,0.14,0,0.05,0.36
1799,Royal Palace of White Sword and The City of Gentiles,PS2,2005,Role-Playing,Take-Two Interactive,0,0.51,0,0.62,1.14
11618,Auto Destruct,PS,1998,Action,Electronic Arts,0.04,0.03,0,0.01,0.08
12308,Rugby 15,PSV,2015,Sports,Bigben Interactive,0,0.05,0,0.01,0.06
8792,Tears to Tiara II: Heir of the Overlord,PS3,2013,Role-Playing,Nippon Ichi Software,0.07,0.02,0.06,0.01,0.15
8851,F1 2001,PS2,2001,Racing,Electronic Arts,0.07,0.06,0,0.02,0.15
11082,Pachitte Chonmage Tatsujin 10: Pachinko Fuyu no Sonata,PS2,2007,Misc,Hackberry,0,0,0.09,0,0.09
7144,Spartan: Total Warrior,PS2,2005,Action,Sega,0.11,0.09,0,0.03,0.22
2286,MX vs. ATV Reflex,PS3,2009,Racing,THQ,0.52,0.26,0,0.12,0.91
8319,Pro Evolution Soccer 2014,PSP,2013,Action,Konami Digital Entertainment,0,0.03,0.14,0,0.17
10380,Carnage Heart,PS,1995,Strategy,Sony Computer Entertainment,0.01,0.01,0.09,0.01,0.11
15532,Marvel Avengers: Battle for Earth,X360,2012,Action,Ubisoft,0.02,0,0,0,0.02
14311,Hallowed Legends: Samhain,PC,2011,Adventure,Focus Home Interactive,0,0.02,0,0.01,0.03
5261,J-League Pro Soccer Club o Tsukurou!,DC,1999,Sports,Sega,0,0,0.36,0,0.36
6573,Drakan: The Ancients' Gates,PS2,2002,Adventure,Sony Computer Entertainment,0.13,0.1,0,0.03,0.26
2993,Doom (2016),XOne,2016,Shooter,Bethesda Softworks,0.39,0.23,0,0.06,0.68
11221,Blacksite: Area 51,PS3,2007,Shooter,Midway Games,0.07,0.01,0,0.01,0.09
12676,Resident Evil 2,GC,2003,Action,Capcom,0.04,0.01,0,0,0.06
7392,Champion Jockey: G1 Jockey & Gallop Racer,PS3,2011,Sports,Tecmo Koei,0.06,0.05,0.08,0.02,0.21
6982,Kung Fu Panda 2,DS,2011,Action,THQ,0.16,0.05,0,0.02,0.23
11439,Steins;Gate: Hiyoku Renri no Darling,X360,2011,Adventure,5pb,0,0,0.08,0,0.08
13430,Tropico 3,PC,2009,Strategy,Kalypso Media,0,0.04,0,0.01,0.05
11211,Gray Matter,PC,2011,Adventure,DTP Entertainment,0.02,0.05,0,0.01,0.09
14643,Ao no Kanata no Four Rhythm,PSV,2016,Adventure,Unknown,0,0,0.03,0,0.03
15702,Lost: Via Domus,PC,2008,Action,Ubisoft,0,0.01,0,0,0.02
12621,Tabi no Yubisashi Kaiwachou DS: DS Series 3 Kankoku,DS,2006,Misc,Nintendo,0,0,0.06,0,0.06
8078,Vampire Savior: The Lord of Vampire,SAT,1998,Fighting,Capcom,0,0,0.18,0,0.18
9455,Fire ProWrestling,GBA,2001,Fighting,Spike,0.09,0.03,0,0,0.13
9387,Shin Megami Tensei: Devil Summoner 2 - Raidou Kuzunoha vs. King Abaddon,PS2,2008,Role-Playing,Atlus,0.07,0.05,0,0.02,0.13
8480,Dungeon Siege: Throne of Agony,PSP,2006,Role-Playing,Take-Two Interactive,0.13,0.02,0,0.02,0.16
3560,LEGO Dimensions,X360,2015,Action,Warner Bros. Interactive Entertainment,0.24,0.28,0,0.05,0.56
15993,Shinseiki Evangelion: Battle Orchestra Portable,PSP,2009,Fighting,Broccoli,0,0,0.01,0,0.01
6993,SingStar Pop Edition,PS3,2009,Misc,Sony Computer Entertainment,0,0.19,0,0.05,0.23
15002,Wii de Asobu: Metroid Prime,Wii,N/A,Shooter,Nintendo,0,0,0.02,0,0.02
2302,Buzz! Quiz TV,PS3,2008,Misc,Sony Computer Entertainment,0.28,0.48,0,0.14,0.9
8891,Scooby-Doo! Mystery Mayhem,XB,2004,Action,THQ,0.11,0.03,0,0.01,0.15
822,Mario & Luigi: Dream Team,3DS,2013,Role-Playing,Nintendo,0.89,0.57,0.46,0.13,2.06
5733,Alone in the Dark: One-Eyed Jack's Revenge,PS,1996,Adventure,Infogrames,0.17,0.12,0,0.02,0.31
7567,International Cricket 2010,PS3,2010,Sports,Codemasters,0,0.15,0,0.05,0.2
5407,Momotarou Dentetsu DS: Tokyo & Japan,DS,2007,Misc,Hudson Soft,0,0,0.34,0,0.34
3159,Castlevania,N64,1999,Platform,Konami Digital Entertainment,0.44,0.1,0.04,0.05,0.64
12389,Strike Force Bowling,GC,2005,Sports,Crave Entertainment,0.05,0.01,0,0,0.06
8405,Pursuit Force,PSP,2005,Racing,Sony Computer Entertainment,0.14,0.01,0,0.02,0.17
15211,Steal Princess,DS,N/A,Platform,Unknown,0.02,0,0,0,0.02
12594,Tenchi Muyou! Ryoukouki Gokuraku,SAT,1995,Adventure,Yumedia,0,0,0.06,0,0.06
14885,God Eater Off Shot: Lindow-hen Twin Pack & Animation Vol. 2,PS4,2015,Misc,Namco Bandai Games,0,0,0.03,0,0.03
16458,Shijyou Saikyou no Deshi Kenichi: Gekitou! Ragnarok Hachikengou,PS2,2007,Fighting,Capcom,0,0,0.01,0,0.01
18,Grand Theft Auto: San Andreas,PS2,2004,Action,Take-Two Interactive,9.43,0.4,0.41,10.57,20.81
6824,Deca Sports 3,Wii,2010,Sports,Hudson Soft,0.15,0.07,0,0.02,0.24
1850,Megamania,2600,1981,Shooter,Activision,1.03,0.06,0,0.01,1.1
11608,LEGO Soccer Mania,GBA,2002,Sports,Electronic Arts,0.06,0.02,0,0,0.08
4845,Rampage: Total Destruction,GC,2006,Action,Midway Games,0.31,0.08,0,0.01,0.4
14686,Animaniacs: The Great Edgar Hunt,GC,2005,Platform,Ignition Entertainment,0.02,0.01,0,0,0.03
350,Call of Duty: Ghosts,PS4,2013,Shooter,Activision,1.78,1.42,0.05,0.38,3.63
8560,Summon Night EX-Thesis: Yoake no Tsubasa,PS2,2005,Role-Playing,Banpresto,0,0,0.16,0,0.16
14658,Battlefield Vietnam,PC,2004,Shooter,Electronic Arts,0,0.02,0,0,0.03
5535,Parodius,PS,1994,Shooter,Konami Digital Entertainment,0,0,0.31,0.02,0.33
14074,Tao Adventure: Curse Demon,DS,2005,Role-Playing,Konami Digital Entertainment,0.03,0,0,0,0.04
3173,Jampack Volume 13 (RP-T),PS2,2005,Misc,Sony Computer Entertainment,0.31,0.24,0,0.08,0.64
11121,Sniper Elite,XB,2005,Shooter,Ubisoft,0.07,0.02,0,0,0.09
3409,Crash Bandicoot: The Wrath of Cortex,GC,2002,Platform,Universal Interactive,0.46,0.12,0,0.02,0.59
3081,Keystone Kapers,2600,1982,Action,Activision,0.62,0.04,0,0.01,0.66
817,Tom Clancy's Splinter Cell: Conviction,X360,2010,Action,Ubisoft,1.2,0.63,0.04,0.19,2.06
3278,Wall-E,X360,2008,Platform,THQ,0.29,0.26,0,0.07,0.62
9153,WCW Backstage Assault,N64,N/A,Action,Unknown,0.11,0.03,0,0,0.14
6750,Hasbro Family Game Night 3,PS3,2010,Misc,Electronic Arts,0.18,0.04,0,0.03,0.25
8324,Professor Heinz Wolff's Gravity,Wii,2008,Puzzle,Deep Silver,0.04,0.12,0,0.02,0.17
11842,Spot Goes to Hollywood,PS,1996,Platform,Virgin Interactive,0.04,0.03,0,0,0.07
11045,Ochaken no Heya DS 2,DS,2007,Simulation,MTO,0,0,0.09,0,0.09
815,Need for Speed: ProStreet,X360,2007,Racing,Electronic Arts,1.04,0.8,0.01,0.22,2.06
11346,Shining Soul II,GBA,2003,Role-Playing,THQ,0.06,0.02,0,0,0.08
11773,Gundam Battle Tactics,PSP,2005,Action,Namco Bandai Games,0,0,0.07,0,0.07
2861,Dragon Quest Swords: The Masked Queen and the Tower of Mirrors,Wii,2007,Role-Playing,Square Enix,0.18,0.01,0.5,0.02,0.71
2281,Knockout Kings 2002,PS2,2002,Sports,Electronic Arts,0.45,0.35,0,0.12,0.91
14511,The Idolmaster: Gravure For You! Vol. 5,PS3,2012,Misc,Namco Bandai Games,0,0,0.03,0,0.03
666,Madden NFL 08,X360,2007,Sports,Electronic Arts,2.18,0.01,0,0.18,2.37
1269,Final Fantasy: Crystal Chronicles,GC,2003,Role-Playing,Nintendo,0.72,0.38,0.36,0.04,1.49
9581,Zapper: One Wicked Cricket!,GC,2002,Platform,Infogrames,0.1,0.03,0,0,0.13
1314,WCW vs the World,PS,1998,Fighting,THQ,1.17,0.2,0.04,0.05,1.46
12953,Growlanser: Heritage of War (jp sales),PS2,2006,Role-Playing,Rising Star Games,0,0,0.05,0,0.05
6016,Medieval Moves: Deadmund's Quest,PS3,2011,Action,Sony Computer Entertainment,0.13,0.12,0,0.05,0.29
8309,Looney Tunes: Back in Action,GC,2003,Platform,Warner Bros. Interactive Entertainment,0.13,0.03,0,0,0.17
11399,Kaijuu Busters Powered,DS,2011,Action,Namco Bandai Games,0,0,0.08,0,0.08
1852,The Legend of Zelda: Tri Force Heroes,3DS,2015,Action,Nintendo,0.52,0.33,0.17,0.08,1.1
10617,Kelly Slater's Pro Surfer,XB,2002,Sports,Activision,0.08,0.02,0,0,0.1
10691,NeverDead,X360,2012,Shooter,Konami Digital Entertainment,0.06,0.03,0,0.01,0.1
12359,Osu! Tatakae! Ouendan,DS,2005,Misc,Nintendo,0,0,0.06,0,0.06
25,Grand Theft Auto: Vice City,PS2,2002,Action,Take-Two Interactive,8.41,5.49,0.47,1.78,16.15
6827,F1 2015,XOne,2015,Racing,Codemasters,0.08,0.15,0,0.02,0.24
12207,The Guided Fate Paradox,PS3,2013,Role-Playing,Nippon Ichi Software,0,0,0.06,0,0.07
2232,Build-A-Bear Workshop,DS,2007,Simulation,Game Factory,0.85,0.01,0,0.07,0.93
6755,SBK Superbike World Championship,PS3,2008,Racing,Black Bean Games,0.12,0.11,0,0.02,0.25
16156,Entaku no Seito: Students of Round,X360,2011,Role-Playing,ChunSoft,0,0,0.01,0,0.01
11470,Junior Classic Books & Fairytales,DS,2010,Misc,GSP,0.06,0.01,0,0.01,0.08
2365,NBA 2K6,PS2,2005,Action,Take-Two Interactive,0.43,0.34,0,0.11,0.88
7986,Samurai Warriors: State of War,PSP,2005,Action,Tecmo Koei,0.07,0,0.11,0.01,0.19
8036,Jurassic Park III: Island Attack,GBA,2001,Adventure,Konami Digital Entertainment,0.13,0.05,0,0,0.18
15273,World Neverland 2in1 Portable: Olerud Kingdom & Republic of Pluto,PSP,2008,Simulation,fonfun,0,0,0.02,0,0.02
13257,Block Kuzushi,SNES,1995,Puzzle,Pow,0,0,0.05,0,0.05
14248,PowerSlave,PS,1996,Shooter,BMG Interactive Entertainment,0.02,0.01,0,0,0.03
14266,Street Supremacy,PSP,2005,Racing,Konami Digital Entertainment,0.03,0,0,0,0.03
12599,Doraemon: Nobita no Uchuu Eiyuuki,3DS,2015,Action,FuRyu,0,0,0.06,0,0.06
490,Mass Effect,X360,2007,Role-Playing,Microsoft Game Studios,1.83,0.8,0.03,0.27,2.93
5475,Klonoa 2: Lunatea's Veil,PS2,2001,Platform,Sony Computer Entertainment,0.12,0.1,0.08,0.03,0.33
4286,The Golden Compass,X360,2007,Action,Sega,0.3,0.12,0,0.04,0.46
2409,Tales of Xillia 2,PS3,2012,Role-Playing,Namco Bandai Games,0.2,0.15,0.45,0.07,0.87
10209,Paws & Claws Pet Vet: Australian Adventures,DS,2009,Simulation,THQ,0.1,0,0,0.01,0.11
7118,Buzz! Junior: RoboJam,PS2,2007,Misc,Sony Computer Entertainment,0.11,0.09,0,0.03,0.23
7460,Greg Hastings Paintball 2,X360,2010,Shooter,Majesco Entertainment,0.19,0,0,0.01,0.21
11851,Rugby League 3,Wii,2010,Sports,Alternative Software,0,0.06,0,0.01,0.07
7242,Ben 10 Alien Force: Vilgax Attacks,X360,2009,Action,D3Publisher,0.11,0.09,0,0.02,0.22
6435,Don King Boxing,Wii,2009,Sports,Take-Two Interactive,0.14,0.1,0,0.03,0.27
1432,Yoshi's New Island,3DS,2014,Platform,Nintendo,0.47,0.51,0.28,0.09,1.36
15067,Suzumiya Haruhi no Heiretsu,Wii,2009,Adventure,Sega,0,0,0.02,0,0.02
5019,Ninja: Shadow of Darkness,PS,1998,Action,Eidos Interactive,0.21,0.14,0,0.02,0.38
9781,Making History: The Great War,PSP,2010,Strategy,Namco Bandai Games,0,0,0.12,0,0.12
15071,Pe-Jongju to Manabu Kankokugo DS: Test-Hen,DS,2010,Misc,D3Publisher,0,0,0.02,0,0.02
12027,AMF Bowling Pinbusters!,DS,2008,Sports,Vir2L Studios,0.06,0,0,0,0.07
15593,Starry ? Sky: After Summer,PSP,2013,Misc,Asgard,0,0,0.02,0,0.02
12430,Arkanoid DS,DS,2007,Puzzle,Square Enix,0.06,0,0,0,0.06
10920,Bogey: Dead 6,PS,1996,Simulation,Sony Computer Entertainment,0.05,0.04,0,0.01,0.09
878,Def Jam Vendetta,PS2,2003,Fighting,Electronic Arts,0.95,0.74,0,0.25,1.94
1370,Fight Night Round 4,X360,2009,Fighting,Electronic Arts,0.95,0.34,0,0.13,1.41
11178,Jikkyou Powerful Pro Yakyuu 2000 Ketteiban,PS,2000,Sports,Konami Digital Entertainment,0,0,0.08,0.01,0.09
4976,Jam Sessions: Sing and Play Guitar (US sales),DS,2007,Misc,Ubisoft,0.38,0,0,0,0.38
5617,Harvest Moon: Back to Nature,PS,1999,Simulation,Ubisoft,0.11,0.07,0.12,0.02,0.32
1820,Supercar Street Challenge,PS2,2001,Racing,Activision,0.55,0.43,0,0.14,1.12
4765,Hatsune Miku: Project Diva 2nd,PSP,2010,Misc,Sega,0,0,0.41,0,0.41
2131,de Blob,Wii,2008,Platform,THQ,0.5,0.37,0,0.1,0.97
5308,Racquet Sports,PS3,2010,Sports,Ubisoft,0.11,0.17,0,0.06,0.35
14466,Atelier Shallie Plus: Alchemists of the Dusk Sea,PSV,2016,Role-Playing,Tecmo Koei,0,0,0.03,0,0.03
993,Sonic the Hedgehog 3,GEN,1994,Platform,Sega,1.02,0.47,0.2,0.07,1.76
1259,Super Scribblenauts,DS,2010,Puzzle,Warner Bros. Interactive Entertainment,1.08,0.31,0,0.11,1.5
16074,World Poker Tour,GBA,2005,Misc,Take-Two Interactive,0.01,0,0,0,0.01
1912,Spore Creatures,DS,2008,Simulation,Electronic Arts,0.67,0.3,0,0.11,1.08
13020,Lagoon,SNES,1991,Role-Playing,Kemco,0,0,0.05,0,0.05
14561,Heathcliff! The Fast and the Furriest,Wii,2010,Racing,Storm City Games,0.03,0,0,0,0.03
2700,SoulCalibur V,PS3,2012,Fighting,Namco Bandai Games,0.35,0.24,0.07,0.1,0.76
7743,The Hobbit,GBA,2003,Platform,Vivendi Games,0.14,0.05,0,0,0.19
9972,Darkspore,PC,2011,Role-Playing,Electronic Arts,0.07,0.03,0,0.01,0.12
4722,Spider-Man: Web of Shadows,X360,2008,Action,Activision,0.36,0.02,0,0.03,0.41
359,WWF SmackDown!,PS,2000,Fighting,THQ,2.01,1.35,0.06,0.16,3.58
14949,Jikkyou Powerful Pro Yakyuu 12 Ketteiban,GC,2005,Sports,Konami Digital Entertainment,0,0,0.02,0,0.02
12541,Toriko: Gourmet Battle!,3DS,2013,Role-Playing,Namco Bandai Games,0,0,0.06,0,0.06
13696,WarJetz,PS2,2001,Shooter,3DO,0.02,0.02,0,0.01,0.04
14868,Moyashimon DS,DS,2009,Action,Takara Tomy,0,0,0.03,0,0.03
12337,Steins;Gate: Senkei Kousoku no Phonogram,PS3,2013,Adventure,5pb,0,0,0.06,0,0.06
9303,Kororinpa: Marble Mania,Wii,2006,Puzzle,Nintendo,0.08,0.02,0.03,0.01,0.14
6756,Final Fantasy XI: Chains of Promathia,PS2,2004,Role-Playing,Square Enix,0.12,0.09,0,0.03,0.25
2400,Wizards of Waverly Place,DS,2009,Misc,Disney Interactive Studios,0.59,0.2,0,0.08,0.87
3693,NBA Live 10,PS3,2009,Sports,Electronic Arts,0.46,0.03,0.01,0.05,0.54
1016,Star Wars Episode I: The Phantom Menace,PS,1999,Adventure,LucasArts,0.72,0.89,0.04,0.1,1.74
3383,Pokemon Trozei!,DS,2005,Puzzle,Nintendo,0.26,0,0.31,0.02,0.6
12349,Intellivision Lives!,GC,2004,Misc,Crave Entertainment,0.05,0.01,0,0,0.06
12936,Fatal Fury: Wild Ambition,PS,1999,Fighting,SNK Playmore,0.03,0.02,0,0,0.05
6758,Disney's A Christmas Carol,DS,2009,Adventure,Disney Interactive Studios,0.22,0.01,0,0.02,0.25
16118,Brain Exercise With Dr. Kawashima,PC,2009,Puzzle,Namco Bandai Games,0,0.01,0,0,0.01
7121,AC/DC LIVE: Rock Band Track Pack,X360,2008,Misc,MTV Games,0.21,0,0,0.02,0.23
4477,Battlebots: Design & Destroy,GBA,2003,Action,Majesco Entertainment,0.31,0.12,0,0.01,0.44
15105,Harukanaru Toki no Naka de 3 with Izayoiki Aizouban,PSP,2009,Adventure,Tecmo Koei,0,0,0.02,0,0.02
7562,From TV Animation One Piece: Grand Battle! 3,GC,2003,Fighting,Namco Bandai Games,0,0,0.2,0.01,0.2
1727,Medal of Honor: Warfighter,X360,2012,Action,Electronic Arts,0.58,0.47,0.01,0.1,1.17
14384,Homeworld 2,PC,2003,Strategy,Vivendi Games,0,0.03,0,0.01,0.03
869,Rad Racer,NES,1986,Racing,Nintendo,1.13,0.37,0.41,0.05,1.96
3091,"Transformers: The Game (XBox 360, PS2, PS3, Wii & PC Versions)",PSP,2007,Action,Activision,0.23,0.27,0,0.16,0.66
8153,Brunswick Circuit Pro Bowling,PS,1998,Sports,THQ,0.1,0.07,0,0.01,0.18
14269,House M.D.,DS,2010,Adventure,Mindscape,0.02,0.01,0,0,0.03
7714,Jikkyou Powerful Pro Yakyuu 2011,PSP,2011,Sports,Konami Digital Entertainment,0,0,0.2,0,0.2
4222,Godzilla: Save the Earth,PS2,2004,Fighting,Atari,0.23,0.18,0,0.06,0.47
10351,Black Bass with Blue Marlin,PS,1999,Sports,Starfish,0.06,0.04,0,0.01,0.11
4542,Cool Boarders,PS,1996,Sports,Sony Computer Entertainment,0.1,0.07,0.24,0.03,0.43
12254,Orcs & Elves,DS,2007,Role-Playing,Electronic Arts,0.06,0,0,0.01,0.06
7322,Pandemonium!,PS,1996,Platform,BMG Interactive Entertainment,0.12,0.08,0,0.01,0.21
9298,Wild Earth: African Safari,Wii,2008,Simulation,Majesco Entertainment,0.11,0.02,0,0.01,0.14
4225,Imagine: Figure Skater (US sales),DS,2007,Sports,Ubisoft,0.46,0.01,0,0,0.47
6464,NCAA Gamebreaker,PS,1996,Sports,Sony Computer Entertainment,0.15,0.1,0,0.02,0.26
2672,Need for Speed: Porsche Unleashed,PS,1999,Racing,Electronic Arts,0.43,0.29,0,0.05,0.77
2513,Street Fighter V,PS4,2016,Fighting,Capcom,0.35,0.26,0.08,0.13,0.82
3640,Tiger Woods PGA Tour 13,PS3,2012,Sports,Electronic Arts,0.24,0.22,0,0.09,0.55
6240,My Japanese Coach,DS,2008,Misc,Ubisoft,0.25,0,0,0.02,0.28
8047,Monopoly Party,XB,2002,Misc,Infogrames,0.14,0.04,0,0.01,0.18
10515,Samurai Warriors Chronicles 2nd,3DS,2012,Action,Ubisoft Annecy,0,0,0.1,0,0.1
4881,Fantastic Four: Rise of the Silver Surfer,PS2,2007,Action,Take-Two Interactive,0.19,0.15,0,0.05,0.39
12022,The Legend of Heroes: Trails in the Sky First Chapter,PSV,2015,Role-Playing,Kadokawa Shoten,0,0,0.07,0,0.07
8321,Fighter Maker,PS,1998,Fighting,Agetec,0.05,0.04,0.07,0.01,0.17
13711,Men of War: Vietnam,PC,2011,Strategy,Unknown,0,0.03,0,0.01,0.04
7945,Crash & Spyro Superpack,GBA,2005,Platform,Vivendi Games,0.13,0.05,0,0,0.19
11545,Rock Revolution,Wii,N/A,Misc,Unknown,0.07,0,0,0.01,0.08
10676,Pro Evolution Soccer 2013,Wii,2012,Sports,Konami Digital Entertainment,0,0.03,0.06,0,0.1
1097,NCAA Football 2004,PS2,2003,Sports,Electronic Arts,1.35,0.09,0,0.23,1.67
6619,Journey,PS3,2012,Adventure,Sony Computer Entertainment Europe,0.04,0.15,0,0.06,0.25
9478,Grand Knights History,PSP,2011,Role-Playing,Marvelous Interactive,0,0,0.13,0,0.13
9331,Fashion Studio: Paris Collection,DS,2009,Misc,Ubisoft,0.13,0,0,0.01,0.13
1439,Madden NFL 98,PS,1997,Sports,Electronic Arts,1.29,0.03,0,0.03,1.35
7179,MotoGP 09/10,PS3,2010,Racing,Capcom,0.05,0.13,0,0.04,0.22
8744,Stormrise,X360,2009,Strategy,Sega,0.11,0.03,0,0.01,0.15
7280,Jikkyou Powerful Major League,PS2,2006,Sports,Konami Digital Entertainment,0,0,0.22,0,0.22
8783,Army Men: Sarge's War,GC,2004,Shooter,Global Star,0.12,0.03,0,0,0.15
11261,Aibou DS,DS,2009,Adventure,Tecmo Koei,0,0,0.08,0,0.08
10505,Alvin and the Chipmunks: The Squeakquel,Wii,2009,Misc,Majesco Entertainment,0.09,0,0,0.01,0.1
15813,Custom Drive,PSP,2012,Action,D3Publisher,0,0,0.02,0,0.02
4985,Wario Land II (GBC),GB,1998,Platform,Nintendo,0,0,0.38,0,0.38
16013,Call of Juarez,PC,2006,Shooter,Ubisoft,0,0.01,0,0,0.01
2760,LittleBigPlanet 3,PS3,2014,Platform,Sony Computer Entertainment,0.2,0.43,0.01,0.11,0.75
9565,Tamagotchi no Pichi Pichi Omisecchi,DS,2010,Action,Namco Bandai Games,0,0,0.13,0,0.13
9646,Smash Court Tennis Pro Tournament 2,PS2,2004,Sports,Sony Computer Entertainment,0.06,0.05,0,0.02,0.13
3102,Radiata Stories,PS2,2005,Role-Playing,Square Enix,0.18,0.14,0.29,0.05,0.65
15527,Seitokai no Ichizon: DS-suru Seitokai,DS,2010,Adventure,Kadokawa Shoten,0,0,0.02,0,0.02
4666,Pirates of the Caribbean: At World's End,PS2,2007,Action,Disney Interactive Studios,0.2,0.16,0,0.05,0.42
3516,Disney Universe,X360,2011,Action,Disney Interactive Studios,0.37,0.15,0,0.05,0.57
13704,XCOM 2,PS4,2016,Strategy,Take-Two Interactive,0.01,0.02,0,0.01,0.04
8372,Bomberman Land,Wii,2007,Misc,Rising Star Games,0.11,0.02,0.03,0.01,0.17
8506,The Amazing Spider-Man (Console Version),Wii,2012,Action,Activision,0.11,0.04,0,0.01,0.16
5800,Slot Machine,2600,N/A,Action,Atari,0.29,0.02,0,0,0.31
14366,Mushihimesama Futari Ver 1.5,X360,2009,Shooter,Cave,0,0,0.03,0,0.03
9033,Thunder Truck Rally,PS,1997,Racing,Psygnosis,0.08,0.05,0,0.01,0.14
15652,Canada Hunt,Wii,2010,Sports,Virtual Play Games,0.02,0,0,0,0.02
12298,Ys vs. Sora no Kiseki: Alternative Saga,PSP,2010,Fighting,Falcom Corporation,0,0,0.06,0,0.06
723,Spyro: Season of Ice,GBA,2001,Platform,Vivendi Games,1.29,0.83,0,0.11,2.23
9025,Wild ARMs 4,PS2,2005,Role-Playing,505 Games,0.07,0.06,0,0.02,0.14
3765,Dragon's Crown,PS3,2013,Role-Playing,Nippon Ichi Software,0.25,0.07,0.17,0.05,0.53
15481,Kazoku Keikaku,PSP,2010,Adventure,CyberFront,0,0,0.02,0,0.02
10788,Sol Trigger,PSP,2012,Role-Playing,Image Epoch,0,0,0.1,0,0.1
11206,Royal Palace of White Sword and The City of Gentiles,XB,2005,Role-Playing,Take-Two Interactive,0.06,0.02,0,0,0.09
8294,World Destruction League: Thunder Tanks,PS2,2000,Action,3DO,0.08,0.07,0,0.02,0.17
11783,Picture Perfect Hair Salon,DS,2009,Simulation,505 Games,0.07,0,0,0.01,0.07
11286,Major League Baseball 2K9,PSP,2009,Sports,Spike,0.08,0,0,0.01,0.08
410,Assassin's Creed Syndicate,PS4,2015,Action,Ubisoft,0.8,1.92,0.06,0.5,3.28
1698,The Dukes of Hazzard: Racing for Home,PS,1999,Racing,Ubisoft,0.99,0.16,0,0.04,1.19
668,The Incredibles,PS2,2004,Action,THQ,0.96,1.08,0.04,0.3,2.37
8969,Barbie Superpack: Secret Agent / Groovy Games,GBA,2005,Misc,Vivendi Games,0.1,0.04,0,0,0.15
14152,SpongeBob: HeroPants,3DS,2015,Platform,Activision,0.03,0,0,0,0.03
13260,American Chopper 2: Full Throttle,GC,2005,Racing,Activision,0.04,0.01,0,0,0.05
2485,Battle of Giants: Dinosaurs,DS,2008,Strategy,Ubisoft,0.38,0.37,0,0.09,0.83
3219,Advance Wars: Days of Ruin,DS,N/A,Strategy,Nintendo,0.44,0.13,0,0.06,0.63
2143,LEGO The Lord of the Rings,Wii,2012,Action,Warner Bros. Interactive Entertainment,0.52,0.37,0,0.08,0.97
1529,Mega Man Battle Network 3 Blue / White Version,GBA,2002,Role-Playing,Capcom,0.39,0.02,0.85,0.03,1.29
1239,Mafia II,PS3,2010,Action,Take-Two Interactive,0.5,0.72,0.04,0.26,1.52
7062,Dragon Quest Heroes II: Twin Kings and the Prophecy's End,PSV,2016,Action,Square Enix,0,0,0.23,0,0.23
12752,Gothic 3,PC,2006,Role-Playing,JoWood Productions,0,0.05,0,0.01,0.06
13779,Deal or No Deal: Special Edition,DS,2010,Misc,Zoo Games,0.04,0,0,0,0.04
108,Super Smash Bros. Melee,GC,2001,Fighting,Nintendo,4.41,1.04,1.39,0.22,7.07
15788,Colin McRae Rally 2005,PC,2004,Racing,Codemasters,0,0.01,0,0,0.02
11858,Lupin Sansei: Shijou Saidai no Zunousen,DS,2010,Adventure,Namco Bandai Games,0,0,0.07,0,0.07
2845,Kangaroo,2600,1982,Platform,Atari,0.67,0.04,0,0.01,0.72
7142,Def Jam: Fight for NY,GC,2004,Fighting,Electronic Arts,0.17,0.05,0,0.01,0.22
8154,Cabela's Dangerous Hunts 2009,PS2,2008,Sports,Activision Value,0.09,0.07,0,0.02,0.18
3920,Ace Combat Zero: The Belkan War,PS2,2006,Simulation,Namco Bandai Games,0.15,0.12,0.2,0.04,0.51
15572,Entaku no Seito: The Eternal Legend,PSP,2012,Role-Playing,Kadokawa Games,0,0,0.02,0,0.02
15586,Bomberman 2,DS,2008,Puzzle,Hudson Soft,0,0.01,0,0,0.02
8002,Syndicate,X360,2012,Shooter,Electronic Arts,0.1,0.06,0,0.02,0.18
751,Madden NFL 25,X360,2013,Sports,Electronic Arts,1.97,0.07,0,0.13,2.18
14453,Kaidan Restaurant: Zoku! Shin Menu 100-Sen,DS,2011,Misc,Namco Bandai Games,0,0,0.03,0,0.03
11257,Ephemeral Fantasia,PS2,2000,Role-Playing,Konami Digital Entertainment,0.04,0.03,0,0.01,0.08
15496,Otoko Yukaku,PSV,2015,Action,D3Publisher,0,0,0.02,0,0.02
4316,Lego Batman 3: Beyond Gotham,3DS,2014,Action,Warner Bros. Interactive Entertainment,0.21,0.21,0,0.04,0.45
6209,RollerCoaster Tycoon 3,PC,2004,Strategy,Atari,0.01,0.22,0,0.05,0.28
8692,Infected,PSP,2005,Shooter,THQ,0.14,0,0,0.01,0.16
16391,Sakura-Sou no Pet na Kanojo,PSV,2013,Adventure,Kadokawa Games,0,0,0.01,0,0.01
9659,Horse Life,DS,2007,Simulation,Game Life,0.09,0.02,0,0.01,0.13
15262,Jelly Belly: Ballistic Beans,Wii,2009,Puzzle,Zoo Digital Publishing,0.02,0,0,0,0.02
4735,Rogue Galaxy: Director's Cut,PS2,2007,Role-Playing,Sony Computer Entertainment,0.2,0.16,0,0.05,0.41
14293,Flipper Critters,DS,2007,Simulation,Conspiracy Entertainment,0.03,0,0,0,0.03
8618,Bulletstorm,PC,2011,Shooter,Electronic Arts,0.07,0.07,0,0.02,0.16
12671,Generation of Chaos,PSP,2005,Role-Playing,Midas Interactive Entertainment,0.05,0,0,0,0.06
5282,Mini Ninjas,PS3,2009,Action,Eidos Interactive,0.14,0.16,0,0.06,0.35
6364,LEGO The Hobbit,XOne,2014,Action,Warner Bros. Interactive Entertainment,0.13,0.12,0,0.02,0.27
5708,Sesame Street: Cookie's Counting Carnival,Wii,2010,Misc,Warner Bros. Interactive Entertainment,0.29,0,0,0.02,0.31
1071,Sid Meier's Civilization V,PC,2010,Strategy,Take-Two Interactive,0.98,0.52,0,0.19,1.69
603,Dragon Warrior II,NES,1987,Role-Playing,Enix Corporation,0.15,0,2.41,0,2.56
11474,Chronicles of Mystery: The Secret Tree of Life,DS,2011,Adventure,City Interactive,0.03,0.04,0,0.01,0.08
614,Marvel: Ultimate Alliance,X360,2006,Role-Playing,Activision,2.29,0.02,0,0.19,2.5
7101,NFL Blitz Pro,PS2,2003,Sports,Midway Games,0.11,0.09,0,0.03,0.23
9316,Red Orchestra 2: Heroes of Stalingrad,PC,2011,Shooter,Tripwire Interactive,0.04,0.07,0,0.02,0.14
11051,Robotron 64,N64,1998,Shooter,GT Interactive,0.07,0.02,0,0,0.09
14781,GRID Autosport,PC,2014,Racing,Codemasters,0,0.02,0,0,0.03
3277,Bahamut Lagoon,SNES,1996,Role-Playing,SquareSoft,0,0,0.62,0,0.62
1808,Fantasy Life,3DS,2012,Role-Playing,Nintendo,0.33,0.37,0.37,0.06,1.13
6394,Cake Mania 2: Jill's Next Adventure!,DS,2008,Puzzle,Majesco Entertainment,0.24,0,0,0.02,0.27
2667,Need For Speed: Undercover,PSP,2008,Racing,Electronic Arts,0.23,0.32,0.03,0.19,0.77
8254,Professional Fisherman's Tour: Northern Hemisphere,DS,2007,Sports,505 Games,0.16,0,0,0.01,0.17
10029,Every Extend Extra,PSP,2006,Shooter,Disney Interactive Studios,0.1,0.01,0,0.01,0.11
4336,Karaoke Revolution Presents American Idol Encore,Wii,2008,Misc,Konami Digital Entertainment,0.42,0,0,0.03,0.45
14363,RoadKill,GC,2003,Action,Midway Games,0.02,0.01,0,0,0.03
6871,Midway's Greatest Arcade Hits Volume 1,N64,2000,Misc,Midway Games,0.19,0.05,0,0,0.24
5797,NCAA Final Four 2002,PS2,2001,Sports,Sony Computer Entertainment,0.15,0.12,0,0.04,0.31
4959,The Sims 2,GBA,2005,Simulation,Electronic Arts,0.28,0.1,0,0.01,0.39
12622,Winx Club: Mission Enchantix,DS,2008,Adventure,Konami Digital Entertainment,0.03,0.02,0,0,0.06
4901,LEGO Star Wars III: The Clone Wars,PSP,2011,Action,LucasArts,0.14,0.17,0,0.09,0.39
8972,Bakugan Battle Brawlers: Defenders of the Core,X360,2010,Action,Activision,0.11,0.02,0,0.01,0.15
2985,Rayman Legends,WiiU,2013,Platform,Ubisoft,0.26,0.33,0.03,0.06,0.68
3503,Madden NFL 2002,XB,N/A,Sports,Unknown,0.53,0.02,0,0.03,0.58
10664,Evil Dead: Fistfull of Boomstick,XB,2003,Action,THQ,0.07,0.02,0,0,0.1
5203,Big Bass World Championship,PS,1997,Sports,Starfish,0.2,0.14,0,0.02,0.36
15390,XGRA: Extreme G Racing Association,XB,2003,Racing,Acclaim Entertainment,0.02,0,0,0,0.02
15933,Harukanaru Toki no Naka de 6,PSP,2015,Action,Tecmo Koei,0,0,0.02,0,0.02
4747,No More Heroes 2: Desperate Struggle,Wii,2010,Action,Rising Star Games,0.21,0.12,0.04,0.03,0.41
1148,SpongeBob's Atlantis SquarePantis,DS,2007,Action,THQ,1.5,0,0,0.11,1.61
8215,Stormrise,PS3,2009,Strategy,Sega,0.13,0.02,0,0.02,0.17
827,Sonic Mega Collection,GC,2002,Misc,Infogrames,1.47,0.48,0.05,0.06,2.05
1451,Monster Hunter Freedom,PSP,2005,Role-Playing,Capcom,0.24,0.04,1.03,0.04,1.35
14346,Gokujou!! Mecha Mote Iinchou: MM My Best Friend!,DS,2010,Simulation,Konami Digital Entertainment,0,0,0.03,0,0.03
3923,Test Drive Unlimited,PSP,2007,Racing,Atari,0.08,0.28,0,0.15,0.51
3008,100 Classic Books,DS,2008,Misc,Nintendo,0.13,0.52,0,0.02,0.67
16067,Kaitou Joker: Toki o Koeru Kaitou to Ushinawareta Houseki,3DS,2015,Action,Namco Bandai Games,0,0,0.01,0,0.01
3282,NFL Quarterback Club 99,N64,1998,Sports,Acclaim Entertainment,0.59,0.02,0,0,0.62
9776,Medarot DS: Kabuto / Kuwagata Ver.,DS,2010,Role-Playing,Rocket Company,0,0,0.12,0,0.12
15487,Rainbow Islands Revolution,DS,2005,Platform,Rising Star Games,0.01,0,0,0,0.02
10344,Science Papa,DS,2009,Misc,Activision,0.09,0.01,0,0.01,0.11
12703,Eikan wa Kimini 2002: Koshien no Kodou,PS2,2002,Sports,DigiCube,0,0,0.06,0,0.06
13705,Company of Heroes: Opposing Fronts,PC,2007,Strategy,THQ,0.01,0.03,0,0.01,0.04
14588,DICE: DNA Integrated Cybernetic Enterprises,PS2,2005,Shooter,Namco Bandai Games,0.01,0.01,0,0,0.03
13533,Resident Evil Director's Cut,PS3,2006,Action,Capcom,0,0,0.04,0,0.04
263,Batman: Arkham Asylum,PS3,2009,Action,Eidos Interactive,2.23,1.34,0.07,0.61,4.25
7406,The Land Before Time: Big Water Adventure,PS,2002,Platform,TDK Mediactive,0.12,0.08,0,0.01,0.21
2685,All-Star Baseball 2003,PS2,2002,Sports,Acclaim Entertainment,0.38,0.29,0,0.1,0.77
11877,Code Geass: Hangyaku no Lelouch - Lost Colors,PSP,2008,Adventure,Namco Bandai Games,0,0,0.07,0,0.07
11988,Super Robot Spirits,N64,1998,Fighting,Banpresto,0,0,0.04,0.03,0.07
10655,Marvel vs. Capcom: Clash of Super Heroes,DC,1999,Fighting,Capcom,0,0,0.1,0,0.1
8727,F.E.A.R. 3,PC,2011,Shooter,Warner Bros. Interactive Entertainment,0.04,0.08,0,0.03,0.15
11205,Adventure Time: The Secret of the Nameless Kingdom,X360,2014,Action,Little Orbit,0,0.08,0,0.01,0.09
12365,The Legend of Heroes: Trails in the Sky Second Chapter,PSP,2007,Role-Playing,Falcom Corporation,0,0,0.06,0,0.06
11708,WRC 2: FIA World Rally Championship,X360,2011,Racing,Ubisoft,0,0.06,0,0.01,0.08
10339,Rengoku: The Tower of Purgatory,PSP,2005,Action,Konami Digital Entertainment,0.1,0,0,0.01,0.11
4777,Avatar: The Game,DS,2009,Action,Ubisoft,0.19,0.18,0,0.04,0.41
13519,M&M's Beach Party,Wii,2009,Misc,Zoo Digital Publishing,0.04,0,0,0,0.04
9592,Monopoly Party,GC,2002,Misc,Infogrames,0.1,0.03,0,0,0.13
2863,Omerta: City of Gangsters,X360,2011,Simulation,Konami Digital Entertainment,0.42,0.23,0,0.06,0.71
15326,Meikyuu Cross Blood: Reloaded,X360,2011,Action,Unknown,0,0,0.02,0,0.02
12638,Adventures of Lolo,NES,1989,Puzzle,HAL Laboratory,0.06,0,0,0,0.06
10239,Top Angler: Real Bass Fishing,PS2,2002,Sports,Xicat Interactive,0.05,0.04,0,0.01,0.11
16223,Dynasty Warriors: Eiketsuden,PS4,2016,Action,Tecmo Koei,0,0,0.01,0,0.01
13561,428: Fuusa Sareta Shibuya de,PSP,2009,Adventure,Spike,0,0,0.04,0,0.04
2007,Need for Speed: Most Wanted,XB,2005,Racing,Electronic Arts,0.53,0.46,0,0.05,1.04
3808,F1 2009,PSP,2009,Racing,Codemasters,0.08,0.29,0,0.16,0.53
3734,Terminator Salvation,PS3,2009,Shooter,Warner Bros. Interactive Entertainment,0.13,0.29,0.01,0.11,0.54
11079,Blazblue: Continuum Shift Extend,PS3,2011,Fighting,PQube,0,0,0.09,0,0.09
13135,Dark Summit,GC,2002,Sports,THQ,0.04,0.01,0,0,0.05
12478,Batman: Rise of Sin Tzu,GC,2003,Action,Ubisoft,0.05,0.01,0,0,0.06
13559,San-X Land: Theme Park de Asobou!,DS,2006,Action,MTO,0,0,0.04,0,0.04
3755,NBA Street Vol. 2,GC,N/A,Sports,Electronic Arts,0.41,0.11,0,0.01,0.54
6095,Warriors Orochi 2,PSP,2008,Action,Tecmo Koei,0.06,0,0.22,0.01,0.29
1174,Jampack Summer 2K,PS,2000,Misc,Sony Computer Entertainment,0.88,0.6,0,0.1,1.58
8266,True Crime: New York City,GC,2005,Action,Activision,0.13,0.03,0,0,0.17
6059,Shrek Super Party,PS2,2002,Misc,TDK Mediactive,0.14,0.11,0,0.04,0.29
7153,Ys Seven,PSP,2009,Role-Playing,Falcom Corporation,0.14,0,0.08,0.01,0.22
6344,NBA In The Zone '98,N64,1997,Sports,Konami Digital Entertainment,0.25,0.02,0,0,0.27
12779,Gold and Glory: The Road to El Dorado,PS,2000,Adventure,Ubisoft,0.03,0.02,0,0,0.06
4259,The Legend of Spyro: Dawn of the Dragon,PS3,2008,Platform,Vivendi Games,0.19,0.19,0,0.08,0.46
325,LEGO Indiana Jones: The Original Adventures,X360,2008,Action,Activision,2.4,1.03,0,0.36,3.78
7137,FaceBreaker K.O. Party,Wii,2008,Fighting,Electronic Arts,0.2,0.01,0,0.02,0.22
13164,Fushigi no Dungeon: Fuurai no Shiren 3 Portable,PSP,2010,Role-Playing,Spike,0,0,0.05,0,0.05
14997,Europa Universalis III Complete,PC,2008,Strategy,Paradox Interactive,0,0.02,0,0,0.02
4776,Asura's Wrath,PS3,2012,Action,Capcom,0.18,0.12,0.06,0.05,0.41
15018,Mesaze!! Tsuri Master: Sekai ni Challenge! Hen,Wii,2008,Sports,Hudson Soft,0,0,0.02,0,0.02
10384,Disney Channel Collection Vol. 1,GBA,2004,Misc,N/A,0.08,0.03,0,0,0.11
13886,Halo: Combat Evolved,PC,2003,Shooter,Microsoft Game Studios,0.01,0.02,0,0.01,0.04
14080,NHRA Drag Racing: Countdown to the Championship,PS2,2007,Racing,THQ,0.02,0.01,0,0,0.04
11712,Pinball Hall of Fame: The Gottlieb Collection,XB,2004,Misc,Crave Entertainment,0.06,0.02,0,0,0.08
5560,Dead Rising 2: Off the Record,PS3,2011,Action,Capcom,0.11,0.08,0.1,0.03,0.33
13799,Astro Boy: The Video Game,PSP,2009,Action,D3Publisher,0.04,0,0,0,0.04
2916,F-14 Tomcat,GBA,2001,Action,Majesco Entertainment,0.5,0.19,0,0.01,0.7
6700,Penny Racers,PS,1996,Racing,Sony Computer Entertainment,0,0,0.23,0.02,0.25
9081,Class of Heroes,PSP,2008,Role-Playing,Acquire,0.06,0,0.08,0.01,0.14
13989,Tears to Tiara Anecdotes: The Secret of Avalon,PS3,2009,Strategy,Aqua Plus,0,0,0.04,0,0.04
8378,Sword of the Samurai,PS2,N/A,Fighting,Ubisoft,0,0,0.17,0,0.17
3496,NHL 10,PS3,2009,Sports,Electronic Arts,0.38,0.12,0,0.07,0.58
3131,The Black Eyed Peas Experience,Wii,2011,Misc,Ubisoft,0.39,0.2,0,0.06,0.65
12733,Viewtiful Joe: Red Hot Rumble,GC,2005,Action,Capcom,0.04,0.01,0,0,0.06
13889,Famicom Remix Best Choice,3DS,2015,Action,Nintendo,0,0,0.04,0,0.04
14132,Boulder Dash: Rocks!,DS,2007,Puzzle,10TACLE Studios,0,0.03,0,0,0.03
14148,Prey,PC,2006,Shooter,Take-Two Interactive,0,0.03,0,0.01,0.03
11835,Busou Shinki: Battle Masters,PSP,2010,Action,Konami Digital Entertainment,0,0,0.07,0,0.07
13261,Secret Service,X360,2008,Action,Activision Value,0.04,0,0,0,0.05
6597,NHL Rock the Rink,PS,1999,Sports,Electronic Arts,0.14,0.1,0,0.02,0.26
13111,OutRun 2006: Coast 2 Coast,PS2,2006,Racing,Sega,0.02,0.01,0.01,0,0.05
13059,Men of War: Assault Squad,PC,2011,Strategy,1C Company,0.01,0.03,0,0.01,0.05
7435,Spider-Man: Web of Shadows,PS2,2008,Action,Activision,0.1,0.08,0,0.03,0.21
11231,Savage Skies,PS2,2002,Shooter,Big Ben Interactive,0.04,0.03,0,0.01,0.09
10596,Blue Dragon: Awakened Shadow,DS,2009,Role-Playing,Namco Bandai Games,0.06,0,0.03,0,0.1
7633,The Con,PSP,2005,Fighting,Sony Computer Entertainment,0.18,0,0,0.02,0.2
3654,Tatsunoko vs. Capcom: Ultimate All-Stars,Wii,2010,Fighting,Capcom,0.32,0.16,0.03,0.05,0.55
15747,Cross + Channel,PSP,2010,Adventure,CyberFront,0,0,0.02,0,0.02
3424,Skate it,Wii,2008,Sports,Electronic Arts,0.51,0.04,0,0.05,0.59
13455,Rat Attack!,PS,1999,Puzzle,Mindscape,0.03,0.02,0,0,0.04
12486,Nazotoki Battle Tore! Densetsu no Makyuu o Fukkatsu Saseyo!,3DS,2014,Action,Namco Bandai Games,0,0,0.06,0,0.06
10314,FoxKids.com Micro Maniacs Racing,PS,2000,Racing,Codemasters,0.06,0.04,0,0.01,0.11
13658,Pac-Man World Rally,PSP,2006,Racing,Namco Bandai Games,0.04,0,0,0,0.04
121,Call of Duty 4: Modern Warfare,PS3,2007,Shooter,Activision,3.1,2.3,0.28,1.04,6.72
3630,Dragon Ball: XenoVerse,PS3,2015,Fighting,Namco Bandai Games,0.15,0.2,0.14,0.07,0.55
11804,Bomberman Max 2: Red Advance,GBA,2002,Puzzle,Vivendi Games,0.05,0.02,0,0,0.07
12158,Pipe Mania,PSP,2008,Puzzle,Empire Interactive,0.06,0,0,0.01,0.07
2357,WWE SmackDown vs. Raw 2011,X360,2010,Fighting,THQ,0.44,0.36,0,0.08,0.88
3927,NHL 07,PS2,2006,Sports,Electronic Arts,0.42,0.02,0,0.07,0.51
6217,The Warriors,PSP,2007,Action,Take-Two Interactive,0.23,0.02,0,0.03,0.28
11583,Assassin's Creed Chronicles,PS4,2016,Action,Ubisoft,0.01,0.05,0.01,0.01,0.08
4470,Scooby-Doo! Mystery Mayhem,GBA,2003,Action,THQ,0.31,0.12,0,0.01,0.44
15093,Bejeweled 2 Deluxe,PC,2006,Puzzle,Focus Home Interactive,0,0.02,0,0,0.02
11876,Viewpoint,PS,1995,Shooter,Electronic Arts,0.04,0.03,0,0,0.07
4326,Phantasy Star Online Episode I & II,GC,2002,Role-Playing,Infogrames,0.23,0.06,0.16,0.01,0.45
10500,Riviera: The Promised Land,GBA,2004,Role-Playing,Sting,0.07,0.03,0,0,0.1
15127,To Love-Ru Trouble: Darkness - True Princess,PSV,2015,Action,FuRyu,0,0,0.02,0,0.02
4554,Disney Sing It,X360,2008,Misc,Disney Interactive Studios,0.39,0.01,0,0.03,0.43
1021,Sonic Colors,Wii,2010,Platform,Sega,0.96,0.61,0.01,0.16,1.74
28,Brain Age 2: More Training in Minutes a Day,DS,2005,Puzzle,Nintendo,3.44,5.36,5.32,1.18,15.3
4216,NHL 97,PS,1996,Sports,Electronic Arts,0.26,0.18,0,0.03,0.47
12125,Mario Tennis,Wii,2010,Sports,Nintendo,0,0.06,0,0.01,0.07
348,FIFA Soccer 10,PS3,2009,Sports,Electronic Arts,0.6,2.46,0.05,0.52,3.63
7204,Castlevania: Lords of Shadow 2,PS3,2014,Action,Konami Digital Entertainment,0.03,0.13,0.02,0.04,0.22
2481,Q*bert,PS,1999,Puzzle,Atari,0.46,0.32,0,0.05,0.84
12576,Starry ? Sky: In Summer,PSP,2010,Misc,Asgard,0,0,0.06,0,0.06
1373,Madden NFL 15,PS3,2014,Sports,Electronic Arts,1.07,0.15,0,0.19,1.41
4586,Rascal,PS,1998,Action,Psygnosis,0.24,0.16,0,0.03,0.42
13176,MXGP 2,XOne,2016,Racing,Milestone S.r.l.,0.02,0.02,0,0,0.05
10743,Zoo Tycoon (2013),X360,2013,Simulation,Microsoft Game Studios,0.02,0.07,0,0.01,0.1
6839,Metro 2033,PC,2010,Shooter,THQ,0,0.19,0,0.05,0.24
8274,Watchmen: The End is Nigh - The Complete Experience,PS3,2009,Action,Warner Bros. Interactive Entertainment,0.08,0.07,0,0.02,0.17
15906,Portable Island: Tenohira Resort,PSP,2006,Simulation,Namco Bandai Games,0,0,0.02,0,0.02
8558,Eragon,DS,2006,Action,Vivendi Games,0.13,0.02,0,0.01,0.16
16064,Digger Simulator,PC,2011,Simulation,Excalibur Publishing,0,0.01,0,0,0.01
6122,The Warriors,XB,2005,Action,Take-Two Interactive,0.21,0.06,0,0.01,0.28
4440,Independence Day,PS,1997,Shooter,Fox Interactive,0.25,0.17,0,0.03,0.44
16166,Deus Ex,PC,2000,Role-Playing,Eidos Interactive,0,0.01,0,0,0.01
3587,Need for Speed: Most Wanted,GC,2005,Racing,Electronic Arts,0.43,0.11,0,0.02,0.56
15649,Tour de France 2014,PS3,2014,Sports,Focus Home Interactive,0,0.02,0,0,0.02
7149,Mary-Kate and Ashley: Sweet 16 - Licenced to Drive,GC,2003,Misc,Acclaim Entertainment,0.17,0.04,0,0.01,0.22
16362,NHL 2K7,XB,2006,Sports,Take-Two Interactive,0.01,0,0,0,0.01
3918,Disney's Kim Possible: Revenge of Monkey Fist,GBA,2002,Platform,THQ,0.37,0.14,0,0.01,0.51
8237,Street Fighter: The Movie,PS,1995,Fighting,Acclaim Entertainment,0.1,0.07,0,0.01,0.17
11260,Chameleon,PSP,2006,Puzzle,505 Games,0.07,0,0,0.01,0.08
13202,Cartoon Network Block Party,GBA,2004,Misc,Majesco Entertainment,0.03,0.01,0,0,0.05
16521,Crossroad Crisis,PS,2000,Puzzle,Success,0.01,0,0,0,0.01
4183,Crazy Taxi: Fare Wars,PSP,2007,Racing,Sega,0.1,0.22,0.02,0.12,0.47
6739,We Love Golf!,Wii,2007,Sports,Capcom,0.2,0.01,0.03,0.02,0.25
1125,ESPN NFL 2K5,XB,2004,Sports,Sega,1.54,0.02,0,0.07,1.63
3891,Tiger Woods PGA Tour 13,X360,2012,Sports,Electronic Arts,0.29,0.18,0,0.04,0.51
15520,X-Plane 10 Global,PC,2013,Simulation,Aerosoft,0,0.02,0,0,0.02
4372,Bee Movie Game,DS,2007,Action,Activision,0.41,0,0,0.03,0.45
14228,Yumi's Odd Odyssey,3DS,2013,Platform,Agatsuma Entertainment,0,0,0.03,0,0.03
15198,Akai Ito DS,DS,2008,Adventure,Alchemist,0,0,0.02,0,0.02
2307,3Xtreme,PS,1999,Action,989 Studios,0.5,0.34,0,0.06,0.9
14126,Cooking Mama: My Sweets Shop,3DS,2014,Simulation,Office Create,0,0,0.03,0,0.03
16018,Rise of Flight: Iron Cross Edition,PC,2010,Simulation,Aerosoft,0.01,0,0,0,0.01
6173,Remington Super Slam Hunting: Africa,Wii,2010,Sports,Mastiff,0.27,0,0,0.02,0.28
3269,Dragon Ball Z: Ultimate Tenkaichi,PS3,2011,Fighting,Namco Bandai Games,0.27,0.18,0.09,0.08,0.62
9912,Jikkyou Powerful Pro Yakyuu 2014,PSV,2014,Sports,Konami Digital Entertainment,0,0,0.12,0,0.12
1741,007: Quantum of Solace,PS3,2008,Action,Activision,0.43,0.52,0.02,0.2,1.16
14014,Onsei Kanjou Sokuteiki: Kokoro Scan,DS,2007,Misc,Sega,0,0,0.04,0,0.04
13972,Rugby World Cup 2015,PSV,2015,Sports,Ubisoft,0,0.03,0,0.01,0.04
13358,Test Drive: Ferrari Legends,X360,2012,Racing,Atari,0.04,0,0,0,0.05
9300,Kamen Rider Battle: Ganbaride,DS,2010,Strategy,Namco Bandai Games,0,0,0.14,0,0.14
10381,"Grand Theft Auto: Mission Pack #1, London 1969",PS,1998,Adventure,Take-Two Interactive,0.06,0.04,0,0.01,0.11
8880,Hot Wheels: Beat That!,Wii,2007,Racing,Activision,0.13,0,0,0.01,0.15
9160,Fate/Unlimited Codes,PS2,2008,Fighting,Capcom,0,0,0.14,0,0.14
4630,Wolfenstein: The Old Blood,PS4,2015,Action,Bethesda Softworks,0.09,0.25,0.02,0.06,0.42
5154,Virtua Fighter 3tb,DC,1998,Fighting,Sega,0,0,0.37,0,0.37
15463,Starship Troopers,PC,2005,Shooter,Empire Interactive,0,0.02,0,0,0.02
149,LittleBigPlanet,PS3,2008,Platform,Sony Computer Entertainment,2.8,2.05,0.17,0.9,5.92
15758,Battle Engine Aquila,XB,2003,Shooter,Atari,0.01,0,0,0,0.02
7099,Tiger Woods PGA Tour 2003,GC,2002,Sports,Electronic Arts,0.18,0.05,0,0.01,0.23
660,Kinect: Disneyland Adventures,X360,2011,Misc,Microsoft Game Studios,1.73,0.46,0.02,0.18,2.38
14701,UK Truck Simulator,PC,2010,Simulation,N/A,0,0.03,0,0,0.03
10099,Cold Fear,PS2,2005,Action,Ubisoft,0.06,0.04,0,0.01,0.11
8050,Remember Me,X360,2013,Action,Capcom,0.1,0.07,0,0.02,0.18
97,Super Mario Bros. 2,NES,1988,Platform,Nintendo,5.39,1.18,0.7,0.19,7.46
9920,MegaTagmension Blanc + Neptune VS Zombies,PSV,2015,Action,Idea Factory International,0.02,0.03,0.05,0.01,0.12
6746,Dune 2000,PS,1999,Strategy,Electronic Arts,0.14,0.09,0,0.02,0.25
9970,Barnyard,GC,2006,Action,THQ,0.09,0.02,0,0,0.12
3732,Madden NFL 13,Wii,2012,Sports,Electronic Arts,0.51,0,0,0.03,0.54
8601,Macross Ace Frontier,PSP,2008,Simulation,Namco Bandai Games,0,0,0.16,0,0.16
6761,X-Men Legends II: Rise of Apocalypse,GC,2005,Role-Playing,Activision,0.19,0.05,0,0.01,0.25
2761,Marvel: Ultimate Alliance 2,PS3,2009,Role-Playing,Activision,0.49,0.16,0,0.09,0.75
12872,Shin Sangoku Musou 5 Empires,PSP,2010,Action,Tecmo Koei,0,0,0.05,0,0.05
16370,Dance with Devils,PSV,2016,Action,N/A,0,0,0.01,0,0.01
4564,Skylanders: Trap Team,PS4,2014,Action,Activision,0.18,0.17,0,0.07,0.43
14514,Hiiro no Kakera: Shin Tamayori Hime Denshou - Piece of Future,PSP,2011,Adventure,Idea Factory,0,0,0.03,0,0.03
3442,SpongeBob SquarePants featuring Nicktoons: Globs of Doom,PS2,2008,Action,THQ,0.29,0.22,0,0.07,0.58
12510,Penny Racers,N64,1998,Racing,THQ,0.05,0.01,0,0,0.06
9601,Monster Jam: Urban Assault,PS2,2008,Racing,Activision,0.06,0.05,0,0.02,0.13
8240,Global Defence Force,PS2,2005,Shooter,Essential Games,0,0,0.17,0,0.17
10195,Pac-Man World 2,GBA,2005,Action,Zoo Digital Publishing,0.08,0.03,0,0,0.11
14679,Tom and Jerry in War of the Whiskers,XB,N/A,Fighting,Unknown,0.02,0.01,0,0,0.03
12578,Pro Yakyuu Netsu Star 2007,PS2,2007,Sports,Namco Bandai Games,0,0,0.06,0,0.06
12145,Fatal Fury: Battle Archives Volume 2,PS2,2007,Fighting,SNK Playmore,0.03,0.03,0,0.01,0.07
7987,Tiger Woods PGA Tour 07,XB,2006,Sports,Electronic Arts,0.13,0.05,0,0.01,0.19
1347,Frogger 2: Swampy's Revenge,PS,1999,Action,Hasbro Interactive,0.8,0.54,0,0.09,1.43
13110,Winter Sports 2011,PS3,2011,Sports,DTP Entertainment,0,0.04,0,0.01,0.05
13880,Stolen,PS2,2005,Action,Hip Interactive,0.02,0.01,0,0,0.04
8471,PoPoLoCrois: Hajimari no Bouken,PS2,2002,Role-Playing,Sony Computer Entertainment,0,0,0.16,0,0.16
11448,ToraDora Portable!,PSP,2009,Adventure,Namco Bandai Games,0,0,0.08,0,0.08
2081,Puzzler Collection,DS,2008,Puzzle,Ubisoft,0.17,0.78,0,0.04,1
6740,WRC: World Rally Championship,PS2,2001,Racing,Sony Computer Entertainment,0.12,0.09,0,0.03,0.25
6813,Final Fantasy Fables: Chocobo Tales,DS,2006,Adventure,Ubisoft,0.11,0.01,0.12,0.01,0.24
6449,Battlestations: Midway,X360,2007,Strategy,Eidos Interactive,0.21,0.02,0,0.02,0.26
12547,Darksiders II,XOne,2015,Action,Nordic Games,0.03,0.02,0,0.01,0.06
9698,Gundam Battle Royale,PSP,2006,Action,Namco Bandai Games,0,0,0.12,0,0.12
15042,Thunderbirds,GBA,2004,Shooter,Vivendi Games,0.02,0.01,0,0,0.02
10990,Sound Novel Machi,SAT,1998,Adventure,ChunSoft,0,0,0.09,0,0.09
12905,Jirou Akagawa: Majotachi no Nemuri,SNES,1995,Adventure,Pack-In-Video,0,0,0.05,0,0.05
1093,"Monsters, Inc.",GBA,2001,Adventure,THQ,0.59,0.95,0.03,0.1,1.67
8898,Strawberry Shortcake: Game Boy Advance Video Volume 1,GBA,2004,Misc,N/A,0.11,0.04,0,0,0.15
7305,One Piece: Pirate Warriors 3,PSV,2015,Action,Namco Bandai Games,0,0.07,0.13,0.02,0.22
967,NBA 2K11,PS3,2010,Action,Take-Two Interactive,1.41,0.21,0.03,0.16,1.8
7925,Zumba Fitness Rush,X360,2012,Sports,505 Games,0,0.16,0,0.02,0.19
1122,Prince of Persia: Warrior Within,PS2,2004,Action,Ubisoft,0.54,0.88,0,0.22,1.64
7949,ThunderStrike 2,PS,1994,Simulation,Core Design Ltd.,0.1,0.07,0,0.01,0.19
863,Call of Duty: World at War,Wii,2008,Shooter,Activision,1.2,0.59,0,0.19,1.97
11995,BlazBlue: Chrono Phantasma Extend,PSV,2015,Action,PQube,0,0.05,0,0.01,0.07
10262,Bust-A-Move DS,DS,2005,Puzzle,505 Games,0.08,0.02,0,0.01,0.11
14318,PopCap Arcade Vol 2,X360,2009,Misc,PopCap Games,0.03,0,0,0,0.03
3634,Soul Reaver 2,PS2,2001,Action,Eidos Interactive,0.27,0.21,0,0.07,0.55
5767,MySims SkyHeroes,Wii,2010,Action,Electronic Arts,0.18,0.1,0,0.03,0.31
15411,Dragon Ball Z: Buu's Fury / Dragon Ball GT: Transformation,GBA,2006,Action,Atari,0.01,0.01,0,0,0.02
4925,EA Sports Active 2,X360,2010,Sports,Electronic Arts,0.18,0.17,0,0.04,0.39
164,Mario Kart: Super Circuit,GBA,2001,Racing,Nintendo,2.62,1.64,0.99,0.23,5.47
14055,Nobunaga's Ambition II,3DS,2015,Strategy,Tecmo Koei,0,0,0.04,0,0.04
7648,From Russia With Love,XB,2005,Action,Electronic Arts,0.15,0.04,0,0.01,0.2
3546,Super Bomberman,SNES,1992,Puzzle,Hudson Soft,0,0,0.57,0,0.57
4154,Dark Sector,PS3,2008,Shooter,D3Publisher,0.23,0.16,0.01,0.07,0.47
15872,Elven Legacy,PC,2009,Strategy,Paradox Interactive,0.01,0,0,0,0.02
14918,MAPLUS: Portable Navi 3,PSP,2009,Misc,Edia,0,0,0.02,0,0.02
5796,The King of Fighters XIII,PS3,2011,Fighting,Rising Star Games,0.17,0.07,0.04,0.03,0.31
16240,Hiiro no Kakera: Shin Tamayori Hime Denshou Portable,PSP,2010,Adventure,Idea Factory,0,0,0.01,0,0.01
209,Fallout 3,X360,2008,Role-Playing,Bethesda Softworks,3.39,1.03,0.09,0.44,4.96
582,Mario Strikers Charged,Wii,2007,Sports,Nintendo,1.07,1.06,0.24,0.25,2.62
7898,Gungrave,PS2,2002,Shooter,Activision,0.09,0.07,0,0.02,0.19
15550,Reversal Challenge,DS,2009,Misc,Tommo,0.02,0,0,0,0.02
9973,2 in 1 Combo Pack: Sonic Heroes / Super Monkey Ball Deluxe,X360,2013,Misc,Ubisoft,0.09,0.01,0,0.01,0.12
9788,Go! Sudoku,PSP,2005,Puzzle,Sony Computer Entertainment,0.11,0,0,0.01,0.12
4977,Saints Row IV,PS4,2015,Action,Deep Silver,0.13,0.17,0.03,0.06,0.38
15036,Gift: Prism,PS2,2006,Adventure,Sweets,0,0,0.02,0,0.02
8696,Bust-A-Move Bash!,Wii,2007,Puzzle,505 Games,0.13,0.01,0,0.01,0.16
13672,Tennis no Oji-Sama: DokiDoki Survival - Umibe no Secret,PS2,2007,Sports,Konami Digital Entertainment,0,0,0.04,0,0.04
6734,Armored Core 4,X360,2007,Simulation,505 Games,0.19,0.01,0.03,0.02,0.25
12699,Interplay Sports Baseball 2000,PS,1999,Sports,Interplay,0.03,0.02,0,0,0.06
7989,Star Wars: The Clone Wars & Tetris Worlds,XB,2002,Misc,Microsoft Game Studios,0.14,0.04,0,0.01,0.19
4608,NiGHTS: Journey of Dreams,Wii,2007,Platform,Sega,0.33,0.03,0.04,0.03,0.42
7103,TRON: Evolution - Battle Grids,Wii,2010,Racing,Disney Interactive Studios,0.18,0.03,0,0.02,0.23
16215,Gardening Guide: How to get Green Fingers,DS,2009,Misc,Mindscape,0,0.01,0,0,0.01
12089,Lifeline,PS2,2003,Adventure,Sony Computer Entertainment,0.03,0.03,0,0.01,0.07
8307,Chuck E. Cheese's Party Games,Wii,2010,Misc,UFO Interactive,0.16,0,0,0.01,0.17
667,Half-Life 2,PC,2004,Shooter,Vivendi Games,2.28,0.02,0.08,0,2.37
13471,Virtua Fighter CG Portrait Series Vol.6: Lau Chan,SAT,1995,Misc,Sega,0,0,0.04,0,0.04
3111,World of Dragon Warrior - Torneko: The Last Hope,PS,1999,Role-Playing,Enix Corporation,0.02,0.01,0.58,0.04,0.65
6368,Major League Baseball 2K10,Wii,2010,Sports,Take-Two Interactive,0.25,0,0,0.02,0.27
16134,Geten no Hana: Yume Akari,PSP,2014,Misc,Tecmo Koei,0,0,0.01,0,0.01
12437,Puzzler Collection,Wii,2008,Puzzle,Ubisoft,0.05,0.01,0,0,0.06
7542,PBR: Out of the Chute,PS2,2008,Sports,Crave Entertainment,0.1,0.08,0,0.03,0.2
6703,Final Fantasy Type-0,XOne,2015,Role-Playing,Square Enix,0.15,0.07,0,0.02,0.25
2950,Moto Racer 2,PS,1997,Racing,Electronic Arts,0.39,0.26,0,0.05,0.69
662,Bloodborne,PS4,2015,Action,Sony Computer Entertainment,1,0.76,0.26,0.36,2.38
10503,Bujingai: The Forsaken City,PS2,2003,Fighting,505 Games,0.05,0.04,0,0.01,0.1
1635,Naruto Shippuden: Ultimate Ninja Storm 2,PS3,2010,Fighting,Namco Bandai Games,0.42,0.47,0.15,0.18,1.22
9379,Rumble Roses XX,X360,2006,Fighting,Konami Digital Entertainment,0.07,0.01,0.04,0.01,0.13
15405,Winning Post 7: Maximum 2007,PS2,2007,Sports,Tecmo Koei,0,0,0.02,0,0.02
13762,J.League Pro Soccer Club o Tsukurou! 8 Euro Plus,PSP,2013,Sports,Sega,0,0,0.04,0,0.04
14099,Luminous Arc 3,DS,2009,Role-Playing,Marvelous Interactive,0,0,0.04,0,0.04
13133,Atelier Rorona: Alchemist of Arland,PSV,2013,Role-Playing,Nippon Ichi Software,0,0,0.05,0,0.05
10638,Flying Dragon,N64,1997,Fighting,Natsume,0.08,0.02,0,0,0.1
6424,Dynasty Warriors Next,PSV,2011,Action,Tecmo Koei,0.06,0.07,0.11,0.03,0.27
11959,Machine Head,PS,1996,Shooter,Eidos Interactive,0.04,0.03,0,0,0.07
1643,Cars,PSP,2006,Racing,THQ,0.72,0.29,0,0.21,1.22
7246,Hunted: The Demon's Forge,X360,2011,Action,Bethesda Softworks,0.13,0.07,0,0.02,0.22
14351,Sorcery Saga: The Curse of the Great Curry God,PSV,2013,Role-Playing,Rising Star Games,0,0,0.03,0,0.03
5058,FIFA 17,PS3,2016,Sports,Electronic Arts,0.02,0.29,0.01,0.05,0.38
11017,Ben 10 Galactic Racing,PS3,2011,Racing,D3Publisher,0.06,0.02,0,0.01,0.09
13986,Scaler,GC,2004,Platform,Take-Two Interactive,0.03,0.01,0,0,0.04
4730,Ogre Battle 64: Person of Lordly Caliber,N64,1999,Role-Playing,Nintendo,0.1,0.02,0.25,0.04,0.41
5749,Brothers In Arms: Earned in Blood,XB,2005,Shooter,Ubisoft,0.23,0.07,0,0.01,0.31
7496,The Wolf Among Us,PS4,2014,Adventure,Telltale Games,0.1,0.07,0,0.03,0.21
7904,Escape The Museum,DS,2010,Adventure,Astragon,0.05,0.12,0,0.02,0.19
2111,Mario Party Advance,GBA,2005,Misc,Nintendo,0.5,0.19,0.28,0.02,0.98
13007,Air Traffic Chaos,DS,2007,Simulation,Ertain,0.05,0,0,0,0.05
12704,PopStar Guitar,Wii,2008,Misc,Midway Games,0.03,0.03,0,0.01,0.06
3,Mario Kart Wii,Wii,2008,Racing,Nintendo,15.85,12.88,3.79,3.31,35.82
4984,Shin Megami Tensei: Nocturne,PS2,2003,Role-Playing,Ghostlight,0.07,0.05,0.25,0.02,0.38
10299,PriPara Mezase! Idol Grand Prix No.1!,3DS,2015,Misc,Takara Tomy,0,0,0.11,0,0.11
9640,Transformer: Rise of the Dark Spark,PS3,2014,Action,Activision,0.04,0.05,0.01,0.02,0.13
6412,Battle Arena Toshinden 3,PS,1996,Fighting,Sony Computer Entertainment,0.06,0.04,0.14,0.02,0.27
4834,Bugs Bunny: Lost in Time,PS,1999,Platform,Infogrames,0.22,0.15,0,0.03,0.4
1095,PGR: Project Gotham Racing 2,XB,2003,Racing,Microsoft Game Studios,0.97,0.59,0.04,0.07,1.67
683,NBA 2K16,XOne,2015,Sports,Take-Two Interactive,1.93,0.14,0,0.24,2.32
10834,Whacked!,XB,2002,Misc,Microsoft Game Studios,0.07,0.02,0,0,0.09
10623,Dragonseeds,PS,1998,Action,Jaleco,0.03,0.02,0.04,0.01,0.1
12843,Bombastic,PS2,2002,Puzzle,Capcom,0.03,0.02,0,0.01,0.05
15112,Grey's Anatomy: The Video Game,PC,2009,Adventure,Ubisoft,0,0.02,0,0,0.02
4112,Crash: Mind Over Mutant,X360,2008,Platform,Vivendi Games,0.22,0.21,0,0.05,0.48
3768,SpongeBob SquarePants: Game Boy Advance Video Volume 2,GBA,2004,Misc,N/A,0.38,0.14,0,0.01,0.53
3224,Sonic & All-Stars Racing Transformed,X360,2012,Racing,Sega,0.2,0.37,0,0.06,0.63
11409,I Am In The Movie,Wii,2012,Simulation,Namco Bandai Games,0,0,0.08,0,0.08
440,Halo: The Master Chief Collection,XOne,2014,Shooter,Microsoft Game Studios,1.89,0.99,0.03,0.24,3.15
13250,Rock 'N Roll Racing,GBA,2003,Racing,Activision,0.03,0.01,0,0,0.05
7045,Karaoke Revolution Glee 2: Road to Regionals,Wii,2011,Misc,Konami Digital Entertainment,0.15,0.06,0,0.02,0.23
12444,KimiKiss,PS2,2006,Adventure,Enterbrain,0,0,0.06,0,0.06
15823,Winter Sports 3: The Great Tournament,X360,2010,Sports,Tradewest,0,0.01,0,0,0.02
6372,Magical Vacation,GBA,2001,Role-Playing,Nintendo,0,0,0.26,0.01,0.27
13558,Record of Agarest War: Marriage,PSP,2012,Role-Playing,Compile Heart,0,0,0.04,0,0.04
15270,Dungeon Defenders,PC,2011,Role-Playing,Unknown,0.02,0,0,0,0.02
6489,Sengoku Basara 2,PS2,2006,Action,Capcom,0,0,0.26,0,0.26
2117,Kingdom Hearts Re:coded,DS,2010,Role-Playing,Square Enix,0.56,0.1,0.27,0.05,0.98
12092,NHL 2005,GC,2004,Sports,Electronic Arts,0.05,0.01,0,0,0.07
3983,Super Robot Taisen MX,PS2,2004,Strategy,Banpresto,0,0,0.5,0,0.5
13758,Who Wants to Be a Millionaire: 3rd Edition,DS,2010,Misc,Ubisoft,0.04,0,0,0,0.04
4462,Puppy Luv: Spa and Resort,DS,2007,Simulation,Activision,0.4,0,0,0.03,0.44
2966,The Lord of the Rings: The Return of the King,GC,2003,Action,Electronic Arts,0.53,0.14,0,0.02,0.69
3518,Mobile Suit Gundam: Giren no Yabou- Zeon no Keifu,PS,2000,Strategy,Namco Bandai Games,0,0,0.54,0.04,0.57
7664,Teenage Mutant Ninja Turtles 3: Mutant Nightmare,PS2,2005,Action,Konami Digital Entertainment,0.1,0.08,0,0.03,0.2
4370,FIFA 15,3DS,2014,Sports,Electronic Arts,0.09,0.33,0,0.03,0.45
1366,Inazuma Eleven 2,DS,2009,Role-Playing,Nintendo,0,0.21,1.18,0.03,1.42
9119,Anno 1701: Dawn of Discovery,DS,2007,Simulation,Touchstone,0.07,0.06,0,0.02,0.14
10385,Total Immersion Racing,PS2,2002,Racing,Empire Interactive,0.05,0.04,0,0.01,0.11
14942,Serious Sam Advance,GBA,2004,Shooter,Global Star,0.02,0.01,0,0,0.02
7579,Camping Mama: Outdoor Adventures,DS,2011,Simulation,505 Games,0.13,0.06,0,0.02,0.2
1508,Rugrats Studio Tour,PS,1999,Adventure,THQ,0.57,0.67,0,0.07,1.31
3881,Naruto Shippuden: Ultimate Ninja Storm 3,X360,2013,Fighting,Namco Bandai Games,0.29,0.17,0.01,0.04,0.51
420,Yokai Watch 2 Ganso/Honke,3DS,2014,Role-Playing,Nintendo,0.03,0,3.18,0,3.22
11284,Famicom Mini: Mario Bros.,GBA,2004,Platform,Nintendo,0,0,0.08,0,0.08
912,Madden NFL 09,PS3,2008,Sports,Electronic Arts,1.56,0.15,0,0.18,1.89
897,Need for Speed: Shift,X360,2009,Racing,Electronic Arts,0.73,0.97,0.01,0.22,1.92
3548,Spec Ops: The Line,PS3,2012,Shooter,Take-Two Interactive,0.19,0.25,0.04,0.09,0.57
6764,Turning Point: Fall of Liberty,PS3,2008,Shooter,Codemasters,0.21,0.01,0,0.02,0.25
5818,RPG Tsukuru 2,SNES,1996,Role-Playing,ASCII Entertainment,0,0,0.31,0,0.31
5758,Vigilante 8,N64,1998,Racing,Activision,0.25,0.06,0,0,0.31
16440,The Cages: Pro Style Batting Practice,Wii,2010,Sports,Konami Digital Entertainment,0.01,0,0,0,0.01
98,Super Smash Bros. for Wii U and 3DS,3DS,2014,Fighting,Nintendo,3.24,1.35,2.42,0.43,7.45
4528,The Fairly Odd Parents: Game Boy Advance Video Volume 1,GBA,2004,Misc,N/A,0.31,0.11,0,0.01,0.43
2413,Winning Eleven: Pro Evolution Soccer 2007,PSP,2006,Sports,Konami Digital Entertainment,0.01,0.72,0.12,0.01,0.86
9561,Space Bust-A-Move,DS,2008,Puzzle,Square Enix,0.1,0.02,0,0.01,0.13
7560,Pitfall: The Lost Expedition,PS2,2004,Platform,Activision,0.1,0.08,0,0.03,0.2
15494,PC Engine Best Collection: Tengai Makyou Collection,PSP,2008,Role-Playing,Hudson Soft,0,0,0.02,0,0.02
15208,FIFA Soccer 09,PC,2008,Sports,Electronic Arts,0,0.02,0,0,0.02
3296,Dora the Explorer: Super Spies,GBA,2004,Platform,Gotham Games,0.44,0.16,0,0.01,0.61
8499,Paws & Claws: Pet Resort,GBA,2006,Simulation,THQ,0.12,0.04,0,0,0.16
9086,Hero's Saga Laevatein Tactics,DS,2008,Role-Playing,GungHo,0.13,0,0,0.01,0.14
6725,Ben 10 Ultimate Alien: Cosmic Destruction,PS3,2010,Platform,D3Publisher,0.12,0.09,0,0.04,0.25
7107,Bicycle Casino 2005,XB,2004,Misc,Zoo Digital Publishing,0.17,0.05,0,0.01,0.23
828,Diablo III,PS3,2013,Role-Playing,Activision,0.71,0.83,0.15,0.35,2.05
12993,Koi to Senkyo to Chocolate Portable,PSP,2012,Adventure,Kadokawa Shoten,0,0,0.05,0,0.05
1225,Call of Duty: Modern Warfare: Reflex Edition,Wii,2009,Shooter,Activision,0.95,0.43,0,0.14,1.53
5334,Farming Simulator 2015,PS4,2015,Simulation,Koch Media,0.1,0.2,0,0.05,0.35
2780,Midnight Club 3: DUB Edition,XB,2005,Racing,Take-Two Interactive,0.61,0.1,0,0.03,0.74
3569,NHL Hitz 20-02,PS2,2001,Sports,Midway Games,0.28,0.22,0,0.07,0.56
2134,NBA 2K10,X360,2009,Sports,Take-Two Interactive,0.88,0.02,0,0.08,0.97
6429,Dynasty Warriors 7: Xtreme Legends,PS3,2011,Action,Tecmo Koei,0.04,0.05,0.16,0.02,0.27
8671,Tiger Woods PGA Tour 2004,GC,2003,Sports,Electronic Arts,0.12,0.03,0,0,0.16
15351,Disney Sports Football,GBA,2002,Sports,Unknown,0.01,0.01,0,0,0.02
10347,Aqua Aqua,PS2,2000,Puzzle,3DO,0.05,0.04,0,0.01,0.11
2784,Indiana Jones and the Staff of Kings,Wii,2009,Action,Activision,0.36,0.3,0,0.08,0.74
8241,Rapala Fishing Frenzy 2009,PS3,2008,Sports,Activision,0.16,0,0,0.01,0.17
5904,Pride FC: Fighting Championships,PS2,2003,Fighting,THQ,0.15,0.11,0,0.04,0.3
1705,Just Dance 4,X360,2012,Misc,Ubisoft,0.9,0.2,0,0.08,1.19
4731,Superman: The New Superman Adventures,N64,1999,Action,Titus,0.33,0.07,0,0,0.41
1296,The House of the Dead 2 & 3 Return,Wii,2008,Shooter,Sega,0.78,0.5,0.03,0.15,1.47
10461,Universe at War: Earth Assault,X360,2008,Action,Sega,0.09,0.01,0,0.01,0.1
5823,Magna Carta 2,X360,2009,Role-Playing,Banpresto,0.13,0.08,0.07,0.02,0.3
8021,Dead or Alive,SAT,1997,Fighting,Tecmo Koei,0,0,0.18,0,0.18
9360,Freddi Fish: ABC under the sea,DS,2008,Misc,Atari,0.13,0,0,0.01,0.13
11923,Dream Trigger 3D,3DS,N/A,Shooter,D3Publisher,0.04,0.02,0,0.01,0.07
6365,Jikkyou Powerful Pro Yakyuu 2,SNES,1995,Sports,Konami Digital Entertainment,0,0,0.27,0,0.27
10918,Playmobil Pirates,DS,2009,Action,Mindscape,0.08,0,0,0.01,0.09
6806,Vexx,PS2,2003,Platform,Acclaim Entertainment,0.12,0.09,0,0.03,0.24
4236,Razor Freestyle Scooter,PS,1999,Sports,Ubisoft,0.26,0.17,0,0.03,0.46
703,FIFA Soccer 09,PS2,2008,Sports,Electronic Arts,0.38,0.07,0.01,1.82,2.28
11640,Sound Novel Tsukuru,SNES,1996,Misc,ASCII Entertainment,0,0,0.08,0,0.08
9447,Slime MoriMori Dragon Quest 3: Taikaizoku to Shippo Dan,3DS,2011,Role-Playing,Square Enix,0,0,0.13,0,0.13
11824,Summon Night,DS,2008,Role-Playing,Banpresto,0,0,0.07,0,0.07
7890,Hisshou Pachinko*Pachi-Slot Kouryaku Series Vol. 5: CR Shinseiki Evangelion * Pachi-Slot Shinseiki Evangelion,PS2,2006,Misc,D3Publisher,0,0,0.19,0,0.19
10633,Disney's Donald Duck: Goin' Quackers,N64,2000,Platform,Ubisoft,0.08,0.02,0,0,0.1
12692,Noddy in Toyland,DS,2011,Misc,GSP,0,0.05,0,0.01,0.06
8669,StarBlade α,PS,1995,Shooter,Sony Computer Entertainment,0,0,0.15,0.01,0.16
7212,The Legend of Heroes: Trails of Cold Steel,PS3,2013,Role-Playing,Nippon Ichi Software,0.05,0.04,0.12,0.02,0.22
16331,Wedding Planner: Dream Weddings Guaranteed,DS,2010,Simulation,DTP Entertainment,0,0.01,0,0,0.01
16154,SoulCalibur Legends (JP sales),Wii,2007,Action,Namco Bandai Games,0,0,0.01,0,0.01
9756,WRC 5: FIA World Rally Championship,PS3,2015,Sports,Bigben Interactive,0.02,0.09,0,0.02,0.12
1927,WWE SmackDown vs. Raw 2010,PS2,2009,Fighting,THQ,0.53,0.01,0,0.54,1.07
6646,Tony Hawk's Proving Ground,Wii,2007,Sports,Activision,0.22,0.01,0,0.02,0.25
26,Pokemon Ruby/Pokemon Sapphire,GBA,2002,Role-Playing,Nintendo,6.06,3.9,5.38,0.5,15.85
7014,Worms: Battle Islands,Wii,2010,Strategy,THQ,0.11,0.1,0,0.02,0.23
2402,Conflict: Desert Storm,XB,2002,Shooter,SCi,0.48,0.37,0,0.02,0.87
1730,Mission: Impossible,N64,1997,Action,Ocean,0.74,0.38,0.02,0.03,1.17
4760,Naughty Bear,X360,2010,Action,505 Games,0.21,0.16,0,0.04,0.41
3528,Assassin's Creed II,PC,2010,Action,Ubisoft,0.01,0.45,0,0.11,0.57
2958,J-League Soccer: Prime Goal,SNES,1993,Sports,Namco Bandai Games,0,0,0.69,0,0.69
10665,Tom Clancy's Classic Trilogy,XB,2004,Shooter,Ubisoft,0.07,0.02,0,0,0.1
2617,Ghost Squad,Wii,2007,Shooter,Sega,0.42,0.21,0.08,0.07,0.79
9580,City Crisis,PS2,2001,Simulation,Take-Two Interactive,0.06,0.05,0,0.02,0.13
3916,NBA Live 2004,XB,2003,Sports,Electronic Arts,0.44,0.04,0,0.02,0.51
7302,Over G Fighters,X360,2006,Simulation,Ubisoft,0.19,0.01,0,0.02,0.22
649,Theme Hospital,PC,1997,Strategy,Electronic Arts,2.3,0.1,0,0,2.4
11658,Man vs. Wild,Wii,2011,Action,Crave Entertainment,0.07,0,0,0,0.08
5380,Super Bust-A-Move,PS2,2000,Puzzle,Acclaim Entertainment,0.17,0.13,0,0.04,0.34
3163,TimeSplitters 2,XB,2002,Shooter,Eidos Interactive,0.29,0.33,0,0.01,0.64
3505,Top Spin 3,PS3,2008,Action,Take-Two Interactive,0.08,0.37,0,0.12,0.57
15384,Ruff Trigger: The Vanocore Conspiracy,PS2,2006,Platform,Natsume,0.01,0.01,0,0,0.02
14010,Beatdown: Fists of Vengeance,XB,2005,Action,Capcom,0.03,0.01,0,0,0.04
7479,Gallop Racer 2003: A New Breed,PS2,2002,Sports,Zoo Digital Publishing,0.04,0.03,0.12,0.01,0.21
15792,Dark Void,PC,2010,Action,Capcom,0,0.01,0,0,0.02
5335,Jikkyou Powerful Pro Yakyuu 7,PS2,2000,Sports,Konami Digital Entertainment,0,0,0.35,0,0.35
7877,SSX Tricky,GBA,2002,Sports,Electronic Arts,0.14,0.05,0,0,0.19
14907,Doki Oki,PS,1995,Adventure,Banpresto,0,0,0.02,0,0.03
13775,Mike Tyson Boxing,GBA,2002,Sports,Ubisoft,0.03,0.01,0,0,0.04
6000,SD Gundam G Century,PS,1997,Strategy,Namco Bandai Games,0,0,0.27,0.02,0.29
516,BioShock,X360,2007,Shooter,Take-Two Interactive,1.65,0.86,0.05,0.28,2.83
229,Forza Motorsport 4,X360,2011,Racing,Microsoft Game Studios,2.08,2.04,0.06,0.47,4.64
7747,Dragon Ball Z: Idainaru Dragon Ball Densetsu,PS,1996,Fighting,Namco Bandai Games,0,0,0.18,0.01,0.19
7238,Dragon Ball: Origins (JP & incomplete US sales),DS,2008,Adventure,Atari,0.04,0,0.17,0,0.22
6757,Choro Q2,PS,1997,Racing,Takara,0,0,0.23,0.02,0.25
3328,Madden NFL 2000,N64,1999,Sports,Electronic Arts,0.58,0.02,0,0,0.61
11894,Tom Clancy's Ghost Recon 2,GC,2005,Shooter,Ubisoft,0.06,0.01,0,0,0.07
3066,Jikkyou World Soccer 2000 Final Edition,PS2,2000,Sports,Konami Digital Entertainment,0,0,0.66,0,0.66
15548,Guitar Freaks & DrumMania: Masterpiece Gold,PS2,2007,Simulation,Konami Digital Entertainment,0,0,0.02,0,0.02
335,FIFA Soccer 2005,PS2,2004,Sports,Electronic Arts,0.58,2.48,0.04,0.59,3.7
5399,Tom Clancy's Ghost Recon: Shadow Wars,3DS,2011,Strategy,Ubisoft,0.22,0.09,0,0.03,0.34
15577,7 Roses: A Darkness Rises,PC,2015,Misc,Avanquest Software,0,0.02,0,0,0.02
11759,Medabots 8,3DS,2014,Role-Playing,Rocket Company,0,0,0.07,0,0.07
8614,Shinobido 2: Tales of the Ninja,PSV,2011,Action,Sony Computer Entertainment,0.06,0.05,0.02,0.03,0.16
1256,Final Fantasy XIV: A Realm Reborn,PC,2010,Role-Playing,Square Enix,0.86,0.48,0,0.17,1.5
7207,Tenchu: Shadow Assassins,Wii,2008,Action,Ubisoft,0.16,0.01,0.03,0.02,0.22
6708,Sentimental Graffiti,SAT,1998,Adventure,NEC Interchannel,0,0,0.25,0,0.25
8857,White Knight Chronicles: Origins,PSP,2011,Role-Playing,Sony Computer Entertainment,0,0.04,0.09,0.02,0.15
14939,Battlefield 2: Modern Combat(JP sales),PS2,2005,Shooter,Electronic Arts,0,0,0.02,0,0.02
6695,J Stars Victory Vs.,PS4,2015,Fighting,Namco Bandai Games,0.07,0.14,0,0.04,0.25
13800,Metal Slug XX,PSP,2009,Shooter,DHM Interactive,0.03,0,0,0,0.04
11185,Adventure Time: Finn & Jake Investigations,PS4,2015,Action,Little Orbit,0.03,0.04,0,0.01,0.09
1854,Triple Play 98,PS,1997,Sports,Electronic Arts,0.61,0.42,0,0.07,1.1
9255,Dead Rising 2,PC,2010,Action,Capcom,0.1,0.02,0,0.01,0.14
9426,Midnight Mysteries: The Edgar Allan Poe Conspiracy,DS,2010,Adventure,Foreign Media Games,0.08,0.04,0,0.01,0.13
15079,Ride,X360,2015,Racing,Milestone S.r.l.,0,0.02,0,0,0.02
5452,Banjo-Kazooie: Grunty's Revenge,GBA,2003,Platform,THQ,0.24,0.09,0,0.01,0.33
1210,Dead Rising 3,XOne,2013,Action,Microsoft Game Studios,1.06,0.35,0.01,0.12,1.54
2145,Donkey Kong Junior,2600,1981,Platform,Atari,0.9,0.05,0,0.01,0.97
16045,Wizardry XTH: Unlimited Students,PS2,2006,Role-Playing,Michaelsoft,0,0,0.01,0,0.01
12705,Mirror's Edge,PC,2009,Platform,Electronic Arts,0,0.05,0,0.01,0.06
1888,Densha De Go!,PS,1997,Simulation,Taito,0,0,1.02,0.07,1.09
13699,Catwoman,GBA,2004,Action,Electronic Arts,0.03,0.01,0,0,0.04
8534,Grease Dance,X360,2011,Misc,505 Games,0.11,0.03,0,0.01,0.16
9009,Derby Stallion Gold,3DS,2014,Sports,Kadokawa Shoten,0,0,0.14,0,0.14
5249,DanceDanceRevolution,Wii,2010,Simulation,Konami Digital Entertainment,0.29,0.04,0,0.02,0.36
10335,Blades of Time,X360,2012,Action,Konami Digital Entertainment,0.07,0.03,0,0.01,0.11
877,NBA Street Vol. 2,PS2,2003,Sports,Electronic Arts,1.69,0.2,0,0.06,1.95
620,Mortal Kombat: Deadly Alliance,PS2,2002,Fighting,Midway Games,1.81,0.52,0,0.15,2.49
868,Hot Shots Golf: Open Tee,PSP,2004,Sports,Sony Computer Entertainment,0.5,0.5,0.63,0.33,1.96
12341,Ratchet & Clank Collection,PSV,2014,Action,Sony Computer Entertainment,0,0.05,0,0.01,0.06
7792,Jikkyou J-League Perfect Striker,N64,1996,Sports,Konami Digital Entertainment,0,0,0.19,0,0.19
14620,Gekiatsu!! Pachi Game Tamashi Vol. 2: CR Evangelion - Shinjitsu no Tsubasa,PS3,2011,Misc,Unknown,0,0,0.03,0,0.03
8840,Ultimate Board Game Collection,Wii,2007,Misc,Xplosiv,0.14,0,0,0.01,0.15
7371,Ghostbusters II,2600,N/A,Action,Activision,0.2,0.01,0,0,0.21
13028,Monster! Bass Fishing,GBA,2003,Sports,Ignition Entertainment,0.04,0.01,0,0,0.05
5001,Naruto Shippuden: Ultimate Ninja Heroes 3,PSP,2009,Fighting,Namco Bandai Games,0.13,0.04,0.19,0.03,0.38
14632,Hyakumanton no Bara Bara,PSP,2010,Strategy,Sony Computer Entertainment,0,0,0.03,0,0.03
12267,Escape from Bug Island,Wii,2006,Action,Eidos Interactive,0.04,0.01,0.01,0,0.06
914,Ratchet & Clank Future: A Crack in Time,PS3,2009,Platform,Sony Computer Entertainment,1.05,0.54,0.03,0.26,1.88
9909,Jikkyou Powerful Pro Yakyuu 9,GC,2002,Sports,Konami Digital Entertainment,0,0,0.11,0,0.12
10322,Dragon Quest & Final Fantasy in Itadaki Street Portable,PSP,2006,Misc,Square Enix,0,0,0.11,0,0.11
9015,Sakura Wars GB,GB,2000,Adventure,Media Factory,0,0,0.14,0,0.14
12004,Tales of Rebirth,PSP,2008,Role-Playing,Namco Bandai Games,0,0,0.07,0,0.07
13306,Gaist Crusher,3DS,2013,Action,Capcom,0,0,0.05,0,0.05
9390,Disney's Kim Possible: Kimmunicator,DS,2005,Platform,Disney Interactive Studios,0.11,0.01,0,0.01,0.13
6807,The Incredible Hulk,DS,2008,Action,Sega,0.22,0,0,0.02,0.24
15295,Gochuumon wa Usagi Desu ka?? Wonderful Party!,PSV,2016,Adventure,5pb,0,0,0.02,0,0.02
1811,Donkey Kong,NES,1983,Platform,Nintendo,0.23,0.05,0.84,0.01,1.13
11788,Summon Night 4,PSP,2012,Role-Playing,Namco Bandai Games,0,0,0.07,0,0.07
12904,Zapper: One Wicked Cricket!,XB,2002,Platform,Infogrames,0.04,0.01,0,0,0.05
6719,Tennis no Oji-Sama: Genius Boys Academy,GBA,2002,Sports,Konami Digital Entertainment,0,0,0.24,0.01,0.25
13354,MiniCopter: Adventure Flight,Wii,2007,Simulation,505 Games,0.04,0,0,0,0.05
6389,Reign of Fire,PS2,2002,Shooter,BAM! Entertainment,0.13,0.1,0,0.03,0.27
5667,Dragon Quest Monsters: Battle Road Victory,Wii,2010,Strategy,Square Enix,0,0,0.32,0,0.32
1583,Winter Sports: The Ultimate Challenge,Wii,2007,Sports,RTL,0.45,0.68,0,0.12,1.26
4868,NBA Jam,PS3,2010,Sports,Electronic Arts,0.22,0.12,0,0.06,0.4
2501,The Amazing Spider-Man (Console Version),PS3,2012,Action,Activision,0.31,0.37,0,0.14,0.83
15598,Red Ninja: End of Honor,XB,2005,Action,Vivendi Games,0.01,0,0,0,0.02
6324,Fushigi no Dungeon: Fuurai no Shiren GB: Tsukikagemura no Kaibutsu,GB,1996,Role-Playing,ChunSoft,0,0,0.27,0,0.27
5632,Nagano Winter Olympics 98,N64,1997,Sports,Konami Digital Entertainment,0.15,0.04,0.13,0,0.32
14473,Great Edo Blacksmith,PSV,2014,Adventure,Nippon Ichi Software,0,0,0.03,0,0.03
10725,Higurashi no Nakukoru ni Kizuna: Dai-Ni-Kan - Sou,DS,2008,Adventure,Alchemist,0,0,0.1,0,0.1
6766,How to Train Your Dragon 2,3DS,2014,Adventure,Little Orbit,0.04,0.19,0,0.02,0.25
12567,World Soccer Winning Eleven 9 (US sales),PSP,2005,Sports,Konami Digital Entertainment,0.05,0,0,0,0.06
4320,Jikkyou Powerful Pro Yakyuu 12,PS2,2005,Sports,Konami Digital Entertainment,0,0,0.45,0,0.45
15318,Negima!? Chou Mahora Taisen Chuu: Checkiin Zenin Shuugou! Yappari Onsen Kichaimashitaa,DS,2007,Adventure,Marvelous Interactive,0,0,0.02,0,0.02
12031,RayStorm,PS,1997,Shooter,Sony Computer Entertainment,0.04,0.03,0,0,0.07
4681,Dexter's Laboratory Deesaster Strikes,GBA,2001,Adventure,BAM! Entertainment,0.3,0.11,0,0.01,0.41
10426,Pro Yaky? Spirits 2010,PS2,2010,Sports,Konami Digital Entertainment,0,0,0.1,0,0.1
13527,Sonic the Hedgehog 2 (8-bit),GG,1992,Platform,Sega,0,0,0.04,0,0.04
6645,Scrabble,PS,1999,Misc,Ubisoft,0.14,0.1,0,0.02,0.25
5711,Phineas and Ferb Ride Again,DS,2010,Action,Disney Interactive Studios,0.25,0.04,0,0.02,0.31
15635,Ultimate Puzzle Games,GBA,2005,Puzzle,Telegames,0.01,0,0,0,0.02
15554,Yu-Gi-Oh! GX: The Beginning of Destiny (JP sales),PS2,2007,Strategy,Konami Digital Entertainment,0,0,0.02,0,0.02
13013,RPG Tsukuru DS,DS,2010,Role-Playing,Enterbrain,0,0,0.05,0,0.05
2942,King Kong,2600,1981,Action,Tigervision,0.65,0.04,0,0.01,0.69
3956,Alice: Madness Returns,X360,2011,Adventure,Electronic Arts,0.27,0.15,0.04,0.04,0.5
9774,Zathura,PS2,2005,Adventure,Take-Two Interactive,0.06,0.05,0,0.02,0.12
14786,Battlefield 2142,PC,2006,Shooter,Electronic Arts,0,0.02,0,0,0.03
16095,Superstars V8 Racing,X360,2009,Racing,Black Bean Games,0,0.01,0,0,0.01
16196,K-1 Grand Prix,PS,1999,Fighting,Jaleco,0.01,0.01,0,0,0.01
12926,TrackMania Turbo: Build to Race,DS,2010,Racing,Ubisoft,0.03,0.02,0,0.01,0.05
9690,Ochaken no Heya DS,DS,2006,Simulation,MTO,0,0,0.12,0,0.12
1573,Football Manager 2011,PC,2010,Sports,Sega,0,1.01,0,0.25,1.26
16387,Poker for Dummies,PC,2008,Misc,Electronic Arts,0,0.01,0,0,0.01
16193,Satisfashion,Wii,2010,Misc,Destineer,0.01,0,0,0,0.01
3319,Final Fantasy IV Advance,GBA,2005,Role-Playing,Nintendo,0.27,0.1,0.22,0.01,0.61
3034,Summer Sports: Paradise Island (Others sales),Wii,2008,Sports,Ubisoft,0,0.66,0,0.01,0.67
3228,Final Fantasy VII International,PS,1997,Role-Playing,Square,0,0,0.59,0.04,0.63
6319,Bridge,2600,1980,Misc,Activision,0.25,0.02,0,0,0.27
15845,Pachi-Slot Higrashi no Naku Koro ni Matsuri,PS2,2010,Misc,Alchemist,0,0,0.02,0,0.02
10410,Dragon Ball Z Super Gokuden: Kakusei-Hen,SNES,1995,Role-Playing,Namco Bandai Games,0,0,0.11,0,0.11
9346,Bratz,GBA,2002,Platform,Ubisoft,0.1,0.04,0,0,0.13
5751,Super Robot Taisen Complete Box,PS,1999,Strategy,Banpresto,0,0,0.29,0.02,0.31
14465,Zoboomafoo: Leapin' Lemurs!,PS,2001,Action,Encore,0.02,0.01,0,0,0.03
12213,MotorStorm RC,PSV,2012,Racing,Sony Computer Entertainment,0,0.05,0,0.02,0.07
5985,One Piece Unlimited Cruise 2: Awakening of a Hero,Wii,2009,Action,Namco Bandai Games,0,0.1,0.17,0.02,0.29
8045,AirForce Delta Storm,XB,2001,Shooter,Konami Digital Entertainment,0.14,0.04,0,0.01,0.18
10793,Steel Battalion,XB,2002,Simulation,Microsoft Game Studios,0.05,0.02,0.02,0,0.1
1352,Disney's DuckTales,GB,1988,Platform,Capcom,0.82,0.23,0.35,0.03,1.43
9187,Frank Thomas Big Hurt Baseball,PS,1996,Sports,Acclaim Entertainment,0.08,0.05,0,0.01,0.14
13772,Terraria,XOne,2014,Action,505 Games,0,0.04,0,0,0.04
12845,NHL Powerplay 98,PS,1997,Sports,Virgin Interactive,0.03,0.02,0,0,0.05
9034,Dishonored,XOne,2015,Action,Bethesda Softworks,0.08,0.05,0,0.01,0.14
6980,Meteos,DS,2005,Puzzle,Nintendo,0.15,0.01,0.06,0.01,0.23
13789,King of Fighters: Maximum Impact Regulation A,PS2,2007,Fighting,SNK Playmore,0,0,0.04,0,0.04
10980,Metal Slug X,PS,2001,Shooter,Virgin Interactive,0.05,0.03,0,0.01,0.09
16272,Slide Adventure: Mag Kid,DS,2007,Action,Nintendo,0,0,0.01,0,0.01
3186,X-Men Legends II: Rise of Apocalypse,PS2,2005,Role-Playing,Activision,0.53,0.02,0,0.09,0.63
8282,One Piece: Unlimited World Red,PSV,2014,Action,Namco Bandai Games,0.06,0.04,0.04,0.03,0.17
16145,WSC REAL 09: World Snooker Championship,PS3,2009,Sports,Deep Silver,0,0.01,0,0,0.01
5057,Scribblenauts: Unlimited,WiiU,2012,Action,Warner Bros. Interactive Entertainment,0.26,0.09,0,0.03,0.38
14321,Vegas Casino,DS,2007,Misc,Neko Entertainment,0.03,0,0,0,0.03
6987,Me & My Katamari,PSP,2005,Puzzle,Namco Bandai Games,0.13,0.02,0.08,0,0.23
5064,Petz Rescue: Wildlife Vet,DS,2008,Simulation,Ubisoft,0.35,0,0,0.03,0.38
4420,TouchMaster 3,DS,2009,Puzzle,Warner Bros. Interactive Entertainment,0.3,0.11,0,0.04,0.44
6131,R: Racing Evolution,PS2,2003,Racing,Namco Bandai Games,0.14,0.11,0,0.04,0.28
11791,The Rub Rabbits!,DS,2005,Puzzle,Sega,0.03,0,0.04,0,0.07
3032,RIFT,PC,2011,Role-Playing,Unknown,0.44,0.16,0,0.07,0.67
12203,Monster Tale,DS,2011,Platform,Majesco Entertainment,0.06,0,0,0,0.07
15654,Airline Tycoon,PC,2000,Simulation,Interplay,0,0.01,0,0,0.02
3401,Jikkyou Powerful Pro Yakyuu '98 Kaimakuban,PS,1998,Sports,Konami Digital Entertainment,0,0,0.55,0.04,0.59
14210,Detective Conan: Phantom Rhapsody,3DS,2014,Action,Namco Bandai Games,0,0,0.03,0,0.03
10892,The Amazing Spider-Man (Console Version),WiiU,2013,Action,Activision,0.05,0.03,0,0.01,0.09
13221,Super Jinsei Game 2,SNES,1995,Misc,Takara,0,0,0.05,0,0.05
13783,Katekyoo Hitman Reborn! Battle Arena 2 - Spirits Burst,PSP,2009,Fighting,Marvelous Interactive,0,0,0.04,0,0.04
11238,Just Dance Wii U,WiiU,2014,Misc,Nintendo,0,0,0.09,0,0.09
13637,NatGeo Challenge! Wild Life,Wii,2010,Misc,Black Bean Games,0.04,0,0,0,0.04
9297,Let's Play Ballerina,DS,2010,Sports,Deep Silver,0.13,0,0,0.01,0.14
13610,Scaler,XB,2004,Platform,Global Star,0.03,0.01,0,0,0.04
9169,Ecco the Dolphin: Defender of the Future,PS2,2002,Adventure,Sony Computer Entertainment,0.07,0.05,0,0.02,0.14
13307,Punch King,GBA,2002,Fighting,Acclaim Entertainment,0.03,0.01,0,0,0.05
6974,LEGO Marvel's Avengers,PSV,2016,Action,Warner Bros. Interactive Entertainment,0.07,0.11,0,0.05,0.23
15903,Jet Impulse,DS,N/A,Simulation,Nintendo,0,0,0.02,0,0.02
3154,Stuntman: Ignition,X360,2007,Racing,THQ,0.25,0.32,0,0.07,0.64
8394,Off-World Interceptor Extreme,PS,1995,Racing,Crystal Dynamics,0.09,0.06,0,0.01,0.17
12846,Olympic Soccer: Atlanta 1996,PS,1996,Sports,U.S. Gold,0.03,0.02,0,0,0.05
330,Super Paper Mario,Wii,2007,Platform,Nintendo,1.98,0.88,0.59,0.32,3.76
3242,WWF in Your House,PS,1996,Fighting,Acclaim Entertainment,0.35,0.24,0,0.04,0.62
14713,Timeshock! Pro Pinball,PS,1998,Misc,Empire Interactive,0.02,0.01,0,0,0.03
9895,The Penguins of Madagascar: Dr. Blowhole Returns - Again!,DS,2011,Action,THQ,0.07,0.03,0,0.01,0.12
14095,Castlevania Bloodlines,GEN,1994,Platform,Konami Digital Entertainment,0,0,0.04,0,0.04
14789,Poy Poy,PS,1997,Action,Konami Digital Entertainment,0.01,0.01,0,0,0.03
14395,Infinite Stratos 2: Ignition Hearts,PSV,2014,Adventure,5pb,0,0,0.03,0,0.03
5209,Saban's Power Rangers: Lightspeed Rescue,N64,2000,Action,THQ,0.29,0.06,0,0,0.36
10800,Tennis no Oji-Sama: Motto Gakuensai no Ouji-Sama - More Sweet Edition,DS,2010,Sports,Konami Digital Entertainment,0,0,0.1,0,0.1
1207,Command & Conquer: Tiberian Sun,PC,1999,Strategy,Westwood Studios,1.55,0,0,0,1.55
12274,Kanon,DC,2000,Adventure,NEC Interchannel,0,0,0.06,0,0.06
1007,Star Wars: Battlefront,XB,2004,Shooter,Activision,1.24,0.45,0,0.07,1.75
9279,Pet Pals: Animal Doctor,Wii,2008,Simulation,JoWood Productions,0.13,0,0,0.01,0.14
171,Dr. Mario,GB,1989,Puzzle,Nintendo,2.18,0.96,2,0.2,5.34
7621,Disney's Tarzan,N64,2000,Platform,Activision,0.16,0.04,0,0,0.2
12312,Samurai Warriors Chronicles 3,PSV,2014,Action,Tecmo Koei,0,0,0.06,0,0.06
11972,Yamaha Supercross,Wii,2009,Racing,Zoo Digital Publishing,0.05,0.01,0,0.01,0.07
10835,Ghostbusters: The Video Game (DS Version),PC,2010,Action,Take-Two Interactive,0,0.08,0,0.02,0.09
1818,Dragon Age II,X360,2011,Action,Electronic Arts,0.72,0.3,0.01,0.09,1.12
13520,Dead Head Fred,PSP,2007,Action,D3Publisher,0.04,0,0,0,0.04
13760,Saru! Get You! Pipo Saru Senki,PSP,2009,Role-Playing,Sony Computer Entertainment,0,0,0.04,0,0.04
5449,Binary Domain,PS3,2012,Action,Sega,0.09,0.08,0.14,0.03,0.33
10035,Army Men: Sarge's War,XB,2004,Shooter,Global Star,0.09,0.02,0,0,0.11
13096,Rave Master,GC,2002,Fighting,Konami Digital Entertainment,0,0,0.05,0,0.05
9310,Mary-Kate and Ashley: Crush Course,PS,2001,Action,Acclaim Entertainment,0.08,0.05,0,0.01,0.14
13815,99 no Namida,DS,2008,Adventure,Namco Bandai Games,0,0,0.04,0,0.04
5950,FIFA Street 3,X360,2008,Sports,Electronic Arts,0.12,0.14,0,0.03,0.3
2643,Battle Stations,PS,1997,Strategy,Electronic Arts,0.43,0.29,0,0.05,0.78
3239,Virtua Cop,SAT,1995,Shooter,Sega,0,0,0.62,0,0.62
8726,Driven,PS2,2001,Racing,BAM! Entertainment,0.08,0.06,0,0.02,0.15
10546,Metal Gear Solid HD Edition,PS3,2011,Action,Konami Digital Entertainment,0,0,0.1,0,0.1
5530,Vin Diesel: Wheelman,PS3,2009,Racing,Ubisoft,0.12,0.15,0,0.06,0.33
1000,2 Games in 1 Double Pack: The Incredibles / Finding Nemo: The Continuing Adventures,GBA,2007,Action,THQ,1.26,0.47,0,0.03,1.76
10934,Let's Ride! Silver Buckle Stables,PS2,2006,Sports,THQ,0.05,0.04,0,0.01,0.09
2364,Resident Evil: Revelations,3DS,2012,Action,Capcom,0.3,0.22,0.3,0.05,0.88
4300,iCarly,Wii,2009,Adventure,Activision,0.42,0,0,0.03,0.46
11073,Roary the Racing Car,DS,2009,Misc,Avanquest,0,0.08,0,0.01,0.09
10194,The Adventures of Jimmy Neutron Boy Genius: Jet Fusion,GC,2003,Action,THQ,0.09,0.02,0,0,0.11
6840,Peter Jackson's King Kong: The Official Game of the Movie,GC,2005,Action,Ubisoft,0.19,0.05,0,0.01,0.24
11239,Cyberia,PS,1995,Action,Interplay,0.05,0.03,0,0.01,0.09
2871,Madden NFL 08,PSP,2007,Sports,Electronic Arts,0.6,0.04,0,0.07,0.71
11125,Crimson Sea,XB,2002,Action,Tecmo Koei,0.04,0.01,0.04,0,0.09
8335,Fairytale Fights,X360,2009,Action,Playlogic Game Factory,0.14,0.02,0,0.01,0.17
11676,Tokyo Beat Down,DS,2008,Action,Success,0.07,0,0,0.01,0.08
1853,Jungle Hunt,2600,1982,Platform,Atari,1.03,0.06,0,0.01,1.1
15795,WTA Tour Tennis,GBA,2002,Sports,Konami Digital Entertainment,0.01,0,0,0,0.02
7147,Star Trek: The Game,X360,2013,Action,Namco Bandai Games,0.12,0.09,0,0.02,0.22
9493,Barbie and the Three Musketeers,DS,2009,Adventure,Activision,0.12,0,0,0.01,0.13
3666,The Amazing Spider-Man 2 (2014),PS4,2014,Action,Activision,0.2,0.25,0.02,0.09,0.55
7337,Pro Evolution Soccer 2012,Wii,2011,Action,Konami Digital Entertainment,0.08,0.08,0.03,0.02,0.21
10141,WWE All Stars,PS2,2011,Fighting,THQ,0.05,0.04,0,0.01,0.11
7264,Kirby's Star Stacker,GB,1997,Puzzle,Nintendo,0,0,0.22,0,0.22
4769,Jikkyou Powerful Pro Yakuu '94,SNES,1994,Sports,Konami Digital Entertainment,0,0,0.41,0,0.41
13233,Nicktoons: Attack of the Toybots,DS,2007,Platform,THQ,0.04,0,0,0,0.05
4161,Dragon Age Origins: Awakening,X360,2010,Role-Playing,Electronic Arts,0.33,0.1,0,0.04,0.47
1375,Ridge Racer,PSP,2004,Racing,Sony Computer Entertainment,0.36,0.45,0.32,0.28,1.41
5227,Naruto: Ultimate Ninja 3 (JP sales),PS2,2005,Fighting,Atari,0,0,0.36,0,0.36
14167,Cake Mania: Baker's Challenge,PSP,2008,Puzzle,Destineer,0.03,0,0,0,0.03
14403,Boot Camp Academy,Wii,2010,Action,Zoo Games,0.03,0,0,0,0.03
4215,Inazuma Eleven Go 2: Chrono Stone,3DS,2012,Role-Playing,Level 5,0,0.01,0.46,0,0.47
13984,Hisshou Pachinko*Pachi-Slot Kouryaku Series Vol. 13: Shinseiki Evangelion - Yakusoku no Toki,PS2,2008,Misc,D3Publisher,0,0,0.04,0,0.04
15612,Heavy Fire: Afghanistan,PC,2011,Shooter,Mastiff,0.02,0,0,0,0.02
1271,Madden NFL 09,PS2,2008,Sports,Electronic Arts,1.22,0,0,0.27,1.49
4740,Densha De Go! 2,PS,1999,Simulation,Taito,0,0,0.38,0.03,0.41
14437,StormLover,PSP,2010,Adventure,D3Publisher,0,0,0.03,0,0.03
14085,Assassin's Creed Chronicles: China,PS4,2015,Action,Ubisoft,0,0.03,0,0.01,0.04
5678,Clive Barker's Jericho,X360,2007,Shooter,Codemasters,0.28,0.01,0,0.02,0.32
6609,Super Street Fighter II: Turbo Revival,GBA,2001,Fighting,Ubisoft,0.18,0.07,0,0,0.25
7575,MLB 12: The Show,PSV,2012,Sports,Sony Computer Entertainment,0.18,0,0,0.02,0.2
3202,Iron Man,PSP,2008,Action,Sega,0.46,0.09,0,0.09,0.63
15849,Psychedelica of the Black Butterfly,PSV,2015,Action,Idea Factory,0,0,0.02,0,0.02
6743,Dreamworks Madagascar Kartz,X360,2009,Racing,Activision,0.14,0.09,0,0.02,0.25
11666,Need for Speed Underground 2,PC,2004,Racing,Electronic Arts,0,0.06,0,0.01,0.08
2110,Just Dance 2014,X360,2013,Misc,Ubisoft,0.72,0.19,0,0.07,0.98
10884,Adventure Time: Finn & Jake Investigations,X360,2015,Action,Little Orbit,0.02,0.06,0,0.01,0.09
11519,Kobitodzukan: Kobito no Fushigi - Jikken Set,3DS,2013,Misc,Nippon Columbia,0,0,0.08,0,0.08
1005,Madden NFL 2000,PS,1998,Sports,Electronic Arts,1.68,0.04,0,0.04,1.75
9094,Okami,PS3,2012,Action,Capcom,0,0,0.14,0,0.14
4043,Mario & Wario,SNES,1993,Puzzle,Nintendo,0,0,0.49,0,0.49
9969,Hyperdimension Neptunia Re;Birth 3,PSV,2014,Action,Idea Factory International,0.07,0.01,0,0.03,0.12
10773,Jikkyou Powerful Pro Yakyuu 2013,PSV,2013,Sports,Konami Digital Entertainment,0,0,0.1,0,0.1
5412,Puzzle Quest: Challenge of the Warlords,DS,2007,Puzzle,D3Publisher,0.28,0.01,0.03,0.02,0.34
8077,Dying Light,PC,2015,Action,Warner Bros. Interactive Entertainment,0.11,0.06,0,0.02,0.18
13077,To Heart 2: Dungeon Travelers,PSV,2015,Adventure,Aqua Plus,0,0,0.05,0,0.05
2253,EA Sports Active 2,PS3,2010,Sports,Electronic Arts,0.52,0.28,0,0.12,0.92
14332,Battle vs. Chess,X360,2011,Misc,TopWare Interactive,0,0.03,0,0,0.03
2200,The SpongeBob SquarePants Movie,GC,2004,Platform,THQ,0.73,0.19,0,0.03,0.94
8451,Itoi Shigesato no Bass Tsuri No. 1,SNES,1997,Sports,Nintendo,0,0,0.17,0,0.17
6559,Bratz Ponyz 2,DS,2008,Adventure,Game Factory,0.24,0,0,0.02,0.26
4073,Momotarou Dentetsu X: Kyuushuu-hen mo Arubai,PS2,2001,Misc,Hudson Soft,0,0,0.49,0,0.49
8062,X-Men Origins: Wolverine,PS2,2009,Action,Activision,0.13,0,0,0.05,0.18
13691,Star Trek: Shattered Universe,XB,2004,Simulation,Global Star,0.03,0.01,0,0,0.04
15765,Uchi no 3 Shimai DS,DS,2008,Misc,Culture Brain,0,0,0.02,0,0.02
13057,Battle vs. Chess,PS3,N/A,Misc,TopWare Interactive,0,0.04,0,0.01,0.05
9372,Euro Truck Simulator 2,PC,2012,Action,SCS Software,0,0.12,0,0.02,0.13
5715,Sniper Elite 3,PS3,2014,Shooter,505 Games,0.1,0.15,0,0.06,0.31
12940,FIFA 17,PC,2016,Sports,Electronic Arts,0,0.05,0,0,0.05
7300,Shrek SuperSlam,GC,2005,Action,Activision,0.17,0.04,0,0.01,0.22
6384,Wipeout 2,X360,2011,Misc,Activision,0.25,0,0,0.02,0.27
11822,Kessen III,PS2,2004,Strategy,Tecmo Koei,0.04,0.03,0,0.01,0.07
6653,Kung Fu Panda 2,X360,2011,Action,THQ,0.16,0.07,0,0.02,0.25
11143,Major League Baseball 2K12,PSP,2012,Sports,Take-Two Interactive,0.08,0,0,0.01,0.09
1459,Lost Planet: Extreme Condition,X360,2006,Shooter,Capcom,1.09,0.04,0.1,0.11,1.34
753,Mario & Luigi: Superstar Saga,GBA,2003,Role-Playing,Nintendo,1.48,0.17,0.47,0.06,2.17
8216,Yu-Gi-Oh! Zexal World Duel Carnival,3DS,2013,Misc,Konami Digital Entertainment,0,0.08,0.08,0.01,0.17
14756,CID The Dummy,PSP,2009,Platform,Oxygen Interactive,0.02,0,0,0,0.03
7993,NBA Ballers: Chosen One,X360,2008,Sports,Midway Games,0.17,0,0,0.01,0.19
6885,Juiced 2: Hot Import Nights,DS,2007,Racing,THQ,0.22,0,0,0.02,0.24
7525,NCAA March Madness 06,XB,2005,Sports,Electronic Arts,0.15,0.04,0,0.01,0.2
3619,Tiger Woods PGA Tour 11,Wii,2010,Sports,Electronic Arts,0.24,0.26,0,0.06,0.56
14671,ESPN Winter X Games: Snowboarding 2002,XB,2002,Sports,Konami Digital Entertainment,0.02,0.01,0,0,0.03
11423,Petz Fantasy: Sunshine Magic,DS,2010,Simulation,Ubisoft,0.07,0,0,0,0.08
10340,Goal Storm '97,PS,1996,Sports,Konami Digital Entertainment,0.01,0,0.09,0.01,0.11
2055,Rayman Legends,PS4,2014,Platform,Ubisoft,0.21,0.61,0,0.18,1.01
16430,Virtua Quest,GC,N/A,Role-Playing,Unknown,0.01,0,0,0,0.01
15553,Motto NUGA-CEL!,PSP,2010,Adventure,Idea Factory,0,0,0.02,0,0.02
6709,Hitman: Absolution,PC,2012,Action,Square Enix,0.03,0.17,0,0.04,0.25
11713,Conception: Please Give Birth to My Child!,PSP,2012,Role-Playing,Spike,0,0,0.08,0,0.08
6276,Resident Evil 2: Dual Shock Edition,PS,1998,Action,Capcom,0,0,0.26,0.02,0.27
16460,Juggler DS,DS,2008,Misc,Commseed,0,0,0.01,0,0.01
6178,Mission: Impossible - Operation Surma,PS2,2003,Platform,Atari,0.14,0.11,0,0.04,0.28
16381,Luxor: Pharaoh's Challenge,DS,2007,Puzzle,Funsta,0,0.01,0,0,0.01
13891,Sleepover Party,Wii,2009,Misc,Ubisoft,0.03,0,0,0,0.04
525,WWE SmackDown! Here Comes the Pain,PS2,2003,Fighting,THQ,1.32,1.06,0.04,0.38,2.8
8836,World League Soccer,SNES,1991,Sports,Imagineer,0,0,0.15,0,0.15
14877,Pitball,PS,1996,Sports,Time Warner Interactive,0.01,0.01,0,0,0.03
9648,Battleborn,XOne,2016,Shooter,Take-Two Interactive,0.08,0.04,0,0.01,0.13
11671,Duke Nukem: Land of the Babes,PS,2000,Shooter,Atari,0.04,0.03,0,0,0.08
1488,World of Warcraft: Wrath of the Lich King,PC,2008,Role-Playing,Activision,0.01,0.13,0,1.18,1.32
12741,SD Gundam G Generation Wars,Wii,2009,Strategy,Namco Bandai Games,0,0,0.06,0,0.06
790,Need for Speed: Most Wanted 5-1-0,PSP,2005,Racing,Electronic Arts,1.77,0.13,0.02,0.18,2.1
6790,MLB,PSP,2005,Sports,Sony Computer Entertainment,0.23,0,0,0.02,0.24
8246,The Cursed Crusade,PS3,2011,Action,DTP Entertainment,0.07,0.07,0.01,0.03,0.17
15012,AirForce Delta Storm,GBA,2002,Shooter,Konami Digital Entertainment,0.02,0.01,0,0,0.02
6521,Juiced 2: Hot Import Nights,PS3,2007,Racing,THQ,0.18,0.04,0.01,0.03,0.26
1100,Heavenly Sword,PS3,2007,Action,Sony Computer Entertainment,0.57,0.73,0.06,0.3,1.66
746,Donkey Kong Country,GB,2000,Platform,Nintendo,1.04,0.72,0.3,0.13,2.19
9405,Ken to Mahou to Gakuen Mono. 3,PSP,2010,Role-Playing,Acquire,0,0,0.13,0,0.13
13750,Harukanaru Toki no Naka de 5,PSP,2011,Role-Playing,Tecmo Koei,0,0,0.04,0,0.04
6333,WWE Road to WrestleMania X8,GBA,2002,Fighting,THQ,0.19,0.07,0,0,0.27
5098,Life is Strange,PS4,2016,Adventure,Square Enix,0.14,0.15,0.03,0.06,0.37
9492,Rally Fusion: Race of Champions,PS2,2002,Racing,Activision,0.06,0.05,0,0.02,0.13
13217,Bladestorm: Nightmare,XOne,2015,Action,Tecmo Koei,0.03,0.02,0,0,0.05
14170,Deer Drive: Legends,3DS,2012,Action,Maximum Family Games,0.03,0,0,0,0.03
9633,NBA Ballers: Phenom,XB,2006,Sports,Midway Games,0.09,0.03,0,0,0.13
326,Resident Evil Director's Cut,PS,1996,Action,Virgin Interactive,1.82,1.24,0.47,0.25,3.77
9244,Puyo Puyo!! 20th Anniversary,DS,2011,Puzzle,Sega,0,0,0.14,0,0.14
8775,Streak: Hoverboard Racing,PS,1998,Racing,GT Interactive,0.09,0.06,0,0.01,0.15
4802,Thief (2014),PS3,2014,Action,Square Enix,0.1,0.2,0.02,0.08,0.4
14774,Kuryuu Youma Gakuenki Recharge,PS2,2006,Adventure,Atlus,0,0,0.03,0,0.03
5674,Live A Live,SNES,1994,Role-Playing,SquareSoft,0,0,0.32,0,0.32
12538,Cabela's Dangerous Hunts: Ultimate Challenge,PSP,2006,Sports,Activision Value,0.06,0,0,0,0.06
5069,EyeToy Play 2,PS2,2004,Misc,Sony Computer Entertainment,0.18,0.14,0,0.05,0.38
9329,Back At The Barnyard: Slop Bucket Games,DS,2008,Sports,THQ,0.12,0,0,0.01,0.14
15927,RollerCoaster Tycoon: Gold Edition,PC,2002,Strategy,Infogrames,0.01,0,0,0,0.02
15759,Turbo: Super Stunt Squad,Wii,2013,Sports,D3Publisher,0,0.02,0,0,0.02
12519,Prinny: Can I Really Be The Hero? (US sales),PSP,N/A,Action,N/A,0.06,0,0,0,0.06
14026,Ray Gigant,PSV,2015,Role-Playing,Namco Bandai Games,0,0,0.04,0,0.04
3013,Lollipop Chainsaw,PS3,2012,Action,Warner Bros. Interactive Entertainment,0.26,0.21,0.11,0.09,0.67
6192,Bionic Commando,X360,2009,Platform,Capcom,0.12,0.12,0.01,0.03,0.28
9744,Record of Agarest War Zero,PS3,N/A,Strategy,Ghostlight,0.09,0,0.03,0.01,0.12
6126,One Piece: Burning Blood,PS4,2016,Fighting,Namco Bandai Games,0.1,0.08,0.07,0.04,0.28
6567,King of Fighters: Maximum Impact,PS2,2004,Fighting,Ignition Entertainment,0.13,0.1,0,0.03,0.26
6416,Cabela's Big Game Hunter 2010,X360,2009,Sports,Activision Value,0.25,0,0,0.02,0.27
7505,Beyblade G-Revolution,GBA,2004,Action,Atari,0.15,0.05,0,0,0.2
12869,Vertigo,Wii,2009,Strategy,Playlogic Game Factory,0.05,0,0,0,0.05
15504,Dreamer Series: Horse Trainer,DS,2008,Simulation,DreamCatcher Interactive,0.02,0,0,0,0.02
197,Resident Evil 5,PS3,2009,Action,Capcom,1.96,1.43,1.08,0.65,5.11
10091,Jikkyou Powerful Pro Yakyuu '95,PS,1994,Sports,Konami Digital Entertainment,0,0,0.11,0.01,0.11
6175,Syphon Filter: Dark Mirror,PS2,2007,Shooter,Sony Computer Entertainment,0.14,0.11,0,0.04,0.28
11050,Golden Nugget 64,N64,1998,Misc,Electronic Arts,0.07,0.02,0,0,0.09
1596,Lara Croft Tomb Raider: The Angel of Darkness,PS2,2003,Action,Eidos Interactive,0.61,0.48,0,0.16,1.25
4102,James Bond 007: Blood Stone,X360,2010,Shooter,Activision,0.2,0.24,0,0.05,0.48
3038,TV Show King Party,Wii,2008,Puzzle,Ubisoft,0.18,0.41,0,0.08,0.67
10429,Cloudy With a Chance of Meatballs,PS3,2009,Platform,Ubisoft,0.09,0.01,0,0.01,0.1
6377,Section 8,X360,2009,Shooter,SouthPeak Games,0.15,0.09,0,0.03,0.27
2329,Madden NFL 08,Wii,2007,Sports,Electronic Arts,0.82,0.01,0,0.07,0.89
15671,Freestyle Metal X,GC,2003,Racing,Midway Games,0.01,0,0,0,0.02
4071,Jake Power: Fireman,DS,2008,Adventure,Ubisoft,0.08,0.35,0,0.06,0.49
8186,Nancy Drew: The Hidden Staircase,DS,2008,Adventure,THQ,0.16,0,0,0.01,0.18
9124,T.R.A.G. - Tactical Rescue Assault Group: Mission of Mercy,PS,1998,Adventure,Sunsoft,0.08,0.05,0,0.01,0.14
6887,Amazing Adventures: The Forgotten Ruins,DS,2008,Adventure,PopCap Games,0.13,0.08,0,0.02,0.24
4553,NASCAR Kart Racing,Wii,2009,Racing,Electronic Arts,0.39,0,0,0.03,0.43
740,Sonic Unleashed,Wii,2008,Platform,Sega,1.28,0.68,0.02,0.21,2.2
10966,Dora's Big Birthday Adventure,DS,2010,Misc,Take-Two Interactive,0.08,0.01,0,0.01,0.09
12744,Hakuouki: Yuugi Roku Ni - Matsuri Hayashi to Taishitachi,PSP,2012,Action,Idea Factory,0,0,0.06,0,0.06
15616,Toukiden 2,PS3,2016,Action,Tecmo Koei,0,0,0.02,0,0.02
11274,Don King Boxing,DS,2009,Sports,Take-Two Interactive,0.06,0.01,0,0.01,0.08
7471,Heisei Kyouiku linkai DS,DS,2006,Misc,Namco Bandai Games,0,0,0.21,0,0.21
4990,ESPN College Hoops 2K5,XB,2004,Sports,Sega,0.29,0.08,0,0.01,0.38
8553,The Incredibles: Rise of the Underminer,GC,2005,Action,THQ,0.12,0.03,0,0,0.16
1582,LEGO The Lord of the Rings,X360,2012,Action,Warner Bros. Interactive Entertainment,0.63,0.51,0,0.11,1.26
11134,Back to the Future: The Game,PS3,2011,Adventure,Telltale Games,0.07,0.01,0,0.01,0.09
5532,My Baby: First Steps,DS,2009,Simulation,SouthPeak Games,0.28,0.03,0,0.02,0.33
641,Dragon Ball Z: Budokai 2,PS2,2003,Fighting,Atari,1.63,0.22,0.51,0.06,2.41
2246,Teenage Mutant Ninja Turtles,PS2,2003,Action,Konami Digital Entertainment,0.45,0.35,0,0.12,0.92
2652,Toy Story 3: The Video Game,X360,2010,Action,Disney Interactive Studios,0.41,0.29,0,0.07,0.78
15555,11eyes: CrossOver,PSP,2010,Adventure,5pb,0,0,0.02,0,0.02
9448,Amagami,PS2,2009,Adventure,Enterbrain,0,0,0.13,0,0.13
6716,NBA Jam Tournament Edition,PS,1995,Sports,Acclaim Entertainment,0.14,0.09,0,0.02,0.25
2029,Naruto: Clash of Ninja Revolution,Wii,2007,Fighting,Tomy Corporation,0.45,0.46,0,0.11,1.02
14229,Night Head: The Labyrinth,PS,1995,Adventure,Fuji,0,0,0.03,0,0.03
4869,Mass Effect 2,PC,2010,Role-Playing,Electronic Arts,0.01,0.32,0,0.07,0.4
7127,Digimon World DS (JP sales),DS,2006,Role-Playing,Namco Bandai Games,0,0,0.23,0,0.23
3259,Viewtiful Joe,GC,2003,Action,Capcom,0.38,0.1,0.12,0.02,0.62
15422,Zwei!!,PSP,2008,Role-Playing,Falcom Corporation,0,0,0.02,0,0.02
8169,Otomedius Excellent,X360,N/A,Shooter,Unknown,0.13,0,0.04,0.01,0.18
15085,Prison Architect,PS4,2016,Action,Introversion Software,0.01,0.01,0,0,0.02
11721,Divinity II: Ego Draconis,PC,2009,Role-Playing,DTP Entertainment,0.01,0.05,0,0.01,0.08
14937,Vampire Mansion: Linda Hyde,DS,2011,Adventure,Unknown,0,0.02,0,0,0.02
2911,Star Wars: Obi-Wan,XB,2001,Action,Activision,0.52,0.16,0,0.02,0.7
1755,Sega Rally Championship,SAT,1995,Racing,Sega,0.21,0.16,0.77,0.02,1.16
9325,Gladius,XB,2003,Strategy,Activision,0.1,0.03,0,0,0.14
12001,The Sims 2: Seasons,PC,2007,Simulation,Electronic Arts,0.01,0.04,0,0.01,0.07
14669,Ride,PC,2015,Racing,Milestone S.r.l.,0,0.03,0,0,0.03
7106,Pocket Fighter,PS,1997,Fighting,Virgin Interactive,0.06,0.04,0.12,0.01,0.23
4180,FIFA Soccer 13,PSV,2012,Action,Electronic Arts,0,0.3,0.05,0.12,0.47
11264,Diva Girls: Divas on Ice,Wii,2009,Sports,505 Games,0.07,0.01,0,0.01,0.08
15725,Zoids Dash,DS,2006,Role-Playing,Tomy Corporation,0,0,0.02,0,0.02
1327,Dragon Ball Z,SNES,1993,Fighting,Namco Bandai Games,0,0,1.45,0,1.45
5480,NASCAR Thunder 2002,XB,2001,Racing,Electronic Arts,0.25,0.07,0,0.01,0.33
2768,Burnout,PS2,2001,Racing,Acclaim Entertainment,0.36,0.28,0,0.1,0.74
7528,Phantasy Star Online,DC,2000,Role-Playing,Sega,0,0,0.2,0,0.2
3112,Drawn to Life: The Next Chapter,DS,2009,Puzzle,THQ,0.45,0.14,0,0.06,0.65
11846,The Wolf Among Us,XOne,2014,Adventure,Telltale Games,0.05,0.02,0,0.01,0.07
1086,Big Beach Sports,Wii,2008,Sports,THQ,0.45,1.02,0,0.2,1.67
4302,Harry Potter and the Deathly Hallows - Part 1,X360,2010,Action,Electronic Arts,0.21,0.2,0,0.04,0.46
13957,Ragnarok Odyssey,PS3,2014,Role-Playing,GungHo,0.03,0.01,0,0.01,0.04
16583,Real Rode,PS2,2008,Adventure,Kadokawa Shoten,0,0,0.01,0,0.01
1869,Untold Legends: Brotherhood of the Blade,PSP,2005,Role-Playing,Activision,0.54,0.33,0.01,0.22,1.1
5020,SD Gundam G Generation-F,PS,2000,Strategy,Namco Bandai Games,0,0,0.36,0.02,0.38
8768,Farm Frenzy: Animal Country,DS,2009,Simulation,City Interactive,0.13,0.01,0,0.01,0.15
12648,NTRA Breeders' Cup World Thoroughbred Championships,XB,2005,Simulation,Bethesda Softworks,0.04,0.01,0,0,0.06
11102,Momu-chan Diet Wii: Figurobics by Chon Dayon,Wii,2010,Misc,Hudson Soft,0,0,0.09,0,0.09
5583,One Piece: Romance Dawn - Bouken no Yoake,PSP,2012,Fighting,Namco Bandai Games,0,0,0.32,0,0.32
3455,The Sims 3: World Adventures,PC,2009,Simulation,Electronic Arts,0.02,0.18,0,0.39,0.58
15275,Command & Conquer: The First Decade,PC,2006,Strategy,Electronic Arts,0.01,0.01,0,0,0.02
6627,Resident Evil Archives: Resident Evil Zero,Wii,2008,Action,Capcom,0.14,0.04,0.06,0.02,0.25
5511,BattleTanx,N64,1998,Action,3DO,0.26,0.06,0,0,0.33
8330,Transformer: Rise of the Dark Spark,X360,2014,Action,Activision,0.09,0.07,0,0.02,0.17
7218,The Walking Dead: Season Two,PS3,2014,Adventure,Telltale Games,0.09,0.09,0,0.04,0.22
12480,Winter Sports 2: The Next Challenge,DS,2008,Sports,RTL,0.04,0.02,0,0.01,0.06
5357,High School Musical 3: Senior Year DANCE!,PS2,2008,Misc,Disney Interactive Studios,0.17,0.13,0,0.04,0.34
678,WWE SmackDown vs Raw 2008,PS2,2007,Fighting,THQ,0.92,0,0.01,1.41,2.34
6414,Jade Cocoon: Story of the Tamamayu,PS,1998,Role-Playing,Crave Entertainment,0.15,0.1,0,0.02,0.27
7797,Re-Volt,PS,1998,Racing,Acclaim Entertainment,0.11,0.07,0,0.01,0.19
8370,Teenage Mutant Ninja Turtles: Game Boy Advance Video Volume 1,GBA,2004,Misc,N/A,0.12,0.04,0,0,0.17
13424,World Fantasista,PS2,2002,Sports,SquareSoft,0,0,0.05,0,0.05
4615,NBA Live 06,PSP,2005,Sports,Electronic Arts,0.39,0,0,0.03,0.42
2817,Beyblade VForce: Ultimate Blader Jam,GBA,2003,Action,Atari,0.52,0.19,0,0.01,0.73
6182,Driver: Parallel Lines,PS2,2006,Racing,Atari,0.12,0.1,0.03,0.03,0.28
10543,Hot Wheels Ultimate Racing,PSP,2007,Action,Activision,0.09,0,0,0.01,0.1
6440,ESPN NBA Basketball,XB,2003,Sports,Sega,0.2,0.06,0,0.01,0.27
10850,Metal Fight Beyblade,DS,2009,Action,Hudson Soft,0,0,0.09,0,0.09
3179,The Walking Dead: Survival Instinct,X360,2013,Shooter,Activision,0.46,0.12,0,0.05,0.64
8611,Time Hollow,DS,2008,Adventure,Konami Digital Entertainment,0.03,0.01,0.11,0,0.16
14646,Trine 2,WiiU,2012,Platform,Atlus,0,0.03,0,0,0.03
5830,Gameboy Gallery,GB,1995,Misc,Nintendo,0,0,0.3,0,0.3
7023,Virtua Fighter Kids,SAT,1995,Fighting,Sega,0,0,0.23,0,0.23
13015,Earth Defense Force 4.1: The Shadow of New Despair,PS4,2015,Shooter,Xseed Games,0.02,0.02,0,0.01,0.05
1740,Mario vs. Donkey Kong,GBA,2004,Puzzle,Nintendo,0.68,0.25,0.21,0.02,1.17
11652,Family Game Night 4: The Game Show,X360,2011,Misc,Electronic Arts,0.07,0,0,0.01,0.08
2404,Vagrant Story,PS,2000,Role-Playing,Crave Entertainment,0.3,0.2,0.3,0.06,0.87
11483,Iggy's Reckin' Balls,N64,1998,Racing,Acclaim Entertainment,0.06,0.02,0,0,0.08
4048,Dragon Ball Z: Burst Limit,X360,2008,Fighting,Atari,0.24,0.18,0.03,0.05,0.49
12844,Xiaolin Showdown,DS,2006,Action,Konami Digital Entertainment,0.05,0,0,0,0.05
10216,Lunacy,SAT,1996,Adventure,Sega,0,0,0.11,0,0.11
10411,Help Wanted: 50 Wacky Jobs,Wii,2008,Simulation,Hudson Soft,0.06,0.04,0,0.01,0.11
4886,Skylanders: SuperChargers,PS3,2015,Action,Activision,0.15,0.18,0,0.06,0.39
13666,Farm Frenzy 3,PC,2009,Strategy,Alawar Entertainment,0,0.03,0,0.01,0.04
13985,Worms: Ultimate Mayhem,PC,2011,Strategy,Unknown,0,0.03,0,0,0.04
6894,The Hobbit,XB,2003,Platform,Vivendi Games,0.18,0.05,0,0.01,0.24
1412,Dave Mirra Freestyle BMX 2,PS2,2001,Sports,Acclaim Entertainment,0.67,0.53,0,0.18,1.38
757,The Sims: House Party,PC,2001,Simulation,Electronic Arts,1.23,0.83,0,0.1,2.16
922,FIFA 2000,PS,1998,Sports,Electronic Arts,0.22,1.47,0.04,0.14,1.87
12537,Killer Loop,PS,1999,Racing,Crave Entertainment,0.03,0.02,0,0,0.06
4623,Rush 2: Extreme Racing USA,N64,1998,Racing,Midway Games,0.35,0.06,0,0,0.42
1824,Castlevania: Lords of Shadow,PS3,2010,Action,Konami Digital Entertainment,0.5,0.37,0.1,0.16,1.12
14243,Daito Giken Koushiki Pachi-Slot Simulator: Yoshimune Portable,PSP,2006,Misc,Daito,0,0,0.03,0,0.03
3308,Yakuza: Dead Souls,PS3,2011,Shooter,Sega,0.09,0.07,0.42,0.03,0.61
12287,Frogger: Helmet Chaos,DS,2005,Platform,Konami Digital Entertainment,0.06,0,0,0,0.06
444,Star Wars Episode I Racer,N64,1999,Racing,Nintendo,2.31,0.62,0.14,0.04,3.12
2603,Ridge Racer,PS,1994,Racing,Sony Computer Entertainment,0,0,0.74,0.05,0.79
7535,CandyLand / Chutes & Ladders / Memory,GBA,2005,Misc,Zoo Digital Publishing,0.15,0.05,0,0,0.2
3751,Magician's Quest: Mysterious Times,DS,2008,Role-Playing,Konami Digital Entertainment,0.04,0.01,0.48,0,0.54
725,LEGO Indiana Jones: The Original Adventures,DS,2008,Action,Activision,1.42,0.61,0,0.21,2.23
17,Grand Theft Auto V,PS3,2013,Action,Take-Two Interactive,7.01,9.27,0.97,4.14,21.4
837,Need for Speed: The Run,PS3,2011,Action,Electronic Arts,0.58,1.06,0.03,0.37,2.04
5448,Pandora's Tower,Wii,2011,Role-Playing,Nintendo,0.13,0.1,0.08,0.03,0.33
1714,WWE '12,PS3,2011,Fighting,THQ,0.53,0.46,0.02,0.17,1.18
15861,DuckTales: Remastered,PC,2013,Action,Capcom,0,0.01,0,0,0.02
4844,MX vs. ATV Unleashed,XB,2005,Racing,THQ,0.32,0.07,0,0.01,0.4
1333,My Word Coach,DS,2007,Misc,Ubisoft,0.37,0.9,0,0.18,1.45
4165,Naruto Shippuden: Ultimate Ninja Storm Revolution,PS3,2014,Fighting,Namco Bandai Games,0.15,0.16,0.09,0.08,0.47
426,God of War: Chains of Olympus,PSP,2008,Action,Sony Computer Entertainment,1.48,1.01,0.04,0.66,3.19
10370,Tom Clancy's HAWX 2,Wii,2010,Action,Ubisoft,0.07,0.03,0,0.01,0.11
7229,Ms. Pac-Man: Maze Madness,N64,2000,Puzzle,Namco Bandai Games,0.18,0.04,0,0,0.22
14642,PopCap Hits! Vol 2,X360,2011,Misc,Mastertronic,0,0.03,0,0,0.03
9286,Magnetica,DS,2006,Puzzle,Nintendo,0.08,0.01,0.03,0.01,0.14
7960,Reel Fishing Paradise 3D,3DS,2011,Sports,Marvelous Interactive,0.12,0,0.06,0.01,0.19
4651,Harvest Moon: Grand Bazaar,DS,2008,Simulation,Rising Star Games,0.22,0.05,0.13,0.02,0.42
10855,Langrisser V: The End of Legend,SAT,1998,Strategy,NCS,0,0,0.09,0,0.09
15421,Super Fruit Fall,Wii,2006,Puzzle,System 3 Arcade Software,0.01,0,0,0,0.02
2930,IL-2 Sturmovik: Birds of Prey,PS3,2009,Simulation,505 Games,0.34,0.26,0,0.1,0.7
13158,The History Channel: Great Battles - Medieval,PS3,N/A,Strategy,Slitherine Software,0,0.04,0,0.01,0.05
2144,Romancing SaGa,SNES,1992,Role-Playing,SquareSoft,0,0,0.97,0,0.97
6966,The Smurfs 2,DS,2013,Platform,Ubisoft,0,0.21,0,0.02,0.23
5817,Disney's Stitch: Experiment 626,PS2,2002,Action,Sony Computer Entertainment,0.15,0.12,0,0.04,0.31
7312,Blue Dragon Plus,DS,2008,Role-Playing,Ignition Entertainment,0.12,0.04,0.05,0.01,0.22
6099,Bratz: Super Babyz,DS,2008,Action,THQ,0.26,0,0,0.02,0.29
51,Super Mario Land 2: 6 Golden Coins,GB,1992,Adventure,Nintendo,6.16,2.04,2.69,0.29,11.18
2520,DmC: Devil May Cry,PS3,2013,Action,Capcom,0.24,0.28,0.19,0.12,0.82
10402,The First Templar,X360,2011,Action,Kalypso Media,0.06,0.04,0,0.01,0.11
16155,Izumo 2,PS2,2006,Adventure,GN Software,0,0,0.01,0,0.01
8578,Major League Baseball 2K11,Wii,2011,Sports,Take-Two Interactive,0.15,0,0,0.01,0.16
1802,Need for Speed Underground 2,GC,2004,Racing,Electronic Arts,0.7,0.39,0.01,0.03,1.14
16218,Tsukigime Ranko's Longest Day,PS3,2014,Action,Namco Bandai Games,0,0.01,0,0,0.01
8340,Bomberman 64: The Second Attack!,N64,1999,Adventure,Hudson Soft,0.05,0.01,0.11,0,0.17
742,Pro Evolution Soccer 2012,PS3,2011,Action,Konami Digital Entertainment,0.34,0.97,0.55,0.33,2.19
3999,Monster Hunter,PS2,2004,Role-Playing,Capcom,0.11,0.08,0.28,0.03,0.5
11009,Top Gun: Firestorm Advance,GBA,2002,Shooter,Titus,0.07,0.02,0,0,0.09
4289,Sword Art Online: Lost Song,PSV,2015,Role-Playing,Namco Bandai Games,0.08,0.1,0.23,0.05,0.46
10571,X-Men: The Official Game,XB,2006,Action,Activision,0.08,0.02,0,0,0.1
466,Mike Tyson's Punch-Out!!,NES,1987,Fighting,Nintendo,2.03,0.47,0.45,0.07,3.02
759,Syphon Filter 2,PS,2000,Shooter,Sony Computer Entertainment,1.5,0.55,0.02,0.08,2.15
11953,Ecco: The Tides of Time,GEN,1993,Adventure,Sega,0,0,0.07,0,0.07
12146,Jurassic Park: Operation Genesis,XB,2003,Simulation,Konami Digital Entertainment,0.05,0.01,0,0,0.07
2438,Tiger Woods PGA Tour 2005,XB,2004,Sports,Electronic Arts,0.64,0.18,0,0.03,0.85
6261,Deadpool,PS4,2015,Action,Activision,0.13,0.1,0,0.05,0.28
6210,Bass Strike,PS2,2001,Sports,THQ,0.14,0.11,0,0.04,0.28
2149,Medal of Honor: Underground,PS,2000,Shooter,Electronic Arts,0.54,0.37,0,0.06,0.97
1504,Tekken 6,X360,2009,Fighting,Namco Bandai Games,0.71,0.42,0.05,0.13,1.31
4012,Epic Mickey 2: The Power of Two,PS3,2012,Action,Disney Interactive Studios,0.21,0.2,0,0.08,0.5
11965,Inversion,PS3,2012,Shooter,Namco Bandai Games,0.03,0.03,0,0.01,0.07
962,Virtua Fighter 4,PS2,2002,Fighting,Sega,0.78,0.44,0.56,0.04,1.81
15837,Majesty 2 Collection,PC,2011,Strategy,Paradox Interactive,0,0.01,0,0,0.02
4877,Alpha Protocol,X360,2010,Role-Playing,Sega,0.23,0.13,0,0.04,0.4
7582,X2: Wolverine's Revenge,GBA,2003,Platform,Activision,0.14,0.05,0,0,0.2
14364,The Legend of Heroes III: Song of the Ocean,PSP,2006,Role-Playing,Namco Bandai Games,0.03,0,0,0,0.03
2627,Naruto Shippuden: Ultimate Ninja Storm 2,X360,2010,Fighting,Namco Bandai Games,0.43,0.27,0.01,0.07,0.79
4144,World of Outlaws: Sprint Cars 2002,PS2,2002,Racing,Ignition Entertainment,0.23,0.18,0,0.06,0.48
4936,Robert Ludlum's The Bourne Conspiracy,PS3,N/A,Action,Vivendi Games,0.18,0.14,0,0.06,0.39
10805,Cartoon Network: Punch Time Explosion,3DS,2011,Fighting,Deep Silver,0.07,0.02,0,0.01,0.1
7470,NHL 2K3,PS2,2002,Sports,Sega,0.1,0.08,0,0.03,0.21
306,Donkey Kong Land,GB,1994,Platform,Nintendo,1.97,0.76,1.07,0.11,3.91
9657,Geometry Wars: Galaxies,Wii,2007,Shooter,Vivendi Games,0.11,0,0,0.01,0.13
10616,Machi-Ing Maker 3 x Tousouchuu,PSP,2010,Simulation,D3Publisher,0,0,0.1,0,0.1
8706,Senran Kagura: Sh?jo-tachi no Shinei,3DS,2011,Action,Marvelous Interactive,0,0,0.16,0,0.16
4255,Walk it Out!,Wii,2010,Sports,Konami Digital Entertainment,0.36,0.06,0,0.04,0.46
1497,Madden NFL 97,PS,1996,Sports,Electronic Arts,0.73,0.5,0,0.09,1.32
4808,Warriors Orochi 2 (JP sales),PS2,2008,Action,Tecmo Koei,0,0,0.4,0,0.4
296,Far Cry 4,PS4,2014,Shooter,Ubisoft,1.12,2.12,0.1,0.69,4.03
8505,Stronghold 3,PC,2011,Strategy,N/A,0.06,0.1,0,0,0.16
4281,Jak and Daxter: The Lost Frontier,PS2,2009,Platform,Sony Computer Entertainment,0.22,0.17,0,0.06,0.46
13403,Arcana Famiglia: La storia della Aracana Famiglia,PSP,2011,Adventure,Comfort,0,0,0.05,0,0.05
2202,Midway Presents Arcade's Greatest Hits: The Atari Collection 1,PS,1996,Misc,GT Interactive,0.52,0.36,0,0.06,0.94
3104,Disney's Chicken Little,PS2,2005,Platform,Disney Interactive Studios,0.32,0.25,0,0.08,0.65
6191,Wild ARMs 5,PS2,2006,Role-Playing,505 Games,0.14,0.11,0,0.04,0.28
