Rank,Name,Platform,Year,Genre,Publisher,NA_Sales,EU_Sales,JP_Sales,Other_Sales,Global_Sales
1355,Dragon Quest VII: Warriors of Eden,3DS,2013,Role-Playing,Square Enix,0.07,0.04,1.3,0.01,1.42
11857,Digimon World Championship,DS,2008,Role-Playing,Namco Bandai Games,0,0,0.07,0,0.07
16475,Azure Striker Gunvolt: Striker Pack,3DS,2016,Action,Inti Creates,0,0,0.01,0,0.01
15150,Fritz Chess,Wii,2009,Strategy,Deep Silver,0.02,0.01,0,0,0.02
15573,New Atelier Rorona: Hajimari no Monogatari,3DS,2015,Action,Tecmo Koei,0,0,0.02,0,0.02
8832,Suzumiya Haruhi no Yakusoku,PSP,2007,Adventure,Namco Bandai Games,0,0,0.15,0,0.15
12328,Legend of Kay,PS4,2015,Action,Nordic Games,0.02,0.03,0,0.01,0.06
16468,Help Wanted: 50 Wacky Jobs (jp sales),Wii,2008,Simulation,Hudson Soft,0,0.01,0.01,0,0.01
819,The Incredibles,GBA,2004,Action,THQ,1.15,0.77,0.04,0.1,2.06
4052,J-League Pro Soccer Club wo Tsukurou! 2,SAT,1997,Sports,Sega,0,0,0.49,0,0.49
875,Grand Theft Auto: San Andreas,XB,2005,Action,Take-Two Interactive,1.26,0.61,0,0.09,1.95
2065,Jissen Pachi-Slot Hisshouhou: Hokuto no Ken,PS2,2004,Misc,Sammy Corporation,0,0,1,0,1
16552,E.T. The Extra-Terrestrial,GBA,2001,Action,NewKidCo,0.01,0,0,0,0.01
1176,Guitar Hero 5,Wii,2009,Misc,Activision,0.94,0.49,0,0.15,1.58
13193,MTX Mototrax,PSP,2006,Racing,Activision,0.04,0,0,0,0.05
6778,Transformers: War for Cybertron (DS Version),DS,2010,Shooter,Activision,0.22,0.01,0,0.02,0.24
7811,IHRA Professional Drag Racing 2005,PS2,2004,Racing,Bethesda Softworks,0.09,0.07,0,0.02,0.19
2196,Killzone,PS2,2004,Shooter,Sony Computer Entertainment,0.79,0.03,0,0.13,0.94
12214,National Geographic Challenge!,X360,N/A,Misc,Unknown,0.06,0,0,0,0.07
9747,WWE SmackDown vs Raw 2008,DS,2007,Fighting,THQ,0.11,0.01,0,0.01,0.12
5108,Hell's Kitchen: The Game,DS,2008,Simulation,Ubisoft,0.34,0.01,0,0.03,0.37
2291,Super Momotarou Dentetsu III,SNES,1994,Simulation,Hudson Soft,0,0,0.91,0,0.91
10907,Shockwave Assault,PS,1995,Simulation,Electronic Arts,0.05,0.04,0,0.01,0.09
3446,Diablo,PS,1997,Role-Playing,Electronic Arts,0.29,0.19,0.07,0.04,0.58
16406,Ratchet & Clank: Full Frontal Assault,PSV,2012,Adventure,Sony Computer Entertainment,0.01,0,0,0,0.01
5973,Soul Sacrifice Delta,PSV,2014,Action,Sony Computer Entertainment,0.01,0.12,0.12,0.04,0.29
15734,Nano Diver,PSP,2011,Action,Takara Tomy,0,0,0.02,0,0.02
13754,Winning Post 7 2012,PSP,2012,Sports,Ackkstudios,0,0,0.04,0,0.04
15035,Kung Fu Panda,PC,2008,Action,Activision,0,0.02,0,0,0.02
14573,Kung Fu Panda: Legendary Warriors,DS,2008,Action,Activision,0.02,0,0,0,0.03
5389,Dynasty Warriors 6 Empires,PS3,2009,Action,Tecmo Koei,0.14,0.03,0.15,0.02,0.34
4899,Naruto: Clash of Ninja Revolution 2,Wii,2008,Fighting,Tomy Corporation,0.34,0.02,0,0.03,0.39
2195,Wii Play: Motion,Wii,2011,Misc,Nintendo,0.24,0.43,0.18,0.09,0.95
11579,Rapala Pro Bass Fishing 2010,PS2,2010,Sports,Activision,0.04,0.03,0,0.01,0.08
9960,UN Squadron,SNES,1991,Shooter,Capcom,0,0,0.12,0,0.12
12198,SBK 2011: FIM Superbike World Championship,X360,2011,Racing,Black Bean Games,0,0.06,0,0.01,0.07
12841,Minna to Kimi no Piramekino!,DS,2010,Misc,Namco Bandai Games,0,0,0.05,0,0.05
606,Deca Sports,Wii,2008,Sports,Konami Digital Entertainment,1.13,0.87,0.29,0.25,2.54
5735,The Matrix: Path of Neo,XB,2005,Action,Atari,0.23,0.07,0,0.01,0.31
15660,SBK09 Superbike World Championship,PS3,2009,Racing,Black Bean Games,0,0.01,0,0,0.02
6041,The Lord of the Rings: The Third Age,GC,2004,Role-Playing,Electronic Arts,0.22,0.06,0,0.01,0.29
10497,Revolution X,PS,1995,Shooter,Acclaim Entertainment,0.06,0.04,0,0.01,0.1
15808,Let's Pilates!,DS,2007,Misc,Konami Digital Entertainment,0.02,0,0,0,0.02
6046,Just Dance Wii 2,Wii,2012,Misc,Nintendo,0,0,0.29,0,0.29
9424,Winning Post 5,PS2,2001,Sports,Tecmo Koei,0,0,0.13,0,0.13
1,Wii Sports,Wii,2006,Sports,Nintendo,41.49,29.02,3.77,8.46,82.74
10529,Truth or Lies,Wii,2010,Misc,THQ,0.04,0.05,0,0.01,0.1
7991,EverQuest Online Adventures: Frontiers,PS2,2003,Role-Playing,Sony Online Entertainment,0.09,0.07,0,0.02,0.19
1059,SOCOM 3: U.S. Navy SEALs,PS2,2005,Shooter,Sony Computer Entertainment,1.22,0.34,0.04,0.1,1.69
12098,DS Nishimura Kyotaro Suspense 2 Shin Tantei Series: Kanazawa Hakodate - Gokkan no Kyoukoku - Fukushuu no Kage,DS,2008,Adventure,Tecmo Koei,0,0,0.07,0,0.07
8143,Pirates: Hunt For Blackbeard's Booty,Wii,2008,Adventure,Activision,0.08,0.08,0,0.02,0.18
8646,Mr. Driller 2,GBA,2001,Puzzle,Namco Bandai Games,0,0,0.15,0,0.16
10130,J-League Winning Eleven 9: Asia Championship,PS2,2005,Sports,Konami Digital Entertainment,0,0,0.11,0,0.11
11590,Pocket Dogs,GBA,2004,Misc,Agatsuma Entertainment,0.06,0.02,0,0,0.08
14720,Gintama: Banji Oku Chuubu!,Wii,2007,Action,Namco Bandai Games,0,0,0.03,0,0.03
12296,Fist of the North Star: Ken's Rage 2,X360,2012,Fighting,Tecmo Koei,0.03,0.01,0.02,0,0.06
2935,Metal Gear Solid V: The Phantom Pain,PS3,2015,Action,Konami Digital Entertainment,0.21,0.18,0.22,0.08,0.7
2904,London 2012: The Official Video Game of the Olympic Games,PS3,2012,Sports,Sega,0.06,0.5,0,0.15,0.7
13625,Port Royale 2,PC,2004,Strategy,Ascaron Entertainment GmbH,0,0.03,0,0.01,0.04
10889,World Stadium 5,PS,2001,Sports,Namco Bandai Games,0,0,0.09,0.01,0.09
14328,Onna no Ko to Misshitsu ni Itara **shichau Kamoshirenai,3DS,2012,Adventure,D3Publisher,0,0,0.03,0,0.03
549,Metroid,NES,1986,Action,Nintendo,1.33,0.31,1.04,0.05,2.73
15870,Strongest Tokyo University Shogi DS,DS,1985,Action,Mycom,0,0,0.02,0,0.02
1001,Call of Duty: Black Ops 3,X360,2015,Shooter,Activision,1.11,0.48,0,0.16,1.76
7588,Warriors Orochi,PSP,2008,Action,Tecmo Koei,0.02,0,0.18,0,0.2
13301,Handball 16,PS3,2015,Sports,Bigben Interactive,0,0.04,0,0.01,0.05
9991,Sword Art Online: Hollow Fragment,PS4,2015,Role-Playing,Namco Bandai Games,0,0.1,0,0.02,0.12
428,Dance Central,X360,2010,Misc,MTV Games,2.15,0.77,0.01,0.26,3.19
14843,Imagine: Sweet 16,DS,2010,Simulation,Ubisoft,0.02,0,0,0,0.03
1454,SingStar Party,PS2,2004,Misc,Sony Computer Entertainment,0,1.04,0,0.31,1.35
9173,Bejeweled 3,PS3,N/A,Puzzle,Unknown,0.13,0,0,0.01,0.14
12990,Ivy the Kiwi?,DS,2010,Puzzle,Rising Star Games,0.04,0,0,0,0.05
13865,Harukanaru Toki no Naka de 4: Aizouban,PSP,2010,Role-Playing,Tecmo Koei,0,0,0.04,0,0.04
5504,Dragon Ball Z: Battle of Z,PS3,2014,Fighting,Namco Bandai Games,0.1,0.11,0.06,0.05,0.33
12628,Captain America: Super Soldier,Wii,N/A,Action,Sega,0.05,0,0,0,0.06
13373,Arctic Tale,Wii,2007,Adventure,Zoo Digital Publishing,0.04,0,0,0,0.05
9167,Buck Fever,Wii,2009,Sports,Destineer,0.13,0,0,0.01,0.14
15267,Shinken de Watashi ni Koi Shinasai! R,PS3,2012,Action,Minato Station,0,0,0.02,0,0.02
9817,Street Hoops,GC,N/A,Sports,Unknown,0.09,0.02,0,0,0.12
7345,UFC Undisputed 2010,PSP,2010,Fighting,THQ,0.11,0.07,0,0.04,0.21
13124,My Body Coach,Wii,2009,Sports,Big Ben Interactive,0,0.04,0,0.01,0.05
13154,Reel Fishing: The Great Outdoors,PSP,2006,Sports,Natsume,0.05,0,0,0,0.05
5130,Custom Robo,GC,2004,Role-Playing,Nintendo,0.29,0.07,0,0.01,0.37
14661,Kamigami no Asobi,PSP,2013,Adventure,Broccoli,0,0,0.03,0,0.03
1120,Tiger Woods PGA Tour 2003,PS2,2002,Sports,Electronic Arts,0.8,0.63,0,0.21,1.64
11494,Ultimate Shooting Collection,Wii,2008,Shooter,Milestone,0.08,0,0,0,0.08
5668,Shin Momotarou Densetsu,SNES,1993,Role-Playing,Hudson Soft,0,0,0.32,0,0.32
5703,Fuel,X360,2009,Racing,Codemasters,0.09,0.19,0,0.04,0.31
15794,Irritating Stick,PS,1998,Action,Saurus,0.01,0.01,0,0,0.02
15297,Detective Jinguuji Saburo: Ronde Revenge,3DS,2012,Action,Arc System Works,0,0,0.02,0,0.02
9271,Paws & Claws: Pet Vet 2,DS,2007,Simulation,THQ,0.13,0,0,0.01,0.14
12687,Minna no Sukkiri,PSP,2009,Sports,Sony Computer Entertainment,0,0,0.06,0,0.06
4749,Armored Core 2: Another Age,PS2,2001,Simulation,Metro 3D,0.11,0.08,0.19,0.03,0.41
11285,MX vs. ATV Supercross,X360,2014,Racing,Nordic Games,0.03,0.05,0,0.01,0.08
14429,World Sports Competition,PS3,2009,Sports,Hudson Soft,0.02,0,0,0.01,0.03
15108,Frontlines: Fuel of War,PC,2008,Shooter,THQ,0,0.02,0,0,0.02
9000,CSI: 3 Dimensions of Murder,PS2,2007,Adventure,Ubisoft,0.07,0.06,0,0.02,0.14
10104,Vacation Sports,Wii,2009,Sports,Ubisoft,0.1,0.01,0,0.01,0.11
9333,Spy Hunter 2,XB,2003,Racing,Midway Games,0.1,0.03,0,0,0.13
14238,The Sims 2: Glamour Life Stuff,PC,2006,Simulation,Electronic Arts,0,0.03,0,0.01,0.03
14978,"Ed, Edd n Eddy: The Mis-Edventures",XB,2005,Platform,Midway Games,0.02,0.01,0,0,0.02
7250,Magna Carta: Tears of Blood,PS2,2004,Role-Playing,505 Games,0.11,0.08,0,0.03,0.22
16043,Impossible Creatures,PC,2002,Strategy,Microsoft Game Studios,0,0.01,0,0,0.01
5072,WWE SmackDown vs. Raw 2011,PS2,2010,Fighting,THQ,0.24,0.07,0,0.07,0.38
586,Style Savvy,DS,2008,Simulation,Nintendo,0.63,0.84,0.96,0.19,2.61
438,Sonic Rush,DS,2005,Platform,Sega,1.22,1.57,0.06,0.29,3.15
7938,Chibi-Robo! Park Patrol,DS,2007,Adventure,Unknown,0,0,0.19,0,0.19
7078,Barbie as The Island Princess,GBA,2007,Adventure,Activision,0.16,0.06,0,0,0.23
16002,Mortal Kombat,PC,1994,Fighting,Acclaim Entertainment,0.01,0,0,0,0.01
11543,Yuu Yuu Hakusho: Makyo Toitsusen,GEN,1994,Fighting,Sega,0,0,0.08,0,0.08
4227,Metal Gear Solid: The Essential Collection,PS2,2007,Adventure,Konami Digital Entertainment,0.23,0.18,0,0.06,0.46
12397,Championship Surfer,PS,2000,Sports,Mattel Interactive,0.03,0.02,0,0,0.06
15936,Enkaku Sousa: Sana e no 23 Hiai,PSP,2009,Adventure,Sony Computer Entertainment,0,0,0.02,0,0.02
2832,Final Fantasy XIV: A Realm Reborn,PS4,2014,Role-Playing,Square Enix,0.32,0.22,0.08,0.1,0.72
8492,Pen 1 Grand Prix: Penguin no Mondai Special,DS,2009,Fighting,Konami Digital Entertainment,0,0,0.16,0,0.16
5822,Imagine: Family Doctor,DS,2009,Simulation,Ubisoft,0.28,0.01,0,0.02,0.3
10379,Fight Club,XB,2004,Fighting,Vivendi Games,0.08,0.02,0,0,0.11
8631,Tak and the Guardians of Gross,Wii,2008,Action,THQ,0.15,0,0,0.01,0.16
5501,Deus Ex: Mankind Divided,PS4,2016,Role-Playing,Square Enix,0.1,0.18,0,0.05,0.33
2607,Invizimals,PSP,2009,Strategy,Sony Computer Entertainment,0.17,0.51,0,0.11,0.79
7541,The Ultimate Red Ball Challenge,Wii,2009,Misc,Mindscape,0,0.19,0,0.01,0.2
5747,Panzer Dragoon II Zwei,SAT,1995,Shooter,Sega,0,0,0.31,0,0.31
15220,Otome wa Oanesama Boku ni Koi Shiteru Portable,PSP,2010,Adventure,Alchemist,0,0,0.02,0,0.02
9862,DreamWorks Super Star Kartz,3DS,2011,Racing,Activision,0.08,0.03,0,0.01,0.12
9532,Reader Rabbit Kindergarten,Wii,2010,Misc,Graffiti,0.12,0,0,0.01,0.13
7268,Growlanser: Heritage of War,PS2,2006,Role-Playing,Rising Star Games,0.11,0.08,0,0.03,0.22
5956,Scooby-Doo! Night of 100 Frights,GC,2002,Platform,THQ,0.23,0.06,0,0.01,0.3
10388,Tales of the World: Reve Unitia,3DS,2014,Role-Playing,Namco Bandai Games,0,0,0.11,0,0.11
2084,Phoenix Wright: Ace Attorney,DS,2005,Adventure,Capcom,0.49,0.07,0.39,0.05,0.99
13108,PAC-MAN and the Ghostly Adventures,WiiU,2013,Platform,Namco Bandai Games,0.04,0.01,0,0,0.05
255,Sonic the Hedgehog,GEN,1991,Platform,Sega,3.03,0.91,0.26,0.13,4.34
6060,"Sakura Wars 4: Koi Seyo,Otome",DC,2002,Adventure,Sega,0,0,0.29,0,0.29
13126,Adventure Time: Finn & Jake Investigations,XOne,2015,Action,Little Orbit,0.02,0.02,0,0,0.05
4056,Barbie Horse Adventures: Wild Horse Rescue,PS2,2003,Sports,Universal Interactive,0.24,0.19,0,0.06,0.49
14737,Kintaihi Shounen no Jiken: Kyakusen Eris-Gou no Sangeki,DS,2009,Adventure,Creative Core,0,0,0.03,0,0.03
718,Paper Mario: The Thousand-Year Door,GC,2004,Role-Playing,Nintendo,1.48,0.25,0.46,0.06,2.25
4333,Brain Challenge,DS,2008,Misc,Ubisoft,0.41,0.01,0,0.03,0.45
4487,NFL Blitz 20-03,PS2,2002,Sports,Midway Games,0.21,0.17,0,0.06,0.44
15690,World Class Rugby 2: Kokunai Gekitou Hen '93,SNES,1994,Sports,Misawa,0,0,0.02,0,0.02
7707,Warriors Orochi,X360,2007,Action,Tecmo Koei,0.17,0.01,0,0.02,0.2
7511,NBA Live 15,XOne,2014,Sports,Electronic Arts,0.17,0.02,0,0.02,0.2
5837,Dai-2-Ji Super Robot Taisen OG,PS3,2012,Strategy,Namco Bandai Games,0,0,0.3,0,0.3
14725,Max Payne 2: The Fall of Max Payne,PC,2003,Shooter,Take-Two Interactive,0,0.02,0,0,0.03
14108,Onechanbara Z Kagura,PS3,2013,Action,D3Publisher,0,0,0.03,0,0.03
5866,Zoo Tycoon 2 DS,DS,2008,Strategy,THQ,0.24,0.03,0,0.02,0.3
561,Burnout 3: Takedown,PS2,2004,Racing,Electronic Arts,1.23,1.11,0,0.34,2.68
554,Mortal Kombat X,PS4,2015,Fighting,Warner Bros. Interactive Entertainment,1.47,0.76,0,0.47,2.7
9892,The Walking Dead: Season Two,X360,2014,Adventure,Telltale Games,0.04,0.07,0,0.01,0.12
12065,Tank! Tank! Tank!,WiiU,2012,Action,Namco Bandai Games,0.02,0.01,0.05,0,0.07
15628,Touch Detective (JP sales),DS,2006,Adventure,505 Games,0,0,0.02,0,0.02
7520,My Fitness Coach 2: Exercise and Nutrition,Wii,2009,Sports,Black Bean Games,0.14,0.04,0,0.02,0.2
1660,Dragon Quest IV: Michibikareshi Monotachi,PS,2001,Role-Playing,Enix Corporation,0,0,1.2,0.01,1.21
2612,Mega Man 5,NES,1992,Platform,Capcom,0.39,0.07,0.32,0.01,0.79
8278,Power Pro Kun Pocket,GB,1999,Sports,Konami Digital Entertainment,0,0,0.17,0,0.17
11902,The King of Fighters: Evolution,DC,2000,Fighting,SNK,0,0,0.07,0,0.07
15537,Urban Chaos: Riot Response,XB,2006,Shooter,Eidos Interactive,0.01,0,0,0,0.02
6876,NCAA College Basketball 2K3,PS2,2002,Sports,Sega,0.12,0.09,0,0.03,0.24
12603,Zendoku,DS,2007,Puzzle,Eidos Interactive,0.05,0,0,0,0.06
15287,Don Bradman Cricket 14,PS3,2014,Sports,Tru Blu Entertainment,0,0.02,0,0,0.02
11328,NHL 2K7,X360,2006,Sports,Take-Two Interactive,0.07,0,0,0.01,0.08
4725,Cars: Race-O-Rama,PSP,2009,Racing,THQ,0.29,0.07,0,0.06,0.41
15486,Aoishiro,PS2,2008,Adventure,Success,0,0,0.02,0,0.02
14645,Mystery Trackers: The Void,PC,2011,Puzzle,Focus Home Interactive,0,0.02,0,0.01,0.03
7738,Iron Chef America: Supreme Cuisine,DS,2008,Simulation,Destineer,0.18,0,0,0.01,0.19
11223,Cloudy With a Chance of Meatballs,X360,2009,Platform,Ubisoft,0.07,0.01,0,0.01,0.09
1609,WWE SmackDown vs. Raw 2009,PS2,2008,Fighting,THQ,0.69,0,0,0.55,1.24
7706,The Fairly Odd Parents: Enter the Cleft,GBA,2002,Platform,THQ,0.14,0.05,0,0,0.2
1814,Alien: Isolation,PS4,2014,Shooter,Sega,0.34,0.56,0.04,0.19,1.13
8228,Fairytale Fights,PS3,2009,Action,Playlogic Game Factory,0.11,0.04,0,0.02,0.17
12412,Daito Giken Koushiki Pachi-Slot Simulator: Ossu! Banchou Portable,PSP,2006,Misc,Daito,0,0,0.06,0,0.06
2500,I Spy: Fun House,DS,2007,Puzzle,Scholastic Inc.,0.77,0,0,0.06,0.83
12422,Higurashi Daybreak Portable,PSP,2008,Adventure,Alchemist,0,0,0.06,0,0.06
7156,G-Force,PS3,2009,Action,Disney Interactive Studios,0.13,0.06,0,0.03,0.22
2814,Just Dance Wii,Wii,2011,Misc,Nintendo,0,0,0.73,0,0.73
2393,The House of the Dead: Overkill,Wii,2009,Shooter,Sega,0.46,0.31,0.02,0.09,0.87
7358,de Blob 2,PS3,2011,Platform,THQ,0.11,0.07,0,0.03,0.21
8214,Army Men: Sarge's Heroes 2,PS2,2001,Shooter,Midas Interactive Entertainment,0.09,0.07,0,0.02,0.17
7413,ClayFighter 63 1/3,N64,1997,Fighting,Interplay,0.17,0.04,0,0,0.21
1526,Rise of the Tomb Raider,XOne,2015,Adventure,Square Enix,0.53,0.64,0.02,0.1,1.3
4944,Skylanders Giants,WiiU,2012,Action,Activision,0.23,0.12,0,0.04,0.39
8784,Horse Life Adventures,Wii,2008,Simulation,Deep Silver,0.13,0.01,0,0.01,0.15
15143,Uta Kumi 575,PSV,2014,Misc,Sega,0,0,0.02,0,0.02
5548,Zaidan Houjin Nippon Kanji Nouryoku Kentei Kyoukai Kounin: KanKen DS 2 + Jouyou Kanji Jiten,DS,2007,Misc,Rocket Company,0,0,0.33,0,0.33
1143,Gears of War: Judgment,X360,2013,Shooter,Microsoft Game Studios,0.92,0.53,0.03,0.13,1.61
9295,World Tour Soccer 2002,PS2,2001,Sports,Sony Computer Entertainment,0.07,0.05,0,0.02,0.14
11021,Family GameShow,Wii,2009,Misc,Zushi Games,0.08,0,0,0.01,0.09
12273,Bleach: Versus Crusade,Wii,2008,Fighting,Sega,0,0,0.06,0,0.06
15195,PachiPara 15: Super Umi Monogatari in Okinawa 2,PS3,2010,Misc,Irem Software Engineering,0,0,0.02,0,0.02
13898,E.T. The Extra-Terrestrial: Interplanetary Mission,PS,2001,Platform,Ubisoft,0.02,0.01,0,0,0.04
3873,The Sims 2: Open for Business,PC,2006,Simulation,Electronic Arts,0.46,0.05,0,0,0.52
2192,Army of Two: The 40th Day,X360,2010,Shooter,Electronic Arts,0.62,0.24,0,0.08,0.95
9832,NASCAR Unleashed,X360,2011,Racing,Activision,0.11,0,0,0.01,0.12
7233,Where's Waldo? The Fantastic Journey,DS,2009,Adventure,Ubisoft,0.2,0,0,0.02,0.22
12275,NanoBreaker,PS2,2005,Action,Konami Digital Entertainment,0.03,0.02,0,0.01,0.06
10483,Etrian Odyssey II: Heroes of Lagaard,3DS,2014,Role-Playing,Atlus,0,0,0.1,0,0.1
8758,Disney's Story Studio: Disney's Mulan,PS,1999,Misc,Sony Computer Entertainment,0.09,0.06,0,0.01,0.15
10140,Criminal Girls: Invite Only,PSV,2013,Role-Playing,Nippon Ichi Software,0.04,0.02,0.04,0.02,0.11
16085,Sakura Sakura: Haru Urara,PSP,2010,Adventure,GN Software,0,0,0.01,0,0.01
15804,XCOM 2,XOne,2016,Strategy,Take-Two Interactive,0.01,0.01,0,0,0.02
10341,Paws & Claws: Pet Resort,Wii,2009,Simulation,THQ,0.1,0,0,0.01,0.11
8908,Warriors Orochi 3,PS4,2014,Action,Tecmo Koei,0.04,0.05,0.04,0.02,0.15
9192,Bottom of the 9th,PS,1996,Sports,Konami Digital Entertainment,0.08,0.05,0,0.01,0.14
1089,Knack,PS4,2013,Platform,Sony Computer Entertainment Europe,0.43,0.67,0.42,0.15,1.67
16595,Plushees,DS,2008,Simulation,Destineer,0.01,0,0,0,0.01
8395,Bakugan Battle Brawlers: Defenders of the Core,Wii,2010,Action,Activision,0.15,0.01,0,0.01,0.17
8361,Tak: Mojo Mistake,DS,2008,Action,THQ,0.16,0,0,0.01,0.17
945,"Hey You, Pikachu!",N64,1998,Simulation,Nintendo,0.83,0.06,0.93,0,1.83
207,Link's Crossbow Training,Wii,2007,Shooter,Nintendo,3.06,1.18,0.29,0.46,5
12047,Silpheed: The Lost Planet,PS2,2000,Shooter,Swing! Entertainment,0.03,0.03,0,0.01,0.07
2568,Star Wars Rogue Squadron III: Rebel Strike,GC,2003,Simulation,LucasArts,0.62,0.16,0,0.02,0.8
4018,Gauntlet,2600,1982,Action,Answer Software,0.46,0.03,0,0.01,0.5
15329,Elminage III: Ankoku no Shito to Yaiyou no Kyuuden,PSP,2011,Role-Playing,Starfish,0,0,0.02,0,0.02
9718,Magic: The Gathering - Battlemage,PS,1997,Strategy,Acclaim Entertainment,0.07,0.05,0,0.01,0.12
12077,Space Hulk: Vengeance of the Blood Angels,PS,1995,Shooter,Electronic Arts,0.04,0.03,0,0,0.07
9460,MX 2002 Featuring Ricky Carmichael,XB,2001,Racing,THQ,0.1,0.03,0,0,0.13
3948,NHL FaceOff 98,PS,1997,Sports,Sony Computer Entertainment,0.28,0.19,0,0.03,0.51
8665,Trigger Man,PS2,2004,Shooter,Play It,0.08,0.06,0,0.02,0.16
4480,Power Rangers: S.P.D.,GBA,2004,Action,THQ,0.31,0.12,0,0.01,0.44
11130,Knights in the Nightmare,DS,2008,Role-Playing,Sting,0.06,0,0.02,0,0.09
1623,SpongeBob SquarePants: Battle for Bikini Bottom,GBA,2003,Platform,THQ,0.88,0.33,0,0.02,1.23
5645,Gold's Gym: Cardio Workout (Others sales),Wii,2008,Sports,Ubisoft,0,0.3,0,0.02,0.32
12003,NHL 2K9,Wii,2008,Sports,Take-Two Interactive,0.06,0,0,0.01,0.07
5915,Harvest Moon: The Tale of Two Towns,3DS,N/A,Simulation,Unknown,0.28,0,0,0.02,0.3
6128,Street Hoops,XB,2002,Sports,Activision,0.21,0.06,0,0.01,0.28
9782,Shin Megami Tensei: Devil Survivor 2,3DS,2015,Role-Playing,Atlus,0,0.03,0.09,0,0.12
6819,Pure Futbol,PS3,2010,Sports,Ubisoft,0.06,0.13,0,0.05,0.24
2139,NHL 2004,PS2,2003,Sports,Electronic Arts,0.47,0.37,0,0.12,0.97
9937,The Clique: Diss and Make Up,DS,2009,Adventure,Warner Bros. Interactive Entertainment,0.11,0,0,0.01,0.12
14601,Driver: Parallel Lines,Wii,2007,Racing,Ubisoft,0.01,0.01,0,0,0.03
1410,Disney Princess: Enchanted Journey,Wii,2007,Adventure,Disney Interactive Studios,1.24,0.04,0,0.09,1.38
9746,Break 'Em All,DS,2005,Puzzle,D3Publisher,0.11,0,0,0.01,0.12
8290,Goblin Commander: Unleash the Horde,PS2,2003,Strategy,Jaleco,0.08,0.07,0,0.02,0.17
14819,The Legend of Korra (3DS),3DS,2014,Strategy,Activision,0.02,0,0,0,0.03
2884,Rhythm Heaven: The Best+,3DS,2015,Misc,Nintendo,0,0,0.71,0,0.71
15187,Sengoku Otome: Legend Battle,PSV,2016,Action,Unknown,0,0,0.02,0,0.02
11225,ChuChu Rocket!,GBA,2001,Strategy,Atari,0.06,0.02,0,0,0.09
610,Perfect Dark,N64,2000,Action,Nintendo,1.55,0.75,0.16,0.06,2.52
533,Mortal Kombat Trilogy,PS,1996,Fighting,GT Interactive,1.98,0.7,0,0.11,2.79
16559,Super Robot Taisen: Original Generation,GBA,2002,Role-Playing,Banpresto,0.01,0,0,0,0.01
9111,Top Spin 3,DS,2008,Action,D3Publisher,0.11,0.02,0,0.01,0.14
10430,Family Party: 30 Great Games,Wii,2008,Misc,D3Publisher,0.09,0.01,0,0.01,0.1
7902,Tenchu: Fatal Shadows,PS2,2004,Action,Sega,0.09,0.07,0,0.02,0.19
14961,Kami Naru Kimi to,PSP,2011,Adventure,Idea Factory,0,0,0.02,0,0.02
794,Dead Rising,X360,2006,Action,Capcom,1.16,0.65,0.08,0.2,2.09
9536,Puyo Puyo!! 20th Anniversary,3DS,2011,Puzzle,Sega,0,0,0.13,0,0.13
12751,Tom Clancy's Rainbow Six: Critical Hour,XB,N/A,Shooter,Unknown,0.04,0.01,0,0,0.06
14275,Best Friends Tonight,DS,2010,Misc,Ubisoft,0.03,0,0,0,0.03
8687,Bomberman,DS,2005,Puzzle,Ubisoft,0.1,0.02,0.03,0.01,0.16
769,Dance Dance Revolution Extreme,PS2,2004,Simulation,Konami Digital Entertainment,1.04,0.81,0,0.27,2.13
15779,Sansuu Puzzle de Migaku: Gakken Otona no Shikou Sense,DS,2007,Misc,Gakken,0,0,0.02,0,0.02
4632,Disney Infinity 2.0: Marvel Super Heroes,XOne,2014,Action,Disney Interactive Studios,0.24,0.15,0,0.03,0.42
8485,Create,PS3,2010,Action,Electronic Arts,0.11,0.03,0,0.02,0.16
12173,Dreamer Series: Pop Star,DS,2009,Misc,Tivola,0.04,0.02,0,0.01,0.07
7642,UFC Personal Trainer: The Ultimate Fitness System,PS3,2011,Sports,THQ,0.08,0.09,0,0.04,0.2
1281,WWF WrestleMania 2000,N64,1999,Fighting,THQ,1.2,0.25,0.02,0.02,1.48
4650,Tom Clancy's HAWX 2,PS3,2010,Action,Ubisoft,0.21,0.12,0.03,0.05,0.42
5317,Xbox Music Mixer,XB,2003,Misc,Microsoft Game Studios,0.26,0.08,0,0.01,0.35
10148,Tokimeki Memorial: Girl's Side 2nd Season,DS,2008,Adventure,Konami Digital Entertainment,0,0,0.11,0,0.11
736,Frogger,2600,1981,Action,Parker Bros.,2.06,0.12,0,0.02,2.2
40,Super Smash Bros. Brawl,Wii,2008,Fighting,Nintendo,6.75,2.61,2.66,1.02,13.04
15337,Hakuouki: Yuugi Roku DS,DS,2011,Adventure,Idea Factory,0,0,0.02,0,0.02
13537,Top Gun,DS,2006,Simulation,505 Games,0.04,0,0,0,0.04
4734,The LEGO Movie Videogame,PSV,2014,Action,Warner Bros. Interactive Entertainment,0.05,0.26,0,0.09,0.41
13219,World Series of Poker,GC,2005,Misc,Activision Value,0.04,0.01,0,0,0.05
5016,ESPN Extreme Games,PS,1994,Sports,Sony Computer Entertainment,0.11,0.08,0.17,0.03,0.38
3887,International Track & Field,PS,1996,Sports,Konami Digital Entertainment,0.08,0.05,0.35,0.03,0.51
1265,Dead Rising 2,X360,2010,Action,Capcom,0.75,0.53,0.09,0.12,1.5
5693,Just Dance 2016,XOne,2015,Misc,Ubisoft,0.24,0.04,0,0.03,0.32
5531,SpongeBob SquarePants: Creature from the Krusty Krab,GC,2006,Platform,THQ,0.25,0.07,0,0.01,0.33
1062,Saints Row IV,X360,2013,Action,Deep Silver,1.01,0.53,0.01,0.14,1.69
6340,Spider-Man: Web of Shadows,PS3,2008,Action,Activision,0.2,0.04,0,0.03,0.27
12093,Midway Arcade Treasures 3,GC,2005,Misc,Midway Games,0.05,0.01,0,0,0.07
14244,Clannad,PS3,2011,Adventure,Prototype,0,0,0.03,0,0.03
4242,Super Batter Up,SNES,1992,Sports,Namco Bandai Games,0,0,0.46,0,0.46
11421,Swingerz Golf,GC,2002,Sports,Eidos Interactive,0.06,0.02,0,0,0.08
4007,Rayman Advance,GBA,2001,Platform,Ubisoft,0.36,0.13,0,0.01,0.5
15290,Crime Scene,DS,2009,Adventure,Nobilis,0,0.02,0,0,0.02
10779,Ultimate Muscle - The Kinnikuman Legacy: The Path of the Superhero,GBA,2002,Fighting,Banpresto,0.05,0.02,0.03,0,0.1
189,Tomodachi Life,3DS,2013,Simulation,Nintendo,0.96,2.02,1.89,0.28,5.15
8570,Robots,GC,2005,Action,Vivendi Games,0.12,0.03,0,0,0.16
1185,Mario Party 7,GC,2005,Misc,Nintendo,0.95,0.11,0.46,0.04,1.57
1543,Metal Gear Solid V: Ground Zeroes,PS4,2014,Action,Konami Digital Entertainment,0.45,0.46,0.17,0.2,1.28
15485,Tom Clancy's Splinter Cell Classic Trilogy HD,PS3,2011,Action,Ubisoft,0.02,0,0,0,0.02
394,Crash Bash,PS,2000,Misc,Sony Computer Entertainment,1.56,1.47,0.19,0.17,3.39
14892,Daito Giken Koushiki Pachi-Slot Simulator Hihouden: Taiyou o Motomeru Monotachi,PS3,2013,Misc,Paon Corporation,0,0,0.03,0,0.03
7462,Dead to Rights: Retribution,X360,2010,Shooter,Namco Bandai Games,0.11,0.08,0,0.02,0.21
9481,Sin and Punishment,N64,2000,Shooter,Nintendo,0,0,0.13,0,0.13
930,SingStar,PS2,2004,Misc,Sony Computer Entertainment,0,1.37,0,0.49,1.86
7131,NBA Street: Showdown,PSP,2005,Sports,Electronic Arts,0.2,0,0,0.02,0.23
11397,Ken to Mahou to Gakuen Mono. 2,PSP,2009,Role-Playing,Acquire,0,0,0.08,0,0.08
5156,Mini-Yonku GB: Let's & Go!!,GB,1997,Strategy,ASCII Entertainment,0,0,0.37,0,0.37
10022,Phantasy Star Collection,GBA,2002,Role-Playing,Atari,0.08,0.03,0,0,0.11
8382,G-Force,X360,2009,Action,Disney Interactive Studios,0.11,0.05,0,0.01,0.17
1506,Deal or No Deal,Wii,2009,Misc,Zoo Games,1.22,0,0,0.09,1.31
10215,The King of Fighters 2000/2001,PS2,2003,Fighting,Ignition Entertainment,0.05,0.04,0,0.01,0.11
4409,Discovery Kids: Kitten Corner,DS,2009,Simulation,505 Games,0.42,0,0,0.03,0.45
798,The Sims 2: Pets,DS,2006,Simulation,Electronic Arts,0.92,0.94,0,0.22,2.09
3010,Final Fantasy Crystal Chronicles: Ring of Fates,DS,2007,Role-Playing,Square Enix,0.22,0.01,0.42,0.02,0.67
12534,Rock Blast,DS,2008,Puzzle,UFO Interactive,0.06,0,0,0,0.06
10511,Blitz: The League II,X360,2008,Sports,Midway Games,0.08,0.01,0,0.01,0.1
1038,Imagine: Teacher,DS,2008,Simulation,Ubisoft,0.7,0.83,0,0.19,1.72
2604,Final Fantasy Tactics A2: Grimoire of the Rift,DS,2007,Role-Playing,Square Enix,0.42,0.03,0.3,0.04,0.79
7896,Shaun White Skateboarding,Wii,2010,Sports,Ubisoft,0.14,0.03,0,0.01,0.19
12071,Famicom Mini: Wrecking Crew,GBA,2004,Puzzle,Nintendo,0,0,0.07,0,0.07
13616,Utawarerumono: Futari no Hakuoro,PS4,2016,Misc,Aqua Plus,0,0,0.04,0,0.04
3290,NFL Fever 2003,XB,2002,Sports,Microsoft Game Studios,0.46,0.13,0,0.02,0.61
2758,Just Dance 2015,WiiU,2014,Misc,Ubisoft,0.4,0.28,0,0.07,0.75
3422,Silent Hill: Shattered Memories,PS2,2010,Action,Konami Digital Entertainment,0.13,0.22,0.01,0.23,0.59
5942,Guitar Hero: Van Halen,X360,2009,Misc,Activision,0.16,0.1,0,0.03,0.3
12600,Trapt,PS2,2005,Action,Tecmo Koei,0.03,0.02,0,0.01,0.06
5622,"Go, Diego, Go!: Great Dinosaur Rescue",PS2,2008,Action,Take-Two Interactive,0.16,0.12,0,0.04,0.32
15057,NANA: Live Staff Daiboshuu! Shoshinsha Kangei,DS,2007,Action,Konami Digital Entertainment,0,0,0.02,0,0.02
11277,Martian Panic,Wii,2010,Adventure,Unknown,0.08,0,0,0,0.08
13951,DT Carnage,PSP,2009,Racing,Agetec,0.03,0,0,0,0.04
9800,Looney Tunes: Sheep Raider,PS,2001,Platform,Infogrames,0.07,0.05,0,0.01,0.12
7180,Rune Factory: Tides of Destiny,PS3,2011,Role-Playing,Marvelous Interactive,0.14,0,0.07,0.01,0.22
13287,Saints Row: Gat out of Hell,PS4,2015,Action,Deep Silver,0,0.04,0,0.01,0.05
4601,NASCAR Thunder 2002,PS,2001,Racing,Electronic Arts,0.23,0.16,0,0.03,0.42
1438,F1 2010,PS3,2010,Racing,Codemasters,0.25,0.76,0.08,0.27,1.35
5461,Wipeout 2,Wii,2011,Misc,Activision,0.31,0,0,0.02,0.33
4170,2014 FIFA World Cup Brazil,X360,2014,Sports,Electronic Arts,0.14,0.28,0,0.04,0.47
8939,Yakuza: Ishin,PS4,2014,Action,Sega,0,0,0.15,0,0.15
9457,Mission: Impossible - Operation Surma,XB,2003,Platform,Atari,0.1,0.03,0,0,0.13
10350,Mega Man Zero 4,GBA,2005,Platform,Capcom,0.08,0.03,0,0,0.11
3113,MLB 14: The Show,PS4,2014,Sports,Sony Computer Entertainment America,0.58,0,0,0.07,0.65
1161,Diablo,PC,1996,Role-Playing,Activision,0.01,1.58,0,0,1.59
15199,Knight's Apprentice: Memorick's Adventures,XB,2004,Action,Microids,0.02,0,0,0,0.02
194,Call of Duty: Advanced Warfare,XOne,2014,Shooter,Activision,3.21,1.53,0.01,0.38,5.13
15677,Rogue Trooper,XB,2006,Shooter,Eidos Interactive,0.01,0,0,0,0.02
11653,Resident Evil 3: Nemesis,GC,2003,Action,Capcom,0.06,0.02,0,0,0.08
5307,Sniper: Ghost Warrior 2,PS3,2013,Shooter,City Interactive,0.05,0.19,0.03,0.07,0.35
10221,Chameleon Twist,N64,1997,Platform,Sunsoft,0.09,0.02,0,0,0.11
12896,Lufia: The Ruins of Lore,GBA,2002,Role-Playing,Taito,0.04,0.01,0,0,0.05
13922,Hunter x Hunter: Wonder Adventure,PSP,2012,Action,Namco Bandai Games,0,0,0.04,0,0.04
5297,Star Wars: Flight of the Falcon,GBA,2003,Action,THQ,0.25,0.09,0,0.01,0.35
304,EA Sports Active,Wii,2009,Sports,Electronic Arts,2.1,1.36,0.06,0.4,3.92
8453,The Sims 3: Seasons,PC,2012,Simulation,Electronic Arts,0,0.13,0,0.03,0.17
9083,Our House Party!,Wii,N/A,Simulation,Unknown,0.13,0,0,0.01,0.14
14799,Guild Wars,PC,2005,Role-Playing,NCSoft,0.02,0,0,0,0.03
14343,Exstetra,PSV,2013,Role-Playing,FuRyu,0,0,0.03,0,0.03
12606,Worms 3D,XB,2003,Strategy,Sega,0.04,0.01,0,0,0.06
2333,Sonic Chronicles: The Dark Brotherhood,DS,2008,Role-Playing,Sega,0.51,0.29,0.01,0.09,0.89
11790,Overlord: Minions,DS,2009,Puzzle,Codemasters,0.07,0,0,0.01,0.07
11247,Astro Boy,PS2,2004,Action,Sega,0.04,0.03,0,0.01,0.09
8798,Active Life Explorer,Wii,2010,Sports,Namco Bandai Games,0.14,0,0,0.01,0.15
1308,Donkey Kong,2600,1981,Platform,Coleco,1.36,0.08,0,0.02,1.46
13036,Doraemon: Nobita no Kyouryuu 2006 DS,DS,2006,Role-Playing,Sega,0,0,0.05,0,0.05
15687,Winning Post 8 2016,PS4,2016,Simulation,Tecmo Koei,0,0,0.02,0,0.02
15710,Back to the Future: The Game,XOne,2015,Adventure,Telltale Games,0,0.02,0,0,0.02
10941,WSC Real 11: World Snooker Championship,PS3,2011,Sports,Koch Media,0,0.07,0,0.02,0.09
14223,Dream C Club Zero,X360,2011,Simulation,D3Publisher,0,0,0.03,0,0.03
3083,New Play Control! Pikmin,Wii,2008,Strategy,Nintendo,0.29,0.14,0.19,0.04,0.66
13249,Rugby 2005,XB,2005,Sports,Electronic Arts,0.04,0.01,0,0,0.05
11282,Wreckin Crew,PS,1998,Racing,Telstar,0.05,0.03,0,0.01,0.08
16034,Kono Aozora ni Yakusoku o: Tenohira no Rakuen,PSP,2009,Adventure,TGL,0,0,0.01,0,0.01
16367,Tropico 3: Gold Edition,PC,2010,Strategy,Kalypso Media,0,0.01,0,0,0.01
3493,MLB 11: The Show,PS3,2011,Sports,Sony Computer Entertainment,0.54,0,0,0.04,0.58
13068,Thunder Force V: Perfect System,PS,1998,Shooter,TechnoSoft,0.03,0.02,0,0,0.05
12716,Katekyoo Hitman Reborn! DS Flame Rumble X - Mirai Chou-Bakuhatsu!!,DS,2009,Fighting,Takara Tomy,0,0,0.06,0,0.06
15609,Writing and Speaking Beautiful Japanese DS,DS,N/A,Misc,Unknown,0,0,0.02,0,0.02
6892,LEGO The Hobbit,3DS,2014,Action,Warner Bros. Interactive Entertainment,0.09,0.13,0,0.02,0.24
16212,Freekstyle,GBA,2003,Racing,Zoo Digital Publishing,0.01,0,0,0,0.01
11718,Super Football,2600,1987,Sports,Atari,0.07,0,0,0,0.08
9880,7 Days to Die,PS4,2016,Action,Telltale Games,0.03,0.07,0,0.02,0.12
14430,Summon Night 6: Lost Borders,PS4,2016,Action,Namco Bandai Games,0,0,0.03,0,0.03
2218,Hot Shots Golf Fore!,PS2,2003,Sports,Sony Computer Entertainment,0.46,0.36,0,0.12,0.94
14081,Black Stone: Magic & Steel,XB,2003,Role-Playing,THQ,0.03,0.01,0,0,0.04
8800,The Fairly Odd Parents: Clash with the Anti-World,GBA,2005,Adventure,THQ,0.11,0.04,0,0,0.15
3404,LEGO Indiana Jones 2: The Adventure Continues,PSP,2009,Action,Activision,0.21,0.24,0,0.14,0.59
4025,Tony Hawk's Underground 2,GBA,2004,Sports,Activision,0.35,0.13,0,0.01,0.49
10427,Princess Debut,DS,2008,Misc,Cave,0.1,0,0,0.01,0.1
6113,Hot Shots Golf: World Invitational,PS3,2012,Sports,Sony Computer Entertainment,0,0,0.28,0,0.28
14150,ESPN NBA 2Night 2002,PS2,2002,Sports,Konami Digital Entertainment,0.02,0.01,0,0,0.03
10541,Yggdra Union: We'll Never Fight Alone,PSP,2008,Role-Playing,Sting,0.05,0,0.04,0.01,0.1
10702,Murder in Venice,DS,2011,Adventure,City Interactive,0.06,0.03,0,0.01,0.1
12564,Disney Planes Fire & Rescue,Wii,2014,Action,Disney Interactive Studios,0,0.05,0,0,0.06
15624,Dancing on Ice,DS,2010,Sports,Ghostlight,0,0.02,0,0,0.02
12634,G-Police: Weapons of Justice,PS,1999,Action,Psygnosis,0.03,0.02,0,0,0.06
12743,Pump It Up: Exceed,PS2,2005,Misc,Mastiff,0.03,0.02,0,0.01,0.06
346,Jak and Daxter: The Precursor Legacy,PS2,2001,Platform,Sony Computer Entertainment,2.08,1.09,0.15,0.33,3.64
8467,Sid Meier's Pirates!,Wii,2010,Strategy,Take-Two Interactive,0.13,0.02,0,0.01,0.16
11237,Petz: Saddle Club,PSP,2009,Simulation,Ubisoft,0.08,0,0,0.01,0.09
10625,Opoona,Wii,2007,Role-Playing,Tecmo Koei,0.08,0,0.01,0.01,0.1
1894,Sonic Free Riders,X360,2010,Racing,Sega,0.74,0.26,0,0.09,1.09
13025,Mortal Kombat X,PC,2015,Fighting,Warner Bros. Interactive Entertainment,0.01,0.04,0,0,0.05
3423,Madden NFL 06,X360,N/A,Sports,Electronic Arts,0.54,0,0.01,0.03,0.59
9786,Blazblue: Continuum Shift Extend,PSV,2011,Fighting,PQube,0.03,0.05,0.02,0.02,0.12
2946,Metal Gear Solid: Portable Ops Plus,PSP,2007,Action,Konami Digital Entertainment,0.26,0.01,0.26,0.17,0.69
14421,Away: Shuffle Dungeon,DS,2008,Role-Playing,Majesco Entertainment,0.02,0,0,0,0.03
9269,Avatar: The Last Airbender - The Burning Earth,X360,2007,Action,THQ,0.11,0.01,0,0.01,0.14
7568,ESPN MLB Baseball,PS2,2004,Sports,Sega,0.1,0.08,0,0.03,0.2
7766,Enchanted Arms,X360,2006,Role-Playing,Ubisoft,0.16,0.02,0,0.02,0.19
2385,Mercenaries 2: World in Flames,PS3,2008,Shooter,Electronic Arts,0.29,0.4,0.02,0.16,0.87
15921,Magic Encyclopedia: Moonlight,DS,2010,Misc,Foreign Media Games,0,0.01,0,0,0.02
4815,Power Rangers: Dino Thunder,GC,2004,Action,THQ,0.31,0.08,0,0.01,0.4
5333,Metal Arms: Glitch in the System,PS2,2003,Shooter,Vivendi Games,0.17,0.13,0,0.04,0.35
10096,GoldenEye: Rogue Agent,DS,2005,Shooter,Electronic Arts,0.1,0,0,0.01,0.11
5012,Raving Rabbids: Travel in Time 3D,3DS,2011,Platform,Ubisoft,0.11,0.23,0,0.04,0.38
13494,Rugby Challenge 3,PS3,2016,Sports,Alternative Software,0,0.04,0,0.01,0.04
3407,2002 FIFA World Cup,PS2,2002,Sports,Electronic Arts,0.21,0.17,0.16,0.06,0.59
9675,Criticom,PS,1996,Fighting,Vic Tokai,0.07,0.05,0,0.01,0.12
3547,SpongeBob SquarePants: Battle for Bikini Bottom,XB,2003,Platform,THQ,0.45,0.1,0,0.02,0.57
16115,1/2 Summer +,PSP,2013,Adventure,Kaga Create,0,0,0.01,0,0.01
4291,Delta Force: Black Hawk Down,PS2,2005,Shooter,NovaLogic,0.22,0.17,0,0.06,0.46
8941,Disney's Donald Duck: Goin' Quackers,PS,2000,Platform,Ubisoft,0.08,0.06,0,0.01,0.15
10554,Water Sports,Wii,2009,Action,Avanquest,0.05,0.04,0,0.01,0.1
321,Big Brain Academy: Wii Degree,Wii,2007,Misc,Nintendo,1.06,1.93,0.41,0.43,3.82
10198,Odama,GC,2006,Misc,Nintendo,0.07,0.02,0.02,0,0.11
13723,S.Y.K Renshouden Portable,PSP,2011,Adventure,Idea Factory,0,0,0.04,0,0.04
15757,L.G.S: Shinsetsu Houshinengi,PSP,2012,Action,Idea Factory,0,0,0.02,0,0.02
6529,Armored Core: Nexus,PS2,2004,Simulation,Indie Games,0.06,0.05,0.14,0.02,0.26
9584,Dynasty Warriors 5 Empires,X360,2006,Action,Tecmo Koei,0.11,0.01,0,0.01,0.13
2689,Formula 1,PS,1996,Racing,Psygnosis,0.18,0.12,0.42,0.05,0.76
4374,Shin Megami Tensei: Persona 3,PS2,2006,Role-Playing,Tecmo Koei,0.22,0.03,0,0.2,0.45
9103,PANGYA: Fantasy Golf,PSP,2009,Sports,Takara Tomy,0.09,0,0.04,0.01,0.14
2695,MTV Celebrity Deathmatch,PS2,2003,Fighting,Gotham Games,0.37,0.29,0,0.1,0.76
2324,Harry Potter: Quidditch World Cup,PS2,2003,Sports,Electronic Arts,0.44,0.34,0,0.11,0.9
14765,Mojo!,XB,2003,Puzzle,DreamCatcher Interactive,0.02,0.01,0,0,0.03
5498,Capcom Classics Collection Reloaded,PSP,2006,Misc,Capcom,0.26,0,0.03,0.03,0.33
12470,Grey's Anatomy: The Video Game,Wii,2009,Adventure,Ubisoft,0.05,0.01,0,0,0.06
13449,Kimi ni Todoke: Tsutaeru Kimochi,DS,2011,Adventure,Banpresto,0,0,0.05,0,0.05
10976,Island Xtreme Stunts,PS2,2002,Action,Electronic Arts,0.04,0.03,0,0.01,0.09
11881,Hakuouki: Yuugi Roku,PSP,2010,Adventure,Idea Factory,0,0,0.07,0,0.07
589,Streets of Rage,GEN,1990,Action,Sega,1.86,0.55,0.11,0.08,2.6
12429,DreamWorks Super Star Kartz,X360,2011,Racing,Activision,0.05,0.01,0,0,0.06
14722,Saka Agari Hurricane Portable,PSP,2011,Adventure,Alchemist,0,0,0.03,0,0.03
10516,Medal of Honor: Vanguard,Wii,2007,Shooter,Electronic Arts,0.06,0.03,0,0.01,0.1
910,Max Payne 3,PS3,2012,Shooter,Take-Two Interactive,0.59,0.92,0.06,0.32,1.9
7820,Aliens versus Predator: Extinction,PS2,2003,Strategy,Electronic Arts,0.09,0.07,0,0.02,0.19
2229,SSX,PS3,2012,Sports,Electronic Arts,0.35,0.42,0.02,0.14,0.93
4020,Cars Mater-National Championship,Wii,2007,Racing,THQ,0.46,0,0,0.04,0.49
1108,Ms. Pac-Man,2600,1981,Puzzle,Atari,1.54,0.1,0,0.02,1.65
14932,Mind Your Language: Learn English! / French! / German! / Spanish! /Japanese!,DS,2009,Misc,PlayV,0,0.02,0,0,0.02
907,Destiny: The Taken King,PS4,2015,Shooter,Activision,0.77,0.78,0.04,0.31,1.91
5922,Far East of Eden Zero,SNES,1995,Role-Playing,Hudson Soft,0,0,0.3,0,0.3
8354,Space Griffon VF-9,PS,1995,Role-Playing,Panther Software,0.02,0.02,0.12,0.01,0.17
12523,IHRA Professional Drag Racing 2005,XB,2004,Racing,Bethesda Softworks,0.04,0.01,0,0,0.06
11797,Hero Bank,3DS,2014,Role-Playing,Sega,0,0,0.07,0,0.07
1770,Sonic and the Black Knight,Wii,2009,Platform,Sega,0.69,0.35,0.01,0.11,1.15
15679,TV Anime Idolm@ster: Cinderella Girls G4U! Pack Vol.2,PS3,2015,Action,Namco Bandai Games,0,0,0.02,0,0.02
12574,LEGO Batman: The Videogame,PC,2008,Action,Warner Bros. Interactive Entertainment,0.02,0.03,0,0.01,0.06
14966,Carmen Sandiego: The Secret of the Stolen Drums,XB,2004,Action,BAM! Entertainment,0.02,0.01,0,0,0.02
7907,Sing4: The Hits Edition,Wii,2011,Misc,Crave Entertainment,0.18,0,0,0.01,0.19
15830,Oshiri Kajiri Mushi no Rhythm Lesson DS: Kawai Ongaku Kyoushitsu Kanshuu,DS,2008,Misc,Sega,0,0,0.02,0,0.02
503,Syphon Filter,PS,1999,Shooter,Sony Computer Entertainment,2.03,0.72,0.02,0.11,2.88
7957,Penguin no Mondai X: Tenkuu no 7 Senshi,DS,2009,Action,Konami Digital Entertainment,0,0,0.19,0,0.19
1169,NASCAR 2000,PS,1999,Racing,Electronic Arts,0.88,0.6,0,0.1,1.59
3582,Petz Dogz 2,PS2,2007,Simulation,Ubisoft,0.28,0.21,0,0.07,0.56
4748,Battlefield 2: Modern Combat,X360,2006,Shooter,Electronic Arts,0.35,0.02,0.01,0.03,0.41
9538,Namco Soccer Prime Goal,PS,1995,Sports,Sony Computer Entertainment,0,0,0.12,0.01,0.13
1900,Fisherman's Bass Club,PS2,2002,Sports,Agetec,0.53,0.41,0,0.14,1.08
13011,TV Anime: Fairy Tale Gekitou! Madoushi Kessen,DS,2010,Fighting,Hudson Soft,0,0,0.05,0,0.05
9126,Destruction Derby Raw,PS,2000,Racing,Sony Computer Entertainment,0.08,0.05,0,0.01,0.14
6072,Dragon Ball Heroes: Ultimate Mission,3DS,2013,Misc,Namco Bandai Games,0,0,0.29,0,0.29
3109,Real Heroes: Firefighter,Wii,2009,Action,Rondomedia,0.56,0.04,0,0.05,0.65
1961,Spider-Man 2,GBA,2004,Action,Activision,0.76,0.28,0,0.02,1.06
16523,Tengai Makyo: Dai Yon no Mokushiroku,PSP,2006,Role-Playing,Hudson Soft,0,0,0.01,0,0.01
14785,Under the Skin,PS2,2004,Action,Capcom,0.01,0.01,0,0,0.03
11999,MotoGP 15,PS3,2015,Racing,Milestone S.r.l.,0,0.03,0.03,0.01,0.07
12193,Lucian Bee's: Justice Yellow / Evil Violet,PS2,2010,Adventure,5pb,0,0,0.07,0,0.07
1033,Dishonored,X360,2012,Action,Bethesda Softworks,1.06,0.52,0.01,0.14,1.73
1198,Stuntman,PS2,2002,Racing,Atari,0.76,0.59,0,0.2,1.55
8071,ZhuZhu Puppies,DS,2011,Simulation,Activision,0.13,0.04,0,0.01,0.18
6509,Madden NFL 2005,DS,2004,Sports,Electronic Arts,0.24,0,0,0.02,0.26
11717,Baroque,Wii,2008,Role-Playing,Rising Star Games,0.07,0,0,0,0.08
4401,Vandal Hearts,PS,1996,Role-Playing,Konami Digital Entertainment,0.14,0.09,0.19,0.03,0.45
9472,Lovely Lisa and Friends,DS,2010,Simulation,Tomy Corporation,0.12,0,0,0.01,0.13
6055,SD Gundam Gaiden: Knight Gundam Monogatari: Ooinaru Isan,SNES,1991,Role-Playing,Angel Studios,0,0,0.29,0,0.29
11464,Black/Matrix,SAT,1998,Strategy,NEC Interchannel,0,0,0.08,0,0.08
301,Professor Layton and the Diabolical Box,DS,2007,Puzzle,Nintendo,0.92,1.78,0.92,0.37,4
12297,Smart Boy's Toys Club,DS,2008,Misc,505 Games,0.06,0,0,0,0.06
12350,Star Wars Knights of the Old Republic II: The Sith Lords,PC,2005,Role-Playing,LucasArts,0.01,0.04,0,0.01,0.06
6830,"What Did I Do to Deserve This, My Lord!? 2",PSP,2008,Role-Playing,Nippon Ichi Software,0.05,0,0.18,0.01,0.24
11376,Zatch Bell! Mamodo Battles,PS2,2005,Fighting,Namco Bandai Games,0.04,0.03,0,0.01,0.08
15782,Big Bass Fishing,PS,2002,Action,Take-Two Interactive,0,0,0.02,0,0.02
9713,Rocket League,XOne,2016,Sports,505 Games,0.03,0.09,0,0.01,0.12
1654,Fuzion Frenzy,XB,2001,Misc,Microsoft Game Studios,0.93,0.24,0,0.04,1.21
15420,Trapped Dead,PC,2011,Strategy,Iceberg Interactive,0,0.02,0,0,0.02
12502,NBA Hangtime,PS,1996,Sports,Midway Games,0.03,0.02,0,0,0.06
6112,VMX Racing,PS,1997,Racing,Playmates,0.16,0.11,0,0.02,0.28
16191,Toro to Morimori,PS3,2009,Misc,Sony Computer Entertainment,0,0,0.01,0,0.01
11576,Sherlock Holmes: Crimes & Punishments,PS3,2014,Adventure,Focus Home Interactive,0.03,0.04,0,0.01,0.08
13990,Legasista,PS3,2012,Role-Playing,Nippon Ichi Software,0,0,0.04,0,0.04
13879,Kevin Van Dam: Big Bass Challenge,Wii,2010,Sports,Zoo Games,0.04,0,0,0,0.04
6483,Ford Racing 3,PS2,2004,Racing,Take-Two Interactive,0.13,0.1,0,0.03,0.26
4069,Bass Pro Shops: The Strike,Wii,2009,Sports,XS Games,0.45,0,0,0.03,0.49
4509,NiGHTS into dreams...,SAT,1996,Platform,Sega,0,0,0.43,0,0.43
13071,Kids Learn Music A+ Edition,DS,2011,Misc,Unknown,0.05,0,0,0,0.05
3945,Wolfenstein: The New Order,PS3,2014,Shooter,Bethesda Softworks,0.14,0.25,0.02,0.09,0.51
3655,TMNT,X360,2007,Action,Ubisoft,0.47,0.04,0,0.04,0.55
2211,SaGa Frontier 2,PS,1999,Role-Playing,SquareSoft,0.1,0.07,0.71,0.06,0.94
5923,Sword Art Online: Hollow Fragment,PSV,2014,Role-Playing,Namco Bandai Games,0,0,0.3,0,0.3
11047,V-Rally Edition 99,N64,1998,Racing,Infogrames,0.07,0.02,0,0,0.09
14487,Super Collapse! II,GBA,2004,Puzzle,Majesco Entertainment,0.02,0.01,0,0,0.03
13315,Robotech: Invasion,XB,2004,Shooter,Global Star,0.04,0.01,0,0,0.05
1725,Wario Land: Shake It!,Wii,2008,Platform,Nintendo,0.6,0.31,0.15,0.11,1.17
1168,LEGO Harry Potter: Years 1-4,X360,2010,Action,Warner Bros. Interactive Entertainment,0.95,0.5,0,0.14,1.59
14137,Maximum Racing: Drag & Stock Racer,Wii,2010,Racing,Nordic Games,0.03,0,0,0,0.03
14578,Nanashi no Game Me,DS,2009,Action,Square Enix,0,0,0.03,0,0.03
16006,Serious Sam II,PC,2005,Shooter,Take-Two Interactive,0,0.01,0,0,0.01
13967,Minority Report: Everybody Runs,GBA,2002,Action,Activision,0.03,0.01,0,0,0.04
4589,Top Spin 4,X360,2011,Sports,Take-Two Interactive,0.15,0.23,0,0.04,0.42
10753,"Blast Works: Build, Trade, Destroy",Wii,2008,Shooter,Eidos Interactive,0.09,0,0,0.01,0.1
13252,Far Cry,PC,2004,Shooter,Ubisoft,0,0.04,0,0.01,0.05
12731,Nights of Azure,PS4,2015,Action,Tecmo Koei,0.03,0.02,0,0.01,0.06
8740,All-Pro Football 2K8,PS3,2007,Sports,Take-Two Interactive,0.14,0,0,0.01,0.15
15943,Worms: WMD,PS4,2016,Action,Sold Out,0.01,0.01,0,0,0.02
16105,Tobidase! Kagaku-kun Chikyuu Daitanken! Nazo no Chinkai Seibutsu ni Idome!,DS,2011,Misc,Namco Bandai Games,0,0,0.01,0,0.01
4622,The Adventures of Jimmy Neutron Boy Genius: Jet Fusion,PS2,2003,Action,THQ,0.21,0.16,0,0.05,0.42
14123,Bounty Hounds,PSP,2006,Action,Namco Bandai Games,0.03,0,0,0,0.03
4507,Trials Fusion,PS4,2014,Racing,Ubisoft,0.13,0.21,0.01,0.08,0.43
12418,MotoGP 10/11,X360,2011,Racing,Capcom,0,0.05,0,0.01,0.06
15237,Sacred Gold,PC,2005,Role-Playing,Encore,0,0.02,0,0,0.02
12056,Xbox Live Arcade Unplugged Volume 1,X360,2006,Misc,Microsoft Game Studios,0.05,0.01,0,0.01,0.07
4262,American Girl: Kit Mystery Challenge!,DS,2008,Adventure,THQ,0.42,0,0,0.03,0.46
2136,Yakuza 4,PS3,N/A,Action,Sega,0.15,0.14,0.63,0.05,0.97
15054,Natalie Brooks: Mystery at Hillcrest High,DS,2012,Action,Licensed 4U,0,0.02,0,0,0.02
8368,Country Dance: All Stars,X360,2012,Action,GameMill Entertainment,0.16,0,0,0.01,0.17
12458,Cocoto Kart Racer,Wii,2008,Racing,Conspiracy Entertainment,0.06,0,0,0,0.06
258,Call of Duty: Advanced Warfare,X360,2014,Shooter,Activision,2.75,1.18,0,0.37,4.31
4828,RR64: Ridge Racer 64,N64,1999,Racing,Nintendo,0.32,0.07,0,0,0.4
3670,Shrek 2,XB,2004,Platform,Activision,0.4,0.13,0,0.02,0.55
9064,The Orange Box,PC,2007,Shooter,Electronic Arts,0,0.11,0,0.03,0.14
625,Rock Band,X360,N/A,Misc,Electronic Arts,1.93,0.34,0,0.21,2.48
11636,Emily the Strange: Strangerous,DS,2011,Action,DTP Entertainment,0.04,0.03,0,0.01,0.08
14735,My Animal Centre,Wii,2009,Simulation,Deep Silver,0,0.02,0,0,0.03
11234,Sega Bass Fishing,DC,1999,Sports,Sega,0,0,0.09,0,0.09
15848,W.L.O. Sekai Renai Kikousen,X360,2010,Adventure,5pb,0,0,0.02,0,0.02
9512,Momotaro Douchuuki,SAT,1997,Misc,Hudson Soft,0,0,0.13,0,0.13
6316,Gun,X360,N/A,Shooter,Activision,0.24,0.01,0,0.02,0.27
9643,Dragon Ball: Origins,DS,2008,Action,Atari,0.09,0.03,0,0.01,0.13
14158,Clash of Elementalists,3DS,2013,Action,Unknown,0,0.03,0,0,0.03
14432,Far East of Eden Shinden,NG,1995,Fighting,Hudson Soft,0,0,0.03,0,0.03
943,Demon's Souls,PS3,2009,Role-Playing,Namco Bandai Games,0.97,0.34,0.35,0.18,1.84
872,Tom Clancy's Rainbow Six: Vegas,X360,2006,Shooter,Ubisoft,1.09,0.65,0.02,0.2,1.96
5473,Chicken Blaster,Wii,2009,Shooter,Zushi Games,0.31,0,0,0.02,0.33
6504,Smart Girl's Playhouse,DS,2007,Misc,505 Games,0.24,0,0,0.02,0.26
2043,Bayonetta 2,WiiU,2014,Action,Nintendo,0.34,0.28,0.1,0.3,1.01
16415,Time Leap,X360,2009,Adventure,Prototype,0,0,0.01,0,0.01
14189,Battle Assault 3 featuring Gundam Seed,PS2,2004,Action,Namco Bandai Games,0.02,0.01,0,0,0.03
2127,Brutal Legend,X360,2009,Action,Electronic Arts,0.62,0.27,0,0.09,0.98
5902,Need for Speed: Most Wanted,PC,2005,Racing,Electronic Arts,0.02,0.23,0,0.05,0.3
12468,PenPen TriIceLon,DC,1998,Racing,Infogrames,0,0,0.06,0,0.06
11061,Dragon Ball Z: Shin Butouden,SAT,1995,Fighting,Namco Bandai Games,0,0,0.09,0,0.09
6724,Ninja Gaiden 3,X360,2012,Action,Tecmo Koei,0.16,0.05,0.03,0.02,0.25
13965,Hisshou Pachinko*Pachi-Slot Kouryaku Series DS Vol. 5: Shinseiki Evangelion - Tamashii no Kiseki,DS,2010,Misc,D3Publisher,0,0,0.04,0,0.04
10863,Rosco McQueen: Firefighter Extreme,PS,1997,Action,Sony Computer Entertainment,0.05,0.04,0,0.01,0.09
13812,Gummy Bears Mini Golf,Wii,2010,Sports,Unknown,0.04,0,0,0,0.04
13299,Payday 2,PC,2013,Shooter,505 Games,0.04,0,0,0,0.05
10210,Bionicle Heroes,GC,2006,Shooter,Eidos Interactive,0.08,0.02,0,0,0.11
14260,Garfield: A Tale of Two Kitties,DS,2006,Platform,Game Factory,0.03,0,0,0,0.03
8752,XGIII: Extreme G Racing,GC,2001,Racing,Acclaim Entertainment,0.12,0.03,0,0,0.15
8009,.hack//Quarantine Part 4: The Final Chapter,PS2,2003,Role-Playing,Atari,0.09,0.07,0,0.02,0.18
7473,Pro Yaky? Spirits 2010,PS3,2010,Sports,Konami Digital Entertainment,0,0,0.21,0,0.21
14236,NASCAR Heat Evolution,PS4,2016,Racing,Dusenberry Martin Racing,0.03,0,0,0.01,0.03
8888,Rock Band: Metal Track Pack,X360,2009,Misc,MTV Games,0.14,0,0,0.01,0.15
4121,Harvest Moon DS (US sales),DS,2005,Simulation,Rising Star Games,0.41,0.07,0,0,0.48
3614,DS Bimoji Training,DS,2008,Misc,Nintendo,0,0,0.56,0,0.56
7722,Test Drive Unlimited 2,PC,N/A,Racing,Atari,0.05,0.11,0,0.03,0.2
637,Tom Clancy's Rainbow Six: Vegas 2,X360,2008,Shooter,Ubisoft,1.56,0.61,0.02,0.23,2.42
13114,All Star Tennis 99,N64,1999,Sports,Ubisoft,0.04,0.01,0,0,0.05
5319,The Shoot,PS3,2010,Shooter,Sony Computer Entertainment,0.13,0.16,0.01,0.06,0.35
11200,The Penguins of Madagascar: Dr. Blowhole Returns - Again!,Wii,2011,Action,THQ,0.05,0.03,0,0.01,0.09
12309,Kururin Paradise,GBA,2002,Puzzle,Unknown,0,0,0.06,0,0.06
4719,LEGO Jurassic World,PSV,2015,Action,Warner Bros. Interactive Entertainment,0.09,0.23,0,0.09,0.41
7367,Prison Break: The Conspiracy,X360,2010,Action,Deep Silver,0.07,0.12,0,0.02,0.21
3571,The Sims: Bustin' Out,XB,2003,Simulation,Electronic Arts,0.4,0.14,0,0.02,0.56
977,Professor Layton and the Mask of Miracle,3DS,2011,Puzzle,Nintendo,0.32,0.95,0.36,0.14,1.78
4308,DanceStar Party,PS3,2011,Misc,Sony Computer Entertainment,0,0.35,0,0.1,0.46
4280,"Barbie: Jet, Set & Style!",DS,2011,Misc,THQ,0.37,0.05,0,0.03,0.46
1566,Rockstar Games presents Table Tennis,Wii,2007,Sports,Take-Two Interactive,0.39,0.73,0,0.15,1.27
236,Splatoon,WiiU,2015,Shooter,Nintendo,1.55,1.15,1.44,0.43,4.57
6335,Fullmetal Alchemist 2: Curse of the Crimson Elixir,PS2,2004,Role-Playing,Square Enix,0.13,0.1,0,0.03,0.27
5607,Bigfoot: Collision Course,Wii,2008,Racing,Zoo Digital Publishing,0.3,0,0,0.02,0.32
15019,TV Anime Idolm@ster: Cinderella Girls G4U! Pack Vol.9,PS3,2016,Misc,Namco Bandai Games,0,0,0.02,0,0.02
4906,FIFA 12,3DS,2011,Sports,Electronic Arts,0.08,0.26,0,0.05,0.39
10829,Taiko no Tatsujin: Don Don! Mystery Adventure,3DS,2016,Action,Namco Bandai Games,0,0,0.09,0,0.09
6715,Ultimate Band,Wii,2008,Misc,Disney Interactive Studios,0.2,0.03,0,0.02,0.25
8885,X-Men: The Official Game,GC,2006,Action,Activision,0.12,0.03,0,0,0.15
13603,NASCAR 07,XB,2006,Racing,Electronic Arts,0.03,0.01,0,0,0.04
7081,Saka-Tsuku DS: Touch and Direct,DS,2008,Sports,Sega,0,0,0.23,0,0.23
13874,I'm A Celebrity: Get Me Out of Here!,DS,2009,Misc,Mindscape,0,0.04,0,0,0.04
2022,Bomberman,NES,1985,Puzzle,Hudson Soft,0.18,0,0.85,0,1.03
1303,Midway Arcade Treasures,PS2,2003,Misc,Midway Games,0.72,0.56,0,0.19,1.46
1919,NCAA Football 14,X360,2013,Sports,Electronic Arts,1.01,0,0,0.06,1.07
8759,Klax,2600,1989,Puzzle,Atari,0.14,0.01,0,0,0.15
12307,Nicola Kanshuu: Model * Oshare Audition,DS,2010,Misc,Alchemist,0,0,0.06,0,0.06
2796,FIFA: Road to World Cup 98,PS,1997,Sports,Electronic Arts,0.14,0.09,0.46,0.05,0.73
15912,Kao the Kangaroo Round 2,PS2,2005,Platform,JoWood Productions,0.01,0.01,0,0,0.02
1433,Ryse: Son of Rome,XOne,2013,Action,Microsoft Game Studios,0.82,0.42,0,0.11,1.36
11164,Sotsugyou Crossworld,PS,1996,Simulation,Hearty Robin,0,0,0.08,0.01,0.09
15125,SAW,PC,2009,Action,Konami Digital Entertainment,0,0.02,0,0,0.02
6940,Sesame Street: Elmo's Number Journey,PS,1998,Misc,NewKidCo,0.13,0.09,0,0.02,0.24
3257,Warriors Orochi 3,PS3,2011,Action,Ubisoft Annecy,0,0.04,0.57,0.01,0.62
15536,Shrek / Shark Tale Game Boy Advance Video,GBA,2006,Misc,Hasbro Interactive,0.01,0,0,0,0.02
318,Namco Museum Vol.1,PS,1995,Misc,Sony Computer Entertainment,2.12,1.44,0.22,0.06,3.84
892,Mortal Kombat vs. DC Universe,X360,2008,Fighting,Midway Games,1.53,0.24,0,0.16,1.93
14365,Dungeon Maker: Hunting Ground,PSP,2006,Role-Playing,Global A Entertainment,0.03,0,0,0,0.03
15349,Code R,SAT,1998,Adventure,Quintet,0,0,0.02,0,0.02
8691,World Soccer Winning Eleven 2010: Aoki Samurai no Chousen,PSP,2010,Sports,Konami Digital Entertainment,0,0,0.16,0,0.16
3292,Dynasty Warriors 8,PS3,2013,Action,Tecmo Koei,0.12,0.11,0.34,0.05,0.61
11418,Tom Clancy's Splinter Cell: Pandora Tomorrow,GC,2004,Action,Ubisoft,0.06,0.02,0,0,0.08
4103,Jeopardy!,PS2,2003,Misc,Atari,0.24,0.18,0,0.06,0.48
6799,Britney's Dance Beat,PS2,2002,Misc,THQ,0.12,0.09,0,0.03,0.24
628,uDraw Studio,Wii,2010,Misc,THQ,1.67,0.58,0,0.2,2.46
8160,Disgaea 4: A Promise Unforgotten,PSV,2014,Role-Playing,Nippon Ichi Software,0.04,0.04,0.08,0.02,0.18
15301,Butt-Ugly Martians: Zoom or Doom!,PS2,2002,Racing,Vivendi Games,0.01,0.01,0,0,0.02
313,Dragon Warrior III,NES,1988,Role-Playing,Enix Corporation,0.1,0,3.77,0,3.87
1049,Tetris Worlds,GBA,2001,Puzzle,THQ,1.25,0.39,0,0.06,1.71
2921,The Sims 3,DS,2010,Simulation,Electronic Arts,0.39,0.25,0,0.06,0.7
7449,ESPN Winter X Games: Snowboarding 2002,PS2,2000,Sports,Konami Digital Entertainment,0.1,0.08,0,0.03,0.21
5320,College Hoops 2K8,PS2,2007,Sports,Take-Two Interactive,0.17,0.13,0,0.04,0.35
191,Medal of Honor: Rising Sun,PS2,2003,Shooter,Electronic Arts,1.98,2.23,0.13,0.8,5.13
10074,Fatal Frame: Maiden of Black Water,WiiU,2014,Action,Nintendo,0,0.03,0.08,0,0.11
13310,V-Rally 3,GBA,2002,Racing,Atari,0.03,0.01,0,0,0.05
10550,Creeper World 3: Arc Eternal,Wii,2009,Strategy,Namco Bandai Games,0,0,0.1,0,0.1
10936,Hakuoki: Demon of the Fleeting Blossom,PSP,2009,Adventure,Idea Factory,0.08,0,0,0.01,0.09
15549,Broken Sword: The Sleeping Dragon,XB,2003,Adventure,THQ,0.01,0,0,0,0.02
5506,Fight Night Round 3,XB,2006,Fighting,Electronic Arts,0.26,0.06,0,0.01,0.33
684,Just Dance Kids,Wii,2010,Misc,Ubisoft,1.57,0.56,0,0.19,2.32
6558,Peter Jackson's King Kong: The Official Game of the Movie,X360,2005,Action,Ubisoft,0.2,0.03,0,0.02,0.26
9296,Interactive Sampler Disc 6,PS,1997,Misc,Sony Computer Entertainment,0.08,0.05,0,0.01,0.14
3230,Okami,PS2,2006,Action,Capcom,0.11,0.03,0.15,0.34,0.63
6338,Bratz: The Movie,Wii,2007,Simulation,THQ,0.24,0.01,0,0.02,0.27
13905,The Treasures of Montezuma,DS,2010,Puzzle,Foreign Media Games,0.02,0.02,0,0,0.04
13213,Stunt GP,PS2,2001,Racing,Titus,0.02,0.02,0,0.01,0.05
9451,NBA 08,PS3,2007,Sports,Sony Computer Entertainment,0.12,0,0,0.01,0.13
11233,1 vs. 100,DS,2008,Misc,DSI Games,0.08,0,0,0.01,0.09
5141,Dishonored,PS4,2015,Action,Bethesda Softworks,0.11,0.18,0.02,0.06,0.37
3989,RPG Maker,PS,1997,Role-Playing,ASCII Entertainment,0.11,0.07,0.29,0.03,0.5
6445,All-Pro Football 2K8,X360,2007,Sports,Take-Two Interactive,0.24,0,0,0.02,0.26
7169,MotoGP 08,PS2,2008,Racing,Capcom,0.01,0,0,0.21,0.22
8385,Shrek Extra Large,GC,2002,Platform,TDK Mediactive,0.13,0.03,0,0,0.17
918,Medal of Honor: European Assault (All Region sales),PS2,2005,Shooter,Electronic Arts,0.89,0.69,0.09,0.21,1.88
15153,Rocket League,PC,2016,Sports,505 Games,0.01,0.01,0,0,0.02
9615,Impossible Mission,DS,2007,Platform,System 3 Arcade Software,0.12,0,0,0.01,0.13
2335,Classic NES Series: The Legend of Zelda,GBA,2004,Adventure,Nintendo,0.46,0.17,0.24,0.02,0.89
8689,Arcana Heart,PS2,2007,Fighting,AQ Interactive,0.06,0.05,0.04,0.02,0.16
12416,Steins;Gate,X360,2009,Adventure,5pb,0,0,0.06,0,0.06
12499,ICO,PS3,2011,Action,Sony Computer Entertainment,0,0,0.06,0,0.06
15601,Call of Duty: Modern Warfare Trilogy,PS3,2016,Shooter,Activision,0,0.01,0,0,0.02
11937,Operation Darkness,X360,2007,Role-Playing,Success,0.07,0,0,0,0.07
15059,Xia-Xia,DS,2012,Platform,N/A,0,0.02,0,0,0.02
2258,Space Jam,PS,1996,Sports,Acclaim Entertainment,0.51,0.35,0,0.06,0.92
7590,Super Dodge Ball Advance,GBA,2001,Sports,Ubisoft,0.14,0.05,0,0,0.2
8267,Metal Arms: Glitch in the System,XB,2003,Shooter,Vivendi Games,0.13,0.04,0,0.01,0.17
8537,NASCAR '14,X360,2014,Racing,Deep Silver,0.15,0,0,0.01,0.16
424,WWF SmackDown! 2: Know Your Role,PS,2000,Fighting,THQ,1.76,1.21,0.07,0.16,3.2
3883,Pac-Man Fever,PS2,2001,Misc,Sony Computer Entertainment,0.25,0.2,0,0.07,0.51
3463,Frozen: Olaf's Quest,3DS,2013,Platform,Disney Interactive Studios,0.27,0.26,0,0.05,0.58
5385,LEGO Marvel's Avengers,X360,2016,Action,Warner Bros. Interactive Entertainment,0.17,0.15,0,0.03,0.34
2016,Sonic Unleashed,PS3,2008,Platform,Sega,0.56,0.33,0.01,0.14,1.03
13168,Stretch Panic,PS2,2001,Platform,Midas Interactive Entertainment,0.02,0.02,0,0.01,0.05
2593,Tales of Destiny 2,PS2,2002,Role-Playing,Namco Bandai Games,0,0,0.8,0,0.8
16210,Duel Love: Koisuru Otome wa Shouri no Megami,DS,2008,Adventure,Namco Bandai Games,0,0,0.01,0,0.01
14072,"My World, My Way (US sales)",DS,2008,Role-Playing,Global A Entertainment,0.04,0,0,0,0.04
523,Need for Speed: Hot Pursuit,PS3,2010,Racing,Electronic Arts,1.05,1.25,0.03,0.48,2.81
9336,Final Fantasy XI: Rise of the Zilart,PS2,2003,Role-Playing,Square Enix,0,0,0.13,0,0.13
8801,Theatrhythm Dragon Quest,3DS,2015,Misc,Square Enix,0,0,0.15,0,0.15
7024,Lunar: Silver Star Story,SAT,1996,Role-Playing,Kadokawa Shoten,0,0,0.23,0,0.23
2588,PES 2009: Pro Evolution Soccer,PSP,N/A,Sports,Konami Digital Entertainment,0.04,0.33,0.26,0.17,0.8
6514,Plants vs. Zombies,X360,2010,Strategy,PopCap Games,0.24,0,0,0.02,0.26
5589,Golden Axe: Beast Rider,PS3,2008,Action,Sega,0.13,0.14,0,0.06,0.32
458,Mass Effect 3,X360,2012,Role-Playing,Electronic Arts,1.94,0.86,0.03,0.24,3.07
4318,Jikkyou Powerful Pro Yakyuu 3,SNES,1996,Sports,Konami Digital Entertainment,0,0,0.45,0,0.45
2537,Patapon,PSP,2007,Misc,Sony Computer Entertainment,0.33,0.25,0.07,0.17,0.81
2742,[Prototype 2],PS3,2012,Action,Activision,0.36,0.28,0,0.11,0.75
14716,Starry ? Sky: In Winter,PSP,2011,Misc,Asgard,0,0,0.03,0,0.03
6614,Imagine: Ballet Star,DS,2008,Simulation,Ubisoft,0.23,0.01,0,0.02,0.25
9848,IndyCar Series,PS2,2003,Racing,Codemasters,0.06,0.05,0,0.02,0.12
2267,The Evil Within,PS3,2014,Action,Bethesda Softworks,0.26,0.39,0.12,0.14,0.92
4695,Tom Clancy's Rainbow Six: Lockdown,XB,2005,Shooter,Ubisoft,0.26,0.13,0,0.02,0.41
12447,Chevrolet Camaro: Wild Ride,Wii,2010,Racing,Storm City Games,0.06,0,0,0,0.06
4256,Transformers: Dark of the Moon - Autobots/Decepticons,DS,2011,Action,Activision,0.34,0.09,0,0.04,0.46
3199,Dogz,GBA,2004,Simulation,Ubisoft,0.45,0.17,0,0.01,0.63
8328,Transformers: Prime,3DS,2012,Action,Activision,0.13,0.03,0,0.01,0.17
7733,Mana Khemia 2: Fall of Alchemy,PS2,2008,Role-Playing,Gust,0.07,0.05,0.05,0.02,0.2
3020,Wolfenstein: The New Order,XOne,2014,Shooter,Bethesda Softworks,0.33,0.28,0,0.06,0.67
16121,Football Manager 2005,PC,2004,Sports,Sega,0,0.01,0,0,0.01
10295,Lady Sia,GBA,2001,Platform,TDK Mediactive,0.08,0.03,0,0,0.11
4689,Quake II,PS,1998,Shooter,Activision,0.23,0.16,0,0.03,0.41
12821,Hail to the Chimp,X360,2008,Misc,Gamecock,0.05,0,0,0,0.06
6776,Catz,GBA,2005,Simulation,Ubisoft,0.18,0.06,0,0,0.24
6114,Disney's Extreme Skate Adventure,GBA,2003,Sports,Activision,0.2,0.08,0,0.01,0.28
2702,Super Monkey Ball: Touch & Roll,DS,2005,Misc,Sega,0.7,0.01,0,0.06,0.76
1533,Tom Clancy's Rainbow Six: Siege,XOne,2015,Shooter,Ubisoft,0.73,0.44,0,0.12,1.29
7885,ESPN International Track & Field,PS2,2000,Sports,Konami Digital Entertainment,0.09,0.07,0,0.02,0.19
3707,Front Mission 4,PS2,2003,Strategy,Square Enix,0.14,0.11,0.25,0.04,0.54
3030,The LEGO Movie Videogame,PS4,2014,Action,Warner Bros. Interactive Entertainment,0.24,0.31,0.01,0.11,0.67
15743,TV Anime Idolm@ster: Cinderella Girls G4U! Pack Vol.4,PS3,2015,Action,Namco Bandai Games,0,0,0.02,0,0.02
8132,Brink,PC,2011,Shooter,Bethesda Softworks,0.06,0.09,0,0.03,0.18
5436,Avatar: The Last Airbender,DS,2006,Adventure,THQ,0.3,0.01,0,0.03,0.34
2368,Star Wars: Rebel Assault II - The Hidden Empire,PS,1996,Shooter,CTO SpA,0.49,0.33,0,0.06,0.88
12453,Shining Force Feather,DS,2009,Strategy,Sega,0,0,0.06,0,0.06
1500,LEGO Batman: The Videogame,PSP,N/A,Action,Warner Bros. Interactive Entertainment,0.57,0.46,0,0.28,1.32
16574,Grisaia no Kajitsu: La Fruit de la Grisaia,PSP,2013,Adventure,Prototype,0,0,0.01,0,0.01
9204,Barbie Explorer,PS,2001,Platform,Unknown,0.08,0.05,0,0.01,0.14
15961,Drone Tactics,DS,2007,Strategy,Success,0.01,0,0,0,0.02
10890,The Legend of Heroes: A Tear of Vermillion,PSP,2005,Role-Playing,Namco Bandai Games,0.08,0,0,0.01,0.09
3762,NCAA March Madness 06,PS2,2005,Sports,Electronic Arts,0.45,0.02,0,0.07,0.53
10649,Ultimate Marvel vs. Capcom 3,PS3,2011,Fighting,Capcom,0,0.04,0.04,0.01,0.1
1369,Toy Story 3: The Video Game,Wii,2010,Action,Disney Interactive Studios,0.64,0.63,0,0.14,1.41
12284,Aggressive Inline,XB,2002,Sports,Acclaim Entertainment,0.05,0.01,0,0,0.06
5599,Kinetica,PS2,2001,Racing,Sony Computer Entertainment,0.16,0.12,0,0.04,0.32
7128,NHL FaceOff 2003,PS2,2002,Sports,Sony Computer Entertainment,0.11,0.09,0,0.03,0.23
10642,GT64 Championship Edition,N64,1998,Racing,Ocean,0.08,0.02,0,0,0.1
12476,Super Robot Wars OG Saga Masou Kishin F: Coffin of the End,PS3,2014,Strategy,Namco Bandai Games,0,0,0.06,0,0.06
2838,Test Drive 6,PS,1999,Racing,Atari,0.4,0.27,0,0.05,0.72
1002,The Urbz: Sims in the City,PS2,2004,Simulation,Electronic Arts,0.52,0.95,0,0.29,1.76
8606,TimeShift,PS3,2007,Shooter,Vivendi Games,0.14,0.01,0,0.01,0.16
12966,Virtua Striker 2002,GC,2002,Sports,Sega,0.01,0,0.03,0,0.05
5669,From TV Animation One Piece: Grand Battle! 3,PS2,2003,Fighting,Namco Bandai Games,0,0,0.32,0,0.32
3767,Legacy of Kain: Defiance,PS2,2003,Action,Eidos Interactive,0.26,0.2,0,0.07,0.53
16318,Gakuen Hetalia,DS,2012,Adventure,Idea Factory,0,0,0.01,0,0.01
1710,Pro Yakyuu Family Stadium '88,NES,1988,Sports,Namco Bandai Games,0.1,0,1.08,0,1.18
1576,Hyrule Warriors,WiiU,2014,Action,Nintendo,0.61,0.42,0.13,0.1,1.26
13087,Apassionata: Die Galanacht der Pferde,DS,2009,Simulation,RTL,0,0.04,0,0.01,0.05
1545,Assassin's Creed Syndicate,XOne,2015,Action,Ubisoft,0.61,0.56,0,0.11,1.28
6678,NHL 06,XB,2005,Sports,Electronic Arts,0.19,0.05,0,0.01,0.25
16556,Bound By Flame,X360,2014,Role-Playing,N/A,0,0.01,0,0,0.01
13130,Detective Conan: Prelude from the Past,DS,2012,Action,Namco Bandai Games,0,0,0.05,0,0.05
2585,Resident Evil: Revelations,PS3,2013,Action,Capcom,0.14,0.32,0.22,0.12,0.8
15225,Kuon,PS2,2004,Adventure,Indie Games,0.01,0.01,0,0,0.02
7456,Dragon Ball Z: Harukanaru Densetsu,DS,2007,Role-Playing,Namco Bandai Games,0.19,0,0,0.02,0.21
12820,Death Jr. II: Root of Evil,PSP,2006,Platform,Konami Digital Entertainment,0.05,0,0,0,0.06
338,MySims,DS,2007,Simulation,Electronic Arts,1.59,1.61,0.08,0.41,3.69
5851,NASCAR 2011: The Game,X360,2011,Racing,Activision,0.29,0,0,0.02,0.3
2345,Dissidia 012: Duodecim Final Fantasy,PSP,2011,Fighting,Square Enix,0.21,0.13,0.46,0.08,0.89
4488,Just Dance: Summer Party,Wii,2011,Misc,Ubisoft,0.41,0,0,0.03,0.44
12404,Valentino Rossi: The Game,PS4,2016,Racing,Namco Bandai Games,0.01,0.05,0,0.01,0.06
55,Gran Turismo 5,PS3,2010,Racing,Sony Computer Entertainment,2.96,4.88,0.81,2.12,10.77
16230,Sengoku Basara 2 Heroes,Wii,2007,Action,Capcom,0,0,0.01,0,0.01
8105,A.C.E.: Another Century's Episode 2,PS2,2006,Simulation,Banpresto,0,0,0.18,0,0.18
14779,3DS Classic Collection,3DS,2016,Misc,Sega,0.02,0,0,0,0.03
3072,Rocksmith 2014,PC,2013,Misc,Ubisoft,0.35,0.24,0,0.07,0.66
8483,Rio,DS,2011,Misc,THQ,0.12,0.03,0,0.01,0.16
9621,SkullMonkeys,PS,1998,Platform,DreamWorks Interactive,0.07,0.05,0,0.01,0.13
10577,Minority Report: Everybody Runs,GC,2002,Action,Activision,0.08,0.02,0,0,0.1
15239,Puyo Puyo! 15th Anniversary,PSP,2007,Puzzle,Sega,0,0,0.02,0,0.02
1423,Pocket Monsters Stadium,N64,1998,Strategy,Nintendo,0,0,1.37,0,1.37
9510,Last Bronx,SAT,1996,Fighting,Sega,0,0,0.13,0,0.13
16284,CT Special Forces 2: Back in the Trenches,GBA,2003,Shooter,LSP Games,0.01,0,0,0,0.01
14562,Hyperdimension Neptunia Vs. Sega Hard Girls: Yume no Gattai Special,PSV,2015,Role-Playing,Compile Heart,0,0,0.03,0,0.03
15911,Adventure Time: The Secret of the Nameless,3DS,2014,Adventure,Little Orbit,0.01,0,0,0,0.02
4762,TNA iMPACT!,PS3,2008,Fighting,Midway Games,0.22,0.12,0,0.06,0.41
4127,Skylanders: SuperChargers,WiiU,2015,Action,Activision,0.25,0.18,0,0.04,0.48
8296,Age of Empires III: Complete Collection,PC,2009,Strategy,Microsoft Game Studios,0.01,0.12,0,0.03,0.17
3310,Half-Life 2,XB,2005,Shooter,Electronic Arts,0.37,0.21,0,0.03,0.61
8571,Little League World Series Baseball 2009,Wii,2009,Sports,Activision,0.15,0,0,0.01,0.16
14180,Nobunaga's Ambition: Sphere of Influence - Sengoku Risshiden,PS3,2016,Misc,Tecmo Koei,0,0,0.03,0,0.03
12044,Shrek's Carnival Craze Party Games,PS2,2008,Misc,Activision,0.03,0.03,0,0.01,0.07
997,State of Emergency,PS2,2002,Action,Take-Two Interactive,0.86,0.67,0,0.22,1.76
3395,Medal of Honor: Frontline,GC,2002,Shooter,Electronic Arts,0.46,0.12,0,0.02,0.59
7256,Transformers: Devastation,PS4,2015,Action,Activision,0.1,0.08,0,0.04,0.22
5580,The Witcher: Enhanced Edition,PC,2008,Role-Playing,Atari,0.32,0.01,0,0,0.32
9332,Legendary,PS3,2008,Shooter,Atari,0.08,0.03,0,0.02,0.13
7405,Summoner 2,PS2,2002,Role-Playing,THQ,0.1,0.08,0,0.03,0.21
928,The Legend of Dragoon,PS,1999,Role-Playing,Sony Computer Entertainment,0.94,0.44,0.39,0.1,1.86
7504,Enchanted Arms,PS3,2007,Role-Playing,Ubisoft,0.17,0.01,0,0.02,0.2
13724,Metal Max Returns,SNES,1995,Role-Playing,Data East,0,0,0.04,0,0.04
14880,D.C. III: Da Capo III,PSP,2013,Adventure,Kadokawa Games,0,0,0.03,0,0.03
3506,Shin Megami Tensei IV,3DS,2013,Role-Playing,Atlus,0.28,0,0.27,0.02,0.57
13010,Tiny Toon Adventures: Toonenstein - Dare to Scare,PS,1998,Action,Swing! Entertainment,0.03,0.02,0,0,0.05
15276,Thomas & Friends: Hero of the Rails,Wii,2010,Misc,Unknown,0,0.02,0,0,0.02
2042,Pong: The Next Level,PS,1998,Puzzle,Hasbro Interactive,0.56,0.38,0,0.07,1.01
12374,Jurassic Park III: Park Builder,GBA,2001,Simulation,Konami Digital Entertainment,0.04,0.02,0,0,0.06
2292,Sonic Mega Collection Plus,XB,2004,Misc,Sega,0.61,0.26,0,0.04,0.91
5455,Digimon World: Dawn / Dusk,DS,2007,Role-Playing,Namco Bandai Games,0.14,0,0.18,0.01,0.33
8845,Saint Seiya: Soldiers' Soul,PS4,2015,Fighting,Namco Bandai Games,0,0.09,0.04,0.02,0.15
4621,Ghost Trick: Phantom Detective,DS,2010,Adventure,Capcom,0.2,0.08,0.12,0.03,0.42
1572,Tamagotchi Connection: Corner Shop,DS,2005,Simulation,Atari,0.1,0.02,1.12,0.01,1.26
10247,Planet 51,X360,2009,Action,Sega,0.07,0.03,0,0.01,0.11
1941,Aliens vs Predator,X360,2010,Shooter,Sega,0.55,0.4,0,0.11,1.06
10849,NFL Blitz 20-02,XB,2002,Sports,Midway Games,0.07,0.02,0,0,0.09
12188,Petz: Hamsterz Bunch,PSP,2009,Simulation,Ubisoft,0.06,0,0,0.01,0.07
9252,Far Cry: Primal,PC,2016,Action,Ubisoft,0.04,0.09,0,0.01,0.14
11333,Get Fit with Mel B,X360,N/A,Sports,Black Bean Games,0,0.07,0,0.01,0.08
9047,Just Cause,X360,2006,Action,Eidos Interactive,0.1,0.03,0.01,0.01,0.14
4987,Dragon's Crown,PSV,2013,Role-Playing,Nippon Ichi Software,0.16,0.05,0.12,0.05,0.38
1465,Command & Conquer: Red Alert 2,PC,2000,Strategy,Electronic Arts,1.32,0.02,0,0,1.34
11319,Onimusha Tactics,GBA,2003,Strategy,Capcom,0.06,0.02,0,0,0.08
13695,Deadliest Warrior: Ancient Combat,X360,2012,Fighting,Cloud Imperium Games Corporation,0.04,0,0,0,0.04
7955,Thomas the Tank Engine & Friends,GBA,2004,Adventure,N/A,0.13,0.05,0,0,0.19
5958,RealSports Boxing,2600,1986,Sports,Atari,0.28,0.02,0,0,0.29
5959,Imagine: Makeup Artist,DS,2020,Simulation,Ubisoft,0.27,0,0,0.02,0.29
3623,Rapala Tournament Fishing!,Wii,2006,Sports,Activision,0.51,0,0,0.04,0.56
8874,Odin Sphere: Leifthrasir,PSV,2016,Role-Playing,Nippon Ichi Software,0.02,0.03,0.08,0.02,0.15
12169,Penguins of Madagascar,3DS,2014,Action,Namco Bandai Games,0,0.06,0,0,0.07
4712,300: March to Glory,PSP,2007,Action,Warner Bros. Interactive Entertainment,0.27,0.08,0,0.06,0.41
4592,Medal of Honor Heroes 2,Wii,2007,Shooter,Electronic Arts,0.34,0.04,0.01,0.04,0.42
6578,Tokyo Jungle,PS3,2012,Action,Sony Computer Entertainment,0,0,0.26,0,0.26
9412,My Baby: First Steps,Wii,2009,Simulation,SouthPeak Games,0.12,0,0,0.01,0.13
6379,America's Test Kitchen: Let's Get Cooking,DS,2010,Simulation,Nintendo,0.25,0,0,0.02,0.27
6900,X-Men: Destiny,X360,2011,Action,Activision,0.18,0.05,0,0.02,0.24
6376,NASCAR Thunder 2003,XB,2002,Racing,Electronic Arts,0.2,0.06,0,0.01,0.27
3126,Disney Sing It: Party Hits,Wii,2010,Misc,Disney Interactive Studios,0.5,0.11,0,0.05,0.65
11481,NHL Breakaway 99,N64,1998,Sports,Acclaim Entertainment,0.07,0.01,0,0,0.08
10485,Momotarou Dentetsu 16,Wii,2007,Misc,Hudson Soft,0,0,0.1,0,0.1
14443,Eyeshield 21: DevilBats DevilDays,GBA,2006,Role-Playing,Nintendo,0,0,0.03,0,0.03
5836,"Army Men World War: Land, Sea, Air",PS,2000,Action,3DO,0.17,0.12,0,0.02,0.3
9263,BlazBlue: Chrono Phantasma Extend,PS4,2015,Action,PQube,0.07,0.03,0.02,0.02,0.14
15181,Puzzle Challenge: Crosswords and More!,PS2,2006,Puzzle,Crave Entertainment,0.01,0.01,0,0,0.02
6087,BeatMania Append 4thMix: The beat goes on,PS,1999,Simulation,Konami Digital Entertainment,0,0,0.27,0.02,0.29
9007,Where the Wild Things Are,DS,2009,Platform,Warner Bros. Interactive Entertainment,0.13,0,0,0.01,0.14
5673,Shin Super Robot Taisen Special Disk,PS,1997,Strategy,Banpresto,0,0,0.3,0.02,0.32
12999,Piglet's Big Game,GBA,2003,Platform,THQ,0.04,0.01,0,0,0.05
7167,Skies of Arcadia Legends,GC,2002,Role-Playing,Atari,0.17,0.04,0,0.01,0.22
7768,Power Pro Kun Pocket 12,DS,2009,Sports,Konami Digital Entertainment,0,0,0.19,0,0.19
453,World Class Track Meet,NES,1986,Sports,Namco Bandai Games,1.92,0.45,0.64,0.07,3.08
9190,Sid Meier's Pirates!,XB,2005,Strategy,Take-Two Interactive,0.11,0.03,0,0.01,0.14
10775,Tokimeki Memorial: Taisen Pazurudama,PS,1996,Puzzle,Konami Digital Entertainment,0,0,0.09,0.01,0.1
12680,The Amazing Spider-Man 2 (2014),WiiU,2014,Action,Activision,0.03,0.02,0,0,0.06
4315,Missile Command,PS,1999,Shooter,Atari,0.25,0.17,0,0.03,0.45
14682,Schlag den Raab,PC,2010,Misc,Namco Bandai Games,0,0.02,0,0.01,0.03
1164,Devil May Cry 4,PS3,2008,Action,Capcom,0.58,0.46,0.34,0.21,1.59
3870,Harry Potter and the Prisoner of Azkaban,GBA,2004,Action,Electronic Arts,0.37,0.14,0,0.01,0.52
12755,Dino Pets,DS,2009,Simulation,Avanquest,0.05,0,0,0,0.06
7220,Cursed Mountain,Wii,2009,Adventure,Deep Silver,0.09,0.1,0,0.02,0.22
11943,Damnation,X360,2009,Shooter,Codemasters,0.06,0.01,0,0.01,0.07
9008,Pipe Dreams 3D,PS,2001,Puzzle,Empire Interactive,0.08,0.05,0,0.01,0.14
6569,Legendary,X360,2008,Shooter,Atari,0.08,0.15,0,0.03,0.26
1898,Grand Theft Auto V,PC,2015,Action,Take-Two Interactive,0.36,0.64,0,0.08,1.08
2174,ESPN NBA 2K5,XB,2004,Sports,Global Star,0.88,0.04,0,0.04,0.95
12383,LEGO Bionicle,GBA,2001,Platform,LEGO Media,0.04,0.02,0,0,0.06
4825,Iron Man 2,PS3,2010,Action,Sega,0.14,0.19,0,0.07,0.4
3581,Phineas and Ferb: Across the 2nd Dimension,DS,2011,Action,Disney Interactive Studios,0.32,0.19,0,0.05,0.56
6499,Babysitting Mania,DS,2008,Simulation,Majesco Entertainment,0.24,0,0,0.02,0.26
16291,ef - a fairy tale of the two.,PS2,2010,Adventure,Comfort,0,0,0.01,0,0.01
8227,Sports Illustrated for Kids: Baseball,GBA,2001,Sports,BAM! Entertainment,0.12,0.05,0,0,0.17
14676,Kaitou Tenshi Twin Angel: Toki to Sekai no Meikyuu,PSP,2011,Adventure,Alchemist,0,0,0.03,0,0.03
6295,Hatsune Miku: Project Diva f,PS3,2013,Misc,Sega,0.08,0,0.19,0.01,0.27
15165,Zathura,XB,2005,Adventure,Take-Two Interactive,0.02,0,0,0,0.02
12244,Walt Disney Pictures Presents Enchanted,DS,2007,Platform,Disney Interactive Studios,0.04,0.01,0,0.01,0.07
7932,F1 2011,PC,2011,Racing,Codemasters,0,0.15,0,0.04,0.19
170,Final Fantasy XIII,PS3,2009,Role-Playing,Square Enix,1.74,1.24,1.87,0.52,5.36
15037,PDC World Championship Darts: Pro Tour,X360,2010,Sports,O-Games,0,0.02,0,0,0.02
4706,Farming Simulator 2015,X360,2015,Simulation,Koch Media,0.21,0.16,0,0.04,0.41
27,Pokemon Black/Pokemon White,DS,2010,Role-Playing,Nintendo,5.57,3.28,5.65,0.82,15.32
8204,My French Coach,DS,2007,Misc,Ubisoft,0.15,0.02,0,0.01,0.18
13405,City Life: World Edition,PC,2007,Simulation,Monte Christo Multimedia,0,0.04,0,0.01,0.05
15904,Games Explosion!,GBA,2006,Action,THQ,0.01,0,0,0,0.02
5050,Dai-4-Ji Super Robot Taisen,SNES,1995,Strategy,Banpresto,0,0,0.38,0,0.38
924,Donkey Kong Country Returns,3DS,2013,Platform,Nintendo,0.73,0.62,0.4,0.12,1.87
5,Pokemon Red/Pokemon Blue,GB,1996,Role-Playing,Nintendo,11.27,8.89,10.22,1,31.37
857,SimCity,SNES,1991,Simulation,Nintendo,0.93,0.27,0.75,0.04,1.98
15026,Brothers in Arms: Hell's Highway,PC,2008,Shooter,Ubisoft,0,0.02,0,0,0.02
4179,Shadowrun,X360,2007,Role-Playing,Microsoft Game Studios,0.41,0.02,0,0.04,0.47
13660,Heroes of Might and Magic V,PC,2006,Strategy,Ubisoft,0,0.03,0,0.01,0.04
776,Project Gotham Racing,XB,2001,Racing,Microsoft Game Studios,1.37,0.61,0.05,0.09,2.12
14656,Age of Conan: Rise of the Godslayer,PC,2010,Role-Playing,Funcom,0,0.02,0,0,0.03
461,Epic Mickey,Wii,2010,Platform,Disney Interactive Studios,2.06,0.64,0.12,0.22,3.04
1546,Army Men 3D,PS,1999,Action,3DO,1.1,0.14,0,0.04,1.28
12106,The Putter Golf,PS,2001,Sports,D3Publisher,0.04,0.03,0,0,0.07
4484,Nicktoons: Attack of the Toybots,Wii,2007,Platform,THQ,0.4,0,0,0.03,0.44
483,Hitman 2: Silent Assassin,PS2,2002,Action,Eidos Interactive,1.36,1.15,0.04,0.41,2.96
13969,Winning Post 8,PSV,2014,Racing,Tecmo Koei,0,0,0.04,0,0.04
12797,Tom Clancy's Rainbow Six 3,GC,2004,Shooter,Ubisoft,0.04,0.01,0,0,0.06
15378,Chuugen no Hasha: Sangoku Shouseiden,PSP,2006,Strategy,Namco Bandai Games,0,0,0.02,0,0.02
13551,Castle of Shikigami III,Wii,2007,Shooter,PQube,0.04,0,0,0,0.04
1620,Guitar Hero: Aerosmith,X360,2008,Misc,Activision,1,0.14,0,0.1,1.23
10558,Pro Evolution Soccer 2016,XOne,2015,Sports,Konami Digital Entertainment,0.03,0.06,0,0.01,0.1
12368,Mystic Heroes,PS2,2002,Action,Tecmo Koei,0.03,0.02,0,0.01,0.06
2580,All Star Cheer Squad,Wii,2008,Sports,THQ,0.43,0.29,0,0.08,0.8
11930,Mahjong Fight Club DS: Wi-Fi Taiou,DS,2006,Misc,Konami Digital Entertainment,0,0,0.07,0,0.07
13434,Pool Hall Pro,Wii,2009,Sports,Playlogic Game Factory,0.04,0,0,0,0.05
11297,SeaWorld Adventure Parks: Shamu's Deep Sea Adventure,GBA,2005,Adventure,Activision,0.06,0.02,0,0,0.08
871,Kirby Squeak Squad,DS,2006,Platform,Nintendo,0.79,0.03,1.05,0.08,1.96
8852,The Legend of Heroes: Trails of Cold Steel II,PSV,2014,Role-Playing,Nippon Ichi Software,0.02,0,0.13,0.01,0.15
1537,Mystery Case Files: MillionHeir,DS,2008,Adventure,Nintendo,0.76,0.4,0,0.12,1.29
11767,Generator Rex: Agent of Providence,PS3,2011,Action,Activision,0.05,0.01,0,0.01,0.07
8381,Hot Wheels: Beat That!,X360,2007,Racing,Activision,0.15,0,0,0.01,0.17
9353,Blade II,XB,2002,Action,Activision,0.1,0.03,0,0,0.13
9315,Pro Evolution Soccer 2015,XOne,2014,Sports,Konami Digital Entertainment,0.02,0.1,0,0.01,0.14
3982,Fortune Street,Wii,2011,Misc,Nintendo,0.27,0.04,0.17,0.02,0.5
8920,Capcom Classics Collection,XB,2005,Misc,Capcom,0.11,0.03,0,0.01,0.15
10925,Brain Age: Concentration Training,3DS,2012,Puzzle,Nintendo,0.09,0,0,0.01,0.09
400,Professor Layton and the Unwound Future,DS,2008,Puzzle,Nintendo,0.65,1.61,0.82,0.28,3.36
13688,Lost Planet 3,PC,2013,Shooter,Capcom,0,0.03,0,0.01,0.04
6901,Hello Kitty Seasons,Wii,2010,Adventure,Namco Bandai Games,0.16,0.06,0,0.02,0.24
6047,Madden NFL 08,XB,2007,Sports,Electronic Arts,0.22,0.06,0,0.01,0.29
8420,Blood Bowl,X360,2009,Sports,Focus Home Interactive,0.13,0.03,0,0.01,0.17
7928,SoulCalibur Legends,Wii,2007,Action,Namco Bandai Games,0.16,0.01,0,0.01,0.19
8610,Ener-G Horse Riders,DS,2008,Sports,Ubisoft,0.14,0.01,0,0.01,0.16
3944,Guitar Hero Live,XOne,2015,Misc,Activision,0.29,0.17,0,0.05,0.51
10604,Lord of Apocalypse,PSV,2011,Role-Playing,Square Enix,0,0,0.1,0,0.1
4696,Mobile Suit Gundam: Gundam vs. Gundam NEXT PLUS,PSP,2009,Fighting,Namco Bandai Games,0,0,0.41,0,0.41
16062,Alfa Romeo Racing Italiano,PS2,2005,Racing,Black Bean Games,0.01,0.01,0,0,0.01
4385,Final Fantasy Collection,PS,1999,Role-Playing,Square,0,0,0.42,0.03,0.45
12661,Hajime no Ippo Portable: Victorious Spirits,PSP,2007,Fighting,Grand Prix Games,0,0,0.06,0,0.06
5211,North American Hunting Extravaganza,Wii,2008,Sports,Zushi Games,0.33,0,0,0.03,0.36
5456,Street Fighter Alpha 3 MAX,PSP,2006,Fighting,Capcom,0.27,0.01,0.02,0.03,0.33
3379,Major League Baseball 2K7,PS2,2007,Sports,Spike,0.29,0.23,0,0.08,0.6
5298,One Piece: Gigant Battle 2 Shin Sekai,DS,2011,Fighting,Namco Bandai Games,0,0,0.35,0,0.35
11167,Bomberman Land Touch!,DS,2006,Puzzle,Rising Star Games,0.04,0,0.04,0,0.09
1152,Dollar Dash,PS2,2005,Action,Take-Two Interactive,1.3,0.23,0,0.07,1.6
15850,Final Fantasy XI: All-In-One Pack 2006,X360,2006,Role-Playing,Square Enix,0,0,0.02,0,0.02
2824,Style Savvy: Trendsetters,3DS,2012,Simulation,Nintendo,0.16,0.02,0.53,0.01,0.72
6322,The Adventures of Tintin: The Game,PS3,2011,Action,Ubisoft,0.06,0.16,0,0.05,0.27
7064,Family Fest presents: Movie Games,Wii,2008,Action,Ubisoft,0.2,0.01,0,0.02,0.23
6075,BlazBlue: Chrono Phantasma,PS3,2013,Fighting,Arc System Works,0.13,0,0.14,0.02,0.29
10870,Altered Beast: Guardian of the Realms,GBA,2002,Action,THQ,0.07,0.02,0,0,0.09
4352,Plants vs. Zombies: Garden Warfare 2,PS4,2016,Shooter,Electronic Arts,0.17,0.21,0,0.07,0.45
15829,Exhibition Volume 6,XB,2004,Misc,Microsoft Game Studios,0.01,0,0,0,0.02
15763,Discworld II: Mortality Bytes!,PS,1996,Adventure,Psygnosis,0.01,0.01,0,0,0.02
10176,Machinarium,PC,2009,Adventure,Daedalic,0,0.09,0,0.02,0.11
12160,Heroes Phantasia,PSP,2012,Role-Playing,Namco Bandai Games,0,0,0.07,0,0.07
15686,Machi: Unmei no Kousaten,PSP,2006,Adventure,ChunSoft,0,0,0.02,0,0.02
2867,Resident Evil: Survivor,PS,2000,Action,Eidos Interactive,0.23,0.15,0.29,0.05,0.71
10621,Vanishing Point,PS,2001,Racing,Acclaim Entertainment,0.06,0.04,0,0.01,0.1
15621,Ben 10 Omniverse 2,3DS,2013,Action,Namco Bandai Games,0,0.02,0,0,0.02
7178,Petz Rescue: Endangered Paradise,DS,2008,Adventure,Ubisoft,0.21,0,0,0.02,0.22
1151,Moshi Monsters: Moshling Zoo,DS,2011,Misc,Activision,0.4,0.99,0,0.22,1.6
587,Harry Potter and the Chamber of Secrets,PS2,2002,Action,Electronic Arts,0.9,1.22,0.04,0.44,2.61
15124,Test Drive Unlimited,PC,2007,Racing,Atari,0,0.02,0,0,0.02
1586,Star Wars: The Force Unleashed,PS2,2008,Action,LucasArts,0.49,0,0.01,0.75,1.25
4396,WWE Day of Reckoning,GC,2004,Fighting,THQ,0.35,0.09,0,0.01,0.45
14755,Star Wars The Clone Wars: Republic Heroes,PC,2009,Action,LucasArts,0,0.02,0,0,0.03
12400,Taiko no Tatsujin: Atsumete Tomodachi Daisakusen!,WiiU,2015,Misc,Namco Bandai Games,0,0,0.06,0,0.06
1895,NASCAR Thunder 2004,PS2,2003,Racing,Electronic Arts,0.53,0.41,0,0.14,1.08
5119,Tiger Woods PGA Tour 12: The Masters,Wii,2011,Sports,Electronic Arts,0.21,0.13,0,0.03,0.37
13228,Downtown no Gaki no Tsukai Yaarahen de!! Zettai ni Tsukamatte Haikenai Gasu Kurobikari Land,3DS,2015,Action,Alchemist,0,0,0.05,0,0.05
7339,Speed Racer: The Videogame,PS2,2008,Racing,Warner Bros. Interactive Entertainment,0.1,0.08,0,0.03,0.21
5659,Dragster,2600,N/A,Racing,Activision,0.3,0.02,0,0,0.32
10509,Zombie Army Trilogy,XOne,2015,Shooter,Rebellion Developments,0.04,0.05,0,0.01,0.1
8252,Cabela's Big Game Hunter: Hunting Party,X360,2011,Sports,Activision,0.16,0,0,0.01,0.17
4896,Bump 'n' Jump,2600,1982,Racing,Mattel Interactive,0.37,0.02,0,0,0.39
690,Chrono Trigger,SNES,1995,Role-Playing,SquareSoft,0.28,0,2.02,0.01,2.31
11395,FIFA Soccer 2005,GBA,2004,Sports,Electronic Arts,0.06,0.02,0,0,0.08
2759,Borderlands: The Pre-Sequel,X360,2014,Shooter,Take-Two Interactive,0.46,0.22,0.01,0.06,0.75
15639,Haneru no Tobira Wii: Girigirissu,Wii,2007,Misc,Namco Bandai Games,0,0,0.02,0,0.02
9887,Uta no * Prince-Sama: All Star,PSP,2013,Action,Broccoli,0,0,0.12,0,0.12
12206,Gambler Densetsu Tetsuya,PS2,2001,Adventure,Athena,0,0,0.07,0,0.07
6780,Trials Fusion,XOne,2014,Racing,Ubisoft,0.12,0.1,0,0.02,0.24
13626,Amagami,PSV,2014,Adventure,Kadokawa Games,0,0,0.04,0,0.04
14957,Steel Battalion: Line of Contact,XB,2004,Simulation,Capcom,0.02,0.01,0,0,0.02
2852,Monster Hunter Tri,WiiU,2012,Role-Playing,Nintendo,0.26,0.19,0.22,0.04,0.72
1411,Gardening Mama,DS,2009,Puzzle,505 Games,0.8,0.43,0.01,0.13,1.38
11936,Homie Rollerz,DS,2008,Racing,Destineer,0.07,0,0,0.01,0.07
9486,Rango: The Video Game,X360,2011,Action,Electronic Arts,0.06,0.06,0,0.01,0.13
11111,The Mummy: Tomb of the Dragon Emperor,DS,2008,Action,Vivendi Games,0.08,0,0,0.01,0.09
11158,Jumper: Griffin's Story,Wii,2008,Action,Eidos Interactive,0.08,0,0,0.01,0.09
13768,Antz Extreme Racing,PS2,2002,Racing,Empire Interactive,0.02,0.02,0,0.01,0.04
1536,Guitar Hero: Aerosmith,Wii,2008,Misc,Activision,1.04,0.14,0,0.1,1.29
14213,M&Ms Shell Shocked,PS,2001,Action,Berkeley,0.02,0.01,0,0,0.03
9539,NBA 08,PS2,2007,Sports,Sony Computer Entertainment,0.06,0.05,0,0.02,0.13
16528,Blazer Drive,DS,2008,Role-Playing,Sega,0,0,0.01,0,0.01
9875,Onimusha: Blade Warriors,PS2,2003,Fighting,Capcom,0.06,0.05,0,0.02,0.12
13618,The Sims 2: Pets,PC,2006,Simulation,Electronic Arts,0.01,0.02,0,0.01,0.04
5238,Dance Dance Revolution 3rdMix,PS,2000,Simulation,Konami Digital Entertainment,0,0,0.33,0.02,0.36
10670,Kiku! Kaku! Kotoba o Fuyasu! Hajimete no Eigo Training,DS,2007,Misc,Benesse,0,0,0.1,0,0.1
734,Devil May Cry 3: Dante's Awakening Special Edition,PS2,2006,Action,Capcom,1.06,0.82,0.05,0.28,2.21
13743,Rally Challenge 2000,N64,1999,Racing,Imagineer,0.03,0.01,0,0,0.04
7558,Spectrobes: Origins,Wii,2009,Role-Playing,Disney Interactive Studios,0.16,0.02,0,0.02,0.2
12382,Sudoku Ball Detective,DS,2009,Puzzle,Playlogic Game Factory,0.06,0,0,0,0.06
14484,Power Rangers Super Megaforce,3DS,2014,Action,Namco Bandai Games,0.01,0.01,0,0,0.03
8654,Sniper: Ghost Warrior,PC,2010,Shooter,City Interactive,0,0.13,0,0.03,0.16
1830,Guitar Hero 5,PS2,2009,Misc,Activision,0.28,0.3,0,0.54,1.12
14296,Foto Showdown,DS,2010,Role-Playing,Unknown,0.03,0,0,0,0.03
7271,Rugby 2004,PS2,2003,Sports,Electronic Arts,0.11,0.08,0,0.03,0.22
85,GoldenEye 007,N64,1997,Shooter,Nintendo,5.8,2.01,0.13,0.15,8.09
14389,Stacked with Daniel Negreanu,XB,2006,Misc,Myelin Media,0.02,0.01,0,0,0.03
3968,Chopper Command,2600,1982,Shooter,Activision,0.47,0.03,0,0.01,0.5
16511,The Rise of the Argonauts,PC,2008,Role-Playing,Codemasters,0,0.01,0,0,0.01
3005,Country Dance,Wii,2011,Misc,Funbox Media,0.59,0.04,0,0.04,0.68
15990,Blackthorne,GBA,2003,Action,Activision,0.01,0,0,0,0.01
427,Dragon Quest VI: Maboroshi no Daichi,SNES,1995,Role-Playing,Enix Corporation,0,0,3.19,0,3.19
5239,Ryu Ga Gotoku Kenzan!,PS3,2008,Adventure,Sega,0,0,0.36,0,0.36
2522,Rocket Power: Beach Bandits,PS2,2002,Platform,THQ,0.4,0.31,0,0.1,0.82
13127,Dead in the Water,PS,1999,Action,ASC Games,0.03,0.02,0,0,0.05
5105,Mini Ninjas,Wii,2009,Action,Eidos Interactive,0.17,0.17,0,0.04,0.37
10027,Retro Game Challenge,DS,2007,Action,Namco Bandai Games,0,0,0.11,0,0.11
9828,Dora the Explorer: Dora Saves the Mermaids,PS2,2008,Platform,Take-Two Interactive,0.06,0.05,0,0.02,0.12
1195,LEGO Marvel Super Heroes,PS4,2013,Action,Warner Bros. Interactive Entertainment,0.59,0.75,0.01,0.21,1.56
6015,Hamster Club 4: Shigessa Daidassou,GBA,2003,Simulation,Jorudan,0,0,0.28,0.01,0.29
12371,Tron 2.0: Killer App,GBA,2004,Action,Disney Interactive Studios,0.04,0.02,0,0,0.06
11755,Buster Bros. Collection,PS,1997,Puzzle,Capcom,0.04,0.03,0,0,0.07
3756,The Incredible Hulk: Ultimate Destruction,PS2,2005,Action,Vivendi Games,0.26,0.2,0,0.07,0.54
13962,The Sum of All Fears,GBA,2002,Shooter,Ubisoft,0.03,0.01,0,0,0.04
9546,Puppies 3D,3DS,2011,Misc,Ubisoft,0.08,0.04,0,0.01,0.13
1476,The Sims: Bustin' Out,GBA,2003,Simulation,Electronic Arts,0.93,0.35,0,0.06,1.33
521,Finding Nemo,GBA,2003,Action,THQ,1.59,1.05,0.04,0.14,2.82
15930,Race Driver: Create & Race,DS,2007,Racing,Codemasters,0.01,0,0,0,0.02
8957,Blazing Dragons,PS,1996,Adventure,Crystal Dynamics,0.08,0.06,0,0.01,0.15
8343,Codename: Kids Next Door: Game Boy Advance Video Volume 1,GBA,2004,Misc,N/A,0.12,0.05,0,0,0.17
9583,Assassination Classroom: Grand Siege on Kuro-sensei,3DS,2015,Action,Namco Bandai Games,0,0,0.13,0,0.13
8170,Super Robot Taisen A Portable,PSP,2008,Strategy,Namco Bandai Games,0,0,0.18,0,0.18
14975,TV Anime Idolm@ster: Cinderella Girls G4U! Pack Vol.1,PS3,2015,Action,Namco Bandai Games,0,0,0.02,0,0.02
4618,Mobile Suit Gundam: Gundam vs. Gundam,PSP,2008,Fighting,Namco Bandai Games,0,0,0.42,0,0.42
9132,Bravo Air Race,PS,1997,Racing,THQ,0.08,0.05,0,0.01,0.14
3816,The Walking Dead: Survival Instinct,PS3,2013,Shooter,Activision,0.28,0.17,0,0.08,0.53
6583,Armored Core: Master of Arena,PS,1999,Simulation,From Software,0.07,0.05,0.13,0.02,0.26
5009,Headhunter,PS2,2002,Action,Sega,0.19,0.15,0,0.05,0.38
6633,Galactic Attack,SAT,1994,Shooter,Acclaim Entertainment,0,0,0.25,0,0.25
4303,Top Spin,XB,2003,Sports,Microsoft Game Studios,0.36,0.08,0,0.02,0.46
12595,Kelly Slater's Pro Surfer,GC,2002,Sports,Activision,0.05,0.01,0,0,0.06
12477,Hagane no Renkinjutsushi - Fullmetal Alchemist: Yakusoku no Hi e,PSP,2010,Action,Namco Bandai Games,0,0,0.06,0,0.06
15897,Antz Extreme Racing,XB,2002,Racing,Empire Interactive,0.01,0,0,0,0.02
9567,Brothers in Arms: Double Time,Wii,2008,Shooter,Ubisoft,0.11,0,0,0.01,0.13
8778,Enthusia Professional Racing,PS2,2005,Racing,Konami Digital Entertainment,0.07,0.06,0,0.02,0.15
1792,South Park,N64,1998,Shooter,Acclaim Entertainment,0.9,0.23,0,0.02,1.14
8983,Sonic Advance & Sonic Pinball Party Combo Pack,GBA,2005,Misc,Sega,0.1,0.04,0,0,0.15
2429,Forza Horizon 2,X360,2014,Racing,Microsoft Game Studios,0.35,0.43,0,0.07,0.85
9620,Doukyuusei 2,SAT,1997,Role-Playing,NEC Interchannel,0,0,0.13,0,0.13
8332,Dragon Ball GT: Game Boy Advance Video Volume 1,GBA,2004,Misc,N/A,0.12,0.05,0,0,0.17
6952,DC Universe Online,PC,2011,Role-Playing,Sony Online Entertainment,0.16,0.06,0,0.02,0.24
13604,Refrain no Chika Meikyuu to Majo no Ryodan,PSV,2016,Action,Nippon Ichi Software,0,0,0.04,0,0.04
10077,18 Wheeler: American Pro Trucker,GC,2002,Racing,Acclaim Entertainment,0.09,0.02,0,0,0.11
3110,Cartoon Network Block Party / Cartoon Network Speedway Double Pack,GBA,2005,Misc,THQ,0.47,0.17,0,0.01,0.65
14622,Triple Pack: Xbox Live Arcade Compilation,X360,2011,Misc,Microsoft Game Studios,0.03,0,0,0,0.03
12037,Catwoman,GC,2004,Action,Electronic Arts,0.05,0.01,0,0,0.07
7780,Disgaea DS,DS,2008,Role-Playing,Square Enix,0.11,0.02,0.05,0.01,0.19
12362,Age of Empires Online,PC,2011,Strategy,Microsoft Game Studios,0.01,0.04,0,0.01,0.06
8426,Super Power League,SNES,1993,Sports,Hudson Soft,0,0,0.17,0,0.17
13339,Clever Kids: Creepy Crawlies,DS,2009,Action,Midas Interactive Entertainment,0,0.04,0,0,0.05
2392,Beijing 2008,PS3,2008,Sports,Sega,0.14,0.54,0.01,0.18,0.87
16598,SCORE International Baja 1000: The Official Game,PS2,2008,Racing,Activision,0,0,0,0,0.01
12958,Pachinko Wars II,SNES,1993,Misc,Coconuts Japan,0,0,0.05,0,0.05
7916,3rd Super Robot Wars Z Jigoku Hen,PSV,2014,Role-Playing,Namco Bandai Games,0,0,0.19,0,0.19
14043,The Croods: Prehistoric Party!,3DS,2013,Misc,D3Publisher,0.01,0.02,0,0,0.04
5054,Etrian Odyssey IV: Legends of the Titans,3DS,2012,Role-Playing,Atlus,0.12,0.05,0.2,0.01,0.38
12079,Robot Alchemic Drive,PS2,2002,Action,Enix Corporation,0.03,0.03,0,0.01,0.07
2732,Spectrobes,DS,2007,Role-Playing,Disney Interactive Studios,0.67,0.03,0,0.06,0.75
7244,G.I. Joe: The Rise of Cobra,Wii,2009,Action,Electronic Arts,0.17,0.03,0,0.02,0.22
10622,SCORE International Baja 1000: The Official Game,Wii,2008,Racing,Activision,0.09,0,0,0.01,0.1
15086,G1 Jockey Wii,Wii,2007,Sports,Tecmo Koei,0,0.01,0.02,0,0.02
10951,NHL 2K8,PS3,2007,Sports,Take-Two Interactive,0.08,0.01,0,0.01,0.09
16301,Nitroplus Blasterz: Heroines Infinite Duel,PS3,2015,Fighting,Nitroplus,0,0,0.01,0,0.01
15600,Frisbee Disc Freestyle / Frisbee Disc Golf,DS,2007,Sports,DSI Games,0.02,0,0,0,0.02
15278,World Championship Poker featuring Howard Lederer: All In,Wii,2006,Misc,505 Games,0.02,0,0,0,0.02
735,Rock Band 2,X360,2008,Misc,Electronic Arts,1.78,0.24,0,0.18,2.2
8520,Midway Arcade Treasures 2,GC,2004,Misc,Midway Games,0.13,0.03,0,0,0.16
6475,Virtua Racing,GEN,1994,Racing,Sega,0,0,0.26,0,0.26
15819,Winning Post 7 2013,PSV,2013,Sports,Tecmo Koei,0,0,0.02,0,0.02
5437,Battlefield: Hardline,X360,2015,Shooter,Electronic Arts,0.17,0.14,0,0.03,0.34
16281,Monster Bomber,DS,2006,Puzzle,505 Games,0.01,0,0,0,0.01
13805,Pure Pinball,XB,2004,Misc,XS Games,0.03,0.01,0,0,0.04
3975,Theatrhythm: Final Fantasy,3DS,2012,Misc,Square Enix,0.22,0.07,0.18,0.02,0.5
13254,Dynasty Warriors Vol. 2,PSP,2006,Action,Tecmo Koei,0.04,0,0,0,0.05
853,Tenchu: Stealth Assassins,PS,1997,Action,Activision,0.95,0.64,0.27,0.13,1.99
7494,X2: Wolverine's Revenge,XB,2003,Platform,Activision,0.15,0.04,0,0.01,0.21
9871,Vacation Isle: Beach Party,Wii,2010,Misc,Warner Bros. Interactive Entertainment,0.09,0.02,0,0.01,0.12
10183,Smash Court Tennis 3,X360,2007,Sports,Atari,0.08,0.02,0,0.01,0.11
10599,NASCAR The Game: Inside Line,X360,2012,Racing,Activision,0.09,0,0,0.01,0.1
16142,Norn + Nonette: Last Era,PSV,2015,Action,Idea Factory,0,0,0.01,0,0.01
10108,Surf's Up,PSP,2007,Sports,Ubisoft,0.02,0.06,0,0.03,0.11
11719,The Idolmaster: Gravure For You! Vol. 3,PS3,2011,Misc,Namco Bandai Games,0,0,0.08,0,0.08
1776,Ratchet & Clank: All 4 One,PS3,2011,Platform,Sony Computer Entertainment,0.75,0.22,0.05,0.12,1.15
13710,NBA in the Zone 2000,N64,2000,Sports,Konami Digital Entertainment,0.04,0,0,0,0.04
15854,Monster Trux Offroad,Wii,2007,Racing,Popcorn Arcade,0.01,0,0,0,0.02
1350,Sonic's Ultimate Genesis Collection,X360,2009,Misc,Sega,0.85,0.46,0,0.13,1.43
1663,Need for Speed Underground,GC,2003,Racing,Electronic Arts,0.69,0.48,0.01,0.03,1.21
11098,Pro Yaky? Spirits 2014,PSP,2014,Sports,Konami Digital Entertainment,0,0,0.09,0,0.09
4867,Harvest Moon: Save the Homeland,PS2,N/A,Simulation,Unknown,0.19,0.15,0,0.05,0.4
10006,Nobunaga no Yabou: Tenshoki,SAT,1995,Strategy,Tecmo Koei,0,0,0.11,0,0.11
2410,SingStar '90s,PS2,2007,Misc,Sony Computer Entertainment,0.1,0.59,0,0.18,0.87
9638,The Stronghold Collection,PC,2009,Strategy,Take-Two Interactive,0.03,0.08,0,0.02,0.13
1893,NFL Blitz 2000,PS,1998,Sports,Midway Games,0.6,0.41,0,0.07,1.09
3508,Blacksite: Area 51,X360,2007,Shooter,Midway Games,0.29,0.23,0,0.06,0.57
12771,Diva Girls: Divas on Ice,DS,2009,Sports,505 Games,0.05,0,0,0,0.06
2355,Seiken Densetsu 3,SNES,1995,Role-Playing,SquareSoft,0,0,0.89,0,0.89
10161,Happy Feet Two,3DS,2011,Action,Warner Bros. Interactive Entertainment,0.08,0.02,0,0.01,0.11
124,Red Dead Redemption,PS3,2010,Action,Take-Two Interactive,2.79,2.61,0.17,1.03,6.6
6527,Armorines: Project S.W.A.R.M.,N64,1999,Shooter,Acclaim Entertainment,0.21,0.05,0,0,0.26
13643,Fashion Week Jr. Designer,DS,2009,Simulation,505 Games,0.04,0,0,0,0.04
1270,Medal of Honor: Frontline,XB,2002,Shooter,Electronic Arts,1,0.43,0,0.06,1.49
14378,Hajime no Ippo: The Fighting! (2014),PS3,2014,Sports,Namco Bandai Games,0,0,0.03,0,0.03
16200,Simple 2000 Series Vol. 120: The Saigo no Nippon Tsuwamono,PS2,2007,Strategy,D3Publisher,0,0,0.01,0,0.01
6711,Marvel: Ultimate Alliance 2,PSP,2009,Role-Playing,Activision,0.17,0.04,0,0.04,0.25
3337,Hot Shots Golf: World Invitational,PSV,2011,Sports,Sony Computer Entertainment,0.19,0.11,0.25,0.06,0.6
1903,NCAA Football 13,X360,2012,Action,Electronic Arts,1.02,0,0,0.06,1.08
3238,Nobunaga no Yabou: Haouden,SNES,1993,Strategy,Tecmo Koei,0.3,0,0.32,0,0.62
3151,LEGO Marvel's Avengers,PS4,2016,Action,Warner Bros. Interactive Entertainment,0.25,0.29,0,0.1,0.64
2094,Cars: Race-O-Rama,Wii,2009,Racing,THQ,0.61,0.3,0,0.09,0.99
1478,Metroid Prime 2: Echoes,GC,2004,Shooter,Nintendo,0.87,0.35,0.07,0.04,1.33
11834,NOëL: La Neige,PS,1998,Adventure,Pioneer LDC,0,0,0.07,0,0.07
347,Pokemon Snap,N64,1999,Simulation,Nintendo,2.23,0.68,0.66,0.06,3.63
4463,Yu-Gi-Oh! 5D's Tag Force 4,PSP,2009,Strategy,Konami Digital Entertainment,0.19,0.07,0.12,0.06,0.44
14730,"Hanayaka Kana, Ware ga Ichizoku Twin Pack",PSP,2011,Misc,Idea Factory,0,0,0.03,0,0.03
4379,Viking: Battle for Asgard,X360,2008,Action,Sega,0.16,0.24,0,0.05,0.45
1885,The Godfather,PS2,2006,Action,Electronic Arts,0.89,0.03,0.01,0.15,1.09
4909,NBA Live 09,PSP,2008,Sports,Electronic Arts,0.23,0.07,0.03,0.06,0.39
6132,Tony Hawk: Shred,PS3,2010,Sports,Activision,0.18,0.07,0,0.04,0.28
16375,"Crouching Tiger, Hidden Dragon",XB,2003,Action,Ubisoft,0.01,0,0,0,0.01
13447,Hakuouki SSL: Sweet School Life,PSV,2014,Adventure,Idea Factory,0,0,0.05,0,0.05
389,Grand Theft Auto 2,PS,1998,Action,Take-Two Interactive,1.13,2.07,0,0.22,3.42
10584,Guitar Hero: Van Halen,PS2,2009,Misc,Activision,0.05,0.04,0,0.01,0.1
7453,Mortal Kombat: Special Forces,PS,2000,Fighting,Midway Games,0.12,0.08,0,0.01,0.21
4878,Suzuki TT Superbikes,PS2,2005,Racing,Jester Interactive,0.33,0.01,0,0.05,0.4
5520,Goosebumps HorrorLand,DS,2008,Adventure,Scholastic Inc.,0.31,0,0,0.02,0.33
8365,Fuzion Frenzy 2,X360,2007,Misc,Microsoft Game Studios,0.14,0.01,0,0.01,0.17
3603,Viva Pinata: Pocket Paradise,DS,2008,Simulation,THQ,0.27,0.23,0,0.06,0.56
4229,Iridion 3D,GBA,2001,Shooter,THQ,0.33,0.12,0,0.01,0.46
12285,Western Riding Academy,DS,2010,Simulation,Destineer,0.06,0,0,0,0.06
11828,Damage Inc.: Pacific Squadron WWII,X360,2012,Simulation,Mad Catz,0.07,0,0,0.01,0.07
9194,Dino Crisis 3,XB,2003,Action,Capcom,0.08,0.03,0.03,0,0.14
15038,Shanghai: True Valor,PS,1998,Puzzle,Activision,0.01,0.01,0,0,0.02
7609,Saints Row IV,XOne,2015,Action,Deep Silver,0.1,0.09,0,0.02,0.2
14334,Pachinko Kamen Rider: Shocker Zenmetsu Daisakusen,PS2,2008,Misc,Hackberry,0,0,0.03,0,0.03
5969,The Chronicles of Riddick: Assault on Dark Athena,X360,2009,Shooter,Atari,0.16,0.1,0,0.03,0.29
5748,KISS Pinball,PS,2001,Action,Take-Two Interactive,0.17,0.12,0,0.02,0.31
2502,Dragon Ball: Raging Blast 2,PS3,2010,Fighting,Namco Bandai Games,0.42,0.2,0.11,0.09,0.83
11535,Superman: Shadow of Apokolips,GC,2003,Action,Atari,0.06,0.02,0,0,0.08
679,My Fitness Coach,Wii,2008,Sports,Ubisoft,1.2,0.9,0,0.24,2.34
12500,Flipnic: Ultimate Pinball,PS2,2003,Misc,Ubisoft,0.03,0.02,0,0.01,0.06
6136,Fantastic 4: Flame On,GBA,2005,Action,Activision,0.2,0.08,0,0.01,0.28
5727,Hatsune Miku: Project Mirai DX,3DS,2015,Misc,Sega,0.15,0.04,0.1,0.02,0.31
6858,NHRA Championship Drag Racing,PS2,2005,Racing,ValuSoft,0.12,0.09,0,0.03,0.24
7782,Space Invaders Extreme 2,DS,2009,Shooter,Square Enix,0.17,0.01,0,0.01,0.19
14754,The Battle of Yuu Yuu Hakusho: Shitou! Ankoku Bujutsukai! 120%,PS2,2007,Fighting,Banpresto,0,0,0.03,0,0.03
6977,Zumba Fitness: World Party,XOne,2013,Misc,Majesco Entertainment,0.17,0.05,0,0.02,0.23
6012,The Smurfs: Dance Party,Wii,2011,Misc,Ubisoft,0.22,0.04,0,0.02,0.29
15640,RoboCop,XB,2003,Shooter,Titus,0.01,0,0,0,0.02
14909,Kyokugen Dasshutsu ADV: Zennin Shiboudesu,PSV,2012,Adventure,ChunSoft,0,0,0.03,0,0.03
6487,Jikkyou Powerful Pro Yakyuu 2013,PS3,2013,Sports,Konami Digital Entertainment,0,0,0.26,0,0.26
10873,Shining Tears,PS2,2004,Role-Playing,Sega,0.05,0.04,0,0.01,0.09
2778,Madden NFL 11,Wii,N/A,Sports,Unknown,0.7,0,0,0.05,0.74
8327,NBA 09: The Inside,PSP,2008,Sports,Sony Computer Entertainment,0.16,0,0,0.01,0.17
5100,NBA Inside Drive 2002,XB,2002,Sports,Microsoft Game Studios,0.28,0.08,0,0.01,0.37
10777,MotoGP 2,XB,2003,Racing,THQ,0.07,0.02,0,0,0.1
11704,Metal Gear Solid V: The Phantom Pain,PC,2015,Action,Konami Digital Entertainment,0,0.07,0,0,0.08
831,Kingdom Hearts 358/2 Days,DS,2009,Role-Playing,Square Enix,1.11,0.27,0.53,0.14,2.04
11348,America's Next Top Model,Wii,2010,Action,Crave Entertainment,0.08,0,0,0.01,0.08
3252,LEGO Pirates of the Caribbean: The Video Game,3DS,2011,Action,Disney Interactive Studios,0.29,0.28,0,0.06,0.62
12952,Dragon's Lair 3D: Return to the Lair,XB,2002,Platform,Ubisoft,0.04,0.01,0,0,0.05
16152,Minna no Conveni,DS,2010,Simulation,Taito,0,0,0.01,0,0.01
15260,Spider-Man: Web of Shadows,PC,2008,Action,Activision,0,0.02,0,0,0.02
1463,Need for Speed Carbon,PS2,2006,Racing,Electronic Arts,1.22,0.05,0.05,0.01,1.34
16254,Jinsei Game Q DS: Shouwa no Dekigoto,DS,2007,Misc,Takara Tomy,0,0,0.01,0,0.01
10342,Dynasty Warriors Advance,GBA,2005,Action,Nintendo,0.08,0.03,0,0,0.11
1638,Game & Watch Gallery 2,GB,1997,Misc,Nintendo,0.76,0.3,0.12,0.04,1.22
3338,Monster Trucks,GBA,2004,Racing,Majesco Entertainment,0.43,0.16,0,0.01,0.6
5679,Littlest Pet Shop: City Friends,DS,2009,Simulation,Electronic Arts,0.29,0,0,0.02,0.32
2552,EarthBound,SNES,1994,Role-Playing,Nintendo,0,0,0.81,0,0.81
15569,TV Anime Idolm@ster: Cinderella Girls G4U! Pack Vol.8,PS3,2016,Misc,Namco Bandai Games,0,0,0.02,0,0.02
11262,Ultimate Card Games DS,DS,2008,Strategy,Telegames,0.08,0,0,0.01,0.08
10555,Freaky Flyers,PS2,2003,Racing,Midway Games,0.05,0.04,0,0.01,0.1
231,Guitar Hero III: Legends of Rock,Wii,2007,Misc,Activision,3.06,1.12,0,0.44,4.62
218,StarCraft II: Wings of Liberty,PC,2010,Strategy,Activision,2.56,1.68,0,0.59,4.83
4130,FlingSmash,Wii,2010,Action,Nintendo,0.38,0.01,0.07,0.02,0.48
9700,Zen-Nippon Pro Wrestling: Ouja no Kon,PS,1999,Fighting,Human Entertainment,0,0,0.12,0.01,0.12
7343,Bratz: Forever Diamondz,GC,2006,Adventure,THQ,0.17,0.04,0,0.01,0.21
3714,Manhunt 2,Wii,2007,Action,Take-Two Interactive,0.25,0.23,0,0.06,0.54
12552,Zoo Tycoon 2,PC,2004,Strategy,Microsoft Game Studios,0,0.05,0,0.01,0.06
10318,Kotoba no Puzzle: Mojipittan Daijiten,PSP,2004,Puzzle,Namco Bandai Games,0,0,0.11,0,0.11
2691,Raving Rabbids: Travel in Time,Wii,2010,Adventure,Ubisoft,0.22,0.47,0,0.08,0.76
9324,Little League World Series Baseball 2009,DS,2009,Sports,Activision,0.13,0,0,0.01,0.14
16394,Handball 16,X360,2015,Sports,Bigben Interactive,0,0.01,0,0,0.01
6585,Desert Falcon,2600,1987,Shooter,Atari,0.24,0.01,0,0,0.26
6023,Fast Food,2600,1981,Action,Unknown,0.27,0.02,0,0,0.29
2095,Oddworld: Abe's Exoddus,PS,1998,Platform,GT Interactive,0.55,0.38,0,0.06,0.99
14377,JoJo's Bizarre Adventure: Eyes of Heaven,PS3,2015,Fighting,Namco Bandai Games,0,0,0.03,0,0.03
15786,Namco Museum 50th Anniversary (JP sales),PS2,2005,Misc,Namco Bandai Games,0,0,0.02,0,0.02
6097,Links 2004,XB,2003,Sports,Microsoft Game Studios,0.21,0.06,0,0.01,0.29
13513,Daito Giken Koushiki Pachi-Slot Simulator: Shake II,PS2,2007,Misc,Paon,0,0,0.04,0,0.04
2688,Sonic Unleashed,PS2,2008,Platform,Sega,0.37,0.04,0,0.36,0.76
5489,Shrek SuperSlam,GBA,2005,Action,Activision,0.24,0.09,0,0.01,0.33
8883,Pro Yaky? Spirits 6,PS3,2009,Sports,Konami Digital Entertainment,0,0,0.15,0,0.15
4427,Metro: Last Light,PS3,2013,Action,Deep Silver,0.14,0.2,0.03,0.08,0.44
3067,Madagascar,GC,2005,Platform,Activision,0.52,0.13,0,0.02,0.66
2056,NERF N-Strike Elite,Wii,2009,Shooter,Electronic Arts,0.93,0,0,0.07,1
2297,Rhythm Heaven,Wii,N/A,Misc,Unknown,0.13,0,0.77,0.01,0.9
5375,Harry Potter and the Deathly Hallows - Part 2,X360,2011,Action,Electronic Arts,0.19,0.12,0,0.03,0.34
6826,Midway Arcade Treasures: Extended Play,PSP,2005,Misc,Midway Games,0.21,0.01,0,0.02,0.24
11072,Bleach: Heat the Soul 6,PSP,2009,Fighting,Sony Computer Entertainment,0,0,0.09,0,0.09
5808,My Virtual Tutor: Reading Adventure Pre-K to Kindergarten,DS,2009,Misc,Mentor Interactive,0.29,0,0,0.02,0.31
9327,Queen's Gate: Spiral Chaos,PSP,2011,Role-Playing,Namco Bandai Games,0,0,0.14,0,0.14
4832,18 Wheeler: American Pro Trucker,PS2,2001,Racing,Acclaim Entertainment,0.2,0.15,0,0.05,0.4
13651,Saint Seiya: Soldiers' Soul,PS3,2015,Fighting,Namco Bandai Games,0,0,0.04,0,0.04
13148,The Lost Vikings,GBA,2003,Puzzle,Activision,0.04,0.01,0,0,0.05
7089,Soldier of Fortune II: Double Helix,XB,2003,Shooter,Activision,0.17,0.05,0,0.01,0.23
7359,The BIGS 2,X360,2009,Sports,Take-Two Interactive,0.19,0.01,0,0.02,0.21
7521,Sengoku Basara 2 Heroes,PS2,2007,Action,Capcom,0,0,0.2,0,0.2
8790,Marvel Super Hero Squad: The Infinity Gauntlet,X360,2010,Action,THQ,0.12,0.02,0,0.01,0.15
9840,Dodge Racing: Charger vs Challenger,Wii,2009,Racing,Zushi Games,0.11,0,0,0.01,0.12
2298,Mini-Yonku Shining Scorpion: Let's & Go!!,SNES,1996,Racing,ASCII Entertainment,0,0,0.9,0,0.9
4246,Wolfenstein: The New Order,PC,2014,Shooter,Bethesda Softworks,0.12,0.29,0,0.05,0.46
7418,WinBack: Covert Operations,N64,1999,Shooter,Virgin Interactive,0.17,0.04,0,0,0.21
7463,NCAA March Madness 07,X360,2007,Sports,Electronic Arts,0.19,0,0,0.02,0.21
7151,Assault,2600,1982,Action,Bomb,0.21,0.01,0,0,0.22
11847,Mucha Lucha! Mascaritas of the Lost Code,GBA,2003,Fighting,Ubisoft,0.05,0.02,0,0,0.07
674,Donkey Kong Land II,GB,1996,Platform,Nintendo,1.39,0.48,0.4,0.08,2.35
12906,Arcana Heart 3,X360,2011,Fighting,PQube,0,0.03,0.02,0,0.05
243,Dragon Quest VII: Warriors of Eden,PS,2000,Role-Playing,Enix Corporation,0.2,0.14,4.1,0.02,4.47
12902,Medabots: Infinity,GC,2003,Role-Playing,Ubisoft,0.04,0.01,0,0,0.05
6961,Wizards of Waverly Place: Spellbound,DS,2010,Misc,Disney Interactive Studios,0.16,0.06,0,0.02,0.23
9077,Terminator 3: Rise of the Machines,XB,2003,Action,Atari,0.11,0.03,0,0.01,0.14
4884,LEGO The Lord of the Rings,3DS,2012,Action,Warner Bros. Interactive Entertainment,0.19,0.17,0,0.03,0.39
3410,Smurf: Rescue In Gargamel's Castle,2600,1981,Action,Coleco,0.55,0.03,0,0.01,0.59
4596,Big Strike Bowling,PS,2003,Sports,Gotham Games,0.23,0.16,0,0.03,0.42
9141,X-Blades,X360,2009,Action,SouthPeak Games,0.1,0.02,0.02,0.01,0.14
13842,Kidou Gekidan Haro Ichiza Gundam Mahjong DS: Oyaji nimo Agarareta koto nai noni!,DS,2005,Misc,Namco Bandai Games,0,0,0.04,0,0.04
2235,Mega Man 4,NES,1991,Platform,Capcom,0.51,0.09,0.32,0.01,0.93
7199,Tony Hawk's Downhill Jam,DS,2006,Sports,Activision,0.2,0,0,0.02,0.22
8423,Nobunaga no Yabou: Tenshoki,SNES,1996,Strategy,Tecmo Koei,0,0,0.17,0,0.17
3810,The Lord of the Rings: The Two Towers,GC,2002,Action,Electronic Arts,0.41,0.11,0,0.01,0.53
16264,Naxat Soft Reachmania Vol. 1: CR Galaxy Angel,PS2,2008,Misc,Naxat Soft,0,0,0.01,0,0.01
2140,Grand Theft Auto: Vice City Stories,PS2,2007,Action,Take-Two Interactive,0.78,0.03,0.03,0.13,0.97
7287,J-League Winning Eleven 2008: Club Championship,PS2,2008,Sports,Konami Digital Entertainment,0,0,0.22,0,0.22
14732,Guild Wars: Nightfall,PC,2006,Role-Playing,NCSoft,0,0.02,0,0.01,0.03
6771,Disney's Planes,DS,2013,Simulation,Disney Interactive Studios,0.13,0.1,0,0.02,0.25
3992,The Saboteur,PS3,2009,Action,Electronic Arts,0.2,0.22,0,0.08,0.5
10959,Resident Evil Chronicles HD,PS3,2012,Shooter,Capcom,0,0,0.09,0,0.09
16570,Fujiko F. Fujio Characters: Great Assembly! Slightly Fantastic Slapstick Party,3DS,2014,Action,Namco Bandai Games,0,0,0.01,0,0.01
8831,Final Fantasy XI: Vana'diel Collection 2008,X360,2007,Role-Playing,Square Enix,0.13,0,0.01,0.01,0.15
12581,TrackMania Turbo,XOne,2016,Action,Ubisoft,0.02,0.03,0,0,0.06
10327,Railroad Tycoon II,PS,1999,Strategy,PopTop Software,0.06,0.04,0,0.01,0.11
5970,Need for Speed Underground,GBA,2003,Racing,Electronic Arts,0.21,0.08,0,0.01,0.29
12310,Kiniro no Corda 2,PS2,2007,Role-Playing,Tecmo Koei,0,0,0.06,0,0.06
11957,Football Manager 2010,PC,2009,Sports,Sega,0,0.06,0,0.01,0.07
6811,Imagine: Teacher Class Trip,DS,2009,Adventure,Ubisoft,0.1,0.12,0,0.02,0.24
14057,Half-Minute Hero 2,PSP,N/A,Role-Playing,Rising Star Games,0,0,0.04,0,0.04
15391,Uta no * Prince-Sama,PSP,2010,Adventure,Broccoli,0,0,0.02,0,0.02
10169,Eragon,PSP,2006,Action,Vivendi Games,0.1,0,0,0.01,0.11
14265,Driv3r,GBA,2005,Racing,Atari,0.02,0.01,0,0,0.03
11625,Deep Fear,SAT,1998,Adventure,Sega,0,0,0.08,0,0.08
8281,Goosebumps HorrorLand,Wii,2008,Adventure,Scholastic Inc.,0.16,0,0,0.01,0.17
8497,Zapper: One Wicked Cricket!,PS2,2002,Platform,Infogrames,0.08,0.06,0,0.02,0.16
11678,Need for Speed: Most Wanted,PC,2012,Racing,Electronic Arts,0,0.06,0,0.02,0.08
8312,Cabela's Legendary Adventures,PSP,2008,Sports,Activision,0.16,0,0,0.01,0.17
7757,Dynasty Warriors: Gundam 2,X360,2008,Action,Namco Bandai Games,0.07,0.03,0.08,0.01,0.19
12828,Airline Tycoon 2,PC,2011,Simulation,Kalypso Media,0,0.04,0,0.01,0.05
7869,Squeeballs Party,Wii,2009,Puzzle,Performance Designed Products,0.18,0,0,0.01,0.19
139,Driver,PS,1999,Action,GT Interactive,3.11,2.8,0.02,0.33,6.27
298,Minecraft,PS4,2014,Misc,Sony Computer Entertainment Europe,1.38,1.87,0.12,0.65,4.02
5165,Dreamworks Madagascar Kartz,DS,2009,Racing,Activision,0.25,0.08,0,0.03,0.36
2472,Big Mutha Truckers,PS2,2002,Racing,Empire Interactive,0.41,0.32,0,0.11,0.84
90,Pac-Man,2600,1982,Puzzle,Atari,7.28,0.45,0,0.08,7.81
11967,Blast Radius,PS,1998,Action,Psygnosis,0.04,0.03,0,0,0.07
12339,Chou Gekijouban Keroro Gunsou 3: Tenkuu Daibouken de Arimasu!,DS,2008,Action,Namco Bandai Games,0,0,0.06,0,0.06
12062,Strike Point,PS,1996,Simulation,Elite,0.04,0.03,0,0,0.07
4619,Test Drive,XB,2002,Racing,Atari,0.35,0.05,0,0.02,0.42
9148,NBA ShootOut 2002,PS,2001,Sports,Sony Computer Entertainment,0.08,0.05,0,0.01,0.14
3738,SSX Tricky,GC,2001,Sports,Electronic Arts,0.42,0.11,0,0.01,0.54
13675,Dark Half,SNES,1996,Role-Playing,Enix Corporation,0,0,0.04,0,0.04
13150,Yaiba: Ninja Gaiden Z,X360,2014,Action,Tecmo Koei,0.03,0.02,0,0,0.05
15180,Love Once: Mermaid's Tears,PS3,2011,Adventure,Unknown,0,0,0.02,0,0.02
4099,The Legend of the Mystical Ninja,SNES,1991,Adventure,Konami Digital Entertainment,0,0,0.48,0,0.48
3739,WWE SmackDown vs. Raw 2010,DS,2009,Fighting,THQ,0.35,0.14,0,0.05,0.54
11068,Uta no Prince-Sama: Music 2,PSP,2013,Adventure,Broccoli,0,0,0.09,0,0.09
9022,Diner Dash: Flo on the Go,DS,2009,Puzzle,Zoo Games,0.13,0,0,0.01,0.14
9959,Deadpool,XOne,2015,Action,Activision,0.08,0.03,0,0.01,0.12
8971,Dance Dance Revolution (North America),PS,2001,Simulation,Konami Digital Entertainment,0.08,0.06,0,0.01,0.15
3971,WWE 2K16,X360,2015,Sports,Take-Two Interactive,0.27,0.19,0,0.04,0.5
8041,Alone in the Dark,Wii,2008,Adventure,Atari,0.09,0.08,0,0.02,0.18
8583,Fighters Destiny,N64,1998,Fighting,Ocean,0.13,0.03,0,0,0.16
7423,The King of Fighters '96,SAT,1996,Fighting,SNK,0,0,0.21,0,0.21
10120,Pro Yaky? Spirits 5,PS3,2008,Sports,Konami Digital Entertainment,0,0,0.11,0,0.11
3748,Lego Star Wars: The Force Awakens,PS4,2016,Action,Warner Bros. Interactive Entertainment,0.14,0.32,0,0.08,0.54
11215,XIII,GC,2003,Shooter,Ubisoft,0.07,0.02,0,0,0.09
5225,ESPN NFL Football,XB,2003,Sports,Sega,0.27,0.08,0,0.01,0.36
1363,Pro Yakyuu Family Stadium '87,NES,1987,Sports,Namco Bandai Games,0.12,0,1.3,0,1.42
8398,Custom Robo Arena,DS,2006,Fighting,Nintendo,0.02,0.02,0.12,0,0.17
10607,Kabushiki Baibai Trainer: Kabutore!,DS,2006,Simulation,Konami Digital Entertainment,0,0,0.1,0,0.1
3227,Shin Megami Tensei: Persona 3 Portable,PSP,2009,Role-Playing,Ghostlight,0.18,0.06,0.34,0.04,0.63
5280,Vancouver 2010 - The Official Video Game of the Olympic Winter Games,PS3,2010,Sports,Sega,0.09,0.2,0,0.07,0.35
4798,Defender,PS2,2002,Misc,Midway Games,0.2,0.15,0,0.05,0.4
16324,Jam Sessions: Sing and Play Guitar (jp sales),DS,2007,Misc,Ubisoft,0,0,0.01,0,0.01
5403,Football Manager Handheld 2008,PSP,2007,Sports,Sega,0,0.34,0,0,0.34
2882,Scooby-Doo 2: Monsters Unleashed,GBA,2004,Action,THQ,0.51,0.19,0,0.01,0.71
9484,Just Dance: Disney Party,Wii,2012,Misc,Ubisoft,0.01,0.1,0,0.02,0.13
1758,Sniper: Ghost Warrior,X360,2010,Shooter,City Interactive,0.54,0.51,0,0.12,1.16
4629,Green Day: Rock Band,PS3,2010,Misc,MTV Games,0.19,0.16,0,0.07,0.42
7915,NASCAR Unleashed,3DS,2011,Racing,Activision,0.18,0,0,0.01,0.19
8965,Pac-Man Party 3D,3DS,2011,Misc,Namco Bandai Games,0.09,0.04,0,0.01,0.15
7227,Chou-Kuukan Night Pro Yakyuu King(higher JP sales),N64,1996,Sports,Imagineer,0,0,0.22,0,0.22
303,Namco Museum: 50th Anniversary,PS2,2005,Misc,Namco Bandai Games,2.08,1.35,0,0.54,3.98
11626,Skeleton Warriors,PS,1996,Platform,Virgin Interactive,0.04,0.03,0,0.01,0.08
6009,Dolphin,2600,1983,Action,Activision,0.27,0.02,0,0,0.29
7223,Tetris Worlds,GC,2002,Puzzle,THQ,0.17,0.04,0,0.01,0.22
14681,The IdolM@ster: Gravure For You! Vol. 6,PS3,2012,Action,Namco Bandai Games,0,0,0.03,0,0.03
5717,Bust-A-Move Universe,3DS,2011,Puzzle,Square Enix,0.08,0.15,0.06,0.03,0.31
1018,Portal 2,PS3,2011,Shooter,Valve,0.83,0.63,0.02,0.25,1.74
177,Assassin's Creed II,X360,2009,Action,Ubisoft,3.1,1.56,0.08,0.51,5.27
1043,Game Party 3,Wii,2009,Puzzle,Warner Bros. Interactive Entertainment,1.43,0.16,0,0.12,1.71
6831,Boogie SuperStar,Wii,2008,Misc,Electronic Arts,0.2,0.02,0,0.02,0.24
443,Need for Speed III: Hot Pursuit,PS,1998,Racing,Electronic Arts,2.14,0.86,0,0.13,3.12
6634,Power Pro Kun Pocket 2,GB,2000,Sports,Konami Digital Entertainment,0,0,0.25,0,0.25
8127,Transformers: Dark of the Moon,Wii,2011,Action,Activision,0.1,0.07,0,0.02,0.18
7906,International Soccer,2600,1981,Sports,Mattel Interactive,0.18,0.01,0,0,0.19
2264,Crysis 3,X360,2013,Shooter,Electronic Arts,0.51,0.33,0.01,0.08,0.92
12340,Bionicle Heroes,DS,2006,Shooter,Eidos Interactive,0.06,0,0,0,0.06
11908,Tom Clancy's Splinter Cell: Chaos Theory,DS,2005,Action,Ubisoft,0.06,0,0,0.01,0.07
5157,Skylanders SWAP Force,PS4,2013,Platform,Activision,0.2,0.12,0,0.05,0.37
5558,Sniper Elite 3,XOne,2014,Shooter,505 Games,0.19,0.11,0,0.03,0.33
15634,TMNT: Mutant Melee,XB,2005,Fighting,Konami Digital Entertainment,0.01,0,0,0,0.02
3135,Paws & Claws: Pet Vet,DS,2007,Simulation,THQ,0.6,0,0,0.05,0.64
14638,Stellaris,PC,2016,Strategy,Paradox Interactive,0,0.03,0,0,0.03
35,Call of Duty: Black Ops II,PS3,2012,Shooter,Activision,4.99,5.88,0.65,2.52,14.03
15073,La Corda d'Oro 4,PSV,2016,Action,Tecmo Koei,0,0,0.02,0,0.02
7254,Infinite Space,DS,2009,Role-Playing,Sega,0.07,0.06,0.07,0.01,0.22
13382,Intellivision Lives!,XB,2004,Misc,Crave Entertainment,0.03,0.01,0,0,0.05
5121,Spider-Man: Friend or Foe,PS2,2007,Action,Activision,0.31,0.01,0,0.05,0.37
669,Tony Hawk's Underground 2,PS2,2004,Sports,Activision,1.25,0.86,0.01,0.26,2.37
552,The Legend of Zelda: A Link to the Past,GBA,2002,Action,Nintendo,1.75,0.52,0.33,0.1,2.7
811,Kingdom Hearts: Birth by Sleep,PSP,2010,Role-Playing,Square Enix,0.63,0.42,0.75,0.26,2.07
530,A Bug's Life,PS,1998,Platform,Sony Computer Entertainment,1.96,0.72,0,0.11,2.79
49,Super Mario Galaxy,Wii,2007,Platform,Nintendo,6.16,3.4,1.2,0.76,11.52
11362,Worms: Open Warfare,DS,2006,Strategy,THQ,0.05,0.03,0,0.01,0.08
16363,Shirahana no Ori: Hiiro no Kakera 4 - Shiki no Uta,PSP,2013,Adventure,Idea Factory,0,0,0.01,0,0.01
4353,Rock Band Country Track Pack,Wii,2009,Misc,MTV Games,0.42,0,0,0.03,0.45
5393,Bee Movie Game,Wii,2007,Action,Activision,0.31,0.01,0,0.03,0.34
990,WWF Attitude,PS,1998,Fighting,Acclaim Entertainment,1.27,0.42,0,0.07,1.76
16290,TimeShift,PC,2007,Shooter,Vivendi Games,0.01,0,0,0,0.01
78,FIFA 16,PS4,2015,Sports,Electronic Arts,1.11,6.06,0.06,1.26,8.49
14602,Doom,PC,1992,Shooter,id Software,0.02,0,0,0,0.03
6118,Baby Pals,DS,2007,Simulation,THQ,0.26,0.01,0,0.02,0.28
8351,Disney's Home on the Range,GBA,2004,Action,Disney Interactive Studios,0.12,0.04,0,0,0.17
6155,Unreal Championship 2: The Liandri Conflict,XB,N/A,Shooter,Midway Games,0.22,0.05,0,0.01,0.28
16512,Trine,PC,2009,Action,Nobilis,0,0.01,0,0,0.01
4476,TimeSplitters 2,GC,2002,Shooter,Eidos Interactive,0.34,0.09,0,0.01,0.44
514,FIFA 16,PS3,2015,Sports,Electronic Arts,0.4,1.98,0.05,0.42,2.85
5241,Super Robot Taisen A,GBA,2001,Strategy,Banpresto,0,0,0.35,0.01,0.36
13650,World Poker Tour,PSP,2006,Misc,Take-Two Interactive,0.04,0,0,0,0.04
14884,Wand of Fortune 2 FD: Kimi ni Sasageru Epilogue,PSP,2012,Adventure,Idea Factory,0,0,0.03,0,0.03
283,Super Mario World 2: Yoshi's Island,SNES,1995,Platform,Nintendo,1.65,0.61,1.76,0.09,4.12
2583,Dragon's Dogma,X360,2012,Role-Playing,Capcom,0.42,0.24,0.07,0.06,0.8
1275,007: Quantum of Solace,X360,2008,Action,Activision,0.82,0.52,0.01,0.14,1.49
192,Kirby's Dream Land,GB,1992,Platform,Nintendo,2.71,0.61,1.7,0.11,5.13
8903,Charm Girls Club: Pajama Party,Wii,2009,Misc,Electronic Arts,0.14,0,0,0.01,0.15
1600,Baldur's Gate: Dark Alliance,PS2,2001,Role-Playing,Virgin Interactive,0.61,0.48,0,0.16,1.24
1745,Final Fantasy Tactics: The War of the Lions,PSP,2007,Role-Playing,Square Enix,0.45,0.25,0.3,0.16,1.16
14439,Gloria Union,PSP,2011,Role-Playing,Atlus,0,0,0.03,0,0.03
567,Guitar Hero: World Tour,X360,2008,Misc,Activision,1.78,0.64,0,0.25,2.67
14784,Divinity II: Flames of Vengeance,PC,2010,Role-Playing,DTP Entertainment,0,0.02,0,0.01,0.03
12238,"Warhammer 40,000: Squad Command",DS,2007,Strategy,THQ,0.05,0.01,0,0.01,0.07
5430,Pirates of the Caribbean: At World's End,X360,2007,Action,Disney Interactive Studios,0.29,0.02,0,0.03,0.34
15445,Legend of Kay Anniversary,PS4,2015,Action,Nordic Games,0,0.02,0,0,0.02
10742,EyeToy: Operation Spy,PS2,2005,Action,Sony Computer Entertainment,0.05,0.04,0,0.01,0.1
11,Nintendogs,DS,2005,Simulation,Nintendo,9.07,11,1.93,2.75,24.76
1492,Gyromite,NES,1985,Puzzle,Nintendo,0.73,0.16,0.4,0.03,1.32
2578,Goldeneye 007: Reloaded,PS3,2011,Shooter,Activision,0.33,0.35,0,0.13,0.8
14258,Crash Time: Autobahn Pusuit,X360,2008,Racing,RTL,0.03,0,0,0,0.03
782,Need for Speed: Hot Pursuit 2,PS2,2002,Racing,Electronic Arts,1.68,0.31,0.02,0.09,2.11
5921,SimCity 4,PC,2003,Simulation,Electronic Arts,0.01,0.24,0,0.05,0.3
16488,Koi Sentai Love & Peace the P.S.P: Power Zenkai! Special Youso Tenkomori de Portable Ka Daisakusen de Aru!,PSP,2012,Action,Broccoli,0,0,0.01,0,0.01
9857,Ultimate Card Games,GBA,2003,Misc,Telegames,0.09,0.03,0,0,0.12
16153,Accel World: Kasoku no Chouten,PSP,2013,Adventure,Namco Bandai Games,0,0,0.01,0,0.01
14016,San Goku Shi DS 3,DS,2010,Strategy,Tecmo Koei,0,0,0.04,0,0.04
3736,Bratz: Rock Angelz,GBA,2004,Misc,THQ,0.39,0.14,0,0.01,0.54
13866,Tsurugi no Machi no Ihoujin: Kuro no Kyuuden,PSV,2015,Role-Playing,Experience Inc.,0,0,0.04,0,0.04
13194,Around the World in 80 Days,GBA,2004,Action,Hip Interactive,0.03,0.01,0,0,0.05
11046,Ratchet & Clank Future: Quest for Booty,PS3,2008,Platform,Sony Computer Entertainment,0.01,0.06,0,0.02,0.09
15160,Ukiyo no Roushi,PSV,2015,Action,Unknown,0,0,0.02,0,0.02
8711,WordJong,DS,2007,Puzzle,White Park Bay Software,0.13,0.01,0,0.01,0.16
215,Monster Hunter Freedom 3,PSP,2010,Role-Playing,Capcom,0,0,4.87,0,4.87
8812,Rudra no Hihou,SNES,1996,Role-Playing,SquareSoft,0,0,0.15,0,0.15
150,Dragon Quest IX: Sentinels of the Starry Skies,DS,2009,Role-Playing,Nintendo,0.66,0.69,4.35,0.15,5.84
3868,SSX On Tour,PS2,2005,Sports,Electronic Arts,0.25,0.2,0,0.07,0.52
3781,Sesame Street: Once Upon A Monster,X360,2011,Misc,Warner Bros. Interactive Entertainment,0.39,0.1,0,0.04,0.53
4391,WWE WrestleMania 21,XB,2005,Fighting,THQ,0.34,0.1,0,0.02,0.45
16355,Juiced 2: Hot Import Nights,PC,2007,Racing,THQ,0,0.01,0,0,0.01
9505,Nicktoons: MLB,X360,2011,Sports,Take-Two Interactive,0.12,0,0,0.01,0.13
2210,MVP Baseball 2005,XB,2005,Sports,Electronic Arts,0.7,0.2,0,0.03,0.94
10191,Disney's Extreme Skate Adventure,XB,2003,Sports,Activision,0.08,0.02,0,0,0.11
15924,Online Chess Kingdoms,PSP,2006,Misc,Konami Digital Entertainment,0.01,0,0,0,0.02
7980,Tekken Tag Tournament 2,WiiU,2012,Fighting,Namco Bandai Games,0.09,0.07,0.01,0.01,0.19
5642,Extreme Pinball,PS,1995,Misc,Electronic Arts,0.18,0.12,0,0.02,0.32
10094,The Price is Right: Decades,X360,2011,Misc,Ubisoft,0.11,0,0,0.01,0.11
936,Mario Party: Island Tour,3DS,2013,Misc,Nintendo,0.61,0.59,0.55,0.11,1.85
3092,Taiko no Tatsujin DS: Touch de Dokodon!,DS,2007,Misc,Namco Bandai Games,0,0,0.66,0,0.66
9649,Legends of Wrestling II,XB,2002,Fighting,Acclaim Entertainment,0.09,0.03,0,0,0.13
7689,Forgotten Realms: Demon Stone,PS2,2004,Action,Atari,0.1,0.08,0,0.03,0.2
1991,MVP Baseball 2003,PS2,2003,Sports,Electronic Arts,0.51,0.4,0,0.13,1.04
4051,Doom 3 BFG Edition,X360,2012,Shooter,Bethesda Softworks,0.28,0.17,0,0.04,0.49
15373,Pippa Funnell: Ranch Rescue,Wii,2007,Adventure,Ubisoft,0,0.02,0,0,0.02
4001,Dreamworks Madagascar Kartz,Wii,2009,Racing,Activision,0.29,0.16,0,0.05,0.5
946,2 Games in 1: Sonic Advance & ChuChu Rocket!,GBA,2005,Misc,THQ,1.31,0.49,0,0.03,1.83
7537,Drift King Shutokou Battle '94,SNES,1994,Racing,BPS,0,0,0.2,0,0.2
3268,Halloween,2600,1982,Action,Wizard Video Games,0.58,0.03,0,0.01,0.62
3936,Euro Truck Simulator,PC,2008,Simulation,Rondomedia,0,0.42,0,0.09,0.51
14298,Gotouchi Kenkei DS,DS,2006,Misc,Spike,0,0,0.03,0,0.03
4637,The Fairly Odd Parents: Game Boy Advance Video Volume 2,GBA,2004,Misc,N/A,0.3,0.11,0,0.01,0.42
3504,NCAA Football 10,PS2,2009,Sports,Electronic Arts,0.28,0.22,0,0.07,0.58
13078,Tabi no Yubisashi Kaiwachou DS: DS Series 2 Chuugoku,DS,2006,Misc,Nintendo,0,0,0.05,0,0.05
6093,Family Guy: Back to the Multiverse,PS3,2012,Action,Activision,0.12,0.12,0,0.05,0.29
2395,Injustice: Gods Among Us,PS4,2013,Fighting,Warner Bros. Interactive Entertainment,0.46,0.29,0,0.12,0.87
15638,Katekyoo Hitman Reborn! Kindan no Yami no Delta,PS2,2008,Action,Marvelous Interactive,0,0,0.02,0,0.02
3735,Cars 2,PS3,2011,Racing,Disney Interactive Studios,0.22,0.23,0,0.09,0.54
1603,Diddy Kong Racing DS,DS,2007,Racing,Nintendo,1.1,0.04,0,0.1,1.24
3855,Kung Fu Panda,PS3,2008,Action,Activision,0.21,0.21,0,0.09,0.52
1501,TNN Motor Sports Hardcore 4x4,PS,1996,Racing,ASC Games,0.73,0.5,0,0.09,1.31
15135,Rule of Rose,PS2,2006,Action,505 Games,0.01,0.01,0,0,0.02
13427,Tabi no Yubisashi Kaiwachou DS: DS Series 1 Thai,DS,2006,Misc,Nintendo,0,0,0.05,0,0.05
5142,Marvel: Ultimate Alliance,PSP,2006,Role-Playing,Activision,0.33,0,0,0.03,0.37
7973,Blood Omen 2,XB,2002,Action,Eidos Interactive,0.14,0.04,0,0.01,0.19
11511,Famicom Mini: SD Gundam World Gachapon Senshi - Scramble Wars,GBA,2004,Strategy,Nintendo,0,0,0.08,0,0.08
1936,Ridge Racer Revolution,PS,1995,Racing,Sony Computer Entertainment,0.17,0.12,0.71,0.07,1.07
10979,Young Justice: Legacy,PS3,2013,Action,Namco Bandai Games,0.06,0.02,0,0.01,0.09
13512,Trollz: Hair Affair!,GBA,2005,Misc,Ubisoft,0.03,0.01,0,0,0.04
6808,BioShock 2,PC,N/A,Shooter,Take-Two Interactive,0.02,0.19,0,0.04,0.24
3953,Looney Tunes: Back in Action,PS2,2003,Platform,Warner Bros. Interactive Entertainment,0.25,0.19,0,0.06,0.5
16297,Death Connection Portable,PSP,2011,Adventure,Idea Factory,0,0,0.01,0,0.01
16149,Fuuraiki 3,PSV,2015,Action,Unknown,0,0,0.01,0,0.01
14794,Runabout 3: Neo Age,PS2,2002,Racing,BAM! Entertainment,0,0,0.03,0,0.03
7396,Cabela's Survival: Shadows of Katmai,Wii,2011,Sports,Activision,0.15,0.05,0,0.02,0.21
15976,Vitamin X: Detective B6,PSP,2012,Adventure,D3Publisher,0,0,0.02,0,0.02
411,Destiny,XOne,2014,Shooter,Activision,2.13,0.92,0,0.23,3.28
6026,Top Gear Overdrive,N64,1998,Racing,Kemco,0.23,0.06,0,0,0.29
15670,Pulse Racer,XB,2003,Racing,Jaleco,0.01,0,0,0,0.02
5815,KuruKuru Kururin,GBA,2001,Puzzle,Nintendo,0,0,0.3,0.01,0.31
15626,Princess Frontier Portable,PSP,2011,Adventure,Alchemist,0,0,0.02,0,0.02
579,Halo Wars,X360,2009,Strategy,Microsoft Game Studios,1.53,0.82,0.04,0.24,2.63
4755,Pro Pinball,PS,1996,Misc,Empire Interactive,0.23,0.15,0,0.03,0.41
14036,J-League Pro Striker 2,GEN,1994,Sports,Sega,0,0,0.04,0,0.04
13850,The Adventures of Darwin,PS2,2006,Strategy,Essential Games,0.01,0,0.03,0,0.04
4364,Sphinx and the Cursed Mummy,PS2,2003,Action,THQ,0.22,0.17,0,0.06,0.45
8662,FIFA Soccer 97,PS,1996,Sports,Electronic Arts,0.09,0.06,0,0.01,0.16
8115,Van Helsing,XB,2007,Action,Activision,0.13,0.04,0,0.01,0.18
10288,Deca Sports DS,DS,2009,Sports,Hudson Soft,0.08,0.02,0,0.01,0.11
5806,Fate/Extra,PSP,2010,Role-Playing,Marvelous Interactive,0.18,0.01,0.1,0.02,0.31
15330,Commando: Steel Disaster,DS,2008,Shooter,Lexicon Entertainment,0.02,0,0,0,0.02
3040,007: Quantum of Solace,Wii,2008,Action,Activision,0.3,0.29,0.01,0.07,0.67
1920,Doko Demo Issyo,PS,1999,Misc,Sony Computer Entertainment,0,0,1,0.07,1.07
4189,Automobili Lamborghini,N64,1997,Racing,Titus,0.28,0.17,0,0.01,0.47
14540,Master of Monsters: Disciples of Gaia,PS,1997,Strategy,Agetec,0.02,0.01,0,0,0.03
6347,Shadow Man,N64,1999,Action,Acclaim Entertainment,0.18,0.08,0,0.01,0.27
16382,Grand Prix Legends,PC,1997,Racing,Vivendi Games,0,0.01,0,0,0.01
15673,NEVES,DS,2007,Puzzle,Ignition Entertainment,0.01,0,0,0,0.02
7391,The Chronicles of Narnia: Prince Caspian,DS,2008,Action,Disney Interactive Studios,0.19,0.01,0,0.02,0.21
6666,Medal of Honor European Assault,GC,2005,Shooter,Electronic Arts,0.19,0.05,0,0.01,0.25
4614,JGTC: All-Japan Grand Touring Car Championship,PS,1998,Racing,TYO,0.23,0.16,0,0.03,0.42
364,James Bond 007: Agent Under Fire,PS2,2001,Shooter,Electronic Arts,1.9,1.13,0.1,0.41,3.53
11069,Jambo! Safari Animal Rescue,Wii,2009,Simulation,Sega,0.07,0.01,0,0.01,0.09
1362,Super Metroid,SNES,1994,Action,Nintendo,0.57,0.12,0.71,0.02,1.42
12217,Mayhem 3D,X360,2011,Racing,Evolved Games,0.06,0,0,0,0.07
4485,Mobile Suit Gundam: One Year War,PS2,2005,Action,Namco Bandai Games,0,0,0.44,0,0.44
10520,America's Next Top Model,DS,2008,Action,Eidos Interactive,0.1,0,0,0.01,0.1
15299,Meitantei Evangelion,PS2,2007,Adventure,Broccoli,0,0,0.02,0,0.02
10057,Mega Man Battle Chip Challenge,GBA,2003,Misc,Capcom,0.08,0.03,0,0,0.11
9134,Blazing Angels 2: Secret Missions of WWII,X360,2007,Simulation,Ubisoft,0.11,0.02,0,0.01,0.14
2044,Prince of Persia,X360,2008,Action,Ubisoft,0.54,0.35,0.02,0.1,1.01
638,Sonic Adventure,DC,1998,Platform,Sega,1.26,0.61,0.46,0.08,2.42
10016,Cabela's North American Adventures,PS3,2010,Sports,Activision,0.11,0,0,0.01,0.11
14627,DeathSmiles II,X360,2010,Shooter,Cave,0,0,0.03,0,0.03
3591,WWE Raw 2,XB,2003,Fighting,THQ,0.43,0.11,0,0.02,0.56
13356,Fast & Furious: Showdown,X360,2013,Action,Activision,0,0.04,0,0,0.05
11982,John Madden Football,SNES,1991,Sports,Imagineer,0,0,0.07,0,0.07
4066,Spy Hunter 2,PS2,2003,Racing,Midway Games,0.24,0.19,0,0.06,0.49
12170,Disney's Party,GBA,2003,Misc,Hudson Entertainment,0.05,0.02,0,0,0.07
16017,Nobunaga no Yabou Online: Houou no Shou,PS3,2012,Strategy,Ackkstudios,0,0,0.01,0,0.01
7334,EVE: burst error,SAT,1997,Adventure,Imagineer,0,0,0.21,0,0.21
14331,East India Company Collection,PC,2010,Misc,Paradox Interactive,0,0.03,0,0,0.03
15561,Garfield's Nightmare,DS,2007,Platform,Game Factory,0.01,0,0,0,0.02
3841,NCAA Football 2003,XB,2002,Sports,Electronic Arts,0.39,0.11,0,0.02,0.52
8444,Resident Evil,SAT,1997,Action,Capcom,0,0,0.17,0,0.17
9429,RPG Maker II,PS2,2002,Role-Playing,Enterbrain,0.06,0.05,0,0.02,0.13
7307,Armored Core V,X360,2012,Simulation,Namco Bandai Games,0.13,0.03,0.04,0.01,0.22
2463,The Incredibles,GC,2004,Action,THQ,0.65,0.17,0,0.02,0.84
8655,Left Brain Right Brain: Use Both Hands Train Both Sides,DS,2007,Misc,505 Games,0.15,0,0,0.01,0.16
7687,Armored Core 4,PS3,2006,Simulation,505 Games,0.09,0,0.09,0.01,0.2
13121,Winning Post World,PS3,2009,Sports,Tecmo Koei,0,0,0.05,0,0.05
13265,Fatal Frame II: Crimson Butterfly Director's Cut,XB,2004,Action,Microsoft Game Studios,0.04,0.01,0,0,0.05
3848,Final Fantasy Explorers,3DS,2014,Role-Playing,Square Enix,0.15,0.07,0.28,0.02,0.52
9307,Game Party: Champions,WiiU,2012,Action,Warner Bros. Interactive Entertainment,0.09,0.03,0,0.01,0.14
4809,WWE SmackDown! vs. RAW 2006,PSP,2005,Fighting,THQ,0.36,0.01,0,0.03,0.4
1498,Cars 2,DS,2011,Racing,Disney Interactive Studios,0.72,0.44,0.04,0.12,1.32
4653,Jimmy Neutron: Boy Genius,GBA,2001,Platform,THQ,0.3,0.11,0,0.01,0.42
9925,Raiden IV,X360,2008,Shooter,Moss,0.1,0,0.01,0.01,0.12
5804,40 Winks,PS,1999,Platform,GT Interactive,0.17,0.12,0,0.02,0.31
4209,The Sims 3: Outdoor Living Stuff,PC,2011,Simulation,Electronic Arts,0,0.38,0,0.09,0.47
7028,Ultimate Band,DS,2008,Misc,Disney Interactive Studios,0.19,0.02,0,0.02,0.23
3990,FIFA 14,PSV,2013,Sports,Electronic Arts,0.11,0.25,0.01,0.13,0.5
11425,Adventure Time: Explore the Dungeon Because I Don't Know!,X360,2013,Action,D3Publisher,0.03,0.04,0,0.01,0.08
6190,Dead or Alive,PS,1998,Fighting,Sony Computer Entertainment,0.09,0.06,0.1,0.02,0.28
3213,Call of Duty: Black Ops,DS,2010,Shooter,Activision,0.54,0.05,0,0.04,0.63
10960,Wonder World Amusement Park,DS,2009,Misc,Majesco Entertainment,0.08,0,0,0.01,0.09
16128,Tantei Jinguuji Saburo DS: Fuserareta Shinjitsu,DS,2009,Adventure,Arc System Works,0,0,0.01,0,0.01
11136,The Suffering: Ties That Bind,XB,2005,Action,Midway Games,0.07,0.02,0,0,0.09
2669,Freedom Wars,PSV,2014,Role-Playing,Sony Computer Entertainment,0.22,0.14,0.32,0.1,0.77
12179,Age of Empires III: The Asian Dynasties,PC,2007,Strategy,Microsoft Game Studios,0,0.05,0,0.01,0.07
1037,Call of Duty: World at War Final Fronts,PS2,2008,Shooter,Activision,0.61,0.18,0,0.94,1.72
8794,The Incredibles: Rise of the Underminer,DS,2005,Action,THQ,0.13,0.01,0,0.01,0.15
15876,Thunder Force VI,PS2,2008,Shooter,Sega,0,0,0.02,0,0.02
14770,The Sims 2: Bon Voyage,PC,2007,Simulation,Electronic Arts,0.01,0.01,0,0,0.03
5989,WinBack: Covert Operations,PS2,2000,Shooter,Midas Interactive Entertainment,0.14,0.11,0,0.04,0.29
6539,RealSports Football,2600,1981,Sports,Atari,0.24,0.01,0,0,0.26
11789,Record of Agarest War,PS3,2007,Role-Playing,Ghostlight,0,0.03,0.03,0.01,0.07
6168,Hannah Montana: Spotlight World Tour,PS2,2008,Action,Disney Interactive Studios,0.12,0.02,0,0.14,0.28
333,Resident Evil 3: Nemesis,PS,1999,Action,Eidos Interactive,1.3,0.77,1.54,0.11,3.72
13131,Dr. Seuss: Green Eggs and Ham,GBA,2003,Action,NewKidCo,0.04,0.01,0,0,0.05
8719,Namco Museum Vol.5,PS,1996,Misc,Sony Computer Entertainment,0.02,0.01,0.12,0.01,0.15
9727,Guardian's Crusade,PS,1998,Role-Playing,Activision,0.07,0.05,0,0.01,0.12
1978,NBA 2K3,PS2,2002,Sports,Sega,0.51,0.4,0,0.13,1.05
11217,Dynasty Warriors 8: Empires,PS3,2014,Action,Tecmo Koei,0,0,0.09,0,0.09
7821,Plants vs. Zombies,PS3,2011,Strategy,PopCap Games,0.18,0,0,0.01,0.19
9596,The Price is Right: Decades,Wii,2011,Misc,Ubisoft,0.12,0,0,0.01,0.13
11338,Aliens versus Predator: Extinction,XB,2003,Strategy,Electronic Arts,0.06,0.02,0,0,0.08
9473,Hasbro Family Fun Pack,XOne,2015,Misc,Ubisoft,0.1,0.02,0,0.01,0.13
11668,Legend of the Guardians: The Owls of Ga'Hoole,X360,2010,Action,Warner Bros. Interactive Entertainment,0.06,0.01,0,0.01,0.08
4780,Disney's Hercules / Disney's The Jungle Book: Groove Party / A Bug's Life,PS,2003,Misc,Sony Computer Entertainment,0.23,0.15,0,0.03,0.4
5871,The Sims 2,PC,2004,Simulation,Electronic Arts,0.02,0.24,0,0.05,0.3
15383,Cross Treasures,DS,2009,Role-Playing,Square Enix,0,0,0.02,0,0.02
1213,Dark Cloud,PS2,2000,Role-Playing,Sony Computer Entertainment,0.83,0.44,0.08,0.19,1.54
11118,Kurikin: Nano Island Story,DS,2007,Role-Playing,Nintendo,0,0,0.09,0,0.09
2503,MediEvil,PS,1998,Platform,Sony Computer Entertainment,0.46,0.31,0,0.05,0.83
16376,Meru Purana,PS,1996,Strategy,Gust,0,0,0.01,0,0.01
15821,Command & Conquer 4: Tiberian Twilight,PC,2010,Strategy,Electronic Arts,0,0.01,0,0,0.02
12873,Front Mission Evolved,PC,2010,Shooter,Square Enix,0.05,0,0,0,0.05
15708,Sarah: Keeper of the Unicorn,DS,2009,Adventure,DreamCatcher Interactive,0.02,0,0,0,0.02
10615,USA Today Puzzle Craze,DS,2009,Puzzle,Destineer,0.09,0,0,0.01,0.1
6661,Dynasty Warriors 6 (JP sales),PS2,2008,Action,Tecmo Koei,0,0,0.25,0,0.25
7258,From Russia With Love,GC,2005,Action,Electronic Arts,0.17,0.04,0,0.01,0.22
11947,Loons: The Fight For Fame,XB,2002,Action,Atari,0.05,0.02,0,0,0.07
3155,NBA Live 06,XB,2005,Sports,Electronic Arts,0.57,0.04,0,0.03,0.64
10200,FlatOut: Ultimate Carnage,X360,2007,Racing,Empire Interactive,0.07,0.03,0,0.01,0.11
13342,F1 2015,PC,2015,Racing,Codemasters,0,0.04,0,0,0.05
5931,Dragon Quest Builders: Revive Alefgard,PSV,2016,Role-Playing,Square Enix,0,0,0.3,0,0.3
8637,Chessmaster: The Art of Learning,DS,2007,Misc,Ubisoft,0.12,0.03,0,0.01,0.16
7601,Afro Samurai,PS3,2009,Action,Atari,0.12,0.05,0,0.03,0.2
4115,Go Diego Go! Great Dinosaur Rescue,DS,2008,Action,Take-Two Interactive,0.44,0.01,0,0.03,0.48
4935,BattleTanx: Global Assault,N64,1999,Action,3DO,0.31,0.07,0,0,0.39
7214,Dungeon Hunter Alliance,PSV,2012,Action,Ubisoft,0.09,0.1,0,0.04,0.22
12085,Dynasty Warriors DS: Fighter's Battle,DS,2007,Action,Tecmo Koei,0.04,0,0.03,0,0.07
9118,MX vs. ATV Reflex,DS,2009,Racing,THQ,0.13,0,0,0.01,0.14
2687,Cabela's Deer Hunt: 2004 Season,PS2,2003,Sports,Activision Value,0.37,0.29,0,0.1,0.76
11514,Dragon Ball Z: Battle of Z,X360,2014,Fighting,Namco Bandai Games,0.01,0.06,0,0.01,0.08
15477,Natsuiro High School: Seishun Hakusho,PS4,2015,Action,D3Publisher,0,0,0.02,0,0.02
11490,Persona 4: Arena Ultimax,X360,2014,Fighting,Atlus,0.06,0.01,0,0.01,0.08
9142,Gretzky NHL 06,PS2,2005,Sports,Sony Computer Entertainment,0.07,0.05,0,0.02,0.14
2150,The Sims 2,DS,2005,Simulation,Electronic Arts,0.82,0.07,0,0.07,0.96
6837,Kill.Switch,XB,2003,Shooter,Namco Bandai Games,0.18,0.05,0,0.01,0.24
3385,Hot Wheels: Stunt Track Challenge,PS2,2004,Racing,THQ,0.29,0.23,0,0.08,0.59
10718,The BIGS 2,PSP,2009,Sports,Take-Two Interactive,0.09,0,0,0.01,0.1
5575,Dead Space 2,PC,2011,Shooter,Electronic Arts,0.13,0.15,0,0.05,0.33
12302,Akagawa Jirou Mystery: Yasoukyoku - Hon ni Manekareta Satsujin,DS,2008,Adventure,Marvelous Interactive,0,0,0.06,0,0.06
5602,NBA Street V3,XB,2005,Sports,Electronic Arts,0.28,0.03,0,0.01,0.32
8493,Clash of the Titans,X360,2010,Action,Namco Bandai Games,0.08,0.06,0,0.02,0.16
12772,Dance Dance Revolution: Mario Mix (JP sales),GC,2005,Simulation,Nintendo,0,0,0.05,0,0.06
7080,Tales of VS.,PSP,2009,Fighting,Namco Bandai Games,0,0,0.23,0,0.23
3647,50 Classic Games,DS,2009,Misc,Destineer,0.52,0,0,0.04,0.55
13343,SD Gundam G Generation World,Wii,2011,Strategy,Namco Bandai Games,0,0,0.05,0,0.05
8597,Dragon Ball: Origins 2,DS,2010,Action,Namco Bandai Games,0.05,0.02,0.08,0.01,0.16
10241,Michael Phelps: Push the Limit,X360,2011,Sports,505 Games,0.09,0.01,0,0.01,0.11
5768,J-League Winning Eleven 2007: Club Championship,PS2,2007,Sports,Konami Digital Entertainment,0,0,0.31,0,0.31
15063,DemiKids: Dark Version,GBA,2002,Role-Playing,Atlus,0.02,0.01,0,0,0.02
2959,Dragon Ball Z: Budokai,GC,2003,Fighting,Atari,0.53,0.14,0,0.02,0.69
10076,Blood Drive,X360,2010,Racing,Activision,0.09,0.01,0,0.01,0.11
15883,Command & Conquer Collection,PC,2003,Strategy,Electronic Arts,0.01,0,0,0,0.02
13201,Major League Baseball 2K11,PS2,2011,Sports,Take-Two Interactive,0.02,0.02,0,0.01,0.05
14759,The Perfect Golf,PS,1995,Sports,Seta Corporation,0,0,0.03,0,0.03
16277,Farming Simulator 15 Expansion Pack,PC,2015,Action,Focus Home Interactive,0,0.01,0,0,0.01
3797,We Cheer,Wii,2008,Simulation,505 Games,0.48,0,0,0.04,0.53
10475,Macross 30: Ginga o Tsunagu Utagoe,PS3,2013,Shooter,Namco Bandai Games,0,0,0.1,0,0.1
5002,NFL GameDay 2002,PS2,2001,Sports,Sony Computer Entertainment,0.19,0.15,0,0.05,0.38
12866,Learn Science,DS,2010,Misc,DreamCatcher Interactive,0.05,0,0,0,0.05
7265,NCAA Basketball 09,X360,2008,Sports,Electronic Arts,0.2,0,0,0.02,0.22
15166,Cities in Motion Collection,PC,2011,Simulation,Unknown,0,0.02,0,0,0.02
13560,Corpse Party: Book of Shadows,PSP,2011,Adventure,5pb,0,0,0.04,0,0.04
5696,Shenmue II,XB,2002,Adventure,Microsoft Game Studios,0.22,0.08,0,0.01,0.32
80,Halo 2,XB,2004,Shooter,Microsoft Game Studios,6.82,1.53,0.05,0.08,8.49
10375,Martian Gothic: Unification,PS,2001,Adventure,Take-Two Interactive,0.06,0.04,0,0.01,0.11
13053,Jenga World Tour,Wii,2007,Misc,Atari,0.05,0,0,0,0.05
4841,Mafia II,PC,2010,Action,Take-Two Interactive,0.17,0.17,0,0.06,0.4
6951,Epic Mickey 2: The Power of Two,WiiU,2012,Action,Disney Interactive Studios,0.14,0.07,0.01,0.02,0.24
8590,Starcraft 64,N64,2000,Strategy,Nintendo,0.13,0.03,0,0,0.16
42,Animal Crossing: Wild World,DS,2005,Simulation,Nintendo,2.55,3.52,5.33,0.88,12.27
2749,Madden NFL 06,PSP,2005,Sports,Electronic Arts,0.69,0,0,0.06,0.75
13770,Super Robot Gakuen,DS,2009,Adventure,Namco Bandai Games,0,0,0.04,0,0.04
3862,That's So Raven 2: Supernatural Style,GBA,2005,Adventure,Disney Interactive Studios,0.37,0.14,0,0.01,0.52
9753,San Goku Shi V,SAT,1996,Strategy,Tecmo Koei,0,0,0.12,0,0.12
9459,The IdolM@ster: One for All,PS3,2014,Misc,Namco Bandai Games,0,0,0.13,0,0.13
6859,The Price is Right 2010 Edition,Wii,2009,Misc,Ubisoft,0.22,0,0,0.02,0.24
13482,World Championship Spelling,DS,2010,Misc,505 Games,0.04,0,0,0,0.04
1202,007: The World is not Enough,N64,2000,Action,Electronic Arts,1.13,0.38,0.02,0.03,1.55
2731,Rare Replay,XOne,2015,Misc,Microsoft Game Studios,0.47,0.21,0.01,0.07,0.75
7944,Remington Super Slam Hunting: North America,Wii,2010,Sports,Mastiff,0.18,0,0,0.01,0.19
879,FIFA Soccer 09,X360,2008,Sports,Electronic Arts,0.49,1.26,0.01,0.18,1.94
10828,SeaWorld Adventure Parks: Shamu's Deep Sea Adventure,GC,2005,Adventure,Activision,0.07,0.02,0,0,0.09
5879,Toukiden Kiwami,PSV,2014,Action,Tecmo Koei,0.05,0.05,0.17,0.03,0.3
3501,NFL Blitz 2000,N64,1999,Sports,Midway Games,0.55,0.02,0,0,0.58
36,Call of Duty: Black Ops II,X360,2012,Shooter,Activision,8.25,4.3,0.07,1.12,13.73
6542,Tom Clancy's Splinter Cell: Double Agent,PS3,2007,Action,Ubisoft,0.2,0.03,0,0.03,0.26
12130,Secret Service: Ultimate Sacrifice,PS2,2008,Action,Activision,0.03,0.03,0,0.01,0.07
15325,Last Escort,PS2,2006,Adventure,D3Publisher,0,0,0.02,0,0.02
15644,Grisaia no Rakuen: Le Eden de la Grisaia,PSV,2014,Adventure,Prototype,0,0,0.02,0,0.02
7448,Rollcage,PS,1999,Racing,Psygnosis,0.12,0.08,0,0.01,0.21
11370,Supremacy MMA,X360,2011,Fighting,505 Games,0.05,0.03,0,0.01,0.08
7335,We Sing Robbie Williams,Wii,2010,Misc,Nordic Games,0,0.19,0,0.03,0.21
2417,The Lord of the Rings: War in the North,PS3,N/A,Action,Warner Bros. Interactive Entertainment,0.25,0.45,0.01,0.15,0.86
10397,Kuroko's Basketball: Miracle Game,PSP,2012,Sports,Namco Bandai Games,0,0,0.11,0,0.11
6838,Ben 10 Ultimate Alien: Cosmic Destruction,PSP,2010,Platform,D3Publisher,0.1,0.09,0,0.05,0.24
7861,Hexen,N64,1996,Shooter,GT Interactive,0.15,0.04,0,0,0.19
9897,Battles of Prince of Persia,DS,2005,Strategy,Ubisoft,0.1,0.01,0,0.01,0.12
11323,Konami Classics Vol. 1,X360,2009,Misc,Konami Digital Entertainment,0.08,0,0,0.01,0.08
13333,Magic Carpet,PS,1995,Shooter,Electronic Arts,0.03,0.02,0,0,0.05
13136,Singularity,PC,2010,Shooter,Mastertronic,0,0.04,0,0.01,0.05
10168,Green Lantern: Rise of the Manhunters,DS,2011,Action,Warner Bros. Interactive Entertainment,0.08,0.02,0,0.01,0.11
15907,Night Wizard the Video Game: Denial of the World,PS2,2008,Adventure,5pb,0,0,0.02,0,0.02
9814,My Farm Around the World,DS,2008,Simulation,Atari,0.11,0,0,0.01,0.12
14338,Alter Ego,PC,1985,Simulation,Activision,0,0.03,0,0.01,0.03
4126,Need for Speed: Hot Pursuit,Wii,2010,Racing,Electronic Arts,0.18,0.24,0,0.05,0.48
11539,Sengoku Musou 3: Moushouden,Wii,2011,Action,Ackkstudios,0,0,0.08,0,0.08
7341,The Amazing Spider-Man 2 (2014),XOne,2014,Action,Activision,0.12,0.07,0,0.02,0.21
9049,Championship Motocross 2001 featuring Ricky Carmichael,PS,2001,Racing,THQ,0.08,0.05,0,0.01,0.14
9480,Summon Night: Twin Age,DS,2007,Role-Playing,Banpresto,0.07,0,0.05,0.01,0.13
2765,Jump Ultimate Stars,DS,2006,Fighting,Nintendo,0,0,0.74,0,0.74
3875,NFL 2K3,XB,2002,Sports,Sega,0.38,0.11,0,0.02,0.52
15650,The Hustle: Detroit Streets,XB,2006,Sports,Activision,0.01,0,0,0,0.02
7487,J-League Pro Soccer Club o Tsukurou! 7 Euro Plus,PSP,2011,Sports,Sega,0,0,0.21,0,0.21
5377,The Fairly Odd Parents: Shadow Showdown,GBA,2004,Platform,THQ,0.25,0.09,0,0.01,0.34
7927,Pictionary,DS,2010,Puzzle,THQ,0.1,0.07,0,0.02,0.19
12824,Kyoukai Senjou no Horizon Portable,PSP,2013,Adventure,Kadokawa Shoten,0,0,0.05,0,0.05
14927,Yahari Game Demo Ore no Seishun Love-Kome Hamachi Gatteiru,PSV,2013,Adventure,5pb,0,0,0.02,0,0.02
11218,The Incredibles: Rise of the Underminer,XB,2005,Action,THQ,0.06,0.02,0,0,0.09
9259,Daytona USA Championship Circuit Edition,SAT,1995,Racing,Sega,0,0,0.14,0,0.14
12608,Crazy Chicken: Pharaoh's Treasure,DS,2007,Puzzle,Phenomedia,0.05,0,0,0,0.06
10287,Defender,GC,2002,Misc,Midway Games,0.08,0.02,0,0,0.11
16209,Who Wants to be a Millionaire: 2nd Edition,DS,2008,Misc,Ubisoft,0,0.01,0,0,0.01
8546,Angry Birds Trilogy,PS3,2012,Action,Activision,0.12,0.02,0,0.02,0.16
9054,Star Ocean: Blue Sphere,GB,2001,Role-Playing,Enix Corporation,0,0,0.14,0,0.14
10458,Digimon Story: Lost Evolution,DS,2010,Role-Playing,Namco Bandai Games,0,0,0.1,0,0.1
10259,Felony 11-79,PS,1997,Racing,ASCII Entertainment,0.06,0.04,0,0.01,0.11
3456,Kinect Sports Rivals,XOne,2014,Sports,Microsoft Game Studios,0.3,0.22,0.02,0.04,0.58
4100,You're in the Movies,X360,2008,Misc,Microsoft Game Studios,0.27,0.17,0,0.05,0.48
8730,Hot Wheels: Battle Force 5,DS,2009,Racing,Activision,0.13,0.02,0,0.01,0.15
13954,Ar Nosurge: Ode to an Unborn Star,PSV,2014,Role-Playing,Tecmo Koei,0,0,0.04,0,0.04
2662,Galaxian,2600,1982,Shooter,Atari,0.72,0.05,0,0.01,0.77
14444,Jyuzaengi: Engetsu Sangokuden,PSP,2012,Action,Idea Factory,0,0,0.03,0,0.03
14198,Game of Thrones (Telltale),X360,2015,Adventure,Telltale Games,0.02,0.01,0,0,0.03
1616,Crash Bandicoot: The Wrath of Cortex,XB,2002,Platform,Universal Interactive,0.59,0.57,0,0.07,1.23
13463,Art of Fighting Anthology,PS2,2006,Fighting,Crave Entertainment,0.02,0.02,0,0.01,0.04
7822,NBA Live 14,XOne,2013,Sports,Electronic Arts,0.16,0.02,0,0.01,0.19
11241,Million God,PS2,2002,Misc,Nippon Amuse,0,0,0.09,0,0.09
9636,Crash Tag Team Racing,XB,2005,Racing,Vivendi Games,0.09,0.03,0,0,0.13
5242,Tomb Raider (2013),PC,N/A,Action,Square Enix,0.06,0.25,0,0.05,0.36
16275,Chaos;Head Noah,PSV,2014,Adventure,5pb,0,0,0.01,0,0.01
14803,Battlezone,PSP,2006,Shooter,Atari,0.02,0,0,0,0.03
7255,Yoostar2,X360,2011,Misc,Unknown,0.11,0.09,0,0.02,0.22
1248,Mega Man 2,NES,1988,Action,Capcom,0.93,0.15,0.42,0.01,1.51
11175,Spectral Force 3,X360,2006,Role-Playing,Idea Factory,0.08,0,0,0.01,0.09
7974,Jurassic: The Hunted,PS3,2009,Shooter,Activision,0.17,0,0,0.02,0.19
12877,GachiTora! Abarenbou Kyoushi in High School,PSP,2011,Action,Spike,0,0,0.05,0,0.05
447,Dragon Warrior IV,NES,1990,Role-Playing,Enix Corporation,0.08,0,3.03,0.01,3.12
16197,Shorts,DS,N/A,Platform,Unknown,0.01,0,0,0,0.01
10087,Shinseiki Evangelion: Koutetsu no Girlfriend,SAT,1998,Adventure,Sega,0,0,0.11,0,0.11
15011,George of the Jungle and the Search for the Secret,Wii,2008,Platform,Ignition Entertainment,0.02,0,0,0,0.02
14950,Road Trip: The Arcade Edition,GC,2002,Racing,Zoo Digital Publishing,0.02,0,0,0,0.02
15434,Kokoro Connect: Yochi Random,PSP,2012,Action,Namco Bandai Games,0,0,0.02,0,0.02
12967,Kamen Rider: Dragon Knight,DS,2009,Fighting,D3Publisher,0.05,0,0,0,0.05
5831,Virtua Cop 2,SAT,1996,Shooter,Sega,0,0,0.3,0,0.3
9914,Crime Killer,PS,1998,Racing,Interplay,0.07,0.04,0,0.01,0.12
9597,Snood,GBA,2001,Puzzle,"Destination Software, Inc",0.09,0.03,0,0,0.13
3833,Fight Night Round 3,PSP,2006,Fighting,Electronic Arts,0.46,0.02,0,0.05,0.52
6400,Family Feud: 2010 Edition,DS,2009,Misc,Ubisoft,0.25,0,0,0.02,0.27
6644,Exhibition,XB,2001,Misc,Microsoft Game Studios,0.19,0.05,0,0.01,0.25
13048,Enemy Front,X360,2014,Shooter,Namco Bandai Games,0.02,0.03,0,0,0.05
16117,Psycho-Pass,XOne,2014,Adventure,5pb,0,0,0.01,0,0.01
6027,Xena: Warrior Princess - The Talisman of Fate,N64,1999,Fighting,Titus,0.23,0.06,0,0,0.29
2512,DJ Hero 2,X360,2010,Misc,Activision,0.64,0.12,0,0.06,0.82
14717,Little Bears,DS,2009,Simulation,RTL,0.03,0,0,0,0.03
15256,Canimal Triple,PSV,2014,Misc,Warner Bros. Interactive Entertainment,0,0.02,0,0,0.02
15327,Livly Garden,DS,2010,Simulation,Marvelous Interactive,0,0,0.02,0,0.02
3552,Resident Evil Outbreak File #2,PS2,2004,Action,Capcom,0.19,0.15,0.17,0.05,0.57
9035,Klonoa: Empire of Dreams,GBA,2001,Platform,Infogrames,0.1,0.04,0,0,0.14
15111,Ookami to Koushinryou: Omiowataru Kaze,DS,2009,Adventure,ASCII Media Works,0,0,0.02,0,0.02
277,Teenage Mutant Ninja Turtles,NES,1989,Action,Palcom,3.38,0.44,0.31,0.04,4.17
12481,Dead Rising 2: Off the Record,PC,2011,Action,Capcom,0.04,0.02,0,0.01,0.06
8909,Nancy Drew: The White Wolf of Icicle Creek,Wii,2008,Adventure,Sega,0.14,0,0,0.01,0.15
16328,RalliSport Challenge(JP sales),XB,2002,Racing,Microsoft Game Studios,0,0,0.01,0,0.01
8293,Backyard NFL Football '09,PS2,2008,Sports,Atari,0.08,0.07,0,0.02,0.17
