Rank,Name,Platform,Year,Genre,Publisher,NA_Sales,EU_Sales,JP_Sales,Other_Sales,Global_Sales
16476,Captain Rainbow,Wii,2008,Adventure,Nintendo,0,0,0.01,0,0.01
6270,Tao Feng: Fist of the Lotus,XB,2003,Fighting,Microsoft Game Studios,0.21,0.06,0,0.01,0.27
14438,Gensou Suikoden I & II,PSP,2006,Role-Playing,Konami Digital Entertainment,0,0,0.03,0,0.03
2628,PokePark 2: Wonders Beyond,Wii,2011,Action,Nintendo,0.27,0.2,0.27,0.05,0.79
8386,Final Fantasy V,PS,1998,Role-Playing,SquareSoft,0,0,0.16,0.01,0.17
12585,Mercury Meltdown,PSP,2006,Action,Atari,0.05,0.01,0,0.01,0.06
14410,Shaun White Skateboarding,PC,2010,Sports,Ubisoft,0,0.03,0,0.01,0.03
15414,Backyard Baseball '09,PS2,2008,Sports,Atari,0.01,0.01,0,0,0.02
7874,Saints Row IV,PC,2013,Action,Deep Silver,0.11,0.06,0,0.02,0.19
14322,Monster High: New Ghoul in School,Wii,2015,Action,Little Orbit,0,0.03,0,0,0.03
2356,Mega Man 8 Anniversary Collector's Edition,PS,1996,Platform,Capcom,0.44,0.3,0.09,0.06,0.88
15878,Turbo: Super Stunt Squad,3DS,2013,Sports,D3Publisher,0,0.01,0,0,0.02
1782,Puyo Puyo Sun Ketteiban,PS,1997,Puzzle,Compile,0,0,1.07,0.07,1.15
6391,Jikkyou Powerful Pro Yakyuu '98 Ketteiban,PS,1998,Sports,Konami Digital Entertainment,0,0,0.25,0.02,0.27
4072,Asphalt 3D,3DS,2011,Racing,Ubisoft,0.27,0.16,0.02,0.04,0.49
7290,Lost Planet 3,PS3,2013,Shooter,Capcom,0.07,0.06,0.06,0.03,0.22
14029,Ailu de Puzzle,PSP,2012,Action,Capcom,0,0,0.04,0,0.04
2256,Dante's Inferno,X360,2010,Action,Electronic Arts,0.63,0.2,0.02,0.07,0.92
6784,Monster Jam: Path of Destruction,PS3,2010,Racing,Activision,0.21,0.02,0,0.02,0.24
10872,Wordmaster,DS,2008,Strategy,Zoo Digital Publishing,0.09,0,0,0.01,0.09
2918,NCAA Football 98,PS,1997,Sports,Electronic Arts,0.39,0.27,0,0.05,0.7
7966,Jackie Chan Adventures: Legend of the Dark Hand,GBA,2001,Action,Activision,0.13,0.05,0,0,0.19
11706,Madden NFL 17,PS3,2016,Sports,Electronic Arts,0.05,0.01,0,0.01,0.08
12520,The Legend of Heroes VII: The Trail of Blue,PSV,2014,Role-Playing,Nihon Falcom Corporation,0,0,0.06,0,0.06
11144,Happy Feet Two,Wii,N/A,Action,Warner Bros. Interactive Entertainment,0.07,0.01,0,0.01,0.09
15352,Oil Rush,PC,2012,Strategy,Iceberg Interactive,0,0.02,0,0,0.02
8057,Summer Athletics: The Ultimate Challenge,PS2,2008,Sports,DTP Entertainment,0,0,0,0.18,0.18
6825,Harry Potter and the Goblet of Fire,DS,2005,Action,Electronic Arts,0.21,0.02,0,0.02,0.24
14491,Judie no Atelier: Guramnat no Renkinjutsu - Toraware no Morito,PSP,2010,Role-Playing,Gust,0,0,0.03,0,0.03
293,World Soccer Winning Eleven 9,PS2,2005,Sports,Konami Digital Entertainment,0.12,2.26,0.9,0.77,4.06
1274,Buzz! The BIG Quiz,PS2,2006,Misc,Sony Computer Entertainment,0,1.1,0,0.39,1.49
10739,Thor: God of Thunder,3DS,2011,Action,Sega,0.06,0.03,0,0.01,0.1
15828,Puyo Puyo Tetris,WiiU,2014,Puzzle,Sega,0,0,0.02,0,0.02
5821,LEGO Legends of Chima: Laval's Journey,3DS,2013,Adventure,Warner Bros. Interactive Entertainment,0.18,0.1,0,0.03,0.31
4645,Mega Man X6,PS,2001,Action,Capcom,0.14,0.1,0.16,0.03,0.42
3299,Just Dance 2014,WiiU,2013,Misc,Ubisoft,0.33,0.23,0,0.05,0.61
7740,The Rise of the Argonauts,PS3,2008,Role-Playing,Codemasters,0.05,0.12,0,0.03,0.19
6624,Surfing H3O,PS2,2000,Sports,Take-Two Interactive,0.12,0.1,0,0.03,0.25
13008,Battleship / Connect Four / Sorry! / Trouble,DS,2006,Puzzle,"Destination Software, Inc",0.05,0,0,0,0.05
15805,Football Academy,DS,2009,Sports,Electronic Arts,0,0.01,0,0,0.02
11201,LEGO Star Wars II: The Original Trilogy,GBA,2006,Action,LucasArts,0.06,0.02,0,0,0.09
8455,FlatOut,XB,2004,Racing,Empire Interactive,0.12,0.04,0,0.01,0.17
66,Halo 4,X360,2012,Shooter,Microsoft Game Studios,6.63,2.36,0.04,0.73,9.76
4537,Castlevania: Portrait of Ruin,DS,2006,Platform,Konami Digital Entertainment,0.33,0.03,0.04,0.03,0.43
14955,Ano Hi Mita Hana no Namae o Bokutachi wa Mada Shiranai,PSP,2012,Action,5pb,0,0,0.02,0,0.02
12023,Pizza Delivery Boy,Wii,2010,Simulation,Majesco Entertainment,0.06,0,0,0,0.07
5425,Pony Friends 2,DS,2009,Simulation,Eidos Interactive,0.21,0.1,0,0.03,0.34
9164,Epidemic,PS,1995,Shooter,Sony Computer Entertainment,0.02,0.01,0.1,0.01,0.14
13465,Phoenix Wright: Revived Turnabout,DS,2008,Misc,Capcom,0,0,0.04,0,0.04
3633,Dragon Age: Inquisition,X360,2014,Role-Playing,Electronic Arts,0.35,0.16,0,0.05,0.55
12769,Angelique Trois,PS2,2000,Adventure,Tecmo Koei,0,0,0.06,0,0.06
12357,Star Fighter,PS,1995,Shooter,Telstar,0.04,0.02,0,0,0.06
11685,Open Season,PSP,2006,Platform,Ubisoft,0.07,0,0,0.01,0.08
4506,"The Chronicles of Narnia: The Lion, The Witch and The Wardrobe",PS2,2005,Action,Disney Interactive Studios,0.36,0.01,0,0.06,0.43
12596,Jacqueline Wilson's Tracy Beaker: The Game,DS,2009,Misc,P2 Games,0,0.05,0,0,0.06
8933,Kung-Fu: High Impact,X360,2011,Action,Black Bean Games,0.08,0.06,0,0.01,0.15
3584,Wolfenstein,X360,2009,Shooter,Activision,0.28,0.22,0,0.06,0.56
5348,Charlie and the Chocolate Factory,PS2,2005,Adventure,Global Star,0.17,0.13,0,0.04,0.35
3697,Medarot 2: Kabuto / Kuwagata Version,GB,1999,Role-Playing,Imagineer,0,0,0.54,0,0.54
16146,Harry Potter and the Chamber of Secrets,PC,2002,Action,Electronic Arts,0,0.01,0,0,0.01
14417,Winning Post 7 2009,PSP,2009,Sports,Tecmo Koei,0,0,0.03,0,0.03
8161,Charlie and the Chocolate Factory,GC,2005,Adventure,Global Star,0.14,0.04,0,0,0.18
2855,Fear Effect,PS,1998,Action,Eidos Interactive,0.4,0.27,0,0.05,0.72
3431,Ben 10: Alien Force,PSP,2008,Action,Koch Media,0.35,0.14,0,0.1,0.59
9927,The Walking Dead: Survival Instinct,WiiU,2013,Shooter,Activision,0.08,0.03,0,0.01,0.12
12177,Winning Post 7 2010,PS3,2010,Sports,Tecmo Koei,0,0,0.07,0,0.07
4529,Ghostbusters: The Video Game,PS2,2009,Action,Atari,0.15,0.04,0,0.24,0.43
10853,Monopoly Collection,Wii,2011,Misc,Electronic Arts,0.02,0.07,0,0.01,0.09
8545,Fatal Frame II: Crimson Butterfly,PS2,2003,Action,Ubisoft,0.08,0.06,0,0.02,0.16
5945,Shark Tale,GC,2004,Action,Activision,0.23,0.06,0,0.01,0.3
9729,Final Fantasy XIV: Heavensward,PS4,2015,Action,Square Enix,0,0.05,0.06,0.01,0.12
9227,Persona 4: Arena Ultimax,PS3,2014,Fighting,Atlus,0,0.01,0.13,0,0.14
2034,Tales of Graces f,PS3,2010,Role-Playing,Namco Bandai Games,0.28,0.21,0.45,0.08,1.02
6227,Indiana Jones and the Staff of Kings,PS2,2009,Action,Activision,0.11,0.01,0,0.16,0.28
2523,Guitar Hero: Warriors of Rock,PS3,2010,Misc,Activision,0.33,0.35,0,0.14,0.82
5743,Pro Evolution Soccer 2013,X360,2012,Sports,Konami Digital Entertainment,0.08,0.2,0,0.03,0.31
15787,Gummy Bears Magical Medallion,Wii,2011,Platform,Storm City Games,0.02,0,0,0,0.02
12255,187: Ride or Die,XB,2005,Racing,Ubisoft,0.05,0.01,0,0,0.06
9978,Dawn of Discovery,DS,2009,Simulation,Ubisoft,0.07,0.03,0,0.01,0.12
7631,Code of Princess,3DS,2012,Action,Agatsuma Entertainment,0.16,0,0.03,0.01,0.2
465,Tom Clancy's Splinter Cell,XB,2002,Action,Ubisoft,1.85,1.04,0,0.13,3.02
15168,Jissen Pachinko Hisshouhou! CR Sakura Taisen,PS2,2007,Misc,Sega,0,0,0.02,0,0.02
1272,Drawn To Life: SpongeBob SquarePants Edition,DS,2008,Adventure,THQ,1,0.36,0,0.13,1.49
12403,2 Games in 1: Sonic Pinball Party & Columns Crown,GBA,2005,Misc,Sega,0.04,0.02,0,0,0.06
5875,Jonas,DS,2009,Adventure,Disney Interactive Studios,0.28,0,0,0.02,0.3
15145,428: Fuusa Sareta Shibuya de,PS3,2009,Adventure,Spike,0,0,0.02,0,0.02
6163,Famista '92,NES,1991,Sports,Namco Bandai Games,0,0,0.28,0,0.28
10694,"Warhammer 40,000: Dawn of War II - Chaos Rising",PC,2010,Strategy,THQ,0.08,0.01,0,0.01,0.1
9123,Cabela's Outdoor Adventures (2009),PS2,2009,Sports,Activision Value,0.07,0.05,0,0.02,0.14
14718,Rush Hour,PS,1997,Misc,Psygnosis,0.02,0.01,0,0,0.03
1639,Game & Watch Gallery 3,GB,1999,Misc,Nintendo,0.79,0.31,0.08,0.04,1.22
11227,Monster Jam: Urban Assault,PSP,2008,Racing,Activision,0.08,0,0,0.01,0.09
6754,Nickelodeon Party Blast,GC,2002,Misc,Atari,0.19,0.05,0,0.01,0.25
11192,Sloane to MacHale no Nazo no Monogatari 2,DS,2009,Puzzle,Level 5,0,0,0.09,0,0.09
14070,Crazy Machines,DS,2008,Puzzle,DTP Entertainment,0,0.03,0,0,0.04
3681,Turok: Evolution,XB,2002,Shooter,Acclaim Entertainment,0.39,0.14,0,0.02,0.55
15739,Memories Off: Yubikiri no Kioku,X360,2010,Adventure,5pb,0,0,0.02,0,0.02
12283,Disney's Magical Quest 2 Starring Mickey and Minnie,GBA,2003,Action,Capcom,0.05,0.02,0,0,0.06
12875,BlowOut,XB,2003,Shooter,Zoo Digital Publishing,0.04,0.01,0,0,0.05
4602,Grandia,SAT,1997,Role-Playing,ESP,0,0,0.42,0,0.42
12132,Deep Labyrinth,DS,2006,Action,505 Games,0.06,0,0,0,0.07
13936,Evolution Skateboarding,GC,2002,Sports,Konami Digital Entertainment,0.03,0.01,0,0,0.04
13511,Growlanser,PSP,2009,Role-Playing,Atlus,0,0,0.04,0,0.04
7819,Spider-Man: Shattered Dimensions,DS,2010,Action,Activision,0.17,0.01,0,0.01,0.19
9002,QuickSpot,DS,2006,Misc,Namco Bandai Games,0.02,0,0.13,0,0.14
1621,Medal of Honor: Airborne,PS3,2007,Shooter,Electronic Arts,0.25,0.7,0.03,0.25,1.23
11928,Famicom Mini: Nazo no Murasame-Jou,GBA,2004,Action,Nintendo,0,0,0.07,0,0.07
15319,Runaway: A Twist of Fate,DS,N/A,Adventure,Focus Home Interactive,0,0.02,0,0,0.02
13958,Rugby 08,PS2,2007,Sports,Electronic Arts,0.02,0.01,0,0,0.04
11020,Obscure: The Aftermath,PSP,2009,Action,Playlogic Game Factory,0.05,0.03,0,0.02,0.09
3467,FIFA: Road to  World Cup 98,N64,1997,Sports,Electronic Arts,0.15,0.39,0,0.03,0.58
15622,"Shounen Onmyouji: Tsubasa Yoima, Ten e Kaere",PS2,2007,Adventure,Kadokawa Shoten,0,0,0.02,0,0.02
12263,Disney's Chicken Little: Ace In Action,DS,2006,Shooter,Disney Interactive Studios,0.06,0,0,0,0.06
10031,Tony Hawk's Pro Skater 5,XOne,2015,Sports,Activision,0.08,0.02,0,0.01,0.11
10906,Devil May Cry 4,PS4,2015,Action,Capcom,0.01,0,0.08,0,0.09
2787,Unreal Championship,XB,2002,Shooter,Atari,0.59,0.12,0,0.03,0.74
3298,Tony Hawk: RIDE,X360,2009,Sports,Activision,0.46,0.1,0,0.05,0.61
15382,Joker no Kuni no Alice: Wonderful Wonder World,PSP,2011,Adventure,Quinrose,0,0,0.02,0,0.02
988,UFC 2009 Undisputed,PS3,2009,Fighting,THQ,1.07,0.45,0.01,0.24,1.77
7571,Way of the Samurai 4,PS3,2011,Action,Nippon Ichi Software,0,0.03,0.16,0.01,0.2
13142,Shinseiki Evangelion 2: Tsukurareshi Sekai - Another Cases,PSP,2006,Adventure,Namco Bandai Games,0,0,0.05,0,0.05
13182,Woody Woodpecker: Escape from Buzz Buzzard Park,PS2,2001,Platform,DreamCatcher Interactive,0.02,0.02,0,0.01,0.05
4620,Jikkyou Powerful Pro Yakyuu 11,PS2,2004,Sports,Konami Digital Entertainment,0,0,0.42,0,0.42
5847,Burnout,GC,2002,Racing,Acclaim Entertainment,0.23,0.06,0,0.01,0.3
13406,The Misadventures of Tron Bonne,PS,1999,Adventure,Eidos Interactive,0.03,0.02,0,0,0.05
13896,Quiz Mobile Gundam: Toi Senshi DX,PSP,2006,Puzzle,Namco Bandai Games,0,0,0.04,0,0.04
9544,7 Wonders of the Ancient World,DS,2007,Puzzle,Funsta,0.1,0.01,0,0.01,0.13
10425,Contact,DS,2006,Role-Playing,Rising Star Games,0.07,0,0.03,0.01,0.1
10292,Akiba's Trip: Undead & Undressed,PS3,2013,Action,Nippon Ichi Software,0.05,0.01,0.04,0.01,0.11
1177,High School Musical 3: Senior Year,DS,2008,Misc,Disney Interactive Studios,0.64,0.76,0,0.17,1.58
7042,Naruto Shippuden: Ultimate Ninja Storm Revolution,X360,2014,Fighting,Namco Bandai Games,0.13,0.08,0,0.02,0.23
12775,MotoGP,GBA,2002,Racing,THQ,0.04,0.01,0,0,0.06
1267,Pac-Man World,PS,1998,Action,Namco Bandai Games,1.21,0.14,0.1,0.04,1.5
1082,MySims,Wii,2007,Simulation,Electronic Arts,0.91,0.55,0.04,0.17,1.68
14301,Elf Bowling 1 & 2,GBA,2005,Sports,Ignition Entertainment,0.02,0.01,0,0,0.03
7272,Disney's Magical Quest Starring Mickey and Minnie,GBA,2002,Action,Nintendo,0.16,0.06,0,0,0.22
14355,LEGO Legends of Chima: Laval's Journey,DS,2013,Adventure,Unknown,0,0.03,0,0,0.03
574,Super Mario Bros.: The Lost Levels,NES,1986,Platform,Nintendo,0,0,2.65,0,2.65
15193,Fuel,PC,2009,Racing,Codemasters,0,0.02,0,0,0.02
12780,NBA Live 07,XB,2006,Sports,Electronic Arts,0.04,0.01,0,0,0.06
11313,Warriors Orochi 3 Hyper,WiiU,2012,Action,Tecmo Koei,0.04,0.02,0.02,0.01,0.08
3028,The Witcher 3: Wild Hunt,PC,2015,Role-Playing,Namco Bandai Games,0.2,0.42,0,0.05,0.67
3721,Kidou Senshi Gundam: Extreme VS,PS3,2011,Fighting,Namco Bandai Games,0,0,0.54,0,0.54
9873,Mahou Shoujo Lyrical Nanoha A's Portable: The Battle of Aces,PSP,2010,Shooter,Namco Bandai Games,0,0,0.12,0,0.12
9629,Dynasty Warriors: Gundam Reborn,PSV,2013,Action,Namco Bandai Games,0,0,0.13,0,0.13
12863,Virtual Villagers: A New Home,DS,2010,Simulation,PQube,0.04,0.01,0,0,0.05
5828,One Piece: Unlimited World Red,PS3,2014,Action,Namco Bandai Games,0.09,0.12,0.06,0.05,0.3
8872,Rocky,XB,2002,Fighting,Rage Software,0.11,0.03,0,0.01,0.15
7509,You Don't Know Jack,X360,2011,Misc,THQ,0.19,0,0,0.01,0.2
2459,MLB 16: The Show,PS4,2016,Action,Sony Computer Entertainment,0.68,0,0,0.16,0.84
7912,Shining Force II,GEN,1993,Strategy,Sega,0,0,0.19,0,0.19
9179,Eragon,X360,2006,Action,Vivendi Games,0.12,0.01,0,0.01,0.14
7748,Silent Hill HD Collection,X360,2012,Action,Konami Digital Entertainment,0.11,0.06,0.01,0.02,0.19
14982,Vantage Master Portable,PSP,2008,Role-Playing,Falcom Corporation,0,0,0.02,0,0.02
9916,Backyard Wrestling 2: There Goes the Neighborhood,XB,2004,Fighting,Eidos Interactive,0.09,0.03,0,0,0.12
4119,Bratz: The Movie,PS2,2007,Simulation,THQ,0.24,0.18,0,0.06,0.48
11070,Supreme Commander,X360,2008,Strategy,505 Games,0.07,0.01,0,0.01,0.09
5260,Football Manager Handheld 2010,PSP,2009,Sports,Sega,0,0.26,0,0.09,0.36
4251,ATV Offroad Fury Pro,PSP,2006,Racing,Sony Computer Entertainment,0.37,0.04,0,0.05,0.46
2219,MLB 06: The Show,PS2,2006,Sports,Sony Computer Entertainment,0.78,0.03,0,0.13,0.94
2130,Madden NFL 08,PS3,2007,Sports,Electronic Arts,0.89,0.01,0,0.08,0.97
5004,Destiny: The Taken King,X360,2015,Shooter,Activision,0.22,0.12,0,0.03,0.38
6350,Shadow of Rome,PS2,2005,Action,Capcom,0.13,0.1,0,0.03,0.27
12078,Toy Soldiers: War Chest,PS4,2015,Action,Ubisoft,0.06,0,0,0.01,0.07
3271,Bass Landing,PS,1999,Sports,ASCII Entertainment,0.21,0.14,0.23,0.04,0.62
505,Colin McRae Rally,PS,1998,Racing,Codemasters,0.09,2.43,0.12,0.22,2.87
14379,Eyeshield 21: Field Saikyou no Senshi Tachi,Wii,2007,Role-Playing,Nintendo,0,0,0.03,0,0.03
16408,The Wild West,DS,2007,Action,Majesco Entertainment,0.01,0,0,0,0.01
1684,PokéPark Wii: Pikachu's Adventure,Wii,2009,Adventure,Nintendo,0.55,0.17,0.42,0.06,1.2
2510,Marvel: Ultimate Alliance,PS2,2006,Role-Playing,Activision,0.69,0.03,0,0.11,0.82
12533,Combat Elite: WWII Paratroopers,PS2,N/A,Shooter,Unknown,0.03,0.02,0,0.01,0.06
1870,Star Ocean: The Second Story,PS,1998,Role-Playing,Sony Computer Entertainment,0.26,0.1,0.72,0.02,1.1
184,New Super Mario Bros. U,WiiU,2012,Platform,Nintendo,2.32,1.3,1.27,0.31,5.19
16495,Daito Giken Koushiki Pachi-Slot Simulator: 24 - Twenty-Four,PS2,2008,Misc,Paon,0,0,0.01,0,0.01
6543,Monsters vs. Aliens,Wii,2009,Action,Activision,0.14,0.09,0,0.03,0.26
5746,Dr. Seuss: How the Grinch Stole Christmas,DS,2007,Action,CokeM Interactive,0.29,0,0,0.02,0.31
7731,Zombie Army Trilogy,PS4,2015,Shooter,Rebellion Developments,0.04,0.12,0,0.03,0.2
6899,Front Mission: Gun Hazard,SNES,1996,Role-Playing,SquareSoft,0,0,0.24,0,0.24
5038,The Incredible Hulk,PS2,2008,Action,Sega,0.32,0.01,0,0.05,0.38
12485,DropCast,DS,2008,Puzzle,THQ,0.06,0,0,0,0.06
14088,Painkiller: Hell Wars,XB,2006,Shooter,DreamCatcher Interactive,0.03,0.01,0,0,0.04
14847,Magicka Collection,PC,2011,Adventure,Unknown,0,0.02,0,0,0.03
13632,Black & White,PC,2001,Strategy,Electronic Arts,0,0.04,0,0.01,0.04
13181,Freelancer,PC,2003,Simulation,Microsoft Game Studios,0.02,0.02,0,0.01,0.05
1212,Fire Emblem Fates,3DS,2015,Role-Playing,Nintendo,0.71,0.22,0.52,0.1,1.54
3130,Dragon Age: Inquisition,PS3,2014,Role-Playing,Electronic Arts,0.26,0.23,0.05,0.1,0.65
1223,Mortal Kombat 3,SNES,1994,Fighting,Acclaim Entertainment,1.19,0.29,0,0.05,1.53
4145,Cars: Race-O-Rama,DS,2009,Racing,THQ,0.35,0.09,0,0.04,0.48
3403,Yakuza 5,PS3,2012,Action,Sega,0,0,0.59,0,0.59
8551,Dynasty Warriors 4,XB,2003,Action,Tecmo Koei,0.12,0.03,0,0.01,0.16
1266,Rock Band 2,PS3,2008,Misc,MTV Games,1.13,0.2,0,0.16,1.5
3206,Super Castlevania IV,SNES,1991,Platform,Konami Digital Entertainment,0.32,0.05,0.25,0.01,0.63
4359,SingStar Queen,PS3,2009,Misc,Sony Computer Entertainment,0.11,0.26,0,0.08,0.45
8595,Culdcept SAGA,X360,2006,Role-Playing,Namco Bandai Games,0.12,0,0.03,0.01,0.16
10153,Hot Wheels Velocity X,GC,2002,Racing,THQ,0.09,0.02,0,0,0.11
11954,Showtime Championship Boxing,Wii,2007,Fighting,Zoo Digital Publishing,0.06,0,0,0.01,0.07
9556,Overlord: Raising Hell,PS3,2008,Action,Codemasters,0.07,0.04,0,0.02,0.13
15428,Malice,PS2,2004,Platform,Evolved Games,0.01,0.01,0,0,0.02
6331,Sengoku Basara 4,PS3,2014,Action,Capcom,0,0,0.27,0,0.27
10452,Pro Yakyuu Famista DS 2009,DS,2009,Sports,Namco Bandai Games,0,0,0.1,0,0.1
14753,Gotcha Force,GC,2003,Shooter,Capcom,0.01,0,0.01,0,0.03
5445,Transformers: Revenge of the Fallen (DS Versions),DS,2009,Action,Activision,0.17,0.13,0,0.03,0.33
1610,Tetris 2 (All region sales),GB,1992,Puzzle,Nintendo,0.56,0.22,0.43,0.03,1.24
11725,SCORE International Baja 1000: The Official Game,PS3,2008,Racing,Activision,0.07,0,0,0.01,0.08
16040,WRC 5: FIA World Rally Championship,XOne,2015,Sports,Bigben Interactive,0,0.01,0,0,0.01
16173,Shepherd's Crossing,PSP,2009,Simulation,Success,0,0,0.01,0,0.01
5453,Bomberman World,PS,1998,Puzzle,Sony Computer Entertainment,0.06,0.04,0.22,0.02,0.33
13123,Slam Dunk SD Heat Up!!,SNES,1995,Sports,Namco Bandai Games,0,0,0.05,0,0.05
4818,NHL 15,XOne,2014,Sports,Electronic Arts,0.31,0.06,0,0.03,0.4
15379,Chevrolet Camaro: Wild Ride,DS,2010,Racing,Storm City Games,0.02,0,0,0,0.02
3498,Rapala: We Fish,Wii,2009,Sports,Activision,0.52,0.02,0,0.04,0.58
16131,Voodoo Chronicles: First Sign,PC,2011,Adventure,ValuSoft,0.01,0,0,0,0.01
4745,Band Hero,PS2,2009,Misc,Activision,0.15,0.06,0,0.2,0.41
14120,Puyo Puyo 7,PSP,2009,Puzzle,Sega,0,0,0.03,0,0.03
11732,Kung Fu Panda: Legendary Warriors,Wii,2008,Action,Activision,0.07,0,0,0,0.08
10879,Scooby-Doo! Who's Watching Who?,DS,2006,Adventure,THQ,0.08,0.01,0,0.01,0.09
7077,Critical Depth,PS,1997,Action,GT Interactive,0.13,0.09,0,0.01,0.23
5188,The Incredibles: Rise of the Underminer,PS2,2005,Action,THQ,0.18,0.14,0,0.05,0.36
8889,Chessmaster II,PS,1998,Strategy,Mindscape,0.08,0.06,0,0.01,0.15
10996,Beaterator,PSP,2009,Misc,Take-Two Interactive,0.06,0.02,0,0.02,0.09
11746,Naruto Shippuden: Gekito Ninja Taisen! EX 3,Wii,2008,Fighting,Takara Tomy,0,0,0.07,0,0.07
7574,Captain America: Super Soldier,PS3,2011,Action,Sega,0.1,0.07,0,0.03,0.2
12142,The Tale of Despereaux,DS,2008,Platform,Brash Entertainment,0.06,0,0,0,0.07
5764,Disney Infinity 3.0,XOne,2015,Action,Disney Interactive Studios,0.18,0.1,0,0.03,0.31
2529,SingStar Vol. 2,PS3,2008,Misc,Sony Computer Entertainment,0.29,0.4,0,0.13,0.82
7943,One Piece: Unlimited Adventure,Wii,2007,Adventure,Namco Bandai Games,0.07,0,0.11,0.01,0.19
5354,SD Gundam G Generation World,PSP,2011,Strategy,Namco Bandai Games,0,0,0.34,0,0.34
3295,Robotech: Battlecry,PS2,2002,Shooter,TDK Mediactive,0.3,0.23,0,0.08,0.61
7186,Crazy Climber,2600,1981,Action,Atari,0.21,0.01,0,0,0.22
11630,The Dukes of Hazzard: Return of the General Lee,XB,2004,Racing,Ubisoft,0.06,0.02,0,0,0.08
12529,Digimon All-Star Rumble,X360,2014,Fighting,Namco Bandai Games,0.04,0.01,0,0.01,0.06
919,WCW Nitro,PS,1998,Fighting,THQ,1.42,0.36,0.03,0.07,1.88
939,Kingdom Hearts: Chain of Memories,GBA,2004,Role-Playing,Square Enix,1.26,0.18,0.35,0.06,1.85
11096,Kenka Banchou 2: Full Throttle,PS2,2007,Action,Spike,0,0,0.09,0,0.09
9612,Warriors of Might and Magic,PS,2001,Adventure,3DO,0.07,0.05,0,0.01,0.13
7884,Jeopardy!,DS,2010,Misc,THQ,0.18,0,0,0.01,0.19
3771,Conflict: Vietnam,PS2,2004,Shooter,SCi,0.26,0.2,0,0.07,0.53
16449,Junjou Romanchika: Koi no Doki Doki Daisakusen,PS2,2008,Adventure,Marvelous Interactive,0,0,0.01,0,0.01
9885,Deus Ex: Human Revolution,WiiU,2013,Shooter,Square Enix,0.06,0.05,0,0.01,0.12
14660,Mega Minis Volume 2,PSP,2011,Misc,Sony Computer Entertainment,0,0.02,0,0.01,0.03
1574,Devil Dice,PS,1998,Puzzle,THQ,0.05,0.03,1.1,0.08,1.26
14823,Steins;Gate 0,PS3,2015,Adventure,5pb,0,0,0.03,0,0.03
7587,Spy Hunter,GC,2002,Racing,Midway Games,0.16,0.04,0,0.01,0.2
2259,Kung Fu Panda,Wii,2008,Action,Activision,0.5,0.32,0,0.09,0.92
9553,LEGO Racers 2,PS2,2001,Racing,Electronic Arts,0.06,0.05,0,0.02,0.13
15733,Super Speed Machines,DS,2009,Racing,Midas Interactive Entertainment,0.02,0,0,0,0.02
13300,Grand Ages: Medieval,PC,2015,Strategy,Kalypso Media,0,0.04,0,0,0.05
11776,Sky Gunner,PS2,2001,Action,Sony Computer Entertainment,0.04,0.03,0,0.01,0.07
3731,Middle-Earth: Shadow of Mordor,X360,2014,Action,Warner Bros. Interactive Entertainment,0.28,0.21,0,0.05,0.54
13840,Yuki Yuna is a Hero: Memory of the Forest,PSV,2015,Action,FuRyu,0,0,0.04,0,0.04
12690,Murdered: Soul Suspect,PC,2014,Action,Square Enix,0,0.05,0,0.01,0.06
14239,Safari Adventures: Africa,Wii,2007,Adventure,Neko Entertainment,0.03,0,0,0,0.03
13368,Gitaroo Man,PS2,2001,Misc,THQ,0.02,0.02,0,0.01,0.05
10237,Frontier Gate,PSP,2011,Role-Playing,Konami Digital Entertainment,0,0,0.11,0,0.11
11904,SpongeBob's Truth or Square,PSP,2009,Action,THQ,0.02,0.04,0,0.01,0.07
5061,Madagascar: Escape 2 Africa,PS2,2008,Action,Activision,0.12,0,0,0.26,0.38
6454,A.C.E.: Another Century's Episode R,PS3,2010,Simulation,Namco Bandai Games,0,0,0.26,0,0.26
7519,DarkStar One: Broken Alliance,X360,2010,Simulation,Kalypso Media,0.11,0.08,0,0.02,0.2
7039,Last Window: The Secret of Cape West,DS,2010,Adventure,Nintendo,0,0.12,0.09,0.02,0.23
5935,Harvest Moon DS Cute (US sales),DS,2005,Simulation,Marvelous Interactive,0.3,0,0,0,0.3
15277,Taito Legends 2,PS2,2006,Misc,Empire Interactive,0.01,0.01,0,0,0.02
15797,Judge Dredd: Dredd Vs Death,XB,2003,Shooter,Vivendi Games,0.01,0,0,0,0.02
15339,Kung Fu Panda: Showdown of Legendary Legends,3DS,2015,Action,Little Orbit,0,0.02,0,0,0.02
10904,"Prinny 2: Dawn of Operation Panties, Dood!",PSP,2010,Platform,Nippon Ichi Software,0.05,0,0.03,0.01,0.09
16520,Teenage Mutant Ninja Turtles,Wii,2007,Action,Konami Digital Entertainment,0,0.01,0,0,0.01
11634,Jikkyou Powerful Pro Yakyuu Next,Wii,2009,Sports,Konami Digital Entertainment,0,0,0.08,0,0.08
8498,Bomberman Land,PS,2000,Misc,Hudson Soft,0,0,0.15,0.01,0.16
1677,TwinBee,NES,1986,Shooter,Konami Digital Entertainment,0,0,1.2,0,1.2
12991,Fallout: Brotherhood of Steel,XB,2004,Role-Playing,Avalon Interactive,0.04,0.01,0,0,0.05
4636,Super Famista 4,SNES,1995,Sports,Namco Bandai Games,0,0,0.42,0,0.42
4172,Dragon Quest 25 Shuunen Kinin: Famicom & Super Famicom Dragon Quest I-II-III,Wii,2011,Role-Playing,Square Enix,0,0,0.47,0,0.47
6358,Mat Hoffman's Pro BMX,GBA,2001,Sports,Activision,0.19,0.07,0,0,0.27
7977,Dance Central: Spotlight,XOne,2014,Misc,Microsoft Game Studios,0.15,0.03,0,0,0.19
8302,N3 II: Ninety-Nine Nights,X360,2010,Action,Microsoft Game Studios,0.06,0.07,0.04,0.01,0.17
9652,Jurassic: The Hunted,X360,2009,Shooter,Activision,0.12,0,0,0.01,0.13
14999,Bust-A-Move,3DO,1994,Puzzle,Micro Cabin,0,0,0.02,0,0.02
9224,Wild ARMs XF,PSP,2007,Role-Playing,505 Games,0.07,0,0.06,0.01,0.14
4728,Star Wars The Clone Wars: Republic Heroes,DS,2009,Action,LucasArts,0.23,0.14,0,0.04,0.41
604,Madden NFL 13,PS3,2012,Sports,Electronic Arts,2.11,0.23,0,0.22,2.56
13586,Metal Gear Solid: Digital Graphic Novel,PSP,2006,Misc,Konami Digital Entertainment,0.02,0,0.02,0,0.04
2120,Sniper Elite V2,PS3,2012,Shooter,505 Games,0.38,0.39,0.06,0.15,0.98
130,Halo: Combat Evolved,XB,2001,Shooter,Microsoft Game Studios,4.98,1.3,0.08,0.07,6.43
6879,NCAA March Madness 2004,XB,2003,Sports,Electronic Arts,0.18,0.05,0,0.01,0.24
10648,King of Clubs: Mini Golf,Wii,2008,Sports,Oxygen Interactive,0.09,0,0,0.01,0.1
10271,The Scorpion King: Rise of the Akkadian,GC,2002,Action,Universal Interactive,0.08,0.02,0,0,0.11
10060,Pro Evolution Soccer 2014,PC,2013,Action,Konami Digital Entertainment,0,0.09,0,0.02,0.11
5432,Dynasty Warriors: Gundam 2,PS2,2008,Action,Namco Bandai Games,0.04,0.03,0.25,0.01,0.34
16036,NiGHTS into dreams...,PS2,2008,Platform,Sega,0,0,0.01,0,0.01
16323,Tringo,GBA,2006,Puzzle,Liquid Games,0.01,0,0,0,0.01
3220,The Sims 3: Generations,PC,2011,Simulation,Electronic Arts,0.4,0.23,0,0,0.63
11870,Combat: Task Force 121,XB,2005,Shooter,Zoo Digital Publishing,0.05,0.02,0,0,0.07
1382,Spider-Man: The Movie,XB,2002,Action,Activision,1.07,0.28,0,0.05,1.4
10062,The Settlers,DS,2007,Action,Ubisoft,0.1,0,0,0.01,0.11
14249,Legend of the Dragon,PSP,2007,Fighting,Game Factory,0.03,0,0,0,0.03
1646,Golden Sun: The Lost Age,GBA,2002,Role-Playing,Nintendo,0.61,0.27,0.27,0.07,1.22
15546,Poyo Poyo Kansatsu Nikki,3DS,2012,Action,IE Institute,0,0,0.02,0,0.02
14354,Dance Factory,PS2,2006,Action,Codemasters,0.02,0.01,0,0,0.03
15595,ESPN NFL Primetime 2002,XB,2002,Sports,Konami Digital Entertainment,0.01,0,0,0,0.02
11811,OK! Puzzle Stars,DS,2010,Puzzle,Ubisoft,0,0.06,0,0.01,0.07
6929,Pictionary: Ultimate Edition,X360,2011,Misc,THQ,0.16,0.05,0,0.02,0.24
6945,The Bureau: XCOM Declassified,X360,2013,Shooter,Take-Two Interactive,0.1,0.12,0,0.02,0.24
3426,Barbie: Race & Ride,PS,1999,Action,Sony Computer Entertainment,0.33,0.22,0,0.04,0.59
2586,Rayman Raving Rabbids 2,DS,2007,Misc,Ubisoft,0.73,0.01,0,0.06,0.8
14893,Jissen Pachi-Slot Hisshouhou! Hokuto no Ken 2,PS2,2007,Misc,Sega,0,0,0.03,0,0.03
3312,Pac-Man Party,Wii,2010,Misc,Namco Bandai Games,0.47,0.09,0.01,0.04,0.61
7482,Outlaw Golf 2,XB,2004,Sports,Global Star,0.15,0.04,0,0.01,0.21
4088,Metal Gear Solid HD Edition,PSV,2012,Action,Konami Digital Entertainment,0.16,0.18,0.05,0.09,0.48
10843,SingStar Apres-Ski Party 2,PS3,2010,Misc,Sony Computer Entertainment,0,0.07,0,0.02,0.09
12391,Earth Defense Force 2017 Portable,PSV,2012,Action,D3Publisher,0,0,0.06,0,0.06
10100,Akiba's Trip: Undead & Undressed,PS4,2014,Action,Acquire,0.08,0,0.01,0.02,0.11
2770,Final Fantasy XIII-2,X360,2011,Role-Playing,Square Enix,0.36,0.3,0.02,0.06,0.74
5003,Turok: Evolution,GC,2002,Shooter,Acclaim Entertainment,0.3,0.08,0,0.01,0.38
10114,Samurai Warriors 4-II,PS4,2015,Action,Tecmo Koei,0.03,0.02,0.06,0.01,0.11
9582,Star Wars: Clone Wars,XB,2003,Shooter,LucasArts,0.1,0.03,0,0,0.13
1709,LEGO Indiana Jones: The Original Adventures,PSP,2008,Action,LucasArts,0.4,0.49,0,0.29,1.18
15440,Resident Evil Zero,PC,2016,Action,Capcom,0.01,0.01,0,0,0.02
15133,Twinkle * Crusaders GoGo!,PSP,2010,Adventure,ASCII Media Works,0,0,0.02,0,0.02
6663,FIFA 14,3DS,2013,Sports,Electronic Arts,0,0.23,0,0.03,0.25
4613,Lemony Snicket's A Series of Unfortunate Events,GBA,2004,Platform,Activision,0.3,0.11,0,0.01,0.42
84,The Sims 3,PC,2009,Simulation,Electronic Arts,0.98,6.42,0,0.71,8.11
13474,Nihon Pro Mahjong Kishikai Kanshuu: Pro Ni Naru Mahjong DS,DS,2005,Misc,Success,0,0,0.04,0,0.04
3390,Jeopardy!,Wii,2010,Misc,THQ,0.56,0,0,0.03,0.59
13503,Dark Arena,GBA,2002,Shooter,THQ,0.03,0.01,0,0,0.04
10450,Fatal Frame 2: Wii Edition,Wii,2012,Action,Nintendo,0,0,0.1,0,0.1
13398,Hakuouki: Bakumatsu Musou Roku,PSP,2012,Action,Idea Factory,0,0,0.05,0,0.05
7333,Disaster Report,PS2,2002,Action,Agetec,0.03,0.02,0.15,0.01,0.21
9289,Hot Wheels: World Race,GBA,2003,Racing,THQ,0.1,0.04,0,0,0.14
6463,Beyblade: Metal Fusion,DS,2009,Role-Playing,Hudson Soft,0.08,0.03,0.14,0.01,0.26
10593,Total War: WARHAMMER,PC,2016,Strategy,Sega,0,0.1,0,0.01,0.1
4967,Tiger Woods PGA Tour 08,PS2,2007,Sports,Electronic Arts,0.19,0.15,0,0.05,0.39
8907,Ridge Racer DS,DS,2004,Racing,Namco Bandai Games,0.14,0,0,0.01,0.15
9740,O.D.T.: Escape... Or Die Trying,PS,1997,Adventure,Psygnosis,0.07,0.05,0,0.01,0.12
12852,Samurai Warriors 4: Empires,PSV,2015,Action,Tecmo Koei,0,0,0.05,0,0.05
4368,Eternal Sonata,PS3,2008,Role-Playing,Atari,0.19,0.13,0.07,0.06,0.45
12140,Shin Chan: Las Nuevas Aventuras Para Wii!,Wii,2006,Action,505 Games,0,0,0.07,0,0.07
15501,Azada,3DS,2012,Puzzle,Licensed 4U,0,0.02,0,0,0.02
5146,Bottom of the 9th,N64,1999,Sports,Konami Digital Entertainment,0.37,0,0,0,0.37
548,Pokémon Stadium 2,N64,2000,Strategy,Nintendo,1.02,0.36,1.13,0.23,2.73
8357,CSI: Fatal Conspiracy,X360,2010,Adventure,Ubisoft,0.11,0.04,0,0.01,0.17
7878,Kenka Banchou 4: Ichinen Sensou,PSP,2010,Action,Spike,0,0,0.19,0,0.19
8677,SpongeBob's Boating Bash,DS,2010,Misc,THQ,0.14,0.01,0,0.01,0.16
14829,Let's Play Ballerina,Wii,2010,Sports,Deep Silver,0.02,0,0,0,0.03
2879,LEGO Rock Band,Wii,2009,Misc,Warner Bros. Interactive Entertainment,0.42,0.22,0,0.07,0.71
11371,Game of Thrones,PC,2012,Role-Playing,Focus Home Interactive,0,0.07,0,0.01,0.08
3251,Tiger Woods PGA Tour 2004,XB,2003,Sports,Electronic Arts,0.47,0.13,0,0.02,0.62
2250,NCAA Football 11,X360,2010,Sports,Electronic Arts,0.86,0,0,0.06,0.92
11909,Cho~ricchi! Tamagotchi no Puchi Puchi Omisecchi,3DS,2012,Action,Namco Bandai Games,0,0,0.07,0,0.07
2991,Mercenaries: Playground of Destruction,XB,2005,Action,LucasArts,0.54,0.11,0,0.03,0.68
5195,Press Your Luck 2010 Edition,Wii,2009,Misc,Ubisoft,0.33,0,0,0.03,0.36
4661,Harry Potter and the Deathly Hallows - Part 1,PS3,2010,Action,Electronic Arts,0.13,0.21,0,0.08,0.42
5466,Marvel: Ultimate Alliance 2,Wii,2009,Role-Playing,Activision,0.26,0.05,0,0.03,0.33
13588,Outlaw Tennis,XB,2005,Sports,Global Star,0.03,0.01,0,0,0.04
8858,Return to PopoloCrois: A Story of Seasons Fairytale,3DS,2015,Simulation,Marvelous Entertainment,0.04,0,0.1,0.01,0.15
14138,Sky Dancers,GBA,2005,Action,Crave Entertainment,0.02,0.01,0,0,0.03
4090,Madagascar: Operation Penguin,GBA,2005,Action,Activision,0.35,0.13,0,0.01,0.48
6204,Cabela's Big Game Hunter 2012,X360,2011,Sports,Activision,0.24,0.02,0,0.02,0.28
4152,Bravely Second: End Layer,3DS,2015,Role-Playing,Nintendo,0.16,0.11,0.18,0.03,0.47
2234,Spider-Man,2600,1981,Action,Parker Bros.,0.87,0.05,0,0.01,0.93
8273,Exhibition Volume 02,XB,2003,Misc,Microsoft Game Studios,0.13,0.04,0,0.01,0.17
12264,IL-2 Sturmovik: Birds of Prey,DS,2009,Simulation,505 Games,0.06,0,0,0,0.06
9048,ArmA II,PC,2009,Shooter,505 Games,0,0.12,0,0.03,0.14
2996,Need for Speed (2015),XOne,2015,Racing,Electronic Arts,0.3,0.33,0,0.06,0.68
5820,Orphen: Scion of Sorcery,PS2,2000,Role-Playing,Activision,0.15,0.12,0,0.04,0.31
2085,NFL Fever 2002,XB,2000,Sports,Microsoft Game Studios,0.74,0.21,0,0.04,0.99
1469,Your Shape: Fitness Evolved,X360,2010,Sports,Ubisoft,0.79,0.42,0,0.11,1.33
13132,Sea Monsters: A Prehistoric Adventure,Wii,2007,Adventure,Zushi Games,0.04,0,0,0,0.05
5838,Stranglehold,PS3,2007,Shooter,Midway Games,0.24,0.03,0,0.03,0.3
13295,Moon,DS,2009,Adventure,Mastiff,0.04,0,0,0,0.05
1316,LEGO City Undercover,3DS,2013,Platform,Nintendo,0.51,0.75,0.07,0.12,1.46
1558,Atlantis,2600,1981,Shooter,Imagic,1.18,0.08,0,0.01,1.27
11358,LEGO Soccer Mania,PS2,2002,Sports,Electronic Arts,0.04,0.03,0,0.01,0.08
8010,Close Combat: First to Fight,XB,2005,Shooter,Take-Two Interactive,0.14,0.04,0,0.01,0.18
3287,SingStar Singalong With Disney,PS2,2008,Misc,Sony Computer Entertainment,0,0.04,0,0.57,0.61
7360,BloodRayne,XB,2002,Shooter,Universal Interactive,0.16,0.05,0,0.01,0.21
11963,Bionicle Heroes,X360,2006,Shooter,Eidos Interactive,0.05,0.01,0,0.01,0.07
5508,Way of the Samurai 2,PS2,2003,Action,Capcom,0.05,0.04,0.23,0.01,0.33
12611,PoPoLoCrois,PSP,2005,Role-Playing,Ignition Entertainment,0.05,0,0,0,0.06
4794,Dragon Quest X,WiiU,2013,Role-Playing,Square Enix,0,0,0.4,0,0.4
8359,.hack//G.U. Vol.1//Rebirth,PS2,2006,Role-Playing,Namco Bandai Games,0,0,0.17,0,0.17
14286,The Walking Dead: Season One,PC,2012,Adventure,Avanquest Software,0,0.03,0,0.01,0.03
4604,Yu-Gi-Oh! 7 Trials to Glory: World Championship Tournament 2005,GBA,2005,Misc,Konami Digital Entertainment,0.3,0.11,0,0.01,0.42
6150,Beyblade: Metal Masters,DS,2010,Action,Konami Digital Entertainment,0.16,0.1,0,0.03,0.28
3925,Picross DS,DS,2007,Puzzle,Nintendo,0.17,0.02,0.3,0.02,0.51
507,Madden NFL 13,X360,2012,Sports,Electronic Arts,2.53,0.16,0,0.17,2.86
13633,NCIS,PC,2011,Adventure,Ubisoft,0.01,0.02,0,0.01,0.04
11119,Transworld Snowboarding,XB,2002,Sports,Atari,0.07,0.02,0,0,0.09
9367,Sentou Kokka Air Land Battle,PS,1995,Strategy,Sony Computer Entertainment,0,0,0.13,0.01,0.13
11469,TrackMania DS,DS,2008,Racing,Focus Home Interactive,0.06,0.01,0,0.01,0.08
14333,The Inner World,PC,2013,Adventure,Headup Games,0,0.03,0,0,0.03
9265,Rogue Warrior,PS3,2009,Shooter,Bethesda Softworks,0.11,0.02,0,0.01,0.14
4644,Condemned: Criminal Origins,X360,2005,Action,Sega,0.36,0.03,0,0.03,0.42
14485,Teenage Mutant Ninja Turtles: Mutants in Manhattan,X360,2016,Action,Activision,0.01,0.02,0,0,0.03
2720,Need for Speed: Shift,PSP,2009,Racing,Electronic Arts,0.16,0.38,0.01,0.21,0.76
14350,Pro Yakyuu Spirits 5 Kanzenban,PS3,2008,Sports,Konami Digital Entertainment,0,0,0.03,0,0.03
12738,Samurai Warriors 4: Empires,PS3,2015,Action,Tecmo Koei,0,0,0.06,0,0.06
11585,Sub Rebellion,PS2,2002,Simulation,Metro 3D,0.04,0.03,0,0.01,0.08
3576,Yu-Gi-Oh! World Championship Tournament 2004,GBA,2004,Misc,Konami Digital Entertainment,0.4,0.15,0,0.01,0.56
10453,Banjo-Pilot,GBA,2005,Racing,THQ,0.07,0.03,0,0,0.1
15785,Densha de Go! Shinkansen EX: Sanyou Shinkansen-hen,Wii,2007,Simulation,Taito,0,0,0.02,0,0.02
8524,N2O: Nitrous Oxide,PS,1998,Racing,Gremlin Interactive Ltd,0.09,0.06,0,0.01,0.16
8816,Zoids: Battle Legends,GC,2003,Action,Tomy Corporation,0.12,0.03,0,0,0.15
13806,Hanaoni: Koisomeru Koku - Eikyuu no Shirushi,PSP,2011,Adventure,Idea Factory,0,0,0.04,0,0.04
2445,WWE 2K15,PS3,2014,Sports,Take-Two Interactive,0.36,0.35,0,0.14,0.85
1121,NBA Live 06 (All region sales),PS2,2005,Sports,Electronic Arts,1.44,0.15,0,0.05,1.64
16404,Memories Off,PSP,2008,Adventure,5pb,0,0,0.01,0,0.01
13149,Keiba Eight Special,SNES,1993,Sports,Misawa,0,0,0.05,0,0.05
15969,Yume Neko DS,DS,2008,Simulation,Sega,0,0,0.02,0,0.02
13869,Paddington: Adventures in London,3DS,2015,Puzzle,Koch Media,0,0.04,0,0,0.04
4067,F1 2014,PS3,2014,Racing,Codemasters,0.07,0.31,0.02,0.08,0.49
4633,Dance Dance Revolution Ultramix 2,XB,2004,Simulation,Konami Digital Entertainment,0.32,0.09,0,0.02,0.42
7356,Conflict Zone,PS2,2002,Strategy,Ubisoft,0.1,0.08,0,0.03,0.21
11614,Nanashi no Game,DS,2008,Adventure,Square Enix,0,0,0.08,0,0.08
11154,The Bachelor: The Videogame,DS,2010,Misc,Warner Bros. Interactive Entertainment,0.08,0,0,0.01,0.09
11318,Major League Baseball 2K12,DS,2012,Sports,Take-Two Interactive,0.08,0,0,0.01,0.08
9349,Winter Stars,Wii,2011,Sports,Deep Silver,0.06,0.07,0,0.01,0.13
1879,NFL 2K1,DC,2000,Sports,Sega,1.02,0.05,0,0.02,1.09
1353,Classic NES Series: Super Mario Bros.,GBA,2004,Platform,Nintendo,0,0,1.39,0.03,1.43
12625,Backyard Skateboarding 2006,GBA,2004,Sports,Atari,0.04,0.02,0,0,0.06
13756,Super Black Bass Fishing,DS,2005,Sports,Majesco Entertainment,0.04,0,0,0,0.04
5263,Formula 1 Championship Edition,PS,1997,Racing,Psygnosis,0.06,0.04,0.23,0.02,0.36
16453,Hyperdimension Neptunia mk2,PS3,2011,Action,Nippon Ichi Software,0,0.01,0,0,0.01
10658,LEGO Rock Raiders,PS,1999,Strategy,LEGO Media,0.06,0.04,0,0.01,0.1
7817,Trivial Pursuit unhinged,PS2,2004,Misc,Atari,0.09,0.07,0,0.02,0.19
16502,Irotoridori no Sekai: World's End Re-Birth,PSV,2015,Action,HuneX,0,0,0.01,0,0.01
3350,Tony Hawk: RIDE,PS3,2009,Sports,Activision,0.38,0.15,0,0.08,0.6
3740,Greg Hastings' Tournament Paintball,XB,2004,Shooter,Activision,0.46,0.06,0,0.02,0.54
6035,Jewel Quest Mysteries: Curse of the Emerald Tear,DS,2010,Puzzle,Avanquest,0,0.25,0,0.04,0.29
6804,SRS: Street Racing Syndicate,XB,2004,Racing,Namco Bandai Games,0.18,0.05,0,0.01,0.24
825,NBA 2K14,PS3,2013,Sports,Take-Two Interactive,1.43,0.33,0.04,0.25,2.05
10522,Uta no Prince-Sama: Music,PSP,2011,Misc,Broccoli,0,0,0.1,0,0.1
2066,SoulCalibur II,XB,2003,Fighting,Namco Bandai Games,0.78,0.18,0.03,0,1
9180,Micro Machines,PS2,2002,Racing,Atari,0.07,0.05,0,0.02,0.14
13854,Supreme Commander: Forged Alliance,PC,2007,Strategy,THQ,0.01,0.02,0,0.01,0.04
2601,Rayman Origins,X360,2011,Platform,Ubisoft,0.38,0.34,0,0.08,0.79
14933,ParaWorld,PC,2006,Strategy,Deep Silver,0,0.02,0,0,0.02
399,The Legend of Zelda: Majora's Mask,N64,2000,Action,Nintendo,1.9,0.67,0.73,0.06,3.36
14617,My Hero Academia: Battle for All,3DS,2016,Action,Namco Bandai Games,0,0,0.03,0,0.03
16232,Brothers in Arms: Furious 4,X360,N/A,Shooter,N/A,0.01,0,0,0,0.01
13247,Tokimeki Memorial: Girls Side 1st Love,DS,2007,Adventure,Konami Digital Entertainment,0,0,0.05,0,0.05
8434,TransFormers Animated: The Game,DS,2008,Action,Activision,0.15,0.01,0,0.01,0.17
1656,FIFA Soccer 11,PSP,2010,Sports,Electronic Arts,0.13,0.7,0.01,0.37,1.21
8660,Pachi-Slot Kanzen Kouryaku 3: Universal Koushiki Gaido Volume 3,PS,1998,Misc,Syscom,0,0,0.15,0.01,0.16
10851,Robots,XB,2005,Action,Vivendi Games,0.07,0.02,0,0,0.09
905,Star Wars: The Force Unleashed,Wii,2008,Action,LucasArts,1.14,0.57,0,0.19,1.91
12781,Choro Q Marine: Q Boat,PS,1998,Racing,Takara,0,0,0.05,0,0.06
2391,NFL GameDay '97,PS,1996,Sports,Sony Computer Entertainment,0.48,0.33,0,0.06,0.87
8301,Top Spin 2,X360,2006,Sports,Take-Two Interactive,0.15,0.01,0,0.01,0.17
8383,James Bond 007: Everything or Nothing,GBA,2003,Shooter,Electronic Arts,0.12,0.04,0,0,0.17
15796,Kaleidoeve,PSV,2015,Adventure,HuneX,0,0,0.02,0,0.02
2526,Stranglehold,X360,2007,Shooter,Midway Games,0.4,0.33,0.01,0.09,0.82
8320,Tokyo Xtreme Racer,DC,1999,Racing,Genki,0,0,0.17,0,0.17
7011,Tom Clancy's Splinter Cell,GC,2003,Action,Ubisoft,0.18,0.05,0,0.01,0.23
5731,Homefront: The Revolution,PS4,2016,Shooter,Deep Silver,0.05,0.19,0.03,0.04,0.31
3680,Mortal Kombat 3,PS,1995,Fighting,Sony Computer Entertainment,0.29,0.2,0.02,0.04,0.55
9769,The X Files: Resist or Serve,PS2,2004,Adventure,Vivendi Games,0.06,0.05,0,0.02,0.12
238,Guitar Hero III: Legends of Rock,X360,2007,Misc,Activision,3.19,0.92,0.01,0.42,4.53
6395,Batman: Arkham Origins Blackgate,3DS,2013,Action,Warner Bros. Interactive Entertainment,0.16,0.09,0,0.02,0.27
11445,Samurai Shodown Sen,X360,2009,Fighting,Rising Star Games,0.07,0.01,0,0.01,0.08
9211,Jikkyou Powerful Pro Yakyuu Wii,Wii,2007,Sports,Konami Digital Entertainment,0,0,0.14,0,0.14
316,World Soccer Winning Eleven 8 International,PS2,2004,Sports,Konami Digital Entertainment,0.16,1.89,1.12,0.68,3.85
9416,Tales of the Heroes: Twin Brave,PSP,2012,Role-Playing,Namco Bandai Games,0,0,0.13,0,0.13
15368,Dance Dance Revolution Extra Mix,PS,2001,Simulation,Konami Digital Entertainment,0,0,0.02,0,0.02
2375,Phantasy Star Portable 2,PSP,2009,Role-Playing,Sega,0.08,0.11,0.62,0.06,0.88
10673,Sword Art Online: Lost Song,PS3,2015,Role-Playing,Namco Bandai Games,0,0,0.1,0,0.1
16508,Rabbids Invasion: The Interactive TV Show,XOne,2014,Misc,Ubisoft,0,0.01,0,0,0.01
13352,Crusader: No Remorse,PS,1996,Adventure,Electronic Arts,0.03,0.02,0,0,0.05
4495,Alpha Protocol,PS3,2010,Role-Playing,Sega,0.19,0.18,0,0.07,0.43
3200,Disney Universe,PS3,2011,Action,Disney Interactive Studios,0.3,0.23,0,0.09,0.63
13098,Ben 10 Galactic Racing,PSV,2012,Racing,D3Publisher,0.02,0.02,0,0.01,0.05
2944,The LEGO Movie Videogame,3DS,2014,Action,Warner Bros. Interactive Entertainment,0.28,0.31,0.05,0.05,0.69
15762,Puzzle Chronicles,DS,2010,Puzzle,Konami Digital Entertainment,0.01,0,0,0,0.02
4314,Tales of Hearts,PSV,2013,Role-Playing,Namco Bandai Games,0.15,0.13,0.09,0.08,0.45
6159,Naruto Shippuden: Ultimate Ninja Storm 4,XOne,2016,Fighting,Namco Bandai Games,0.19,0.06,0,0.03,0.28
1395,NBA Jam,SNES,1994,Sports,Acclaim Entertainment,1.19,0.16,0,0.03,1.39
8633,LEGO The Lord of the Rings,DS,2012,Action,Warner Bros. Interactive Entertainment,0,0.14,0,0.02,0.16
11077,Samurai Warriors 4: Empires,PS4,2015,Action,Tecmo Koei,0.02,0.01,0.05,0.01,0.09
10279,Constantine,PS2,2005,Action,SCi,0.05,0.04,0,0.01,0.11
3348,The Golden Compass,Wii,N/A,Action,Sega,0.26,0.28,0,0.07,0.6
7515,Backyard NFL Football 2006,PS2,2005,Sports,Atari,0.1,0.08,0,0.03,0.2
4070,Die Hard Trilogy 2: Viva Las Vegas,PS,1999,Action,Fox Interactive,0.27,0.18,0,0.03,0.49
8756,Digimon World 4,PS2,2005,Role-Playing,Atari,0.08,0.06,0,0.02,0.15
5803,Blade II,PS2,2002,Action,Activision,0.15,0.12,0,0.04,0.31
2690,Plants vs. Zombies: Garden Warfare,PS3,2014,Shooter,Electronic Arts,0.22,0.4,0.01,0.14,0.76
11940,Tornado,DS,N/A,Action,Ignition Entertainment,0.07,0,0,0,0.07
6536,Outlaw Volleyball,XB,2003,Sports,TDK Mediactive,0.19,0.06,0,0.01,0.26
11920,NCAA College Football 2K3,GC,2002,Sports,Sega,0.05,0.01,0,0,0.07
5824,Ultimate Spider-Man,GBA,2005,Action,Activision,0.22,0.08,0,0.01,0.3
7350,NCAA March Madness 08,X360,2007,Sports,Electronic Arts,0.2,0,0,0.02,0.21
12025,Higurashi no Nakukoru ni Kizuna: Dai-Ichi-Kan - Tatari,DS,2008,Adventure,Alchemist,0,0,0.07,0,0.07
15175,The Settlers IV,PC,2001,Strategy,Blue Byte,0,0.02,0,0,0.02
10761,Ninja Reflex,DS,2008,Action,Electronic Arts,0.09,0,0,0.01,0.1
15778,Dunamis 15,X360,2011,Adventure,5pb,0,0,0.02,0,0.02
12262,Gradius Collection,PSP,2006,Shooter,Konami Digital Entertainment,0.04,0,0.02,0,0.06
12915,Uta no Prince-Sama: Music 3,PSV,2016,Action,Broccoli,0,0,0.05,0,0.05
3541,Skylanders: Spyro's Adventure,3DS,2011,Action,Activision,0.32,0.2,0,0.05,0.57
11216,Pro Evolution Soccer 2013,PC,2012,Sports,Konami Digital Entertainment,0,0.07,0,0.01,0.09
12075,Classic Action: Devilish,DS,2005,Misc,505 Games,0.06,0,0,0,0.07
7972,Samurai Warriors 2: Empires,PS2,2006,Action,Tecmo Koei,0,0,0.19,0,0.19
14981,Blade Arcus from Shining EX,PS4,2015,Fighting,Sega,0,0,0.02,0,0.02
1205,Star Wars: The Force Unleashed II,PS3,2010,Action,LucasArts,0.8,0.53,0,0.22,1.55
10317,Arcade Party Pak,PS,1999,Misc,Midway Games,0.06,0.04,0,0.01,0.11
6314,MotionSports: Adrenaline,X360,2011,Sports,Ubisoft,0.14,0.1,0,0.03,0.27
281,Watch Dogs,PS4,2014,Action,Ubisoft,1.4,1.86,0.11,0.77,4.14
6637,Walt Disney's The Jungle Book: Rhythm N'Groove,PS2,2003,Misc,Disney Interactive Studios,0.12,0.1,0,0.03,0.25
216,Dr. Mario,NES,1990,Puzzle,Nintendo,2.62,0.6,1.52,0.1,4.85
11657,Frogger Beyond,XB,2002,Platform,Konami Digital Entertainment,0.06,0.02,0,0,0.08
2370,Metal Gear Ac!d,PSP,2004,Strategy,Konami Digital Entertainment,0.32,0.26,0.12,0.17,0.88
15381,Largo Winch .// Commando Sar,PS,2002,Adventure,Ubisoft,0.01,0.01,0,0,0.02
10791,Ballistic: Ecks vs. Sever,GBA,2002,Shooter,BAM! Entertainment,0.07,0.03,0,0,0.1
4377,Naruto Shippuden: Ultimate Ninja Storm Generations,X360,2012,Fighting,Namco Bandai Games,0.26,0.14,0.01,0.04,0.45
3084,Shrek: Hassle at the Castle,GBA,2002,Action,TDK Mediactive,0.47,0.17,0,0.01,0.66
14769,Nekketsu Kouha Kunio-Kun SP: Rantou Kyousoukyoku,3DS,2013,Fighting,Arc System Works,0,0,0.03,0,0.03
13334,Hoshigami: Ruining Blue Earth,PS,2001,Role-Playing,Max Five,0.03,0.02,0,0,0.05
15369,UnchainBlades EXXiV,PSP,2012,Role-Playing,FuRyu,0,0,0.02,0,0.02
3225,Shin Megami Tensei: Persona 3 FES,PS2,2007,Role-Playing,Tecmo Koei,0.22,0.2,0.16,0.05,0.63
6927,Covert Ops: Nuclear Dawn,PS,2000,Action,Sony Computer Entertainment,0.13,0.09,0,0.02,0.24
14806,Touch Shot! Love Application,PS3,2012,Adventure,Compile Heart,0,0,0.03,0,0.03
10715,Rio,X360,2011,Misc,THQ,0.05,0.03,0,0.01,0.1
3275,Rocksmith 2014,PS4,2014,Misc,Ubisoft,0.34,0.17,0,0.11,0.62
3629,Lunar: Silver Star Story Complete,PS,1998,Role-Playing,Kadokawa Shoten,0.27,0.18,0.06,0.04,0.55
4812,Pet in TV,PS,1997,Strategy,Sony Computer Entertainment,0,0,0.38,0.03,0.4
8192,FIFA 17,X360,2016,Sports,Electronic Arts,0.03,0.13,0,0.01,0.18
9369,Tak 2: The Staff of Dreams,XB,2004,Platform,THQ,0.1,0.03,0,0,0.13
8992,Elf: The Movie,GBA,2004,Action,Crave Entertainment,0.1,0.04,0,0,0.15
12226,Frogger Advance: The Great Quest,GBA,2002,Action,Konami Digital Entertainment,0.05,0.02,0,0,0.07
4050,Medal of Honor,PC,2010,Shooter,Electronic Arts,0.2,0.23,0,0.07,0.49
5541,Angry Birds Star Wars,PS3,2013,Strategy,Activision,0.1,0.17,0,0.06,0.33
7727,Big Mutha Truckers 2,PS2,2005,Racing,Xplosiv,0.1,0.07,0,0.03,0.2
15462,Coded Soul: Uke Keigareshi Idea,PSP,2008,Role-Playing,Sony Computer Entertainment,0,0,0.02,0,0.02
5613,OverBlood,PS,1996,Action,Electronic Arts,0.05,0.04,0.21,0.02,0.32
2651,Need for Speed: ProStreet,PSP,2008,Racing,Electronic Arts,0.24,0.33,0.01,0.2,0.78
153,Tekken 2,PS,1996,Fighting,Sony Computer Entertainment,2.26,1.89,1.36,0.23,5.74
1255,Tokyo Xtreme Racer Zero,PS2,2000,Racing,Crave Entertainment,0.66,0.52,0.15,0.17,1.5
14482,The Peanuts Movie: Snoopy's Grand Adventure,3DS,2015,Action,Activision,0,0.03,0,0,0.03
4716,Spore Hero,Wii,2009,Simulation,Electronic Arts,0.36,0.03,0,0.03,0.41
849,Fire Emblem: Awakening,3DS,2012,Role-Playing,Nintendo,0.89,0.45,0.53,0.13,2
6317,NHL 07,X360,2006,Sports,Electronic Arts,0.25,0.01,0,0.02,0.27
6933,Galaga: Destination Earth,PS,2000,Shooter,Hasbro Interactive,0.13,0.09,0,0.02,0.24
6891,Pictionary: Ultimate Edition,PS3,2011,Misc,THQ,0.15,0.06,0,0.03,0.24
6025,Viz,N64,1998,Racing,Acclaim Entertainment,0.23,0.06,0,0,0.29
4437,Ben 10 Alien Force: Vilgax Attacks,Wii,2009,Action,D3Publisher,0.25,0.15,0,0.04,0.44
16515,Balloon Pop 2,3DS,2012,Puzzle,UFO Interactive,0.01,0,0,0,0.01
994,Kid Icarus,NES,1986,Platform,Nintendo,0.53,0.12,1.09,0.02,1.76
12050,Billy's Boot Camp: Wii de Enjoy Diet!,Wii,2011,Sports,Rocket Company,0,0,0.07,0,0.07
14515,Konpeki no Kantai,SNES,1995,Strategy,Angel Studios,0,0,0.03,0,0.03
15661,Song of the Deep,PC,2016,Action,Insomniac Games,0.02,0,0,0,0.02
611,Game Party,Wii,2007,Misc,Midway Games,1.5,0.78,0,0.24,2.52
1595,RollerCoaster Tycoon 2,PC,2002,Strategy,Atari,1.19,0.05,0,0,1.25
8994,MLB SlugFest 20-03,GC,2002,Sports,Midway Games,0.11,0.03,0,0,0.15
5910,Winning Post 2,SNES,1995,Sports,Tecmo Koei,0,0,0.3,0,0.3
6241,Puppeteer,PS3,2013,Platform,Sony Computer Entertainment Europe,0.11,0.1,0.02,0.04,0.28
1330,Hasbro Family Game Night,Wii,2008,Puzzle,Electronic Arts,0.97,0.34,0,0.13,1.45
8264,NHL 2K9,X360,2008,Sports,Take-Two Interactive,0.15,0.01,0,0.01,0.17
8162,Armored Core: Last Raven,PS2,2005,Simulation,505 Games,0.05,0.04,0.08,0.01,0.18
14935,Shinseiki Evangelion: Battle Orchestra,PS2,2007,Fighting,Broccoli,0,0,0.02,0,0.02
3004,.hack//Mutation Part 2,PS2,2002,Role-Playing,Atari,0.23,0.18,0.2,0.06,0.68
12506,Top Gear Hyper-Bike,N64,1999,Racing,Kemco,0.05,0.01,0,0,0.06
4647,BloodRayne,PS2,2002,Shooter,Universal Interactive,0.2,0.16,0,0.05,0.42
8541,Beowulf: The Game,PS3,2007,Action,Ubisoft,0.14,0.01,0,0.01,0.16
6852,The Lord of the Rings: Aragorn's Quest,Wii,2010,Action,Warner Bros. Interactive Entertainment,0.17,0.05,0,0.02,0.24
11480,Wetrix,N64,1998,Puzzle,Ocean,0.06,0.02,0,0,0.08
11191,Karaoke Joysound Wii DX,Wii,2009,Misc,Hudson Soft,0,0,0.09,0,0.09
9821,Densha De Go! 64,N64,1999,Simulation,Taito,0,0,0.05,0.07,0.12
11980,Haikyuu!! Tsunage! Itadaki no Keshiki!!,3DS,2014,Adventure,Namco Bandai Games,0,0,0.07,0,0.07
16360,Mario vs. Donkey Kong: Tipping Stars,WiiU,2015,Puzzle,Nintendo,0,0,0.01,0,0.01
12060,Dynasty Warriors 8: Empires,XOne,2014,Action,Tecmo Koei,0.04,0.02,0,0.01,0.07
545,Missile Command,2600,1980,Shooter,Atari,2.56,0.17,0,0.03,2.76
15443,Downtown Nekketsu Jidaigek,3DS,2015,Action,Arc System Works,0,0,0.02,0,0.02
14273,Winning Post World,PS2,2009,Sports,Tecmo Koei,0,0,0.03,0,0.03
14802,Sengoku Efuda Yuugi: Hototogisu Tairan,PSP,2010,Strategy,Irem Software Engineering,0,0,0.03,0,0.03
6031,Supercross 2000,N64,1999,Racing,Electronic Arts,0.23,0.06,0,0,0.29
7403,Wedding Dash,DS,2009,Action,Zoo Games,0.2,0,0,0.01,0.21
1150,Dance Dance Revolution: Hottest Party 2,Wii,2008,Simulation,Konami Digital Entertainment,0.95,0.48,0.01,0.15,1.6
10824,Neo Atlas,PS,1998,Strategy,ArtDink,0,0,0.09,0.01,0.09
9229,Science Papa,Wii,2009,Misc,Activision,0.12,0.01,0,0.01,0.14
1052,FIFA Soccer 10,PS2,2009,Sports,Electronic Arts,0.23,0.24,0,1.23,1.7
12559,JoJo's Bizarre Adventure: All Star Battle,3DS,2012,Fighting,Take-Two Interactive,0.06,0,0,0,0.06
7845,Death Jr.,PSP,2005,Platform,Konami Digital Entertainment,0.17,0,0,0.01,0.19
12988,Piglet's Big Game,GC,2003,Platform,Gotham Games,0.04,0.01,0,0,0.05
10407,Mobile Suit Gundam Age: Universe Accel / Cosmic Drive,PSP,2012,Action,Namco Bandai Games,0,0,0.11,0,0.11
390,Final Fantasy III,SNES,1994,Role-Playing,SquareSoft,0.86,0,2.55,0.02,3.42
8487,El Shaddai: Ascension of the Metatron,X360,2011,Action,Ignition Entertainment,0.07,0.05,0.03,0.01,0.16
6327,Disgaea 5: Alliance of Vengeance,PS4,2015,Role-Playing,Nippon Ichi Software,0.1,0.08,0.06,0.04,0.27
6415,Super Nazo Puyo: Ruruu no Ruu,SNES,1995,Puzzle,Banpresto,0,0,0.27,0,0.27
1669,LEGO Star Wars III: The Clone Wars,PS3,2011,Action,LucasArts,0.52,0.49,0,0.2,1.2
15839,The Dark Hills of Cherai,PC,2009,Puzzle,Unknown,0,0.01,0,0,0.02
1881,Namco Museum Battle Collection,PSP,2005,Misc,Sony Computer Entertainment,0.75,0.18,0,0.16,1.09
4295,Space Invaders,SNES,1994,Shooter,Taito,0,0,0.46,0,0.46
13159,Nike+ Kinect Training,X360,2012,Sports,Microsoft Game Studios,0.02,0.02,0,0,0.05
4139,FIFA World Cup Germany 2006,X360,2006,Sports,Electronic Arts,0.19,0.27,0.01,0,0.48
2147,LEGO Harry Potter: Years 5-7,PS3,N/A,Action,Warner Bros. Interactive Entertainment,0.36,0.45,0,0.16,0.97
1522,Test Drive 5,PS,1997,Racing,Accolade,1.05,0.2,0,0.05,1.3
4947,Cabela's Dangerous Hunts 2,PS2,2005,Sports,Activision,0.19,0.15,0,0.05,0.39
10916,Snood 2: On Vacation,DS,2005,Puzzle,Zoo Digital Publishing,0.09,0,0,0.01,0.09
12549,Create,PC,2010,Action,Electronic Arts,0.04,0.01,0,0.01,0.06
11326,Disney's Donald Duck: Goin' Quackers,PS2,2000,Platform,Ubisoft,0.04,0.03,0,0.01,0.08
12891,Rockin' Pretty,DS,2009,Misc,Arc System Works,0.05,0,0,0,0.05
5281,Momotarou Dentetsu 12,PS2,2003,Misc,Hudson Soft,0,0,0.35,0,0.35
15646,Seinaru Kana: Orichalcum no Na no Motoni,PSP,2012,Action,CyberFront,0,0,0.02,0,0.02
10297,Rocky Balboa,PSP,2007,Sports,Ubisoft,0.01,0.09,0,0.01,0.11
1365,Resident Evil (Remake),GC,2002,Action,Capcom,0.63,0.38,0.35,0.05,1.42
10807,Disney Planes Fire & Rescue,3DS,2014,Action,Disney Interactive Studios,0.01,0.08,0,0.01,0.1
9988,NHL 2K3,XB,2002,Sports,Sega,0.09,0.02,0,0,0.12
4493,Remington Great American Bird Hunt,Wii,2009,Sports,Mastiff,0.41,0,0,0.03,0.44
15508,Point Blank 3,PS,2000,Shooter,Namco Bandai Games,0.01,0.01,0,0,0.02
1634,LEGO Batman 2: DC Super Heroes,PS3,2012,Action,Warner Bros. Interactive Entertainment,0.5,0.53,0,0.2,1.22
6184,Shrek: Ogres & Dronkeys,DS,2007,Simulation,Activision,0.26,0,0,0.02,0.28
162,Monster Hunter Freedom Unite,PSP,2008,Role-Playing,Capcom,0.47,0.57,4.13,0.34,5.5
11271,Virtua Fighter CG Portrait Series Vol.2: Jacky Bryant,SAT,1995,Misc,Sega,0,0,0.08,0,0.08
7387,Dragon Ball Z Hyper Dimension,SNES,1995,Fighting,Namco Bandai Games,0,0,0.21,0,0.21
4827,AKB1/48: Idol to Guam de Koishitara...,PSP,2011,Misc,Namco Bandai Games,0,0,0.4,0,0.4
4101,Dark Sector,X360,2008,Shooter,D3Publisher,0.22,0.2,0.01,0.05,0.48
7675,SpongeBob SquarePants: Revenge of the Flying Dutchman,GC,2002,Platform,THQ,0.15,0.04,0,0.01,0.2
4458,"SpongeBob SquarePants: Lights, Camera, Pants!",GC,2005,Misc,THQ,0.34,0.09,0,0.01,0.44
15130,Ice Age: Dawn of the Dinosaurs,PC,2009,Action,Activision,0.02,0,0,0,0.02
12995,Hysteria Hospital: Emergency Ward,Wii,2009,Action,Oxygen Interactive,0.05,0,0,0,0.05
12644,Racing Gears Advance,GBA,2004,Racing,Zoo Digital Publishing,0.04,0.02,0,0,0.06
11173,SpongeBob: HeroPants,X360,2015,Platform,Activision,0.08,0,0,0.01,0.09
6326,Over the Hedge,GBA,2006,Platform,Activision,0.19,0.07,0,0,0.27
4526,Atelier Totori: The Adventurer of Arland,PS3,2010,Role-Playing,Nippon Ichi Software,0.12,0.07,0.21,0.03,0.43
2185,Yu-Gi-Oh! Worldwide Edition: Stairway to the Destined Duel,GBA,2003,Misc,Konami Digital Entertainment,0.68,0.25,0,0.02,0.95
7444,NHL Hitz 20-02,GC,2001,Sports,Midway Games,0.16,0.04,0,0.01,0.21
1216,Disney Fairies: Tinker Bell,DS,2008,Adventure,Disney Interactive Studios,0.86,0.52,0.01,0.15,1.54
11612,Gadget Racers,PS2,2000,Racing,Midas Interactive Entertainment,0.04,0.03,0,0.01,0.08
3429,Final Fantasy Anniversary Edition,PSP,2007,Role-Playing,Square Enix,0.39,0.02,0.13,0.04,0.59
2660,DJ Hero,Wii,2009,Misc,Activision,0.47,0.23,0,0.07,0.77
11089,Clockwork Knight,SAT,1994,Platform,Sega,0,0,0.09,0,0.09
7694,Looney Tunes: Space Race,PS2,2002,Racing,Infogrames,0.1,0.08,0,0.03,0.2
15120,Samurai Shodown V,XB,2006,Fighting,Ignition Entertainment,0.02,0,0,0,0.02
7623,Body Harvest,N64,1998,Shooter,Gremlin Interactive Ltd,0.16,0.04,0,0,0.2
15315,Super PickUps,PS2,2007,Racing,XS Games,0.01,0.01,0,0,0.02
14574,Mahjong Kakutou Club: Zenkoku Taisenban,PS3,2006,Misc,Konami Digital Entertainment,0,0,0.03,0,0.03
4955,Farming Simulator 2013,X360,2013,Simulation,Focus Home Interactive,0.22,0.13,0,0.03,0.39
3144,Max Payne 2: The Fall of Max Payne,XB,2003,Shooter,Take-Two Interactive,0.47,0.15,0,0.02,0.64
15331,Aria: The Natural ~Tooi Yume no Mirage~,PS2,2006,Adventure,Alchemist,0,0,0.02,0,0.02
16113,DoDonPachi Saidaioujou,X360,2013,Shooter,Cave,0,0,0.01,0,0.01
11373,Death Jr. and the Science Fair of Doom,DS,2007,Platform,Konami Digital Entertainment,0.08,0,0,0.01,0.08
14182,Women's Volleyball Championship,PS2,2007,Sports,Spike,0,0,0.03,0,0.03
3165,NieR,PS3,2010,Role-Playing,Square Enix,0.17,0.2,0.2,0.07,0.64
5055,Moto Racer World Tour,PS,2000,Racing,Sony Computer Entertainment,0.21,0.14,0,0.02,0.38
7139,Gekijouban Macross F: Sayonara no Tsubasa - Hybrid Pack,PS3,2011,Action,Namco Bandai Games,0,0,0.22,0,0.22
3313,Jak and Daxter: The Lost Frontier,PSP,2009,Platform,Sony Computer Entertainment,0.18,0.27,0,0.15,0.61
11531,A-Train,PS,1995,Simulation,Sony Computer Entertainment,0.02,0.01,0.04,0.01,0.08
5615,Murdered: Soul Suspect,PS4,2014,Action,Square Enix,0.09,0.16,0.02,0.05,0.32
12694,Utawarerumono: Itsuwari no Kamen,PS4,2015,Adventure,Aqua Plus,0,0,0.06,0,0.06
2682,Maximo: Ghosts to Glory,PS2,2001,Platform,Capcom,0.38,0.29,0,0.1,0.77
4195,Dead or Alive 4,X360,2005,Fighting,Tecmo Koei,0.3,0.03,0.1,0.03,0.47
13456,Jewel Master: Cradle Of Rome 2,PC,2011,Puzzle,Rising Star Games,0,0.04,0,0.01,0.04
14176,Who Wants to be a Millionaire: 1st Edition,Wii,2007,Misc,Ubisoft,0,0.03,0,0,0.03
7276,Shin Megami Tensei: Persona,PSP,2009,Role-Playing,Atlus,0.08,0,0.13,0.01,0.22
4076,SimCity 2000,SNES,1995,Simulation,THQ,0,0,0.49,0,0.49
3597,Monster High: Ghoul Spirit,Wii,2011,Misc,THQ,0.44,0.08,0,0.04,0.56
1235,F1 Race,NES,1984,Racing,Nintendo,0,0,1.52,0,1.52
14113,Travel Coach: Europe 1,DS,2008,Misc,HMH Interactive,0,0.03,0,0,0.03
14061,Kuroshitsuji: Phantom & Ghost,DS,2009,Action,Square Enix,0,0,0.04,0,0.04
5336,Rally Cross 2,PS,1998,Racing,989 Studios,0.19,0.13,0,0.02,0.35
5190,BlazBlue: Calamity Trigger,X360,2009,Fighting,PQube,0.21,0.08,0.04,0.03,0.36
4335,Watch Dogs,PC,2014,Action,Ubisoft,0.14,0.26,0,0.05,0.45
12332,Spy Fox in Dry Cereal,Wii,2008,Adventure,Majesco Entertainment,0.06,0,0,0,0.06
3595,Xenoblade Chronicles,3DS,2015,Role-Playing,Nintendo,0.26,0.14,0.12,0.04,0.56
6943,Jewels of the Tropical Lost Island,DS,2010,Puzzle,Storm City Games,0.11,0.1,0,0.02,0.24
6290,Dragon Ball GT: Final Bout,PS,1997,Fighting,Namco Bandai Games,0.02,0.02,0.22,0.02,0.27
6533,Yakuza: Ishin,PS3,2014,Action,Sega,0,0,0.26,0,0.26
14359,Nishijin Pachinko Monogatari 2,SNES,1996,Misc,KSS,0,0,0.03,0,0.03
12141,Challenge Me: Brain Puzzles 2,Wii,2010,Puzzle,O-Games,0,0.06,0,0.01,0.07
9834,College Hoops 2K6,X360,2006,Sports,Take-Two Interactive,0.11,0,0,0.01,0.12
6707,L.A. Noire: The Complete Edition,PC,2011,Adventure,Take-Two Interactive,0.08,0.13,0,0.04,0.25
9442,Family Fortunes,Wii,2009,Misc,Mindscape,0,0.12,0,0.01,0.13
5023,Phoenix Wright: Ace Attorney - Dual Destinies,3DS,2013,Adventure,Capcom,0,0,0.38,0,0.38
16569,End of Nations,PC,2012,Strategy,Trion Worlds,0.01,0,0,0,0.01
276,FIFA 12,X360,2011,Sports,Electronic Arts,0.84,2.79,0.02,0.53,4.19
1915,Disney's Lilo & Stitch,GBA,2002,Platform,Ubisoft,0.77,0.29,0,0.02,1.08
13005,MorphX,X360,2010,Shooter,505 Games,0.05,0,0,0,0.05
9256,Let's Cheer,X360,2011,Misc,Take-Two Interactive,0.12,0,0,0.01,0.14
9775,Lovely Lisa,DS,2007,Simulation,DHM Interactive,0.11,0,0,0.01,0.12
4857,Mystery Dungeon: Shiren the Wanderer,SNES,1995,Role-Playing,ChunSoft,0,0,0.4,0,0.4
3297,New Carnival Games,Wii,2010,Misc,Take-Two Interactive,0.35,0.21,0,0.05,0.61
2957,Mappy,NES,1984,Platform,Namco Bandai Games,0,0,0.69,0,0.69
6818,G-Police,PS,1997,Action,Psygnosis,0.13,0.09,0,0.02,0.24
1434,Dead to Rights,PS2,2002,Shooter,Electronic Arts,0.67,0.52,0,0.17,1.36
13285,Shugo Chara! 3-tsu no Tamagoto Koisuru Joker,DS,2008,Action,Konami Digital Entertainment,0,0,0.05,0,0.05
11516,Famicom Mini: Star Soldier,GBA,2004,Shooter,Nintendo,0,0,0.08,0,0.08
9861,Wallace & Gromit: Curse of the Were-Rabbit,PS2,2005,Adventure,Konami Digital Entertainment,0.06,0.05,0,0.02,0.12
15884,Kiss Bell,PSV,2014,Adventure,Giga,0,0,0.02,0,0.02
3137,Crash Bandicoot Purple: Ripto's Rampage,GBA,2004,Platform,Vivendi Games,0.46,0.17,0,0.01,0.64
5214,Shaun Palmer's Pro Snowboarder,GBA,2001,Sports,Activision,0.26,0.1,0,0.01,0.36
6507,The Elder Scrolls IV: Oblivion,PC,2006,Role-Playing,Take-Two Interactive,0.01,0.2,0,0.05,0.26
5000,The Cat in the Hat,GBA,2005,Platform,Jack of All Games,0.27,0.1,0,0.01,0.38
5825,Nicktoons: Battle for Volcano Island,DS,2006,Action,THQ,0.28,0,0,0.02,0.3
7599,MDK,PS,1997,Shooter,Interplay,0.11,0.08,0,0.01,0.2
575,Star Wars: Shadows of the Empire,N64,1996,Action,Nintendo,2,0.5,0.12,0.03,2.65
14838,Kawasaki Snowmobiles,Wii,2008,Racing,Metro 3D,0.02,0,0,0,0.03
5309,Harry Potter and the Deathly Hallows - Part 2,Wii,2011,Action,Electronic Arts,0.18,0.14,0,0.03,0.35
3443,The Conduit,Wii,2009,Shooter,Sega,0.29,0.23,0,0.06,0.58
16366,Fallout Anthology,PC,2015,Action,Bethesda Softworks,0,0.01,0,0,0.01
12136,Hammerin' Hero,PSP,2008,Action,Irem Software Engineering,0.06,0,0,0.01,0.07
6045,Sonic Boom: Shattered Crystal,3DS,2014,Action,Sega,0.17,0.09,0,0.03,0.29
5187,Monster Rancher 3,PS2,2001,Simulation,Tecmo Koei,0.11,0.09,0.14,0.03,0.36
47,Super Mario 64,N64,1996,Platform,Nintendo,6.91,2.85,1.91,0.23,11.89
8723,Digimon Battle Spirit 2,GBA,2003,Fighting,Namco Bandai Games,0.11,0.04,0,0,0.15
2380,DiRT,X360,2007,Racing,Codemasters,0.38,0.4,0,0.09,0.87
14908,Gakuen Alice: WakuWaku * Happy Friends,DS,2007,Adventure,Kids Station,0,0,0.03,0,0.03
3782,Virtual Soccer,SNES,1993,Sports,Hudson Soft,0,0,0.53,0,0.53
13755,Samurai Warriors 2: Empires,X360,2007,Action,Tecmo Koei,0.03,0,0.01,0,0.04
954,Sonic & Knuckles,GEN,1994,Platform,Sega,1.24,0.43,0.03,0.12,1.82
895,Tomb Raider (2013),X360,2013,Action,Square Enix,0.86,0.87,0.01,0.17,1.92
63,Halo: Reach,X360,2010,Shooter,Microsoft Game Studios,7.03,1.98,0.08,0.78,9.88
3231,NHL 2001,PS,2000,Sports,Electronic Arts,0.35,0.24,0,0.04,0.63
16593,Eiyuu Densetsu: Sora no Kiseki Material Collection Portable,PSP,2007,Role-Playing,Falcom Corporation,0,0,0.01,0,0.01
1590,Gegege no Kitarou 2: Youkai Gundan no Chousen,NES,1987,Role-Playing,Namco Bandai Games,0,0,1.25,0,1.25
5451,Beyond Good & Evil,PS2,2003,Adventure,Ubisoft,0.16,0.13,0,0.04,0.33
15226,Kannou Mukashi Banashi Portable,PSP,2012,Adventure,Idea Factory,0,0,0.02,0,0.02
3512,Hasbro Family Game Night,PS2,2008,Puzzle,Electronic Arts,0.28,0.22,0,0.07,0.57
15736,DJ Star,DS,2009,Misc,Deep Silver,0.01,0,0,0,0.02
1096,Spy Hunter,PS2,2001,Racing,Midway Games,1.13,0.32,0,0.22,1.67
4616,Arc the Lad III,PS,1999,Role-Playing,Sony Computer Entertainment,0,0,0.39,0.03,0.42
7613,Star Wars: Battlefront,PC,2004,Shooter,LucasArts,0.06,0.12,0,0.02,0.2
11145,Viewtiful Joe: Red Hot Rumble,PSP,2006,Action,Capcom,0.08,0,0,0.01,0.09
11592,Minecraft: Story Mode,PC,2015,Adventure,Mojang,0.02,0.05,0,0.01,0.08
4122,Vigilante 8: 2nd Offense,PS,1999,Racing,Activision,0.27,0.18,0,0.03,0.48
9995,Dead Island Definitive Collection,PS4,2016,Action,Deep Silver,0.02,0.07,0.01,0.02,0.12
14870,Diabolik Lovers: Lunatic Parade,PSV,2016,Adventure,Idea Factory,0,0,0.03,0,0.03
14954,World Series of Poker 2008: Battle for the Bracelets,PSP,2007,Misc,Activision,0.02,0,0,0,0.02
48,Gran Turismo 4,PS2,2004,Racing,Sony Computer Entertainment,3.01,0.01,1.1,7.53,11.66
1080,The Sims: Superstar,PC,2003,Simulation,Electronic Arts,1.67,0,0,0,1.68
15031,Backyard NFL Football,DS,2007,Sports,Atari,0.02,0,0,0,0.02
15547,Jinsei Game DS,DS,2006,Misc,Atlus,0,0,0.02,0,0.02
12773,A-Train 6,PS2,2000,Strategy,Midas Interactive Entertainment,0,0,0.06,0,0.06
7702,Shaman King: Spirit of Shamans,PS,2002,Action,Namco Bandai Games,0,0,0.18,0.01,0.2
10075,MySims SkyHeroes,PS3,2010,Action,Electronic Arts,0.08,0.02,0,0.01,0.11
4292,Burnout Dominator,PSP,2007,Racing,Electronic Arts,0.02,0.38,0.01,0.06,0.46
14552,Phantasy Star Online 2: Episode 3 Deluxe Package,PSV,2015,Action,Sega,0,0,0.03,0,0.03
14536,Atomic Betty,GBA,2005,Puzzle,Atari,0.02,0.01,0,0,0.03
8861,NHL 09,PS2,2008,Sports,Electronic Arts,0.07,0.06,0,0.02,0.15
7754,Arc Rise Fantasia,Wii,2009,Role-Playing,Marvelous Interactive,0.13,0,0.06,0.01,0.19
13115,Hercules: The Legendary Journeys,N64,2000,Role-Playing,Titus,0.04,0.01,0,0,0.05
1036,The Elder Scrolls Online,PS4,2015,Role-Playing,Bethesda Softworks,0.66,0.78,0,0.28,1.72
11116,Crayon Shin-Chan Shokkugan! Densetsu o Yobu Omake Daiketsusen!!,DS,2010,Action,Namco Bandai Games,0,0,0.09,0,0.09
4593,Yu-Gi-Oh! GX: Tag Force 2,PSP,2007,Strategy,Konami Digital Entertainment,0.03,0.2,0.1,0.11,0.42
12563,PachiPara 13: Super Umi no Pachi-Pro Fuuunroku,PS2,2006,Misc,Irem Software Engineering,0,0,0.06,0,0.06
14692,The Island of Dr. Frankenstein,Wii,2009,Adventure,Storm City Games,0.03,0,0,0,0.03
3485,WWE 2K16,PS3,2015,Sports,Take-Two Interactive,0.21,0.27,0,0.09,0.58
8439,Mousetrap / Operation / Simon,GBA,2005,Misc,DSI Games,0.12,0.04,0,0,0.17
6006,Need for Speed: The Run,Wii,2011,Action,Electronic Arts,0.13,0.13,0.01,0.03,0.29
5150,Xenosaga Episode III: Also sprach Zarathustra,PS2,2006,Role-Playing,Namco Bandai Games,0.09,0.07,0.18,0.02,0.37
12989,Dead or Alive Xtreme 3: Fortune,PS4,2016,Sports,Tecmo Koei,0,0,0.05,0,0.05
10167,Project CARS,PC,2015,Racing,Slightly Mad Studios,0,0.1,0,0.01,0.11
4795,Wall-E,PS3,2008,Platform,THQ,0.12,0.21,0,0.08,0.4
2454,Thief (2014),PS4,2014,Action,Square Enix,0.28,0.37,0.03,0.16,0.84
13576,The Kore Gang,Wii,2010,Platform,Flashpoint Games,0.04,0,0,0,0.04
5865,Squinkies,DS,2011,Misc,Activision,0.27,0.02,0,0.02,0.3
517,Madden NFL 10,X360,2009,Sports,Electronic Arts,2.52,0.09,0,0.22,2.83
5801,Ganbare Goemon 2: Kiteretsu Shougun Magginesu,SNES,1993,Platform,Konami Digital Entertainment,0,0,0.31,0,0.31
14539,Street Jam Basketball,GBA,2004,Sports,Zoo Digital Publishing,0.02,0.01,0,0,0.03
10003,Hollywood Squares,Wii,2010,Misc,Ubisoft,0.11,0,0,0.01,0.11
14824,Catan,DS,2009,Strategy,CDV Software Entertainment,0,0.02,0,0,0.03
7660,How to Train Your Dragon 2,X360,2014,Adventure,Little Orbit,0.05,0.13,0,0.02,0.2
2452,Karaoke Revolution Glee,Wii,2010,Misc,Konami Digital Entertainment,0.52,0.25,0,0.07,0.85
11109,Thomas & Friends: Hero of the Rails,DS,2010,Misc,Unknown,0,0.07,0,0.01,0.09
2482,WWE SmackDown vs. Raw 2009,Wii,2008,Fighting,THQ,0.44,0.31,0,0.08,0.83
16420,th!nk Logic Trainer,Wii,2009,Puzzle,Conspiracy Entertainment,0.01,0,0,0,0.01
11468,The Sims 3: Fast Lane Stuff,PC,2010,Simulation,Electronic Arts,0.01,0.05,0,0.02,0.08
8303,The King of Fighters '95,PS,1996,Fighting,Sony Computer Entertainment,0,0,0.16,0.01,0.17
299,Golf,NES,1984,Sports,Nintendo,1.22,0.28,2.46,0.04,4.01
188,Donkey Kong Country 2: Diddy's Kong Quest,SNES,1995,Platform,Nintendo,2.1,0.74,2.2,0.11,5.15
2680,Twisted Metal: Head On,PSP,2005,Action,Sony Computer Entertainment,0.71,0,0,0.06,0.77
5140,Slime MoriMori Dragon Quest: Shougeki No Shippo Dan,GBA,2003,Adventure,Square Enix,0,0,0.36,0.01,0.37
8616,Ghost in the Shell: Stand Alone Complex,PS2,2004,Adventure,Namco Bandai Games,0.08,0.06,0,0.02,0.16
13634,The Cube,Wii,2012,Action,Funbox Media,0,0.04,0,0,0.04
12293,Cabela's Trophy Bucks,Wii,2008,Sports,Activision Value,0.06,0,0,0,0.06
5765,Taiko Drum Master: Don and Katsu's Space-Time Great Adventure,3DS,2014,Action,Namco Bandai Games,0,0,0.31,0,0.31
14083,Puyo Pop Fever(us sales),DS,2004,Puzzle,Ignition Entertainment,0.03,0,0,0,0.04
15229,Triple Crown Championship Snowboarding,Wii,2010,Sports,Destineer,0.02,0,0,0,0.02
13206,Shinseiki Evangelion- Eva: Yukai na Nakama Tachi,PS,1998,Misc,Gainax Network Systems,0,0,0.05,0,0.05
12387,A llI S.V.: A Ressha de Gyoukou 3 Super Version,SNES,1995,Simulation,Pack-In-Video,0,0,0.06,0,0.06
1348,Disney Infinity,X360,2013,Action,Disney Interactive Studios,0.96,0.37,0,0.11,1.43
11400,Major League Baseball 2K11,PC,2011,Sports,Take-Two Interactive,0.06,0.01,0,0.01,0.08
2470,Rocket Power: Team Rocket Rescue,PS,2001,Sports,THQ,0.47,0.32,0,0.05,0.84
4120,FIFA Soccer 13,WiiU,2012,Action,Electronic Arts,0.18,0.26,0,0.04,0.48
4249,Art Academy: Lessons for Everyone,3DS,2012,Action,Nintendo,0.2,0.03,0.21,0.02,0.46
15995,Bomberman (jp sales),PSP,2006,Puzzle,Konami Digital Entertainment,0,0,0.01,0,0.01
8556,The BIGS,PS3,2007,Sports,Take-Two Interactive,0.15,0,0,0.01,0.16
6816,DK: King of Swing,GBA,2005,Platform,Nintendo,0.17,0.06,0,0,0.24
10519,ESA Game Pack,PS3,2010,Misc,Sony Computer Entertainment,0.09,0,0,0.01,0.1
5181,One Piece: Gigant Battle!,DS,2010,Fighting,Namco Bandai Games,0,0,0.36,0,0.36
14388,Last Escort: Club Katze,PSP,2010,Adventure,D3Publisher,0,0,0.03,0,0.03
5245,Defiance,PS3,2013,Shooter,Trion Worlds,0.19,0.11,0,0.05,0.36
15524,Charlie's Angels,GC,2003,Action,Ubisoft,0.01,0,0,0,0.02
7411,Brunswick Pro Bowling,PSP,2007,Sports,505 Games,0.19,0,0,0.02,0.21
12870,Blood Omen 2,GC,2002,Action,Eidos Interactive,0.04,0.01,0,0,0.05
14831,Dream Girl Premier,3DS,2015,Misc,Alchemist,0,0,0.03,0,0.03
627,Mario Party 4,GC,2002,Misc,Nintendo,1.13,0.36,0.92,0.07,2.47
15094,Ikki Tousen: Shining Dragon,PS2,2007,Role-Playing,Marvelous Interactive,0,0,0.02,0,0.02
7826,Tokimeki Memorial Girl's Side 3rd Story,DS,2010,Adventure,Konami Digital Entertainment,0,0,0.19,0,0.19
12153,Imagine: Gymnast,DS,2008,Simulation,Ubisoft,0.05,0.01,0,0,0.07
3579,Knockout Kings 2001,PS2,2001,Fighting,Electronic Arts,0.28,0.21,0,0.07,0.56
12321,F1 2001,XB,2001,Racing,Electronic Arts,0.05,0.01,0,0,0.06
225,The Simpsons: Hit & Run,PS2,2003,Racing,Vivendi Games,1.73,2.19,0,0.79,4.7
10923,Dragon Ball Kai: Ultimate Butouden,DS,2011,Fighting,Namco Bandai Games,0,0,0.09,0,0.09
4418,"SpongeBob SquarePants: Lights, Camera, Pants!",PS2,2005,Misc,THQ,0.37,0.01,0,0.06,0.44
6854,Paws & Claws: Pet Resort,DS,2008,Simulation,THQ,0.22,0,0,0.02,0.24
13186,Monster Band,DS,2008,Misc,Tivola,0.04,0,0,0,0.05
13191,LEGO Indiana Jones 2: The Adventure Continues,PC,2009,Action,Activision,0.02,0.03,0,0.01,0.05
15954,Choro Q,PS2,2003,Racing,Zoo Digital Publishing,0.01,0.01,0,0,0.02
2373,ESPN NHL 2K5,PS2,2004,Sports,Global Star,0.43,0.33,0,0.11,0.88
11080,Tornado Outbreak,PS3,2009,Action,Konami Digital Entertainment,0.08,0,0,0.01,0.09
750,Forza Motorsport 5,XOne,2013,Racing,Microsoft Game Studios,1.21,0.78,0.01,0.17,2.18
5253,South Park Rally,PS,1998,Racing,Acclaim Entertainment,0.2,0.13,0,0.02,0.36
7745,Ninja Gaiden 3,WiiU,2012,Action,Nintendo,0.15,0.03,0,0.02,0.19
2474,Rogue Galaxy,PS2,2005,Role-Playing,Sony Computer Entertainment,0.24,0.16,0.39,0.05,0.84
7026,Shaun White Snowboarding,DS,2008,Sports,Ubisoft,0.21,0,0,0.02,0.23
4131,NFL Xtreme 2,PS,1999,Sports,989 Studios,0.27,0.18,0,0.03,0.48
13907,Harry Potter and the Prisoner of Azkaban,PC,2004,Action,Electronic Arts,0,0.03,0,0.01,0.04
1629,Star Wars: Battlefront II,PSP,2005,Shooter,LucasArts,1.05,0.06,0.01,0.11,1.23
10875,Scaler,PS2,2004,Platform,Take-Two Interactive,0.05,0.04,0,0.01,0.09
5068,Toukiden: The Age of Demons,PSV,2013,Action,Tecmo Koei,0.05,0.05,0.25,0.03,0.38
5914,Dance Dance Revolution Universe 3,X360,2008,Simulation,Konami Digital Entertainment,0.28,0,0,0.02,0.3
6655,Birds of Steel,PS3,2012,Simulation,Konami Digital Entertainment,0.1,0.09,0.02,0.04,0.25
12939,Judge Dredd,PS,1997,Platform,Gremlin Interactive Ltd,0.03,0.02,0,0,0.05
8980,SafeCracker: The Ultimate Puzzle Adventure,DS,2009,Puzzle,The Adventure Company,0.07,0.06,0,0.01,0.15
7929,Daigasso! Band Brothers,DS,2004,Misc,Nintendo,0,0,0.19,0,0.19
4258,Scooby-Doo,GBA,2001,Platform,THQ,0.33,0.12,0,0.01,0.46
15312,War Leaders: Clash of Nations,PC,2009,Strategy,CDV Software Entertainment,0,0.02,0,0,0.02
15311,T.A.C. Heroes : Big Red One,DS,2010,Strategy,Storm City Games,0.02,0,0,0,0.02
9948,Lost Horizon,PC,2010,Adventure,Deep Silver,0,0.1,0,0.02,0.12
7823,Silent Scope 2: Dark Silhouette,PS2,2001,Shooter,Konami Digital Entertainment,0.09,0.07,0,0.02,0.19
11181,Red Faction: Armageddon,PC,2011,Shooter,THQ,0.05,0.02,0,0.01,0.09
9337,James Bond 007: Nightfire,GBA,2003,Shooter,Electronic Arts,0.1,0.04,0,0,0.13
13694,Rise of Nations,PC,2003,Strategy,Microsoft Game Studios,0.01,0.02,0,0.01,0.04
7760,Breath of Fire II,GBA,2001,Role-Playing,Ubisoft,0.14,0.05,0,0,0.19
13476,Millipede / Super Breakout / Lunar Lander,GBA,2005,Misc,Zoo Digital Publishing,0.03,0.01,0,0,0.04
15140,Pac-Man World Rally,PS2,2006,Racing,Namco Bandai Games,0.01,0.01,0,0,0.02
4772,The Gunstringer,X360,2011,Shooter,Microsoft Game Studios,0.26,0.11,0,0.04,0.41
10771,Shadow Master,PS,1997,Adventure,Psygnosis,0.05,0.04,0,0.01,0.1
14254,FIFA World Cup: Germany 2006,GBA,2006,Sports,Electronic Arts,0.02,0.01,0,0,0.03
15599,Ketsui: Kizuna Jigoku Tachi Extra,X360,2010,Shooter,5pb,0,0,0.02,0,0.02
2507,Madden NFL 17,XOne,2016,Sports,Electronic Arts,0.72,0.02,0,0.09,0.82
12684,Vampire Rain: Altered Species,PS3,2008,Action,Ignition Entertainment,0.05,0,0,0,0.06
14393,Phantasy Star Online 2 Episode 4: Deluxe Package,PS4,2017,Role-Playing,Sega,0,0,0.03,0,0.03
1112,Dragon Quest V: Tenkuu no Hanayome,PS2,2004,Role-Playing,Enix Corporation,0,0,1.65,0,1.65
11684,Samurai Warriors Chronicles 3,3DS,2014,Action,Tecmo Koei,0,0,0.08,0,0.08
7948,Star Trek: Legacy,X360,N/A,Simulation,Ubisoft,0.14,0.03,0,0.02,0.19
3000,Red Steel,Wii,2006,Shooter,Ubisoft,0.55,0.04,0.04,0.05,0.68
11906,All-Star Baseball 2004,GBA,2003,Sports,Acclaim Entertainment,0.05,0.02,0,0,0.07
10151,Monkey Island: Special Edition Collection,PS3,2011,Adventure,Activision,0,0.08,0,0.03,0.11
5415,Tiny Tank,PS,1998,Action,Sony Computer Entertainment,0.19,0.13,0,0.02,0.34
11615,Bleach: Heat the Soul 7,PSP,2010,Fighting,Sony Computer Entertainment,0,0,0.08,0,0.08
7794,Shrek: Forever After,PS3,2010,Platform,Activision,0.16,0.02,0,0.02,0.19
9923,Jaws: Ultimate Predator,3DS,2011,Action,Majesco Entertainment,0.11,0,0,0.01,0.12
6320,G-Force,PS2,2009,Action,Disney Interactive Studios,0.12,0.01,0,0.14,0.27
13599,"Negima!? Chou Mahora Taisen Kattoiin, Keiyaku Shikkou Dechai masuu",DS,2006,Adventure,Marvelous Interactive,0,0,0.04,0,0.04
2956,Mario Pinball Land,GBA,2004,Misc,Nintendo,0.5,0.18,0,0.01,0.69
12736,Dungeon Explorer: Warriors of Ancient Arts,DS,2007,Role-Playing,Rising Star Games,0.05,0,0,0,0.06
460,Far Cry 3,X360,2012,Shooter,Ubisoft,1.38,1.35,0.02,0.28,3.04
4269,Gremlins,2600,1983,Action,Atari,0.43,0.03,0,0,0.46
5517,DECA Sports Freedom,X360,2010,Sports,Hudson Soft,0.27,0.04,0,0.02,0.33
10451,Dancing on Ice,Wii,2010,Sports,Ghostlight,0,0.09,0,0.01,0.1
8008,Happy Cooking,DS,2006,Simulation,Ubisoft,0.17,0,0,0.01,0.18
6960,Karaoke Revolution Volume 2,PS2,2004,Misc,Konami Digital Entertainment,0.11,0.09,0,0.03,0.23
41,Call of Duty: Black Ops,PS3,2010,Shooter,Activision,5.98,4.44,0.48,1.83,12.73
7628,IHRA Drag Racing 2004,XB,2003,Racing,Bethesda Softworks,0.15,0.04,0,0.01,0.2
15394,Planetarium Creator Ohira Takayuki Kanshuu: HomeStar Portable - 21st Century Star Navigator,PSP,2006,Misc,Sega,0,0,0.02,0,0.02
4460,Army Men World War: Final Front,PS,2001,Action,3DO,0.24,0.17,0,0.03,0.44
14149,Wangan Midnight,PS3,2007,Racing,Genki,0,0,0.03,0,0.03
12272,ESPN Winter X-Games: Snowboarding 2002,GBA,2000,Sports,Konami Digital Entertainment,0.05,0.02,0,0,0.06
10819,Shox,PS2,2002,Racing,Electronic Arts,0.05,0.04,0,0.01,0.09
15820,Platypus,PSP,2006,Shooter,Funsta,0.02,0,0,0,0.02
13607,Playmobil Top Agents,DS,2010,Action,JoWood Productions,0,0.04,0,0,0.04
14490,Golden Nugget Casino / Texas Hold 'Em Double Pack,GBA,2005,Misc,Majesco Entertainment,0.02,0.01,0,0,0.03
6066,Trivial Pursuit,PS3,2009,Misc,Electronic Arts,0.12,0.12,0,0.05,0.29
9028,G.I. Joe: The Rise of Cobra,PS2,2009,Action,Electronic Arts,0.11,0,0,0.03,0.14
14019,Hakuouki: Zuisouroku,PS2,2009,Adventure,Idea Factory,0,0,0.04,0,0.04
7066,Tony Hawk's Proving Ground,DS,2007,Sports,Activision,0.21,0.01,0,0.02,0.23
5835,Spyro: Attack of the Rhynocs,GBA,2003,Platform,Universal Interactive,0.22,0.08,0,0.01,0.3
4656,Double Pack: Finding Nemo / The Incredibles,XB,2006,Action,THQ,0.31,0.09,0,0.01,0.42
9445,Dead to Rights: Reckoning,PSP,2005,Shooter,Electronic Arts,0.12,0,0,0.01,0.13
9121,Dead to Rights,GC,2002,Shooter,Electronic Arts,0.11,0.03,0,0,0.14
12352,Pro Yaky? Spirits 2013,PSV,2013,Sports,Konami Digital Entertainment,0,0,0.06,0,0.06
11695,Vietcong: Purple Haze,XB,2004,Shooter,Gathering of Developers,0.06,0.02,0,0,0.08
7899,Phantasy Star Universe,PS2,2006,Role-Playing,Sega,0,0,0.19,0,0.19
11369,Board Game Classics,GBA,2005,Misc,"Destination Software, Inc",0.06,0.02,0,0,0.08
14299,Bikkuriman Daijiten,DS,N/A,Misc,N/A,0,0,0.03,0,0.03
9322,ESPN MLB Baseball,XB,2004,Sports,Sega,0.1,0.03,0,0,0.14
3904,Fire Emblem: Radiant Dawn,Wii,2007,Strategy,Nintendo,0.28,0.03,0.17,0.03,0.51
2284,Colin McRae Rally 2.0,PS,2000,Racing,Codemasters,0.02,0.8,0.02,0.07,0.91
9188,Tim Burton's The Nightmare Before Christmas: The Pumpkin King,GBA,2005,Platform,Disney Interactive Studios,0.1,0.04,0,0,0.14
5310,Supreme Commander 2,X360,2010,Strategy,Square Enix,0.23,0.1,0,0.03,0.35
10975,The Secret Saturdays: Beasts of the 5th Sun,PSP,2009,Action,D3Publisher,0.08,0,0,0.01,0.09
13945,Texas Hold 'Em Poker DS,DS,2005,Misc,Majesco Entertainment,0.03,0,0,0,0.04
13807,Zac to Ombra: Maboroshi no Yuuenchi,DS,2010,Adventure,Konami Digital Entertainment,0,0,0.04,0,0.04
6822,Atelier Meruru: Alchemist of Arland 3,PS3,2011,Role-Playing,Nippon Ichi Software,0.05,0,0.18,0.01,0.24
16507,Mystereet,PS2,2006,Adventure,Yeti,0,0,0.01,0,0.01
14401,Egg Mania: Eggstreme Madness,PS2,2002,Puzzle,Kemco,0.02,0.01,0,0,0.03
4029,Lego Batman 3: Beyond Gotham,PSV,2014,Action,Warner Bros. Interactive Entertainment,0.09,0.29,0,0.11,0.49
5204,NFL GameDay 2001,PS2,2000,Sports,Sony Computer Entertainment,0.18,0.14,0,0.05,0.36
14667,Wrestle Angels: Survivor 2,PS2,2008,Fighting,Tryfirst,0,0,0.03,0,0.03
1657,Sly Cooper and the Thievius Raccoonus,PS2,2002,Platform,Sony Computer Entertainment,1.03,0.14,0,0.04,1.21
1662,Dino Crisis 2,PS,2000,Action,Virgin Interactive,0.34,0.49,0.28,0.1,1.21
1955,NFL Blitz,N64,1998,Sports,Midway Games,1.02,0.04,0,0.01,1.06
13830,Tiger Woods PGA Tour Golf,GBA,2002,Sports,Ubisoft,0.03,0.01,0,0,0.04
4547,Tales of the World: Radiant Mythology,PSP,2006,Role-Playing,Ubisoft,0.17,0.01,0.23,0.02,0.43
11813,Big Mutha Truckers 2,XB,2005,Racing,Empire Interactive,0.05,0.02,0,0,0.07
391,Spider-Man 2,PS2,2004,Action,Activision,1.75,1.2,0.02,0.43,3.41
12584,Centipede: Infestation,Wii,2011,Shooter,Atari,0.06,0,0,0,0.06
8598,Minna no DS Seminar: Kanpeki Kanji Ryoku,DS,2006,Misc,TDK Core,0,0,0.16,0,0.16
1154,F-1 World Grand Prix,N64,1998,Racing,Video System,0.46,0.96,0.09,0.08,1.6
4670,Castlevania: The Dracula X Chronicles,PSP,2007,Platform,Konami Digital Entertainment,0.22,0.09,0.04,0.07,0.42
3078,Toy Story 3: The Video Game,PSP,2010,Action,Disney Interactive Studios,0.27,0.25,0,0.14,0.66
616,Mario Party 2,N64,1999,Misc,Nintendo,1.28,0.14,1.08,0.01,2.5
1550,Kid Icarus: Uprising,3DS,2012,Action,Nintendo,0.48,0.35,0.36,0.07,1.28
15084,X3: Terran War Pack,PC,2012,Misc,Deep Silver,0,0.02,0,0,0.02
2276,AMF Bowling Pinbusters!,Wii,2007,Sports,Bethesda Softworks,0.85,0,0,0.07,0.91
12931,Drill Dozer,GBA,N/A,Platform,Unknown,0.04,0.01,0,0,0.05
9241,The History Channel: Civil War - A Nation Divided,X360,2006,Shooter,Activision,0.13,0,0,0.01,0.14
4996,Disney Sing It,PS3,2008,Misc,Disney Interactive Studios,0.27,0.07,0,0.04,0.38
13394,The Berenstain Bears and the Spooky Old Tree,GBA,2005,Platform,Namco Bandai Games,0.03,0.01,0,0,0.05
7019,Hannah Montana: The Movie,PS3,2009,Adventure,Disney Interactive Studios,0.14,0.06,0,0.03,0.23
14211,Super Dodgeball Brawlers (jp sales),DS,2008,Sports,Arc System Works,0,0,0.03,0,0.03
12251,Chrysler Classic Racing,Wii,2008,Racing,Zoo Games,0.06,0,0,0,0.06
16516,Deal or No Deal,PC,2006,Misc,Focus Home Interactive,0,0.01,0,0,0.01
13272,Zoop,PS,1995,Puzzle,MediaQuest,0.03,0.02,0,0,0.05
8106,Guitar Hero Live,WiiU,2015,Misc,Activision,0.12,0.04,0,0.02,0.18
4013,Men in Black II: Alien Escape,PS2,2002,Shooter,Infogrames,0.24,0.19,0,0.06,0.5
4481,Naruto: Ultimate Ninja 3,PS2,2005,Fighting,Atari,0.36,0.01,0,0.06,0.44
1553,Castlevania: Symphony of the Night,PS,1997,Platform,Konami Digital Entertainment,0.58,0.4,0.21,0.08,1.27
11103,Karaoke Revolution Presents American Idol Encore 2,X360,2008,Misc,Konami Digital Entertainment,0.08,0,0,0.01,0.09
1575,Final Fantasy IV,DS,2007,Simulation,Square Enix,0.54,0.05,0.62,0.05,1.26
9738,Eyeshield 21: Max Devil Power,DS,2006,Role-Playing,Nintendo,0,0,0.12,0,0.12
61,Just Dance 3,Wii,2011,Misc,Ubisoft,6.05,3.15,0,1.07,10.26
13437,Mighty No. 9,PS4,2016,Platform,Deep Silver,0.04,0,0,0.01,0.05
12551,Impossible Mission,PSP,2007,Platform,System 3 Arcade Software,0,0.04,0,0.02,0.06
16195,Metal Slug Anthology,PS2,2007,Shooter,Ignition Entertainment,0,0,0.01,0,0.01
10758,Wasteland 2,PC,2015,Role-Playing,inXile Entertainment,0.02,0.06,0,0.01,0.1
5469,Planet Puzzle League,DS,2007,Puzzle,Nintendo,0.14,0.01,0.16,0.01,0.33
6540,Tiger Woods PGA Tour 10,PS2,2009,Sports,Electronic Arts,0.12,0.01,0,0.13,0.26
16538,Mushi Bugyou,3DS,2013,Action,Namco Bandai Games,0,0,0.01,0,0.01
5788,Kingdoms of Amalur: Reckoning,PC,2012,Role-Playing,Electronic Arts,0.14,0.13,0,0.04,0.31
9884,Power Gig: Rise of the SixString,X360,2010,Misc,Unknown,0.11,0,0,0.01,0.12
3195,Ghostbusters: The Video Game,X360,2009,Action,Atari,0.43,0.14,0,0.06,0.63
3580,Army Men: Sarge's Heroes,PS,1999,Action,3DO,0.31,0.21,0,0.04,0.56
3700,System 3 presents Ferrari Challenge Trofeo Pirelli,Wii,2008,Racing,System 3 Arcade Software,0.07,0.4,0,0.07,0.54
3469,International Superstar Soccer '98,N64,1998,Sports,Konami Digital Entertainment,0.06,0.3,0.19,0.03,0.58
4355,Apocalypse,PS,1998,Action,Activision,0.25,0.17,0,0.03,0.45
2403,Triple Play 2002,PS2,2002,Sports,Electronic Arts,0.43,0.33,0,0.11,0.87
8585,The Powerpuff Girls: Chemical X-Traction,N64,2001,Action,BAM! Entertainment,0.13,0.03,0,0,0.16
2810,Dragon Age: Inquisition,PC,2014,Role-Playing,Electronic Arts,0.32,0.34,0,0.07,0.73
5920,Call of Duty: Modern Warfare 3: Defiance,DS,2011,Shooter,Activision,0.21,0.07,0,0.02,0.3
11808,Speed Zone,Wii,2009,Racing,Bethesda Softworks,0.01,0.05,0,0.01,0.07
5270,Dark Souls III,XOne,2016,Role-Playing,Namco Bandai Games,0.23,0.09,0,0.03,0.35
5627,Singularity,X360,N/A,Shooter,Unknown,0.24,0.05,0,0.02,0.32
9576,Sengoku Basara 3 Utage,Wii,2011,Action,Capcom,0,0,0.13,0,0.13
6519,Bust A Groove 2,PS,1999,Misc,Enix Corporation,0.04,0.03,0.18,0.02,0.26
1261,WWF No Mercy,N64,2000,Fighting,THQ,1.2,0.27,0.02,0.02,1.5
6176,Conflict: Desert Storm II - Back to Bagdhad,XB,2003,Shooter,SCi,0.21,0.06,0,0.01,0.28
11733,MTV Music Generator 3: This Is the Remix,XB,2004,Misc,Codemasters,0.06,0.02,0,0,0.08
13918,Civilization Beyond Earth: Rising Tide,PC,2015,Strategy,Take-Two Interactive,0,0.04,0,0,0.04
3792,Ty the Tasmanian Tiger 2: Bush Rescue,PS2,2004,Platform,Electronic Arts,0.26,0.2,0,0.07,0.53
13847,Haikyu!! Cross Team Match!,3DS,2016,Adventure,Namco Bandai Games,0,0,0.04,0,0.04
5612,Birthday Party Bash,Wii,2009,Misc,Take-Two Interactive,0.3,0,0,0.02,0.32
2934,Mobile Suit Gundam: Journey to Jaburo,PS2,2000,Simulation,Namco Bandai Games,0.16,0.13,0.36,0.04,0.7
3698,Excite Truck,Wii,2006,Racing,Nintendo,0.4,0.03,0.08,0.04,0.54
3283,Super Robot Taisen α Gaiden,PS,2001,Strategy,Banpresto,0,0,0.58,0.04,0.62
6751,Pro Evolution Soccer 2014,X360,2013,Action,Konami Digital Entertainment,0.06,0.16,0,0.03,0.25
8457,NCAA Basketball 09,PS3,2008,Sports,Electronic Arts,0.15,0,0,0.01,0.17
10528,FIFA Street,XB,2005,Sports,Electronic Arts,0.08,0.02,0,0,0.1
7844,Frequency,PS2,2001,Misc,Sony Computer Entertainment,0.09,0.07,0,0.02,0.19
3105,Wall-E,PSP,2008,Platform,THQ,0.29,0.22,0,0.14,0.65
1385,Far Cry 2,PS3,2008,Action,Ubisoft,0.43,0.7,0.01,0.27,1.4
16298,Rainbow Islands: Revolution,PSP,2005,Action,Rising Star Games,0.01,0,0,0,0.01
8942,Mobile Suit Gundam: Perfect One Year War,PS,1997,Strategy,Namco Bandai Games,0,0,0.14,0.01,0.15
7855,Frogger's Adventures 2: The Lost Wand,GBA,2002,Adventure,Konami Digital Entertainment,0.14,0.05,0,0,0.19
1728,Mega Man 3,NES,1990,Platform,Capcom,0.68,0.1,0.39,0,1.17
5641,Frogger's Adventures: The Rescue,PS2,2003,Platform,Konami Digital Entertainment,0.16,0.12,0,0.04,0.32
5811,Monsters vs. Aliens,PS3,2009,Action,Activision,0.21,0.06,0,0.03,0.31
13392,Mike Tyson Heavyweight Boxing,XB,2002,Sports,Codemasters,0.03,0.01,0,0,0.05
1592,Injustice: Gods Among Us,PS3,2013,Fighting,Warner Bros. Interactive Entertainment,0.48,0.53,0.01,0.23,1.25
727,New Super Luigi U,WiiU,2013,Platform,Nintendo,1.27,0.62,0.18,0.16,2.22
2230,Sonic Riders: Zero Gravity,Wii,2008,Racing,Sega,0.5,0.32,0.02,0.1,0.93
6134,ATV Quad Power Racing 2,GC,2003,Racing,Acclaim Entertainment,0.22,0.06,0,0.01,0.28
13496,Praetorians,PC,2003,Strategy,Eidos Interactive,0,0.04,0,0,0.04
830,PGR4 - Project Gotham Racing 4,X360,2007,Racing,Microsoft Game Studios,0.48,1.29,0.02,0.25,2.05
1797,The Lord of the Rings: The Return of the King,XB,2003,Action,Electronic Arts,0.71,0.38,0,0.05,1.14
13019,SpongeBob: HeroPants,PSV,2015,Platform,Activision,0.03,0.01,0,0.01,0.05
13143,Hisshou 777 Fighter: Pachi Slot Eiyu Densetsu,SNES,1994,Misc,Vap,0,0,0.05,0,0.05
6460,King's Field II,PS,1996,Role-Playing,From Software,0.08,0.06,0.11,0.02,0.26
1004,Star Wars: Starfighter,PS2,2001,Simulation,Activision,0.61,0.87,0.02,0.26,1.76
13636,Myth Makers: Trixie in Toyland,Wii,2008,Platform,Popcorn Arcade,0.04,0,0,0,0.04
3679,Dynasty Warriors: Gundam 3,PS3,2010,Action,Tecmo Koei,0.11,0.05,0.36,0.02,0.55
6251,Myst III: Exile,PS2,2002,Adventure,Ubisoft,0.14,0.11,0,0.04,0.28
12964,Cities in Motion,PC,2011,Simulation,Paradox Interactive,0,0.04,0,0.01,0.05
10054,Shin Sangoku Musou: Multi Raid 2,PSP,2010,Action,Tecmo Koei,0,0,0.11,0,0.11
6832,Burnout 2: Point of Impact,XB,2003,Racing,Acclaim Entertainment,0.18,0.05,0,0.01,0.24
11498,Gradius III and IV,PS2,2000,Shooter,Konami Digital Entertainment,0.04,0.03,0,0.01,0.08
1087,Madden NFL 2001,PS,2000,Sports,Electronic Arts,1.58,0.05,0,0.04,1.67
9427,All Star Cheer Squad 2,Wii,2009,Sports,THQ,0.12,0,0,0.01,0.13
7283,Saltwater Sportfishing,PS,2001,Sports,Take-Two Interactive,0.12,0.08,0,0.01,0.22
4192,Doom 64,N64,1997,Shooter,Midway Games,0.38,0.08,0,0.01,0.47
6564,Dora the Explorer: Game Boy Advance Video Volume 1,GBA,2004,Misc,N/A,0.18,0.07,0,0,0.26
10669,NASCAR '14,PS3,2014,Racing,Deep Silver,0.09,0,0,0.01,0.1
10326,Attack of the Movies 3D,Wii,2010,Shooter,Majesco Entertainment,0.1,0,0,0.01,0.11
7718,Prince of Persia: Warrior Within,GC,2004,Action,Ubisoft,0.15,0.04,0,0.01,0.2
14772,Clannad,X360,2008,Adventure,Prototype,0,0,0.03,0,0.03
3064,Thrillville,PS2,2006,Strategy,Atari,0.55,0.02,0,0.09,0.66
15196,Motto! SoniComi,PS3,2014,Simulation,Kadokawa Games,0,0,0.02,0,0.02
6103,Tales of Phantasia,GBA,2003,Role-Playing,Nintendo,0.08,0.03,0.17,0.01,0.29
6520,Hatsune Miku: Project Diva,PSP,2009,Misc,Sega,0,0,0.26,0,0.26
6,Tetris,GB,1989,Puzzle,Nintendo,23.2,2.26,4.22,0.58,30.26
3315,SimCity DS,DS,2007,Simulation,Electronic Arts,0.33,0.03,0.21,0.03,0.61
3164,Onimusha: Dawn of Dreams,PS2,2006,Action,Capcom,0.15,0.12,0.34,0.04,0.64
11629,Dragon's Dogma Online,PS4,2015,Role-Playing,Capcom,0,0,0.08,0,0.08
12110,Alan Wake,PC,2012,Action,Nordic Games,0,0.06,0,0.01,0.07
13317,Romance of the Three Kingdoms VI: Awakening of the Dragon,PS,1998,Strategy,Tecmo Koei,0.03,0.02,0,0,0.05
14272,River King: Mystic Valley (jp sales),DS,2007,Sports,Rising Star Games,0,0,0.03,0,0.03
2941,Disney's Chicken Little,GBA,2005,Platform,Disney Interactive Studios,0.5,0.18,0,0.01,0.7
8823,NBA Street Homecourt,PS3,2007,Sports,Electronic Arts,0.12,0.02,0,0.02,0.15
9704,Guilty Gear X,PS2,2001,Fighting,Sammy Corporation,0.06,0.05,0,0.02,0.12
15147,Overlord,PC,2007,Strategy,Codemasters,0,0.02,0,0,0.02
10766,Ford Racing 3,DS,2005,Racing,Zoo Digital Publishing,0.09,0,0,0.01,0.1
8024,"The Chronicles of Narnia: The Lion, The Witch and The Wardrobe",DS,2005,Action,Disney Interactive Studios,0.15,0.02,0,0.01,0.18
4448,The Darkness,X360,2007,Shooter,Take-Two Interactive,0.36,0.04,0.01,0.04,0.44
2486,Madden NFL 07,PSP,N/A,Sports,Unknown,0.77,0.03,0,0.04,0.83
14832,River King: Wonderful Journey,PS2,2005,Sports,505 Games,0.01,0.01,0,0,0.03
3668,SD Gundam G Generation Zero,PS,1999,Strategy,Namco Bandai Games,0,0,0.51,0.04,0.55
6984,Hotel for Dogs,DS,2008,Simulation,505 Games,0.22,0,0,0.02,0.23
4207,Super Momotarou Dentetsu DX,SNES,1995,Misc,Hudson Soft,0,0,0.47,0,0.47
3288,NHL 16,PS4,2015,Sports,Electronic Arts,0.35,0.15,0,0.11,0.61
1206,Ni no Kuni: Wrath of the White Witch,PS3,2011,Role-Playing,Namco Bandai Games,0.6,0.51,0.21,0.23,1.55
213,LEGO Star Wars: The Complete Saga,DS,2007,Action,LucasArts,2.89,1.54,0,0.46,4.9
2040,Disney Infinity 2.0: Marvel Super Heroes,PS3,2014,Action,Disney Interactive Studios,0.44,0.4,0,0.17,1.02
1880,BeatMania,PS,1998,Simulation,Konami Digital Entertainment,0,0,1.07,0.02,1.09
5289,Fossil Fighters: Frontier,3DS,2014,Role-Playing,Nintendo,0.08,0.04,0.23,0.01,0.35
16276,Battlestations: Midway,PC,2007,Strategy,Eidos Interactive,0,0.01,0,0,0.01
7825,Jikkyou Powerful Pro Yakyuu '96 Kaimakuban,SNES,1996,Sports,Konami Digital Entertainment,0,0,0.19,0,0.19
7176,Hamtaro: Ham-Ham Games,GBA,2004,Sports,Nintendo,0.16,0.06,0,0,0.22
15964,Farming Simulator 2014,PSV,2014,Simulation,Focus Home Interactive,0.01,0,0,0,0.02
16349,Dinotopia: The Sunstone Odyssey,XB,2003,Action,TDK Mediactive,0.01,0,0,0,0.01
1372,Injustice: Gods Among Us,X360,2013,Fighting,Warner Bros. Interactive Entertainment,0.97,0.34,0,0.11,1.41
2788,WarioWare: Twisted!,GBA,N/A,Puzzle,Unknown,0.16,0.06,0.5,0.02,0.74
7888,Valhalla Knights 3,PSV,2013,Role-Playing,Xseed Games,0.04,0.01,0.12,0.01,0.19
2330,Blitz: The League,PS2,2005,Sports,Unknown,0.74,0.03,0,0.12,0.89
1890,Sonic & Sega All-Stars Racing,DS,2010,Racing,Sega,0.44,0.54,0,0.11,1.09
13916,Art of Fighting 3: The Path of the Warrior,NG,1996,Fighting,SNK,0,0,0.04,0,0.04
13165,Active Life: Magical Carnival,Wii,2011,Misc,Namco Bandai Games,0.04,0.01,0,0,0.05
3635,Metal Gear Solid 3: Subsistence,PS2,2005,Action,Konami Digital Entertainment,0.34,0.01,0.15,0.06,0.55
14500,N+,PSP,2007,Platform,Atari,0.03,0,0,0,0.03
10881,MLB SlugFest 20-04,XB,2003,Sports,Midway Games,0.07,0.02,0,0,0.09
385,Borderlands,X360,2009,Shooter,Take-Two Interactive,2.39,0.73,0.03,0.29,3.44
13575,Blood Will Tell: Tezuka Osamu's Dororo,PS2,2004,Adventure,Sega,0.02,0.02,0,0.01,0.04
2962,One Piece: Pirate Warriors 2,PS3,2013,Action,Namco Bandai Games,0,0.2,0.42,0.07,0.69
12392,Atelier Iris 2: The Azoth Of Destiny,PS2,2005,Role-Playing,Tecmo Koei,0.03,0.02,0,0.01,0.06
12137,Yoostar on MTV,X360,N/A,Misc,Unknown,0.06,0,0,0,0.07
7379,Rayman Raving Rabbids,X360,2007,Misc,Ubisoft,0.18,0.01,0,0.02,0.21
2666,Air Raid,2600,1981,Action,Men-A-Vision,0.72,0.04,0,0.01,0.77
8605,Rapala Pro Fishing,XB,2004,Sports,Zoo Digital Publishing,0.12,0.03,0,0.01,0.16
9824,Conception II: Children of the Seven Stars,3DS,2013,Role-Playing,Screenlife,0.09,0,0.03,0.01,0.12
10331,Transformer: Rise of the Dark Spark,XOne,2014,Action,Activision,0.06,0.03,0,0.01,0.11
15551,Wild West Shootout,Wii,2010,Shooter,Unknown,0.01,0.01,0,0,0.02
5714,Madden NFL 2004,GBA,2003,Sports,Electronic Arts,0.22,0.08,0,0.01,0.31
6410,Megamind: The Blue Defender,DS,2010,Adventure,THQ,0.19,0.05,0,0.02,0.27
11574,Evolution Worlds,GC,2002,Role-Playing,Ubisoft,0.06,0.02,0,0,0.08
2197,The Tomb Raider Trilogy,PS3,2011,Action,Square Enix,0.27,0.5,0,0.17,0.94
6503,Minute to Win It,Wii,2010,Misc,Zoo Games,0.25,0,0,0.02,0.26
10144,Virtua Fighter CG Portrait Series Vol.1: Sarah Bryant,SAT,1995,Misc,Sega,0,0,0.11,0,0.11
1318,Diablo III,X360,2013,Role-Playing,Activision,0.89,0.44,0,0.12,1.45
5686,Shrek the Third,PSP,2007,Action,Activision,0.08,0.15,0,0.09,0.32
8486,Lufia: Curse of the Sinistrals,DS,2010,Role-Playing,Square Enix,0.12,0,0.03,0.01,0.16
1032,Crash Bandicoot: The Huge Adventure,GBA,2002,Platform,Universal Interactive,0.95,0.7,0,0.08,1.73
7380,Viewtiful Joe 2,PS2,2004,Action,Capcom,0.1,0.08,0,0.03,0.21
11430,Nobunaga's Ambition: Rise to Power,PS2,2004,Strategy,Tecmo Koei,0,0,0.08,0,0.08
4253,SingStar Amped,PS2,2007,Misc,Sony Computer Entertainment,0.23,0.18,0,0.06,0.46
12968,Code Lyoko,DS,2007,Action,Game Factory,0.03,0.01,0,0,0.05
15184,Muppets Party Cruise,GC,2003,Misc,TDK Mediactive,0.02,0,0,0,0.02
4864,Armored Core V,PS3,2012,Simulation,Namco Bandai Games,0.09,0.04,0.24,0.02,0.4
8310,Tak: The Great Juju Challenge,GBA,2005,Platform,THQ,0.12,0.05,0,0,0.17
16374,S.Y.K: Shinsetsu Saiyuuki Portable,PSP,2010,Adventure,Idea Factory,0,0,0.01,0,0.01
4228,The Legend of Spyro: Dawn of the Dragon,DS,2008,Platform,Vivendi Games,0.26,0.15,0,0.05,0.46
6174,Army of Two: The Devil's Cartel,PS3,2013,Shooter,Electronic Arts,0.11,0.11,0.01,0.05,0.28
13718,World Series Baseball,SAT,1994,Sports,Sega,0,0,0.04,0,0.04
376,Batman: Arkham Asylum,X360,2009,Action,Eidos Interactive,2.2,0.97,0.02,0.31,3.5
16446,Heart no Kuni no Alice: Wonderful Twin World,PSP,2014,Adventure,Quinrose,0,0,0.01,0,0.01
3919,WWE SmackDown vs. RAW 2007,X360,2006,Fighting,THQ,0.44,0.03,0,0.04,0.51
7828,Tom Clancy's Splinter Cell: Blacklist,PC,2013,Action,Ubisoft,0.04,0.13,0,0.03,0.19
8984,Boktai: The Sun is in Your Hand,GBA,2003,Role-Playing,Konami Digital Entertainment,0.1,0.04,0,0,0.15
2707,Tony Hawk's Pro Skater 2,N64,2001,Sports,Activision,0.59,0.16,0,0.01,0.76
13112,Blues Brothers 2000,N64,2000,Platform,Virgin Interactive,0.04,0.01,0,0,0.05
852,Mortal Kombat vs. DC Universe,PS3,2008,Fighting,Midway Games,1.48,0.3,0,0.22,2
11032,Astro Boy: Omega Factor,GBA,2003,Action,THQ,0.06,0.02,0,0,0.09
15564,Lovely x Cation 1 & 2,PSV,2015,Action,5pb,0,0,0.02,0,0.02
11325,Charm Girls Club: My Fashion Show,DS,N/A,Simulation,Unknown,0.08,0,0,0.01,0.08
14708,Disney Sports Soccer,GBA,2002,Sports,Konami Digital Entertainment,0.02,0.01,0,0,0.03
11382,Pimp My Ride: Street Racing,PS2,2009,Racing,Activision,0.04,0.03,0,0.01,0.08
13970,C.O.R.E.,DS,2009,Shooter,Graffiti,0.03,0,0,0,0.04
10004,Cabela's Deer Hunt 2005 Season,XB,2004,Sports,Activision,0.09,0.02,0,0,0.11
15816,Achtung Panzer: Kharkov 1943,PC,2010,Strategy,Mamba Games,0,0.01,0,0,0.02
2974,Plants vs. Zombies: Garden Warfare,XOne,2014,Shooter,Electronic Arts,0.39,0.23,0,0.06,0.68
11563,Indycar Series 2005,XB,2004,Action,Codemasters,0.06,0.02,0,0,0.08
9237,PaRappa The Rapper,PSP,2006,Misc,Sony Computer Entertainment,0.1,0,0.02,0.01,0.14
10193,Kouchuu Ouja Mushi King: Super Collection,DS,2007,Action,Sega,0,0,0.11,0,0.11
15611,Kong: The Animated Series,GBA,2002,Action,BAM! Entertainment,0.01,0,0,0,0.02
7548,Jillian Michaels' Fitness Adventure,X360,2011,Misc,505 Games,0.17,0.02,0,0.01,0.2
12847,Lernerfolg Vorschule: Capt'n Sharky,DS,2009,Misc,Tivola,0,0.05,0,0.01,0.05
1374,Disney's The Lion King,GEN,1994,Platform,Virgin Interactive,0.97,0.37,0.03,0.05,1.41
6728,Dynasty Warriors 6,PS2,2008,Action,Tecmo Koei,0.12,0.09,0,0.03,0.25
8925,Baseball Blast!,Wii,2009,Sports,Take-Two Interactive,0.14,0,0,0.01,0.15
13906,Saints Row 2,PC,2009,Action,THQ,0,0.03,0,0.01,0.04
3417,Dead or Alive Xtreme Beach Volleyball,XB,2003,Sports,Microsoft Game Studios,0.36,0.08,0.14,0.02,0.59
13801,Sacred Blaze,PS2,2009,Strategy,Flight-Plan,0,0,0.04,0,0.04
10472,Who Wants to Be a Millionaire: 3rd Edition,Wii,2010,Misc,Ubisoft,0.1,0,0,0.01,0.1
11006,Quiz Magic Academy DS: Futatsu no Jikuu Koku,DS,2010,Misc,Konami Digital Entertainment,0,0,0.09,0,0.09
185,Super Mario Land 3: Wario Land,GB,1994,Platform,Nintendo,2.49,0.98,1.57,0.15,5.19
4859,Condemned 2: Bloodshot,PS3,2008,Action,Sega,0.17,0.16,0,0.07,0.4
11682,Fate/Tiger Colosseum,PSP,2007,Fighting,Capcom,0,0,0.08,0,0.08
13103,Jim Henson's Muppets in Spy Muppets: License to Croak,GBA,2003,Action,TDK Mediactive,0.04,0.01,0,0,0.05
14326,Tork: Prehistoric Punk,XB,2005,Platform,Microsoft Game Studios,0.02,0.01,0,0,0.03
14255,Jewel Master: Cradle of Rome,Wii,2008,Puzzle,Rondomedia,0.03,0,0,0,0.03
10610,NFL Tour,X360,2008,Sports,Electronic Arts,0.09,0,0,0.01,0.1
10349,Tom Clancy's Splinter Cell: Conviction,PC,2010,Action,Ubisoft,0,0.08,0,0.02,0.11
5537,Sakura Wars 3: Paris wa Moeteiru ka,DC,2001,Adventure,Sega,0,0,0.33,0,0.33
11690,R: Racing Evolution,GC,2003,Racing,Namco Bandai Games,0.06,0.02,0,0,0.08
15510,Sengoku Basara: Sanada Yukimura-Den,PS3,2016,Action,Capcom,0,0,0.02,0,0.02
5829,Alien: Isolation,X360,2014,Shooter,Sega,0.15,0.13,0,0.03,0.3
10061,"Sakura Wars: So Long, My Love",Wii,2010,Role-Playing,Ackkstudios,0.06,0.04,0,0.01,0.11
8234,Back to the Future: The Game,PS4,2015,Adventure,Telltale Games,0.1,0.04,0,0.03,0.17
9267,The X-Factor,PS3,2010,Misc,Deep Silver,0,0.1,0,0.03,0.14
1626,Donkey Kong Country 2,GBA,2004,Platform,Nintendo,0.79,0.27,0.12,0.04,1.23
3270,WWE SmackDown vs. Raw 2010,PSP,2009,Fighting,THQ,0.25,0.23,0,0.14,0.62
9926,Deception IV: Blood Ties,PS3,2014,Action,Tecmo Koei,0.02,0.02,0.06,0.01,0.12
489,Pac-Man Collection,GBA,2001,Puzzle,Atari,2.07,0.77,0.05,0.05,2.94
12784,MX vs. ATV Supercross Encore,PS4,2015,Sports,Nordic Games,0,0.05,0,0.01,0.06
9313,Top Shot Arcade,Wii,2011,Shooter,Activision,0.13,0,0,0.01,0.14
8026,Naruto Shippuden: Dragon Blade Chronicles,Wii,2009,Action,505 Games,0.11,0.02,0.05,0.01,0.18
14235,Emma at the Farm,DS,2008,Adventure,Aspyr,0.03,0,0,0,0.03
6013,Disney Channel: All Star Party,Wii,2010,Misc,Disney Interactive Studios,0.18,0.08,0,0.02,0.29
3727,Let's Draw!,DS,2008,Misc,Ubisoft,0.24,0.23,0,0.06,0.54
8554,Jikkyou Powerful Pro Yakyuu 3 '97 Haru,SNES,1997,Sports,Konami Digital Entertainment,0,0,0.16,0,0.16
8751,NCAA Football 2004,GC,2003,Sports,Electronic Arts,0.12,0.03,0,0,0.15
3053,Pro Pinball: Big Race USA,PS,1999,Simulation,Take-Two Interactive,0.37,0.25,0,0.04,0.66
4181,Virtua Tennis 4: World Tour,PSV,2011,Sports,Sega,0.05,0.3,0.01,0.12,0.47
10321,Hitman Trilogy,PS2,2007,Action,Eidos Interactive,0.05,0.04,0,0.01,0.11
12372,Samurai Shodown Anthology,Wii,2008,Fighting,Ignition Entertainment,0.06,0,0,0,0.06
8380,SSX On Tour,GC,2005,Sports,Electronic Arts,0.13,0.03,0,0,0.17
21,Pokemon Diamond/Pokemon Pearl,DS,2006,Role-Playing,Nintendo,6.42,4.52,6.04,1.37,18.36
9975,Yattaman DS: BikkuriDokkiri Daisakusen da Koron,DS,2008,Action,Takara Tomy,0,0,0.12,0,0.12
3047,Phoenix Wright: Ace Attorney - Trials and Tribulations,DS,2007,Adventure,Capcom,0.33,0.05,0.25,0.04,0.67
1922,Imagine: Fashion Designer New York,DS,2008,Simulation,Ubisoft,0.65,0.32,0,0.1,1.07
14811,Super Monkey Ball Adventure,PS2,2006,Platform,Sega,0.01,0.01,0,0,0.03
8425,"Go, Diego, Go! Safari Rescue",DS,2007,Adventure,Take-Two Interactive,0.15,0.01,0,0.01,0.17
13656,Watashi no Relaxuma,DS,2007,Simulation,Rocket Company,0,0,0.04,0,0.04
16171,Wallace & Gromit: Curse of the Were-Rabbit,XB,2005,Adventure,Konami Digital Entertainment,0.01,0,0,0,0.01
2190,Evolve,PS4,2015,Shooter,Take-Two Interactive,0.35,0.41,0.05,0.15,0.95
1622,Kirby Tilt 'n' Tumble,GB,2000,Puzzle,Nintendo,0.29,0.17,0.75,0.02,1.23
2534,Disney's The Little Mermaid: Ariel's Undersea Adventure,DS,2006,Action,Disney Interactive Studios,0.73,0.03,0,0.06,0.81
13101,Suzuki Super-Bikes II: Riding Challenge,DS,2008,Racing,Valcon Games,0.05,0,0,0,0.05
6749,Fuel,PS3,2009,Racing,Codemasters,0.08,0.12,0,0.05,0.25
12713,Chaos Rings III,PSV,2014,Role-Playing,Square Enix,0,0,0.06,0,0.06
4022,Resident Evil: The Mercenaries 3D,3DS,2011,Action,Capcom,0.16,0.17,0.13,0.03,0.49
16248,FlatOut: Ultimate Carnage,PC,2008,Racing,Empire Interactive,0,0.01,0,0,0.01
14988,Diabolik Lovers: Vandead Carnival,PSV,2014,Action,Idea Factory,0,0,0.02,0,0.02
286,Street Fighter II Turbo,SNES,1992,Fighting,Capcom,1.42,0.51,2.1,0.07,4.1
3117,Centipede,PS,1998,Shooter,Atari,0.36,0.25,0,0.04,0.65
10695,Predator: Concrete Jungle,XB,2005,Action,Vivendi Games,0.07,0.02,0,0,0.1
15500,Army Rescue,Wii,2009,Shooter,UFO Interactive,0.02,0,0,0,0.02
8087,Battle Commander: Hachibushu Shura no Heihou,SNES,1991,Strategy,Banpresto,0,0,0.18,0,0.18
8136,FIFA 16,PC,2015,Sports,Electronic Arts,0.04,0.13,0,0.01,0.18
8940,F1 2011,PSV,2011,Racing,Codemasters,0.03,0.08,0.01,0.03,0.15
4739,Green Day: Rock Band,X360,2010,Misc,MTV Games,0.24,0.13,0,0.04,0.41
11466,Wolfenstein: The Old Blood,PC,2015,Action,Bethesda Softworks,0,0.08,0,0,0.08
10812,Mystery Stories: Curse of the Ancient Spirits,DS,2011,Adventure,GSP,0.05,0.04,0,0.01,0.1
2844,Jampack Winter 2001,PS2,2001,Misc,Sony Computer Entertainment,0.35,0.28,0,0.09,0.72
1519,Saints Row IV,PS3,2013,Action,Deep Silver,0.56,0.44,0.09,0.21,1.3
10455,Gallop Racer 2006,PS2,2005,Sports,Tecmo Koei,0.02,0.02,0.06,0.01,0.1
7777,Rio,Wii,2011,Misc,THQ,0.14,0.04,0,0.01,0.19
2495,NCAA Football 12,PS3,2011,Sports,Electronic Arts,0.78,0,0,0.05,0.83
8055,Hitman: HD Trilogy,X360,2013,Action,Square Enix,0.07,0.09,0,0.02,0.18
15641,Elminage II: Sousei no Megami to Unmei no Daichi,PSP,2009,Role-Playing,Starfish,0,0,0.02,0,0.02
4053,Terraria,PS3,2013,Action,505 Games,0.07,0.26,0.09,0.07,0.49
11814,Hang On GP,SAT,1995,Racing,Sega,0,0,0.07,0,0.07
14416,Harry Potter and the Half-Blood Prince,PC,2009,Action,Electronic Arts,0,0.03,0,0.01,0.03
7795,Rock Band Country Track Pack,PS3,2009,Misc,MTV Games,0.18,0,0,0.01,0.19
1673,Disney Sing It,Wii,2008,Misc,Disney Interactive Studios,0.77,0.31,0,0.12,1.2
7231,Age of Empires: Mythologies,DS,2008,Strategy,THQ,0.17,0.03,0,0.02,0.22
8977,Black * Rock Shooter: The Game,PSP,2011,Role-Playing,Unknown,0,0,0.15,0,0.15
16385,Akatsuki no Amaneka to Aoi Kyojin,PSP,2010,Strategy,CyberFront,0,0,0.01,0,0.01
8222,MotoGP 10/11,PS3,2011,Racing,Capcom,0.04,0.1,0,0.04,0.17
14763,The Golf Club,XOne,2014,Sports,Unknown,0.02,0,0,0,0.03
792,Devil May Cry 3: Dante's Awakening,PS2,2005,Action,Capcom,0.99,0.63,0.29,0.19,2.09
9980,Sengoku Cyber: Fujimaru Jigokuhen,PS,1995,Strategy,Sony Computer Entertainment,0,0,0.11,0.01,0.12
13338,Utawarerumono: Itsuwari no Kamen,PS3,2015,Adventure,Aqua Plus,0,0,0.05,0,0.05
10963,Transformers: Devastation,X360,2015,Action,Activision,0.06,0.02,0,0.01,0.09
13031,Assetto Corsa,PS4,2016,Racing,505 Games,0,0.04,0,0.01,0.05
11852,SD Gundam: Gashapon Wars,GC,2005,Strategy,Namco Bandai Games,0,0,0.07,0,0.07
10619,Codename: Kids Next Door: Operation V.I.D.E.O.G.A.M.E.,PS2,2005,Platform,Global Star,0.05,0.04,0,0.01,0.1
10240,Gabrielle's Ghostly Groove 3D,3DS,2011,Adventure,Funbox Media,0.08,0.02,0,0.01,0.11
1992,Legacy of Kain: Soul Reaver,PS,N/A,Action,Eidos Interactive,0.58,0.4,0,0.07,1.04
10019,Melty Blood: Act Cadenza,PS2,2006,Fighting,Sega,0,0,0.11,0,0.11
13721,Chicken Blaster,DS,2009,Shooter,Zushi Games,0.04,0,0,0,0.04
14615,Higurashi no Naku Koro ni Kizuna: Dai-Yon-Kan - Kizuna,DS,2010,Adventure,Alchemist,0,0,0.03,0,0.03
14962,Spy Hunter: Nowhere To Run,PS2,2006,Racing,Midway Games,0.01,0.01,0,0,0.02
6991,Vancouver 2010 - The Official Video Game of the Olympic Winter Games,X360,2010,Sports,Sega,0.08,0.13,0,0.03,0.23
15134,Serious Sam HD: Gold Edition,PC,2010,Shooter,Devolver Digital,0,0.02,0,0,0.02
16001,One Piece: Daikaizoku Coliseum,3DS,2016,Fighting,Namco Bandai Games,0,0,0.01,0,0.01
16457,Heart no Kuni no Alice,PS2,2008,Adventure,Prototype,0,0,0.01,0,0.01
6308,Bishoujo Senshi Sailormoon R,SNES,1993,Fighting,Namco Bandai Games,0,0,0.27,0,0.27
7415,WCW Nitro,N64,1998,Fighting,THQ,0.17,0.04,0,0,0.21
2771,LEGO Batman 2: DC Super Heroes,3DS,2012,Action,Warner Bros. Interactive Entertainment,0.41,0.27,0,0.06,0.74
14931,DoDonPachi Dai-Oujou: Black Label Extra,X360,2009,Shooter,5pb,0,0,0.02,0,0.02
5648,No.1 Muscle Ranking - Kinniku Banzuke Vol. 1: Oregasaikyouno Otokoda!,PS,1999,Sports,Konami Digital Entertainment,0,0,0.3,0.02,0.32
4184,Clash of Elementalists,DS,2010,Action,Level 5,0,0,0.47,0,0.47
5259,NHL 2K10,PS2,2009,Sports,Take-Two Interactive,0.17,0.14,0,0.05,0.36
7046,NASCAR 08,PS3,2007,Racing,Electronic Arts,0.15,0.05,0,0.03,0.23
15946,Tiger & Bunny: Hero's Day,PSP,2013,Action,D3Publisher,0,0,0.02,0,0.02
11384,God Eater Resurrection,PS4,2015,Action,Namco Bandai Games,0,0,0.08,0,0.08
4147,Sonic the Hedgehog,PS3,N/A,Platform,N/A,0,0.48,0,0,0.48
8663,Saw II: Flesh & Blood,X360,2010,Action,Konami Digital Entertainment,0.1,0.04,0,0.01,0.16
14856,Hokuto no Ken: Hokuto Shinken Denshousha no Michi,DS,2008,Action,Spike,0,0,0.03,0,0.03
8513,Tom and Jerry: Infurnal Escape,GBA,2003,Action,Ubisoft,0.12,0.04,0,0,0.16
12076,Jackass the Game DS,DS,2008,Action,Empire Interactive,0.06,0,0,0.01,0.07
16467,Egg Mania: Eggstreme Madness,GC,2002,Puzzle,Kemco,0.01,0,0,0,0.01
157,Assassin's Creed II,PS3,2009,Action,Ubisoft,2.54,1.95,0.21,0.87,5.57
370,Left 4 Dead,X360,2008,Shooter,Electronic Arts,2.66,0.5,0.05,0.3,3.52
268,Warcraft II: Tides of Darkness,PC,1995,Strategy,Activision,1.7,2.27,0,0.23,4.21
3307,Small Soldiers,PS,1998,Platform,Electronic Arts,0.34,0.23,0,0.04,0.61
454,Borderlands 2,X360,2012,Shooter,Take-Two Interactive,1.89,0.91,0.04,0.24,3.07
1251,The Simpsons Game,PS2,2007,Action,Electronic Arts,0.35,0.03,0,1.13,1.51
5301,SimCity Creator,DS,2008,Simulation,Electronic Arts,0.3,0.03,0,0.03,0.35
11796,Classic Road,PS,1995,Sports,Victor Interactive,0,0,0.07,0,0.07
8189,Speedball 2100,PS,2000,Sports,Empire Interactive,0.1,0.07,0,0.01,0.18
14629,Calcio Bit,GBA,2006,Sports,Nintendo,0,0,0.03,0,0.03
7762,Danganronpa 2: Goodbye Despair,PSP,2012,Misc,Spike,0,0,0.19,0,0.19
13067,Arthur! Ready to Race,PS,2000,Racing,The Learning Company,0.03,0.02,0,0,0.05
7213,Tom Clancy's Rainbow Six: Siege,PC,2015,Shooter,Ubisoft,0.12,0.08,0,0.02,0.22
2361,Michael Jackson: The Experience,X360,2011,Misc,Ubisoft,0.62,0.2,0,0.07,0.88
10818,Halo 2,PC,2007,Shooter,Microsoft Game Studios,0.01,0.06,0,0.02,0.1
3639,Harry Potter and the Deathly Hallows - Part 1,Wii,2010,Action,Electronic Arts,0.22,0.28,0,0.05,0.55
5585,SWAT: Global Strike Team,PS2,2003,Shooter,Vivendi Games,0.16,0.12,0,0.04,0.32
15935,I Doll U,PSV,2015,Adventure,Idea Factory,0,0,0.02,0,0.02
12011,Anubis II,Wii,2007,Platform,Metro 3D,0.06,0,0,0,0.07
16396,Alone in the Dark,PC,2008,Adventure,Atari,0,0.01,0,0,0.01
14053,Alpha Protocol,PC,2010,Role-Playing,Sega,0,0.03,0,0.01,0.04
9368,NTRA Breeders' Cup World Thoroughbred Championships,PS2,2005,Simulation,Bethesda Softworks,0.07,0.05,0,0.02,0.13
1676,Dragon Ball Z: La Legende Saien,SNES,1993,Fighting,Namco Bandai Games,0,0,1.2,0,1.2
14834,Ducati Moto,DS,2008,Racing,Vir2L Studios,0.02,0,0,0,0.03
16531,Kiniro no Corda 3,3DS,2015,Adventure,Tecmo Koei,0,0,0.01,0,0.01
13507,Jerry Rice and Nitus' Dog Football,Wii,2011,Sports,Tommo,0.04,0,0,0,0.04
15744,Elven Legacy Collection,PC,2010,Strategy,Paradox Interactive,0,0.01,0,0,0.02
8460,Death Trap,2600,1982,Action,Avalon Interactive,0.15,0.01,0,0,0.17
43,Mario Kart 7,3DS,2011,Racing,Nintendo,4.74,3.91,2.67,0.89,12.21
899,Red Faction,PS2,2001,Shooter,THQ,0.76,0.96,0,0.2,1.92
2506,James Bond 007: Nightfire,XB,2002,Shooter,Electronic Arts,0.58,0.22,0,0.03,0.82
2798,Classic NES Series: Donkey Kong,GBA,2004,Platform,Nintendo,0.4,0.15,0.17,0.01,0.73
5419,Imagine: Movie Star,DS,2008,Simulation,Ubisoft,0.31,0,0,0.02,0.34
3428,Mega Man Anniversary Collection,PS2,2004,Platform,Capcom,0.29,0.22,0,0.08,0.59
1607,The Witcher 3: Wild Hunt,XOne,2015,Role-Playing,Namco Bandai Games,0.66,0.47,0,0.11,1.24
4389,Tony Hawk's Proving Ground,PS3,2007,Sports,Activision,0.36,0.05,0,0.05,0.45
1098,SpongeBob SquarePants: Battle for Bikini Bottom,PS2,2003,Platform,THQ,1.08,0.45,0,0.14,1.67
16329,Dragon Quest X: All in One Package,WiiU,2015,Role-Playing,Square Enix,0,0,0.01,0,0.01
5478,Hell's Kitchen: The Game,Wii,2008,Simulation,Ubisoft,0.3,0,0,0.03,0.33
3800,Alice in Wonderland,Wii,2010,Adventure,Disney Interactive Studios,0.27,0.21,0,0.05,0.53
2532,Twisted Metal (2012),PS3,2012,Action,Sony Computer Entertainment,0.67,0.07,0,0.07,0.82
15538,Ginga Fukei Densetsu: Sapphire,TG16,1995,Shooter,Hudson Soft,0,0,0.02,0,0.02
6868,Front Line,2600,1981,Action,Taito,0.22,0.01,0,0,0.24
5464,The Darkness II,PS3,2012,Shooter,Take-Two Interactive,0.14,0.14,0,0.05,0.33
9952,Power Pro Kun Pocket 14,DS,2011,Sports,Konami Digital Entertainment,0,0,0.12,0,0.12
15929,Storm Lover Kai!!,PSP,2012,Action,D3Publisher,0,0,0.02,0,0.02
7708,MC Groovz Dance Craze,GC,2004,Misc,Mad Catz,0.15,0.04,0,0.01,0.2
9075,Cake Mania 3,DS,2009,Simulation,Majesco Entertainment,0.13,0,0,0.01,0.14
8140,Doom (2016),PC,2016,Shooter,Bethesda Softworks,0.06,0.1,0,0.01,0.18
8275,Fight Night Round 2,GC,2005,Fighting,Electronic Arts,0.13,0.03,0,0,0.17
1760,LEGO Star Wars: The Video Game,XB,2005,Action,Eidos Interactive,0.83,0.28,0,0.05,1.16
13238,Finny the Fish & the Seven Waters,PS2,2004,Sports,Sony Computer Entertainment,0.02,0.02,0,0.01,0.05
4922,Need for Speed: Nitro,DS,2009,Racing,Electronic Arts,0.22,0.13,0,0.04,0.39
12449,Risen 3: Titan Lords,PS4,2015,Role-Playing,Deep Silver,0,0.05,0,0.01,0.06
14670,The King of Fighters 02/03,XB,2005,Fighting,SNK Playmore,0.02,0.01,0,0,0.03
11210,Knights Contract,PS3,2011,Action,Namco Bandai Games,0.04,0.03,0,0.01,0.09
3077,Wario: Master of Disguise,DS,2007,Platform,Nintendo,0.28,0.02,0.33,0.03,0.66
10983,Driver: Renegade,3DS,2011,Racing,Ubisoft,0.05,0.04,0,0.01,0.09
9251,Alvin and the Chipmunks,DS,2007,Misc,Brash Entertainment,0.12,0,0,0.01,0.14
14919,DEATH NOTE: L o Tsugu Mono,DS,2007,Adventure,Konami Digital Entertainment,0,0,0.02,0,0.02
7116,The Polar Express,PS2,2004,Adventure,THQ,0.11,0.09,0,0.03,0.23
15148,Sacred 3,PC,2014,Role-Playing,Deep Silver,0,0.02,0,0,0.02
1056,Super Puyo Puyo,SNES,1993,Puzzle,Banpresto,0,0,1.69,0.01,1.7
8114,The Adventures of Cookie & Cream,PS2,2000,Puzzle,Empire Interactive,0.09,0.07,0,0.02,0.18
3884,The LEGO Movie Videogame,XOne,2014,Action,Warner Bros. Interactive Entertainment,0.34,0.13,0,0.04,0.51
6962,Love Plus +,DS,2010,Simulation,Konami Digital Entertainment,0,0,0.23,0,0.23
8733,Bomberman,PSP,2006,Puzzle,Konami Digital Entertainment,0.14,0,0,0.01,0.15
1738,Mirror's Edge,X360,2008,Platform,Electronic Arts,0.51,0.51,0.01,0.13,1.17
1064,Dragon Age: Origins,PS3,2009,Role-Playing,Electronic Arts,0.96,0.44,0.08,0.22,1.69
4081,Rayman Raving Rabbids: TV Party,DS,2008,Misc,Ubisoft,0.44,0.01,0,0.04,0.49
3563,Odin Sphere,PS2,2007,Role-Playing,Square Enix,0.23,0.18,0.09,0.06,0.56
13584,Riding Stables: The Whitakers present Milton and Friends,3DS,2011,Sports,DTP Entertainment,0,0.04,0,0,0.04
13423,Inspector Gadget: Gadget's Crazy Maze,PS,2001,Puzzle,Ubisoft,0.03,0.02,0,0,0.05
14051,Gothic Universe,PC,2007,Role-Playing,JoWood Productions,0,0.03,0,0.01,0.04
10090,Queen's Blade: Spiral Chaos,PSP,2009,Role-Playing,Namco Bandai Games,0,0,0.11,0,0.11
5832,Ehrgeiz,PS,1998,Fighting,SquareSoft,0.17,0.12,0,0.02,0.3
13773,Dolly Kanon Dokidoki Tokimeki Himitsu no Ongaku Katsudou Start Desu!!,3DS,2014,Adventure,Happinet,0,0,0.04,0,0.04
15007,Tom Clancy's Rainbow Six: Vegas 2,PC,2008,Shooter,Ubisoft,0,0.02,0,0,0.02
12630,Emblem of Gundam,DS,2008,Strategy,Namco Bandai Games,0,0,0.06,0,0.06
2791,Persona 4: Arena,PS3,2012,Fighting,Atlus,0.3,0.12,0.24,0.07,0.74
7096,Super R-Type,SNES,1991,Shooter,Nintendo,0,0,0.23,0,0.23
3911,Major League Baseball 2K10,X360,2010,Sports,Take-Two Interactive,0.47,0,0,0.04,0.51
16351,Dungeons & Dragons: Neverwinter Nights - Complete,PC,2011,Misc,Atari,0.01,0,0,0,0.01
7685,Tom Clancy's Splinter Cell: Essentials,PSP,2006,Shooter,Ubisoft,0.17,0.01,0,0.02,0.2
11591,Real Robots Final Attack,PS,1998,Shooter,Banpresto,0,0,0.07,0.01,0.08
2154,Dance Dance Revolution 2nd ReMIX,PS,1999,Simulation,Konami Digital Entertainment,0,0,0.9,0.06,0.96
3986,Spider-Man 2,DS,2004,Action,Activision,0.41,0.02,0.03,0.04,0.5
7594,"Ni Hao, Kai-lan: New Year's Celebration",DS,2009,Misc,Take-Two Interactive,0.19,0,0,0.01,0.2
13557,WarTech: Senko no Ronde,X360,2006,Fighting,Ubisoft,0.04,0,0,0,0.04
532,Dragon Quest V: Tenkuu no Hanayome,SNES,1992,Role-Playing,Enix Corporation,0,0,2.78,0.01,2.79
10211,Trauma Center: Under the Knife 2,DS,2008,Simulation,Atlus,0.1,0,0,0.01,0.11
9785,Backyard Baseball '10,DS,2009,Sports,Atari,0.11,0,0,0.01,0.12
14068,The Ant Bully,GBA,2006,Platform,Midway Games,0.03,0.01,0,0,0.04
6512,Power Pro Kun Pocket 5,GBA,2003,Sports,Konami Digital Entertainment,0,0,0.25,0.01,0.26
11500,AKB1/149: Love Election,PS3,2013,Adventure,Namco Bandai Games,0,0,0.08,0,0.08
12767,The Lost Chronicles of Zerzura,PC,2012,Adventure,DTP Entertainment,0,0.05,0,0.01,0.06
2820,Shaun Palmer's Pro Snowboarder,PS2,2001,Sports,Codemasters,0.36,0.28,0,0.09,0.73
15514,Higurashi no Naku Koro ni: Jan,PSP,2009,Misc,AQ Interactive,0,0,0.02,0,0.02
7459,Shin Megami Tensei: Persona 3 (jp sales),PS2,2006,Role-Playing,Tecmo Koei,0,0,0.21,0,0.21
2107,Pro Evolution Soccer 2008,PSP,2008,Sports,Konami Digital Entertainment,0.02,0.53,0.19,0.25,0.98
1798,LEGO Star Wars: The Video Game,GBA,2005,Action,Eidos Interactive,0.82,0.3,0,0.02,1.14
6989,Total War: Attila,PC,2015,Strategy,Sega,0.09,0.13,0,0.02,0.23
12614,Lord of Magna: Maiden Heaven,3DS,2014,Role-Playing,Marvelous Entertainment,0,0,0.06,0,0.06
5088,ESPN: Sports Connection,WiiU,2012,Sports,Ubisoft,0.21,0.12,0,0.04,0.37
14284,Guitar Hero: World Tour,PC,2009,Misc,Aspyr,0,0.03,0,0.01,0.03
15949,Touhou Genso Rondo: Bullet Ballet,PS4,2016,Shooter,Nippon Ichi Software,0.01,0,0,0,0.02
13125,Steins;Gate 0,PS4,2015,Adventure,PQube,0,0,0.05,0,0.05
10001,DOA 2: Dead or Alive 2 Hardcore,PS2,2000,Fighting,Tecmo Koei,0,0,0.11,0,0.11
15055,NASCAR Heat Evolution,XOne,2016,Racing,Dusenberry Martin Racing,0.02,0,0,0,0.02
14828,Age of Empires III: Gold Edition,PC,2007,Strategy,Microsoft Game Studios,0,0.02,0,0.01,0.03
8025,NARC,XB,2005,Shooter,Midway Games,0.14,0.04,0,0.01,0.18
9461,Indianapolis 500 Legends,Wii,2007,Racing,Destineer,0.12,0,0,0.01,0.13
14468,Sins of a Solar Empire,PC,2008,Strategy,Pinnacle,0,0.02,0,0.01,0.03
6274,The Legend of Zelda: The Minish Cap(weekly JP sales),GBA,N/A,Action,N/A,0,0,0.27,0.01,0.27
11586,Legend of the Guardians: The Owls of Ga'Hoole,PS3,2010,Action,Warner Bros. Interactive Entertainment,0.06,0.01,0,0.01,0.08
3648,Fighting Force 2,PS,1999,Action,Eidos Interactive,0.31,0.21,0,0.04,0.55
508,The Elder Scrolls III: Morrowind,XB,2002,Role-Playing,Ubisoft,2.09,0.63,0.03,0.11,2.86
11700,Minna no Joushiki Ryoku TV,Wii,2008,Misc,Nintendo,0,0,0.08,0,0.08
13414,SpongeBob SquarePants: Plankton's Robotic Revenge,X360,2013,Shooter,Activision,0.04,0,0,0,0.05
1544,Yakuman,GB,1989,Misc,Nintendo,0,0,1.28,0,1.28
5219,Breath of Fire II,SNES,1994,Role-Playing,Laguna,0,0,0.36,0,0.36
1376,Metroid: Other M,Wii,2010,Action,Nintendo,0.87,0.31,0.13,0.1,1.41
5608,Batman: Arkham Asylum,PC,2009,Action,Eidos Interactive,0,0.27,0,0.05,0.32
8710,He-Man: Power of Grayskull,GBA,2002,Action,TDK Mediactive,0.11,0.04,0,0,0.16
5159,Rock Band 4,PS4,2015,Misc,Harmonix Music Systems,0.25,0.05,0,0.07,0.37
11756,Sony Computer Science Kenkyuujo Mogi Kenichirou Hakase Kanshuu: Nou ni Kaikan Aha Taiken!,PSP,2006,Misc,Sega,0,0,0.07,0,0.07
9878,Akuji the Heartless,PS,1998,Platform,Eidos Interactive,0.07,0.04,0,0.01,0.12
2856,FIFA Soccer 11,DS,2010,Sports,Electronic Arts,0.13,0.5,0,0.09,0.72
11138,Little League World Series Baseball: Double Play,Wii,2010,Sports,Activision,0.08,0,0,0.01,0.09
10359,Saigo no Yakusoku no Monogatari,PSP,2011,Role-Playing,Unknown,0,0,0.11,0,0.11
10305,Irozuki Tingle no Koi no Balloon Trip,DS,2009,Adventure,Nintendo,0,0,0.11,0,0.11
14431,Tantei Jinguuji Saburo DS: Kienai Kokoro,DS,2008,Adventure,Arc System Works,0,0,0.03,0,0.03
9722,All Kamen Rider: Rider Generation,DS,2011,Action,Namco Bandai Games,0,0,0.12,0,0.12
2464,NCAA Football 11,PS3,2010,Sports,Electronic Arts,0.79,0,0,0.06,0.84
7353,Yu Yu Hakusho: Dark Tournament,PS2,N/A,Fighting,N/A,0.1,0.08,0,0.03,0.21
8120,Daigasso! Band Brothers P,3DS,2013,Misc,Nintendo,0,0,0.18,0,0.18
9474,Shrek Smash n' Crash Racing,GC,2006,Racing,Activision,0.1,0.03,0,0,0.13
16357,Monster Jam,PC,2007,Racing,Activision,0.01,0,0,0,0.01
12998,Rally Fusion: Race of Champions,XB,2002,Racing,Activision,0.04,0.01,0,0,0.05
12315,Gallop Racer 2004,PS2,2004,Sports,Zoo Digital Publishing,0.03,0.02,0,0.01,0.06
8786,Ice Age 2: The Meltdown,DS,2006,Platform,Vivendi Games,0.13,0.01,0,0.01,0.15
5296,Persona 2: Eternal Punishment,PS,2000,Role-Playing,Atlus,0.03,0.02,0.28,0.02,0.35
15992,DokuSui: DokiDoki Suikoden,PSP,2011,Role-Playing,Irem Software Engineering,0,0,0.01,0,0.01
15948,Grisaia no Meikyuu: Le Labyrinthe de la Grisaia,PSV,2014,Adventure,Prototype,0,0,0.02,0,0.02
7776,Air Conflicts: Secret Wars,PS3,2011,Simulation,bitComposer Games,0.1,0.06,0,0.03,0.19
15811,Zombie Hunters 2,PS2,2006,Action,Essential Games,0,0,0.02,0,0.02
11641,World Championship Poker: Deluxe Series,DS,2005,Misc,505 Games,0.07,0,0,0.01,0.08
2077,Dead Space 3,PS3,2013,Action,Electronic Arts,0.44,0.38,0,0.17,1
512,Command & Conquer: Red Alert,PC,1996,Strategy,Virgin Interactive,1.37,1.34,0,0.14,2.85
7104,The Raiden Project,PS,1995,Shooter,Ocean,0.06,0.04,0.12,0.01,0.23
11354,Gradius Galaxies,GBA,2001,Shooter,Konami Digital Entertainment,0.06,0.02,0,0,0.08
11939,The Wolf Among Us,PSV,2014,Adventure,Telltale Games,0.05,0,0,0.02,0.07
12539,Xiaolin Showdown,PSP,2006,Action,Konami Digital Entertainment,0.05,0,0,0,0.06
9647,Eat Lead: The Return of Matt Hazard,X360,2009,Shooter,D3Publisher,0.1,0.01,0,0.01,0.13
1455,FIFA Soccer 08,X360,2007,Sports,Electronic Arts,0.31,0.89,0.01,0.14,1.35
3839,Metal Gear Solid 2: Substance,PS2,2002,Action,Konami Digital Entertainment,0.18,0.14,0.16,0.05,0.52
9085,Cranium Kabookii,Wii,2007,Misc,Ubisoft,0.13,0,0,0.01,0.14
2287,Minecraft: Story Mode,X360,2015,Adventure,Mojang,0.46,0.38,0,0.08,0.91
14225,Tail Concerto,PS,1998,Adventure,Namco Bandai Games,0.02,0.01,0,0,0.03
11067,Super Robot Wars OG: The Moon Dwellers,PS4,2016,Misc,Namco Bandai Games,0,0,0.09,0,0.09
4541,EverQuest Online Adventures,PS2,2003,Role-Playing,Sony Online Entertainment,0.21,0.16,0,0.05,0.43
7373,RealSports Baseball,2600,1981,Sports,Atari,0.2,0.01,0,0,0.21
4856,You Don't Know Jack,PS,1999,Misc,Vivendi Games,0.22,0.15,0,0.03,0.4
8833,Shadow Ops: Red Mercury,XB,2004,Shooter,Atari,0.11,0.03,0,0.01,0.15
7063,Puss in Boots,X360,2011,Action,THQ,0.2,0.02,0,0.02,0.23
5790,SD Gundam G Generation: Overworld,PSP,2012,Strategy,Namco Bandai Games,0,0,0.31,0,0.31
14683,Ghostbusters (2016),PS4,2016,Action,Activision,0.02,0,0,0.01,0.03
1283,Mass Effect 2,PS3,2011,Role-Playing,Electronic Arts,0.78,0.47,0.03,0.2,1.48
3659,Derby Stallion 04,PS2,2004,Sports,Enterbrain,0,0,0.55,0,0.55
11462,Cate West: The Vanishing Files,Wii,2009,Adventure,Oxygen Interactive,0.07,0,0,0.01,0.08
1908,Tomb Raider: Underworld,X360,2008,Action,Eidos Interactive,0.53,0.43,0.01,0.11,1.08
6180,MLB 07: The Show,PSP,2007,Sports,Sony Computer Entertainment,0.26,0,0,0.02,0.28
9787,Cel Damage,XB,2001,Racing,Electronic Arts,0.09,0.03,0,0,0.12
12735,Kaite Shabette Hajimeyou! Monster Farm DS,DS,2007,Role-Playing,Tecmo Koei,0,0,0.06,0,0.06
8116,Aliens: Colonial Marines,PC,2013,Shooter,Sega,0.1,0.06,0,0.02,0.18
13204,White Album: Tsuzurareru Fuyu no Omoide,PS3,2010,Adventure,Aqua Plus,0,0,0.05,0,0.05
6683,Samurai Shodown II,NG,1994,Fighting,SNK,0,0,0.25,0,0.25
13546,Painkiller: Hell & Damnation,PS3,2013,Shooter,Nordic Games,0.02,0.02,0,0.01,0.04
13381,Shin Kamaitachi no Yoru: 11 Hitome no Suspect,PSV,2011,Adventure,ChunSoft,0,0,0.05,0,0.05
2334,Tiger Woods PGA Tour 06,PS2,2005,Sports,Electronic Arts,0.74,0.03,0,0.12,0.89
7742,ESA Foundation Compilation,PS2,2005,Misc,Sony Computer Entertainment,0.1,0.07,0,0.02,0.19
7430,Vampire Rain,X360,2007,Action,Microsoft Game Studios,0.18,0,0.01,0.01,0.21
9443,Megamind: The Blue Defender,PSP,2010,Adventure,THQ,0.08,0.03,0,0.02,0.13
3305,pro evolution soccer 2011,X360,2010,Sports,Konami Digital Entertainment,0.09,0.44,0,0.07,0.61
16510,Romeo Vs. Juliet,PSP,2013,Adventure,Quinrose,0,0,0.01,0,0.01
15354,Chicken Hunter,DS,2007,Shooter,Phoenix Games,0.02,0,0,0,0.02
2559,World Soccer Jikkyou Winning Eleven 3: World Cup France '98,PS,1998,Sports,Konami Digital Entertainment,0,0,0.75,0.05,0.81
8674,Backyard Sports: Sandlot Sluggers,Wii,2010,Sports,Atari,0.15,0,0,0.01,0.16
8193,Fancy Nancy: Tea Party Time!,DS,2010,Adventure,THQ,0.17,0,0,0.01,0.18
8905,The Wizard of Oz: Beyond The Yellow Brick Road,DS,2008,Role-Playing,D3Publisher,0.13,0,0,0.01,0.15
1847,Lumines: Puzzle Fusion,PSP,2004,Puzzle,Ubisoft,0.52,0.35,0,0.23,1.11
10671,Over the Hedge,XB,2006,Platform,Activision,0.07,0.02,0,0,0.1
15844,Usavichi: Game no Jikan,DS,2011,Action,Namco Bandai Games,0,0,0.02,0,0.02
7092,Final Fantasy XI: Treasures of Aht Urhgan,PS2,2006,Role-Playing,Square Enix,0.06,0.05,0.1,0.02,0.23
4821,Cabela's Big Game Hunter 2010,PS3,2009,Sports,Activision Value,0.37,0,0,0.03,0.4
5556,Dragon Ball Z: Extreme Butoden,3DS,2015,Fighting,Namco Bandai Games,0.12,0.03,0.16,0.02,0.33
4907,Ener-G: Gym Rockets,DS,2008,Sports,Ubisoft,0.36,0,0,0.03,0.39
5554,Clash of the Titans,PS3,2010,Action,Namco Bandai Games,0.09,0.16,0.01,0.06,0.33
13100,Hotel for Dogs,Wii,2009,Simulation,505 Games,0.04,0,0,0,0.05
4736,Armored Core,PS,1997,Simulation,Sony Computer Entertainment,0.13,0.09,0.16,0.03,0.41
7292,Code Name: S.T.E.A.M.,3DS,2015,Strategy,Nintendo,0.14,0.05,0.01,0.02,0.22
3910,International Superstar Soccer 2000 (All region sales),N64,1999,Sports,Konami Digital Entertainment,0.01,0.26,0.22,0.02,0.51
7009,Sword Art Online: Lost Song,PS4,2015,Role-Playing,Namco Bandai Games,0.09,0.1,0,0.04,0.23
187,The Legend of Zelda: Phantom Hourglass,DS,2007,Action,Nintendo,1.9,1.83,0.95,0.49,5.17
832,Dance Central 2,X360,2011,Misc,Microsoft Game Studios,1.45,0.42,0.01,0.16,2.04
11033,Karaoke Joysound Wii Super DX: Hitori de Minna de Utai Houdai!,Wii,2010,Misc,Hudson Soft,0,0,0.09,0,0.09
89,Pokémon Platinum Version,DS,2008,Role-Playing,Nintendo,2.82,1.78,2.69,0.55,7.84
8923,Prince of Persia: The Two Thrones,GC,2005,Action,Ubisoft,0.11,0.03,0,0,0.15
2647,Star Wars Battlefront: Elite Squadron,PSP,2009,Shooter,LucasArts,0.38,0.24,0,0.16,0.78
12131,Alex Rider: Stormbreaker,DS,N/A,Action,THQ,0.06,0,0,0,0.07
4384,SOCOM: U.S. Navy SEALs Fireteam Bravo 3,PSP,2010,Shooter,Sony Computer Entertainment,0.17,0.13,0.06,0.08,0.45
13197,Classic Dungeon X2,PSP,2011,Role-Playing,Nippon Ichi Software,0,0,0.05,0,0.05
4166,Deadpool,PS3,2013,Action,Activision,0.23,0.17,0,0.08,0.47
11273,Famicom Mini: Famicom Mukashi Banashi - Shin Oniga Shima Zenkouhen,GBA,2004,Adventure,Nintendo,0,0,0.08,0,0.08
1800,Guitar Hero 5,X360,2009,Misc,Activision,0.65,0.37,0,0.11,1.14
16501,The Land Before Time: Into the Mysterious Beyond,GBA,2006,Platform,Game Factory,0.01,0,0,0,0.01
13923,Super Army War,GBA,2005,Action,Flashpoint Games,0.03,0.01,0,0,0.04
1234,NASCAR 98,PS,1996,Racing,Electronic Arts,1.43,0.05,0,0.04,1.52
12040,Target: Terror,Wii,2008,Shooter,Konami Digital Entertainment,0.06,0,0,0.01,0.07
8806,Thor: God of Thunder,PS3,2011,Action,Sega,0.07,0.06,0,0.02,0.15
6448,"Barbie: Jet, Set & Style!",Wii,2011,Misc,THQ,0.23,0.01,0,0.02,0.26
6215,Real Pool,PS2,2000,Sports,Midas Interactive Entertainment,0.14,0.11,0,0.04,0.28
15799,NHL 16,X360,2015,Sports,Electronic Arts,0,0.02,0,0,0.02
8785,Amagami,PSP,2011,Adventure,Kadokawa Shoten,0,0,0.15,0,0.15
14171,Driven,GBA,2001,Racing,BAM! Entertainment,0.02,0.01,0,0,0.03
12954,The Bureau: XCOM Declassified,PC,2013,Shooter,Take-Two Interactive,0,0.05,0,0.01,0.05
5595,NHL Breakaway 98,N64,1998,Sports,Acclaim Entertainment,0.3,0.02,0,0,0.32
1950,Sleeping Dogs,PS3,2012,Action,Square Enix,0.31,0.5,0.05,0.19,1.06
935,GoldenEye 007 (2010),Wii,2010,Action,Activision,0.85,0.71,0.13,0.16,1.86
15562,Earth Seeker,Wii,2011,Role-Playing,Kadokawa Shoten,0,0,0.02,0,0.02
1769,Red Dead Redemption: Undead Nightmare,PS3,2010,Action,Take-Two Interactive,0.44,0.46,0.06,0.18,1.15
12445,Cold Fear,XB,2005,Action,Ubisoft,0.05,0.01,0,0,0.06
12440,Akai Katana Shin,X360,2011,Shooter,Cave,0.04,0,0.01,0,0.06
2592,Mario & Sonic at the Sochi 2014 Olympic Winter Games,WiiU,2013,Sports,Nintendo,0.39,0.22,0.13,0.06,0.8
3320,Madden NFL 2003,GBA,2002,Sports,Electronic Arts,0.44,0.16,0,0.01,0.61
14313,Sekai no Hate Made Itte Q! Chinjuu Hunter Mono no Daibouken,DS,2010,Misc,Kamui,0,0,0.03,0,0.03
10106,PDC World Championship Darts: Pro Tour,Wii,2010,Sports,O-Games,0,0.1,0,0.01,0.11
5274,Picross 2,GB,1996,Puzzle,Nintendo,0,0,0.35,0,0.35
16305,Tetris Ultimate,PSV,2014,Puzzle,Ubisoft,0,0.01,0,0,0.01
12045,Real Time Conflict: Shogun Empires,DS,2005,Strategy,Namco Bandai Games,0.06,0,0,0,0.07
12271,July,DC,1998,Adventure,Fortyfive,0,0,0.06,0,0.06
14887,LEGO Pirates of the Caribbean: The Video Game,PC,2011,Action,Disney Interactive Studios,0.02,0,0,0,0.03
16564,Kanokon: Esuii,PS2,2008,Adventure,5pb,0,0,0.01,0,0.01
4441,Need for Speed: Shift 2 Unleashed,X360,2011,Racing,Electronic Arts,0.18,0.22,0,0.04,0.44
4862,NBA Live 2002,XB,2001,Sports,Electronic Arts,0.35,0.03,0,0.02,0.4
2574,Aliens: Colonial Marines,X360,2013,Shooter,Sega,0.36,0.37,0,0.07,0.8
8755,Metal Gear Solid V: Ground Zeroes,X360,2014,Action,Konami Digital Entertainment,0.07,0.06,0.01,0.01,0.15
3966,Hitman: Blood Money,PS2,2006,Action,Eidos Interactive,0.25,0.19,0,0.06,0.5
8033,Lips: Party Classics,X360,2010,Misc,Microsoft Game Studios,0.05,0.11,0,0.02,0.18
13706,Novastorm,PS,1995,Shooter,Psygnosis,0.02,0.02,0,0,0.04
14987,"Hisshou Pachinko*Pachi-Slot Kouryaku Series DS Vol. 1: Shinseiki Evangelion - Magokoro o, Kimi ni",DS,2008,Misc,D3Publisher,0,0,0.02,0,0.02
6120,Metal Gear Solid V: Ground Zeroes,XOne,2014,Action,Konami Digital Entertainment,0.15,0.11,0,0.02,0.28
15478,Black Rose Valkyrie,PS4,2016,Role-Playing,Idea Factory,0,0,0.02,0,0.02
3784,Winning Post,SNES,1993,Sports,Tecmo Koei,0,0,0.53,0,0.53
11798,The Idolm@ster: Live for You!,X360,2008,Misc,Namco Bandai Games,0,0,0.07,0,0.07
3318,Split/Second,X360,2010,Racing,Disney Interactive Studios,0.32,0.23,0,0.06,0.61
9017,Rayman 3,GBA,2003,Platform,Ubisoft,0.1,0.04,0,0,0.14
957,Metroid Prime 3: Corruption,Wii,2007,Shooter,Nintendo,0.91,0.74,0.07,0.09,1.82
14075,Aegis of Earth: Protonovus Assault,PSV,2016,Action,PQube,0.02,0.01,0,0.01,0.04
8735,The Quest Trio,DS,2008,Puzzle,Avanquest,0.14,0.01,0,0.01,0.15
3193,Sim Theme Park,PS,1999,Strategy,Electronic Arts,0.35,0.24,0,0.04,0.63
15801,Simple 2000 Series Vol. 105: The Maid Fuku to Kikanjuu,PS2,2006,Action,D3Publisher,0,0,0.02,0,0.02
681,The Sims 3,X360,2010,Simulation,Electronic Arts,1.27,0.86,0,0.2,2.33
12099,Pro Yaky? Spirits 2014,PSV,2014,Sports,Konami Digital Entertainment,0,0,0.07,0,0.07
7644,The BIGS 2,PS2,2009,Sports,Take-Two Interactive,0.1,0.08,0,0.03,0.2
15464,AIR,PSP,2007,Adventure,Prototype,0,0,0.02,0,0.02
4546,Def Jam Icon,PS3,2007,Action,Electronic Arts,0.16,0.19,0,0.08,0.43
13090,Philosoma,PS,1995,Shooter,Sony Computer Entertainment,0.03,0.02,0,0,0.05
689,Need For Speed: High Stakes,PS,1999,Racing,Electronic Arts,1.58,0.64,0,0.09,2.31
7481,BeyBlade VForce: Super Tournament Battle,GC,2002,Action,Atari,0.16,0.04,0,0.01,0.21
12015,G-Saviour,PS2,2000,Action,Sunrise Interactive,0,0,0.07,0,0.07
10914,Lego Star Wars: The Force Awakens,PSV,2016,Action,Warner Bros. Interactive Entertainment,0.02,0.05,0,0.02,0.09
9882,Everybody Dance,PS3,2011,Misc,Sony Computer Entertainment,0.11,0,0,0.01,0.12
5164,NBA Live 2003,XB,N/A,Sports,Electronic Arts,0.31,0.04,0,0.01,0.36
7841,SNK Arcade Classics Vol. 1,PS2,2008,Misc,Ignition Entertainment,0.09,0.07,0,0.02,0.19
15062,Dunamis 15,PS3,2011,Adventure,5pb,0,0,0.02,0,0.02
11826,Aero Elite: Combat Academy,PS2,2002,Simulation,Sega,0.04,0.03,0,0.01,0.07
14442,Transformers: Devastation,PC,2015,Action,Activision,0,0.03,0,0,0.03
3393,CyberTiger,PS,1998,Sports,Electronic Arts,0.33,0.22,0,0.04,0.59
5340,Street Fighter Alpha: Warriors' Dreams,SAT,1996,Fighting,Capcom,0,0,0.35,0,0.35
3694,The SpongeBob SquarePants Movie,XB,2004,Platform,THQ,0.4,0.12,0,0.02,0.54
4646,Monster Jam: Urban Assault,Wii,2008,Racing,Activision,0.39,0,0,0.03,0.42
7085,Barbie and the Three Musketeers,Wii,2009,Adventure,Activision,0.21,0,0,0.02,0.23
8588,Hydro Thunder,N64,2000,Racing,Midway Games,0.13,0.03,0,0,0.16
3488,Rock Band 3,PS3,2010,Misc,MTV Games,0.43,0.09,0,0.06,0.58
9201,The Darkness II,PC,2012,Shooter,Take-Two Interactive,0.1,0.03,0,0.01,0.14
6607,Baldur's Gate: Dark Alliance II,XB,2004,Role-Playing,Acclaim Entertainment,0.19,0.06,0,0.01,0.26
2937,MotionSports,X360,2010,Sports,Ubisoft,0.38,0.26,0,0.06,0.7
4220,Mega Man Star Force 3: Black Ace / Red Joker,DS,2008,Action,Capcom,0.22,0,0.22,0.02,0.47
16486,Hospital Tycoon,PC,2007,Strategy,Codemasters,0,0.01,0,0,0.01
15121,Pro Fishing Challenge,XB,2004,Sports,Atlus,0.02,0,0,0,0.02
3817,Picross 3D,DS,2009,Puzzle,Nintendo,0.3,0.03,0.16,0.03,0.53
11204,Mahjong Master,N64,1996,Misc,Konami Digital Entertainment,0,0,0.09,0,0.09
5427,Buzz! The Ultimate Music Quiz,PS3,2010,Misc,Sony Computer Entertainment,0,0.25,0,0.08,0.34
4109,World of Warcraft: Warlords of Draenor,PC,2014,Action,Activision Blizzard,0.08,0.36,0,0.04,0.48
9933,Spider-Man: Edge of Time,3DS,2011,Action,Activision,0.08,0.03,0,0.01,0.12
10901,Scooby-Doo! Unmasked,DS,2005,Platform,THQ,0.07,0.02,0,0.01,0.09
7862,Mace: The Dark Age,N64,1997,Fighting,GT Interactive,0.15,0.04,0,0,0.19
12268,World Poker Tour,XB,2005,Misc,Take-Two Interactive,0.05,0.01,0,0,0.06
8973,Mad Dash Racing,XB,2001,Racing,Eidos Interactive,0.11,0.03,0,0.01,0.15
3016,Club Penguin: Elite Penguin Force - Herbert's Revenge,DS,2010,Adventure,Disney Interactive Studios,0.4,0.22,0,0.06,0.67
12336,Famicom Mini: Balloon Fight,GBA,2004,Action,Nintendo,0,0,0.06,0,0.06
14142,Clever Kids: Pirates,DS,2008,Misc,Midas Interactive Entertainment,0,0.03,0,0,0.03
15029,Stronghold Crusader Extreme,PC,2008,Strategy,Gamecock,0,0.02,0,0,0.02
16337,Greg Hastings' Tournament Paintball Max'd,PS2,2006,Shooter,Activision,0.01,0,0,0,0.01
16164,htoL#NiQ: The Firefly Diary,PSV,2014,Platform,Nippon Ichi Software,0,0,0.01,0,0.01
11946,Fable: The Lost Chapters,PC,2005,Role-Playing,Microsoft Game Studios,0.01,0.05,0,0.01,0.07
1812,Jampack Winter '98,PS,1998,Misc,Sony Computer Entertainment,0.63,0.43,0,0.07,1.13
2180,Ben 10: Alien Force,DS,2008,Action,Koch Media,0.65,0.22,0,0.09,0.95
12242,Speed Racer,PS,1996,Racing,Tomy Corporation,0.04,0.02,0,0,0.07
4824,NCAA GameBreaker 2000,PS,1999,Sports,989 Studios,0.22,0.15,0,0.03,0.4
2061,1942,NES,1985,Shooter,Capcom,0.65,0.14,0.21,0,1
2455,Spider-Man 2,GC,2004,Action,Activision,0.65,0.17,0,0.02,0.84
2582,Prince of Persia: Warrior Within,XB,2004,Action,Ubisoft,0.48,0.28,0,0.04,0.8
6496,Star Trek: Invasion,PS,2000,Simulation,Activision,0.15,0.1,0,0.02,0.26
9903,Legends of Wrestling II,GC,2002,Fighting,Acclaim Entertainment,0.09,0.02,0,0,0.12
12055,Tournament of Legends,Wii,2010,Fighting,Sega,0.04,0.02,0,0.01,0.07
10938,Import Tuner Challenge (American sales),X360,2006,Racing,Ubisoft,0.07,0.01,0,0.01,0.09
3894,Lords of the Fallen,PS4,2014,Role-Playing,Square Enix,0.17,0.23,0.02,0.09,0.51
88,Final Fantasy VIII,PS,1999,Role-Playing,SquareSoft,2.28,1.72,3.63,0.23,7.86
10474,Miami Law,DS,2009,Adventure,Konami Digital Entertainment,0.1,0,0,0.01,0.1
14836,Pop Cutie! Street Fashion Simulation (JP sales),DS,2008,Simulation,Tecmo Koei,0,0,0.03,0,0.03
7947,Face Training,DS,2007,Misc,Nintendo,0,0,0.19,0,0.19
1011,Disney's Aladdin,SNES,1993,Platform,Capcom,0.94,0.34,0.21,0.27,1.75
10994,Pokemon Rumble World,3DS,2015,Action,Nintendo,0,0.01,0.08,0,0.09
7684,South Park: The Stick of Truth,PC,2014,Role-Playing,Ubisoft,0.07,0.1,0,0.02,0.2
1998,Mega Man X4,PS,1996,Action,Virgin Interactive,0.45,0.3,0.22,0.07,1.04
4556,Call of Duty: Black Ops II,WiiU,2012,Shooter,Activision,0.21,0.18,0,0.03,0.43
11456,Horrid Henry's Horrid Adventure,DS,2010,Adventure,Asylum Entertainment,0,0.07,0,0.01,0.08
15594,Puzzle Guzzle,PSP,2007,Puzzle,DHM Interactive,0.02,0,0,0,0.02
367,FIFA Soccer 11,X360,2010,Sports,Electronic Arts,0.71,2.4,0.02,0.4,3.53
10944,Dragon Tales: Dragon Seek,PS,2000,Platform,Ubisoft,0.05,0.03,0,0.01,0.09
1863,Popeye,NES,1983,Platform,Nintendo,0.51,0.12,0.45,0.02,1.1
9563,Gunstar Heroes,GEN,1992,Shooter,Sega,0,0,0.13,0,0.13
16053,Coronation Street: The Mystery of the Missing Hotpot Recipe,PC,2011,Adventure,Avanquest,0,0.01,0,0,0.01
14315,Majesty 2: The Fantasy Kingdom Sim,X360,N/A,Simulation,Unknown,0.03,0,0,0,0.03
9996,Sphinx and the Cursed Mummy,XB,2003,Action,THQ,0.09,0.02,0,0,0.12
9836,MX vs. ATV Untamed,DS,2007,Racing,THQ,0.11,0,0,0.01,0.12
9571,Batman: Arkham Knight,PC,2015,Action,Warner Bros. Interactive Entertainment,0.08,0.03,0,0.01,0.13
2555,The Next Tetris,PS,1998,Puzzle,Atari,0.45,0.31,0,0.05,0.81
16044,Puyo Pop Fever,GC,2004,Puzzle,Sega,0.01,0,0,0,0.01
2999,Hidden Objects: Mystery Stories,DS,2009,Adventure,GSP,0.19,0.43,0,0.05,0.68
2973,Shark Tale,GBA,2004,Action,Activision,0.49,0.18,0,0.01,0.68
12535,Pheasants Forever Wingshooter,Wii,2010,Shooter,Unknown,0.03,0.02,0,0,0.06
9172,Earth Defense Force 2: Invaders from Planet Space,PSP,2011,Action,D3Publisher,0,0,0.14,0,0.14
4905,SpongeBob's Truth or Square (US sales),PSP,2009,Action,THQ,0.39,0,0,0,0.39
10392,Space Invaders,GBA,2002,Shooter,Activision,0.08,0.03,0,0,0.11
11795,Winx Club,GBA,2005,Shooter,Konami Digital Entertainment,0.05,0.02,0,0,0.07
6053,MLB Pennant Race,PS,1996,Sports,Sony Computer Entertainment,0.16,0.11,0,0.02,0.29
4510,NCAA Football 2004,XB,2003,Sports,Electronic Arts,0.4,0.02,0,0.02,0.43
4059,Taiko no Tatsujin: Appare Sandaime,PS2,2003,Misc,Namco Bandai Games,0,0,0.49,0,0.49
15902,Triggerheart Exelica,DC,2007,Shooter,Warashi,0,0,0.02,0,0.02
15937,Katekyoo Hitman Reborn! DS: Mafia Daishuugou Bongole Festival,DS,2008,Action,Takara Tomy,0,0,0.02,0,0.02
103,Just Dance,Wii,2009,Misc,Ubisoft,3.51,3.03,0,0.73,7.27
10313,Langrisser IV,SAT,1997,Strategy,NCS,0,0,0.11,0,0.11
7057,Cabela's Outdoor Adventures (2009),PS3,2009,Sports,Activision Value,0.21,0,0,0.02,0.23
4030,The Matrix: Path of Neo,PS2,2005,Action,Atari,0.41,0.01,0,0.07,0.49
8684,MX 2002 Featuring Ricky Carmichael,GBA,2001,Racing,THQ,0.11,0.04,0,0,0.16
8837,NBA ShootOut 2001,PS2,2001,Sports,Sony Computer Entertainment,0.07,0.06,0,0.02,0.15
15806,Kimi ni Todoke: Sodateru Omoi,DS,2009,Adventure,Banpresto,0,0,0.02,0,0.02
272,Uncharted 4: A Thief's End,PS4,2016,Shooter,Sony Computer Entertainment,1.3,2.07,0.18,0.65,4.2
14003,Age of Mythology: The Titans,PC,2003,Strategy,Microsoft Game Studios,0.01,0.02,0,0,0.04
11897,Guilty Gear Xrd -Revelator-,PS4,2016,Fighting,PQube,0.02,0,0.05,0,0.07
6794,Madden NFL 13,WiiU,2012,Sports,Electronic Arts,0.22,0,0,0.02,0.24
13541,King Arthur,GC,2004,Action,Konami Digital Entertainment,0.03,0.01,0,0,0.04
16345,Fashionable Puppy: Oshare na Koinu DS,DS,2007,Simulation,MTO,0,0,0.01,0,0.01
16436,Clive Barker's Jericho,PC,2007,Shooter,Codemasters,0,0.01,0,0,0.01
15265,Higurashi Daybreak Portable Mega Edition,PSP,2009,Adventure,Alchemist,0,0,0.02,0,0.02
5653,Tetris 2 + Bombliss,NES,1991,Puzzle,BPS,0,0,0.32,0,0.32
6285,Indy 500,2600,N/A,Racing,Atari,0.26,0.01,0,0,0.27
2740,WWE SmackDown vs. Raw 2010,Wii,2009,Fighting,THQ,0.51,0.17,0,0.07,0.75
13054,Summon Night X: Tears Crown,DS,2009,Role-Playing,Namco Bandai Games,0,0,0.05,0,0.05
5955,Thief (2014),X360,2014,Action,Square Enix,0.14,0.13,0,0.03,0.3
9541,Monster Hunter Frontier Online,X360,2010,Role-Playing,Capcom,0,0,0.13,0,0.13
8177,Sonic Riders: Zero Gravity,PS2,2008,Racing,Sega,0.09,0.07,0,0.02,0.18
6102,Earthworm Jim,GBA,2001,Platform,Interplay,0.2,0.08,0,0.01,0.29
7852,Jampack: Summer 2003 (RP-T),PS2,2003,Misc,Sony Computer Entertainment,0.09,0.07,0,0.02,0.19
5135,Pac-Man World 2,GC,2002,Action,Nintendo,0.28,0.07,0,0.01,0.37
2384,Tom Clancy's Ghost Recon: Island Thunder,XB,2003,Shooter,Ubisoft,0.61,0.24,0,0.03,0.87
16263,Paragon,PS4,2016,Action,Epic Games,0.01,0,0,0,0.01
6930,LEGO Harry Potter: Years 5-7,PSV,2012,Action,Warner Bros. Interactive Entertainment,0.09,0.1,0,0.05,0.24
4950,MotoGP 08,PS3,2008,Racing,Capcom,0.07,0.24,0,0.08,0.39
10464,The Whispered World,PC,2009,Adventure,Deep Silver,0,0.08,0,0.02,0.1
14841,World War II Combat: Road To Berlin,XB,2006,Shooter,Groove Games,0.02,0.01,0,0,0.03
656,Batman: Arkham Origins,PS3,2013,Action,Warner Bros. Interactive Entertainment,1.07,0.87,0.04,0.4,2.39
10635,Aquapazza: Aquaplus Dream Match,PS3,2012,Fighting,Aqua Plus,0.05,0,0.05,0.01,0.1
14341,River City Super Sports Challenge,DS,2010,Sports,Arc System Works,0.01,0,0.02,0,0.03
4323,NASCAR 2005: Chase for the Cup,XB,2004,Racing,Electronic Arts,0.34,0.1,0,0.02,0.45
12895,UEFA Euro 2004: Portugal,XB,2004,Sports,Electronic Arts,0.04,0.01,0,0,0.05
9631,Little Battlers eXperience: Wars,3DS,2013,Strategy,Level 5,0,0,0.13,0,0.13
11123,World Soccer Winning Eleven 8 International,XB,2004,Sports,Konami Digital Entertainment,0.07,0.02,0,0,0.09
5502,Cool Boarders 2001,PS2,2001,Sports,Sony Computer Entertainment,0.16,0.13,0,0.04,0.33
10539,Shellshock,PS,1995,Action,Core Design Ltd.,0.06,0.04,0,0.01,0.1
15040,Major Dream: Major DS Dream Baseball,DS,2008,Sports,Takara Tomy,0,0,0.02,0,0.02
15983,Turok,PC,2008,Action,Touchstone,0,0.01,0,0,0.01
15274,XGRA: Extreme G Racing Association,GC,2003,Racing,Acclaim Entertainment,0.02,0,0,0,0.02
4092,The Sims 2: Pets,Wii,2007,Simulation,Electronic Arts,0.42,0.03,0,0.04,0.48
8651,Imagine: Ice Champions,DS,2007,Sports,Spike,0.15,0,0,0.01,0.16
332,The Witcher 3: Wild Hunt,PS4,2015,Role-Playing,Namco Bandai Games,0.96,2,0.21,0.56,3.73
16437,Tenjin Ranman: Happy GO Lucky!!,PSP,2010,Adventure,Russel,0,0,0.01,0,0.01
2614,Dance Dance Revolution SuperNOVA 2,PS2,2007,Simulation,Konami Digital Entertainment,0.64,0.03,0.02,0.1,0.79
3132,Meccha! Taiko no Tatsujin Master DS: 7-tsu no Shima no Daibouken,DS,2008,Misc,Namco Bandai Games,0,0,0.65,0,0.65
14863,Marker Man Adventures,DS,2009,Platform,Majesco Entertainment,0.02,0,0,0,0.03
8465,Taz Wanted,PS2,2002,Platform,Atari,0.08,0.06,0,0.02,0.16
6652,Family Guy: Back to the Multiverse,X360,2012,Action,Activision,0.14,0.09,0,0.02,0.25
7803,Disney's Magical Mirror Starring Mickey Mouse,GC,2002,Adventure,Nintendo,0.15,0.04,0,0.01,0.19
5137,Barbie Horse Adventures: Blue Ribbon Race,GBA,2003,Sports,Knowledge Adventure,0.26,0.1,0,0.01,0.37
2822,Imagine: Interior Designer,DS,2008,Simulation,Ubisoft,0.34,0.31,0,0.08,0.73
7323,SingStar: Back to the 80s,PS3,2011,Misc,Sony Computer Entertainment,0,0.16,0,0.05,0.21
11792,Margot's Word Brain,DS,2008,Puzzle,Zoo Games,0.07,0,0,0.01,0.07
5410,Smart Girl's Party Game,DS,2008,Misc,505 Games,0.31,0,0,0.02,0.34
3701,Dance Dance Revolution Ultramix,XB,2003,Simulation,Konami Digital Entertainment,0.42,0.11,0,0.02,0.54
8881,Soldier of Fortune: Payback,PS3,2007,Shooter,Activision,0.12,0.02,0,0.01,0.15
6086,Dragon Quest: Shounen Yangus to Fushigi no Dungeon,PS2,2006,Role-Playing,Square Enix,0,0,0.29,0,0.29
9308,Divinity II: The Dragon Knight Saga,X360,2010,Role-Playing,Focus Home Interactive,0.11,0.02,0,0.01,0.14
6995,Starsky & Hutch,XB,2003,Racing,Empire Interactive,0.17,0.05,0,0.01,0.23
7696,NASCAR Unleashed,Wii,2011,Racing,Activision,0.18,0,0,0.01,0.2
5168,Zero4 Champ RR,SNES,1994,Sports,Media Rings,0,0,0.36,0,0.36
14807,Nanotek Warrior,PS,1997,Shooter,Virgin Interactive,0.01,0.01,0,0,0.03
2156,Dragon Quest X,Wii,2012,Role-Playing,Square Enix,0,0,0.96,0,0.96
9043,Second Sight,PS2,2004,Adventure,Codemasters,0.07,0.05,0,0.02,0.14
11224,Charlotte's Web,DS,2006,Action,Sega,0.08,0,0,0.01,0.09
5564,NBA Live 06,GC,2005,Sports,Electronic Arts,0.25,0.07,0,0.01,0.33
11416,Jikkyou Powerful Pro Yakyuu 15,Wii,2008,Sports,Konami Digital Entertainment,0,0,0.08,0,0.08
13622,Kamen Rider: Battride War Genesis,PS3,2016,Action,Namco Bandai Games,0,0,0.04,0,0.04
2349,Call of Duty: Modern Warfare 2,PC,2009,Shooter,Activision,0.01,0.79,0,0.09,0.89
9069,Power Stone,DC,1998,Fighting,Eidos Interactive,0,0,0.14,0,0.14
8404,I'm A Celebrity: Get Me Out of Here!,Wii,2009,Misc,Mindscape,0,0.16,0,0.01,0.17
14916,Ghostbusters (2016),XOne,2016,Action,Activision,0.02,0,0,0,0.02
5938,Finding Nemo: The Continuing Adventures,GBA,2004,Action,THQ,0.21,0.08,0,0.01,0.3
10737,MTX Mototrax,XB,2004,Racing,Activision,0.07,0.02,0,0,0.1
14587,Dream Pinball 3D,DS,2008,Misc,SouthPeak Games,0.03,0,0,0,0.03
14270,Mystery Case Files: Ravenhearst,PC,2007,Puzzle,Focus Home Interactive,0.01,0.02,0,0.01,0.03
7274,NBA 06,PSP,2005,Sports,Sony Computer Entertainment,0.2,0,0,0.02,0.22
9334,Peppa Pig: Fun and Games,Wii,2010,Misc,Ubisoft,0,0.12,0,0.02,0.13
9518,Warcraft III: Reign of Chaos,PC,2002,Strategy,Vivendi Games,0.03,0.08,0,0.02,0.13
3790,Medal of Honor: European Assault,XB,2005,Shooter,Electronic Arts,0.32,0.19,0,0.02,0.53
12864,Wing Commander: Prophecy,GBA,2003,Simulation,"Destination Software, Inc",0.04,0.01,0,0,0.05
15814,Ferrari: The Race Experience,Wii,N/A,Racing,System 3 Arcade Software,0,0.01,0,0,0.02
379,Star Wars Battlefront (2015),XOne,2015,Shooter,Electronic Arts,1.94,1.22,0.02,0.31,3.49
10769,MySims SkyHeroes,X360,2010,Action,Electronic Arts,0.09,0,0,0.01,0.1
10159,The History Channel: Battle for the Pacific,Wii,2007,Shooter,Activision,0.1,0,0,0.01,0.11
