Rank,Name,Platform,Year,Genre,Publisher,NA_Sales,EU_Sales,JP_Sales,Other_Sales,Global_Sales
16591,Mega Brain Boost,DS,2008,Puzzle,Majesco Entertainment,0.01,0,0,0,0.01
9921,Bishoujo Senshi Sailormoon S: Juugai Rantou!? Shuyaku Soudatsusen,SNES,1994,Fighting,Angel Studios,0,0,0.12,0,0.12
12907,Bust-A-Bloc,PS2,2002,Puzzle,Midas Interactive Entertainment,0,0,0.05,0,0.05
3637,The Godfather (old US sales),XB,2006,Action,Electronic Arts,0.42,0.11,0,0.02,0.55
8430,Payday 2,XOne,2015,Shooter,505 Games,0.08,0.07,0,0.01,0.17
9394,Transworld Surf,XB,N/A,Sports,Atari,0.1,0.03,0,0,0.13
12920,Nobunaga's Ambition: Sphere of Influence,PSV,2014,Strategy,Tecmo Koei,0,0,0.05,0,0.05
5343,MLB 06: The Show,PSP,2006,Sports,Sony Computer Entertainment,0.32,0,0,0.03,0.35
4324,J-League Excite Stage '95,SNES,1995,Sports,Epoch,0,0,0.45,0,0.45
14655,Rugby League Live,X360,2010,Sports,Home Entertainment Suppliers,0,0.02,0,0,0.03
15895,Yuu Yuu Hakusho DS: Ankoku Bujutsukai Hen,DS,2006,Action,Takara Tomy,0,0,0.02,0,0.02
7501,Discovery Kids: Pony Paradise,DS,2009,Simulation,505 Games,0.19,0,0,0.01,0.2
3036,BioShock Infinite,PC,2013,Shooter,Take-Two Interactive,0.28,0.3,0,0.08,0.67
239,Madden NFL 2005,PS2,2004,Sports,Electronic Arts,4.18,0.26,0.01,0.08,4.53
9549,Just Cause 2,PC,2010,Action,Square Enix,0,0.1,0,0.03,0.13
7903,Active Health with Carol Vorderman,DS,2009,Sports,Nintendo,0,0.18,0,0.01,0.19
13728,Mat Hoffman's Pro BMX 2,GC,2002,Sports,Activision,0.03,0.01,0,0,0.04
5099,Kingdom Under Fire: Circle of Doom,X360,2007,Role-Playing,Microsoft Game Studios,0.18,0.12,0.04,0.04,0.37
14852,Legacy of Ys: Books I & II,DS,N/A,Role-Playing,Unknown,0.02,0,0,0,0.03
9966,Thousand Arms,PS,1998,Role-Playing,Atlus,0.06,0.04,0,0.01,0.12
6694,NBA Courtside 2 featuring Kobe Bryant,N64,1999,Sports,Nintendo,0.2,0.05,0,0,0.25
4087,Shrek the Third,PS2,2007,Action,Activision,0.4,0.02,0,0.07,0.48
1441,Namco Museum DS,DS,2007,Misc,Atari,1.18,0.01,0.06,0.09,1.35
646,Madden NFL 16,XOne,2015,Sports,Electronic Arts,2.07,0.08,0,0.26,2.4
7015,ESPN NHL Hockey,PS2,2003,Sports,Sega,0.11,0.09,0,0.03,0.23
11810,Godai: Elemental Force,PS2,2002,Action,3DO,0.04,0.03,0,0.01,0.07
7952,Pro Yaky? Spirits 2012,PS3,2012,Sports,Konami Digital Entertainment,0,0,0.19,0,0.19
14817,Madden NFL 07,GBA,2006,Sports,Electronic Arts,0.02,0.01,0,0,0.03
966,Madden NFL 07,X360,2006,Sports,Electronic Arts,1.66,0,0.01,0.13,1.8
12729,Lost Kingdoms II,GC,2003,Role-Playing,Activision,0.04,0.01,0,0,0.06
3643,Jump Super Stars,DS,2005,Fighting,Nintendo,0,0,0.55,0,0.55
15818,Samurai Jack: The Shadow of Aku,GC,2004,Action,Sega,0.01,0,0,0,0.02
16581,Outdoors Unleashed: Africa 3D,3DS,2011,Sports,Mastiff,0.01,0,0,0,0.01
2976,Bakugan: Battle Brawlers,Wii,2009,Action,Activision,0.6,0.03,0,0.05,0.68
5855,Neopets: The Darkest Faerie,PS2,2005,Adventure,Sony Computer Entertainment,0.15,0.12,0,0.04,0.3
8787,Jikkyou Powerful Pro Yakyuu 2009,PS2,2009,Sports,Konami Digital Entertainment,0,0,0.15,0,0.15
9694,WRC: FIA World Rally Championship,X360,N/A,Racing,Black Bean Games,0,0.1,0,0.02,0.12
16384,Hoshigami: Ruining Blue Earth Remix,DS,2007,Role-Playing,505 Games,0,0,0.01,0,0.01
4600,SpongeBob's Truth or Square (US sales),DS,2009,Action,THQ,0.42,0,0,0,0.42
3327,Spider-Man: Mysterio's Menace,GBA,2001,Action,Activision,0.43,0.16,0,0.01,0.61
9679,Mega Man X: Command Mission,GC,2004,Role-Playing,Capcom,0.1,0.02,0,0,0.12
3777,NASCAR 09,PS2,2008,Racing,Electronic Arts,0.26,0.2,0,0.07,0.53
8803,Naruto: Powerful Shippuden,3DS,2012,Platform,Namco Bandai Games,0.08,0.02,0.04,0.01,0.15
2837,Tiger Woods PGA Tour 07,PS2,2006,Sports,Electronic Arts,0.6,0.02,0,0.1,0.72
4980,Phantasy Star Ø,DS,2008,Role-Playing,Sega,0.16,0,0.2,0.01,0.38
6981,Virtua Tennis 4,X360,2011,Sports,Sega,0.11,0.1,0.01,0.02,0.23
8501,Dynasty Warriors 8: Xtreme Legends,PS3,2013,Action,Tecmo Koei,0.02,0.03,0.11,0.01,0.16
6919,Angry Birds,PC,2011,Puzzle,Focus Home Interactive,0,0.18,0,0.05,0.24
2859,The Lord of the Rings: The Two Towers,XB,2002,Action,Electronic Arts,0.45,0.24,0,0.03,0.71
8621,MLB 11: The Show,PSP,2011,Sports,Sony Computer Entertainment,0.15,0,0,0.01,0.16
11202,Tim Burton's The Nightmare Before Christmas: Oogie's Revenge,XB,2005,Adventure,Disney Interactive Studios,0.06,0.02,0,0,0.09
14105,Adventure Time: Explore the Dungeon Because I Don't Know!,WiiU,2013,Action,D3Publisher,0.02,0.01,0,0,0.03
6107,Rugby World Cup 2011,X360,2011,Sports,505 Games,0.03,0.21,0,0.04,0.28
12788,History Great Empires: Rome,DS,2009,Strategy,Black Bean Games,0.05,0,0,0,0.06
12919,Zyuden Sentai Kyoryuger: Game de Gaburincho!!,3DS,2013,Action,Namco Bandai Games,0,0,0.05,0,0.05
1520,SingStar '80s,PS2,2005,Misc,Sony Computer Entertainment,0.27,0.02,0,1.02,1.3
2899,NCAA Football 09,X360,2008,Sports,Electronic Arts,0.65,0,0,0.05,0.71
15791,"Moshi, Kono Sekai ni Kami-sama ga Iru to suru Naraba.",PSV,2016,Adventure,N/A,0,0,0.02,0,0.02
14472,Lords of the Fallen,PC,2014,Role-Playing,Square Enix,0,0.03,0,0,0.03
4442,Chocobo Racing,PS,1999,Racing,SquareSoft,0.07,0.05,0.3,0.03,0.44
1828,Call Of Duty 2: Big Red One,XB,2005,Shooter,Activision,0.66,0.4,0,0.05,1.12
15230,UnchainBlades EXXiV,3DS,2012,Role-Playing,FuRyu,0,0,0.02,0,0.02
6200,F1 ROC: Race of Champions,SNES,1992,Sports,Ocean,0,0,0.28,0,0.28
10218,Snowboard Kids 2,N64,1999,Sports,Atlus,0.09,0.02,0,0,0.11
1904,Grand Theft Auto: Chinatown Wars,PSP,2009,Action,Take-Two Interactive,0.28,0.5,0.03,0.28,1.08
2271,Tobal No.1,PS,1996,Fighting,Sony Computer Entertainment,0.12,0.08,0.66,0.06,0.92
10052,Phantom Dust,XB,2004,Action,Microsoft Game Studios,0.08,0.02,0,0,0.11
11802,ZhuZhu Pets: Quest for Zhu,DS,2011,Misc,Activision,0.07,0,0,0.01,0.07
13049,Dream Salon,Wii,2009,Misc,Zoo Games,0.05,0,0,0,0.05
7620,Twisted Edge Extreme Snowboarding,N64,1998,Sports,Kemco,0.16,0.04,0,0,0.2
14214,RACE On,PC,2009,Racing,bitComposer Games,0,0.03,0,0.01,0.03
12407,A-Train: City Simulator,3DS,2014,Simulation,ArtDink,0,0,0.06,0,0.06
2661,Perfect Dark Zero,X360,2005,Shooter,Microsoft Game Studios,0.66,0.02,0.03,0.06,0.77
11039,Jikkyou Powerful Pro Yakyuu Portable 2,PSP,2007,Sports,Konami Digital Entertainment,0,0,0.09,0,0.09
10098,Cake Mania,DS,2007,Puzzle,Majesco Entertainment,0.09,0.01,0,0.01,0.11
5424,Teenage Mutant Ninja Turtles,GC,2003,Action,Konami Digital Entertainment,0.26,0.07,0,0.01,0.34
10948,Tak: The Great Juju Challenge,DS,2005,Platform,THQ,0.09,0,0,0.01,0.09
7422,SBK Superbike World Championship,X360,2008,Racing,Black Bean Games,0.06,0.14,0,0.01,0.21
11546,Ogre Battle Series: Tactics Ogre,PS,1997,Role-Playing,Atlus,0.04,0.03,0,0.01,0.08
14368,Pocket Fighter,SAT,1998,Fighting,Capcom,0,0,0.03,0,0.03
6905,Lunar: Silver Star Harmony,PSP,2009,Role-Playing,GungHo,0.19,0,0.03,0.02,0.24
8345,Pokémon Beach Blank-out Blastoise / Go West Young Meowth Game Boy Advance Video,GBA,2004,Misc,Nintendo,0.12,0.05,0,0,0.17
14805,Medal of Honor: Vanguard,PS2,2007,Shooter,Electronic Arts,0,0,0.03,0,0.03
7032,Tom Clancy's Rainbow Six: Rogue Spear,PS,2001,Shooter,Ubisoft,0.13,0.09,0,0.02,0.23
16483,Muv-Luv Alternative,PS3,2012,Simulation,5pb,0,0,0.01,0,0.01
778,NBA 2K12,PS3,2011,Sports,Take-Two Interactive,1.61,0.27,0.05,0.18,2.11
11235,Indianapolis 500 Legends,DS,2007,Racing,Destineer,0.08,0,0,0.01,0.09
312,Tekken 5,PS2,2005,Fighting,Namco Bandai Games,0.93,1.94,0.31,0.7,3.87
4671,The Suffering,PS2,2004,Action,Midway Games,0.2,0.16,0,0.05,0.42
6886,Are You Smarter than a 5th Grader? Game Time,DS,2009,Puzzle,THQ,0.22,0,0,0.02,0.24
269,The Legend of Zelda: Ocarina of Time,3DS,2011,Action,Nintendo,2.03,1.27,0.62,0.3,4.21
9080,NCAA College Basketball 2K3,XB,2002,Sports,Sega,0.11,0.03,0,0.01,0.14
8038,Ghostbusters: The Video Game,PSP,2009,Action,Atari,0.16,0.01,0,0.02,0.18
2498,Sid Meier's Civilization Revolution,X360,2008,Strategy,Take-Two Interactive,0.58,0.17,0,0.07,0.83
13402,Rock of the Dead,X360,2010,Shooter,Conspiracy Entertainment,0.04,0,0,0,0.05
6748,Monster Hunter G,Wii,2009,Role-Playing,Capcom,0,0,0.25,0,0.25
14156,Mame Goma: Shiro to Kuro no Meikyuu,3DS,2012,Action,Nippon Ichi Software,0,0,0.03,0,0.03
10915,Pro Yakyuu Greatest Nine 98,SAT,1998,Sports,Sega,0,0,0.09,0,0.09
4519,Barnstorming,2600,1981,Action,Activision,0.4,0.02,0,0,0.43
16214,Tomoyo After: It's a Wonderful Life CS Edition,PS2,2007,Adventure,Prototype,0,0,0.01,0,0.01
12348,Bubble Bobble also featuring Rainbow Islands,PS,1995,Puzzle,Acclaim Entertainment,0.04,0.02,0,0,0.06
3300,Cooking Mama 4: Kitchen Magic!,3DS,2011,Simulation,505 Games,0.5,0.07,0,0.04,0.61
16485,Dragon Ball Z for Kinect,X360,2012,Fighting,Namco Bandai Games,0.01,0,0,0,0.01
4240,Rygar: The Legendary Adventure,PS2,2002,Action,Wanadoo,0.2,0.15,0.06,0.05,0.46
10750,Reign of Fire,XB,2002,Shooter,BAM! Entertainment,0.07,0.02,0,0,0.1
13515,Chou Gekijoban Keroro Gunsou: Gekishin Dragon Warriors de Arimasu!,DS,2009,Action,Namco Bandai Games,0,0,0.04,0,0.04
5206,Jurassic Park,NES,1993,Action,Ocean,0.25,0.1,0,0.01,0.36
5078,Marvel Super Hero Squad,Wii,2009,Fighting,THQ,0.31,0.03,0,0.03,0.38
11269,Koudelka,PS,1999,Role-Playing,Atari,0.05,0.03,0,0.01,0.08
2312,Star Wars: The Force Unleashed,DS,2008,Action,LucasArts,0.51,0.29,0,0.09,0.9
11263,Tokimeki Memorial: Taisen Pazurudama,SAT,1996,Puzzle,Konami Digital Entertainment,0,0,0.08,0,0.08
6587,Tengai Makyou: Daishi no Mokushiroku - The Apocalypse IV,SAT,1997,Role-Playing,Hudson Soft,0,0,0.26,0,0.26
13995,NHL 16,PS3,2015,Sports,Electronic Arts,0,0.03,0,0.01,0.04
1937,LEGO Pirates of the Caribbean: The Video Game,X360,2011,Action,Disney Interactive Studios,0.54,0.42,0,0.1,1.07
4196,Commando,2600,1987,Action,Activision,0.44,0.02,0,0,0.47
9414,Shining Force III,SAT,1997,Strategy,Sega,0,0,0.13,0,0.13
2428,Ninja Gaiden Sigma 2,PS3,2009,Action,Ubisoft Annecy,0.52,0.16,0.08,0.1,0.86
8461,Armor Ambush,2600,1981,Action,Mattel Interactive,0.15,0.01,0,0,0.17
127,The Elder Scrolls V: Skyrim,PS3,2011,Role-Playing,Bethesda Softworks,2.55,2.71,0.25,1.05,6.56
4757,NBA 2K9,PS2,2008,Sports,Take-Two Interactive,0.34,0.01,0,0.06,0.41
2888,LEGO Harry Potter: Years 1-4,PSP,2010,Action,Warner Bros. Interactive Entertainment,0.14,0.37,0,0.19,0.71
9435,Chuck E. Cheese's Game Room,DS,2010,Misc,UFO Interactive,0.12,0,0,0.01,0.13
15761,Hands On! Tangrams,DS,2009,Puzzle,Storm City Games,0.02,0,0,0,0.02
2244,Pokken Tournament,WiiU,2016,Fighting,Namco Bandai Games,0.47,0.22,0.16,0.07,0.93
1127,Pikmin,GC,2001,Strategy,Nintendo,0.78,0.25,0.56,0.04,1.63
6249,Dead Rising 2: Off the Record,X360,2011,Action,Capcom,0.17,0.09,0,0.02,0.28
499,Need for Speed: Most Wanted,PS3,2012,Racing,Electronic Arts,0.71,1.51,0.06,0.61,2.89
16299,Legend of Kay Anniversary,WiiU,2015,Action,Nordic Games,0,0.01,0,0,0.01
4652,International Superstar Soccer Pro '98,PS,1998,Sports,Konami Digital Entertainment,0.02,0.02,0.35,0.03,0.42
7686,Tetris Worlds (Online Edition),XB,2003,Puzzle,THQ,0.15,0.04,0,0.01,0.2
11996,Crime Lab: Body of Evidence,DS,2010,Adventure,City Interactive,0.05,0.01,0,0,0.07
4104,Destroy All Humans! 2,PS2,2006,Action,THQ,0.4,0.02,0,0.07,0.48
6189,Disney's Treasure Planet,GBA,2002,Action,Ubisoft,0.2,0.07,0,0.01,0.28
15263,PopCap Hits!,X360,2011,Misc,PopCap Games,0,0.02,0,0,0.02
14116,XBLAZE Code: Embryo,PS3,2013,Adventure,Arc System Works,0.02,0,0.01,0,0.03
5503,Classic NES Series: Castlevania,GBA,2004,Platform,Nintendo,0.17,0.06,0.09,0.01,0.33
7253,NBA Live 09 All-Play,Wii,2008,Sports,Electronic Arts,0.19,0.01,0,0.02,0.22
12233,Streets of Rage 3,GEN,1993,Action,Sega,0,0,0.07,0,0.07
4914,Are You Smarter than a 5th Grader? Make the Grade,DS,2008,Misc,THQ,0.36,0,0,0.03,0.39
13230,Worms Reloaded,PC,2010,Strategy,Team17 Software,0,0.04,0,0.01,0.05
15724,"Hanayaka Kana, Ware ga Ichizoku: Tasogare Polarstar",PSP,2013,Adventure,Idea Factory,0,0,0.02,0,0.02
8452,Cubivore: Survival of the Fittest,GC,2002,Adventure,Nintendo,0.01,0,0.15,0,0.17
11505,Witches & Vampires: The Secrets of Ashburry,DS,2010,Adventure,DTP Entertainment,0.05,0.02,0,0.01,0.08
14406,Darkstalkers Resurrection,PS3,2013,Fighting,Capcom,0,0,0.03,0,0.03
3439,Mega Man X7,PS2,2003,Action,Capcom,0.22,0.17,0.14,0.06,0.58
2804,Kirby: Canvas Curse,DS,2005,Platform,Nintendo,0.37,0,0.32,0.04,0.73
1447,Samurai Warriors,PS2,2004,Action,Electronic Arts,0.22,0.05,1.06,0.02,1.35
11976,Harry Potter and the Sorcerer's Stone,XB,2003,Action,Electronic Arts,0.05,0.02,0,0,0.07
11132,El Tigre: The Adventures of Manny Rivera,DS,2007,Platform,THQ,0.08,0,0,0.01,0.09
16090,Major Dream: Major Wii Nagero! Gyroball!!,Wii,2008,Sports,Takara Tomy,0,0,0.01,0,0.01
13375,XBLAZE Code: Embryo,PSV,2013,Adventure,Arc System Works,0.03,0,0.01,0.01,0.05
3823,Return to Castle Wolfenstein: Operation Resurrection,PS2,2003,Shooter,Activision,0.26,0.2,0,0.07,0.53
16568,Teslagrad,PSV,2015,Platform,Rain Games,0,0.01,0,0,0.01
6117,Super Fire ProWrestling X,SNES,1995,Fighting,Human Entertainment,0,0,0.28,0,0.28
10811,SNK vs. Capcom Card Fighters DS,DS,2006,Strategy,Ignition Entertainment,0.09,0,0,0.01,0.1
7838,Naruto: Ninja Destiny,DS,2006,Fighting,Namco Bandai Games,0.02,0.01,0.16,0,0.19
14458,Kyokugen Dasshutsu ADV: Zennin Shiboudesu,3DS,2012,Adventure,ChunSoft,0,0,0.03,0,0.03
14888,Turbo: Super Stunt Squad,WiiU,2013,Sports,D3Publisher,0,0.02,0,0,0.03
10799,Digimon Story: Super Xros Wars Blue/Red,DS,2011,Role-Playing,Namco Bandai Games,0,0,0.1,0,0.1
11413,Seven Samurai 20XX,PS2,2004,Action,Sega,0.04,0.03,0,0.01,0.08
8686,Street Racer,PS,1996,Racing,Ubisoft,0.09,0.06,0,0.01,0.16
13410,Atelier Ayesha: The Alchemist of Dusk,PSV,2014,Role-Playing,Tecmo Koei,0,0,0.05,0,0.05
10362,Naruto Shippuden 3D: The New Era,3DS,2011,Action,505 Games,0,0.04,0.06,0.01,0.11
15171,Super Nazo Puyo Tsuu: Ruruu no Tetsuwan Hanjyouki,SNES,1996,Puzzle,Compile,0,0,0.02,0,0.02
4523,Mega Man Zero 2,GBA,2003,Platform,Capcom,0.18,0.07,0.17,0.01,0.43
979,Dragon's Dogma,PS3,2012,Role-Playing,Capcom,0.41,0.46,0.72,0.19,1.78
16025,Wiffle Ball Advance,DS,2007,Sports,Zoo Digital Publishing,0.01,0,0,0,0.01
13592,SPRay,Wii,2008,Action,Tecmo Koei,0.04,0,0,0,0.04
4943,Sesame Street: Elmo's A-to-Zoo Adventure,Wii,2010,Misc,Warner Bros. Interactive Entertainment,0.37,0,0,0.02,0.39
13902,Crypt Killer,PS,1997,Shooter,Konami Digital Entertainment,0.02,0.01,0,0,0.04
9413,Pro Baseball Spirits 2015,PSV,2015,Action,Konami Digital Entertainment,0,0,0.13,0,0.13
10417,Brunswick Circuit Pro Bowling 2,PS,2000,Sports,THQ,0.06,0.04,0,0.01,0.11
7112,NCAA Football 09,PSP,2008,Sports,Electronic Arts,0.21,0,0,0.02,0.23
12471,Salt Lake 2002,GBA,2002,Sports,Ubisoft,0.04,0.02,0,0,0.06
16259,Conflict: Denied Ops,PC,2008,Shooter,Eidos Interactive,0,0.01,0,0,0.01
12013,Ghost in the Shell: Stand Alone Complex,PSP,2005,Adventure,Atari,0.06,0,0,0.01,0.07
11955,Rock Band Track Pack: Classic Rock,X360,2009,Misc,MTV Games,0.07,0,0,0.01,0.07
15978,You Don't Know Jack,PC,1995,Misc,Vivendi Games,0.01,0,0,0,0.02
10135,Home Run King,GC,2002,Sports,Sega,0.09,0.02,0,0,0.11
4929,SSX 3,XB,2003,Sports,Electronic Arts,0.29,0.08,0,0.01,0.39
13927,Minna no Chizu,PSP,2006,Misc,Zenrin,0,0,0.04,0,0.04
6606,Doukyuusei if,SAT,1996,Role-Playing,NEC,0,0,0.26,0,0.26
10489,Rome: Total War,PC,2004,Strategy,Activision,0,0.08,0,0.02,0.1
13510,Sébastien Loeb Rally Evo,PS4,2016,Racing,Milestone S.r.l,0,0.04,0,0.01,0.04
5497,Night at the Museum: Battle of the Smithsonian,Wii,2009,Action,Majesco Entertainment,0.17,0.13,0,0.03,0.33
12857,7 Wonders: Treasures of Seven,DS,2011,Puzzle,Avanquest,0.02,0.03,0,0.01,0.05
7257,Tamagotchi no KiraKira Omisecchi,DS,2008,Misc,Namco Bandai Games,0,0,0.22,0,0.22
5303,Angry Birds Star Wars,Wii,2013,Strategy,Activision,0.21,0.1,0,0.03,0.35
14653,Puzzle Challenge: Crosswords and More!,Wii,2009,Puzzle,Crave Entertainment,0.03,0,0,0,0.03
13232,Koihime Musou,PS2,2008,Adventure,Yeti,0,0,0.05,0,0.05
10998,NASCAR: Dirt to Daytona,GC,2002,Racing,Infogrames,0.07,0.02,0,0,0.09
14247,Rugby League Live 3,PS3,2015,Action,Tru Blu Entertainment,0,0.03,0,0,0.03
8842,Samurai Shodown Anthology,PS2,2008,Fighting,Ignition Entertainment,0.07,0.06,0,0.02,0.15
7388,Hidden Mysteries: Titanic - Secrets of the Fateful Voyage,Wii,2009,Adventure,GSP,0.12,0.07,0,0.02,0.21
7278,Wreckless: ThE YaKuza MisSiOns,PS2,2002,Racing,Activision,0.11,0.08,0,0.03,0.22
5998,Shin Megami Tensei: Strange Journey,DS,2009,Role-Playing,Atlus,0.14,0,0.14,0.01,0.29
10400,Shovel Knight,WiiU,2015,Platform,Yacht Club Games,0.06,0.04,0,0.01,0.11
10493,Syberia,XB,2003,Action,Microids,0.08,0.02,0,0,0.1
14848,Bookworm,GBA,2004,Puzzle,Unknown,0.02,0.01,0,0,0.03
7697,Backyard Hockey,GBA,2003,Sports,Atari,0.14,0.05,0,0,0.2
9872,Fit in Six,Wii,2011,Sports,Ubisoft,0.11,0,0,0.01,0.12
7252,Capcom vs. SNK,DC,2000,Fighting,Virgin Interactive,0,0,0.22,0,0.22
4694,Wheel of Fortune: 2nd Edition,PS,2000,Misc,Hasbro Interactive,0.23,0.16,0,0.03,0.41
3086,Gods Eater Burst,PSP,2010,Action,Namco Bandai Games,0.03,0,0.62,0,0.66
5650,Ultimate Fighting Championship: Throwdown,PS2,2002,Fighting,Ubisoft,0.16,0.12,0,0.04,0.32
3068,Puzzler Brain Games,Wii,2012,Puzzle,Namco Bandai Games,0,0,0.66,0,0.66
11887,Fantasia: Music Evolved,X360,2014,Misc,Disney Interactive Studios,0.05,0.01,0,0.01,0.07
9566,Shining Wind,PS2,2007,Role-Playing,Sega,0,0,0.13,0,0.13
3682,Jak X: Combat Racing,PS2,2005,Racing,Sony Computer Entertainment,0.45,0.02,0,0.07,0.55
8477,Leisure Suit Larry: Box Office Bust,X360,2009,Adventure,Codemasters,0.14,0.01,0,0.01,0.16
7022,Gundam Battle Assault,PS,1998,Fighting,Namco Bandai Games,0.13,0.09,0,0.02,0.23
14575,Hayate no Gotoku! Nightmare Paradise,PSP,2009,Adventure,Konami Digital Entertainment,0,0,0.03,0,0.03
9501,RollerCoaster Tycoon,XB,2003,Strategy,Atari,0.1,0.03,0,0,0.13
15925,Gaku ? Ou: The Royal Seven Stars,PSP,2012,Role-Playing,Alchemist,0,0,0.02,0,0.02
9335,Backyard Soccer,PS,2001,Sports,Infogrames,0.07,0.05,0,0.01,0.13
9186,Monster Hunter Diary: Poka Poka Airou Village DX,3DS,2015,Action,Capcom,0,0,0.14,0,0.14
10722,Famicom Mini: Famicom Tantei Club Part II - Ushiro ni Tatsu Shoujo Zenkouhen,GBA,2004,Adventure,Nintendo,0,0,0.1,0,0.1
10798,thinkSMART,DS,2010,Misc,Conspiracy Entertainment,0.09,0,0,0.01,0.1
6256,Armored Core: Project Phantasma,PS,1997,Simulation,From Software,0.06,0.04,0.15,0.02,0.28
12569,Oddworld: Munch's Oddysee,GBA,2003,Platform,THQ,0.04,0.02,0,0,0.06
7060,Neopets Puzzle Adventure,Wii,2008,Puzzle,Capcom,0.19,0.02,0,0.02,0.23
7753,Sniper Elite,PS2,2005,Shooter,Ubisoft,0.1,0.07,0,0.02,0.19
16426,SoniPro,3DS,2014,Adventure,imageepoch Inc.,0,0,0.01,0,0.01
6972,NASCAR Thunder 2004,XB,2003,Racing,Electronic Arts,0.18,0.05,0,0.01,0.23
10203,Soma Bringer,DS,2008,Role-Playing,Nintendo,0,0,0.11,0,0.11
3280,Toshochu: Run for Money,3DS,2012,Adventure,Namco Bandai Games,0,0,0.62,0,0.62
772,Far Cry: Primal,PS4,2016,Action,Ubisoft,0.59,1.16,0.06,0.33,2.13
11280,"Sesame Street: Ready, Set, Grover!",DS,2011,Misc,Warner Bros. Interactive Entertainment,0.08,0,0,0.01,0.08
5442,Operation Flashpoint: Red River,PS3,2011,Shooter,Codemasters,0.06,0.15,0.07,0.05,0.33
8979,BMX XXX,PS2,2002,Sports,Acclaim Entertainment,0.07,0.06,0,0.02,0.15
10569,KORG DS-10 Synthesizer Plus,DS,2009,Misc,AQ Interactive,0.08,0,0.02,0.01,0.1
8080,Super Robot Taisen UX,3DS,2013,Role-Playing,Namco Bandai Games,0,0,0.18,0,0.18
10776,InuYasha: Secret of the Divine Jewel,DS,2007,Role-Playing,Namco Bandai Games,0.09,0,0,0.01,0.1
11012,Disney Art Academy,3DS,2016,Action,Nintendo,0.01,0.01,0.07,0,0.09
9228,NBA 2K13,WiiU,2012,Sports,Take-Two Interactive,0.08,0.04,0,0.01,0.14
8352,Sid Meier's Civilization IV,PC,2005,Strategy,Take-Two Interactive,0.02,0.12,0,0.03,0.17
851,Super Street Fighter II,SNES,1993,Fighting,Nintendo,0.52,0.16,1.29,0.03,2
11199,Major League Baseball 2K7,PSP,2007,Sports,Take-Two Interactive,0.08,0,0,0.01,0.09
2241,Cars,GC,2006,Racing,THQ,0.72,0.19,0,0.03,0.93
14968,Chili Con Carnage,PSP,2007,Shooter,Eidos Interactive,0,0.02,0,0.01,0.02
3819,Silent Hill: Origins,PSP,2007,Action,Konami Digital Entertainment,0.22,0.16,0.04,0.1,0.53
3684,Are You Smarter than a 5th Grader? Make the Grade,Wii,2008,Misc,THQ,0.51,0,0,0.04,0.55
11859,Blood Drive,PS3,2010,Racing,Activision,0.07,0,0,0,0.07
2390,Kingdoms of Amalur: Reckoning,PS3,2012,Role-Playing,Electronic Arts,0.37,0.3,0.09,0.11,0.87
16594,Myst IV: Revelation,PC,2004,Adventure,Ubisoft,0.01,0,0,0,0.01
261,Halo 5: Guardians,XOne,2015,Shooter,Microsoft Game Studios,2.64,1.2,0.03,0.39,4.26
6303,Jikkyou Powerful Pro Yakyuu Portable 4,PSP,2009,Sports,Konami Digital Entertainment,0,0,0.27,0,0.27
14193,Romance of the Three Kingdoms (3DS),3DS,2013,Strategy,Tecmo Koei,0,0,0.03,0,0.03
11360,Gundam the 3D Battle,3DS,2011,Action,Namco Bandai Games,0,0,0.08,0,0.08
9940,Nightshade,PS2,2003,Action,Sega,0.06,0.04,0,0.01,0.12
13200,Pinball Tycoon,GBA,2002,Misc,Ignition Entertainment,0.03,0.01,0,0,0.05
7188,Bust-A-Move 4,PS,1998,Puzzle,Acclaim Entertainment,0.12,0.08,0,0.01,0.22
12032,Disney's Winnie the Pooh's Rumbly Tumbly Adventure,GC,2005,Platform,Ubisoft,0.05,0.01,0,0,0.07
1581,Wheel of Fortune,PS,1998,Misc,Hasbro Interactive,0.99,0.22,0,0.04,1.26
13753,Resident Evil: Operation Raccoon City,PC,2012,Action,Capcom,0,0.03,0,0.01,0.04
16245,F.E.A.R. Perseus Mandate,PC,2007,Shooter,Vivendi Games,0.01,0,0,0,0.01
15314,The King of Fighters NeoWave,XB,2006,Fighting,SNK Playmore,0.02,0,0,0,0.02
11913,Moxie Girlz,DS,2011,Misc,GameMill Entertainment,0.07,0,0,0,0.07
7174,Ford vs. Chevy,PS2,2005,Racing,Global Star,0.11,0.09,0,0.03,0.22
15070,Nanatsuiro * Drops Pure!!,PS2,2007,Adventure,Media Works,0,0,0.02,0,0.02
9519,Farming Simulator 2011,PC,2010,Simulation,N/A,0,0.13,0,0,0.13
2399,Fight Night Round 2,PS2,2005,Fighting,Electronic Arts,0.72,0.03,0,0.12,0.87
13195,Houkago Shounen,DS,2008,Misc,Konami Digital Entertainment,0,0,0.05,0,0.05
1884,Empire: Total War,PC,2009,Strategy,Sega,0.01,0.97,0,0.11,1.09
13064,Pet Pals: New Leash on Life,DS,2010,Simulation,Destineer,0.05,0,0,0,0.05
2074,Dynasty Warriors 3: Xtreme Legends,PS2,2002,Action,Tecmo Koei,0.13,0.1,0.74,0.03,1
4062,"Transformers: Revenge of the Fallen (XBox 360, PS3, & PC Versions)",PS2,2009,Shooter,Activision,0.25,0.01,0,0.22,0.49
8245,Smash Court Tennis Pro Tournament,PS2,2002,Sports,Sony Computer Entertainment,0.08,0.07,0,0.02,0.17
12080,Motor Toon Grand Prix (Japan),PS,1994,Racing,Sony Computer Entertainment,0,0,0.06,0,0.07
13824,The Chase: Felix Meets Felicity,DS,2009,Action,Atari,0.04,0,0,0,0.04
5694,Resident Evil Archives: Resident Evil,Wii,2008,Action,Capcom,0.17,0.04,0.08,0.02,0.32
11414,10 Minute Solution,Wii,2010,Sports,Activision,0.06,0.01,0,0.01,0.08
10160,18 Wheels of Steel: Extreme Trucker 2,PC,2011,Racing,Rondomedia,0.08,0.02,0,0.01,0.11
13459,Danny Phantom: Urban Jungle,DS,2006,Action,THQ,0.04,0,0,0,0.04
7474,The Naked Brothers Band: The Video Game,Wii,2008,Misc,THQ,0.19,0,0,0.01,0.21
13785,Mission: Impossible - Operation Surma,GBA,2003,Platform,Atari,0.03,0.01,0,0,0.04
12277,My Pet Shop,DS,2008,Simulation,Square Enix,0.06,0,0,0,0.06
2201,Rocksmith 2014,X360,2013,Misc,Ubisoft,0.69,0.17,0,0.08,0.94
5278,SpongeBob's Boating Bash,Wii,2010,Misc,THQ,0.25,0.07,0,0.03,0.35
2940,Fire Emblem: Monsh? no Nazo,SNES,1994,Role-Playing,Nintendo,0,0,0.7,0,0.7
10639,International Superstar Soccer 64 (weekly JP sales),N64,1997,Sports,Konami Digital Entertainment,0,0,0.05,0.05,0.1
14576,NBA 08,PSP,2007,Sports,Sony Computer Entertainment,0.03,0,0,0,0.03
8096,FIFA Soccer 11,PC,2010,Sports,Electronic Arts,0,0.14,0,0.04,0.18
11147,MLB 2K9 Fantasy All-Stars,DS,2009,Sports,Take-Two Interactive,0.08,0,0,0.01,0.09
14339,Dragon's Dogma Online,PS3,2015,Role-Playing,Capcom,0,0,0.03,0,0.03
16504,"Transformers: War for Cybertron (XBox 360, PS3, & PC Versions)",PC,2010,Shooter,Activision,0.01,0,0,0,0.01
8271,ESPN Final Round Golf 2002,GBA,2001,Sports,Konami Digital Entertainment,0.12,0.05,0,0,0.17
13635,Company of Heroes: Tales of Valor,PC,2009,Strategy,THQ,0,0.03,0,0.01,0.04
15832,Phoenix Wright: Ace Attorney Trilogy,3DS,2014,Adventure,Capcom,0,0,0.02,0,0.02
5644,Karaoke Revolution Volume 3,PS2,2004,Misc,Konami Digital Entertainment,0.16,0.12,0,0.04,0.32
8336,James Cameron's Dark Angel,PS2,N/A,Action,Universal Interactive,0.08,0.07,0,0.02,0.17
7409,Cabela's Deer Hunt: 2004 Season,XB,2003,Sports,Activision Value,0.16,0.05,0,0.01,0.21
706,TOCA Touring Car Championship,PS,1997,Racing,Codemasters,0.07,2,0.02,0.18,2.28
4574,Valkyrie Profile: Covenant of the Plume,DS,2008,Role-Playing,Square Enix,0.23,0.02,0.16,0.02,0.42
1897,SpongeBob SquarePants: Revenge of the Flying Dutchman,PS2,2002,Platform,THQ,0.53,0.41,0,0.14,1.08
14383,Doodle Hex,DS,2008,Puzzle,Pinnacle,0,0.03,0,0,0.03
13264,Rugby 06,PS2,2006,Sports,Electronic Arts,0.02,0.02,0,0.01,0.05
10152,Capcom vs. SNK 2 EO,GC,2002,Fighting,Capcom,0.09,0.02,0,0,0.11
6462,Aikatsu! 2-nin no My Princess,3DS,2013,Action,Namco Bandai Games,0,0,0.26,0,0.26
13852,Blood Bowl,PC,2009,Sports,Focus Home Interactive,0.01,0.02,0,0.01,0.04
2098,Midnight Club: LA Remix,PSP,2008,Racing,Take-Two Interactive,0.52,0.28,0,0.19,0.99
10679,College Hoops 2K6,XB,2005,Sports,Take-Two Interactive,0.07,0.02,0,0,0.1
1060,NBA 2K15,XOne,2014,Sports,Take-Two Interactive,1.36,0.18,0,0.15,1.69
15201,Darksiders,PS3,2010,Action,THQ,0.01,0.01,0,0,0.02
12587,3D Lemmings,PS,1995,Puzzle,Psygnosis,0.03,0.02,0,0,0.06
7326,NBA,PSP,2005,Sports,Sony Computer Entertainment,0.2,0,0,0.02,0.21
484,Street Fighter IV,X360,2009,Fighting,Capcom,1.82,0.71,0.15,0.26,2.95
13234,NBA 2K17,PS3,2016,Sports,Take-Two Interactive,0.03,0.01,0,0.01,0.05
4381,Mobile Suit Gundam,PS,1995,Action,Namco Bandai Games,0,0,0.42,0.03,0.45
13175,Smart Kid's Party Fun Pak,DS,2008,Misc,UFO Interactive,0.05,0,0,0,0.05
16348,Ultimate Board Game Collection,PS2,2006,Misc,Xplosiv,0.01,0,0,0,0.01
14924,Otometeki Koi Kakumei * Love Revo! Portable,PSP,2010,Adventure,Idea Factory,0,0,0.02,0,0.02
2723,True Crime: New York City,PS2,2005,Action,Activision,0.57,0.02,0.07,0.09,0.76
12681,Yomawari,PSV,2015,Adventure,Nippon Ichi Software,0,0,0.06,0,0.06
1772,Qix,GB,1990,Puzzle,Nintendo,0.51,0.2,0.41,0.03,1.15
3051,"The Chronicles of Narnia: The Lion, The Witch and The Wardrobe",GBA,N/A,Action,Disney Interactive Studios,0.48,0.18,0,0.01,0.67
8159,Twisted Metal: Small Brawl,PS,N/A,Action,Unknown,0.1,0.07,0,0.01,0.18
10751,Descent Maximum,PS,1997,Shooter,Interplay Productions,0.05,0.04,0,0.01,0.1
2805,Croc 2,PS,1999,Platform,Fox Interactive,0.41,0.28,0,0.05,0.73
1299,Xenogears,PS,1998,Role-Playing,SquareSoft,0.29,0.19,0.89,0.1,1.46
3210,Cabela's Big Game Hunter (2008),Wii,2007,Sports,Activision,0.58,0,0,0.05,0.63
11435,"3 in 1: Solitaire, Mahjong & Tangram",DS,2010,Misc,Deep Silver,0,0.07,0,0.01,0.08
5062,ZhuZhu Pets: Featuring The Wild Bunch,Wii,2010,Simulation,Activision,0.32,0.03,0,0.03,0.38
2496,Sly 3: Honor Among Thieves,PS2,2005,Platform,Sony Computer Entertainment,0.69,0.03,0,0.11,0.83
1305,Triple Play 99,PS,N/A,Sports,N/A,0.81,0.55,0,0.1,1.46
14746,RollerCoaster Tycoon 2: Triple Thrill Pack,PC,2003,Strategy,Atari,0,0.02,0,0.01,0.03
3712,Minecraft: Story Mode,XOne,2015,Adventure,Mojang,0.29,0.21,0,0.05,0.54
4778,My Virtual Tutor: Reading Adventure First to Second Grade,DS,2009,Misc,Mentor Interactive,0.38,0,0,0.03,0.41
2209,Destroy All Humans!,PS2,2005,Shooter,THQ,0.78,0.03,0,0.13,0.94
13563,Starry ? Sky: After Spring,PSP,2009,Misc,Aqua Plus,0,0,0.04,0,0.04
16235,Zero no Tsukaima: Maigo no Period to Ikusen no Symphony,PS2,2008,Adventure,Marvelous Interactive,0,0,0.01,0,0.01
4132,Spider-Man 3,Wii,2007,Platform,Activision,0.42,0.02,0,0.04,0.48
10294,The Godfather: Mob Wars,PSP,2006,Action,Electronic Arts,0.09,0.01,0,0.01,0.11
9012,Fox Sports Golf '99,PS,1997,Sports,Gremlin Interactive Ltd,0.08,0.05,0,0.01,0.14
15667,Rabbids Invasion: The Interactive TV Show,PS4,2014,Misc,Ubisoft,0,0.01,0,0,0.02
2744,San Francisco Rush: Extreme Racing,N64,1997,Racing,GT Interactive,0.63,0.11,0,0.01,0.75
5496,Super Power League 2,SNES,1994,Sports,Hudson Soft,0,0,0.33,0,0.33
14956,Cold War,XB,2005,Shooter,DreamCatcher Interactive,0.02,0.01,0,0,0.02
8289,MX World Tour Featuring Jamie Little,PS2,2005,Racing,Play It,0.08,0.07,0,0.02,0.17
5741,Metro: Last Light,XOne,2014,Action,Deep Silver,0.15,0.13,0,0.03,0.31
12316,Rayman: Hoodlum's Revenge,GBA,2005,Platform,Ubisoft,0.05,0.02,0,0,0.06
5013,NCAA Football 08,PS3,2007,Sports,Electronic Arts,0.35,0,0,0.03,0.38
7935,Doctor Who: Return to Earth,Wii,2010,Adventure,Asylum Entertainment,0,0.16,0,0.02,0.19
1702,Final Fantasy I & II: Dawn of Souls,GBA,2004,Role-Playing,Nintendo,0.64,0.24,0.29,0.02,1.19
5255,Monopoly,PS3,2008,Misc,Electronic Arts,0.25,0.06,0,0.04,0.36
14605,Girls Only,DS,2010,Simulation,Foreign Media Games,0.03,0,0,0,0.03
1996,ATV: Quad Power Racing,PS,2000,Racing,Acclaim Entertainment,0.58,0.39,0,0.07,1.04
7454,LEGO The Hobbit,PSV,2014,Action,Warner Bros. Interactive Entertainment,0.03,0.13,0,0.05,0.21
630,Final Fantasy V,SNES,1992,Role-Playing,SquareSoft,0,0,2.43,0.02,2.45
9701,NASCAR 2005: Chase for the Cup,GC,2004,Racing,Electronic Arts,0.1,0.02,0,0,0.12
11406,Ninjabread Man,Wii,2007,Action,Popcorn Arcade,0.07,0,0,0.01,0.08
6205,Dragon Quest Heroes II: Twin Kings and the Prophecy's End,PS4,2016,Action,Square Enix,0,0,0.28,0,0.28
1364,Dead Space,X360,2008,Action,Electronic Arts,0.89,0.4,0,0.13,1.42
7395,Darkwatch,XB,2005,Shooter,Ubisoft,0.16,0.05,0,0.01,0.21
3984,Alice in Wonderland,DS,2010,Adventure,Disney Interactive Studios,0.27,0.18,0,0.05,0.5
7105,Hooked! Real Motion Fishing,Wii,2007,Sports,505 Games,0.21,0,0,0.02,0.23
4423,Van Helsing,PS2,2004,Action,Activision,0.22,0.17,0,0.06,0.44
11606,Medabots Dual: Kabuto / Kuwagata,3DS,2013,Role-Playing,Rocket Company,0,0,0.08,0,0.08
1388,Battlefield 4,PC,2013,Shooter,Electronic Arts,0.38,0.86,0,0.16,1.4
441,FIFA Soccer 08,PS2,2007,Sports,Electronic Arts,0.68,0,0,2.46,3.14
11485,Tomb Raider: Underworld,PC,2008,Action,Eidos Interactive,0,0.06,0,0.02,0.08
2475,ESPN College Hoops 2K5,PS2,2004,Sports,Sega,0.41,0.32,0,0.11,0.84
542,The Sims,PS2,2003,Simulation,Electronic Arts,1.41,1.12,0,0.24,2.77
3414,Extreme-G,N64,1997,Racing,Acclaim Entertainment,0.47,0.11,0,0.01,0.59
16251,Gokuhou!! Mecha Mote Iinchou: Girls Motekawa Box,DS,2009,Simulation,Konami Digital Entertainment,0,0,0.01,0,0.01
6702,Caesars Palace II,PS,1998,Misc,Interplay,0.14,0.09,0,0.02,0.25
2971,The Sims: Medieval,PC,2011,Simulation,Electronic Arts,0.27,0.32,0,0.1,0.69
3573,"Monsters, Inc. Scream Team",PS,2001,Platform,Sony Computer Entertainment,0.31,0.21,0,0.04,0.56
6018,Mega Man X8,PS2,2004,Platform,Capcom,0.14,0.11,0,0.04,0.29
10457,Frogger: Ancient Shadow,PS2,2005,Platform,Konami Digital Entertainment,0.05,0.04,0,0.01,0.1
11785,PhotoKano,PSV,2013,Adventure,Kadokawa Shoten,0,0,0.07,0,0.07
12333,Cel Damage,GC,2002,Racing,Electronic Arts,0.05,0.01,0,0,0.06
1796,Super R.C. Pro-Am,GB,1991,Racing,Nintendo,0.58,0.37,0.15,0.04,1.14
5798,South Park: Chef's Luv Shack,PS,1998,Misc,Acclaim Entertainment,0.17,0.12,0,0.02,0.31
10330,The Cheetah Girls: Pop Star Sensations,DS,2007,Misc,Disney Interactive Studios,0.1,0,0,0.01,0.11
5965,NieR,X360,2010,Role-Playing,Square Enix,0.13,0.1,0.04,0.02,0.29
12355,Land of the Dead: Road to Fiddler's Green,XB,2005,Shooter,Groove Games,0.05,0.01,0,0,0.06
11432,Adventure Time: The Secret of the Nameless Kingdom,3DS,2014,Action,Little Orbit,0,0.07,0,0,0.08
3723,Tales of Symphonia,PS3,2013,Role-Playing,Namco Bandai Games,0.21,0.13,0.13,0.06,0.54
14740,Frogger: Ancient Shadow,XB,2005,Platform,Konami Digital Entertainment,0.02,0.01,0,0,0.03
11294,Captain Tsubasa: New Kick Off,DS,2010,Sports,Konami Digital Entertainment,0,0.02,0.06,0,0.08
3608,Madagascar: Escape 2 Africa,Wii,2008,Action,Activision,0.32,0.18,0,0.05,0.56
7262,Guitar Hero: Smash Hits,PS2,2009,Misc,Activision,0.11,0.01,0,0.1,0.22
14461,Pet Alien: An Intergalactic Puzzlepalooza,DS,2007,Action,Game Factory,0.03,0,0,0,0.03
3406,Naruto: The Broken Bond,X360,2008,Action,Ubisoft,0.24,0.28,0,0.07,0.59
11737,Wizardry: Llylgamyn Saga,PS,1998,Role-Playing,Locus,0,0,0.07,0,0.07
16005,Red Stone DS: Akaki Ishi ni Michibikareshi Monotachi,DS,2011,Role-Playing,Unknown,0,0,0.01,0,0.01
2448,NFL GameDay,PS,1995,Sports,Sony Computer Entertainment,0.47,0.32,0,0.06,0.85
2889,Tactics Ogre: Let Us Cling Together,SNES,1995,Role-Playing,Quest,0,0,0.71,0,0.71
14375,Sitting Ducks,GBA,2003,Platform,LSP Games,0.02,0.01,0,0,0.03
4503,SSX Tricky,XB,2001,Sports,Electronic Arts,0.32,0.09,0,0.02,0.43
14349,Hiiro no Kakera 2: Hisui no Shizuku,PS2,2007,Adventure,Idea Factory,0,0,0.03,0,0.03
13473,Guilty Gear XX Accent Core,PS2,2007,Fighting,Unknown,0,0,0.04,0,0.04
12066,My Horse & Me: Riding for Gold,DS,2008,Sports,Atari,0.05,0.01,0,0.01,0.07
7187,Super Adventure Island,SNES,1992,Platform,Hudson Soft,0,0,0.22,0,0.22
7298,Summer Athletics: The Ultimate Challenge (Others sales),Wii,2008,Sports,DTP Entertainment,0,0.2,0,0.01,0.22
3645,The Activision Decathlon,2600,1982,Sports,Activision,0.52,0.03,0,0.01,0.55
4449,Gundam SEED: Federation vs. Z.A.F.T.,PS2,2005,Shooter,Namco Bandai Games,0,0,0.44,0,0.44
6986,Pro Yakyuu Team o Tsukurou!,DC,1999,Sports,Sega,0,0,0.23,0,0.23
14408,Highschool Terra Story,SAT,1998,Adventure,KID,0,0,0.03,0,0.03
3854,Cars Toon: Mater's Tall Tales,Wii,2010,Misc,Disney Interactive Studios,0.46,0.02,0,0.03,0.52
327,Ratchet & Clank: Size Matters,PSP,2007,Platform,Sony Computer Entertainment,1.4,1.4,0.1,0.87,3.77
11004,Damnation,PS3,2009,Shooter,Codemasters,0.07,0.01,0,0.01,0.09
14486,Cabela's Big Game Hunter: Pro Hunts,PS3,2014,Shooter,Activision,0.03,0,0,0,0.03
1457,Test Drive,PS2,2002,Racing,Atari,0.95,0.21,0.01,0.18,1.34
12712,Constantine,XB,2005,Action,SCi,0.04,0.01,0,0,0.06
15430,The Sims 2: Family Fun Stuff,PC,2006,Simulation,Electronic Arts,0,0.01,0,0,0.02
1849,Guitar Hero 5,PS3,2009,Misc,Activision,0.53,0.4,0,0.17,1.1
11981,Wallace & Gromit in Project Zoo,GC,2003,Platform,BAM! Entertainment,0.05,0.01,0,0,0.07
2551,Lego Batman 3: Beyond Gotham,PS3,2014,Action,Warner Bros. Interactive Entertainment,0.33,0.35,0,0.13,0.81
7939,Bolt,PS3,2008,Adventure,Disney Interactive Studios,0.12,0.05,0,0.02,0.19
1026,Destiny,PS3,2014,Shooter,Activision,0.67,0.66,0.12,0.27,1.73
8437,Midway Arcade Treasures,GC,2003,Misc,Midway Games,0.13,0.03,0,0,0.17
5988,NBA Street V3,GC,2005,Sports,Electronic Arts,0.23,0.06,0,0.01,0.29
5269,Backyard Baseball 2006,GBA,2005,Sports,Atari,0.25,0.09,0,0.01,0.35
758,Your Shape featuring Jenny McCarthy,Wii,2009,Sports,Ubisoft,1.51,0.47,0,0.18,2.16
9138,Just Cause 3,PC,2015,Action,Square Enix,0.03,0.11,0,0.01,0.14
13416,Yoru no Nai Kuni,PS3,2015,Role-Playing,Tecmo Koei,0,0,0.05,0,0.05
8882,Jaws Unleashed,XB,2006,Action,THQ,0.11,0.03,0,0.01,0.15
4212,NHL 15,X360,2014,Sports,Electronic Arts,0.35,0.07,0,0.04,0.47
8753,NHL 17,XOne,2016,Sports,Electronic Arts,0.13,0.01,0,0.02,0.15
7996,Phantasy Star Online Ver. 2,DC,2001,Role-Playing,Sega,0,0,0.19,0,0.19
4135,Tomb Raider: Underworld,Wii,2008,Action,Eidos Interactive,0.14,0.28,0,0.06,0.48
2494,Mega Man Legends,PS,1997,Adventure,Capcom,0.39,0.26,0.12,0.05,0.83
6258,Kobitodzukan: Kobito Kansatsu Set,3DS,2012,Misc,Nippon Columbia,0,0,0.28,0,0.28
5457,Untold Legends: The Warriors Code,PSP,2006,Role-Playing,Ubisoft,0.14,0.12,0,0.08,0.33
5856,Blazing Heroes,SAT,1995,Role-Playing,Sega,0,0,0.3,0,0.3
7013,Rock Band Country Track Pack,X360,2009,Misc,MTV Games,0.22,0,0,0.02,0.23
388,LittleBigPlanet 2,PS3,2011,Platform,Sony Computer Entertainment,1.82,1.07,0.06,0.47,3.42
10103,Fabulous Finds,DS,2009,Puzzle,ValuSoft,0.1,0,0,0.01,0.11
13717,Haunted Casino,SAT,1996,Adventure,Societa,0,0,0.04,0,0.04
2587,Super Robot Taisen α,PS,2000,Strategy,Banpresto,0,0,0.75,0.05,0.8
11534,World Series of Poker 2008: Battle for the Bracelets,X360,2007,Misc,Activision,0.06,0.01,0,0.01,0.08
14215,K-On! After School Live!! HD Ver.,PS3,2012,Action,Sega,0,0,0.03,0,0.03
7192,Galactic Wrestling: Featuring Ultimate Muscle,PS2,2004,Fighting,Namco Bandai Games,0.03,0.02,0.17,0.01,0.22
6221,Sesame Street: Cookie's Counting Carnival,DS,2010,Misc,Warner Bros. Interactive Entertainment,0.26,0,0,0.02,0.28
5647,Street Fighter Alpha 2,SAT,1995,Fighting,Virgin Interactive,0,0,0.32,0,0.32
8073,Trinity Universe,PS3,2009,Role-Playing,Nippon Ichi Software,0.07,0.06,0.03,0.02,0.18
369,Spyro 2: Ripto's Rage!,PS,1999,Platform,Sony Computer Entertainment,2.14,1.21,0.01,0.17,3.52
9739,Summon Night 3,PSP,2012,Role-Playing,Namco Bandai Games,0,0,0.12,0,0.12
4536,Petz Bunnyz,DS,2008,Simulation,Ubisoft,0.39,0.01,0,0.03,0.43
7328,Pro Yakyuu Greatest Nine '97,SAT,1997,Sports,Sega,0,0,0.21,0,0.21
8119,Dark Souls II,PC,2014,Role-Playing,Namco Bandai Games,0.08,0.08,0,0.02,0.18
6160,Godzilla: Domination!,GBA,2002,Fighting,Atari,0.2,0.07,0,0.01,0.28
9417,WWE Survivor Series,GBA,2004,Fighting,THQ,0.09,0.04,0,0,0.13
1304,Wall-E,DS,2008,Platform,THQ,0.46,0.83,0,0.17,1.46
7805,Jeep Thrills,Wii,2008,Racing,Zoo Digital Publishing,0.18,0,0,0.01,0.19
13876,Harry Potter and the Order of the Phoenix,PC,2007,Action,Electronic Arts,0,0.03,0,0.01,0.04
13472,Tomoyo After: It's a Wonderful Life CS Edition,PSP,2009,Adventure,Prototype,0,0,0.04,0,0.04
2734,WWE SmackDown vs. Raw 2009,PSP,2008,Fighting,THQ,0.41,0.21,0,0.14,0.75
9958,Tokyo Twilight Ghost Hunters,PSV,2014,Role-Playing,Aksys Games,0.06,0.01,0.02,0.02,0.12
12747,"Hisshou Pachinko*Pachi-Slot Kouryaku Series Vol. 11: Shinseiki Evangelion - Magokoro o, Kimi ni",PS2,2007,Misc,D3Publisher,0,0,0.06,0,0.06
11146,The Ant Bully,Wii,2006,Platform,Midway Games,0.08,0,0,0.01,0.09
3821,Wayne Gretzky's 3D Hockey,N64,1996,Sports,Nintendo,0.49,0.03,0,0,0.53
6506,TouchMaster 3(Others sales),DS,2009,Puzzle,Warner Bros. Interactive Entertainment,0,0.24,0,0.02,0.26
1985,Sonic the Hedgehog,X360,2006,Platform,Sega,0.44,0.49,0,0.11,1.05
12531,I Love Beauty: Hollywood Makeover,DS,2009,Misc,City Interactive,0.06,0,0,0,0.06
14173,Criminal Girls 2,PSV,2015,Role-Playing,Nippon Ichi Software,0,0,0.03,0,0.03
3729,NHL 14,X360,2013,Sports,Electronic Arts,0.4,0.1,0,0.04,0.54
12450,Hisshou Pachinko*Pachi-Slot Kouryaku Series Portable Vol. 1: Shinseiki Evangelion - Tamashii no Kiseki,PSP,2010,Misc,D3Publisher,0,0,0.06,0,0.06
13336,Cabela's African Safari,PSP,2006,Sports,Activision Value,0.04,0,0,0,0.05
32,Call of Duty: Black Ops,X360,2010,Shooter,Activision,9.67,3.73,0.11,1.13,14.64
1580,Ratatouille,DS,2007,Action,THQ,0.5,0.62,0,0.14,1.26
781,PES 2009: Pro Evolution Soccer,PS3,2008,Sports,Konami Digital Entertainment,0.11,1.34,0.4,0.26,2.11
10765,Watchmen: The End is Nigh Part 1 & 2,X360,2009,Action,Warner Bros. Interactive Entertainment,0.09,0,0,0.01,0.1
3930,NBA 2K11,Wii,2010,Action,Take-Two Interactive,0.47,0.01,0,0.03,0.51
12155,Future Tactics: The Uprising,PS2,2004,Strategy,Crave Entertainment,0.03,0.03,0,0.01,0.07
14640,Sokukoku no Kusabi: Hiiro no Kakera 3 Portable,PSP,2010,Adventure,Idea Factory,0,0,0.03,0,0.03
377,Clubhouse Games,DS,2006,Misc,Nintendo,0.59,1.83,0.73,0.35,3.5
12508,Olympic Hockey 98,N64,1998,Sports,GT Interactive,0.05,0.01,0,0,0.06
7692,Resident Evil: Revelations,WiiU,2013,Action,Capcom,0.07,0.08,0.03,0.01,0.2
1771,Call of Duty 4: Modern Warfare,PC,2007,Shooter,Activision,0,1.12,0,0.03,1.15
8780,Get On Da Mic,PS2,2004,Misc,Eidos Interactive,0.07,0.06,0,0.02,0.15
11952,Bleach: Heat the Soul 3,PSP,2006,Fighting,Sony Computer Entertainment,0,0,0.07,0,0.07
5563,LEGO The Lord of the Rings,PSV,2012,Action,Warner Bros. Interactive Entertainment,0.1,0.15,0,0.07,0.33
10272,Backyard Baseball '10,Wii,2009,Sports,Atari,0.1,0,0,0.01,0.11
15719,Nil Admirari no Tenbin: Teito Genwaku Toukidan,PSV,2016,Adventure,Idea Factory,0,0,0.02,0,0.02
4525,2010 FIFA World Cup South Africa,Wii,2010,Sports,Electronic Arts,0.23,0.15,0.01,0.04,0.43
15754,Let's Yoga!,DS,2007,Misc,Konami Digital Entertainment,0,0,0.02,0,0.02
4085,Dead Space Extraction,Wii,2009,Shooter,Electronic Arts,0.33,0.11,0.01,0.04,0.48
10147,Dora's Big Birthday Adventure,Wii,2010,Misc,Take-Two Interactive,0.1,0.01,0,0.01,0.11
93,Star Wars Battlefront (2015),PS4,2015,Shooter,Electronic Arts,2.93,3.29,0.22,1.23,7.67
16020,Unreal Tournament 2003,PC,2002,Shooter,Atari,0,0.01,0,0,0.01
7732,NHL FaceOff 2001,PS2,2001,Sports,Sony Computer Entertainment,0.1,0.07,0,0.02,0.2
8509,Doctor Lautrec and the Forgotten Knights,3DS,2011,Adventure,Konami Digital Entertainment,0.07,0.05,0.03,0.01,0.16
4880,Just Dance 2014,PS3,2013,Misc,Ubisoft,0.17,0.15,0,0.07,0.39
4742,Call of Duty: Advanced Warfare,PC,2014,Shooter,Activision,0.14,0.23,0,0.04,0.41
10572,RLH: Run Like Hell,PS2,2002,Shooter,Virgin Interactive,0.05,0.04,0,0.01,0.1
11821,Sigma Harmonics,DS,2008,Role-Playing,Square Enix,0,0,0.07,0,0.07
8130,Tiger Woods PGA Tour 2004,GBA,2003,Sports,Electronic Arts,0.13,0.05,0,0,0.18
14778,Strike Witches: Aoi no Dengekisen - Shin Taichou Funtousuru!,DS,2009,Action,Russel,0,0,0.03,0,0.03
12855,Miracle Girls Festival,PSV,2015,Misc,Sega,0,0,0.05,0,0.05
2013,WipEout Pure,PSP,2005,Racing,Sony Computer Entertainment,0.47,0.34,0,0.22,1.04
7414,Monopoly,N64,1999,Misc,Hasbro Interactive,0.17,0.04,0,0,0.21
2425,The Legendary Starfy,DS,2008,Platform,Nintendo,0.61,0,0.2,0.05,0.86
10684,Star Wars: Lethal Alliance,DS,2006,Action,Ubisoft,0.08,0.01,0,0.01,0.1
10442,F1 Career Challenge,PS2,2003,Racing,Electronic Arts,0.05,0.04,0,0.01,0.1
356,Cooking Mama 2: Dinner With Friends,DS,2007,Simulation,505 Games,1.61,1.5,0.1,0.39,3.61
6054,Transformers: Dark of the Moon,X360,2011,Action,Activision,0.13,0.13,0,0.03,0.29
16176,Tactics Layer: Ritina Guard Senki,DS,2009,Strategy,D3Publisher,0,0,0.01,0,0.01
10395,Toukiden 2,PSV,2016,Action,Tecmo Koei,0,0,0.11,0,0.11
1371,LEGO Star Wars: The Video Game,GC,2005,Action,Eidos Interactive,1.09,0.28,0,0.04,1.41
6875,Rock Band Track Pack Volume 2,Wii,2008,Misc,MTV Games,0.21,0.02,0,0.02,0.24
12923,Black Sigil: Blade of the Exiled,DS,2009,Role-Playing,Graffiti,0.05,0,0,0,0.05
8934,SNK Arcade Classics Vol. 1,PSP,2008,Misc,Ignition Entertainment,0.13,0,0.01,0.01,0.15
15592,Peggle Nights,PC,2008,Puzzle,PopCap Games,0,0.01,0,0,0.02
9399,Army Men: Green Rogue,PS2,2001,Action,3DO,0.06,0.05,0,0.02,0.13
14006,Sudoku Ball Detective,Wii,2009,Puzzle,Playlogic Game Factory,0.02,0.01,0,0,0.04
12657,The Saboteur,PC,2009,Action,Electronic Arts,0,0.05,0,0.01,0.06
6878,Harry Potter and the Deathly Hallows - Part 2,DS,2011,Action,Electronic Arts,0.12,0.1,0,0.02,0.24
14943,The Settlers: Rise of an Empire,PC,2007,Strategy,Ubisoft,0.01,0.01,0,0,0.02
15313,Dungeons & Dragons: Shadow over Mystara,PS3,2013,Role-Playing,Capcom,0,0,0.02,0,0.02
4902,The House of The Dead III,XB,2002,Shooter,Sega,0.29,0.08,0,0.01,0.39
15934,Hummer Badlands,XB,2006,Racing,Global Star,0.01,0,0,0,0.02
8056,Atari Anniversary Advance,GBA,2002,Misc,Atari,0.13,0.05,0,0,0.18
9109,Yu-Gi-Oh! Monster Capture GB,GB,2000,Role-Playing,Konami Digital Entertainment,0,0,0.14,0,0.14
13911,Adidas Power Soccer,PS,1996,Sports,Psygnosis,0.02,0.01,0,0,0.04
14397,Airship Q,PSV,2015,Platform,Cygames,0,0,0.03,0,0.03
4700,Destiny: The Taken King,PS3,2015,Shooter,Activision,0.16,0.17,0.02,0.06,0.41
10133,Pocket Pets,DS,2007,Simulation,O3 Entertainment,0.1,0,0,0.01,0.11
15898,Enemy Territory: Quake Wars,PC,2007,Shooter,Activision,0.01,0,0,0,0.02
513,Skylanders: Spyro's Adventure,Wii,2011,Action,Activision,1.4,1.14,0,0.31,2.85
3203,Taiko no Tatsujin: Chibi Dragon to Fushigi na Orb,3DS,2012,Misc,Namco Bandai Games,0,0,0.63,0,0.63
12082,Ken to Mahou to Gakuen Mono. 3,PS3,2010,Role-Playing,Acquire,0,0,0.07,0,0.07
14124,Care Bears - Care Quest,GBA,2005,Action,Game Factory,0.02,0.01,0,0,0.03
5523,Elebits,Wii,2006,Action,Konami Digital Entertainment,0.22,0.01,0.08,0.02,0.33
3481,Contra: Shattered Soldier,PS2,2002,Shooter,Konami Digital Entertainment,0.28,0.22,0,0.07,0.58
6380,Final Fantasy XI: Ultimate Collection,X360,2009,Role-Playing,Square Enix,0.25,0,0,0.02,0.27
2905,NHL 12,X360,2011,Sports,Electronic Arts,0.55,0.1,0,0.05,0.7
10224,Vigilante 8: 2nd Offense,N64,2000,Racing,Activision,0.09,0.02,0,0,0.11
15519,Battle Spirits: Kiseki no Hasha,PSP,2009,Role-Playing,Namco Bandai Games,0,0,0.02,0,0.02
609,Crazy Taxi,PS2,2001,Racing,Acclaim Entertainment,1.13,1.12,0.06,0.22,2.52
9471,NBA Ballers: Chosen One,PS3,2008,Sports,Midway Games,0.12,0,0,0.01,0.13
7490,Need for Speed Carbon: Own the City,DS,2006,Racing,Electronic Arts,0.17,0.02,0,0.02,0.21
12924,Tour de France 2011,X360,N/A,Racing,Focus Home Interactive,0,0.05,0,0.01,0.05
16148,Mystery Legends: Beauty and the Beast,PC,2012,Puzzle,Focus Multimedia,0,0.01,0,0,0.01
1047,Need for Speed Underground,XB,2003,Racing,Electronic Arts,1.09,0.55,0,0.07,1.71
13657,Phantom Kingdom Portable,PSP,2011,Role-Playing,Nippon Ichi Software,0,0,0.04,0,0.04
8090,Bad Boys: Miami Takedown,XB,2004,Shooter,Empire Interactive,0.14,0.04,0,0.01,0.18
8961,Shin Chan: ¡Aventuras de Cine!,DS,2008,Platform,505 Games,0,0,0.15,0,0.15
9748,MotoGP 14,PS3,2014,Racing,Milestone S.r.l.,0.04,0.06,0,0.02,0.12
10413,Cabela's Dangerous Hunts 2,XB,2005,Sports,Activision,0.08,0.02,0,0,0.11
14869,A Ressha de Gyoukou 2001,PS2,2001,Simulation,ArtDink,0,0,0.03,0,0.03
11754,Hakuouki DS,DS,2010,Adventure,Idea Factory,0,0,0.07,0,0.07
2128,Tamagotchi Connection: Corner Shop 2,DS,2006,Simulation,Namco Bandai Games,0.09,0.02,0.86,0.01,0.98
9950,Tales of Destiny 2,PSP,2007,Role-Playing,Namco Bandai Games,0,0,0.12,0,0.12
14476,Combat Elite: WWII Paratroopers,XB,N/A,Shooter,Unknown,0.02,0.01,0,0,0.03
3014,The Darkness,PS3,2007,Shooter,Take-Two Interactive,0.2,0.34,0,0.13,0.67
8415,Gauntlet: Dark Legacy,XB,2002,Action,Midway Games,0.13,0.04,0,0.01,0.17
4897,Mobile Suit Gundam: Lost War Chronicles,PS2,2002,Shooter,Namco Bandai Games,0,0,0.39,0,0.39
7441,Solatorobo: Red the Hunter,DS,2010,Role-Playing,Nintendo,0.08,0.04,0.07,0.01,0.21
6497,Final Fantasy Crystal Chronicles: Echoes of Time,Wii,2009,Role-Playing,Square Enix,0.13,0.06,0.05,0.02,0.26
11665,Pitfall: The Lost Expedition,GC,2004,Platform,Activision,0.06,0.02,0,0,0.08
4174,Petz Sports,Wii,2008,Simulation,Ubisoft,0.42,0.01,0,0.04,0.47
91,Grand Theft Auto: Liberty City Stories,PSP,2005,Action,Take-Two Interactive,2.9,2.83,0.24,1.75,7.72
8364,Marble Saga: Kororinpa,Wii,2009,Puzzle,Konami Digital Entertainment,0.1,0.06,0,0.02,0.17
9106,Pirates: The Legend of Black Kat,PS2,2002,Adventure,Electronic Arts,0.07,0.05,0,0.02,0.14
11632,Ultimate Duck Hunting,Wii,2009,Sports,Zoo Digital Publishing,0.07,0,0,0.01,0.08
5182,Valkyrie Profile: Lenneth,PSP,2006,Role-Playing,Square Enix,0.17,0.01,0.16,0.02,0.36
13609,Super Robot Taisen OG Infinite Battle,PS3,2013,Fighting,Namco Bandai Games,0,0,0.04,0,0.04
13303,Company of Heroes,PC,2006,Strategy,THQ,0,0.04,0,0.01,0.05
5481,Jeanne d'Arc,PSP,2006,Role-Playing,Sony Computer Entertainment,0.21,0,0.1,0.02,0.33
3852,PlayStation All-Stars Battle Royale,PSV,2012,Action,Sony Computer Entertainment,0.26,0.15,0.01,0.1,0.52
15633,Robopon 2: Cross Version,GBA,2001,Role-Playing,Hudson Entertainment,0.01,0,0,0,0.02
15665,Castle Shikigami 2,PS2,2004,Shooter,Play It,0.01,0.01,0,0,0.02
15957,IHRA Drag Racing: Sportsman Edition,XB,2006,Racing,Bethesda Softworks,0.01,0,0,0,0.02
5771,Star Wars Jedi Knight II: Jedi Outcast,XB,N/A,Shooter,Activision,0.23,0.07,0,0.01,0.31
5286,Cabela's Dangerous Hunts,XB,2003,Sports,Zoo Digital Publishing,0.26,0.08,0,0.01,0.35
9146,Your Shape: Fitness Evolved 2013,WiiU,2012,Action,Ubisoft,0.06,0.07,0,0.01,0.14
14731,MySims,PC,2008,Simulation,Electronic Arts,0,0.02,0,0,0.03
10119,John Daly's ProStroke Golf,PS3,2010,Sports,O-Games,0.09,0.02,0,0.01,0.11
3265,Strike Force Bowling,PS2,2004,Sports,Play It,0.3,0.24,0,0.08,0.62
11404,Gintama Gin-Oh Quest: Gin-San ga Tenshoku Shitari Sekai wo Sukuttari,DS,2007,Role-Playing,Banpresto,0,0,0.08,0,0.08
11997,Ant Nation,DS,2009,Simulation,Konami Digital Entertainment,0.06,0.01,0,0.01,0.07
9913,Barbie as The Island Princess,PS2,2007,Adventure,Activision,0.06,0.04,0,0.02,0.12
9986,Dorabase 2: Nettou Ultra Stadium,DS,2009,Sports,Namco Bandai Games,0,0,0.12,0,0.12
4313,2 Games in 1: SpongeBob SquarePants: SuperSponge & Rugrats Go Wild,GBA,2005,Platform,THQ,0.33,0.12,0,0.01,0.45
12288,Ikki Tousen: Xross Impact,PSP,2010,Action,Marvelous Interactive,0,0,0.06,0,0.06
15473,Agatha Christie: The ABC Murders,PC,2016,Adventure,Microids,0,0.02,0,0,0.02
10369,Big League Sports: Summer,DS,2009,Sports,Activision,0.1,0,0,0.01,0.11
3207,DJ Hero 2,Wii,2010,Misc,Activision,0.49,0.09,0,0.04,0.63
13214,Wicked Monster Blast!,Wii,2011,Shooter,PQube,0.04,0,0,0,0.05
1397,Dynasty Warriors 5,PS2,2005,Action,Tecmo Koei,0.24,0.18,0.91,0.06,1.39
7836,Mahjong: Journey Quest for Tikal,DS,2008,Puzzle,Rondomedia,0.15,0.03,0,0.01,0.19
1135,Rock Band,PS3,N/A,Misc,Electronic Arts,0.99,0.41,0,0.22,1.62
12932,Teenage Mutant Ninja Turtles: Mutants in Manhattan,PS3,2016,Action,Activision,0.01,0.03,0,0.01,0.05
10857,PhotoKano,PSP,2012,Adventure,Kadokawa Shoten,0,0,0.09,0,0.09
14044,Bratz Kidz,DS,2008,Misc,Game Factory,0.03,0,0,0,0.04
16222,Thunder Alley,GBA,2004,Racing,XS Games,0.01,0,0,0,0.01
198,Grand Theft Auto V,XOne,2014,Action,Take-Two Interactive,2.66,2.01,0,0.41,5.08
12894,Jissen Pachislot Hisshouhou! Hokuto no Ken DS SE,DS,2006,Misc,Sega,0,0,0.05,0,0.05
9514,Tom Clancy's Splinter Cell: Double Agent,Wii,2006,Action,Ubisoft,0.1,0.01,0,0.01,0.13
15645,Blazing Souls,PS2,2006,Role-Playing,Idea Factory,0,0,0.02,0,0.02
7266,Full Auto,X360,2006,Shooter,Sega,0.19,0.01,0,0.02,0.22
12175,My Amusement Park,DS,2010,Misc,Scholastic Inc.,0.06,0,0,0,0.07
2444,Burnout Legends,PSP,2005,Racing,Electronic Arts,0.7,0.06,0,0.09,0.85
10698,Code Lyoko: Quest for Infinity,Wii,2007,Action,Game Factory,0.07,0.02,0,0.01,0.1
6420,Super Collapse! 3,DS,2007,Puzzle,Mumbo Jumbo,0.25,0,0,0.02,0.27
14412,Suggoi! Arcana Heart 2,PS2,2009,Fighting,AQ Interactive,0,0,0.03,0,0.03
9534,Metal Max 3,DS,2010,Role-Playing,Enterbrain,0,0,0.13,0,0.13
12159,everGirl,GBA,2005,Adventure,THQ,0.05,0.02,0,0,0.07
8042,Company of Heroes: Anthology,PC,2009,Strategy,THQ,0,0.15,0,0.04,0.18
8958,Geometry Wars: Galaxies,DS,2007,Shooter,Vivendi Games,0.13,0,0,0.01,0.15
1418,Forza Horizon 2,XOne,2014,Racing,Microsoft Game Studios,0.5,0.78,0.01,0.09,1.37
11396,PoPoLoCrois (JP sales),PSP,2005,Role-Playing,Ignition Entertainment,0,0,0.08,0,0.08
2285,Glover,N64,1998,Platform,Hasbro Interactive,0.72,0.17,0,0.01,0.91
9819,Earthworm Jim 3D,N64,1999,Platform,Interplay,0.1,0.02,0,0,0.12
14469,Graffiti Kingdom,PS2,2004,Role-Playing,505 Games,0.01,0.01,0,0,0.03
3021,The Biggest Loser: Challenge,Wii,2010,Sports,THQ,0.49,0.13,0,0.05,0.67
5611,Prey,X360,2006,Shooter,Take-Two Interactive,0.27,0.03,0,0.03,0.32
2655,James Bond 007: Nightfire,GC,2002,Shooter,Electronic Arts,0.6,0.16,0,0.02,0.78
13145,The Lost Treasures of Alexandria,DS,2011,Puzzle,Unknown,0,0.04,0,0.01,0.05
482,Kirby Super Star Ultra,DS,2008,Platform,Nintendo,1.57,0.04,1.19,0.15,2.96
5431,Modnation Racers: Road Trip,PSV,2012,Racing,Sony Computer Entertainment,0.17,0.12,0,0.05,0.34
14237,Higurashi no Naku Koro ni Kizuna: Dai-San-Kan - Rasen,DS,2009,Adventure,Alchemist,0,0,0.03,0,0.03
557,LEGO Star Wars II: The Original Trilogy,PS2,2006,Action,LucasArts,1.85,0.64,0.01,0.19,2.69
13196,The Grim Adventures of Billy & Mandy,Wii,2006,Action,Midway Games,0.04,0,0,0,0.05
6524,Nightmare Creatures,N64,1996,Action,Activision,0.21,0.05,0,0,0.26
13043,Armored Core: Formula Front Extreme Battle,PSP,2004,Simulation,505 Games,0.05,0,0,0,0.05
5621,The Settlers 7: Paths to a Kingdom,PC,2010,Strategy,Ubisoft,0,0.26,0,0.06,0.32
737,Guitar Hero II,X360,2007,Misc,Activision,2.01,0.02,0,0.17,2.2
14257,Beastly,Wii,2011,Misc,Unknown,0.03,0,0,0,0.03
15470,Atlantic Quest,PC,2011,Puzzle,Avanquest,0,0.02,0,0,0.02
4301,Puzzle & Dragons Z + Super Mario Bros. Edition,3DS,2015,Puzzle,Nintendo,0.05,0.05,0.34,0.01,0.46
1801,Mobile Suit Gundam: Federation vs. Zeon,PS2,2001,Simulation,Atari,0.12,0.1,0.88,0.03,1.14
16011,Neverwinter Nights 2: Mask of the Betrayer,PC,2007,Role-Playing,Atari,0,0.01,0,0,0.01
11693,World Tour Soccer 06,PSP,2006,Sports,Sony Computer Entertainment,0.07,0,0,0.01,0.08
16030,Himawari: Pebble in the Sky Portable,PSP,2010,Adventure,Kadokawa Shoten,0,0,0.01,0,0.01
9557,Sega GT,DC,2000,Racing,Sega,0,0,0.13,0,0.13
3246,NBA ShootOut '97,PS,1997,Sports,Sony Computer Entertainment,0.35,0.24,0,0.04,0.62
5872,Disgaea 3: Absence of Detention,PSV,N/A,Role-Playing,Nippon Ichi Software,0.13,0.06,0.07,0.04,0.3
8724,Winning Post 3,PS,1998,Racing,Tecmo Koei,0,0,0.14,0.01,0.15
5941,Future Cop L.A.P.D.,PS,1997,Simulation,Electronic Arts,0.16,0.11,0,0.02,0.3
14503,GTR Evolution,PC,2008,Racing,Atari,0,0.02,0,0.01,0.03
13094,Super Heroine Chronicle,PSV,2014,Role-Playing,Namco Bandai Games,0,0,0.05,0,0.05
4790,Tak and the Power of Juju,GC,2003,Platform,THQ,0.31,0.08,0,0.01,0.4
9865,NFL Head Coach,XB,2006,Sports,Electronic Arts,0.09,0.03,0,0,0.12
11688,Rogue Trooper: Quartz Zone Massacre,Wii,2009,Shooter,Reef Entertainment,0.07,0,0,0.01,0.08
9393,NBA Hoopz,PS,2001,Sports,Midway Games,0.07,0.05,0,0.01,0.13
4940,Dancing with the Stars: We Dance!,Wii,2008,Misc,Activision,0.36,0,0,0.03,0.39
16471,Exstetra,3DS,2013,Role-Playing,FuRyu,0,0,0.01,0,0.01
10817,NASCAR,PSP,2006,Racing,Electronic Arts,0.09,0,0,0.01,0.1
11166,Bionicle,GBA,2003,Action,THQ,0.06,0.02,0,0,0.09
4158,The Godfather (JP sales),PS2,2006,Action,Electronic Arts,0.39,0.02,0,0.06,0.47
7110,Disgaea: Afternoon of Darkness,PSP,2006,Role-Playing,Tecmo Koei,0.15,0.01,0.04,0.02,0.23
2648,UFC Personal Trainer: The Ultimate Fitness System,X360,2011,Sports,THQ,0.53,0.19,0,0.06,0.78
4491,Master of Illusion,DS,2006,Puzzle,Nintendo,0.16,0,0.26,0.01,0.44
6451,Gundam Breaker,PS3,2013,Action,Namco Bandai Games,0,0,0.26,0,0.26
15492,Mary King's Riding School,DS,2008,Simulation,Ghostlight,0,0.02,0,0,0.02
675,Dragon Warrior Monsters,GB,1998,Role-Playing,Eidos Interactive,0,0,2.34,0.01,2.35
2608,Motocross Mania,PS,2001,Racing,Take-Two Interactive,0.44,0.3,0,0.05,0.79
5273,Suikoden V,PS2,2006,Role-Playing,Konami Digital Entertainment,0.08,0.06,0.19,0.02,0.35
13797,The Da Vinci Code,XB,2006,Action,Take-Two Interactive,0.03,0.01,0,0,0.04
13665,Mortimer Beckett and the Secrets of Spooky Manor,Wii,2008,Puzzle,Avanquest,0.04,0,0,0,0.04
8797,Countdown: The Game,DS,2009,Puzzle,Mindscape,0,0.14,0,0.01,0.15
5185,Tiger Woods PGA Tour 14,X360,2013,Sports,Electronic Arts,0.21,0.13,0,0.03,0.36
16139,Dragon's Dogma Online: Season 2,PS4,2016,Action,Capcom,0,0,0.01,0,0.01
5073,Need for Speed: Hot Pursuit,PC,2010,Racing,Electronic Arts,0.12,0.2,0,0.06,0.38
13205,Harukanaru Toki no Naka de: Yumenoukihashi,DS,2008,Adventure,Tecmo Koei,0,0,0.05,0,0.05
6997,Hatsune Miku: Project Diva f,PSV,2012,Misc,Sega,0,0,0.23,0,0.23
7017,Imagine: Detective,DS,2009,Simulation,Ubisoft,0.16,0.01,0,0.06,0.23
12319,The Book of Unwritten Tales: The Critter Chronicles,PC,2011,Action,Crimson Cow,0,0.05,0,0.01,0.06
7846,Cars: Race-O-Rama,PS3,2009,Racing,THQ,0.14,0.03,0,0.02,0.19
15458,StormLover Karen!!,PSP,2011,Adventure,D3Publisher,0,0,0.02,0,0.02
12087,OverBlood 2,PS,1998,Action,Evolution Games,0,0,0.06,0,0.07
13366,Puyo Puyo Tetris,PSV,2014,Puzzle,Sega,0,0,0.05,0,0.05
3628,MX vs. ATV: Alive,X360,2011,Racing,THQ,0.37,0.14,0,0.05,0.56
9783,The God of War Trilogy,PS3,2010,Action,Sony Computer Entertainment,0,0.07,0.03,0.02,0.12
7523,Two Worlds II,PC,2011,Role-Playing,Unknown,0.09,0.09,0,0.03,0.2
10813,Kuroko's Basketball: Miracle Game,3DS,2014,Sports,Namco Bandai Games,0,0,0.1,0,0.1
4744,Monopoly Streets,PS3,2010,Misc,Electronic Arts,0.16,0.18,0,0.07,0.41
16371,Wand of Fortune,PS2,2009,Adventure,Idea Factory,0,0,0.01,0,0.01
14977,The Voice,PS3,2014,Action,Activision,0.02,0,0,0,0.02
1505,[Prototype],X360,2009,Action,Activision,0.84,0.35,0,0.12,1.31
9947,Buffy the Vampire Slayer: Chaos Bleeds,XB,2003,Action,Vivendi Games,0.09,0.03,0,0,0.12
8337,MotoGP 09/10,X360,2010,Racing,Capcom,0.07,0.09,0,0.02,0.17
1268,Disney Sing It: Pop Hits,Wii,2009,Misc,Disney Interactive Studios,1.08,0.28,0,0.13,1.49
398,WWF War Zone,PS,1998,Fighting,Acclaim Entertainment,2.47,0.76,0,0.13,3.36
5117,Super Formation Soccer 94,SNES,1994,Sports,Human Entertainment,0,0,0.37,0,0.37
1440,FIFA Soccer 09,PSP,2008,Sports,Electronic Arts,0.23,0.73,0.02,0.37,1.35
11921,Monster Rancher Battle Card: Episode II,PS,2000,Action,Tecmo Koei,0.04,0.03,0,0,0.07
8373,Bomberman B-Daman,SNES,1996,Shooter,Hudson Soft,0,0,0.17,0,0.17
7152,Reactor,2600,1981,Action,Parker Bros.,0.21,0.01,0,0,0.22
12428,Devil's Third,WiiU,2015,Action,Nintendo,0.04,0.02,0,0.01,0.06
417,FIFA 16,XOne,2015,Sports,Electronic Arts,0.88,2.11,0,0.23,3.23
4060,Alone in the Dark,X360,2008,Adventure,Atari,0.14,0.3,0,0.05,0.49
6796,Homefront,PC,2011,Shooter,THQ,0.11,0.1,0,0.03,0.24
952,Air Combat,PS,1995,Simulation,Sony Computer Entertainment,0.92,0.33,0.52,0.05,1.83
16469,Magicians Academy,PS2,2007,Role-Playing,Enterbrain,0,0,0.01,0,0.01
9997,Army Men: Soldiers of Misfortune,DS,2008,Shooter,Zoo Games,0.11,0,0,0.01,0.12
4140,Up,PS2,2009,Action,THQ,0.19,0.05,0,0.24,0.48
5868,Super Robot Taisen OG: Original Generations Gaiden,PS2,2007,Strategy,Banpresto,0,0,0.3,0,0.3
15931,Nurarihyon no Mago: Hyakki Ryouran Taisen,PS3,2011,Fighting,Konami Digital Entertainment,0,0,0.02,0,0.02
9421,Tomb Raider: Legend,XB,2006,Action,Eidos Interactive,0.1,0.03,0,0,0.13
14520,Tenka-bito,PS2,2006,Strategy,Sega,0,0,0.03,0,0.03
13404,Tokyo Ghoul: Jail,PSV,2015,Racing,Namco Bandai Games,0,0,0.05,0,0.05
9737,Dragon Ball Z: Battle of Z,PSV,2014,Fighting,Namco Bandai Games,0,0.04,0.06,0.02,0.12
3303,Cabela's Monster Buck Hunter,Wii,2010,Sports,Activision,0.58,0,0,0.03,0.61
34,Call of Duty: Black Ops 3,PS4,2015,Shooter,Activision,5.77,5.81,0.35,2.31,14.24
10706,Universal Studios Theme Parks Adventure,GC,2001,Misc,Kemco,0.08,0.02,0,0,0.1
1003,FIFA Soccer 08,PS3,2007,Sports,Electronic Arts,0.35,1.07,0.02,0.32,1.76
7834,Farming Simulator 2015,XOne,2015,Simulation,Koch Media,0.1,0.07,0,0.02,0.19
5367,Tenchu Z,X360,2006,Action,Microsoft Game Studios,0.27,0.02,0.02,0.03,0.34
1591,Reel Fishing,PS,1996,Sports,Natsume,0.99,0.13,0.1,0.04,1.25
7659,UFC Personal Trainer: The Ultimate Fitness System,Wii,2011,Sports,THQ,0.12,0.06,0,0.02,0.2
11723,Scooby-Doo! Unmasked,XB,2005,Platform,THQ,0.06,0.02,0,0,0.08
11281,Marvel Nemesis: Rise of the Imperfects,DS,2005,Fighting,Electronic Arts,0.08,0,0,0.01,0.08
6721,Shadow Man,PS,1998,Action,Acclaim Entertainment,0.14,0.09,0,0.02,0.25
10337,Scribblenauts Unmasked: A DC Comics Adventure,WiiU,2013,Puzzle,Warner Bros. Interactive Entertainment,0.1,0,0,0.01,0.11
6515,Riding Spirits,PS2,2002,Racing,BAM! Entertainment,0.13,0.1,0,0.03,0.26
3477,Shrek 2: Beg for Mercy,GBA,2004,Adventure,Activision,0.42,0.15,0,0.01,0.58
7124,The Magic School Bus: Oceans,DS,2011,Adventure,Scholastic Inc.,0.21,0,0,0.01,0.23
15540,The Mummy,GBA,2002,Action,Ubisoft,0.01,0,0,0,0.02
12424,Shonen Jump's One Piece: Grand Battle,GC,2005,Fighting,Namco Bandai Games,0.05,0.01,0,0,0.06
2203,Cars,Wii,2006,Racing,THQ,0.83,0.04,0,0.07,0.94
11831,Beyond Good & Evil,GC,2003,Adventure,Ubisoft,0.06,0.01,0,0,0.07
1192,Final Fight,SNES,1990,Action,Capcom,0.67,0.17,0.69,0.03,1.56
12682,Real Bout Garou Densetsu Special: Dominated Mind,PS,1998,Fighting,SNK,0,0,0.05,0,0.06
12794,Gunbird,SAT,1995,Shooter,Atlus,0,0,0.06,0,0.06
9784,Dance Paradise,X360,2010,Misc,Mindscape,0.1,0.01,0,0.01,0.12
4221,Crayola: Treasure Adventures,DS,2007,Puzzle,Ignition Entertainment,0.43,0.01,0,0.03,0.47
7071,WWE All Stars,3DS,2011,Fighting,THQ,0.15,0.06,0,0.02,0.23
9841,Fate/Extra CCC,PSP,2013,Action,Marvelous Entertainment,0,0,0.12,0,0.12
915,Yu-Gi-Oh! Forbidden Memories,PS,1999,Role-Playing,Konami Digital Entertainment,1.37,0.44,0,0.08,1.88
7547,Deal or No Deal: The Banker is Back!,DS,2008,Misc,Mindscape,0,0.2,0,0,0.2
4164,Castlevania: Dawn of Sorrow,DS,2005,Platform,Konami Digital Entertainment,0.37,0.04,0.03,0.04,0.47
15980,Lotus Challenge,GC,2004,Racing,Ignition Entertainment,0.01,0,0,0,0.02
3396,Final Fantasy: The 4 Heroes of Light,DS,2009,Role-Playing,Square Enix,0.23,0.11,0.23,0.03,0.59
15126,Princess Saver! Eternal Love for My Lady,PS2,2010,Adventure,Comfort,0,0,0.02,0,0.02
2629,Professor Layton and the Azran Legacy,3DS,2013,Puzzle,Nintendo,0,0.48,0.25,0.06,0.78
14738,Kaizoku Sentai Gokaiger: Atsumete Henshin! 35 Sentai!,DS,2011,Action,Namco Bandai Games,0,0,0.03,0,0.03
242,Spider-Man: The Movie,PS2,2002,Action,Activision,2.71,1.51,0.03,0.23,4.48
6857,Ms. Pac-Man: Maze Madness / Pac-Man World,GBA,2005,Puzzle,Namco Bandai Games,0.17,0.06,0,0,0.24
4375,Persona,PS,1995,Role-Playing,Atlus,0,0,0.42,0.03,0.45
10939,I-Ninja,GC,2003,Platform,Namco Bandai Games,0.07,0.02,0,0,0.09
3056,The LEGO Movie Videogame,WiiU,2014,Action,Warner Bros. Interactive Entertainment,0.35,0.23,0.03,0.06,0.66
7120,All Star Karate,Wii,2010,Action,THQ,0.14,0.07,0,0.02,0.23
336,Pokémon Trading Card Game,GB,1998,Strategy,Nintendo,1.49,0.73,1.38,0.1,3.7
3465,"Transformers: War for Cybertron (XBox 360, PS3, & PC Versions)",X360,2010,Shooter,Activision,0.37,0.15,0,0.05,0.58
6625,Romance of the Three Kingdoms II,SNES,1991,Strategy,Tecmo Koei,0,0,0.25,0,0.25
5110,"Monsters, Inc. Scream Arena",GC,2002,Platform,THQ,0.29,0.07,0,0.01,0.37
1633,The Sims 2: Castaway,Wii,2007,Simulation,Electronic Arts,0.45,0.64,0,0.14,1.23
15873,V-Rally 3,XB,2003,Racing,Atari,0.01,0,0,0,0.02
15985,Super Battle For Money Sentouchuu: Kyuukyoku no Shinobu to Battle Player Choujou Kessen!,3DS,2016,Action,Namco Bandai Games,0,0,0.01,0,0.01
1542,Imagine: Wedding Designer,DS,2008,Simulation,Ubisoft,0.55,0.59,0,0.14,1.28
4640,Harry Potter and the Goblet of Fire,GC,2005,Action,Electronic Arts,0.32,0.08,0,0.01,0.42
5816,Disney's The Emperor's New Groove,PS,2000,Platform,Sony Computer Entertainment,0.17,0.12,0,0.02,0.31
7098,Super Robot Taisen F Kanketsuhen,PS,1999,Strategy,Banpresto,0,0,0.21,0.01,0.23
11312,Sniper: Ghost Warrior 2,PC,2013,Shooter,City Interactive,0.02,0.05,0,0.01,0.08
12247,Atelier Meruru: Alchemist of Arland 3,PSV,2013,Role-Playing,Gust,0,0,0.06,0,0.06
882,Alleyway,GB,1989,Puzzle,Nintendo,0.96,0.38,0.55,0.05,1.94
7842,Darkstalkers 3,PS,1998,Fighting,Capcom,0.11,0.07,0,0.01,0.19
5224,Kinectimals: Now with Bears!,X360,2011,Misc,Microsoft Game Studios,0.27,0.06,0,0.03,0.36
14764,Bigfoot King of Crush,Wii,2011,Racing,Zoo Games,0.02,0,0,0,0.03
11882,Circus Maximus: Chariot Wars,XB,2002,Racing,THQ,0.05,0.02,0,0,0.07
11900,The Testament of Sherlock Holmes,PC,2012,Adventure,Focus Home Interactive,0,0.06,0,0.01,0.07
5805,The Legend of Heroes: Trails of Cold Steel,PSV,2013,Role-Playing,Nippon Ichi Software,0.08,0.05,0.14,0.04,0.31
5726,Star Wars Episode III: Revenge of the Sith,DS,2005,Action,Ubisoft,0.25,0.03,0,0.03,0.31
6479,DS Bungaku Zenshuu,DS,2007,Misc,Nintendo,0,0,0.26,0,0.26
633,Halo: Combat Evolved Anniversary,X360,2011,Shooter,Microsoft Game Studios,1.44,0.73,0.04,0.22,2.44
14119,Katekyoo Hitman Reborn! DS: Fate of Heat II - Unmei no Futari,DS,2009,Role-Playing,Marvelous Interactive,0,0,0.03,0,0.03
495,Titanfall,XOne,2014,Shooter,Electronic Arts,1.84,0.8,0.04,0.22,2.9
15696,SD Gundam Force,GBA,2004,Shooter,Namco Bandai Games,0.01,0,0,0,0.02
4953,Tiger Woods PGA Tour 14,PS3,2013,Sports,Electronic Arts,0.16,0.15,0,0.07,0.39
16270,Starry ? Sky: After Autumn,PSP,2011,Misc,Aqua Plus,0,0,0.01,0,0.01
4966,Hooked! Again: Real Motion Fishing,Wii,2009,Sports,505 Games,0.36,0,0,0.03,0.39
15620,Iridium Runners,PS2,2008,Racing,SouthPeak Games,0.01,0.01,0,0,0.02
8331,Glover,PS,1999,Platform,Atari,0.09,0.06,0,0.01,0.17
384,Monster Hunter 4,3DS,2013,Role-Playing,Capcom,0,0,3.44,0,3.44
13245,Golden Axe: The Duel,SAT,1994,Fighting,Sega,0,0,0.05,0,0.05
15188,Shippuu Mahou Daisakusen: Kingdom-Grandprix,SAT,1996,Shooter,Gaga,0,0,0.02,0,0.02
8129,Tom Clancy's Ghost Recon: Future Soldier,PC,2012,Shooter,Ubisoft,0.05,0.1,0,0.03,0.18
7585,Taiko no Tatsujin: Waku Waku Anime Matsuri,PS2,2003,Misc,Namco Bandai Games,0,0,0.2,0,0.2
4357,PES 2009: Pro Evolution Soccer,Wii,2009,Sports,Konami Digital Entertainment,0.09,0.26,0.05,0.05,0.45
11862,Squishy Tank,DS,2010,Puzzle,Natsume,0.07,0,0,0,0.07
8166,K-1 World Grand Prix,PS2,2002,Sports,Konami Digital Entertainment,0.04,0.03,0.1,0.01,0.18
12313,Dynasty Warriors Vs,3DS,2012,Action,Ackkstudios,0,0,0.06,0,0.06
9041,Asphalt: Urban GT 2,DS,2006,Racing,Ubisoft,0.09,0.04,0,0.01,0.14
5587,Resident Evil: Revelations 2,PS3,2015,Action,Capcom,0.06,0.08,0.16,0.03,0.32
9230,Yu-Gi-Oh! Nightmare Troubadour (JP sales),DS,2005,Action,Konami Digital Entertainment,0,0.04,0.1,0,0.14
2270,Starsky & Hutch,PS2,2003,Racing,Empire Interactive,0.45,0.35,0,0.12,0.92
5529,DiRT 2,PSP,2009,Racing,Sony Computer Entertainment,0.09,0.16,0,0.09,0.33
6223,Guitar Hero: Van Halen,PS3,2009,Misc,Activision,0.14,0.09,0,0.04,0.28
14699,Super Duper Sumos,GBA,N/A,Action,Unknown,0.02,0.01,0,0,0.03
2249,007: The World is not Enough,PS,2000,Action,Electronic Arts,0.51,0.35,0,0.06,0.92
1983,WWE SmackDown vs. Raw 2010,X360,2009,Fighting,THQ,0.56,0.38,0.01,0.11,1.05
9107,Fur Fighters: Viggo's Revenge,PS2,2001,Action,Acclaim Entertainment,0.07,0.05,0,0.02,0.14
3934,Burnout Revenge,X360,2006,Racing,Electronic Arts,0.42,0.05,0,0.04,0.51
3568,The Lord of the Rings: The Return of the King,GBA,2003,Action,Electronic Arts,0.4,0.15,0,0.01,0.56
2556,Dying Light,XOne,2015,Action,Warner Bros. Interactive Entertainment,0.43,0.3,0.01,0.07,0.81
5257,Arctic Thunder,PS2,2001,Racing,Midway Games,0.17,0.14,0,0.05,0.36
9023,Adrenalin Misfits,X360,2010,Racing,Konami Digital Entertainment,0.12,0.02,0,0.01,0.14
2978,The Last Story,Wii,2011,Role-Playing,Nintendo,0.32,0.13,0.18,0.04,0.68
13241,Katekyoo Hitman Reborn! DS: Bongole Shiki Taisen Battle Sugoroku,DS,2008,Misc,Takara Tomy,0,0,0.05,0,0.05
4190,Quest 64,N64,1998,Role-Playing,Konami Digital Entertainment,0.38,0.08,0,0.01,0.47
13897,R-Type Command (correct US sales),PSP,2007,Strategy,Rising Star Games,0.04,0,0,0,0.04
9070,Jonny Moseley Mad Trix,PS2,2001,Sports,3DO,0.07,0.05,0,0.02,0.14
7981,Hot Wheels: Battle Force 5,Wii,2009,Racing,Activision,0.17,0,0,0.01,0.19
4274,Star Wars The Clone Wars: Republic Heroes,PS3,2009,Action,LucasArts,0.19,0.19,0,0.07,0.46
15294,Stormrise,PC,2009,Strategy,Sega,0,0.02,0,0,0.02
10462,Despicable Me: The Game,PS2,2010,Platform,D3Publisher,0.05,0.04,0,0.01,0.1
10598,[Prototype 2],PC,2012,Action,Activision,0.07,0.02,0,0.01,0.1
1200,Active Life: Outdoor Challenge,Wii,2008,Sports,Atari,0.79,0.44,0.19,0.14,1.55
6902,Chibi-Robo! Zip Lash,3DS,2015,Platform,Nintendo,0.09,0.08,0.06,0.02,0.24
4970,Tokimeki Memorial 2,PS,1999,Simulation,Konami Digital Entertainment,0,0,0.36,0.03,0.39
2808,Berzerk,2600,1981,Shooter,Atari,0.68,0.04,0,0.01,0.73
2862,MLB 13: The Show,PS3,2013,Sports,Sony Computer Entertainment,0.66,0,0,0.05,0.71
6461,Danganronpa 2: Goodbye Despair,PSV,2014,Misc,Nippon Ichi Software,0.13,0.07,0,0.06,0.26
7720,Aikatsu! Cinderella Lesson,3DS,2012,Role-Playing,Namco Bandai Games,0,0,0.2,0,0.2
13670,Ferrari Challenge Trofeo Pirelli,PS3,2008,Racing,System 3 Arcade Software,0,0.03,0,0.01,0.04
7196,Mobile Suit Gundam Seed,PS2,2003,Action,Namco Bandai Games,0,0,0.22,0,0.22
9087,Doom,GBA,2001,Shooter,Activision,0.1,0.04,0,0,0.14
6642,K-ON! Houkago Live!!,PSP,2010,Misc,Sega,0,0,0.25,0,0.25
9779,NPPL: Championship Paintball 2009,X360,2008,Shooter,Activision Value,0.1,0.01,0,0.01,0.12
16103,Konami Classics Vol. 2,X360,2009,Misc,Konami Digital Entertainment,0.01,0,0,0,0.01
3994,Metal Gear Rising: Revengeance,X360,2013,Action,Konami Digital Entertainment,0.29,0.16,0,0.04,0.5
11299,Arslan: The Warriors of Legend,PS4,2015,Action,Tecmo Koei,0.02,0.01,0.04,0.01,0.08
15444,Mini Ninjas,PC,2009,Action,Eidos Interactive,0,0.02,0,0,0.02
7584,Cars,XB,2006,Racing,THQ,0.15,0.04,0,0.01,0.2
4210,Cars: Race-O-Rama,PS2,2009,Racing,THQ,0.27,0.03,0,0.17,0.47
13085,NHL Blades of Steel '99,N64,1999,Sports,Konami Digital Entertainment,0.05,0,0,0,0.05
14747,Bleach: Soul Carnival 2,PSP,2009,Fighting,Sony Computer Entertainment,0,0,0.03,0,0.03
14039,Super Robot Taisen: Scramble Commander the 2nd,PS2,2007,Strategy,Banpresto,0,0,0.04,0,0.04
3107,Up,DS,2009,Action,THQ,0.31,0.28,0,0.07,0.65
710,Kirby: Nightmare in Dream Land,GBA,2002,Platform,Nintendo,1.22,0.1,0.91,0.04,2.27
11349,Nikoli's Pencil Puzzle,3DS,2011,Puzzle,Hudson Soft,0.05,0.03,0,0.01,0.08
12540,Worldwide Soccer,SAT,1994,Sports,Sega,0,0,0.06,0,0.06
6265,Moero! Nekketsu Rhythm Damashii: Osu! Tatakae! Ouendan! 2,DS,2007,Misc,Nintendo,0,0,0.27,0,0.27
10111,NHL Hitz 20-03,XB,2002,Sports,Midway Games,0.08,0.02,0,0,0.11
14816,Kisuato,PSV,2015,Adventure,TGL,0,0,0.03,0,0.03
10374,Mace Griffin: Bounty Hunter,XB,2003,Shooter,Electronic Arts,0.08,0.02,0,0,0.11
6501,Tom and Jerry in War of the Whiskers,PS2,2002,Fighting,Ubisoft,0.13,0.1,0,0.03,0.26
1561,Tony Hawk's Underground,XB,2003,Sports,Activision,0.85,0.37,0,0.05,1.27
13883,Rugby Challenge 3,PS4,2016,Sports,Alternative Software,0,0.03,0,0.01,0.04
15095,Kimi ga Aruji de Shitsuji ga Ore de: Oshie Nikki,PS2,2008,Adventure,Minato Station,0,0,0.02,0,0.02
8269,The Idolm@ster: Shiny Festa - Honey Sound / Funky Note / Groovy Tune,PSP,2012,Action,Namco Bandai Games,0,0,0.17,0,0.17
12933,Katekyoo Hitman Reborn! DS: Shinuki Max! Vongola Carnival!!,DS,2007,Action,Takara Tomy,0,0,0.05,0,0.05
11929,Galerians: Ash,PS2,2002,Adventure,Sammy Corporation,0.03,0.03,0,0.01,0.07
3208,Angry Birds Trilogy,3DS,2012,Action,Activision,0.38,0.2,0,0.05,0.63
15855,Assault Suit Leynos,PS4,2016,Shooter,Rising Star Games,0.01,0,0,0,0.02
16133,Dr. Slump & Arale-Chan,DS,2008,Adventure,Namco Bandai Games,0,0,0.01,0,0.01
9057,Age of Empires: Collector's Edition,PC,2000,Strategy,Ubisoft,0.02,0.1,0,0.02,0.14
11256,Princess Maker 2,SAT,1995,Simulation,Micro Cabin,0,0,0.08,0,0.08
5408,Point Blank,PS,1997,Shooter,Sony Computer Entertainment,0.05,0.03,0.23,0.02,0.34
7219,The Lord of the Rings: The Third Age,GBA,2004,Role-Playing,Electronic Arts,0.16,0.06,0,0,0.22
15704,GA - Geijutsuka Art Design Class: Slapstick Wonder Land,PSP,2010,Adventure,Russel,0,0,0.02,0,0.02
12100,Mega Man X4,SAT,1997,Action,Capcom,0,0,0.07,0,0.07
4941,Kengo: Master of Bushido,PS2,2000,Fighting,Ubisoft,0.16,0.13,0.06,0.04,0.39
4233,Dragon Ball Z: Collectible Card Game,GBA,2002,Misc,Infogrames,0.33,0.12,0,0.01,0.46
16536,Metal Gear Solid HD Edition,X360,2011,Action,Konami Digital Entertainment,0,0,0.01,0,0.01
2424,The Lord of the Rings: War in the North,X360,N/A,Action,Warner Bros. Interactive Entertainment,0.52,0.26,0,0.08,0.86
315,NBA 2K16,PS4,2015,Sports,Take-Two Interactive,2.48,0.65,0.03,0.69,3.85
10246,Alias,PS2,2004,Action,Acclaim Entertainment,0.05,0.04,0,0.01,0.11
1914,Dragon Ball Z: Taiketsu,GBA,2003,Fighting,Atari,0.77,0.29,0,0.02,1.08
5695,Dynasty Warriors 4 Empires,PS2,2004,Action,Tecmo Koei,0,0,0.32,0,0.32
2634,Metroid Prime Hunters,DS,2006,Shooter,Nintendo,0.58,0.04,0.11,0.06,0.78
8664,Psychic Force,PS,1996,Fighting,Acclaim Entertainment,0.01,0.01,0.13,0.01,0.16
15389,TalkMan,PSP,2006,Misc,Sony Computer Entertainment,0,0,0.02,0,0.02
8708,Fist of the North Star: Ken's Rage,X360,2010,Action,Ubisoft Annecy,0.07,0.02,0.06,0.01,0.16
16313,Happy Dance Collection,Wii,2008,Misc,Namco Bandai Games,0,0,0.01,0,0.01
9641,Mega Man X Collection,GC,2006,Misc,Capcom,0.1,0.03,0,0,0.13
16112,Paranormal Pursuit: The Gifted One,PC,2015,Action,Alawar Entertainment,0,0.01,0,0,0.01
8322,Bee Movie Game,X360,2007,Action,Activision,0.16,0,0,0.01,0.17
4211,Downhill Domination,PS2,2003,Racing,Codemasters,0.23,0.18,0,0.06,0.47
340,Tony Hawk's Pro Skater 4,PS2,2002,Sports,Activision,2.13,1.18,0.01,0.35,3.67
2430,Skate 2,PS3,2009,Sports,Electronic Arts,0.46,0.26,0.01,0.12,0.85
12046,Dream Dance & Cheer,Wii,2009,Misc,Zoo Games,0.06,0,0,0,0.07
2806,Practise English!,DS,2007,Misc,Nintendo,0,0,0.73,0,0.73
3987,Bases Loaded '96: Double Header,PS,1995,Sports,Jaleco,0.28,0.19,0,0.03,0.5
14042,Espgaluda II Black Label,X360,2010,Shooter,Cave,0,0,0.04,0,0.04
3254,Evolve,XOne,2015,Shooter,Take-Two Interactive,0.36,0.2,0,0.06,0.62
10568,Cabela's Adventure Camp,X360,2011,Misc,Activision,0.07,0.02,0,0.01,0.1
9150,The Granstream Saga,PS,1997,Role-Playing,Sony Computer Entertainment,0.08,0.05,0,0.01,0.14
14813,Himoutou! Umaru-Chan: Himoutou Ikusei Keikaku,PSV,2015,Simulation,FuRyu,0,0,0.03,0,0.03
1219,Call of Duty: Black Ops II,PC,2012,Shooter,Activision,0.63,0.69,0,0.21,1.53
15715,Amagoushi no Yakata,PS2,2007,Adventure,Nippon Ichi Software,0,0,0.02,0,0.02
13863,Denki Blocks!,GBA,2001,Puzzle,Rage Software,0.03,0.01,0,0,0.04
477,Animal Crossing: Happy Home Designer,3DS,2015,Simulation,Nintendo,0.47,1,1.39,0.12,2.98
14230,JoJo's Bizarre Adventure: Eyes of Heaven,PS4,2015,Fighting,Namco Bandai Games,0,0,0.03,0,0.03
15807,Call of Duty: Modern Warfare Trilogy,X360,2016,Shooter,Activision,0.01,0.01,0,0,0.02
10553,DS Kageyama Method: Dennou Hanpuku - Tadashii Kanji Kakitori-Kun,DS,2007,Misc,Shogakukan,0,0,0.1,0,0.1
8076,Dungeon Travelers 2: The Royal Library & The Monster Seal,PSV,2014,Role-Playing,Atlus,0.07,0.03,0.05,0.03,0.18
2511,Star Wars The Clone Wars: Republic Heroes,Wii,2009,Action,LucasArts,0.44,0.3,0,0.08,0.82
9102,Shonen Jump's Shaman King: Master of Spirits,GBA,2004,Role-Playing,Konami Digital Entertainment,0.1,0.04,0,0,0.14
8944,Crash: Twinsanity,XB,2004,Platform,Vivendi Games,0.11,0.03,0,0.01,0.15
6870,South Park: Chef's Luv Shack,N64,1999,Misc,Acclaim Entertainment,0.19,0.05,0,0,0.24
471,wwe Smackdown vs. Raw 2006,PS2,N/A,Fighting,N/A,1.57,1.02,0,0.41,3
5573,Pinball Hall of Fame: The Gottlieb Collection,PS2,2004,Misc,Play It,0.16,0.12,0,0.04,0.33
15087,Kingdom: Ikkitousen no Ken,PSP,2010,Action,Konami Digital Entertainment,0,0,0.02,0,0.02
9450,How to Train Your Dragon 2,PS3,2014,Adventure,Little Orbit,0.03,0.08,0,0.02,0.13
15781,Yoake Yori Ruriiro na Portable,PSP,2010,Adventure,Kadokawa Shoten,0,0,0.02,0,0.02
3189,Just Dance 2015,X360,2014,Misc,Ubisoft,0.41,0.16,0,0.06,0.63
6582,Bionicle: Matoran Adventures,GBA,2002,Platform,Electronic Arts,0.18,0.07,0,0,0.26
13450,Nora to Koku no Koubou: Kiri no Mori no Majo,DS,2011,Role-Playing,Atlus,0,0,0.05,0,0.05
8990,Dynasty Warriors 8: Xtreme Legends,PSV,2013,Action,Tecmo Koei,0.04,0.03,0.05,0.02,0.15
11232,Cartoon Network: Punch Time Explosion XL,Wii,2011,Fighting,Crave Entertainment,0.07,0.01,0,0.01,0.09
14509,Suzumiya Haruhi no Chokuretsu,DS,2009,Adventure,Sega,0,0,0.03,0,0.03
1551,Silent Hill 2,PS2,2001,Action,Konami Digital Entertainment,0.62,0.49,0,0.16,1.28
273,Gran Turismo 5 Prologue,PS3,2007,Racing,Sony Computer Entertainment,1.28,1.83,0.57,0.53,4.2
46,Pokemon HeartGold/Pokemon SoulSilver,DS,2009,Action,Nintendo,4.4,2.77,3.96,0.77,11.9
13931,Jikkyou Powerful Major League,GC,2006,Sports,Konami Digital Entertainment,0,0,0.04,0,0.04
8607,Blitz: The League,X360,2006,Sports,Midway Games,0.15,0,0,0.01,0.16
5053,Taiko no Tatsujin Portable DX,PSP,2011,Misc,Namco Bandai Games,0,0,0.38,0,0.38
5326,Tom Clancy's Rainbow Six: Lockdown,PS2,2005,Shooter,Ubisoft,0.17,0.13,0,0.04,0.35
1493,NFL 2K3,PS2,2002,Sports,Atari,1.06,0.08,0,0.18,1.32
437,LEGO Batman: The Videogame,DS,2008,Action,Warner Bros. Interactive Entertainment,1.79,1.06,0,0.29,3.15
13009,Prism: Light the Way,DS,2007,Puzzle,Eidos Interactive,0.05,0,0,0,0.05
240,Pitfall!,2600,1981,Platform,Activision,4.21,0.24,0,0.05,4.5
14059,Monster Kingdom: Jewel Summoner,PSP,2006,Role-Playing,Sony Computer Entertainment,0,0,0.04,0,0.04
9535,Rock Band Track Pack Volume 1,PS2,2008,Misc,MTV Games,0.06,0.05,0,0.02,0.13
7514,SD Gundam GNext,SNES,1995,Strategy,Namco Bandai Games,0,0,0.2,0,0.2
1837,Guitar Hero Encore: Rocks The 80s,PS2,2007,Misc,RedOctane,0.92,0.04,0,0.15,1.11
1973,Adventure Island,NES,1986,Platform,Hudson Soft,0,0,1.05,0,1.05
12946,UEFA Champions League 2006-2007,X360,2007,Sports,Electronic Arts,0.04,0.01,0,0,0.05
3895,Pro Evolution Soccer 2010,Wii,2009,Sports,Konami Digital Entertainment,0.12,0.27,0.06,0.05,0.51
6950,The Walking Dead: Season Two,PS4,2014,Adventure,Telltale Games,0.1,0.09,0.01,0.04,0.24
9735,Bomberman Party Edition,PS,1998,Puzzle,Virgin Interactive,0.07,0.05,0,0.01,0.12
11935,Disney Sports Skateboarding,GBA,2002,Sports,Konami Digital Entertainment,0.05,0.02,0,0,0.07
8286,Psi-Ops: The Mindgate Conspiracy,XB,2004,Shooter,Midway Games,0.13,0.04,0,0.01,0.17
713,Call of Duty 3,Wii,N/A,Shooter,Activision,1.19,0.84,0,0.23,2.26
3454,The Legend of Spyro: Dawn of the Dragon,Wii,2008,Platform,Vivendi Games,0.35,0.18,0,0.05,0.58
13052,Sherlock Holmes: Crimes & Punishments,PC,2014,Adventure,Focus Home Interactive,0,0.05,0,0,0.05
6218,Mister Mosquito,PS2,2001,Shooter,Eidos Interactive,0.05,0.04,0.17,0.01,0.28
929,Turok 2: Seeds of Evil,N64,1997,Platform,Acclaim Entertainment,1.37,0.41,0.04,0.04,1.86
6228,F-1 Grand Prix,SNES,1992,Racing,Video System,0,0,0.28,0,0.28
8146,Race Pro,X360,2009,Racing,Atari,0.06,0.09,0,0.02,0.18
3175,Start the Party!,PS3,2010,Misc,Sony Computer Entertainment,0.07,0.42,0,0.14,0.64
11613,Phantasy Star Online Episode III: C.A.R.D. Revolution,GC,2003,Role-Playing,Sega,0.06,0.02,0,0,0.08
8091,Jampack Vol. 1,PS,1996,Misc,Sony Computer Entertainment,0.1,0.07,0,0.01,0.18
8508,Lethal Skies II,PS2,2003,Simulation,Sammy Corporation,0.08,0.06,0,0.02,0.16
2622,Too Human,X360,2008,Role-Playing,Microsoft Game Studios,0.38,0.3,0.03,0.08,0.79
9092,Hexyz Force,PSP,2009,Role-Playing,Atlus,0.07,0,0.06,0.01,0.14
1510,Pitfall II: Lost Caverns,2600,1983,Platform,Activision,1.22,0.07,0,0.02,1.31
13477,World Trigger: Borderless Mission,PSV,2015,Action,Namco Bandai Games,0,0,0.04,0,0.04
5174,Resident Evil Zero,PS4,2016,Action,Capcom,0.09,0.17,0.05,0.05,0.36
14611,Blaze Union: Story to Reach the Future,PSP,2010,Role-Playing,Sting,0,0,0.03,0,0.03
1795,Resident Evil - Code: Veronica,DC,2000,Action,Eidos Interactive,0.41,0.23,0.47,0.03,1.14
15471,Tycoon City: New York,PC,2006,Strategy,Atari,0,0.02,0,0,0.02
13288,Rock of the Dead,PS3,2010,Shooter,Conspiracy Entertainment,0.04,0,0,0,0.05
7291,Order Up!,Wii,2008,Misc,Zoo Digital Publishing,0.19,0.01,0,0.02,0.22
1815,Yakuza 3,PS3,2009,Action,Sega,0.21,0.21,0.62,0.08,1.13
3917,Dai-4-Ji Super Robot Taisen S,PS,1996,Strategy,Banpresto,0,0,0.48,0.03,0.51
4912,LocoRoco,PSP,2006,Platform,Sony Computer Entertainment,0.14,0.05,0.16,0.04,0.39
4230,MX vs. ATV Untamed,PS3,2007,Racing,THQ,0.35,0.06,0,0.05,0.46
3952,Sonic Riders,PS2,2006,Racing,Sega,0.42,0.02,0,0.07,0.5
6273,Dragon Ball Z: Budokai 2,GC,2004,Fighting,Atari,0.21,0.06,0,0.01,0.27
15461,Ten Pin Alley 2,Wii,2008,Sports,XS Games,0.02,0,0,0,0.02
15338,Mystery Tales 2: The Spirit Mask,DS,2011,Puzzle,Unknown,0,0.02,0,0,0.02
13129,DiRT 2,PC,2009,Racing,Codemasters,0,0.04,0,0.01,0.05
534,Battlefield 3,PC,2011,Shooter,Electronic Arts,0.89,1.43,0,0.48,2.79
16054,Battle Worlds: Kronos,PC,2016,Strategy,Nordic Games,0,0.01,0,0,0.01
12431,Kikou Heidan J-Phoenix,PS2,2001,Action,Takara,0,0,0.06,0,0.06
2546,Final Fantasy Type-0,PSP,2011,Role-Playing,Unknown,0,0,0.81,0,0.81
8145,Godzilla (2015),PS4,2014,Action,Namco Bandai Games,0.1,0.03,0.02,0.03,0.18
9789,Alice: Madness Returns,PC,2011,Adventure,Electronic Arts,0,0.1,0,0.02,0.12
15410,Maximum Racing: Crash Car Racer,Wii,2010,Racing,Nordic Games,0.01,0.01,0,0,0.02
33,Pokemon X/Pokemon Y,3DS,2013,Role-Playing,Nintendo,5.17,4.05,4.34,0.79,14.35
16178,Republique,PS4,2016,Action,Nippon Ichi Software,0,0.01,0.01,0,0.01
9810,Macross Triangle Frontier,PSP,2011,Action,Namco Bandai Games,0,0,0.12,0,0.12
15637,Kimikare: New Semester,PSP,2012,Action,Idea Factory,0,0,0.02,0,0.02
14780,Baldur's Gate: Dark Alliance,GBA,2004,Role-Playing,"Destination Software, Inc",0.02,0.01,0,0,0.03
14373,Starsky & Hutch,GBA,2003,Racing,Empire Interactive,0.02,0.01,0,0,0.03
5265,CSI: Deadly Intent - The Hidden Cases,DS,2009,Adventure,Ubisoft,0.16,0.16,0,0.04,0.35
14382,Medabots 9: Metabee / Rokusho,3DS,2015,Role-Playing,Rocket Company,0,0,0.03,0,0.03
7640,Hot Wheels: Track Attack,Wii,2010,Racing,THQ,0.15,0.04,0,0.01,0.2
2541,EA Sports Active NFL Training Camp,Wii,2010,Sports,Electronic Arts,0.77,0,0,0.05,0.81
5724,FIFA Street,PS2,2005,Sports,Electronic Arts,0.15,0.12,0,0.04,0.31
7001,M&M's Kart Racing,Wii,2007,Racing,Zoo Digital Publishing,0.22,0,0,0.02,0.23
14041,Tomb Raider: Anniversary,PC,2007,Action,Eidos Interactive,0,0.03,0,0.01,0.04
13554,Get Up and Dance,PS3,2011,Misc,O-Games,0.03,0.01,0,0,0.04
12691,Romance of the Three Kingdoms 13,PS4,2015,Action,Tecmo Koei,0.01,0,0.05,0,0.06
15688,Golden Nugget Casino DS,DS,2005,Misc,Majesco Entertainment,0.02,0,0,0,0.02
2038,Ace Combat 6: Fires of Liberation,X360,2007,Simulation,Atari,0.69,0.04,0.22,0.06,1.02
10323,Tetris Evolution,X360,2007,Puzzle,THQ,0.08,0.02,0,0.01,0.11
2949,Test Drive Unlimited 2,X360,N/A,Racing,Atari,0.3,0.32,0,0.07,0.69
13239,Barnyard,GBA,2006,Action,THQ,0.03,0.01,0,0,0.05
8306,.hack//G.U. Vol.3//Redemption,PS2,2007,Role-Playing,Namco Bandai Games,0,0,0.17,0,0.17
2646,Worms: Open Warfare,PSP,2006,Strategy,THQ,0.11,0.43,0,0.24,0.78
4860,Silent Hill: Homecoming,PS3,N/A,Action,Konami Digital Entertainment,0.18,0.15,0,0.06,0.4
5926,Full Spectrum Warrior,PS2,2005,Strategy,THQ,0.15,0.11,0,0.04,0.3
806,Ghostbusters: The Video Game (DS Version),PS3,2010,Action,Take-Two Interactive,0.59,0.99,0.13,0.36,2.08
838,Madden NFL 15,PS4,2014,Sports,Electronic Arts,1.53,0.25,0,0.25,2.03
7202,Hitman: HD Trilogy,PS3,2013,Action,Square Enix,0.07,0.1,0,0.04,0.22
3057,Tony Hawk's Proving Ground,PS2,2007,Sports,Activision,0.55,0.02,0,0.09,0.66
13331,Microsoft Train Simulator,PC,2001,Simulation,Microsoft Game Studios,0,0.04,0,0.01,0.05
12053,Fantastic Four,PS,1997,Action,Acclaim Entertainment,0.04,0.03,0,0,0.07
571,Tom Clancy's Splinter Cell,PS2,2003,Action,Ubisoft,1.15,1.11,0,0.4,2.65
7299,Britney's Dance Beat,GBA,2002,Misc,THQ,0.15,0.06,0,0,0.22
8133,The Game of Life / Yahtzee / Payday,GBA,2005,Misc,Zoo Digital Publishing,0.13,0.05,0,0,0.18
1960,Naruto Shippuden: Ultimate Ninja Storm 4,PS4,2016,Fighting,Namco Bandai Games,0.39,0.41,0.1,0.16,1.06
13021,Nanostray 2,DS,2008,Shooter,Codemasters,0.03,0.01,0,0,0.05
3386,Rayman Origins,PSV,2012,Platform,Ubisoft,0.13,0.35,0,0.11,0.59
634,Need for Speed Carbon: Own the City,PSP,2006,Racing,Electronic Arts,0.87,0.98,0,0.59,2.44
4287,Star Wars: Demolition,PS,2000,Racing,Activision,0.25,0.17,0,0.03,0.46
12776,ESPN International Winter Sports 2002,PS2,2002,Sports,Konami Digital Entertainment,0.03,0.02,0,0.01,0.06
12579,Klonoa Beach Volleyball,PS,2002,Sports,Namco Bandai Games,0.03,0.02,0,0,0.06
6718,Medabots AX: Metabee,GBA,2002,Role-Playing,Natsume,0.18,0.07,0,0,0.25
3191,Juiced 2: Hot Import Nights,X360,2007,Racing,THQ,0.22,0.34,0,0.07,0.63
12764,F1 2010,PC,2010,Racing,Codemasters,0,0.05,0,0.01,0.06
1460,Mortal Kombat 3,GEN,1994,Fighting,Acclaim Entertainment,1.03,0.27,0,0.04,1.34
4096,NFL Street 2,XB,2004,Sports,Electronic Arts,0.36,0.11,0,0.02,0.48
275,Street Fighter IV,PS3,2009,Fighting,Capcom,2.02,1.06,0.58,0.53,4.19
9233,Football Manager 2012,PSP,2011,Sports,Sega,0,0.1,0,0.04,0.14
122,FIFA 12,PS3,2011,Sports,Electronic Arts,0.84,4.32,0.11,1.42,6.69
9423,Destroy All Humans! Path of the Furon,X360,2008,Action,THQ,0.08,0.04,0,0.01,0.13
4054,Backyard Baseball,PS2,2004,Sports,Atari,0.24,0.19,0,0.06,0.49
15016,Xenosaga I·II,DS,2006,Role-Playing,Namco Bandai Games,0,0,0.02,0,0.02
6649,College Hoops 2K6,PS2,N/A,Sports,Unknown,0.12,0.1,0,0.03,0.25
15432,Worldwide Soccer Manager 2007,PC,2006,Sports,Sega,0,0.02,0,0,0.02
8960,Shin Megami Tensei: Devil Summoner - Soul Hackers,PS,1999,Role-Playing,Atlus,0,0,0.14,0.01,0.15
10432,Derby Stallion P,PSP,2006,Sports,Enterbrain,0,0,0.1,0,0.1
10917,Ninja Gaiden Black,XB,2005,Action,Microsoft Game Studios,0.07,0.02,0,0,0.09
7835,Armored Core: For Answer,PS3,2008,Simulation,Ubisoft,0.06,0.02,0.1,0.01,0.19
3780,LEGO Jurassic World,WiiU,2015,Action,Warner Bros. Interactive Entertainment,0.28,0.19,0.02,0.04,0.53
13066,The Idolmaster: Gravure For You! Vol. 2,PS3,2011,Misc,Namco Bandai Games,0,0,0.05,0,0.05
8587,Tom and Jerry in Fists of Furry,N64,2000,Fighting,Ubisoft,0.13,0.03,0,0,0.16
4031,Kane & Lynch 2: Dog Days,X360,2010,Shooter,Square Enix,0.2,0.23,0.01,0.05,0.49
14263,Suujin Taisen,DS,2007,Strategy,Nintendo,0,0,0.03,0,0.03
2011,Tom Clancy's Ghost Recon Advanced Warfighter 2,PS3,2007,Shooter,Ubisoft,0.34,0.48,0.02,0.19,1.04
5917,Showdown: Legends of Wrestling,PS2,2004,Fighting,Acclaim Entertainment,0.15,0.11,0,0.04,0.3
5101,The BIGS,Wii,2007,Sports,Take-Two Interactive,0.34,0,0,0.03,0.37
4118,NCAA Football 09,PS2,2008,Sports,Electronic Arts,0.4,0.02,0,0.07,0.48
14434,MotorHead,PS,1998,Racing,Gremlin Interactive Ltd,0.02,0.01,0,0,0.03
5759,Bass Hunter 64,N64,1999,Sports,Take-Two Interactive,0.25,0.06,0,0,0.31
15750,Kochira Katsushikaku Kameari Kouenmae Hashutsujo: Machiteba Tengoku! Makereba Jigoku! Ryoutsuryuu Ikkakusenkin Daisakusen!,DS,2010,Misc,Namco Bandai Games,0,0,0.02,0,0.02
14871,Let's Dance with Mel B,Wii,2011,Sports,Black Bean Games,0,0.02,0,0,0.03
5789,NASCAR Thunder 2003,GC,2002,Racing,Electronic Arts,0.24,0.06,0,0.01,0.31
9854,nail'd,PS3,2010,Racing,Deep Silver,0.08,0.02,0,0.02,0.12
12185,MAPLUS: Portable Navi,PSP,2006,Misc,Edia,0,0,0.07,0,0.07
14050,Deception III: Dark Delusion,PS,1999,Role-Playing,Tecmo Koei,0.02,0.01,0,0,0.04
11944,I Don't Have Many Friends Portable,PSP,2012,Adventure,Namco Bandai Games,0,0,0.07,0,0.07
13298,Soul Eater: Plot of Medusa,DS,2008,Action,Namco Bandai Games,0,0,0.05,0,0.05
10328,Angry Birds Star Wars,WiiU,2013,Strategy,Activision,0.06,0.04,0,0.01,0.11
7420,WipeOut 3 The Game,X360,2012,Action,Activision,0.2,0,0,0.01,0.21
11508,Disney's Meet the Robinsons,X360,2007,Action,Disney Interactive Studios,0.07,0,0,0.01,0.08
7655,Cabela's Big Game Hunter (2008),PS2,2007,Sports,Activision Value,0.1,0.08,0,0.03,0.2
902,PaRappa The Rapper,PS,1996,Misc,Sony Computer Entertainment,0.26,0.16,1.46,0.03,1.92
4552,Madden NFL 2003,GC,2002,Sports,Electronic Arts,0.33,0.09,0,0.01,0.43
3981,Tactics Ogre: The Knight of Lodis,GBA,2001,Role-Playing,Nintendo,0.13,0.05,0.31,0.01,0.5
14564,Gekiatsu!! Pachi Game Tamashi Vol. 1: CR Evangelion - Shinjitsu no Tsubasa,PSP,2011,Misc,Unknown,0,0,0.03,0,0.03
12474,Vexx,GC,2003,Platform,Acclaim Entertainment,0.05,0.01,0,0,0.06
10675,Earth Defense Force 2025.1: The Shadow of New Despair,PS4,2015,Action,D3Publisher,0,0,0.1,0,0.1
16549,Hyakki Yagyou Kaidan Romance,PSP,2012,Action,Quinrose,0,0,0.01,0,0.01
13042,FIFA Soccer 2004,GBA,2003,Sports,Electronic Arts,0.04,0.01,0,0,0.05
13991,Fatal Fury: Battle Archives Volume 1,PS2,2006,Fighting,Ignition Entertainment,0.02,0.01,0,0,0.04
223,Batman: Arkham City,X360,2011,Action,Warner Bros. Interactive Entertainment,2.99,1.31,0.04,0.41,4.76
5853,Shrek: Forever After,Wii,2010,Platform,Activision,0.19,0.09,0,0.03,0.3
10540,Blue Stinger,DC,1999,Adventure,Activision,0,0,0.1,0,0.1
12660,Warriors: Legends of Troy,X360,2011,Action,Tecmo Koei,0,0.04,0.01,0.01,0.06
11213,Famicom Mini: Makaimura,GBA,2004,Platform,Capcom,0,0,0.08,0,0.09
30,Call of Duty: Modern Warfare 3,X360,2011,Shooter,Activision,9.03,4.28,0.13,1.32,14.76
7517,Planet 51,Wii,2009,Action,Sega,0.17,0.02,0,0.02,0.2
15608,James Bond 007: Blood Stone,PC,2010,Shooter,Activision,0.02,0,0,0,0.02
4995,Batman: Arkham City,WiiU,2012,Action,Warner Bros. Interactive Entertainment,0.17,0.18,0,0.03,0.38
4569,Neon Genesis Evangelion 2nd Impression,SAT,1997,Role-Playing,Sega,0,0,0.42,0,0.42
2394,Tony Hawk's Project 8,PS2,2006,Sports,Activision,0.72,0.03,0,0.12,0.87
5631,Sky Odyssey,PS2,2000,Simulation,Sony Computer Entertainment,0.16,0.12,0,0.04,0.32
10265,Death Jr.: Root of Evil,Wii,2008,Platform,Eidos Interactive,0.1,0,0,0.01,0.11
3121,Champions: Return to Arms,PS2,2005,Role-Playing,Sony Online Entertainment,0.32,0.25,0,0.08,0.65
13032,Batman: Gotham City Racer,PS,2001,Racing,Ubisoft,0.03,0.02,0,0,0.05
14336,Accel World: Ginyoku no Kakusei,PSP,2012,Adventure,Namco Bandai Games,0,0,0.03,0,0.03
9406,Greg Hastings Paintball 2,Wii,2010,Shooter,505 Games,0.12,0,0,0.01,0.13
11529,Sherlock Holmes: Crimes & Punishments,XOne,2014,Adventure,Focus Home Interactive,0.03,0.04,0,0.01,0.08
9856,Tom Clancy's EndWar,PSP,2008,Strategy,Ubisoft,0.1,0.01,0,0.01,0.12
3703,Crash Tag Team Racing,PS2,2005,Racing,Vivendi Games,0.27,0.21,0,0.07,0.54
568,Medal of Honor,PS,1998,Shooter,Electronic Arts,1.44,1.09,0,0.14,2.67
11219,Theme Hospital,PS,1998,Strategy,Electronic Arts,0.03,0.02,0.03,0.01,0.09
9809,Showdown: Legends of Wrestling,XB,2004,Fighting,Acclaim Entertainment,0.09,0.03,0,0,0.12
2563,NCAA Football 14,PS3,2013,Sports,Electronic Arts,0.75,0,0,0.06,0.8
5271,Cabela's Outdoor Adventures (2006),PS2,2005,Sports,Zoo Digital Publishing,0.17,0.14,0,0.05,0.35
12709,Mayhem 3D,PS3,2011,Racing,Evolved Games,0.05,0,0,0.01,0.06
11787,Soccer Tsuku: Pro Soccer Club o Tsukurou!,PSV,2013,Sports,Sega,0,0,0.07,0,0.07
11083,Defender,XB,2002,Misc,Midway Games,0.07,0.02,0,0,0.09
10651,Army Men World War: Team Assault,PS,2001,Action,3DO,0.06,0.04,0,0.01,0.1
5722,Namco Museum: Virtual Arcade,X360,2008,Misc,Atari,0.27,0.01,0.01,0.02,0.31
2036,Wall-E,Wii,2008,Platform,THQ,0.51,0.4,0,0.11,1.02
3899,Jikkyou Powerful Pro Yakyuu 10,PS2,2003,Sports,Konami Digital Entertainment,0,0,0.51,0,0.51
541,Tekken 6,PS3,2009,Fighting,Namco Bandai Games,1.2,0.98,0.17,0.43,2.78
2545,Valkyrie Profile,PS,1999,Role-Playing,Enix Corporation,0.07,0.05,0.63,0.05,0.81
14306,Stacked with Daniel Negreanu,PSP,2006,Misc,Myelin Media,0.03,0,0,0,0.03
987,Dead or Alive 3,XB,2001,Fighting,Microsoft Game Studios,1.19,0.29,0.24,0.06,1.77
1107,Dragon Ball Z: Budokai Tenkaichi,PS2,2005,Fighting,Atari,0.96,0.12,0.54,0.04,1.66
6643,A. IV Evolution: A Ressha de Ikou 4,PS,1994,Strategy,ArtDink,0,0,0.24,0.02,0.25
11901,Monster Racers,DS,2009,Racing,Tecmo Koei,0.05,0,0.02,0,0.07
10128,Gem Quest: 4 Elements,DS,2011,Puzzle,Mastertronic,0.05,0.05,0,0.01,0.11
16249,Agarest Senki: Re-appearance,PS3,N/A,Role-Playing,Idea Factory,0,0,0.01,0,0.01
5936,Power Pro Kun Pocket 10,DS,2007,Sports,Konami Digital Entertainment,0,0,0.3,0,0.3
14889,Jurassic Park: Operation Genesis,PC,2003,Simulation,Vivendi Games,0,0.02,0,0,0.03
9759,Rock Band Track Pack Volume 2,PS2,2008,Misc,MTV Games,0.06,0.05,0,0.02,0.12
1528,Yoshi's Woolly World,WiiU,2015,Platform,Nintendo,0.61,0.47,0.11,0.1,1.29
1829,Yoshi's Cookie,NES,1992,Puzzle,Nintendo,0.41,0.06,0.63,0.02,1.12
13888,Bullet Girls 2,PSV,2016,Action,D3Publisher,0,0,0.04,0,0.04
1456,The ICO & Shadow of the Colossus Collection,PS3,2011,Adventure,Sony Computer Entertainment,0.67,0.37,0.13,0.17,1.35
11252,Shadow of Destiny,PSP,2009,Adventure,Konami Digital Entertainment,0.07,0,0,0.01,0.09
3962,Dragon Ball Z: Supersonic Warriors 2,DS,2005,Fighting,Atari,0.14,0.02,0.32,0.02,0.5
4738,Winter Sports 2: The Next Challenge,Wii,2008,Sports,RTL,0.18,0.19,0,0.04,0.41
7779,Scene It? Twilight,DS,2010,Misc,Konami Digital Entertainment,0.11,0.07,0,0.02,0.19
9547,Jissen Pachi-Slot Hisshouhou! Aladdin II Evolution,PS2,2005,Misc,Sega,0,0,0.13,0,0.13
6011,Area 51,XB,2005,Shooter,Midway Games,0.22,0.06,0,0.01,0.29
7816,Majin and the Forsaken Kingdom,X360,2010,Adventure,Namco Bandai Games,0.14,0.03,0,0.01,0.19
6598,LEGO Star Wars III: The Clone Wars,PC,2011,Action,LucasArts,0.1,0.13,0,0.03,0.26
10206,The Penguins of Madagascar: Dr. Blowhole Returns - Again!,X360,2011,Action,THQ,0.07,0.03,0,0.01,0.11
14507,Downstream Panic!,PSP,2008,Action,Atari,0.03,0,0,0,0.03
3281,Dragon Quest Monsters: Joker 2 Professional,DS,2011,Role-Playing,Square Enix,0,0,0.62,0,0.62
5720,Sesame Street: Elmo's Letter Adventure,PS,1998,Misc,NewKidCo,0.17,0.12,0,0.02,0.31
5479,Disney's Treasure Planet,PS2,2002,Action,Sony Computer Entertainment,0.16,0.13,0,0.04,0.33
1247,Puzzle & Dragons,3DS,2013,Role-Playing,GungHo,0,0,1.51,0,1.51
3127,Dead or Alive 5,PS3,2012,Fighting,Tecmo Koei,0.23,0.15,0.2,0.07,0.65
5236,Disney's The Haunted Mansion,PS2,2003,Platform,Take-Two Interactive,0.18,0.14,0,0.05,0.36
4963,Auto Modellista,PS2,2002,Racing,Capcom,0.19,0.15,0,0.05,0.39
13530,Spy Fiction,PS2,2003,Action,Sega,0.02,0.02,0,0.01,0.04
787,Parasite Eve,PS,1998,Role-Playing,SquareSoft,0.94,0.07,1.05,0.04,2.1
15627,Rock Blast,Wii,2010,Puzzle,UFO Interactive,0.02,0,0,0,0.02
2900,NBA Live 09,X360,2008,Sports,Electronic Arts,0.5,0.14,0,0.07,0.71
8962,Alien: Isolation,PC,2014,Shooter,Sega,0,0.13,0,0.01,0.15
9924,Yakuza Kiwami,PS3,2016,Adventure,Sega,0,0,0.12,0,0.12
11966,Silent Hill: Origins,PS2,2008,Action,Konami Digital Entertainment,0.03,0.03,0,0.01,0.07
13030,Winning Post 7 2010,PSP,2010,Sports,Tecmo Koei,0,0,0.05,0,0.05
4046,Pokemon Art Academy,3DS,2014,Misc,Nintendo,0.18,0.12,0.16,0.03,0.49
5462,Iron Man 2,Wii,2010,Action,Sega,0.15,0.15,0,0.03,0.33
4383,SingStar Take That,PS2,2009,Misc,Sony Computer Entertainment,0,0.06,0,0.39,0.45
3330,Game & Watch Gallery 4,GBA,2002,Misc,Nintendo,0.43,0.16,0,0.01,0.61
6201,Just Dance 2015,PS3,2014,Misc,Ubisoft,0.12,0.11,0,0.05,0.28
16078,Infinite Stratos 2: Love and Purge,PSV,2015,Action,5pb,0,0,0.01,0,0.01
14590,Treasure Gaust: Gaust Diver Crimson Red / Deep Purple,DS,2007,Action,Namco Bandai Games,0,0,0.03,0,0.03
14276,Beyond the Labyrinth,3DS,N/A,Role-Playing,Unknown,0,0,0.03,0,0.03
8218,Green Lantern: Rise of the Manhunters,PS3,2011,Action,Warner Bros. Interactive Entertainment,0.09,0.05,0,0.03,0.17
11459,Princess in Love,DS,2009,Simulation,DTP Entertainment,0.07,0,0,0.01,0.08
3859,Ratatouille,Wii,2007,Action,THQ,0.44,0.04,0,0.04,0.52
13547,Go Go Ackman 3,SNES,1995,Platform,Banpresto,0,0,0.04,0,0.04
11975,Taz Wanted,XB,2002,Platform,Atari,0.05,0.02,0,0,0.07
425,Crisis Core: Final Fantasy VII,PSP,2007,Role-Playing,Square Enix,1.35,0.6,0.8,0.44,3.19
864,Devil May Cry 2,PS2,2003,Action,Capcom,0.71,0.58,0.51,0.17,1.97
6516,Disney Sing It: Pop Hits,PS3,2009,Misc,Disney Interactive Studios,0.17,0.05,0,0.03,0.26
9530,Walt Disney Pictures Presents: The Wild,GBA,2006,Platform,Disney Interactive Studios,0.09,0.03,0,0,0.13
16414,Teenage Mutant Ninja Turtles (3DS),3DS,2013,Action,Activision,0.01,0,0,0,0.01
12524,Tokyo Xtreme Racer Advance,GBA,2005,Racing,Crave Entertainment,0.04,0.02,0,0,0.06
1737,Destruction Derby 2,PS,1996,Racing,Psygnosis,0.65,0.44,0,0.08,1.17
3829,Tales of Destiny,PS2,2006,Role-Playing,Namco Bandai Games,0,0,0.52,0,0.52
6701,The Sims 2,XB,2005,Simulation,Electronic Arts,0.19,0.05,0,0.01,0.25
3557,Bolt,Wii,2008,Adventure,Disney Interactive Studios,0.19,0.31,0,0.06,0.57
11341,X Rebirth,PC,2013,Simulation,Koch Media,0,0.08,0,0.01,0.08
13769,Motto TOEIC Test DS Training,DS,2008,Misc,IE Institute,0,0,0.04,0,0.04
166,Pokemon Stadium,N64,1999,Strategy,Nintendo,3.18,1.24,0.94,0.09,5.45
2050,Guitar Hero: Warriors of Rock,Wii,2010,Misc,Activision,0.48,0.44,0,0.09,1.01
3690,Iron Man,PS2,2008,Action,Sega,0.36,0,0,0.19,0.54
9803,Killer is Dead,X360,2013,Action,Deep Silver,0.08,0.02,0.01,0.01,0.12
169,Minecraft,PS3,2014,Misc,Sony Computer Entertainment,1.97,2.51,0,0.94,5.42
305,Assassin's Creed: Unity,PS4,2014,Action,Ubisoft,1.18,1.96,0.08,0.7,3.92
13992,The Night of the Rabbit,PC,2013,Adventure,Daedalic Entertainment,0,0.03,0,0,0.04
4160,Hamsterz Life,DS,2006,Action,Ubisoft,0.43,0.01,0,0.04,0.47
7771,Jissen Pachi-Slot Hisshouhou,SNES,1993,Misc,Sammy Corporation,0,0,0.19,0,0.19
13736,Ookami Kakushi,PSP,2009,Action,Konami Digital Entertainment,0,0,0.04,0,0.04
13517,Coraline,DS,2009,Action,D3Publisher,0.04,0,0,0,0.04
11379,Bejeweled 3,PC,2010,Puzzle,PopCap Games,0.02,0.05,0,0.01,0.08
9221,Hard Rock Casino,PSP,2007,Misc,Oxygen Interactive,0.12,0,0,0.01,0.14
6873,Ready 2 Rumble Boxing: Round 2,N64,2000,Fighting,Midway Games,0.19,0.05,0,0,0.24
9061,World Championship Poker: Howard Lederer - All In,PSP,2006,Misc,505 Games,0.13,0,0,0.01,0.14
11443,Far Cry Vengeance,Wii,2006,Shooter,Ubisoft,0.06,0.01,0,0.01,0.08
10422,Wizardry VI: Bane of the Cosmic Forge,SNES,1995,Role-Playing,ASCII Entertainment,0,0,0.1,0,0.1
16588,Breach,PC,2011,Shooter,Destineer,0.01,0,0,0,0.01
4785,Beowulf: The Game,X360,2007,Action,Ubisoft,0.36,0.01,0,0.03,0.4
10732,Harvest Moon: Frantic Farming,DS,2009,Puzzle,Rising Star Games,0.08,0.01,0,0.01,0.1
1072,Resident Evil 4,GC,2005,Action,Capcom,0.98,0.42,0.22,0.06,1.69
11463,Jimmie Johnson's Anything With an Engine,Wii,2011,Racing,Konami Digital Entertainment,0.07,0,0,0.01,0.08
11916,Aqua Teen Hunger Force: Zombie Ninja Pro-Am,PS2,2007,Racing,Midway Games,0.03,0.03,0,0.01,0.07
16243,Seisou no Amazones,3DS,2013,Role-Playing,Arc System Works,0,0,0.01,0,0.01
14839,Dungeon Siege II,PC,2005,Role-Playing,Microsoft Game Studios,0,0.02,0,0,0.03
12782,GunPey,PSP,2006,Puzzle,Atari,0.05,0,0,0.01,0.06
1871,Lightning Returns: Final Fantasy XIII,PS3,2013,Role-Playing,Square Enix,0.31,0.22,0.45,0.12,1.1
1858,Yu-Gi-Oh! Duel Monsters II: Dark Duel Stories,GB,1999,Strategy,Konami Digital Entertainment,0,0,1.1,0,1.1
9780,Lost Planet 3,X360,2013,Shooter,Capcom,0.07,0.04,0.01,0.01,0.12
2372,Tekken Tag Tournament 2,PS3,2012,Fighting,Namco Bandai Games,0.28,0.33,0.13,0.14,0.88
2294,Dragon Age: Inquisition,XOne,2014,Role-Playing,Electronic Arts,0.55,0.28,0,0.07,0.91
11986,Shadowgate 64: Trials of the Four Towers,N64,1999,Adventure,Kemco,0.06,0.01,0,0,0.07
13106,Alias,XB,2004,Action,Acclaim Entertainment,0.04,0.01,0,0,0.05
4464,MX Unleashed,XB,2004,Racing,THQ,0.34,0.08,0,0.02,0.44
2003,Bomberman 64,N64,1997,Puzzle,Hudson Soft,0.5,0.2,0.31,0.03,1.04
1806,Derby Stallion 99,PS,1999,Sports,ASCII Entertainment,0,0,1.06,0.07,1.13
14872,Battlestations: Pacific,PC,2009,Strategy,Eidos Interactive,0,0.02,0,0,0.03
10276,My Little Sister Can't Be This Cute Portable,PSP,2012,Action,Namco Bandai Games,0,0,0.11,0,0.11
1826,Disney Infinity 2.0: Marvel Super Heroes,X360,2014,Action,Disney Interactive Studios,0.62,0.4,0,0.1,1.12
13229,Reign of Fire,GBA,2002,Shooter,BAM! Entertainment,0.03,0.01,0,0,0.05
8305,Hanjuku Eiyuu Tai 3D,PS2,2003,Role-Playing,Square Enix,0,0,0.17,0,0.17
4871,Call of Duty: Finest Hour,GC,2004,Shooter,Activision,0.31,0.08,0,0.01,0.4
7502,Mary-Kate and Ashley: Girls Night Out,GBA,2002,Misc,Acclaim Entertainment,0.15,0.05,0,0,0.2
11394,Smart Bomb,PSP,2005,Puzzle,Eidos Interactive,0.07,0,0,0.01,0.08
4206,Major League Baseball 2K13,X360,2013,Sports,Take-Two Interactive,0.44,0,0,0.03,0.47
5569,Dr. Mario / Puzzle League,GBA,2005,Puzzle,Nintendo,0.12,0.04,0.16,0.01,0.33
15682,The Longest Journey,PC,1999,Adventure,Empire Interactive,0,0.01,0,0,0.02
537,Monster Hunter Tri,3DS,2011,Role-Playing,Nintendo,0.46,0.29,1.96,0.07,2.79
10197,Avatar: The Last Airbender,PSP,2006,Adventure,THQ,0.1,0,0,0.01,0.11
15400,Arcana Famiglia: Vascello Phantasma no Majutsushi,PSP,2012,Action,Comfort,0,0,0.02,0,0.02
15918,Dream Dancer,DS,N/A,Misc,N/A,0.01,0,0,0,0.02
3535,NBA Hangtime,N64,1997,Sports,GT Interactive,0.48,0.08,0,0,0.57
13258,Boing! Docomodake DS,DS,2007,Puzzle,Ignition Entertainment,0.04,0,0,0,0.05
4854,Wii Sports Club,WiiU,2014,Sports,Nintendo,0.19,0.14,0.04,0.03,0.4
3376,Kinect Rush: A Disney Pixar Adventure,X360,2012,Adventure,Microsoft Game Studios,0.38,0.16,0,0.05,0.6
12833,Final Fight: Streetwise,PS2,2006,Action,Capcom,0.03,0.02,0,0.01,0.05
3641,WWF Raw,XB,2002,Fighting,THQ,0.4,0.13,0,0.02,0.55
3507,Theme Park,PS,1994,Simulation,Electronic Arts,0.24,0.16,0.13,0.04,0.57
4927,Taiko no Tatsujin Wii: Ketteiban,Wii,2011,Misc,Namco Bandai Games,0,0,0.39,0,0.39
5321,Guitar Hero: Metallica,PS2,2009,Misc,Activision,0.17,0.13,0,0.04,0.35
10823,Gundam Breaker,PSV,2013,Action,Namco Bandai Games,0,0,0.09,0,0.09
2560,Final Fantasy XI: Wings of the Goddess,PS2,2007,Role-Playing,Square Enix,0.35,0.27,0.09,0.09,0.81
1747,Tom Clancy's Ghost Recon: Jungle Storm,PS2,2004,Shooter,Ubisoft,0.57,0.44,0,0.15,1.16
9477,Street Fighter IV,PC,N/A,Fighting,Capcom,0.07,0.04,0,0.02,0.13
4433,World Stadium EX,PS,1996,Sports,Namco Bandai Games,0,0,0.41,0.03,0.44
4919,Project X Zone,3DS,2012,Role-Playing,Namco Bandai Games,0.18,0.04,0.15,0.02,0.39
648,Pro Wrestling,NES,1987,Fighting,Nintendo,0.77,0.18,1.42,0.03,2.4
11689,Dragon Ball Z: The Legacy of Goku I & II,GBA,2005,Role-Playing,Atari,0.05,0.02,0,0,0.08
15503,Zettai Meikyuu Grimm: Nanatsu no Kagi to Rakuen no Otome,PSP,2010,Misc,Karin Entertainment,0,0,0.02,0,0.02
10371,Sakura Wars,DC,2000,Adventure,Sega,0,0,0.11,0,0.11
6934,G.I. Joe: The Rise of Cobra,X360,2009,Action,Electronic Arts,0.17,0.05,0,0.02,0.24
11311,From Russia With Love,PSP,2006,Action,Electronic Arts,0.07,0.01,0,0.01,0.08
12823,Legend of Kay,WiiU,2015,Action,Nordic Games,0.03,0.02,0,0,0.05
1516,Yu-Gi-Oh! The Sacred Cards,GBA,2002,Role-Playing,Konami Digital Entertainment,0.94,0.35,0,0.02,1.3
16098,Resident Evil 5 HD,PS4,2016,Action,Capcom,0.01,0,0,0,0.01
11251,Shin Megami Tensei: Devil Summoner - Raidou Kuzunoha vs. The Soulless Army,PS2,2006,Role-Playing,Tecmo Koei,0,0,0.09,0,0.09
13000,Lucha Libre AAA: Heroes del Ring,X360,2010,Fighting,Konami Digital Entertainment,0.05,0,0,0,0.05
10143,Truth or Lies,X360,2010,Misc,THQ,0.07,0.03,0,0.01,0.11
5561,Frogger II: Threeedeep!,2600,1983,Action,Parker Bros.,0.31,0.02,0,0,0.33
4021,Ace Combat: Assault Horizon,X360,2011,Action,Namco Bandai Games,0.3,0.12,0.03,0.04,0.49
2699,Lost Planet 2,X360,2010,Shooter,Capcom,0.38,0.24,0.08,0.06,0.76
16056,Banjo-Kazooie,X360,2008,Platform,Microsoft Game Studios,0,0.01,0,0,0.01
6541,SD Gundam G Generation: Cross Drive,DS,2007,Strategy,Namco Bandai Games,0,0,0.26,0,0.26
15341,Dead Rising,PS4,2016,Action,Capcom,0.01,0,0,0,0.02
7603,Zone of the Enders HD Collection,X360,2012,Simulation,Konami Digital Entertainment,0.14,0.04,0.01,0.02,0.2
12386,Generator Rex: Agent of Providence,X360,2011,Action,Activision,0.05,0.01,0,0,0.06
1767,Bad Boys: Miami Takedown,PS2,2004,Shooter,Empire Interactive,0.56,0.44,0,0.15,1.15
10102,Stronghold Kingdoms,PC,2011,Strategy,DTP Entertainment,0,0.1,0,0.02,0.11
4561,The Smurfs,DS,2011,Action,Ubisoft,0.24,0.14,0,0.04,0.43
2595,Sniper: Ghost Warrior,PS3,2011,Shooter,City Interactive,0.26,0.36,0.04,0.14,0.8
8016,Rock Band Track Pack Volume 2,X360,2008,Misc,MTV Games,0.16,0.01,0,0.01,0.18
4822,EA Sports UFC 2,XOne,2016,Sports,Electronic Arts,0.23,0.14,0,0.04,0.4
1250,NBA Live 98,PS,1997,Sports,Electronic Arts,1.41,0.06,0,0.04,1.51
11856,Romance of the Three Kingdoms XI,PS2,2007,Strategy,Tecmo Koei,0,0,0.07,0,0.07
14647,Bleach DS 4th: Flame Bringer,DS,2009,Action,Sega,0,0,0.03,0,0.03
4535,Max Payne 3,PC,2012,Shooter,Take-Two Interactive,0.15,0.22,0,0.06,0.43
16052,Abunai: Koi no Sousa Shitsu,PSP,2012,Action,Quinrose,0,0,0.01,0,0.01
13155,Assassin's Creed: Altair's Chronicles,DS,2008,Platform,Ubisoft,0.03,0.01,0,0,0.05
14596,Saihai no Yukue,DS,2008,Strategy,Tecmo Koei,0,0,0.03,0,0.03
15010,Supermodel Makeover by Lauren Luke,DS,2009,Simulation,Avanquest,0,0.02,0,0,0.02
12580,Melty Blood: Actress Again,PS2,2009,Fighting,Ecole,0,0,0.06,0,0.06
9761,Bodycount,PS3,2011,Shooter,Codemasters,0.05,0.06,0,0.02,0.12
7564,Rocket Power: Zero Gravity Zone,GBA,2003,Sports,THQ,0.14,0.05,0,0,0.2
3468,World Cup 98,N64,1998,Sports,Electronic Arts,0.14,0.4,0,0.04,0.58
15200,Saint,Wii,N/A,Shooter,Unknown,0.02,0,0,0,0.02
4106,Pinball Hall of Fame: The Williams Collection,Wii,2008,Misc,System 3 Arcade Software,0.42,0.03,0,0.04,0.48
15962,Technic Beat,PS2,2002,Misc,Arika,0.01,0.01,0,0,0.02
8705,AC/DC LIVE: Rock Band Track Pack,PS2,2008,Misc,MTV Games,0.08,0.06,0,0.02,0.16
2226,Borderlands 2,PC,2012,Shooter,Take-Two Interactive,0.42,0.41,0,0.11,0.93
13072,Child of Light,PS4,2014,Role-Playing,Ubisoft,0,0.01,0.04,0,0.05
11327,Ultimate Brain Games,GBA,2003,Misc,Telegames,0.06,0.02,0,0,0.08
11884,Kenyuu Densetsu Yaiba,SNES,1994,Action,Banpresto,0,0,0.07,0,0.07
12697,Mana Khemia: Alchemists of Al-Revis,PS2,2007,Role-Playing,Nippon Ichi Software,0.03,0.02,0,0.01,0.06
8970,Tom Clancy's Ghost Recon,GC,2003,Shooter,Ubisoft,0.11,0.03,0,0,0.15
1041,Star Ocean: Till The End of Time,PS2,2003,Role-Playing,Ubisoft,0.8,0.21,0.55,0.15,1.72
16289,War for the Overworld,PC,2015,Strategy,Unknown,0,0.01,0,0,0.01
13664,Virtua Tennis 4,PC,2011,Sports,Sega,0,0.03,0,0.01,0.04
12196,Armored Core: Nine Breaker,PS2,2004,Simulation,505 Games,0.03,0.03,0,0.01,0.07
2187,Brutal Legend,PS3,2009,Action,Electronic Arts,0.54,0.28,0,0.13,0.95
14835,Justice League Heroes: The Flash,GBA,2006,Action,Eidos Interactive,0.02,0.01,0,0,0.03
11107,Game Hits!,DS,2010,Misc,Foreign Media Games,0.07,0.01,0,0.01,0.09
1865,NBA Live 2001,PS2,2001,Sports,Electronic Arts,0.52,0.4,0.04,0.13,1.1
12219,Parlor! Mini 2,SNES,1996,Misc,Nippon Telenet,0,0,0.07,0,0.07
9036,G.I. Joe: The Rise of Cobra,PSP,2009,Action,Electronic Arts,0.11,0.02,0,0.02,0.14
1674,Battlefield: Hardline,XOne,2015,Shooter,Electronic Arts,0.72,0.37,0.01,0.11,1.2
92,Super Mario Galaxy 2,Wii,2010,Platform,Nintendo,3.66,2.42,0.98,0.64,7.69
11938,Magi: The Labyrinth of Beginning,3DS,2013,Role-Playing,Namco Bandai Games,0,0,0.07,0,0.07
7610,Injustice: Gods Among Us,WiiU,2013,Fighting,Warner Bros. Interactive Entertainment,0.1,0.08,0,0.02,0.2
3240,Metal Gear Solid 2: Substance,XB,N/A,Action,Konami Digital Entertainment,0.38,0.22,0,0.03,0.62
13680,Lionel Trains: On Track,DS,2006,Action,DSI Games,0.04,0,0,0,0.04
12629,Gegege no Kitarou: Youkai Daigekisen,DS,2008,Action,Namco Bandai Games,0,0,0.06,0,0.06
8203,NFL 2K2,XB,2002,Sports,Sega,0.13,0.04,0,0.01,0.18
11809,Tomb Raider: Legend,DS,2006,Action,Eidos Interactive,0.04,0.02,0,0.01,0.07
10298,The Lord of the Rings: Conquest,DS,2009,Action,Electronic Arts,0.09,0.01,0,0.01,0.11
15484,Agatha Christie's The ABC Murders,PS4,2016,Adventure,Microids,0.01,0.01,0,0,0.02
14668,Onechanbara Z Kagura,X360,2012,Action,D3Publisher,0,0,0.03,0,0.03
12114,Basketball Hall of Fame Ultimate Hoops Challenge,Wii,2010,Sports,Zoo Games,0.06,0,0,0,0.07
8725,FIFA 06: Road to FIFA World Cup,X360,2005,Sports,Electronic Arts,0.11,0.02,0.01,0.01,0.15
2326,Madagascar,GBA,2005,Platform,Activision,0.62,0.24,0,0.03,0.89
8596,Take A Break's: Puzzle Master,DS,2009,Puzzle,Ubisoft,0,0.15,0,0.01,0.16
10592,Beach Spikers: Virtua Beach Volleyball,GC,2002,Sports,Sega,0.08,0.02,0,0,0.1
9391,James Bond 007: Legends,WiiU,2012,Shooter,Activision,0.07,0.05,0,0.01,0.13
15709,Pirates: Legend of the Black Buccaneer,PS2,2006,Adventure,10TACLE Studios,0.01,0.01,0,0,0.02
1407,Persona 4: Golden,PSV,2012,Role-Playing,Atlus,0.46,0.34,0.38,0.21,1.38
4831,Mortal Kombat Mythologies: Sub-Zero,N64,1997,Fighting,Midway Games,0.32,0.07,0,0,0.4
11059,Go Play: City Sports,Wii,2009,Sports,Majesco Entertainment,0.08,0,0,0.01,0.09
4413,Major League Baseball 2K6,PS2,2006,Sports,Spike,0.37,0.01,0,0.06,0.44
9050,Kenka Banchou 5: Otoko no Housoku,PSP,2011,Action,Spike,0,0,0.14,0,0.14
3345,NBA 2K8,PS2,2007,Sports,Take-Two Interactive,0.5,0.02,0,0.08,0.6
16028,The Last Remnant,PC,2009,Role-Playing,Square Enix,0,0.01,0,0,0.01
10470,The Wolf Among Us,PS3,2014,Adventure,Telltale Games,0.05,0.03,0,0.02,0.1
5022,FlatOut,PS2,2004,Racing,Empire Interactive,0.19,0.15,0,0.05,0.38
13001,Pony Friends,DS,2007,Simulation,Eidos Interactive,0,0.05,0,0.01,0.05
179,Tomb Raider II,PS,1997,Action,Eidos Interactive,2.3,2.46,0.2,0.28,5.24
11296,ZhuZhu Babies,DS,2011,Simulation,Activision,0.07,0.01,0,0.01,0.08
10583,Wasteland 2,PS4,2015,Role-Playing,Deep Silver,0.07,0,0.01,0.02,0.1
3080,Tiger Woods PGA Tour 09,PS3,2008,Sports,Electronic Arts,0.34,0.22,0,0.1,0.66
11496,Super Sentai Battle: Ranger Cross,Wii,2011,Action,Namco Bandai Games,0,0,0.08,0,0.08
1094,StarCraft II: Heart of the Swarm,PC,2013,Strategy,Activision,0.82,0.65,0,0.19,1.67
3160,Rayman 2: The Great Escape,N64,1999,Platform,Ubisoft,0.4,0.22,0,0.02,0.64
1295,Star Wars: The Force Unleashed II,X360,2010,Action,LucasArts,0.95,0.4,0,0.12,1.47
12798,Elemental Gearbolt,PS,1997,Shooter,Sony Computer Entertainment,0.03,0.02,0,0,0.06
7522,Buzz! The Schools Quiz,PS2,2008,Misc,Sony Computer Entertainment,0,0.02,0,0.19,0.2
1046,Ace Combat 5: The Unsung War,PS2,2004,Simulation,Sony Computer Entertainment Europe,0.88,0.34,0.32,0.18,1.71
6413,Teenage Mutant Ninja Turtles: Danger of the Ooze,PS3,2014,Adventure,Activision,0.11,0.11,0,0.05,0.27
8298,Backyard Baseball '10,PS2,2009,Sports,Atari,0.08,0.07,0,0.02,0.17
8718,Muppet RaceMania,PS,1999,Racing,Sony Computer Entertainment,0.09,0.06,0,0.01,0.15
12334,Lego Batman 3: Beyond Gotham,PC,2014,Action,Warner Bros. Interactive Entertainment,0,0.06,0,0.01,0.06
8530,Bladestorm: Nightmare,PS4,2015,Action,Tecmo Koei,0.07,0.04,0.03,0.02,0.16
9974,Armored Core: Verdict Day,PS3,2013,Simulation,From Software,0,0,0.12,0,0.12
2304,Destruction Derby,PS,1995,Racing,Psygnosis,0.5,0.34,0,0.06,0.9
4019,Ridge Racer 3D,3DS,2011,Racing,Namco Bandai Games,0.19,0.15,0.12,0.03,0.5
11189,Rollcage Stage II,PS,2000,Racing,Sony Computer Entertainment,0.05,0.03,0,0.01,0.09
13396,Ford Bold Moves Street Racing,PSP,2006,Racing,Xplosiv,0.04,0,0,0,0.05
9453,NeverDead,PS3,2012,Shooter,Konami Digital Entertainment,0.06,0.04,0.01,0.02,0.13
10268,Sonic Generations,PC,2011,Platform,Sega,0.02,0.07,0,0.02,0.11
8859,Spongebob Squarepants / Fairly Odd Parents Double Pack,GBA,2005,Action,THQ,0.11,0.04,0,0,0.15
14545,Disney's Aladdin,GBA,2003,Platform,Capcom,0.02,0.01,0,0,0.03
7319,Are You Smarter Than a 5th Grader? Back to School,Wii,2010,Misc,Nintendo,0.2,0,0,0.02,0.21
15984,Coven and Labyrinth of Refrain,PSV,2016,Action,Nippon Ichi Software,0,0,0.01,0,0.01
1794,Pilotwings,SNES,1990,Simulation,Nintendo,0.46,0.17,0.48,0.02,1.14
10468,Escape From Monkey Island,PS2,2001,Adventure,LucasArts,0.05,0.04,0,0.01,0.1
7432,Deus Ex: The Conspiracy,PS2,2002,Action,Eidos Interactive,0.1,0.08,0,0.03,0.21
5968,Junior Brain Trainer 2,DS,2010,Misc,GSP,0.04,0.21,0,0.04,0.29
6465,Petz: Horsez 2,PS2,2007,Simulation,Ubisoft,0.13,0.1,0,0.03,0.26
14901,The Great Battle Gaiden 2: Matsuri da Wasshoi,SNES,1994,Action,Banpresto,0,0,0.03,0,0.03
7597,Front Mission Evolved,X360,2010,Shooter,Square Enix,0.1,0.07,0.02,0.02,0.2
2909,Command & Conquer: Red Alert Retaliation,PS,1998,Strategy,Virgin Interactive,0.39,0.27,0,0.05,0.7
14303,Toy Shop,DS,2008,Simulation,Majesco Entertainment,0.03,0,0,0,0.03
1024,Diablo III,PS4,2014,Role-Playing,Activision,0.49,0.88,0.06,0.3,1.74
7091,Disney Princess: Enchanted Journey,PS2,2007,Adventure,Disney Interactive Studios,0.11,0.09,0,0.03,0.23
14089,Housekeeping,DS,N/A,Action,N/A,0,0,0.04,0,0.04
8406,Densetsu no Stafi 4,DS,2006,Platform,Nintendo,0,0,0.17,0,0.17
11240,Killer7,PS2,2005,Action,Capcom,0.04,0.03,0,0.01,0.09
2406,Warriors Orochi,PS2,2007,Action,Tecmo Koei,0.11,0.09,0.64,0.03,0.87
7840,SingStar Pop Vol.2,PS2,2008,Misc,Sony Computer Entertainment,0.09,0.07,0,0.02,0.19
5892,Harry Potter and the Order of the Phoenix,X360,2007,Action,Electronic Arts,0.24,0.04,0,0.02,0.3
7512,Capcom Fighting Evolution,PS2,2004,Fighting,Capcom,0.1,0.08,0,0.03,0.2
3849,Rival Schools: United By Fate,PS,1998,Fighting,Capcom,0.12,0.08,0.28,0.03,0.52
2408,Enduro,2600,1982,Misc,Quelle,0.81,0.05,0,0.01,0.87
6845,The Simpsons: Road Rage,GC,2001,Racing,Electronic Arts,0.19,0.05,0,0.01,0.24
1685,One Piece: Pirate Warriors,PS3,2012,Action,Namco Bandai Games,0.01,0.24,0.86,0.09,1.2
15371,Meitantei Conan: Kieta Hakase to Machigai Sagashi no Tou,DS,2008,Adventure,Namco Bandai Games,0,0,0.02,0,0.02
10586,Little League World Series Baseball 2008,Wii,2008,Sports,Activision,0.09,0,0,0.01,0.1
14584,Higurashi no Naku Koro ni Iki,PSV,2015,Action,Kaga Create,0,0,0.03,0,0.03
14422,Digimon World 4,XB,2005,Role-Playing,Atari,0.02,0.01,0,0,0.03
13323,Jonah Lomu Rugby Challenge,PC,2011,Sports,Home Entertainment Suppliers,0,0.04,0,0.01,0.05
15216,Casper's Scare School: Classroom Capers,DS,2008,Adventure,Blast! Entertainment Ltd,0.02,0,0,0,0.02
9929,Charm Girls Club: My Perfect Prom,DS,2009,Simulation,Electronic Arts,0.11,0,0,0.01,0.12
16285,Kamaitachi no Yoru 2: Tokubetsu Hen,PSP,2006,Adventure,ChunSoft,0,0,0.01,0,0.01
2104,Farming Simulator 2013,PC,2012,Simulation,Focus Home Interactive,0,0.8,0,0.18,0.99
940,Pinball,NES,1984,Action,Nintendo,0.8,0.19,0.83,0.03,1.85
4105,ECW Hardcore Revolution,PS,1999,Fighting,Acclaim Entertainment,0.27,0.18,0,0.03,0.48
6076,Looney Tunes Racing,PS,2000,Racing,Infogrames,0.16,0.11,0,0.02,0.29
16554,Sweet Honey Coming,PS2,2009,Adventure,Kadokawa Shoten,0,0,0.01,0,0.01
5861,24: The Game,PS2,2006,Adventure,Sony Computer Entertainment,0.15,0.12,0,0.04,0.3
10192,Tales of Phantasia (PS1 & PSP Versions),PSP,2006,Role-Playing,Namco Bandai Games,0,0,0.11,0,0.11
9670,Where the Wild Things Are,Wii,2009,Platform,Warner Bros. Interactive Entertainment,0.11,0,0,0.01,0.12
11692,Storybook Workshop,Wii,2009,Misc,Konami Digital Entertainment,0.07,0,0,0.01,0.08
2167,Mega Man Star Force Dragon / Leo / Pegasus,DS,2006,Action,Capcom,0.39,0,0.53,0.03,0.96
955,Namco Museum,PS2,2001,Misc,Namco Bandai Games,1.73,0.07,0,0.02,1.82
3661,Barbie Horse Adventures: Riding Camp,DS,2008,Sports,Activision,0.51,0,0,0.04,0.55
3466,Harvest Moon: The Tale of Two Towns,DS,2010,Simulation,Natsume,0.27,0.06,0.22,0.03,0.58
11883,Mega Man Battle Network 5: Double Team DS (US sales),DS,2005,Role-Playing,Nintendo,0.07,0,0,0,0.07
3605,Barbie Groovy Games,GBA,2002,Misc,Universal Interactive,0.4,0.15,0,0.01,0.56
416,Tekken,PS,1995,Fighting,Sony Computer Entertainment,0.95,1.3,0.77,0.22,3.24
11471,The King of Fighters '96,PS,1997,Fighting,SNK,0,0,0.07,0.01,0.08
4571,NBA Street,GC,2002,Sports,Electronic Arts,0.33,0.09,0,0.01,0.42
2387,Kingdom Hearts Re: Chain of Memories,PS2,2008,Role-Playing,Square Enix,0.73,0.03,0,0.12,0.87
11427,The King of Fighters 2006,PS2,2006,Fighting,Ignition Entertainment,0.01,0.01,0.05,0,0.08
762,FIFA 15,XOne,2014,Sports,Electronic Arts,0.6,1.41,0,0.14,2.15
9226,RockMan & Forte,SNES,1998,Platform,Capcom,0,0,0.14,0,0.14
4708,Itadaki Street DS,DS,2007,Misc,Square Enix,0,0,0.41,0,0.41
11452,R/C Stunt Copter,PS,1998,Simulation,Interplay,0.04,0.03,0,0.01,0.08
4876,Tales of Phantasia,SNES,1995,Role-Playing,Namco Bandai Games,0,0,0.4,0,0.4
2597,pro evolution soccer 2011,PSP,2010,Sports,Konami Digital Entertainment,0.05,0.3,0.29,0.16,0.79
14157,"Crouching Tiger, Hidden Dragon",GBA,2003,Action,Ubisoft,0.02,0.01,0,0,0.03
10207,Go! Sudoku (JP sales),PSP,2005,Puzzle,Sony Computer Entertainment,0,0,0.11,0,0.11
7304,Apache: Air Assault,PS3,2010,Simulation,Activision,0.11,0.07,0,0.03,0.22
15869,San Goku Shi DS 2,DS,2007,Strategy,Tecmo Koei,0,0,0.02,0,0.02
4691,BioShock,PC,2007,Shooter,Take-Two Interactive,0.01,0.39,0,0.02,0.41
5094,Digging for Dinosaurs,DS,2010,Action,Scholastic Inc.,0.35,0,0,0.02,0.37
10808,MX SuperFly featuring Ricky Carmichael,XB,2002,Racing,THQ,0.07,0.02,0,0,0.1
14131,Zatch Bell! Electric Arena,GBA,2003,Fighting,Banpresto,0.02,0.01,0,0,0.03
2033,Petz: Catz 2,DS,2007,Simulation,Ubisoft,0.51,0.4,0,0.11,1.02
2528,Shin Megami Tensei: Persona 4,PS2,2008,Role-Playing,Atlus,0.34,0.04,0.36,0.08,0.82
2793,Harvest Moon DS: Island of Happiness,DS,2007,Simulation,Rising Star Games,0.44,0.01,0.25,0.04,0.74
12789,The King of Fighters '96,NG,1996,Fighting,SNK,0,0,0.06,0,0.06
10628,Nodame Cantabile,DS,2007,Misc,Namco Bandai Games,0,0,0.1,0,0.1
2954,MX vs. ATV Unleashed: On the Edge,PSP,2006,Racing,THQ,0.64,0,0,0.05,0.69
4282,Momotarou Dentetsu 11,PS2,2002,Misc,Hudson Soft,0,0,0.46,0,0.46
2995,Suikoden II,PS,1998,Role-Playing,Konami Digital Entertainment,0.15,0.1,0.38,0.04,0.68
6667,Spider-Man: Web of Shadows,Wii,2008,Action,Activision,0.22,0.01,0,0.02,0.25
9402,Over the Hedge: Hammy Goes Nuts!,DS,2006,Platform,Activision,0.12,0,0,0.01,0.13
10787,Man vs. Wild,X360,2011,Action,Crave Entertainment,0.09,0,0,0.01,0.1
12893,Samurai Warriors 4-II,PSV,2015,Action,Tecmo Koei,0,0,0.05,0,0.05
5231,J-League Pro Soccer Club o Tsukurou '04,PS2,2004,Sports,Sega,0,0,0.36,0,0.36
7421,Bastard!! Utsuro Naru Kamigami no Utsuwa,PS,1996,Role-Playing,Seta Corporation,0,0,0.2,0.01,0.21
15136,RedCard 20-03,GC,2002,Sports,Midway Games,0.02,0,0,0,0.02
4965,Junior Classic Games,DS,2009,Misc,Avanquest,0.26,0.09,0,0.03,0.39
3371,Blur,X360,2010,Racing,Activision,0.25,0.28,0,0.06,0.6
1257,NFL Blitz,PS,1998,Sports,Midway Games,1.41,0.05,0,0.04,1.5
12558,Top Gun: Hard Lock,X360,2012,Action,505 Games,0.03,0.02,0,0,0.06
3674,Super Robot Taisen F Kanketsuhen,SAT,1998,Strategy,Banpresto,0,0,0.55,0,0.55
11141,Mahjong Cub3D,3DS,2011,Puzzle,Sunsoft,0.07,0,0.02,0,0.09
2295,The Simpsons Game,PS3,2007,Action,Electronic Arts,0.38,0.37,0,0.15,0.91
12672,Teenage Mutant Ninja Turtles II: Back from the Sewers,GB,1991,Action,Konami Digital Entertainment,0,0,0.06,0,0.06
1209,Mario Party 10,WiiU,2015,Misc,Nintendo,0.69,0.5,0.24,0.11,1.55
10382,Kamen Rider: Climax Heroes,PS2,2009,Fighting,Namco Bandai Games,0,0,0.11,0,0.11
1115,Kirby & the Amazing Mirror,GBA,2004,Platform,Nintendo,0.8,0.05,0.76,0.03,1.64
1584,SOCOM: U.S. Navy SEALs Confrontation,PS3,2008,Shooter,Sony Computer Entertainment,0.94,0.17,0.02,0.13,1.25
11437,Outlaw Golf,GC,2002,Sports,TDK Mediactive,0.06,0.02,0,0,0.08
16548,The Treasures of Mystery Island 3 Pack - Save Mystery Island!,PC,2011,Puzzle,Unknown,0.01,0,0,0,0.01
8547,Dewy's Adventure,Wii,2007,Platform,Konami Digital Entertainment,0.14,0,0.01,0.01,0.16
6213,Pac-Man Fever,GC,N/A,Misc,Unknown,0.21,0.06,0,0.01,0.28
5252,Toriko: Gourmet Survival!,PSP,2011,Role-Playing,Namco Bandai Games,0,0,0.36,0,0.36
15605,Suzumiya Haruhi-Chan no Mahjong,PSP,2011,Misc,Kadokawa Shoten,0,0,0.02,0,0.02
387,Battlefield 4,PS4,2013,Shooter,Electronic Arts,1.34,1.54,0.17,0.38,3.43
2561,The Sims 2,PS2,2005,Simulation,Electronic Arts,0.67,0.03,0,0.11,0.81
1229,Donkey Kong Country: Tropical Freeze,WiiU,2014,Platform,Nintendo,0.73,0.52,0.15,0.12,1.52
6473,J Stars Victory Vs.,PSV,2014,Fighting,Namco Bandai Games,0,0.07,0.17,0.02,0.26
11276,Animal Planet: Emergency Vets,DS,2009,Simulation,Activision,0.08,0,0,0.01,0.08
5704,ExerBeat,Wii,2010,Sports,Namco Bandai Games,0.1,0.18,0,0.03,0.31
3594,Manhunt 2,PS2,2007,Action,Take-Two Interactive,0.27,0.21,0,0.07,0.56
6222,Civilization II,PS,1998,Strategy,Activision,0.15,0.11,0,0.02,0.28
7650,Dead Space 3,PC,N/A,Action,Electronic Arts,0.02,0.15,0,0.02,0.2
8642,Blitz: The League II,PS3,2008,Sports,Midway Games,0.11,0.03,0,0.02,0.16
13051,Tennis no Oji-Sama: 2005 Crystal Drive,DS,2004,Sports,Konami Digital Entertainment,0,0,0.05,0,0.05
2712,Deer Drive,Wii,2009,Sports,Big Ben Interactive,0.67,0.04,0,0.05,0.76
12805,Mega Man 8 Anniversary Collector's Edition,SAT,1997,Platform,Capcom,0,0,0.06,0,0.06
12790,Friends: The One with All the Trivia,PS2,2005,Misc,Warner Bros. Interactive Entertainment,0.03,0.02,0,0.01,0.06
8867,Tokyo Xanadu,PSV,2015,Role-Playing,Nihon Falcom Corporation,0,0,0.15,0,0.15
8258,FaceBreaker,PS3,2008,Fighting,Electronic Arts,0.13,0.03,0,0.02,0.17
12152,James Bond 007: Blood Stone,DS,2010,Shooter,Activision,0.05,0.01,0,0,0.07
14125,Apache: Air Assault,PC,2010,Simulation,Just Flight,0,0.03,0,0.01,0.03
3122,Harry Potter and the Goblet of Fire,PS2,2005,Action,Electronic Arts,0.54,0.02,0,0.09,0.65
13858,Sid Meier's Railroads!,PC,2006,Simulation,Take-Two Interactive,0.01,0.03,0,0.01,0.04
9383,Phantom Brave: We Meet Again,Wii,2009,Role-Playing,Nippon Ichi Software,0.12,0,0.01,0.01,0.13
3776,Gex 3: Deep Cover Gecko,PS,1999,Platform,Eidos Interactive,0.3,0.2,0,0.03,0.53
13346,Wonder World Amusement Park,Wii,2008,Misc,Majesco Entertainment,0.04,0,0,0,0.05
14861,Hankou Shashin,SAT,1996,Adventure,Imagineer,0,0,0.03,0,0.03
15552,Miyako,PSP,2010,Adventure,Idea Factory,0,0,0.02,0,0.02
3133,Sengoku Basara: Samurai Heroes,PS3,2010,Action,Capcom,0.17,0.04,0.4,0.03,0.65
543,Sonic and the Secret Rings,Wii,2007,Platform,Sega,1.24,1.2,0.04,0.3,2.77
15286,Gekka Ryouran Romance,PSP,2011,Adventure,Idea Factory,0,0,0.02,0,0.02
12945,Bass Rise,PS,1999,Sports,Namco Bandai Games,0.03,0.02,0,0,0.05
10018,Jikkyou Powerful Pro Yakyuu 12 Ketteiban,PS2,2005,Sports,Konami Digital Entertainment,0,0,0.11,0,0.11
15582,Cabela's Alaskan Adventure,PS2,N/A,Sports,Unknown,0.01,0.01,0,0,0.02
10985,Romance of the Three Kingdoms X,PS2,2005,Strategy,Tecmo Koei,0.04,0.03,0,0.01,0.09
12026,IA/VT Colorful,PSV,2015,Misc,Marvelous Entertainment,0,0,0.07,0,0.07
9708,Disney's PK: Out of the Shadows,PS2,2002,Platform,Ubisoft,0.06,0.05,0,0.02,0.12
9939,Rugrats: Totally Angelica,PS,2001,Adventure,THQ,0.06,0.04,0,0.01,0.12
1722,Army of Two,PS3,2008,Shooter,Electronic Arts,0.74,0.26,0.02,0.15,1.17
1111,Go Vacation,Wii,2011,Misc,Namco Bandai Games,0.48,0.68,0.33,0.16,1.65
13399,Mahjong 3D: Warriors of the Emperor,3DS,2011,Misc,DTP Entertainment,0,0.04,0,0.01,0.05
4804,Gauntlet: Seven Sorrows,PS2,2005,Role-Playing,Midway Games,0.2,0.15,0,0.05,0.4
2575,Pro Evolution Soccer 2010,PSP,2009,Sports,Konami Digital Entertainment,0.09,0.33,0.2,0.18,0.8
15106,Blade Arcus from Shining EX,PS3,2015,Fighting,Sega,0,0,0.02,0,0.02
1066,WCW vs. nWo: World Tour,N64,1997,Fighting,THQ,1.37,0.28,0.03,0.02,1.69
5500,MLB 09: The Show,PS2,2009,Sports,Sony Computer Entertainment,0.16,0.13,0,0.04,0.33
2816,Katamari Damacy,PS2,2004,Puzzle,Namco Bandai Games,0.47,0.02,0.17,0.08,0.73
5699,Virtua Striker 2,DC,1999,Sports,Sega,0,0,0.32,0,0.32
9053,Shrek 2 and Shark Tale 2-in-1 Pack,GBA,2005,Misc,Activision,0.1,0.04,0,0,0.14
6976,Harry Potter and the Goblet of Fire,XB,2005,Action,Electronic Arts,0.18,0.05,0,0.01,0.23
8054,Vietcong: Purple Haze,PS2,2004,Shooter,Gathering of Developers,0.09,0.07,0,0.02,0.18
5216,MechAssault 2: Lone Wolf,XB,2004,Simulation,Microsoft Game Studios,0.27,0.08,0,0.01,0.36
3418,Tales of Rebirth,PS2,2004,Role-Playing,Namco Bandai Games,0,0,0.59,0,0.59
4837,Hot Wheels: Beat That!,PS2,2007,Racing,Activision,0.2,0.15,0,0.05,0.4
5060,Just Dance 2015,PS4,2014,Misc,Ubisoft,0.19,0.13,0,0.06,0.38
1361,Sonic Generations,X360,2011,Platform,Sega,0.71,0.57,0,0.14,1.42
13825,Stoked: Big Air Edition,X360,2009,Sports,Namco Bandai Games,0.02,0.02,0,0,0.04
6861,Valhalla Knights,PSP,2006,Role-Playing,Rising Star Games,0.15,0,0.07,0.01,0.24
4931,Madden NFL 2005,GBA,2004,Sports,Electronic Arts,0.28,0.1,0,0.01,0.39
13591,Barnyard,Wii,2006,Action,THQ,0.04,0,0,0,0.04
8432,Sumikko Gurashi: Koko ga Ochitsukundesu,3DS,2014,Action,Nippon Columbia,0,0,0.17,0,0.17
7088,Naruto: Ninja Council 2 European Version,DS,2005,Fighting,Tomy Corporation,0,0,0.23,0,0.23
6458,Jikkyou Powerful Pro Yakyuu '99 Ketteiban,PS,1999,Sports,Konami Digital Entertainment,0,0,0.25,0.02,0.26
12970,Fate/Unlimited Codes Portable,PSP,2009,Fighting,Capcom,0,0,0.05,0,0.05
14580,Young Justice: Legacy,3DS,2013,Action,Namco Bandai Games,0.03,0,0,0,0.03
6936,FIFA World Cup Germany 2006,XB,2006,Sports,Electronic Arts,0.18,0.05,0,0.01,0.24
11950,Metal Gear Solid,GB,2000,Action,Konami Digital Entertainment,0,0,0.07,0,0.07
308,Assassin's Creed IV: Black Flag,PS3,2013,Action,Ubisoft,1.33,1.71,0.13,0.73,3.89
3996,Major League Baseball 2K12,X360,2012,Sports,Take-Two Interactive,0.47,0,0,0.03,0.5
11829,Cartoon Network: Punch Time Explosion XL,X360,2011,Fighting,Crave Entertainment,0.07,0,0,0,0.07
10626,Big League Sports,Wii,2008,Sports,Activision,0.09,0.01,0,0.01,0.1
1809,Tom Clancy's Rainbow Six 3: Black Arrow,XB,2004,Shooter,Ubisoft,0.99,0.12,0,0.02,1.13
3510,ATV Offroad Fury: Blazin' Trails,PSP,2005,Racing,SouthPeak Games,0.53,0,0,0.04,0.57
16452,King's Bounty: Armored Princess,PC,2009,Role-Playing,1C Company,0,0.01,0,0,0.01
13856,Hyperdimension Neptunia Victory II,PS4,2015,Role-Playing,Idea Factory International,0,0,0.04,0,0.04
13207,SD Gundam: Scad Hammers,Wii,2006,Strategy,Namco Bandai Games,0,0,0.05,0,0.05
9197,NFL Blitz 20-03,GC,2002,Sports,Midway Games,0.11,0.03,0,0,0.14
921,Star Fox Adventures,GC,2002,Adventure,Nintendo,0.96,0.53,0.3,0.09,1.87
16252,Aquaman: Battle for Atlantis,GC,2003,Action,TDK Mediactive,0.01,0,0,0,0.01
16361,Ishin Renka: Ryouma Gaiden,PSP,2010,Adventure,D3Publisher,0,0,0.01,0,0.01
11455,Final Fantasy VI,PS,1999,Role-Playing,Sony Computer Entertainment,0,0,0.08,0.01,0.08
16416,The Godfather (JP sales),X360,2006,Action,Electronic Arts,0,0,0.01,0,0.01
11160,Star Wars: Empire at War,PC,2006,Strategy,LucasArts,0.01,0.06,0,0.02,0.09
15928,Professional Farmer 2016,PS4,2015,Action,Namco Bandai Games,0,0.01,0,0,0.02
2636,Doom,PS,1994,Shooter,Infogrames,0.43,0.3,0,0.05,0.78
10477,Yu-Gi-Oh! 5D's Wheelie Breakers,Wii,2009,Racing,Konami Digital Entertainment,0.09,0.01,0,0.01,0.1
8443,Spyro: Shadow Legacy,DS,2005,Action,Vivendi Games,0.14,0.01,0,0.01,0.17
2221,Operation Flashpoint: Dragon Rising,X360,2009,Shooter,Codemasters,0.36,0.45,0.02,0.1,0.93
12007,Battleborn,PC,2016,Shooter,Take-Two Interactive,0.03,0.03,0,0.01,0.07
9625,Ben 10 Galactic Racing,Wii,2011,Racing,D3Publisher,0.08,0.03,0,0.01,0.13
1748,SingStar,PS3,2007,Misc,Sony Computer Entertainment,0.45,0.58,0,0.13,1.16
9896,Self-Defense Training Camp,X360,2011,Sports,Ubisoft,0.08,0.03,0,0.01,0.12
9706,One Piece: Pirate Warriors 2,PSV,2013,Action,Namco Bandai Games,0,0,0.12,0,0.12
9301,Tomb Raider: The Prophecy,GBA,2002,Action,Ubisoft,0.1,0.04,0,0,0.14
1245,LEGO Star Wars III: The Clone Wars,X360,2011,Action,LucasArts,0.84,0.54,0,0.13,1.51
7876,Barbie Horse Adventures: Riding Camp,PS2,2008,Sports,Activision,0.09,0.07,0,0.02,0.19
16246,Mahjong Taikai IV,PS3,2006,Misc,Tecmo Koei,0,0,0.01,0,0.01
14706,Moto Racer DS,DS,2008,Racing,Nobilis,0,0.02,0,0,0.03
6842,Dancing With The Stars,Wii,2007,Misc,Activision,0.22,0,0,0.02,0.24
5864,Famista '91,NES,1990,Sports,Namco Bandai Games,0,0,0.3,0,0.3
8834,Indigo Prophecy,PS2,2005,Adventure,Atari,0.07,0.06,0,0.02,0.15
4415,World Soccer Winning Eleven 9,XB,2005,Sports,Konami Digital Entertainment,0.06,0.33,0.02,0.03,0.44
9137,¡Shin Chan Flipa en colores!,DS,2007,Platform,505 Games,0,0,0.14,0,0.14
1393,Bakugan: Battle Brawlers,DS,2009,Action,Activision,1.27,0.02,0,0.09,1.39
6339,BloodRayne 2,PS2,2004,Shooter,THQ,0.13,0.1,0,0.03,0.27
12509,CyberTiger,N64,2000,Sports,Electronic Arts,0.05,0.01,0,0,0.06
1686,WWE 2K14,PS3,2013,Sports,Take-Two Interactive,0.49,0.49,0,0.21,1.19
8023,Siren,PS2,2003,Adventure,Sony Computer Entertainment,0.09,0.07,0,0.02,0.18
4223,Dance Dance Revolution: Mario Mix,GC,2005,Misc,Nintendo,0.36,0.09,0,0.01,0.47
4701,Mobile Suit Gundam,SAT,1995,Action,Namco Bandai Games,0,0,0.41,0,0.41
1548,Twisted Metal 4,PS,1999,Racing,989 Studios,1.07,0.16,0,0.04,1.28
11087,Remington Super Slam Hunting: Alaska,Wii,2011,Sports,Mastiff,0.08,0,0,0.01,0.09
7260,Just Dance 2016,PS3,2015,Misc,Ubisoft,0.1,0.08,0,0.04,0.22
5862,Spider-Man 3,PSP,2007,Platform,Activision,0.01,0.23,0,0.06,0.3
5103,Kileak: The DNA Imperative,PS,1994,Shooter,Sony Computer Entertainment,0.08,0.06,0.21,0.02,0.37
3882,Fishing Derby,2600,N/A,Sports,Activision,0.48,0.03,0,0.01,0.51
224,Driver 2,PS,2000,Action,Atari,2.36,2.1,0.02,0.25,4.73
8612,Farming Simulator 2013,PS3,2013,Simulation,Focus Home Interactive,0,0.1,0.02,0.04,0.16
13774,Empire Earth III,PC,2007,Strategy,Vivendi Games,0,0.03,0,0.01,0.04
10523,UNO / Skip-Bo / UNO Freefall,DS,2006,Misc,Zoo Digital Publishing,0.1,0,0,0.01,0.1
13700,Gakuen Hetalia Portable,PSP,2011,Adventure,Idea Factory,0,0,0.04,0,0.04
2458,Devil May Cry HD Collection,PS3,2012,Action,Capcom,0.42,0.21,0.11,0.1,0.84
14221,First Queen: Ornic Senki,SNES,1994,Role-Playing,Culture Brain,0,0,0.03,0,0.03
10652,Tom Clancy's Splinter Cell,GBA,2003,Action,Ubisoft,0.07,0.03,0,0,0.1
15396,Invizimals: The Resistance,PSV,2014,Role-Playing,Sony Computer Entertainment,0,0.02,0,0,0.02
9299,Apex,XB,2003,Racing,Atari,0.1,0.03,0,0,0.14
2650,NBA 2K7,PS2,2006,Sports,Take-Two Interactive,0.65,0.02,0,0.11,0.78
4714,Nicktoons: Unite!,PS2,2005,Adventure,THQ,0.34,0.01,0,0.06,0.41
3331,Littlest Pet Shop: Jungle,DS,2008,Simulation,Electronic Arts,0.34,0.2,0,0.06,0.61
14606,Future Tactics: The Uprising,XB,2004,Strategy,JoWood Productions,0.02,0.01,0,0,0.03
4337,Major League Baseball 2K11,X360,2011,Sports,Take-Two Interactive,0.4,0.03,0,0.03,0.45
12807,Nobunaga no Yabou: Souzou,PS4,2014,Strategy,Tecmo Koei,0,0,0.06,0,0.06
8411,Valkyria Chronicles,PS4,2016,Role-Playing,Sega,0.06,0.04,0.05,0.02,0.17
9093,OutRun 2,XB,2004,Racing,Sega,0.11,0.03,0,0.01,0.14
7995,Treasures of the Deep,PS,1997,Action,Namco Bandai Games,0.1,0.07,0,0.01,0.19
5577,Overlord II,X360,2009,Action,Codemasters,0.15,0.14,0,0.03,0.32
1403,Paper Mario,N64,2000,Role-Playing,Nintendo,0.58,0.18,0.59,0.02,1.38
4142,Ford Racing Off Road,Wii,2008,Racing,Xplosiv,0.06,0.4,0,0.01,0.48
3017,Contra: Legacy of War,PS,1996,Shooter,Konami Digital Entertainment,0.37,0.25,0,0.04,0.67
2663,Andretti Racing,PS,1996,Racing,Electronic Arts,0.43,0.29,0,0.05,0.77
14992,Total Overdose: A Gunslinger's Tale in Mexico,XB,2005,Shooter,Eidos Interactive,0.02,0.01,0,0,0.02
10261,Classic Road,SNES,1993,Sports,Victor Interactive,0,0,0.11,0,0.11
16534,Hitman (2016),XOne,2016,Action,Square Enix,0,0.01,0,0,0.01
12632,Gem Smashers,Wii,2011,Platform,Crave Entertainment,0.05,0,0,0,0.06
11355,Blazing Angels: Squadrons of WWII,XB,2006,Simulation,Ubisoft,0.06,0.02,0,0,0.08
10995,JASF: Jane's Advanced Strike Fighters,X360,2011,Simulation,Deep Silver,0.06,0.02,0,0.01,0.09
3998,The Price is Right,DS,2008,Misc,Ubisoft,0.46,0,0,0.04,0.5
8581,The Wild Thornberrys: Chimp Chase,GBA,2001,Action,THQ,0.11,0.04,0,0,0.16
14317,BeatMania IIDX 14 Gold,PS2,2008,Simulation,Konami Digital Entertainment,0,0,0.03,0,0.03
7385,NOëL: NOT DiGITAL,PS,1996,Adventure,Pioneer LDC,0,0,0.2,0.01,0.21
16213,Groovin' Blocks,Wii,2009,Puzzle,Zoo Games,0.01,0,0,0,0.01
2371,Cooking Mama: World Kitchen,Wii,2008,Simulation,505 Games,0.51,0.28,0.01,0.08,0.88
6773,Tales of Hearts,DS,2008,Role-Playing,Namco Bandai Games,0,0,0.24,0,0.24
973,Midnight Club II,PS2,2003,Racing,Take-Two Interactive,1.25,0.29,0,0.24,1.78
8208,Dead or Alive Paradise,PSP,2010,Misc,Ubisoft Annecy,0.07,0.02,0.07,0.02,0.17
13436,Choro Q 64 2: Hacha Mecha Grand Prix Race,N64,1999,Racing,Takara,0,0,0.05,0,0.05
14030,World in Conflict: Complete Edition,PC,2009,Strategy,Ubisoft,0,0.03,0,0.01,0.04
12347,Sherlock Holmes: Crimes & Punishments,X360,2014,Adventure,Focus Home Interactive,0.03,0.03,0,0.01,0.06
1569,Battle Arena Toshinden,PS,1994,Fighting,Sony Computer Entertainment,0.39,0.26,0.53,0.08,1.27
4568,Naruto: Ninja Council 3,DS,2006,Action,D3Publisher,0.39,0,0,0.03,0.42
9321,Salt Lake 2002,PS2,2002,Sports,Eidos Interactive,0.07,0.05,0,0.02,0.14
12515,Bust-A-Move '99,N64,1998,Puzzle,Acclaim Entertainment,0.05,0.01,0,0,0.06
3007,Midway Arcade Treasures 2,PS2,2004,Misc,Midway Games,0.33,0.26,0,0.09,0.68
1076,NFL GameDay 98,PS,1997,Sports,Sony Computer Entertainment,1.58,0.06,0,0.04,1.68
10977,Fighting Fantasy: The Warlock of Firetop Mountain,DS,2009,Role-Playing,Aspyr,0.09,0,0,0.01,0.09
8088,Backbreaker,X360,N/A,Sports,Unknown,0.17,0,0,0.01,0.18
8911,Metal Gear Solid: Peace Walker HD Edition,PS3,2011,Action,Konami Digital Entertainment,0,0,0.15,0,0.15
13937,Greg Hastings' Tournament Paintball Max'd,DS,2006,Shooter,Activision,0.03,0,0,0,0.04
5322,Guilty Gear X2,PS2,2002,Fighting,Sammy Corporation,0.09,0.07,0.16,0.02,0.35
9339,Medalot 7,3DS,2012,Action,Rocket Company,0,0,0.13,0,0.13
5006,Mobile Suit Gundam: Giren no Yabou Zeon Dokuritsu Sensouden,PS2,2002,Strategy,Namco Bandai Games,0,0,0.38,0,0.38
6500,Star Wars: Bounty Hunter,GC,2002,Shooter,LucasArts,0.2,0.05,0,0.01,0.26
1711,Shenmue,DC,1999,Adventure,Sega,0.52,0.24,0.38,0.04,1.18
15129,Jitsumei Jikkyou Keiba Dream Classic 2002,PS2,2002,Sports,Namco Bandai Games,0,0,0.02,0,0.02
8574,Murdered: Soul Suspect,XOne,2014,Action,Square Enix,0.08,0.07,0,0.01,0.16
12710,G1 Jockey 2,PS2,2000,Sports,Tecmo Koei,0,0,0.06,0,0.06
12346,The King of Route 66,PS2,2003,Racing,Sega,0.03,0.02,0,0.01,0.06
5807,Shaun White Snowboarding: World Stage,Wii,2009,Sports,Ubisoft,0.25,0.04,0,0.02,0.31
9284,Learn Math,DS,2009,Puzzle,DreamCatcher Interactive,0.13,0,0,0.01,0.14
11914,Dave Mirra BMX Challenge,PSP,2006,Sports,Oxygen Interactive,0.06,0,0,0.01,0.07
13024,Trick x Logic: Season 1,PSP,2010,Adventure,Sony Computer Entertainment,0,0,0.05,0,0.05
2362,Ghostbusters: The Video Game,Wii,2009,Action,Atari,0.6,0.21,0,0.08,0.88
2415,Ghostbusters: The Video Game,PS3,2009,Action,Sony Computer Entertainment,0.34,0.37,0,0.15,0.86
14815,CID The Dummy,Wii,2009,Platform,Oxygen Interactive,0.02,0,0,0,0.03
16138,Vanark,PS,1999,Shooter,Jaleco,0.01,0.01,0,0,0.01
15558,Gon: BakuBakuBakuBaku Adventure,3DS,2012,Action,Namco Bandai Games,0,0,0.02,0,0.02
5465,SingStar Take That,PS3,2009,Misc,Sony Computer Entertainment,0,0.3,0,0.03,0.33
6608,MVP Baseball 2004,GC,2004,Sports,Electronic Arts,0.2,0.05,0,0.01,0.26
12187,Brain Quest: Grades 3 & 4,DS,2008,Misc,Electronic Arts,0.06,0,0,0.01,0.07
16102,Rewrite,PSV,2014,Adventure,Prototype,0,0,0.01,0,0.01
13946,DuckTales: Remastered,X360,2013,Action,Capcom,0.03,0,0,0,0.04
11987,Teenage Mutant Ninja Turtles: Tournament Fighters,NES,1992,Fighting,Konami Digital Entertainment,0.04,0.01,0.02,0,0.07
2701,Portal 2,PC,2011,Shooter,Valve Software,0.33,0.32,0,0.11,0.76
576,LEGO Star Wars: The Complete Saga,X360,2007,Action,LucasArts,1.53,0.87,0,0.24,2.64
10644,Gekido,PS,1999,Fighting,Infogrames,0.06,0.04,0,0.01,0.1
5545,Golden Axe: Beast Rider,X360,2008,Action,Sega,0.19,0.11,0,0.03,0.33
3101,Tiger Woods PGA Tour 09,X360,2008,Sports,Electronic Arts,0.35,0.23,0,0.07,0.65
14524,Katekyoo Hitman Reborn! DS: Ore ga Boss! Saikyou Family Taisen,DS,2009,Action,Takara Tomy,0,0,0.03,0,0.03
14760,Let's Sing 2016,PS4,2015,Action,FuRyu Corporation,0.02,0,0,0.01,0.03
14521,BRAHMA Force: The Assault on Beltlogger 9,PS,1996,Shooter,JVC,0.02,0.01,0,0,0.03
13720,Aeon Flux,PS2,2005,Action,THQ,0.02,0.02,0,0.01,0.04
15506,Katekyoo Hitman Reborn! Dream Hyper Battle!,PS2,2007,Fighting,Marvelous Interactive,0,0,0.02,0,0.02
1453,SaGa Frontier,PS,1997,Role-Playing,SquareSoft,0.15,0.04,1.07,0.09,1.35
12059,Generator Rex: Agent of Providence,DS,2011,Action,Activision,0.05,0.01,0,0.01,0.07
2426,2010 FIFA World Cup South Africa,X360,2010,Sports,Electronic Arts,0.32,0.43,0.02,0.09,0.86
9131,Akiba's Trip,PSP,2011,Adventure,Acquire,0,0,0.14,0,0.14
1929,Super Princess Peach,DS,2005,Platform,Nintendo,0.72,0.06,0.21,0.07,1.07
8151,Disney's Tarzan Untamed,GC,2001,Platform,Ubisoft,0.14,0.04,0,0,0.18
15859,Storm Lover 2nd,PSP,2013,Misc,D3Publisher,0,0,0.02,0,0.02
9433,Cabela's Dangerous Hunts 2009,X360,2008,Sports,Activision,0.12,0,0,0.01,0.13
4937,Chibi-Robo! Plug into Adventure!,GC,2005,Adventure,Nintendo,0.23,0.06,0.09,0.01,0.39
8060,Hatsune Miku and Future Stars: Project Mirai,3DS,2012,Misc,Sega,0,0,0.18,0,0.18
14133,NHRA Drag Racing: Countdown to the Championship,PSP,2007,Racing,THQ,0.03,0,0,0,0.03
12364,Meitantei Conan: Aoki Houseki no Rinbukyoku,DS,2011,Adventure,Namco Bandai Games,0,0,0.06,0,0.06
6828,Skylanders SWAP Force,3DS,2013,Platform,Activision,0.1,0.12,0,0.02,0.24
16072,SeaWorld Adventure Parks: Shamu's Deep Sea Adventure,XB,2005,Adventure,Activision,0.01,0,0,0,0.01
12739,Point Blank DS (US sales),DS,2006,Shooter,Atari,0.05,0,0,0,0.06
274,Assassin's Creed: Revelations,X360,2011,Action,Ubisoft,2.25,1.47,0.04,0.43,4.19
777,Golf,GB,1989,Sports,Nintendo,0.83,0.33,0.92,0.04,2.12
12732,Dungeon Keeper 2,PC,1999,Action,Electronic Arts,0,0.05,0,0.01,0.06
7887,Conflict: Global Terror,PS2,2005,Shooter,Eidos Interactive,0.09,0.07,0,0.02,0.19
125,FIFA 15,PS4,2014,Sports,Electronic Arts,0.79,4.29,0.05,1.47,6.59
12654,Pop'n TwinBee: Rainbow Bell Adventure,SNES,1993,Platform,Konami Digital Entertainment,0,0,0.06,0,0.06
4989,Imagine: Salon Stylist,DS,2009,Simulation,Ubisoft,0.24,0.11,0,0.04,0.38
9593,LEGO Batman 2: DC Super Heroes,WiiU,2013,Action,Warner Bros. Interactive Entertainment,0.05,0.07,0,0.01,0.13
4042,Mobile Suit Gundam Seed Destiny: Rengou vs. Z.A.F.T. II Plus,PS2,2006,Shooter,Namco Bandai Games,0,0,0.49,0,0.49
6382,F1 2016 (Codemasters),PS4,2016,Racing,Codemasters,0.01,0.21,0.01,0.04,0.27
2938,MLB 08: The Show,PS3,2008,Sports,Sony Computer Entertainment,0.64,0,0,0.05,0.7
12903,Tom Clancy's HAWX 2,PC,2010,Action,Ubisoft,0,0.04,0,0.01,0.05
15156,Rugby World Cup 2015,XOne,2015,Sports,Ubisoft,0,0.02,0,0,0.02
11307,Dead or Alive 5,XOne,2015,Fighting,Tecmo Koei,0.04,0.03,0.01,0.01,0.08
282,Half-Life,PC,1997,Shooter,Vivendi Games,4.03,0,0.09,0,4.12
14898,Soul Eater: Battle Resonance,PSP,2009,Action,Namco Bandai Games,0,0,0.03,0,0.03
1070,Dragon Ball Z: The Legacy of Goku,GBA,2002,Role-Playing,Infogrames,1.52,0.12,0,0.05,1.69
1159,Sonic Heroes,GC,2003,Platform,Sega,1.05,0.44,0.06,0.04,1.6
2293,DJ Hero,PS3,2009,Misc,Activision,0.42,0.34,0,0.14,0.91
8575,Ener-G: Dance Squad,DS,2008,Sports,Ubisoft,0.15,0,0,0.01,0.16
7165,Ben 10 Ultimate Alien: Cosmic Destruction,PS2,2010,Platform,D3Publisher,0.13,0.06,0,0.04,0.22
16472,Lucian Bee's: Resurrection Supernova,PS2,2009,Adventure,5pb,0,0,0.01,0,0.01
5845,Karaoke Revolution Party,PS2,2005,Misc,Konami Digital Entertainment,0.15,0.12,0,0.04,0.3
11962,The Legend of Heroes VII: The Trail of Zero,PSV,2012,Role-Playing,Falcom Corporation,0,0,0.07,0,0.07
14117,The Idolmaster: Gravure For You! Vol. 4,PS3,2012,Misc,Namco Bandai Games,0,0,0.03,0,0.03
