Rank,Name,Platform,Year,Genre,Publisher,NA_Sales,EU_Sales,JP_Sales,Other_Sales,Global_Sales
520,Metroid Prime,GC,2002,Shooter,Nintendo,1.96,0.67,0.1,0.09,2.82
3543,Jampack Summer 2002,PS2,2002,Misc,Sony Computer Entertainment,0.28,0.22,0,0.07,0.57
5655,Disney's Extreme Skate Adventure,PS2,2003,Sports,Activision,0.16,0.12,0,0.04,0.32
8525,Magic: The Gathering - Battlegrounds,XB,2003,Strategy,Atari,0.12,0.03,0,0.01,0.16
319,The Legend of Zelda: Link's Awakening,GB,1992,Action,Nintendo,2.21,0.96,0.54,0.13,3.83
3402,Rock Band 2,PS2,2008,Misc,MTV Games,0.29,0.23,0,0.08,0.59
6154,Harry Potter and the Sorcerer's Stone,PS2,2003,Action,Electronic Arts,0.14,0.11,0,0.04,0.28
14387,thinkSMART FAMILY!,Wii,2010,Misc,Conspiracy Entertainment,0.03,0,0,0,0.03
4247,"Warhammer 40,000: Space Marine",PS3,2011,Shooter,THQ,0.13,0.25,0,0.09,0.46
6321,LEGO Harry Potter: Years 5-7,PSP,N/A,Action,Warner Bros. Interactive Entertainment,0.1,0.11,0,0.06,0.27
8668,The Godfather: Blackhand Edition,Wii,2007,Adventure,Electronic Arts,0.14,0,0,0.01,0.16
7344,WCW Backstage Assault,PS,1999,Action,Electronic Arts,0.12,0.08,0,0.01,0.21
7122,Tetris Attack,GB,1996,Puzzle,Nintendo,0,0,0.23,0,0.23
2114,NASCAR 99,N64,1998,Racing,Electronic Arts,0.94,0.04,0,0.01,0.98
3452,Harvest Moon: Sunshine Islands,DS,2008,Simulation,Rising Star Games,0.35,0.03,0.17,0.03,0.58
9770,Mobile Suit Gundam Side Story: Missing Link,PS3,2014,Action,Namco Bandai Games,0,0,0.12,0,0.12
5423,The Sims 3: Town Life Stuff,PC,2011,Simulation,Electronic Arts,0.11,0.17,0,0.05,0.34
8418,Lost Kingdoms,GC,2002,Role-Playing,Activision,0.1,0.02,0.04,0,0.17
9962,TMNT,PSP,2007,Action,Ubisoft,0.1,0.01,0,0.01,0.12
3223,Dragon Quest Monsters Joker 3,3DS,2016,Role-Playing,Square Enix,0,0,0.63,0,0.63
2353,MLB 2001,PS,2000,Sports,Sony Computer Entertainment,0.49,0.34,0,0.06,0.89
11278,America's Army: True Soldiers,X360,2007,Shooter,Ubisoft,0.08,0,0,0.01,0.08
8623,Amped 3,X360,2005,Sports,Take-Two Interactive,0.13,0.02,0,0.01,0.16
14004,Fighting Vipers 2,DC,2000,Fighting,Sega,0,0,0.04,0,0.04
5908,Rabbids: Alive & Kicking,X360,2011,Misc,Ubisoft,0.15,0.12,0,0.03,0.3
6785,Tongari Boushi to Oshare na Mahou Tsukai,DS,2011,Action,Konami Digital Entertainment,0,0,0.24,0,0.24
8350,Fate/Stay Night [Réalta Nua],PS2,2007,Adventure,Kadokawa Shoten,0,0,0.17,0,0.17
11222,Wizardry: Tale of the Forsaken Land,PS2,2001,Role-Playing,Ubisoft,0.04,0.03,0,0.01,0.09
3459,Titanfall,PC,2014,Shooter,Electronic Arts,0.21,0.3,0,0.07,0.58
11472,Prey the Stars,DS,2008,Action,Tecmo Koei,0.07,0,0,0.01,0.08
13314,Forza Motorsport 3: Ultimate Edition,X360,2010,Racing,Microsoft Game Studios,0,0.04,0,0.01,0.05
2488,Borderlands 2,PSV,2014,Shooter,Take-Two Interactive,0.43,0.21,0.01,0.19,0.83
5971,Power Pro Kun Pocket 4,GBA,2002,Sports,Konami Digital Entertainment,0,0,0.29,0.01,0.29
11447,NASCAR The Game: Inside Line,PS3,2012,Racing,Activision,0.07,0,0,0.01,0.08
7175,NCAA Football 2005,GC,2004,Sports,Electronic Arts,0.17,0.04,0,0.01,0.22
6292,Dave Mirra Freestyle BMX: Maximum Remix,PS,2001,Sports,Acclaim Entertainment,0.15,0.1,0,0.02,0.27
2317,The Elder Scrolls Online,PC,2014,Role-Playing,Bethesda Softworks,0.32,0.48,0,0.09,0.9
8968,Turbo Prop Racing,PS,1997,Racing,Sony Computer Entertainment,0.08,0.06,0,0.01,0.15
15363,Polar Bowler,DS,2008,Sports,Mumbo Jumbo,0.02,0,0,0,0.02
9238,4x4 EVO 2,GC,2002,Racing,Vivendi Games,0.11,0.03,0,0,0.14
11197,Counter-Strike: Source,PC,2004,Shooter,Vivendi Games,0,0.07,0,0.02,0.09
15453,Winx Club: Saving Alfea,DS,2014,Action,Namco Bandai Games,0.02,0,0,0,0.02
8366,Catwoman,PS2,2004,Action,Electronic Arts,0.08,0.06,0,0.02,0.17
15875,Dead to Rights,GBA,2004,Shooter,Zoo Digital Publishing,0.01,0,0,0,0.02
16016,Codename: Panzers Phase Two,PC,2005,Strategy,CDV Software Entertainment,0,0.01,0,0,0.01
10636,Virtual Pool 64,N64,1998,Sports,Crave Entertainment,0.08,0.02,0,0,0.1
6821,Corvette,XB,2003,Racing,TDK Mediactive,0.18,0.05,0,0.01,0.24
11442,Slam 'n Jam '96 featuring Magic & Kareem,PS,1995,Sports,Crystal Dynamics,0.04,0.03,0,0.01,0.08
10952,Black & White 2,PC,2005,Strategy,Electronic Arts,0.01,0.07,0,0.01,0.09
2799,Call of Duty: Ghosts,PC,2013,Shooter,Activision,0.23,0.41,0,0.09,0.73
4667,Mega Man Legends 2,PS,2000,Adventure,Capcom,0.17,0.12,0.1,0.03,0.42
8763,Jikkyou Powerful Pro Yakyuu Portable,PSP,2006,Sports,Konami Digital Entertainment,0,0,0.15,0,0.15
462,Saints Row 2,X360,2008,Action,THQ,1.94,0.8,0.02,0.27,3.03
9175,Robots,DS,2005,Action,Vivendi Games,0.12,0.01,0,0.01,0.14
10073,Ping Pals,DS,2004,Misc,THQ,0.1,0,0,0.01,0.11
8067,Shrek SuperSlam,DS,2005,Action,Activision,0.17,0,0,0.01,0.18
10969,SingStar: Made In Germany,PS3,2009,Misc,Sony Computer Entertainment,0,0.07,0,0.02,0.09
14262,Toushin Toshi,3DS,2014,Role-Playing,imageepoch Inc.,0,0,0.03,0,0.03
380,Battlefield: Bad Company 2,X360,2010,Shooter,Electronic Arts,2.09,1.02,0.04,0.32,3.48
14005,Teenage Mutant Ninja Turtles 3: Mutant Nightmare,XB,2005,Action,Konami Digital Entertainment,0.03,0.01,0,0,0.04
7636,Namco Museum: 50th Anniversary,GBA,2005,Misc,Namco Bandai Games,0.14,0.05,0,0,0.2
3087,Disney's Kim Possible 2: Drakken's Demise,GBA,2004,Platform,Disney Interactive Studios,0.47,0.17,0,0.01,0.66
11342,FIFA Street 2,XB,2006,Sports,Electronic Arts,0.06,0.02,0,0,0.08
13796,Fritz Chess,PS3,2009,Strategy,Deep Silver,0,0.03,0,0.01,0.04
14454,Hot Pixel,PSP,2007,Puzzle,Atari,0.03,0,0,0,0.03
6030,Ken Griffey Jr.'s Slugfest,N64,1999,Sports,Nintendo,0.23,0.06,0,0,0.29
2322,X-Men Legends,XB,2004,Role-Playing,Activision,0.62,0.24,0,0.04,0.9
1149,Far Cry 4,XOne,2014,Shooter,Ubisoft,0.79,0.68,0.01,0.13,1.61
11890,Serious Sam: Next Encounter,PS2,2004,Shooter,Global Star,0.04,0.03,0,0.01,0.07
11236,Walt Disney's The Jungle Book: Rhythm N'Groove,PS,2000,Misc,Sony Computer Entertainment,0.05,0.03,0,0.01,0.09
5525,F1 2013,X360,2013,Racing,Codemasters,0.01,0.28,0,0.03,0.33
1793,Commando,NES,1986,Action,Capcom,0.71,0.16,0.25,0.03,1.14
10880,World Cup '98 France: Road to Win,SAT,1998,Sports,Sega,0,0,0.09,0,0.09
10250,Famicom Mini: Famicom Tantei Club - Kieta Koukeisha Zenkouhen,GBA,2004,Adventure,Nintendo,0,0,0.11,0,0.11
10653,Harry Potter and the Deathly Hallows - Part 2,PC,2011,Action,Electronic Arts,0.05,0.04,0,0.01,0.1
7690,Super Baseball Simulator 1.000,SNES,1991,Sports,Culture Brain,0,0,0.2,0,0.2
9152,"Holy Invasion of Privacy, Badman! What Did I Do to Deserve This?",PSP,2007,Role-Playing,Nippon Ichi Software,0,0,0.13,0,0.14
6553,Polarium,DS,2004,Puzzle,Nintendo,0.13,0.01,0.11,0.01,0.26
1227,Mario Golf: Toadstool Tour,GC,2003,Sports,Nintendo,1.09,0.15,0.25,0.04,1.53
5924,Star Ocean 5: Integrity and Faithlessness,PS4,2016,Role-Playing,Square Enix,0.06,0.07,0.14,0.02,0.3
16070,IL-2 Sturmovik,PC,2001,Simulation,Blue Byte,0,0.01,0,0,0.01
1187,Smuggler's Run,PS2,2000,Racing,Take-Two Interactive,0.77,0.6,0,0.2,1.56
3419,SoulCalibur V,X360,2012,Fighting,Namco Bandai Games,0.39,0.14,0.02,0.04,0.59
5351,Kurushi Final: Mental Blocks,PS,1998,Puzzle,Sony Computer Entertainment,0,0,0.32,0.02,0.34
4924,Yoshi Touch & Go,DS,2005,Platform,Nintendo,0.34,0.02,0,0.03,0.39
8315,Backbreaker,PS3,N/A,Sports,Unknown,0.16,0,0,0.01,0.17
12860,Mister Slime,DS,2008,Action,SouthPeak Games,0.05,0,0,0,0.05
3247,Sacred 2: Fallen Angel,PS3,2009,Role-Playing,Deep Silver,0.22,0.23,0.08,0.09,0.62
16339,Nakayoshi All-Stars: Mezase Gakuen Idol,DS,2008,Misc,Creative Core,0,0,0.01,0,0.01
11243,Rugby 15,XOne,2015,Sports,Bigben Interactive,0.03,0.05,0,0.01,0.09
11509,Cabela's North American Adventures,PS2,2010,Sports,Activision,0.04,0.03,0,0.01,0.08
12067,Street Fighter II': Special Champion Edition (JP weekly sales),GEN,1993,Action,Capcom,0,0,0.07,0,0.07
3676,Rune Factory 4,3DS,2012,Role-Playing,Xseed Games,0.31,0,0.21,0.03,0.55
12623,Petz Bunnyz Bunch,DS,2011,Simulation,Ubisoft,0.05,0,0,0,0.06
2676,Dragon Warrior I&II,GB,1999,Role-Playing,Enix Corporation,0,0,0.77,0,0.77
1368,LEGO Star Wars II: The Original Trilogy,PSP,2006,Action,LucasArts,0.58,0.51,0,0.32,1.41
5388,WWE Day of Reckoning 2,GC,2005,Fighting,THQ,0.26,0.07,0,0.01,0.34
7114,NCAA GameBreaker 2004,PS2,2003,Sports,Sony Computer Entertainment,0.11,0.09,0,0.03,0.23
13611,Attack of the Movies 3D,X360,2010,Shooter,Majesco Entertainment,0.04,0,0,0,0.04
15493,Devil Survivor: Over Clock,3DS,2015,Strategy,Atlus,0,0,0.02,0,0.02
3322,Harry Potter and the Goblet of Fire,GBA,2005,Action,Electronic Arts,0.44,0.16,0,0.01,0.61
13259,American Bass Challenge,GBA,2001,Sports,Starfish,0.03,0.01,0,0,0.05
8164,All Grown Up! Express Yourself,GBA,2004,Misc,THQ,0.13,0.05,0,0,0.18
15353,Cabela's Big Game Hunter: Pro Hunts,WiiU,2014,Shooter,Activision,0.02,0,0,0,0.02
16241,Kao the Kangaroo,GBA,2001,Platform,Titus,0.01,0,0,0,0.01
8849,Fantasia: Music Evolved,XOne,2014,Misc,Disney Interactive Studios,0.11,0.03,0,0.01,0.15
14739,Dragon Tamer: Sound Spirit,DS,2007,Role-Playing,Namco Bandai Games,0,0,0.03,0,0.03
14814,Sengoku Basara: Sanada Yukimura-Den,PS4,2016,Action,Capcom,0,0,0.03,0,0.03
7721,Marvel Super Hero Squad: Comic Combat,Wii,2011,Action,THQ,0.15,0.03,0,0.01,0.2
7445,The Last Airbender,Wii,2010,Action,THQ,0.12,0.07,0,0.02,0.21
14812,Alien Breed Trilogy,X360,2011,Shooter,Mastertronic,0,0.02,0,0,0.03
4371,Petz: Catz 2,Wii,2007,Simulation,Ubisoft,0.41,0.01,0,0.03,0.45
15261,Dakar 2: The World's Ultimate Rally,XB,2003,Racing,Acclaim Entertainment,0.02,0,0,0,0.02
7041,Dynasty Warriors: Strikeforce,X360,2009,Action,Tecmo Koei,0.13,0.06,0.02,0.02,0.23
1128,Call of Duty: Black Ops,PC,N/A,Shooter,Activision,0.58,0.81,0,0.24,1.63
12528,Syndicate,PC,1992,Strategy,Electronic Arts,0,0.05,0,0.01,0.06
3500,Tetris Party Deluxe,Wii,2010,Puzzle,Nintendo,0.34,0.17,0.02,0.05,0.58
7281,NFL 2K3,GC,2002,Sports,Sega,0.17,0.04,0,0.01,0.22
10978,Agassi Tennis Generation,PS2,2003,Sports,DreamCatcher Interactive,0.04,0.03,0,0.01,0.09
4198,The Princess and the Frog,Wii,2009,Platform,Disney Interactive Studios,0.29,0.13,0,0.04,0.47
3519,Spyro Orange: The Cortex Conspiracy,GBA,2004,Action,Vivendi Games,0.41,0.15,0,0.01,0.57
1805,LEGO Star Wars III: The Clone Wars,3DS,2011,Action,LucasArts,0.61,0.43,0,0.09,1.13
15158,Veggy World,DS,2011,Shooter,Jack of All Games,0.02,0,0,0,0.02
10663,Marvel Super Hero Squad: The Infinity Gauntlet,3DS,2011,Action,THQ,0.07,0.02,0,0.01,0.1
1842,Arc the Lad,PS,1995,Role-Playing,Sony Computer Entertainment,0,0,1.1,0.01,1.11
12785,Yuugen Gaisha Brave Company,3DS,2011,Strategy,Namco Bandai Games,0,0,0.06,0,0.06
560,Skate 3,X360,2010,Sports,Electronic Arts,1.46,0.98,0,0.24,2.68
4892,Monster Jam: Urban Assault,DS,2008,Racing,Activision,0.37,0,0,0.03,0.39
5359,SoulCalibur,DC,1999,Fighting,Namco Bandai Games,0,0,0.34,0,0.34
16265,"Hanayaka Kana, Ware ga Ichizoku",PSP,2010,Adventure,Idea Factory,0,0,0.01,0,0.01
10686,Zero4 Champ RR-Z,SNES,1995,Racing,Media Rings,0,0,0.1,0,0.1
15058,Castlevania: Lords of Shadow - Reverie,X360,2011,Action,Konami Digital Entertainment,0.02,0,0,0,0.02
1720,Soviet Strike,PS,1996,Simulation,Electronic Arts,0.65,0.44,0,0.08,1.17
2809,NHL 11,X360,2010,Sports,Electronic Arts,0.61,0.07,0,0.05,0.73
15926,Pillars of Eternity,PC,2014,Role-Playing,Paradox Interactive,0,0.01,0,0,0.02
889,Mortal Kombat II,SNES,1993,Fighting,Acclaim Entertainment,1.48,0.39,0,0.06,1.93
12369,From The Abyss,DS,2008,Role-Playing,Nobilis,0.06,0,0,0,0.06
15840,FIFA Soccer 08,PC,2007,Sports,Electronic Arts,0,0.01,0,0,0.02
13256,Growlanser VI: Precarious World,PS2,2007,Role-Playing,Atlus,0,0,0.05,0,0.05
2435,NBA 2K8,X360,2007,Sports,Take-Two Interactive,0.79,0,0,0.07,0.85
6577,Choro Q3,PS,1998,Racing,Takara,0,0,0.24,0.02,0.26
3745,Inazuma Eleven GO,3DS,2011,Role-Playing,Nintendo,0,0.05,0.48,0,0.54
2931,Book of Spells,PS3,2012,Action,Sony Computer Entertainment,0.13,0.4,0,0.16,0.7
235,Luigi's Mansion: Dark Moon,3DS,2013,Action,Nintendo,1.78,1.39,1.1,0.3,4.58
2182,Cars 2,Wii,2011,Racing,Disney Interactive Studios,0.46,0.39,0,0.1,0.95
4581,The Sims,XB,2003,Simulation,Electronic Arts,0.31,0.1,0,0.01,0.42
1821,Pilotwings 64,N64,1996,Simulation,Nintendo,0.56,0.24,0.3,0.02,1.12
6161,Sly Cooper: Thieves in Time,PSV,2013,Platform,Sony Computer Entertainment Europe,0.16,0.06,0,0.05,0.28
818,Pokemon Mystery Dungeon: Red/Blue Rescue Team,GBA,2005,Role-Playing,Nintendo,0.71,0.52,0.74,0.08,2.06
3447,Cabela's Dangerous Hunts 2011,Wii,2010,Sports,Activision,0.53,0.02,0,0.04,0.58
619,LEGO Harry Potter: Years 1-4,Wii,2010,Action,Warner Bros. Interactive Entertainment,1.29,0.97,0,0.23,2.49
536,Professor Layton and the Last Specter,DS,2009,Puzzle,Nintendo,0.3,1.47,0.68,0.34,2.79
7251,Lethal Skies Elite Pilot: Team SW,PS2,2001,Simulation,Sammy Corporation,0.11,0.08,0,0.03,0.22
14921,Puppet Show 3: Lost Town,PC,2011,Puzzle,Focus Home Interactive,0,0.02,0,0,0.02
16518,Knights in the Nightmare: DHE Series Special Pack,DS,2008,Role-Playing,Sting,0,0,0.01,0,0.01
1783,Pokemon Rumble Blast,3DS,2011,Action,Nintendo,0.47,0.26,0.35,0.07,1.14
14513,Casino Chaos With Las Vegas Players Collection,PC,2011,Misc,THQ,0.03,0,0,0,0.03
8914,Brain Boost: Beta Wave,DS,2005,Puzzle,505 Games,0.14,0,0,0.01,0.15
8131,Aliens: Infestation,DS,2011,Action,Sega,0.1,0.06,0,0.02,0.18
6177,Guitar Hero Live,PS3,2015,Misc,Activision,0.09,0.14,0,0.05,0.28
5620,Final Fantasy XI,PS2,N/A,Role-Playing,Unknown,0.08,0.06,0.15,0.02,0.32
9078,Star Wars: Knights of the Old Republic,PC,2003,Role-Playing,LucasArts,0.01,0.1,0,0.02,0.14
13420,Sesame Street: Elmo's A-to-Zoo Adventure,PC,2010,Misc,Warner Bros. Interactive Entertainment,0.04,0,0,0,0.05
1715,WWE SmackDown vs. Raw 2010,PS3,2009,Fighting,THQ,0.48,0.49,0.01,0.2,1.18
6149,Triple Play 2000,N64,1999,Sports,Electronic Arts,0.27,0.01,0,0,0.28
6575,Petz: Crazy Monkeyz,Wii,2008,Simulation,Ubisoft,0.23,0,0,0.02,0.26
728,Prince of Persia: The Sands of Time,PS2,2003,Action,Ubisoft,0.88,1.03,0,0.31,2.22
4113,2010 FIFA World Cup South Africa,PSP,2010,Sports,Electronic Arts,0.09,0.24,0.03,0.12,0.48
15745,My Ballet Studio,DS,2009,Simulation,505 Games,0.01,0,0,0,0.02
15738,Cookie & Cream,DS,2007,Platform,505 Games,0.01,0,0,0,0.02
11602,The Golf Club,PS4,2014,Sports,Unknown,0.05,0.02,0,0.01,0.08
2616,Dragon Quest Monsters 2,3DS,2014,Role-Playing,Square Enix,0,0,0.79,0,0.79
9139,Eternal Poison,PS2,2008,Role-Playing,Banpresto,0.07,0.05,0,0.02,0.14
8713,Polaris SnoCross,PS,2000,Racing,Vatical Entertainment,0.09,0.06,0,0.01,0.16
9522,Imagine: Fashion Designer,3DS,2011,Simulation,Ubisoft,0.1,0.02,0,0.01,0.13
15793,Chou!! Super Nep League DS,DS,2008,Sports,Jaleco,0,0,0.02,0,0.02
9603,DT Racer,PS2,2005,Racing,XS Games,0.06,0.05,0,0.02,0.13
6105,F1 Race Stars,X360,2012,Racing,Codemasters,0.07,0.18,0,0.03,0.29
4972,Tomb Raider: Legend,X360,2006,Action,Eidos Interactive,0.27,0.08,0.01,0.03,0.39
1555,LEGO Batman: The Videogame,PS2,2008,Action,Warner Bros. Interactive Entertainment,0.72,0.03,0,0.52,1.27
12562,Genkai Tokki: Moero Crystal,PSV,2015,Role-Playing,Compile Heart,0,0,0.06,0,0.06
9520,Margot's Word Brain,Wii,2008,Puzzle,Zoo Digital Publishing,0.12,0,0,0.01,0.13
5081,Harry Potter and the Prisoner of Azkaban,GC,2004,Action,Electronic Arts,0.29,0.08,0,0.01,0.38
6612,NHL 08,PS3,2007,Action,Electronic Arts,0.16,0.06,0,0.03,0.25
13469,The Tale of Despereaux,Wii,2008,Platform,Brash Entertainment,0.04,0,0,0,0.04
14571,Jack Keane,PC,2008,Adventure,Kalypso Media,0,0.02,0,0,0.03
13648,Guilty Gear XX Accent Core,Wii,2007,Fighting,505 Games,0.03,0,0,0,0.04
9317,Tiger Woods PGA Tour 2005,GC,2004,Sports,Electronic Arts,0.1,0.03,0,0,0.14
14693,TV Total Events,Wii,2011,Misc,7G//AMES,0,0.02,0,0,0.03
15803,Pro Rally,GC,2002,Racing,Ubisoft,0.01,0,0,0,0.02
9915,NPPL: Championship Paintball 2009,Wii,2008,Shooter,Activision Value,0.11,0,0,0.01,0.12
14037,Obscure,XB,2004,Adventure,MC2 Entertainment,0.03,0.01,0,0,0.04
5886,Glory of Heracles,DS,2008,Role-Playing,Nintendo,0.2,0,0.08,0.01,0.3
8019,The Walking Dead: Season One,PSV,2013,Adventure,Square Enix,0.14,0,0.01,0.03,0.18
11097,Zoids Assault,X360,2007,Strategy,Takara Tomy,0.08,0,0,0.01,0.09
6640,Evil Zone,PS,1998,Fighting,Titus,0.14,0.1,0,0.02,0.25
6019,CSI: Deadly Intent,Wii,2009,Adventure,Ubisoft,0.13,0.13,0,0.03,0.29
2594,Capcom's Soccer Shootout,SNES,1993,Sports,Nintendo,0,0,0.8,0,0.8
5084,Solaris,2600,1986,Shooter,Atari,0.35,0.02,0,0,0.37
13122,Arx Fatalis,XB,2003,Role-Playing,Mindscape,0.04,0.01,0,0,0.05
4151,NBA Live 99,N64,1998,Sports,Electronic Arts,0.45,0.02,0,0,0.47
3578,Hotel Dusk: Room 215,DS,2007,Adventure,Nintendo,0.27,0.05,0.22,0.03,0.56
2924,Chocobo's Dungeon 2,PS,1998,Role-Playing,SquareSoft,0.04,0.03,0.58,0.05,0.7
11188,PAC-MAN and the Ghostly Adventures,PS3,2013,Platform,Namco Bandai Games,0.03,0.04,0,0.01,0.09
9934,Mobil 1 Rally Championship,PS,2000,Racing,Electronic Arts,0.07,0.04,0,0.01,0.12
2797,Dragon Ball Z: Ultime Menace,SNES,1993,Fighting,Namco Bandai Games,0,0,0.73,0,0.73
2009,LEGO Marvel Super Heroes,XOne,2013,Action,Warner Bros. Interactive Entertainment,0.61,0.34,0,0.09,1.04
4721,Up,PSP,2009,Action,THQ,0.24,0.1,0,0.07,0.41
2538,Tales of Destiny II,PS,2000,Role-Playing,Namco Bandai Games,0.06,0.04,0.66,0.05,0.81
3190,F1 2013,PS3,2013,Racing,Codemasters,0.01,0.45,0.03,0.15,0.63
5316,Saban's Power Rangers: Lightspeed Rescue,PS,2000,Action,THQ,0.19,0.13,0,0.02,0.35
1134,Just Cause 2,X360,2010,Action,Square Enix,0.59,0.85,0.02,0.17,1.62
7203,Aliens vs Predator: Requiem,PSP,2007,Action,Vivendi Games,0.03,0.12,0,0.07,0.22
9016,Shining Force CD,SCD,1994,Strategy,Sega,0,0,0.14,0,0.14
15186,Maximum Capacity: Hotel Giant,PC,2002,Strategy,JoWood Productions,0,0.02,0,0,0.02
14665,Ganbare Goemon: Toukai Douchuu Ooedo Tengurigaeshi no Maki,DS,2005,Action,Konami Digital Entertainment,0,0,0.03,0,0.03
83,FIFA Soccer 13,PS3,2012,Action,Electronic Arts,1.06,5.05,0.13,2.01,8.24
475,World Soccer Winning Eleven 6 International,PS2,2002,Sports,Konami Digital Entertainment,0.12,1.26,1.16,0.45,2.99
8097,LEGO Marvel Super Heroes,PC,2013,Action,Warner Bros. Interactive Entertainment,0.04,0.12,0,0.02,0.18
14067,Mahjong 300,DS,2011,Puzzle,Avanquest,0,0.03,0,0,0.04
9577,Spartan: Total Warrior,XB,2005,Action,Sega,0.1,0.03,0,0,0.13
15348,Casper's Scare School: Spooky Sports Day,Wii,2009,Sports,Blast! Entertainment Ltd,0.02,0,0,0,0.02
15343,Toki no Kizuna: Hanayui Tsuzuri,PSP,2013,Adventure,Idea Factory,0,0,0.02,0,0.02
13184,"Lupin III: Lupin ni wa Shi o, Zenigata ni wa Koi o",PS2,2007,Adventure,505 Games,0,0,0.05,0,0.05
10081,Digimon World DS,DS,2006,Role-Playing,Namco Bandai Games,0.1,0,0,0.01,0.11
405,Ratchet & Clank,PS2,2002,Platform,Sony Computer Entertainment,1.44,1.01,0.57,0.3,3.33
12639,Quiz! Hexagon II,DS,2010,Misc,Namco Bandai Games,0,0,0.06,0,0.06
15397,Anima - Gate of Memories,PS4,2016,Action,Avanquest,0,0.02,0,0,0.02
4419,Disney Infinity 3.0,X360,2015,Action,Disney Interactive Studios,0.19,0.21,0,0.04,0.44
6665,Bomberman Tournament,GBA,2001,Puzzle,Activision,0.1,0.04,0.1,0.01,0.25
11825,The King of Fighters Collection: The Orochi Saga,PSP,2008,Fighting,Ignition Entertainment,0.07,0,0,0,0.07
10703,Nancy Drew: The Model Mysteries,DS,2010,Puzzle,THQ,0.09,0,0,0.01,0.1
7261,Pinball Hall of Fame: The Williams Collection,PS3,2009,Misc,Crave Entertainment,0.2,0,0,0.02,0.22
11081,Mystic Heroes,GC,2002,Action,Tecmo Koei,0.03,0.01,0.04,0,0.09
14267,Combat Mission: Shock Force,PC,2007,Strategy,Paradox Interactive,0,0.03,0,0.01,0.03
8603,Sherlock Holmes vs. Jack the Ripper,X360,2009,Adventure,Focus Home Interactive,0.11,0.04,0,0.01,0.16
13668,Little Busters! Converted Edition,PSP,2010,Adventure,Prototype,0,0,0.04,0,0.04
8270,Ice Age: Dawn of the Dinosaurs,PS2,2009,Action,Activision,0.08,0.07,0,0.02,0.17
9003,Deception IV: Blood Ties,PSV,2014,Action,Tecmo Koei,0.03,0.03,0.07,0.02,0.14
5661,Riven: The Sequel to Myst,PS,1997,Adventure,Acclaim Entertainment,0.18,0.12,0,0.02,0.32
1354,Triple Play 2000,PS,1999,Sports,Electronic Arts,0.79,0.54,0,0.09,1.43
8685,Halo Triple Pack,XB,2005,Shooter,Microsoft Game Studios,0.12,0.03,0,0.01,0.16
12588,Hi Hi Puffy AmiYumi: Kaznapped,GBA,2005,Action,D3Publisher,0.04,0.02,0,0,0.06
10416,SimCity 2000,GBA,2003,Simulation,Zoo Digital Publishing,0.08,0.03,0,0,0.11
511,Yoshi's Story,N64,1997,Platform,Nintendo,1.29,0.53,0.98,0.05,2.85
4688,Sega Rally Championship 2,DC,1999,Racing,Sega,0,0,0.41,0,0.41
2132,NCAA Football 06,XB,2005,Sports,Electronic Arts,0.73,0.21,0,0.03,0.97
1562,Hogan's Alley,NES,1984,Shooter,Nintendo,0.68,0.16,0.41,0.02,1.27
4801,Taiko no Tatsujin Wii: Dodon to 2 Yome!,Wii,2009,Misc,Namco Bandai Games,0,0,0.4,0,0.4
5474,Family Party: 90 Great Games Party Pack,Wii,2010,Misc,D3Publisher,0.31,0,0,0.02,0.33
14415,Mother Goose no Himitsu no Yakata,PSP,2011,Adventure,Quinrose,0,0,0.03,0,0.03
14194,Electroplankton,DS,2005,Misc,Nintendo,0.01,0,0.02,0,0.03
917,Hot Shots Golf 2,PS,1999,Sports,Sony Computer Entertainment,0.25,0.12,1.48,0.03,1.88
3373,Scribblenauts: Unlimited,3DS,2012,Action,Warner Bros. Interactive Entertainment,0.55,0.01,0,0.04,0.6
13091,Virtua Fighter CG Portrait Series Vol.5: Wolf Hawkfield,SAT,1995,Misc,Sega,0,0,0.05,0,0.05
12862,"Murder, She Wrote",PC,2009,Adventure,Focus Home Interactive,0,0.04,0,0.01,0.05
6632,Hatsune Miku: Project Diva F 2nd,PS3,2014,Misc,Sega,0.09,0.04,0.1,0.03,0.25
5933,Power Pro Kun Pocket 6,GBA,2003,Sports,Konami Digital Entertainment,0,0,0.29,0.01,0.3
3820,NASCAR 2000,N64,1999,Racing,Electronic Arts,0.49,0.03,0,0,0.53
9705,Deadliest Catch: Sea of Chaos,Wii,2010,Sports,Crave Entertainment,0.12,0,0,0.01,0.12
5744,Armored Core: Silent Line,PS2,2003,Simulation,Agetec,0.07,0.06,0.16,0.02,0.31
16412,"Element Girl: Love, Fashion and Friends",DS,2008,Adventure,DTP Entertainment,0,0.01,0,0,0.01
13271,Ship Simulator Extremes,PC,2010,Simulation,Paradox Interactive,0,0.04,0,0.01,0.05
6805,Namco Tennis Smash Court,PS,1995,Sports,Sony Computer Entertainment,0,0,0.23,0.02,0.24
10885,Bleach: Heat the Soul,PSP,2005,Fighting,Sony Computer Entertainment,0,0,0.09,0,0.09
5907,John Deere: Harvest in the Heartland,DS,2007,Simulation,Ubisoft,0.23,0.04,0,0.02,0.3
9154,Micro Machines 64 Turbo,N64,1999,Racing,Codemasters,0.11,0.03,0,0,0.14
1701,Spider-Man: The Movie,GC,2002,Action,Activision,0.86,0.27,0.01,0.04,1.19
3866,Front Mission 3,PS,1999,Strategy,SquareSoft,0.1,0.07,0.31,0.03,0.52
15178,Doki Majo Plus,DS,2009,Adventure,SNK Playmore,0,0,0.02,0,0.02
5842,NES Remix,WiiU,2014,Action,Nintendo,0.2,0,0.08,0.02,0.3
9521,Spider-Man: Battle for New York,DS,2006,Platform,Activision,0.12,0,0,0.01,0.13
4450,Ms. Pac-Man Maze Madness,PS,2000,Puzzle,Namco Bandai Games,0.25,0.17,0,0.03,0.44
3037,Minecraft: Story Mode,PS4,2015,Adventure,Mojang,0.23,0.33,0,0.11,0.67
14185,MX vs. ATV Supercross,PS3,2014,Racing,Nordic Games,0.02,0.01,0,0.01,0.03
4340,NCAA Gamebreaker 99,PS,1998,Sports,989 Studios,0.25,0.17,0,0.03,0.45
9595,TOCA Race Driver 2: Ultimate Racing Simulator,XB,2004,Racing,Codemasters,0.09,0.03,0,0,0.13
8825,The Cursed Crusade,X360,2011,Action,DTP Entertainment,0.08,0.05,0,0.01,0.15
5102,Major League Baseball 2K6,X360,2006,Sports,Spike,0.34,0,0,0.03,0.37
2401,Scooby-Doo! First Frights,DS,2009,Action,Warner Bros. Interactive Entertainment,0.63,0.17,0,0.07,0.87
1989,The Simpsons Game,X360,2007,Action,Electronic Arts,0.54,0.4,0,0.11,1.05
15748,LEGO Star Wars II: The Original Trilogy,PC,2006,Action,Activision,0,0.01,0,0,0.02
2813,NCAA Football 07,X360,2006,Sports,Electronic Arts,0.67,0,0,0.06,0.73
7617,Famista 64,N64,N/A,Sports,Namco Bandai Games,0,0,0.17,0.03,0.2
3073,Street Fighter Anniversary Collection,PS2,2004,Fighting,Capcom,0.32,0.25,0,0.08,0.66
10064,My SAT Coach with The Princeton Review,DS,2008,Misc,Ubisoft,0.1,0,0,0.01,0.11
6472,MLB SlugFest 2006,PS2,2006,Sports,Midway Games,0.13,0.1,0,0.03,0.26
15146,IL-2 Sturmovik: Forgotten Battles,PC,2003,Simulation,Ubisoft,0,0.02,0,0,0.02
8661,"BCFX: The Black College Football Xperience, The Doug Williams Edition",X360,2009,Sports,Aspyr,0.15,0,0,0.01,0.16
9158,Eternal Eyes,PS,1999,Role-Playing,Sunsoft,0.08,0.05,0,0.01,0.14
16274,The Humans: Meet the Ancestors!,DS,2009,Puzzle,Deep Silver,0.01,0,0,0,0.01
1446,Mortal Kombat X,XOne,2015,Fighting,Warner Bros. Interactive Entertainment,1,0.21,0,0.13,1.35
10825,Jaws: Ultimate Predator,Wii,2011,Action,Majesco Entertainment,0.09,0,0,0.01,0.09
6230,Pinkalicious,DS,2011,Misc,GameMill Entertainment,0.26,0,0,0.02,0.28
10055,Taiko Drum Master: Tokumori!,WiiU,2014,Misc,Namco Bandai Games,0,0,0.11,0,0.11
6158,Yu-Gi-Oh! World Championship 2008,DS,2007,Strategy,Konami Digital Entertainment,0.13,0.02,0.12,0.01,0.28
14657,Totally Spies! Totally Party,PC,2008,Misc,Ubisoft,0,0.02,0,0,0.03
8878,Candace Kane's Candy Factory,Wii,2008,Action,Destineer,0.14,0,0,0.01,0.15
7150,Deadly Duck,2600,1981,Shooter,20th Century Fox Video Games,0.21,0.01,0,0,0.22
9730,Lemony Snicket's A Series of Unfortunate Events,XB,2004,Platform,Activision,0.09,0.03,0,0,0.12
3359,Puyo Puyo Sun,SAT,1997,Puzzle,Compile,0,0,0.6,0,0.6
14233,Gaia Saver Hero Saidai no Sakusen,SNES,1994,Role-Playing,Banpresto,0,0,0.03,0,0.03
4037,Ultimate I Spy,Wii,2008,Adventure,Scholastic Inc.,0.45,0,0,0.03,0.49
3381,The Fight: Lights Out,PS3,2010,Fighting,Sony Computer Entertainment,0.29,0.22,0,0.09,0.6
618,Rockstar Games Double Pack: Grand Theft Auto III & Grand Theft Auto Vice City,XB,2003,Action,Take-Two Interactive,1.84,0.56,0,0.09,2.49
14092,Greg Hastings Paintball 2,PS3,2010,Shooter,Majesco Entertainment,0.03,0,0,0,0.04
8086,Dengeki Bunko Fighting Climax,PSV,2014,Fighting,Sega,0.08,0,0.07,0.03,0.18
10989,Disney's The Haunted Mansion,XB,2003,Platform,Take-Two Interactive,0.07,0.02,0,0,0.09
4414,Jampack Volume 13 (RP-M),PS2,2005,Misc,Sony Computer Entertainment,0.37,0.01,0,0.06,0.44
585,NBA 2K12,X360,2011,Sports,Take-Two Interactive,2.31,0.14,0.01,0.16,2.62
11364,Deadliest Catch: Sea of Chaos,PS3,2010,Sports,Crave Entertainment,0.08,0,0,0.01,0.08
1101,Street Fighter II': Special Champion Edition,GEN,1992,Fighting,Sega,1,0.3,0.31,0.04,1.66
10551,Monkey Mischief! Party Time,Wii,2008,Misc,Activision,0.09,0,0,0.01,0.1
13782,Fisherman's Challenge,PS2,2003,Sports,Konami Digital Entertainment,0.02,0.02,0,0.01,0.04
11390,The Sims 2: Ikea Home Stuff,PC,2008,Simulation,Electronic Arts,0,0.07,0,0.02,0.08
3311,Duke Nukem: Total Meltdown,PS,1997,Shooter,GT Interactive,0.34,0.23,0,0.04,0.61
10796,Johnny Bravo in The Hukka-Mega-Mighty-Ultra-Extreme Date-O-Rama,DS,2009,Action,Blast! Entertainment Ltd,0.09,0,0,0.01,0.1
7288,Jackie Chan: Stuntmaster,PS,1999,Action,Sony Computer Entertainment,0.12,0.08,0,0.01,0.22
3838,Star Wars Battlefront: Elite Squadron,DS,2009,Shooter,LucasArts,0.44,0.04,0,0.04,0.52
10056,Growlanser Generations,PS2,2003,Role-Playing,Atlus,0.06,0.04,0,0.01,0.11
15590,Gakken DS: Shin TOEIC Test Kanzen Kouryaku,DS,2007,Misc,Gakken,0,0,0.02,0,0.02
14447,Kokoro no Kokoron,DS,2011,Misc,Namco Bandai Games,0,0,0.03,0,0.03
16119,Tears to Tiara: Kakan no Daichi Portable,PSP,2010,Adventure,Aqua Plus,0,0,0.01,0,0.01
3743,World Soccer Winning Eleven 7 International (JP version),PS2,2004,Sports,Konami Digital Entertainment,0,0,0.54,0,0.54
1655,Call of Duty: Finest Hour,XB,2004,Shooter,Activision,0.78,0.4,0,0.04,1.21
4617,Solitaire Overload,DS,2007,Misc,Telegames,0.39,0,0,0.03,0.42
5409,Bookworm,DS,2009,Puzzle,PopCap Games,0.31,0.01,0,0.02,0.34
14560,BeatMania IIDX 15: DJ Troopers,PS2,2008,Simulation,Konami Digital Entertainment,0,0,0.03,0,0.03
527,Yoshi's Island DS,DS,2006,Platform,Nintendo,1.47,0.07,1.1,0.15,2.8
3613,Major League Baseball 2K5,XB,2005,Sports,Take-Two Interactive,0.52,0.02,0,0.02,0.56
9096,Hitman: Blood Money,XB,2006,Action,Eidos Interactive,0.11,0.03,0,0.01,0.14
14559,Blue Breaker: Ken Yorimo Hohoemi o,PCFX,1996,Role-Playing,NEC,0,0,0.03,0,0.03
4134,Dynasty Warriors Gundam,PS3,2007,Action,Tecmo Koei,0.14,0.01,0.31,0.02,0.48
13538,Gem Smashers,3DS,2011,Platform,Crave Entertainment,0.04,0,0,0,0.04
5178,High Heat Major League Baseball 2004,PS2,2003,Sports,3DO,0.18,0.14,0,0.05,0.36
7439,J-League Winning Eleven 10 + Europa League 06-07,PS2,2006,Sports,Konami Digital Entertainment,0,0,0.21,0,0.21
3124,Mary-Kate and Ashley: Magical Mystery Mall,PS,2000,Adventure,Acclaim Entertainment,0.36,0.24,0,0.04,0.65
11194,Invasion From Beyond,PS,1998,Shooter,GT Interactive,0.05,0.03,0,0.01,0.09
12498,Remember Me,PC,2013,Action,Capcom,0,0.05,0,0.01,0.06
14913,Monster Mayhem: Build and Battle,DS,2009,Simulation,Zushi Games,0.02,0,0,0,0.02
4123,Two Worlds II,PS3,2011,Role-Playing,Unknown,0.26,0.11,0.06,0.05,0.48
13868,Ballistic,PS,1999,Puzzle,Atari,0.02,0.01,0,0,0.04
13080,Monster 4x4: Masters of Metal,GC,2003,Racing,Ubisoft,0.04,0.01,0,0,0.05
5287,Terminator Salvation,X360,2009,Shooter,Warner Bros. Interactive Entertainment,0.13,0.18,0,0.04,0.35
12916,Pretty Cure All Stars Everyone Gather ? Let's Dance!,Wii,2013,Misc,Namco Bandai Games,0,0,0.05,0,0.05
7477,The Amazing Spider-Man (Console Version),DS,2012,Action,Activision,0.15,0.04,0,0.01,0.21
11871,Winning Eleven Playmaker 2010: Aoki Samurai no Chousen,Wii,2010,Sports,Konami Digital Entertainment,0,0,0.07,0,0.07
9891,ArmA III,PC,2013,Shooter,Bohemia Interactive,0,0.1,0,0.02,0.12
6426,Jikkyou Powerful Pro Yakyuu 2010,PS3,2010,Sports,Konami Digital Entertainment,0,0,0.27,0,0.27
1480,Final Fantasy X / X-2 HD Remaster,PS3,2013,Role-Playing,Square Enix,0.43,0.4,0.32,0.18,1.33
16445,Colin McRae Rally 2005 plus,PSP,2005,Racing,Codemasters,0,0,0.01,0,0.01
12222,Gunstar Super Heroes,GBA,2005,Shooter,Sega,0.05,0.02,0,0,0.07
5983,Kurohyou: Ryu ga Gotoku Shinshou,PSP,2010,Adventure,Sega,0,0,0.29,0,0.29
6557,Avatar: The Last Airbender - The Burning Earth,Wii,2007,Action,THQ,0.24,0,0,0.02,0.26
7719,UFC: Tapout,XB,2002,Fighting,Crave Entertainment,0.14,0.05,0,0.01,0.2
2096,EyePet,PS3,2009,Simulation,Sony Computer Entertainment,0.35,0.52,0.04,0.09,0.99
3794,NBA 06,PS2,2005,Sports,Sony Computer Entertainment,0.26,0.2,0,0.07,0.53
14748,ParaParaParadise,PS2,2001,Misc,Konami Digital Entertainment,0,0,0.03,0,0.03
11114,Karaoke Revolution Presents American Idol Encore,PS3,2008,Misc,Konami Digital Entertainment,0.08,0,0,0.01,0.09
11013,Pipe Mania,DS,2008,Puzzle,Empire Interactive,0.08,0.01,0,0.01,0.09
10093,Coraline,PS2,2009,Action,D3Publisher,0.06,0.04,0,0.01,0.11
12012,Point Blank DS (JP sales),DS,2006,Shooter,Atari,0,0,0.07,0,0.07
1396,Teenage Mutant Ninja Turtles III: The Manhattan Project,NES,1991,Action,Konami Digital Entertainment,1.05,0.17,0.15,0.02,1.39
15979,Ouran Koukou Host Bu,PS2,2007,Adventure,Idea Factory,0,0,0.02,0,0.02
10456,Army Corps of Hell,PSV,2011,Action,Square Enix,0.05,0.04,0,0.02,0.1
50,Pokemon Omega Ruby/Pokemon Alpha Sapphire,3DS,2014,Role-Playing,Nintendo,4.23,3.37,3.08,0.65,11.33
10699,Fate/hollow ataraxia,PSV,2014,Adventure,Type-Moon,0,0,0.1,0,0.1
15656,Disney Sports Basketball,GBA,2002,Sports,Konami Digital Entertainment,0.01,0,0,0,0.02
6356,Stuntman: Ignition,PS2,2007,Racing,THQ,0.13,0.1,0,0.03,0.27
14140,Resident Evil 4 HD,PS4,2016,Shooter,Capcom,0.03,0,0,0.01,0.03
14344,Konami Classics Series: Arcade Hits,DS,2007,Misc,Konami Digital Entertainment,0.01,0,0.02,0,0.03
8697,Block Party,Wii,2008,Misc,Activision,0.14,0,0,0.01,0.16
3585,All-Star Baseball 2002,PS2,2001,Sports,Acclaim Entertainment,0.27,0.21,0,0.07,0.56
10657,King's Field: The Ancient City,PS2,2001,Role-Playing,Metro 3D,0.05,0.04,0,0.01,0.1
12497,Serious Sam II,XB,2005,Shooter,Take-Two Interactive,0.05,0.01,0,0,0.06
1535,Transformers,PS2,2004,Shooter,Atari,0.63,0.49,0,0.16,1.29
13975,Steambot Chronicles,PS2,2005,Role-Playing,505 Games,0.02,0.01,0,0,0.04
3365,NASCAR Heat 2002,PS2,2001,Racing,Infogrames,0.29,0.23,0,0.08,0.6
39,Grand Theft Auto III,PS2,2001,Action,Take-Two Interactive,6.99,4.51,0.3,1.3,13.1
11933,Kane & Lynch 2: Dog Days,PC,2010,Shooter,Square Enix,0,0.06,0,0.01,0.07
7964,SD Gundam GX,SNES,1994,Strategy,Namco Bandai Games,0,0,0.19,0,0.19
14994,Colin McRae Rally 2.0,GBA,2002,Racing,Codemasters,0.02,0.01,0,0,0.02
12074,Suzumiya Haruhi no Gekidou,Wii,2009,Adventure,Kadokawa Shoten,0,0,0.07,0,0.07
5392,The Adventures of Tintin: The Game,Wii,2011,Action,Ubisoft,0.13,0.17,0,0.04,0.34
3070,Strawberry Shortcake: Summertime Adventure,GBA,2004,Adventure,Majesco Entertainment,0.47,0.18,0,0.01,0.66
14058,Clockwork Empires,PC,N/A,Strategy,Unknown,0,0.03,0,0,0.04
13162,Cartoon Network Racing,DS,2006,Action,Game Factory,0.04,0,0,0,0.05
2548,Army Men: Sarge's Heroes,N64,1999,Action,3DO,0.68,0.12,0,0.01,0.81
14394,Timmy Time,DS,2011,Action,Avanquest,0,0.03,0,0,0.03
1464,Max Payne 2: The Fall of Max Payne,PS2,2003,Shooter,Take-Two Interactive,0.65,0.51,0,0.17,1.34
7539,Fairy Fencer F,PS3,2013,Role-Playing,Nippon Ichi Software,0.05,0.05,0.09,0.02,0.2
14077,Double Value!: ATV Thunder Ridge Riders / Monster Trucks Mayhem,DS,2007,Racing,Zoo Digital Publishing,0.03,0,0,0,0.04
1632,Fallout 4,PC,2015,Role-Playing,Bethesda Softworks,0.5,0.63,0,0.1,1.23
3965,The Mummy Returns,PS2,2001,Action,Universal Interactive,0.25,0.19,0,0.06,0.5
10924,Yu-Gi-Oh! GX: The Beginning of Destiny (US sales),PS2,2007,Strategy,Konami Digital Entertainment,0.05,0.04,0,0.01,0.09
14891,Tenkaichi * Sengoku Lovers,DS,2010,Adventure,Rocket Company,0,0,0.03,0,0.03
7438,Just Dance: Greatest Hits,Wii,2012,Misc,Ubisoft,0.15,0.04,0,0.02,0.21
3188,SingStar Queen,PS2,2009,Misc,Sony Computer Entertainment,0.08,0.12,0,0.44,0.63
5369,Driver 2 Advance,GBA,2002,Action,Atari,0.25,0.09,0,0.01,0.34
15874,Full House Kiss 2,PS2,2006,Adventure,Capcom,0,0,0.02,0,0.02
11229,Codename Tenka,PS,1997,Shooter,Psygnosis,0.05,0.03,0,0.01,0.09
3093,F1 2015,PS4,2015,Racing,Codemasters,0.09,0.44,0.03,0.09,0.66
8645,Victorious: Hollywood Arts Debut,DS,2011,Misc,D3Publisher,0.14,0.01,0,0.01,0.16
14018,Challenge Me: Word Puzzles,DS,2011,Puzzle,O-Games,0.03,0,0,0,0.04
12754,Scrabble Blast!,GBA,2005,Misc,Zoo Digital Publishing,0.04,0.01,0,0,0.06
10043,Taito Legends,PS2,2005,Misc,Empire Interactive,0.06,0.04,0,0.01,0.11
5552,EA Playground,DS,2007,Sports,Electronic Arts,0.29,0.01,0,0.03,0.33
13925,Don Bradman Cricket 14,XOne,2015,Sports,Tru Blu Entertainment,0,0.04,0,0,0.04
15575,The Crew: Wild Run,PC,2015,Action,Ubisoft,0,0.02,0,0,0.02
3885,The 3rd Birthday,PSP,2010,Role-Playing,Square Enix,0.13,0.07,0.27,0.05,0.51
7682,Harry Potter and the Goblet of Fire,PSP,2005,Action,Electronic Arts,0.17,0.01,0,0.02,0.2
6343,Tropico 4,PC,2011,Strategy,Kalypso Media,0.1,0.13,0,0.04,0.27
15938,Pippa Funnell 2: Farm Adventures,DS,2007,Simulation,Ubisoft,0,0.01,0,0,0.02
10214,The Croods: Prehistoric Party!,Wii,2013,Misc,D3Publisher,0.03,0.07,0,0.01,0.11
4658,NBA 2K11,PSP,2010,Action,Take-Two Interactive,0.39,0,0,0.03,0.42
7051,Major League Baseball 2K10,PS2,2010,Sports,Take-Two Interactive,0.11,0.09,0,0.03,0.23
14510,SimCity,PC,1988,Simulation,Maxis,0,0.02,0,0.01,0.03
3152,James Bond 007: Everything or Nothing,XB,2004,Shooter,Electronic Arts,0.43,0.19,0,0.02,0.64
5649,Cartoon Network Collection: Game Boy Advance Video Platinum Edition,GBA,2005,Misc,N/A,0.23,0.08,0,0.01,0.32
5900,Shin Megami Tensei: Persona 2: Innocent Sin,PSP,2011,Role-Playing,Atlus,0.13,0.03,0.11,0.03,0.3
1236,Xevious,NES,1984,Shooter,Namco Bandai Games,0.18,0.06,1.27,0.01,1.52
3002,Tourist Trophy: The Real Riding Simulator,PS2,2006,Racing,Sony Computer Entertainment,0.28,0.22,0.11,0.07,0.68
10329,Hysteria Hospital: Emergency Ward,DS,2009,Action,Oxygen Interactive,0.1,0,0,0.01,0.11
13491,Front Mission,DS,2007,Strategy,Square Enix,0.01,0,0.03,0,0.04
5288,Jikkyou Powerful Pro Yakyuu 13,PS2,2006,Sports,Konami Digital Entertainment,0,0,0.35,0,0.35
11444,Looney Tunes: Acme Arsenal,X360,2007,Action,Warner Bros. Interactive Entertainment,0.06,0.01,0,0.01,0.08
5358,Dynasty Warriors 5 Empires,PS2,2006,Action,Tecmo Koei,0.11,0.09,0.12,0.03,0.34
13082,Caligula,PSV,2016,Role-Playing,FuRyu,0,0,0.05,0,0.05
13778,Go Diego Go!: Safari Rescue,PS2,2008,Action,Take-Two Interactive,0.02,0.02,0,0.01,0.04
845,Forza Horizon,X360,2012,Racing,Microsoft Game Studios,0.82,0.98,0.04,0.18,2.02
4041,FIFA Soccer 09,DS,2008,Sports,Electronic Arts,0.12,0.31,0,0.06,0.49
961,Crazy Taxi,DC,2000,Racing,Sega,1.1,0.51,0.12,0.08,1.81
14830,Disney Planes Fire & Rescue,WiiU,2014,Action,Disney Interactive Studios,0.01,0.01,0,0,0.03
12113,Zettai Onkan Otoda Master,DS,2007,Role-Playing,Hudson Soft,0,0,0.07,0,0.07
9733,The Ant Bully,GC,2006,Platform,Midway Games,0.09,0.02,0,0,0.12
13012,Shifters,PS2,2002,Adventure,3DO,0.03,0.02,0,0.01,0.05
3955,Midnight Magic,2600,1983,Action,Atari,0.47,0.03,0,0.01,0.5
3702,ModNation Racers,PSP,2010,Racing,Sony Computer Entertainment,0.11,0.27,0.02,0.14,0.54
8421,Matchbox Cross Town Heroes,GBA,2002,Racing,THQ,0.12,0.04,0,0,0.17
3935,Rory McIlroy PGA Tour,PS4,2015,Action,Electronic Arts,0.18,0.24,0,0.08,0.51
9507,Ape Escape 3,PS2,2005,Platform,Sony Computer Entertainment,0.06,0.05,0,0.02,0.13
3368,BeatMania Append 3rdMix,PS,1998,Simulation,Konami Digital Entertainment,0,0,0.56,0.04,0.6
4159,MySims Racing,Wii,2009,Racing,Electronic Arts,0.19,0.23,0,0.05,0.47
8367,Monsters vs. Aliens,X360,2009,Action,Activision,0.12,0.03,0,0.01,0.17
3717,Def Jam: Fight for NY,XB,N/A,Fighting,Electronic Arts,0.43,0.1,0,0.02,0.54
3978,Rugrats in Paris: The Movie,N64,2000,Action,THQ,0.4,0.09,0,0.01,0.5
7827,NHL Hitz Pro,PS2,2003,Sports,Midway Games,0.09,0.07,0,0.02,0.19
5292,Mini Ninjas,DS,2009,Action,Eidos Interactive,0.17,0.15,0,0.04,0.35
4234,Circus Atari,2600,N/A,Action,Atari,0.43,0.03,0,0,0.46
16202,Casper,GBA,2002,Adventure,Microids,0.01,0,0,0,0.01
15901,"Nogizaka Haruka no Himitsu Cosplay, Hajime Mashita",PS2,2008,Adventure,ASCII Media Works,0,0,0.02,0,0.02
4136,Final Fantasy Crystal Chronicles: Echoes of Time,DS,2009,Role-Playing,Square Enix,0.12,0.06,0.27,0.02,0.48
10481,May's Mystery: Forbidden Memories,DS,2011,Puzzle,Mastertronic,0.05,0.04,0,0.01,0.1
3513,Tony Hawk's Pro Skater 4,GBA,2002,Sports,Activision,0.41,0.15,0,0.01,0.57
10403,X-Men: The Official Game,DS,2006,Action,Activision,0.1,0,0,0.01,0.11
14791,Lost Planet 2,PC,2010,Shooter,Capcom,0,0.02,0,0.01,0.03
8503,Monster Jam,Wii,2007,Racing,Activision,0.15,0,0,0.01,0.16
708,Sonic's Ultimate Genesis Collection,PS3,2009,Misc,Sega,1.34,0.62,0,0.31,2.27
3596,Fullmetal Alchemist and the Broken Angel,PS2,2003,Role-Playing,Square Enix,0.15,0.12,0.26,0.04,0.56
6657,WipEout XL,PS,1996,Racing,Psygnosis,0.14,0.1,0,0.02,0.25
8374,Terminator 3: The Redemption,PS2,2004,Shooter,Atari,0.08,0.06,0,0.02,0.17
6762,Sorry! / Aggravation / Scrabble Junior,GBA,2005,Misc,Zoo Digital Publishing,0.18,0.07,0,0,0.25
3985,NBA Street Homecourt,X360,2007,Sports,Electronic Arts,0.45,0.01,0,0.04,0.5
13429,Grey's Anatomy: The Video Game,DS,2009,Adventure,Ubisoft,0.03,0.01,0,0,0.05
352,Tom Clancy's The Division,PS4,2016,Shooter,Ubisoft,1.28,1.61,0.15,0.57,3.61
16490,Slotter Mania P: Tetsuya Shinjuku vs Ueno,PSP,2010,Misc,Dorart,0,0,0.01,0,0.01
722,Sonic Advance,GBA,2001,Platform,Sega,1.19,0.71,0.22,0.13,2.24
3754,Tales of Symphonia: Dawn of the New World,Wii,2008,Role-Playing,Namco Bandai Games,0.22,0.05,0.24,0.03,0.54
10590,Darius Gaiden,SAT,1995,Shooter,Acclaim Entertainment,0,0,0.1,0,0.1
8489,Thor: God of Thunder,Wii,2011,Action,Sega,0.11,0.04,0,0.01,0.16
10494,G1 Jockey 3,PS2,2002,Sports,THQ,0.02,0.01,0.07,0,0.1
37,Call of Duty: Modern Warfare 2,X360,2009,Shooter,Activision,8.52,3.63,0.08,1.29,13.51
9987,Center Ring Boxing,SAT,1994,Fighting,JVC,0,0,0.12,0,0.12
9176,Gyakuten Saiban 2,GBA,2002,Action,Capcom,0,0,0.14,0,0.14
13597,LEGO Indiana Jones: The Original Adventures,PC,2008,Action,LucasArts,0.02,0.02,0,0.01,0.04
13689,Paws & Claws: Regal Resort,DS,2010,Simulation,THQ,0.04,0,0,0,0.04
6484,Michael Jackson: The Experience,DS,2010,Misc,Ubisoft,0.22,0.03,0,0.02,0.26
8084,Pro Yaky? Spirits 2011,PS3,2011,Sports,Konami Digital Entertainment,0,0,0.18,0,0.18
7065,AKB1/149: Love Election,PSP,2012,Adventure,Namco Bandai Games,0,0,0.23,0,0.23
6478,Bolt,PS2,2008,Adventure,Disney Interactive Studios,0.09,0.02,0,0.16,0.26
14563,Planet of the Apes,GBA,2001,Action,Ubisoft,0.02,0.01,0,0,0.03
9431,SpongeBob's Surf & Skate Roadtrip,DS,2011,Action,THQ,0.11,0.02,0,0.01,0.13
12129,Build-A-Bear Workshop: Friendship Valley,Wii,N/A,Misc,Unknown,0.06,0,0,0,0.07
11932,"Horrid Henry: The Good, The Bad and The Bugly",3DS,2011,Platform,Asylum Entertainment,0,0.06,0,0.01,0.07
8745,NHL 2K10,PS3,2009,Sports,Take-Two Interactive,0.13,0.01,0,0.01,0.15
14922,Star Wars: Empire at War - Forces of Corruption,PC,2006,Strategy,LucasArts,0,0.02,0,0,0.02
2457,Tiger Woods PGA Tour 11,PS3,2010,Sports,Electronic Arts,0.37,0.34,0,0.13,0.84
4345,TNA iMPACT!,X360,2008,Fighting,Midway Games,0.26,0.15,0,0.04,0.45
6846,Megamind: Mega Team Unite,Wii,2010,Adventure,THQ,0.16,0.06,0,0.02,0.24
1784,Action Bass,PS,2000,Action,Take-Two Interactive,0.64,0.43,0,0.07,1.14
4888,NBA 2K10,Wii,2009,Sports,Take-Two Interactive,0.36,0,0,0.03,0.39
10097,JASF: Jane's Advanced Strike Fighters,PS3,2011,Simulation,Deep Silver,0.07,0.03,0,0.02,0.11
2989,Metro: Last Light,PS4,2014,Action,Deep Silver,0.22,0.3,0.04,0.12,0.68
1226,FIFA 17,XOne,2016,Sports,Electronic Arts,0.17,1.26,0,0.1,1.53
14859,Wand of Fortune 2: Jikuu ni Shizumu Mokushiroku,PSP,2011,Adventure,Idea Factory,0,0,0.03,0,0.03
5291,Mega Man X3,SNES,1995,Action,Laguna,0.04,0.01,0.3,0,0.35
6844,Pro Yaky? Spirits 2010,PSP,2010,Sports,Konami Digital Entertainment,0,0,0.24,0,0.24
8020,Ty the Tasmanian Tiger,XB,2002,Platform,Electronic Arts,0.14,0.04,0,0.01,0.18
5268,Trauma Center: Second Opinion,Wii,2006,Simulation,Nintendo,0.28,0.02,0.03,0.03,0.35
3355,Secret Agent Clank,PS2,2009,Platform,Sony Computer Entertainment,0.13,0.18,0,0.29,0.6
658,Guitar Hero,PS2,2005,Misc,RedOctane,1.67,0.61,0.03,0.07,2.38
1896,Prince of Persia,PS3,2008,Action,Ubisoft,0.47,0.41,0.03,0.18,1.08
3015,Street Sk8er,PS,1998,Sports,Electronic Arts,0.37,0.25,0,0.04,0.67
1485,Need for Speed Underground Rivals,PSP,2005,Racing,Electronic Arts,0.69,0.38,0.02,0.24,1.32
15642,Lara Croft and the Temple of Osiris,PC,2014,Action,Square Enix,0,0.02,0,0,0.02
9637,Freedom Fighters,GC,2003,Shooter,Electronic Arts,0.1,0.03,0,0,0.13
9666,Marvel Avengers: Battle for Earth,WiiU,2012,Action,Ubisoft,0.07,0.04,0,0.01,0.12
3472,Digimon World 2,PS,2000,Role-Playing,Namco Bandai Games,0.23,0.16,0.16,0.04,0.58
8736,Chaotic: Shadow Warriors,X360,2009,Action,Activision,0.14,0,0,0.01,0.15
1190,Twisted Metal,PS,1995,Action,Sony Computer Entertainment,1.32,0.19,0,0.05,1.56
2945,X-Men Origins: Wolverine - Uncaged Edition,X360,2009,Action,Activision,0.42,0.21,0,0.06,0.69
13422,The Bible Game,XB,2005,Misc,Crave Entertainment,0.03,0.01,0,0,0.05
15968,Sengoku,PC,2011,Strategy,Paradox Interactive,0,0.01,0,0,0.02
3462,Sammy Sosa High Heat Baseball 2001,PS,2000,Sports,3DO,0.32,0.22,0,0.04,0.58
1302,Battlefield: Bad Company,X360,2008,Shooter,Electronic Arts,0.81,0.46,0.04,0.15,1.46
14844,SWAT 4,PC,2005,Shooter,Vivendi Games,0,0.02,0,0,0.03
4155,Unreal Tournament III,X360,2008,Shooter,Midway Games,0.25,0.17,0.01,0.05,0.47
5629,SimAnimals,Wii,2009,Simulation,Electronic Arts,0.15,0.14,0,0.03,0.32
10301,Robotech: Invasion,PS2,2004,Shooter,Global Star,0.05,0.04,0,0.01,0.11
5493,Little Deviants,PSV,2011,Platform,Sony Computer Entertainment,0.15,0.13,0,0.05,0.33
10358,BlazBlue: Continuum Shift II,3DS,2011,Fighting,PQube,0.05,0.01,0.04,0.01,0.11
1146,Super Mario Strikers,GC,2005,Sports,Nintendo,0.98,0.38,0.2,0.04,1.61
5745,SD Gundam G Generation Wars,PS2,2009,Strategy,Namco Bandai Games,0,0,0.31,0,0.31
9664,Peter Jacobsen's Golden Tee Golf,PS,2000,Sports,Infogrames,0.07,0.05,0,0.01,0.12
6518,Etrian Odyssey Untold: The Millennium Girl,3DS,2013,Role-Playing,Atlus,0.1,0.01,0.14,0.01,0.26
11978,McFarlane's Evil Prophecy,PS2,N/A,Action,Konami Digital Entertainment,0.03,0.03,0,0.01,0.07
54,Super Mario 3D Land,3DS,2011,Platform,Nintendo,4.89,2.99,2.13,0.78,10.79
1779,Dragon Quest I & II,SNES,1993,Role-Playing,Enix Corporation,0,0,1.15,0,1.15
12889,Goosebumps: The Game,3DS,2015,Adventure,WayForward Technologies,0.05,0,0,0.01,0.05
1342,Rayman Raving Rabbids,Wii,2006,Misc,Ubisoft,1.23,0.07,0.02,0.11,1.44
4683,Scooby-Doo and the Cyber Chase,GBA,2001,Adventure,Ubisoft,0.3,0.11,0,0.01,0.41
9243,Cyber Sled,PS,1995,Action,Sony Computer Entertainment,0,0,0.13,0.01,0.14
5565,Karaoke Revolution Presents American Idol Encore 2,Wii,2008,Misc,Konami Digital Entertainment,0.3,0,0,0.02,0.33
135,Red Dead Redemption,X360,2010,Action,Take-Two Interactive,3.7,1.97,0.09,0.57,6.34
9905,A.C.E.: Another Century's Episode Portable,PSP,2011,Simulation,Namco Bandai Games,0,0,0.12,0,0.12
10512,Death By Degrees,PS2,2005,Action,Sony Computer Entertainment,0.05,0.04,0,0.01,0.1
12443,Nicola Kanshuu: Model * Oshare Audition 2,3DS,2011,Action,Alchemist,0,0,0.06,0,0.06
8135,Dynasty Warriors: Gundam 3,X360,2010,Action,Tecmo Koei,0.11,0.04,0.02,0.01,0.18
3158,Tom Clancy's Rainbow Six,N64,1999,Shooter,Red Storm Entertainment,0.48,0.15,0,0.01,0.64
12981,Dreamer Series: Puppy Trainer,DS,2008,Simulation,DreamCatcher Interactive,0.05,0,0,0,0.05
14451,Go! Go! Hypergrind,GC,2003,Sports,Atlus,0.02,0.01,0,0,0.03
3222,Battle of Giants: Dragons,DS,2009,Strategy,Ubisoft,0.31,0.25,0,0.06,0.63
10083,The King of Fighters '99,PS,2000,Fighting,SNK,0,0,0.11,0.01,0.11
9801,Yard Sale Hidden Treasures: Sunnyville,DS,2010,Puzzle,Konami Digital Entertainment,0.11,0,0,0.01,0.12
4991,Looney Tunes: Acme Arsenal,PS2,2007,Action,Warner Bros. Interactive Entertainment,0.19,0.15,0,0.05,0.38
6124,Shadow Hearts,PS2,2001,Role-Playing,Midway Games,0.09,0.07,0.1,0.02,0.28
12542,Need for Speed: Shift,PC,2009,Racing,Electronic Arts,0,0.05,0,0.01,0.06
5356,The Wild Thornberrys Movie,GBA,2002,Platform,THQ,0.25,0.09,0,0.01,0.34
2632,Lips,X360,2008,Misc,Microsoft Game Studios,0.12,0.56,0,0.1,0.78
2657,NBA ShootOut 98,PS,1998,Sports,Sony Computer Entertainment,0.43,0.29,0,0.05,0.78
6914,My Street,PS2,2003,Misc,Sony Computer Entertainment,0.12,0.09,0,0.03,0.24
697,God of War: Ascension,PS3,2013,Action,Sony Computer Entertainment,1.23,0.68,0.04,0.34,2.29
12669,Tom Clancy's Ghost Recon: Advanced Warfighter,PS2,2006,Shooter,Ubisoft,0.03,0.02,0,0.01,0.06
14612,Attack on Titan (KOEI),XOne,2016,Action,Tecmo Koei,0.01,0.01,0,0,0.03
278,Excitebike,NES,1984,Racing,Nintendo,2.04,0.48,1.57,0.07,4.16
4779,Minority Report: Everybody Runs,PS2,2002,Action,Activision,0.2,0.15,0,0.05,0.41
11041,Kawashima Ryuuta Kyouju Kanshuu Nouryoku Trainer Portable 2,PSP,2006,Misc,Sega,0,0,0.09,0,0.09
9723,The King of Fighters '98 Ultimate Match,PS2,2008,Fighting,Ignition Entertainment,0.04,0.03,0.03,0.01,0.12
10538,Football Director DS,DS,2008,Sports,Pinnacle,0,0.1,0,0,0.1
159,Assassin's Creed,X360,2007,Adventure,Ubisoft,3.28,1.65,0.07,0.55,5.55
2273,MLB 15: The Show,PS4,2015,Sports,Sony Computer Entertainment,0.67,0.08,0,0.17,0.92
2255,WWE SmackDown vs. Raw 2009,X360,2008,Fighting,THQ,0.58,0.26,0,0.08,0.92
10361,Metal Gear Solid Integral,PS,1999,Adventure,Konami Digital Entertainment,0,0,0.1,0.01,0.11
9202,Create,X360,2010,Action,Electronic Arts,0.1,0.03,0,0.01,0.14
5603,Overlord II,PS3,2009,Action,Codemasters,0.11,0.15,0,0.06,0.32
16008,Sengoku Hime: Senran ni Mau Otometachi,PSP,2009,Adventure,Yeti,0,0,0.01,0,0.01
6004,Itadaki Street 2: Neon Sign wa Bara Iro ni,SNES,1994,Misc,Enix Corporation,0,0,0.29,0,0.29
13419,Double Dragon Advance,GBA,2003,Action,Atlus,0.03,0.01,0,0,0.05
2847,Ben 10: Protector of Earth,PSP,2007,Action,D3Publisher,0.23,0.31,0,0.18,0.72
12335,Killer Instinct (2013),XOne,2013,Fighting,Microsoft Game Studios,0.03,0.03,0,0.01,0.06
623,Tomb Raider: The Last Revelation,PS,1998,Action,Eidos Interactive,1.15,1.14,0.06,0.13,2.48
10688,Tales of Innocence R,PSV,2012,Role-Playing,Namco Bandai Games,0,0,0.1,0,0.1
1891,Skylanders Giants,PS3,2012,Action,Activision,0.35,0.52,0,0.22,1.09
13566,Naruto Shippuden: Dairansen! Kage Bunshin Emaki,DS,2008,Action,Takara Tomy,0,0,0.04,0,0.04
3336,Tony Hawk's Underground,GBA,2003,Sports,Activision,0.43,0.16,0,0.01,0.6
10010,Dead Man's Hand,XB,2004,Shooter,Atari,0.09,0.02,0,0,0.11
3893,The Saboteur,X360,2009,Action,Electronic Arts,0.26,0.21,0,0.05,0.51
9961,Tecmo Super Bowl,PS,1996,Sports,Tecmo Koei,0.06,0.04,0,0.01,0.12
9697,Pryzm Chapter One: The Dark Unicorn,PS2,2002,Adventure,TDK Mediactive,0.06,0.05,0,0.02,0.12
11420,Slayers Royal,PS,1998,Role-Playing,Kadokawa Shoten,0,0,0.08,0.01,0.08
5781,Major League Baseball 2K8,PS3,2008,Sports,Bethesda Softworks,0.28,0,0,0.02,0.31
7769,J-League Jikkyou Winning Eleven 3,PS,1997,Sports,Konami Digital Entertainment,0,0,0.18,0.01,0.19
1650,NBA 2K2,PS2,2002,Sports,Sega,0.59,0.46,0.01,0.15,1.22
8895,Pro Baseball Spirits 2015,PS3,2015,Action,Konami Digital Entertainment,0,0,0.15,0,0.15
10423,Power Pocket Koushien,DS,2005,Sports,Konami Digital Entertainment,0,0,0.1,0,0.1
4257,Dragon Ball Z: Sagas,PS2,2005,Fighting,Atari,0.38,0.01,0,0.06,0.46
5802,Astroblast,2600,1981,Action,Mattel Interactive,0.29,0.02,0,0,0.31
13776,Jojo's Fashion Show: Design in a Dash!,DS,2009,Simulation,Ubisoft,0.04,0,0,0,0.04
7162,Momotarou Dentetsu 15,PS2,2005,Misc,Hudson Soft,0,0,0.22,0,0.22
6423,My Virtual Tutor: Reading Adventure Kindergarten to First,DS,2009,Misc,Mentor Interactive,0.25,0,0,0.02,0.27
15560,Amatsumi Sora ni! Kumo no Hatate ni,PSV,2015,Adventure,Prototype,0,0,0.02,0,0.02
15395,Crayon Shin-Chan: Uchuu de Achoo!? Yuujou no Oba-Karate!!,3DS,2011,Action,Namco Bandai Games,0,0,0.02,0,0.02
10113,Heavy Fire: Afghanistan,Wii,2011,Shooter,Mastiff,0.11,0,0,0.01,0.11
8313,Jillian Michaels Fitness Ultimatum 2011,Wii,2010,Sports,D3Publisher,0.16,0,0,0.01,0.17
2405,Lemmings,PSP,2006,Puzzle,Sony Computer Entertainment,0.12,0.52,0,0.23,0.87
16455,Rugby League Live 3,XOne,2015,Action,Tru Blu Entertainment,0,0.01,0,0,0.01
5215,AMF Bowling World Lanes,Wii,2008,Sports,Bethesda Softworks,0.33,0,0,0.03,0.36
9965,NHL Powerplay '96,PS,1996,Sports,Virgin Interactive,0.06,0.04,0,0.01,0.12
14071,Astrology DS,DS,2009,Misc,Deep Silver,0.03,0,0,0,0.04
1264,Ninja Hattori Kun: Ninja wa Shuugyou Degogiru no Maki,NES,1986,Platform,Hudson Soft,0,0,1.5,0,1.5
15973,SBK Superbike World Championship,PS2,2008,Racing,Black Bean Games,0.01,0.01,0,0,0.02
10435,Adventure Time: Finn & Jake Investigations,PS3,2015,Action,Little Orbit,0.02,0.07,0,0.02,0.1
5858,Super Robot Taisen W,DS,2007,Strategy,Banpresto,0,0,0.3,0,0.3
71,Call of Duty 4: Modern Warfare,X360,2007,Shooter,Activision,5.91,2.38,0.13,0.9,9.32
6266,Q-Ball: Billiards Master,PS2,2000,Sports,Take-Two Interactive,0.13,0.1,0,0.04,0.27
4626,Jikkyou Powerful Pro Yakyuu 6,N64,1999,Sports,Konami Digital Entertainment,0,0,0.39,0.03,0.42
1217,MVP Baseball 2005,PS2,2005,Sports,Electronic Arts,1.26,0.07,0,0.21,1.54
6570,J-League Pro Soccer Club wo Tsukurou!,SAT,1996,Sports,Sega,0,0,0.26,0,0.26
13738,North American Hunting Extravaganza 2,Wii,2010,Sports,Unknown,0.03,0,0,0,0.04
3408,MVP Baseball 2004,XB,2004,Sports,Electronic Arts,0.44,0.13,0,0.02,0.59
15209,The Lord of the Rings: The Battle for Middle-Earth II,PC,2006,Strategy,Electronic Arts,0.01,0.01,0,0,0.02
3187,Nightmare Creatures,PS,1997,Action,Sony Computer Entertainment,0.35,0.24,0,0.04,0.63
13948,Railroad Tycoon 3,PC,2003,Strategy,Gathering of Developers,0,0.03,0,0.01,0.04
504,Imagine: Babyz,DS,2007,Simulation,Ubisoft,1.3,1.27,0,0.31,2.88
7968,Sega GT 2002,XB,2002,Racing,Sega,0.12,0.03,0.03,0.01,0.19
4108,Wu-Tang: Shaolin Style,PS,1998,Fighting,Activision,0.27,0.18,0,0.03,0.48
1637,Intelligent Qube,PS,1997,Puzzle,Sony Computer Entertainment,0.13,0.07,1,0.02,1.22
13555,The King of Fighters Kyo,PS,1998,Fighting,SNK Playmore,0,0,0.04,0,0.04
481,Sonic Heroes,PS2,2003,Platform,Sega,1.04,1.37,0.06,0.49,2.96
6525,Star Wars Episode I: Battle for Naboo,N64,2000,Simulation,LucasArts,0.21,0.05,0,0,0.26
10386,Virtual Hydlide,SAT,1995,Role-Playing,Sega,0,0,0.11,0,0.11
8512,Kamaitachi no Yoru × 3,PS2,2006,Adventure,Sega,0,0,0.16,0,0.16
3478,Mega Man Star Force 2: Zerker x Ninja / Saurian,DS,2007,Action,Capcom,0.25,0,0.31,0.02,0.58
11518,Shonen Jump's One Piece: Pirates Carnival,GC,2005,Misc,Namco Bandai Games,0.06,0.02,0,0,0.08
9792,DiRT 2,DS,2009,Racing,Codemasters,0.06,0.04,0,0.01,0.12
9364,Paperboy / Rampage,GBA,2005,Misc,Zoo Digital Publishing,0.1,0.04,0,0,0.13
14690,Samurai Warriors 2,PS3,2013,Action,Tecmo Koei,0,0,0.03,0,0.03
12849,Princess on Ice,DS,2008,Sports,505 Games,0.04,0.01,0,0,0.05
16220,Far East of Eden II: Manji Maru,DS,2006,Role-Playing,Hudson Soft,0,0,0.01,0,0.01
12178,R-Type Command,PSP,2007,Strategy,Rising Star Games,0.05,0,0.01,0.01,0.07
5312,Need for Speed Carbon,GC,2006,Racing,Electronic Arts,0.27,0.07,0,0.01,0.35
4624,NFL Blitz 2001,N64,2000,Sports,Midway Games,0.34,0.07,0,0,0.42
9837,Prince of Persia: Rival Swords,PSP,2007,Action,Ubisoft,0.08,0.02,0,0.02,0.12
9917,Dementium II,DS,2010,Shooter,SouthPeak Games,0.09,0.02,0,0.01,0.12
9108,Krull,2600,1982,Action,Atari,0.13,0.01,0,0,0.14
14139,Silent Scope,GBA,2002,Shooter,Konami Digital Entertainment,0.02,0.01,0,0,0.03
16114,Last Escort: Club Katze,PS2,2010,Adventure,D3Publisher,0,0,0.01,0,0.01
5370,Monster Rancher 4,PS2,2003,Simulation,Tecmo Koei,0.08,0.06,0.19,0.02,0.34
15714,TV Anime Idolm@ster: Cinderella Girls G4U! Pack Vol.3,PS3,2015,Action,Namco Bandai Games,0,0,0.02,0,0.02
2106,Cars,DS,2006,Racing,THQ,0.85,0.05,0,0.08,0.98
13045,Bejeweled Twist,PC,2008,Puzzle,PopCap Games,0.01,0.04,0,0.01,0.05
13552,Star X,GBA,2002,Shooter,BAM! Entertainment,0.03,0.01,0,0,0.04
14096,Hakuouki: Zuisouroku DS,DS,2011,Adventure,Idea Factory,0,0,0.04,0,0.04
12147,Transformer: Rise of the Dark Spark (3DS),3DS,2014,Role-Playing,Activision,0.05,0.01,0,0.01,0.07
14174,SD Gundam G Generation: Gather Beat 2,WS,2001,Strategy,Namco Bandai Games,0,0,0.03,0,0.03
6202,The Adventures of Jimmy Neutron Boy Genius: Attack of the Twonkies,GC,2004,Action,THQ,0.22,0.06,0,0.01,0.28
143,Metal Gear Solid 2: Sons of Liberty,PS2,2001,Action,Konami Digital Entertainment,2.45,2.01,0.87,0.72,6.05
9542,Green Lantern: Rise of the Manhunters,3DS,2011,Action,Warner Bros. Interactive Entertainment,0.09,0.03,0,0.01,0.13
5877,Wacky Races: Crash & Dash,Wii,2008,Racing,Eidos Interactive,0.27,0.01,0,0.02,0.3
12938,Dengeki Gakuen RPG: Cross of Venus,DS,2009,Role-Playing,ASCII Media Works,0,0,0.05,0,0.05
8626,Naruto: Ultimate Ninja Heroes 2 - The Phantom Fortress,PSP,2006,Fighting,Atari,0.14,0,0,0.01,0.16
14565,Worms,PS3,2009,Strategy,Sony Computer Entertainment,0,0.02,0,0.01,0.03
8194,Backyard Basketball,GBA,2004,Sports,Atari,0.13,0.05,0,0,0.18
2947,Disney Tangled,Wii,2010,Action,Disney Interactive Studios,0.47,0.17,0,0.05,0.69
6073,Borderlands: The Pre-Sequel,PC,2014,Shooter,Take-Two Interactive,0.11,0.15,0,0.03,0.29
7967,MotoGP,Wii,2009,Racing,Capcom,0.05,0.11,0,0.02,0.19
13483,Yes! PreCure 5,DS,2007,Action,Namco Bandai Games,0,0,0.04,0,0.04
11441,King's Field (Japan),PS,1994,Role-Playing,From Software,0,0,0.08,0.01,0.08
11734,Fairy Tail: Portable Guild 2,PSP,2011,Fighting,Konami Digital Entertainment,0,0,0.08,0,0.08
8781,Heroes of Mana,DS,2007,Strategy,Square Enix,0.08,0.01,0.05,0.01,0.15
3148,Lost Planet: Extreme Condition,PS3,2008,Shooter,Capcom,0.31,0.17,0.07,0.09,0.64
6759,Butt Ugly Martians: B.K.M. Battles,GBA,2002,Action,Vivendi Games,0.18,0.07,0,0,0.25
4908,The Darkness II,X360,2012,Shooter,Take-Two Interactive,0.24,0.12,0,0.03,0.39
11048,Saikyou Habu Shogi,N64,1996,Misc,Seta Corporation,0,0,0.06,0.03,0.09
7750,Conflict: Denied Ops,X360,2008,Shooter,Eidos Interactive,0.08,0.09,0,0.02,0.19
732,BioShock 2,X360,2010,Shooter,Take-Two Interactive,1.45,0.55,0.02,0.19,2.21
991,The SpongeBob SquarePants Movie,PS2,2004,Platform,THQ,1.06,0.54,0,0.16,1.76
5899,N3: Ninety-Nine Nights,X360,2006,Action,Microsoft Game Studios,0.2,0.03,0.05,0.02,0.3
2237,Toy Story 2: Buzz Lightyear to the Rescue!,N64,1999,Platform,Activision,0.71,0.2,0,0.01,0.93
13433,Futurama,XB,2003,Platform,SCi,0.03,0.01,0,0,0.05
13029,Sigma Star Saga,GBA,2005,Role-Playing,Atari,0.04,0.01,0,0,0.05
6786,Panzer General,PS,1995,Strategy,Mindscape,0.14,0.09,0,0.02,0.24
11027,Are You Smarter Than a 5th Grader? Back to School,DS,2010,Misc,THQ,0.08,0,0,0.01,0.09
11245,Build 'n Race,Wii,2009,Racing,Zoo Games,0.08,0,0,0.01,0.09
9860,Lost Magic,DS,2006,Role-Playing,Ubisoft,0.09,0,0.02,0.01,0.12
3815,Go Diego Go! Safari Rescue,Wii,2008,Action,Take-Two Interactive,0.48,0.01,0,0.04,0.53
1406,Duke Nukem: Time to Kill,PS,1998,Shooter,Take-Two Interactive,0.77,0.54,0,0.07,1.38
1589,Dragon Ball: Daimaou Fukkatsu,NES,1988,Role-Playing,Namco Bandai Games,0,0,1.25,0,1.25
7119,Child of Eden,PS3,2011,Shooter,Ubisoft,0.09,0.1,0,0.04,0.23
13157,Guild 01,3DS,2012,Action,Level 5,0,0,0.05,0,0.05
5328,The Tale of Despereaux,PS2,2008,Platform,Brash Entertainment,0.17,0.13,0,0.04,0.35
73,Minecraft,X360,2013,Misc,Microsoft Game Studios,5.58,2.83,0.02,0.77,9.2
9129,NFL Head Coach 09,PS3,2008,Sports,Electronic Arts,0.13,0,0,0.01,0.14
6698,Def Jam Vendetta,GC,2003,Fighting,Electronic Arts,0.19,0.05,0,0.01,0.25
15742,Football Manager 2007,X360,N/A,Sports,Sega,0,0.01,0,0,0.02
13726,Off-Road Drive,PC,2011,Racing,1C Company,0,0.03,0,0.01,0.04
6442,NBA 07,PS3,2006,Sports,Sony Computer Entertainment,0.24,0,0.01,0.02,0.26
4424,X-Men Legends II: Rise of Apocalypse,XB,2005,Role-Playing,Activision,0.3,0.12,0,0.02,0.44
16108,Rock N' Roll Racing,SNES,1993,Racing,Interplay,0,0,0.01,0,0.01
2665,Madden NFL 25,XOne,2013,Sports,Electronic Arts,0.67,0.05,0,0.05,0.77
10110,Let's Play Garden,DS,2010,Simulation,Deep Silver,0.11,0,0,0.01,0.11
12354,Deathrow: Underground Team Combat,XB,2002,Sports,Ubisoft,0.05,0.01,0,0,0.06
6810,Pro Yaky? Spirits 2011,PSP,2011,Sports,Konami Digital Entertainment,0,0,0.24,0,0.24
865,Burnout Paradise,PS3,2008,Racing,Electronic Arts,1.01,0.64,0.02,0.3,1.97
11827,You Don't Know Jack,DS,2011,Misc,THQ,0.07,0,0,0.01,0.07
8680,Culdcept,3DS,2012,Misc,Nintendo,0,0,0.16,0,0.16
14641,Syberia II,XB,2004,Adventure,Ubisoft,0.02,0.01,0,0,0.03
12116,TigerShark,PS,1997,Simulation,GT Interactive,0.04,0.03,0,0,0.07
11745,AKB1/149: Love Election,PSV,2012,Adventure,Namco Bandai Games,0,0,0.07,0,0.07
6641,Spy Kids Challenger,GBA,2002,Platform,Disney Interactive Studios,0.18,0.07,0,0,0.25
59,Pokemon FireRed/Pokemon LeafGreen,GBA,2004,Role-Playing,Nintendo,4.34,2.65,3.15,0.35,10.49
2936,TimeSplitters 2,PS2,2002,Shooter,Eidos Interactive,0.34,0.27,0,0.09,0.7
6360,The Penguins of Madagascar,DS,2010,Action,THQ,0.13,0.12,0,0.02,0.27
5438,Delta Force: Black Hawk Down,XB,2005,Shooter,NovaLogic,0.25,0.07,0,0.01,0.34
13953,Teenage Zombies: Invasion of the Alien Brain Thingys,DS,2008,Adventure,Ignition Entertainment,0.03,0,0,0,0.04
14480,Shantae and the Pirate's Curse,3DS,2015,Platform,Intergrow,0,0,0.03,0,0.03
10937,Cabela's Big Game Hunter,GBA,2002,Sports,Activision Value,0.07,0.02,0,0,0.09
712,Guitar Hero III: Legends of Rock,PS3,2007,Misc,Activision,1.4,0.54,0.02,0.3,2.26
15802,Davis Cup Tennis,GBA,2002,Sports,Ubisoft,0.01,0,0,0,0.02
12156,Driver: Parallel Lines,XB,2006,Racing,Atari,0.05,0.01,0,0,0.07
4489,SpongeBob's Atlantis SquarePantis,PS2,2007,Action,THQ,0.36,0.01,0,0.06,0.44
8625,FlatOut 2,PS2,2006,Racing,Empire Interactive,0.08,0.06,0,0.02,0.16
15203,Indigo Prophecy,PC,2005,Adventure,Atari,0,0.02,0,0,0.02
10138,Where the Wild Things Are,X360,2009,Platform,Warner Bros. Interactive Entertainment,0.1,0,0,0.01,0.11
13023,Microsoft Flight Simulator X Acceleration Expansion Pack,PC,2007,Simulation,Microsoft Game Studios,0,0.04,0,0.01,0.05
10667,Bleach: Dark Souls (JP sales),DS,2007,Fighting,Sega,0,0,0.1,0,0.1
7368,Neo Contra,PS2,2004,Shooter,Konami Digital Entertainment,0.1,0.08,0,0.03,0.21
1262,Ice Climber,NES,1985,Platform,Nintendo,0.46,0.1,0.92,0.02,1.5
2939,Classic NES Series: Zelda II: The Adventure of Link,GBA,2004,Adventure,Nintendo,0.37,0.14,0.17,0.01,0.7
8658,Mugen Souls,PS3,2012,Role-Playing,Nippon Ichi Software,0.04,0.03,0.08,0.01,0.16
3411,Spelling Challenges and more!,DS,2007,Misc,505 Games,0.54,0,0,0.04,0.59
6116,Bratz Ponyz,DS,2007,Adventure,Game Factory,0.26,0,0,0.02,0.28
3316,Major League Baseball 2K9,X360,2009,Sports,Spike,0.56,0,0,0.05,0.61
7475,Final Fight One,GBA,2001,Fighting,Ubisoft,0.09,0.03,0.08,0,0.21
2005,LEGO Indiana Jones 2: The Adventure Continues,X360,2009,Action,Activision,0.62,0.33,0,0.09,1.04
6851,All Grown Up!: Game Boy Advance Video Volume 1,GBA,2004,Misc,N/A,0.17,0.06,0,0,0.24
16186,Sakura-Sou no Pet na Kanojo,PSP,2013,Adventure,Kadokawa Games,0,0,0.01,0,0.01
7891,Brunswick Pro Bowling,PS3,2010,Sports,505 Games,0.1,0.06,0,0.03,0.19
13848,NHL Blades of Steel 2000,PS,1999,Sports,Konami Digital Entertainment,0.02,0.01,0,0,0.04
2717,That's So Raven,GBA,2004,Adventure,Disney Interactive Studios,0.54,0.2,0,0.01,0.76
8820,Killer7,GC,2005,Action,Capcom,0.12,0.03,0,0,0.15
4964,Tom Clancy's Ghost Recon 2: Summit Strike,XB,2005,Shooter,Ubisoft,0.29,0.08,0,0.01,0.39
16567,Original Frisbee Disc Sports: Ultimate & Golf,DS,2007,Action,"Destination Software, Inc",0.01,0,0,0,0.01
373,Donkey Kong Country 3: Dixie Kong's Double Trouble!,SNES,1996,Platform,Nintendo,1.17,0.5,1.75,0.08,3.51
10478,Nicktoons: MLB,DS,2011,Sports,Take-Two Interactive,0.1,0,0,0.01,0.1
12250,Jewel Link Chronicles: Mountains of Madness,DS,N/A,Puzzle,Avanquest,0,0.06,0,0.01,0.06
11760,The History Channel: Battle for the Pacific,PS3,2008,Shooter,Activision,0.07,0,0,0.01,0.07
14012,Monster Force,GBA,2002,Shooter,Universal Interactive,0.03,0.01,0,0,0.04
15910,Saenai Kanojo no Sodatekata: Blessing Flowers,PSV,2015,Action,5pb,0,0,0.02,0,0.02
12413,SpongeBob SquarePants: Plankton's Robotic Revenge,3DS,2013,Shooter,Activision,0,0.06,0,0,0.06
8767,Murdered: Soul Suspect,PS3,2014,Action,Square Enix,0.05,0.06,0.02,0.02,0.15
5660,Frankenstein's Monster,2600,1982,Action,Data Age,0.3,0.02,0,0,0.32
2794,Star Ocean: The Last Hope International,PS3,2010,Role-Playing,Square Enix,0.28,0.16,0.22,0.08,0.73
4346,Star Wars Jedi Knight: Jedi Academy,XB,2003,Shooter,Activision,0.34,0.1,0,0.02,0.45
5555,Folklore,PS3,2007,Role-Playing,Sony Computer Entertainment,0.2,0.05,0.05,0.03,0.33
5085,Puppy Palace,DS,2008,Simulation,Ubisoft,0.35,0,0,0.03,0.37
14091,Star Wars Jedi Knight: Jedi Academy,PC,2003,Shooter,Activision,0,0.03,0,0.01,0.04
6946,Sands of Destruction,DS,2008,Role-Playing,Sega,0.09,0,0.13,0.01,0.24
13439,Ape Escape,PS3,2010,Platform,Sony Computer Entertainment,0,0.03,0,0.01,0.05
8018,Ringling Bros. and Barnum & Bailey Circus,Wii,2009,Action,Take-Two Interactive,0.17,0,0,0.01,0.18
5011,Shin Megami Tensei: Devil Summoner,SAT,1995,Role-Playing,Atlus,0,0,0.38,0,0.38
8739,Paris-Dakar Rally,PS2,2001,Racing,Acclaim Entertainment,0.08,0.06,0,0.02,0.15
595,Ghostbusters: The Video Game (DS Version),X360,2009,Action,Take-Two Interactive,1.04,1.24,0.03,0.27,2.58
5413,Star Ocean: Second Evolution,PSP,2008,Role-Playing,Square Enix,0.14,0.02,0.16,0.02,0.34
11086,Captain Tsubasa: Aratanaru Densetsu Joshou,PS,2002,Sports,Konami Digital Entertainment,0,0,0.08,0.01,0.09
7726,WipeOut 3 The Game,3DS,2012,Action,Activision,0.18,0,0,0.01,0.2
4434,Tiger Woods PGA Tour 2003,XB,2002,Sports,Electronic Arts,0.35,0.08,0,0.01,0.44
6203,Silent Hill 2: Restless Dreams,XB,2001,Action,Konami Digital Entertainment,0.21,0.06,0,0.01,0.28
11638,Dragon Shadow Spell,PS2,2007,Role-Playing,Flight-Plan,0,0,0.08,0,0.08
1123,Kinectimals,X360,2010,Simulation,Microsoft Game Studios,1.02,0.48,0,0.14,1.64
5327,From TV Animation One Piece: Tobidase Kaizokudan!,PS,2001,Role-Playing,Namco Bandai Games,0,0,0.32,0.02,0.35
11137,Nobunaga's Ambition: Iron Triangle,PS2,2006,Strategy,Tecmo Koei,0.04,0.03,0,0.01,0.09
16182,Sega Golf Club: Miyazato San Kyoudai Naizou,PS3,2006,Sports,Sega,0,0,0.01,0,0.01
9721,Puzzle Quest 2,DS,2010,Puzzle,D3Publisher,0.11,0,0,0.01,0.12
15291,Military History: Commander - Europe at War,PSP,2009,Strategy,Slitherine Software,0,0.01,0,0.01,0.02
11673,Dragon Force II: Kamisarishi Daichi ni,SAT,1998,Strategy,Sega,0,0,0.08,0,0.08
11506,The King of Fighters EX2: Howling Blood,GBA,2002,Fighting,Marvelous Interactive,0.06,0.02,0,0,0.08
182,Diablo III,PC,2012,Role-Playing,Activision,2.43,2.15,0,0.62,5.2
7712,101-in-1 Explosive Megamix,DS,2008,Puzzle,Nordcurrent,0.05,0.13,0,0.02,0.2
9771,Saru! Get You! Million Monkeys,PS2,N/A,Platform,Unknown,0,0,0.12,0,0.12
226,Tony Hawk's Pro Skater 2,PS,2000,Sports,Activision,3.05,1.41,0.02,0.2,4.68
6014,Ace Combat: Joint Assault,PSP,2010,Simulation,Namco Bandai Games,0.06,0.05,0.15,0.03,0.29
4193,Boom Blox Bash Party,Wii,2009,Puzzle,Electronic Arts,0.34,0.09,0,0.04,0.47
12737,Pro Yaky? Spirits 2012,PSV,2012,Sports,Konami Digital Entertainment,0,0,0.06,0,0.06
7349,The Bard's Tale,PS2,2004,Role-Playing,Ubisoft,0.1,0.08,0,0.03,0.21
6257,Donkey Kong GB: Dinky Kong & Dixie Kong,GB,2000,Platform,Nintendo,0,0,0.28,0,0.28
15674,Unreal Tournament 2004,PC,2004,Shooter,Atari,0,0.01,0,0,0.02
4684,Danganronpa: Trigger Happy Havoc,PSV,2013,Misc,Nippon Ichi Software,0.14,0.07,0.15,0.06,0.41
16524,Akatsuki no Goei Trinity,PS3,2012,Adventure,5pb,0,0,0.01,0,0.01
7818,Tales of the World: Narikiri Dungeon 2,GBA,2002,Role-Playing,Namco Bandai Games,0,0,0.19,0,0.19
4235,Country Dance 2,Wii,2011,Misc,GameMill Entertainment,0.44,0,0,0.03,0.46
12980,Powerdrome,PS2,2004,Racing,Evolved Games,0.03,0.02,0,0.01,0.05
12438,Naruto Shippuden: Gekito Ninja Taisen! Special,Wii,2010,Fighting,Takara Tomy,0,0,0.06,0,0.06
15706,Roommate Asami: Okusama wa Joshikousei,PS2,2002,Adventure,Datam Polystar,0,0,0.02,0,0.02
1605,Assassin's Creed: Bloodlines,PSP,2009,Action,Ubisoft,0.43,0.48,0.05,0.28,1.24
6373,XGIII: Extreme G Racing,PS2,2001,Racing,Acclaim Entertainment,0.13,0.1,0,0.03,0.27
10656,NBA Ballers: Rebound,PSP,2006,Sports,Midway Games,0.09,0,0,0.01,0.1
12851,Phantasy Star Online Episode I & II Plus,GC,2003,Role-Playing,Sega,0.04,0.01,0,0,0.05
11308,ESPN NFL Primetime 2002,PS2,2001,Sports,Konami Digital Entertainment,0.04,0.03,0,0.01,0.08
7510,Chronicles of Mystery: Curse of the Ancient Temple,DS,2009,Adventure,City Interactive,0.07,0.11,0,0.02,0.2
6602,Castlevania: Harmony of Dissonance,GBA,2002,Platform,Konami Digital Entertainment,0.16,0.06,0.04,0,0.26
9044,Spider-Man: Edge of Time,DS,2011,Action,Activision,0.12,0.01,0,0.01,0.14
1774,Doraemon,NES,1986,Action,Hudson Soft,0,0,1.15,0,1.15
5782,Rapala Pro Bass Fishing 2010,Wii,2010,Sports,Activision,0.23,0.05,0,0.02,0.31
10476,Kidou Senshi Gundam UC,PS3,2012,Action,Namco Bandai Games,0,0,0.1,0,0.1
8165,College Hoops 2K7,PS3,2007,Sports,Take-Two Interactive,0.16,0,0,0.01,0.18
8035,Borderlands,PC,2009,Shooter,Take-Two Interactive,0.01,0.14,0,0.04,0.18
10123,The Hardy Boys: The Hidden Theft,Wii,2009,Adventure,The Adventure Company,0.07,0.03,0,0.01,0.11
1221,MySims Kingdom,Wii,2008,Simulation,Electronic Arts,0.71,0.65,0.01,0.17,1.53
10084,Mass Destruction,PS,1997,Shooter,BMG Interactive Entertainment,0.06,0.04,0,0.01,0.11
15760,Hurry Up Hedgehog!,DS,2009,Racing,O-Games,0.02,0,0,0,0.02
10360,The Book of Unwritten Tales,PC,2009,Adventure,HMH Interactive,0,0.08,0,0.02,0.11
6305,Sydney 2000,PS,2000,Sports,Eidos Interactive,0.15,0.1,0,0.02,0.27
11461,Space Channel 5 Special Edition,PS2,2003,Misc,Agetec,0.04,0.03,0,0.01,0.08
13624,The Sims Deluxe,PC,2002,Simulation,Electronic Arts,0.01,0.02,0,0.01,0.04
11931,Haunting Ground,PS2,2005,Action,Capcom,0.03,0.03,0,0.01,0.07
3530,Naruto: Ultimate Ninja 2,PS2,2004,Fighting,Namco Bandai Games,0.47,0.02,0,0.08,0.57
12314,Another Code R: A Journey into Lost Memories,Wii,2009,Adventure,Nintendo,0,0.03,0.03,0,0.06
12748,TOCA Race Driver 2: Ultimate Racing Simulator,PS2,2004,Racing,Codemasters,0.03,0.02,0,0.01,0.06
13235,Blazing Souls: Accelate,PSP,2009,Role-Playing,Idea Factory,0.04,0,0.01,0,0.05
1946,Call of Duty 4: Modern Warfare,DS,2007,Shooter,Activision,0.96,0.02,0.01,0.08,1.06
7377,Hasbro Family Game Night 3,X360,2010,Misc,Electronic Arts,0.17,0.03,0,0.01,0.21
16097,Bakumatsu Koihana: Shinsengumi DS,DS,2008,Adventure,D3Publisher,0,0,0.01,0,0.01
2026,Street Fighter Alpha 3,PS,1998,Fighting,Virgin Interactive,0.38,0.12,0.51,0.02,1.03
4406,Mario Golf: Advance Tour,GBA,2004,Sports,Nintendo,0.32,0.12,0,0.01,0.45
10406,Project: Horned Owl,PS,1995,Shooter,Sony Computer Entertainment,0.03,0.02,0.05,0.01,0.11
16390,Darkened Skye,GC,2002,Adventure,TDK Mediactive,0.01,0,0,0,0.01
2477,FIFA 15,PSV,2014,Sports,Electronic Arts,0.13,0.48,0.04,0.19,0.84
6788,Gallop Racer (JP),PS,1996,Sports,Tecmo Koei,0.04,0.03,0.16,0.02,0.24
14826,Captain Morgane and the Golden Turtle,PC,2012,Adventure,Reef Entertainment,0,0.02,0,0,0.03
5417,Spy Hunter,XB,2002,Racing,Midway Games,0.25,0.07,0,0.01,0.34
4928,Age of Empires III,PC,2005,Strategy,Microsoft Game Studios,0,0.32,0,0.07,0.39
6968,Big Beach Sports 2,Wii,N/A,Sports,THQ,0.09,0.12,0,0.03,0.23
7297,American Idol,GBA,2003,Misc,Codemasters,0.15,0.06,0,0,0.22
14593,Wallace & Gromit in Project Zoo,XB,2003,Platform,BAM! Entertainment,0.02,0.01,0,0,0.03
12473,Warriors of the Lost Empire,PSP,2007,Role-Playing,Mercury Games,0.05,0,0,0.01,0.06
5906,Dragon Force,SAT,1996,Strategy,Sega,0,0,0.3,0,0.3
14314,Silverlicious,DS,2012,Action,N/A,0.03,0,0,0,0.03
15770,Still Life 2,PC,2009,Adventure,Rondomedia,0,0.01,0,0,0.02
10744,MotoGP 07,PS2,2007,Racing,Capcom,0.05,0.04,0,0.01,0.1
8484,Gunslingers,Wii,2010,Shooter,Neko Entertainment,0.08,0.06,0,0.02,0.16
7871,Where's Waldo? The Fantastic Journey,Wii,2009,Adventure,Ubisoft,0.18,0,0,0.01,0.19
4226,Mat Hoffman's Pro BMX 2,PS2,2002,Sports,Activision,0.23,0.18,0,0.06,0.46
14857,The Lord of the Rings: Conquest,PC,2009,Action,Electronic Arts,0,0.02,0,0,0.03
8051,International Superstar Soccer 2000 (JP weekly sales),N64,1999,Sports,Konami Digital Entertainment,0,0,0.18,0,0.18
15727,Vitamin X Evolution Plus,PSP,2010,Adventure,D3Publisher,0,0,0.02,0,0.02
14130,Boboboubo Boubobo: Ougi 87.5 Bakuretsu Hanage Shinken,GBA,2002,Action,Hudson Soft,0,0,0.03,0,0.03
14186,Rakushou! Pachi-Slot Sengen 5: Rio Paradise,PS2,2007,Misc,Tecmo Koei,0,0,0.03,0,0.03
9475,Under Night In-Birth,PS3,2014,Fighting,Nippon Ichi Software,0.06,0.02,0.04,0.02,0.13
7833,IL-2 Sturmovik: Birds of Prey,PSP,2009,Simulation,505 Games,0.08,0.07,0,0.04,0.19
5223,Teenage Mutant Ninja Turtles: Smash-Up,Wii,2009,Fighting,Ubisoft,0.33,0,0,0.03,0.36
10310,Starsky & Hutch,GC,2003,Racing,BAM! Entertainment,0.08,0.02,0,0,0.11
7398,Bass Pro Shops: The Strike,X360,2009,Sports,XS Games,0.2,0,0,0.02,0.21
2757,MVP 06 NCAA Baseball,PS2,2006,Sports,Electronic Arts,0.62,0.02,0,0.1,0.75
7184,Atelier Escha & Logy: Alchemists of the Dusk Sky,PS3,2013,Role-Playing,Tecmo Koei,0.06,0.04,0.1,0.02,0.22
951,The Orange Box,X360,2007,Shooter,Electronic Arts,1.09,0.54,0.02,0.17,1.83
4055,WipEout Pulse,PS2,2009,Racing,Sony Computer Entertainment,0,0.15,0,0.33,0.49
14979,Bunmei Haruka: Aoiza Ibunroku,PSP,2011,Action,FuRyu,0,0,0.02,0,0.02
4469,Wario World,GC,2003,Platform,Nintendo,0.34,0.09,0,0.01,0.44
9277,Houshinengi,PS,1998,Strategy,Tecmo Koei,0,0,0.13,0.01,0.14
10591,All Kamen Rider: Rider Generation 2,DS,2012,Action,Namco Bandai Games,0,0,0.1,0,0.1
14428,Renai 0 Kilometer,PSP,2013,Adventure,Alchemist,0,0,0.03,0,0.03
10492,Lucha Libre AAA: Heroes del Ring,PS3,2010,Fighting,Konami Digital Entertainment,0.1,0,0,0.01,0.1
10069,The Hardy Boys: Treasure on the Tracks,DS,2009,Adventure,Sega,0.11,0,0,0.01,0.11
8226,Hyperdimension Neptunia U: Action Unleashed,PSV,2014,Action,Idea Factory International,0.07,0.02,0.06,0.03,0.17
1360,NFL Street,PS2,2004,Sports,Electronic Arts,1.15,0.08,0,0.19,1.42
13210,TNA iMPACT: Cross the Line,DS,2010,Fighting,SouthPeak Games,0.05,0,0,0,0.05
584,FIFA Soccer 10,X360,2009,Sports,Electronic Arts,0.59,1.79,0.01,0.23,2.62
16411,Sega Rally Revo,PC,2007,Racing,Sega,0,0.01,0,0,0.01
9635,Petz Puppyz & Kittenz,DS,2011,Misc,Ubisoft,0.12,0,0,0.01,0.13
3890,StarCraft II: Legacy of the Void,PC,2015,Strategy,Activision,0.18,0.29,0,0.04,0.51
3209,Condemned 2: Bloodshot,X360,2008,Action,Sega,0.38,0.19,0,0.06,0.63
1636,Mario Power Tennis,GC,2004,Sports,Nintendo,0.58,0.16,0.46,0.03,1.22
10383,Robotics;Notes,PS3,2012,Adventure,5pb,0,0,0.11,0,0.11
1746,Midnight Club 3: DUB Edition Remix,PS2,2006,Racing,Take-Two Interactive,0.97,0.04,0,0.16,1.16
7450,Project: Snowblind,PS2,2005,Action,Eidos Interactive,0.1,0.08,0,0.03,0.21
4761,Littlest Pet Shop,Wii,2008,Simulation,Electronic Arts,0.34,0.04,0,0.03,0.41
5671,All-Star Baseball 2005,PS2,N/A,Sports,Unknown,0.16,0.12,0,0.04,0.32
10173,ESPN NHL Hockey,XB,2003,Sports,Sega,0.08,0.02,0,0,0.11
1490,The LEGO Movie Videogame,X360,2014,Action,Warner Bros. Interactive Entertainment,0.69,0.52,0,0.11,1.32
6672,WipEout Fusion,PS2,2002,Racing,Sony Computer Entertainment,0.12,0.1,0,0.03,0.25
15825,Ore wa Shoujo Mangaka,PSP,2012,Action,Giza10,0,0,0.02,0,0.02
8167,Skate it,DS,2008,Sports,Electronic Arts,0.14,0.02,0,0.01,0.18
12874,Carve,XB,2004,Racing,Global Star,0.04,0.01,0,0,0.05
591,Ratchet & Clank Future: Tools of Destruction,PS3,2007,Platform,Sony Computer Entertainment,0.93,1.12,0.08,0.45,2.59
2803,Madden NFL 10,Wii,2009,Sports,Electronic Arts,0.63,0.04,0,0.06,0.73
2870,Persona Q: Shadow of the Labyrinth,3DS,2014,Role-Playing,Nippon Ichi Software,0.33,0.07,0.27,0.04,0.71
6834,Singularity,PS3,N/A,Shooter,Unknown,0.17,0.04,0.01,0.03,0.24
3168,SpongeBob SquarePants: Game Boy Advance Video Volume 1,GBA,2004,Misc,N/A,0.46,0.17,0,0.01,0.64
13615,High Heat Baseball 2002,PS,2001,Sports,3DO,0.02,0.02,0,0,0.04
8292,Ringling Bros. and Barnum & Bailey: Circus Friends,DS,2009,Action,Take-Two Interactive,0.16,0,0,0.01,0.17
14729,Jewel Match 2,DS,2012,Puzzle,Easy Interactive,0,0.02,0,0,0.03
16571,XI Coliseum,PSP,2006,Puzzle,Sony Computer Entertainment,0,0,0.01,0,0.01
13860,Brothers: A Tale of Two Sons,XOne,2015,Adventure,505 Games,0.03,0.01,0,0,0.04
14324,Biker Mice From Mars,DS,2007,Racing,Game Factory,0.03,0,0,0,0.03
13921,Konami Arcade Classics,PS,1999,Misc,Konami Digital Entertainment,0.02,0.01,0,0,0.04
7182,Battleborn,PS4,2016,Shooter,Take-Two Interactive,0.09,0.08,0.01,0.04,0.22
12401,The Next BIG Thing,PC,2011,Adventure,Focus Home Interactive,0,0.05,0,0.01,0.06
3487,Fire Emblem: Seisen no Keifu,SNES,1996,Strategy,Nintendo,0,0,0.58,0,0.58
4786,Mouse Trap,2600,1981,Action,Coleco,0.38,0.02,0,0,0.4
6003,Atelier Iris 3: Grand Phantasm (US Sales),PS2,2006,Role-Playing,Tecmo Koei,0.14,0.11,0,0.04,0.29
9844,Sonic Adventure 2,DC,2001,Platform,Sega,0,0,0.12,0,0.12
2279,Harvest Moon 3D: A New Beginning,3DS,2012,Action,Marvelous Entertainment,0.41,0.17,0.29,0.05,0.91
5104,Petz: Catz 2,PS2,2006,Simulation,Ubisoft,0.18,0.14,0,0.05,0.37
10396,Earth Defense Force 2: Invaders from Planet Space,PSV,2014,Action,Xseed Games,0.04,0.01,0.04,0.02,0.11
1877,Dragon Ball Z: The Legacy of Goku II,GBA,2003,Role-Playing,Atari,0.78,0.29,0,0.02,1.09
14409,Emergency! Disaster Rescue Squad,DS,2009,Simulation,Destineer,0.03,0,0,0,0.03
10190,Brave Story: New Traveler (US sales),PSP,2006,Role-Playing,Sony Computer Entertainment,0.11,0,0,0,0.11
8721,Bleach: Dark Souls,DS,2007,Fighting,Sega,0.12,0.02,0,0.01,0.15
15025,Clannad: Mitsumi Mamoru Sakamichi de - Joukan,PSP,2010,Adventure,Prototype,0,0,0.02,0,0.02
10820,Unou no Tatsujin: Soukai! Machigai Museum 2,DS,2007,Misc,Namco Bandai Games,0,0,0.09,0,0.09
6658,Animal Paradise,DS,2007,Simulation,Empire Interactive,0.09,0.14,0,0.02,0.25
11596,Ape Escape: Pumped & Primed,PS2,2004,Misc,Sony Computer Entertainment,0.04,0.03,0,0.01,0.08
1321,Red Dead Revolver,PS2,2004,Shooter,Take-Two Interactive,0.71,0.55,0,0.19,1.45
13086,Lips: Deutsche Partyknaller,X360,2009,Misc,Microsoft Game Studios,0,0.04,0,0.01,0.05
7965,R-Type Final,PS2,2003,Shooter,Metro 3D,0.09,0.07,0,0.02,0.19
15401,The Legend of Heroes: Trails in the Sky Second Chapter,PS3,2013,Role-Playing,Falcom Corporation,0,0,0.02,0,0.02
6774,Digimon World: Data Squad,PS2,2006,Role-Playing,Namco Bandai Games,0.12,0.09,0,0.03,0.24
9804,Lost in Shadow,Wii,2010,Platform,Konami Digital Entertainment,0.1,0,0.01,0.01,0.12
12663,CMT Presents: Karaoke Revolution Country,PS2,2006,Misc,Konami Digital Entertainment,0.03,0.02,0,0.01,0.06
4836,Sherlock Holmes: The Mystery of the Mummy,DS,2009,Adventure,Focus Home Interactive,0.06,0.3,0,0.04,0.4
11365,Godzilla Generations,DC,1998,Action,Sega,0,0,0.08,0,0.08
496,Sonic Mega Collection Plus,PS2,2004,Misc,Sega,1.54,1.14,0,0.22,2.9
11724,Shovel Knight,PS4,2015,Platform,Yacht Club Games,0.03,0.03,0,0.01,0.08
14516,D.C.I.F.: Da Capo Innocent Finale,PS2,2009,Adventure,Sweets,0,0,0.03,0,0.03
15521,Chrysler Classic Racing,DS,2008,Racing,Zoo Games,0.02,0,0,0,0.02
13327,Raze's Hell,XB,2005,Shooter,Majesco Entertainment,0.04,0.01,0,0,0.05
10700,Lucky * Star: Ryouou Gakuen Outousai,PS2,2008,Adventure,Kadokawa Shoten,0,0,0.1,0,0.1
15970,Dream C Club,PS3,2012,Simulation,D3Publisher,0,0,0.02,0,0.02
1081,Star Wars The Clone Wars: Lightsaber Duels,Wii,2008,Action,LucasArts,1.23,0.3,0,0.14,1.68
12415,Giants: Citizen Kabuto,PS2,2001,Shooter,Interplay,0.03,0.02,0,0.01,0.06
16353,Kenka Banchou Portable,PSP,2009,Action,Spike,0,0,0.01,0,0.01
2975,Kirby's Dream Collection: Special Edition,Wii,2012,Action,Nintendo,0.34,0,0.33,0.02,0.68
102,Call of Duty: Black Ops 3,XOne,2015,Shooter,Activision,4.52,2.09,0.01,0.67,7.3
14532,Star Wars: The Force Unleashed II,PC,2010,Action,LucasArts,0.03,0,0,0,0.03
15988,Hotel Giant DS,DS,2008,Simulation,Nobilis,0,0.01,0,0,0.01
2684,Donkey Kong Country 3,GBA,2005,Platform,Nintendo,0.45,0.17,0.14,0.01,0.77
13365,Turok: Dinosaur Hunter,N64,1997,Shooter,Acclaim Entertainment,0,0,0.05,0,0.05
14090,FunkMaster Flex's Digital Hitz Factory,PS2,2003,Misc,Jester Interactive,0.02,0.01,0,0,0.04
3942,River Raid II,2600,1988,Shooter,Activision,0.47,0.03,0,0.01,0.51
10986,Brigandine: The Legend of Forsena,PS,1998,Strategy,Atlus,0.05,0.03,0,0.01,0.09
9820,Rocket: Robot on Wheels,N64,1999,Platform,Ubisoft,0.1,0.02,0,0,0.12
12211,Yoake Yori Ruriiro na: Brighter than Dawning Blue,PS2,2006,Adventure,Aria,0,0,0.07,0,0.07
8777,Project Sylpheed: Arc of Deception,X360,2006,Shooter,Microsoft Game Studios,0.12,0.01,0.02,0.01,0.15
12808,Whiplash,XB,2003,Racing,Eidos Interactive,0.04,0.01,0,0,0.06
15417,Worms,X360,2007,Strategy,Microsoft Game Studios,0,0.02,0,0,0.02
14172,Red Faction II,GC,2003,Shooter,THQ,0.03,0.01,0,0,0.03
7572,Clive Barker's Jericho,PS3,2007,Shooter,Codemasters,0.17,0.01,0,0.02,0.2
423,Killer Instinct,SNES,1995,Fighting,Nintendo,2.26,0.72,0.12,0.1,3.2
1524,EA Sports Active 2,Wii,2010,Sports,Electronic Arts,0.78,0.4,0,0.11,1.3
8998,Shadow Hearts: From The New World,PS2,2005,Role-Playing,Ghostlight,0.07,0.06,0,0.02,0.14
14569,Hissatsu Pachinko Collection 3,SNES,1995,Misc,Sunsoft,0,0,0.03,0,0.03
752,Pokemon Ranger,DS,2006,Role-Playing,Nintendo,1.29,0.04,0.73,0.12,2.18
11903,DS Uranai Seikatsu,DS,2009,Misc,Nintendo,0,0,0.07,0,0.07
6823,AC/DC LIVE: Rock Band Track Pack,PS3,2008,Misc,MTV Games,0.21,0.01,0,0.02,0.24
5212,World's Scariest Police Chases,PS,2001,Racing,Activision,0.2,0.14,0,0.02,0.36
10894,ESPN NBA 2Night,PS2,2000,Sports,Konami Digital Entertainment,0.05,0.04,0,0.01,0.09
7433,Unreal II: The Awakening,XB,2004,Shooter,Atari,0.17,0.04,0,0.01,0.21
11112,Battle Stadium D.O.N,GC,2006,Fighting,Namco Bandai Games,0,0,0.09,0,0.09
1171,Carnival Games: Mini Golf,Wii,2008,Sports,Take-Two Interactive,0.87,0.56,0,0.15,1.58
13829,Herc's Adventures,PS,1997,Action,Virgin Interactive,0.02,0.01,0,0,0.04
16535,STORM: Frontline Nation,PC,2011,Strategy,Unknown,0,0.01,0,0,0.01
4673,Katamari Forever,PS3,2009,Puzzle,Namco Bandai Games,0.26,0.05,0.06,0.04,0.42
10780,BIT.TRIP COMPLETE,Wii,2011,Misc,Rising Star Games,0.06,0.02,0,0.01,0.1
5513,Battlestations: Pacific,X360,2009,Strategy,Eidos Interactive,0.17,0.12,0.01,0.03,0.33
1131,Ape Escape,PS,1999,Platform,Sony Computer Entertainment,0.71,0.48,0.32,0.11,1.63
14776,Jet Grind Radio,GBA,2003,Action,Sega,0.02,0.01,0,0,0.03
6101,Kung Zhu,DS,2010,Action,Activision,0.26,0,0,0.02,0.29
10376,Woody Woodpecker Racing,PS,1999,Racing,Konami Digital Entertainment,0.06,0.04,0,0.01,0.11
7053,Mafia,XB,2004,Action,Take-Two Interactive,0.17,0.05,0,0.01,0.23
5846,Batman: The Brave and the Bold the Videogame,DS,2010,Action,Warner Bros. Interactive Entertainment,0.24,0.04,0,0.02,0.3
6220,Patapon 3,PSP,2011,Misc,Sony Computer Entertainment,0.05,0.04,0.17,0.02,0.28
3156,Dragon Age II,PC,2011,Action,Electronic Arts,0.23,0.33,0,0.09,0.64
7963,Robin Hood: Defender of the Crown,PS2,2003,Strategy,Capcom,0.09,0.07,0,0.02,0.19
715,Minecraft,PSV,2014,Misc,Sony Computer Entertainment Europe,0.28,0.79,0.87,0.32,2.25
10631,L'Aigle de Guerre,GBA,2001,Strategy,Nintendo,0,0,0.1,0,0.1
10015,Pac 'n Roll,DS,2005,Platform,Namco Bandai Games,0.09,0,0.02,0.01,0.11
4086,Scrabble 2007 Edition,DS,2007,Puzzle,Ubisoft,0,0.48,0,0,0.48
5598,Tekken 6,PSP,2009,Fighting,Namco Bandai Games,0.15,0.04,0.1,0.03,0.32
9833,2 Games in 1 Double Pack: Hot Wheels Velocity X / Hot Wheels World Race,GBA,2005,Racing,THQ,0.09,0.03,0,0,0.12
16244,Phantasy Star Online 2 Episode 4: Deluxe Package,PSV,2017,Role-Playing,Sega,0,0,0.01,0,0.01
2239,MLB 07: The Show,PS2,2007,Sports,Sony Computer Entertainment,0.77,0.03,0,0.13,0.93
9624,Zenses: Ocean,DS,2008,Puzzle,Game Factory,0.11,0.01,0,0.01,0.13
13412,Black Jack vs. Matsudajun,PS,2000,Misc,Pony Canyon,0.03,0.02,0,0,0.05
9079,SSX On Tour,XB,2005,Sports,Electronic Arts,0.11,0.03,0,0.01,0.14
7129,Jersey Devil,PS,1997,Platform,Ocean,0.13,0.09,0,0.01,0.23
4759,Speed Racer: The Videogame,Wii,2008,Racing,Warner Bros. Interactive Entertainment,0.36,0.02,0,0.03,0.41
802,Tetris Worlds,PS2,2002,Puzzle,THQ,1.11,0.71,0,0.27,2.08
9632,Victorious: Time to Shine,X360,2011,Action,D3Publisher,0.12,0,0,0.01,0.13
14531,R-Type III: The Third Lightning,GBA,2004,Shooter,Zoo Digital Publishing,0.02,0.01,0,0,0.03
10716,Rocky: Legends,XB,2004,Action,Ubisoft,0.07,0.02,0,0,0.1
2318,Pure,PS3,2008,Racing,Disney Interactive Studios,0.42,0.33,0,0.14,0.9
7605,Speed Punks,PS,1998,Racing,Sony Computer Entertainment,0.11,0.08,0,0.01,0.2
450,FIFA 15,X360,2014,Sports,Electronic Arts,0.78,2.02,0,0.3,3.11
8562,Silent Scope 3,PS2,2002,Shooter,Konami Digital Entertainment,0.08,0.06,0,0.02,0.16
10930,Backyard Sports: Sandlot Sluggers,X360,2010,Sports,Atari,0.09,0,0,0.01,0.09
10058,Desktop Tower Defense,DS,2009,Strategy,THQ,0.11,0,0,0.01,0.11
12858,NFL Quarterback Club 2002,GC,2001,Sports,Acclaim Entertainment,0.04,0.01,0,0,0.05
4191,Momotarou Dentetsu V,PS,1999,Misc,Hudson Entertainment,0,0,0.44,0.03,0.47
2491,Dance Central 3,X360,2012,Misc,Microsoft Game Studios,0.57,0.2,0,0.06,0.83
691,Cool Boarders 3,PS,1998,Sports,989 Studios,1.65,0.46,0.1,0.1,2.31
2505,Deca Sports 2,Wii,2009,Sports,Hudson Soft,0.33,0.34,0.09,0.07,0.82
4805,Harry Potter: Quidditch World Cup,GC,2003,Sports,Electronic Arts,0.31,0.08,0,0.01,0.4
4986,San Francisco Rush: Extreme Racing,PS,1997,Racing,GT Interactive,0.21,0.15,0,0.03,0.38
4388,Samurai Warriors: Xtreme Legends,PS2,2004,Action,Tecmo Koei,0.04,0.03,0.36,0.01,0.45
7921,CSI: Fatal Conspiracy,PS3,2010,Adventure,Ubisoft,0.11,0.05,0,0.02,0.19
3672,Time Crisis: Razing Storm,PS3,2010,Shooter,Namco Bandai Games,0.18,0.21,0.07,0.08,0.55
5795,NBA Live 08,PSP,2007,Sports,Electronic Arts,0.28,0,0,0.02,0.31
3888,100 All-Time Favorites,DS,2009,Puzzle,Ubisoft,0.35,0.12,0,0.04,0.51
8672,Monster House,DS,2006,Adventure,THQ,0.14,0.01,0,0.01,0.16
13715,SWAT: Target Liberty,PSP,2007,Shooter,Vivendi Games,0.03,0,0,0,0.04
13740,PD Ultraman Battle Collection 64,N64,1999,Strategy,Namco Bandai Games,0,0,0.04,0,0.04
311,The Elder Scrolls V: Skyrim,PC,2011,Role-Playing,Bethesda Softworks,1.15,2.09,0,0.64,3.88
15367,Jinguuji Saburou DS: Akai Chou,DS,2010,Adventure,Arc System Works,0,0,0.02,0,0.02
7012,Pitfall: The Big Adventure,Wii,2008,Adventure,Activision,0.2,0.02,0,0.02,0.23
10319,Yamaha Supercross,DS,2009,Racing,Zoo Digital Publishing,0.1,0,0,0.01,0.11
5025,NCAA Football 11,PS2,2010,Sports,Electronic Arts,0.19,0.15,0,0.05,0.38
11002,Road Trip,PS2,2002,Racing,Play It,0.04,0.03,0,0.01,0.09
16400,Heart no Kuni no Alice,PSP,2009,Adventure,Prototype,0,0,0.01,0,0.01
9755,The Lord of the Rings: Aragorn's Quest,DS,2010,Action,Warner Bros. Interactive Entertainment,0.1,0.02,0,0.01,0.12
9825,Animal Genius,DS,2007,Puzzle,Ubisoft,0.11,0,0,0.01,0.12
6166,Mega Man II,GB,1991,Platform,Nintendo,0,0,0.28,0,0.28
4823,Fighting Vipers,SAT,1995,Fighting,Sega,0,0,0.4,0,0.4
8577,SimEarth: The Living Planet,SNES,1991,Simulation,Imagineer,0,0,0.16,0,0.16
9351,The Guy Game,PS2,2004,Misc,Gathering of Developers,0.07,0.05,0,0.02,0.13
4328,The Powerpuff Girls: Relish Rampage,PS2,2002,Action,BAM! Entertainment,0.22,0.17,0,0.06,0.45
13569,Twilight Syndrome: Kinjiratera Toshi Densetsu,DS,2008,Adventure,Spike,0,0,0.04,0,0.04
14553,Pimp My Ride: Street Racing,DS,2009,Racing,Activision,0.03,0,0,0,0.03
9076,.hack//Link,PSP,2010,Role-Playing,Namco Bandai Games,0,0,0.14,0,0.14
10459,Exit DS,DS,2008,Puzzle,Square Enix,0.09,0,0.01,0.01,0.1
13451,Bad Boys: Miami Takedown,GC,2004,Shooter,Empire Interactive,0.03,0.01,0,0,0.05
652,Zumba Fitness,X360,2010,Sports,505 Games,1.74,0.48,0,0.18,2.39
7524,Suikoden Tactics,PS2,2005,Strategy,Konami Digital Entertainment,0.06,0.05,0.07,0.02,0.2
8230,Rugrats: Royal Ransom,GC,2002,Platform,THQ,0.13,0.03,0,0,0.17
6967,Big Family Games,Wii,2009,Misc,THQ,0,0.22,0,0.02,0.23
82,Pokemon Black 2/Pokemon White 2,DS,2012,Role-Playing,Nintendo,2.91,1.86,3.14,0.43,8.33
10882,Barbie and the Magic of Pegasus,GBA,2005,Action,Vivendi Games,0.07,0.02,0,0,0.09
8853,Top Gun: Combat Zones,GC,2002,Simulation,Titus,0.12,0.03,0,0,0.15
12727,Tsugunai: Atonement,PS2,2001,Role-Playing,Sony Computer Entertainment,0.02,0.01,0.02,0,0.06
14820,AniMates!,DS,2007,Simulation,Lexicon Entertainment,0.02,0,0,0,0.03
2825,James Bond 007: Agent Under Fire,GC,2002,Shooter,Electronic Arts,0.56,0.15,0,0.02,0.72
12883,FIFA Soccer 2003,GBA,2002,Sports,Electronic Arts,0.04,0.01,0,0,0.05
4527,Spec Ops: The Line,X360,2012,Shooter,Take-Two Interactive,0.21,0.19,0,0.04,0.43
10927,Shin Megami Tensei,PS,2001,Role-Playing,Atlus,0,0,0.09,0.01,0.09
16136,Collar x Malice,PSV,2016,Action,Idea Factory,0,0,0.01,0,0.01
7717,Family Guy,PSP,2006,Action,Take-Two Interactive,0.18,0,0,0.02,0.2
12000,Super Robot Taisen OG Saga: Masou Kishin III - Pride of Justice,PS3,2013,Strategy,Namco Bandai Games,0,0,0.07,0,0.07
297,Star Fox 64,N64,1997,Shooter,Nintendo,2.78,0.58,0.64,0.04,4.03
5145,FIFA Street 2,PS2,2006,Sports,Electronic Arts,0.17,0.13,0.02,0.04,0.37
3025,Armored Core 3,PS2,2002,Simulation,Metro 3D,0.22,0.17,0.23,0.06,0.67
10466,Learn Chess,DS,2009,Misc,DreamCatcher Interactive,0.1,0,0,0.01,0.1
11628,Endgame,PS2,2002,Shooter,Empire Interactive,0.04,0.03,0,0.01,0.08
8006,Sports Illustrated for Kids: Football,GBA,2003,Sports,BAM! Entertainment,0.13,0.05,0,0,0.18
1539,Midnight Club 3: DUB Edition (America weekly sales),PS2,2005,Racing,Take-Two Interactive,1.22,0.05,0,0.01,1.29
9309,World Championship Poker 2: Featuring Howard Lederer,PSP,2005,Misc,505 Games,0.12,0,0,0.01,0.14
15328,Nicktoons Collection: Game Boy Advance Video Volume 3,GBA,2005,Misc,N/A,0.01,0.01,0,0,0.02
5228,Just Dance 2016,X360,2015,Misc,Ubisoft,0.23,0.1,0,0.03,0.36
13833,All Points Bulletin,PC,2010,Role-Playing,Electronic Arts,0,0.03,0,0.01,0.04
1231,Sonic Rivals 2,PSP,2007,Racing,Sega,0.44,0.69,0,0.39,1.52
1381,Call of Duty: Black Ops,Wii,2010,Shooter,Activision,0.82,0.47,0,0.12,1.4
16316,Musou Tourou,PSP,2009,Strategy,Nippon Ichi Software,0,0,0.01,0,0.01
13183,Operation Flashpoint: Dragon Rising,PC,2009,Shooter,Codemasters,0.01,0.03,0,0.01,0.05
16029,Ten Pin Alley 2,GBA,2004,Sports,XS Games,0.01,0,0,0,0.01
16260,Makai Senki Disgaea 3 Append Disc: Raspberyl-hen Hajime Mashita,PS3,2009,Role-Playing,Nippon Ichi Software,0,0,0.01,0,0.01
2567,Yakuza,PS2,2005,Action,Sega,0.03,0.02,0.74,0.01,0.8
3979,Dance Dance Revolution Universe 2,X360,2007,Simulation,Konami Digital Entertainment,0.46,0.01,0,0.04,0.5
814,Yu-Gi-Oh! The Eternal Duelist Soul,GBA,2001,Strategy,Konami Digital Entertainment,1.64,0.36,0,0.07,2.07
7536,The Bible Game,PS2,2005,Misc,Crave Entertainment,0.1,0.08,0,0.03,0.2
7764,Ice Age 2: The Meltdown,GC,2006,Platform,Vivendi Games,0.15,0.04,0,0.01,0.19
14187,Sacra Terra: Angelic Night,PC,2011,Puzzle,Avanquest,0.01,0.02,0,0.01,0.03
12550,Guilty Gear X: Advance Edition,GBA,2002,Fighting,Sammy Corporation,0.04,0.02,0,0,0.06
9606,Twister Mania,X360,2011,Misc,505 Games,0.1,0.01,0,0.01,0.13
15245,Group S Challenge,XB,2003,Racing,Capcom,0.02,0,0,0,0.02
9140,Lord of the Rings: Tactics,PSP,2005,Strategy,Electronic Arts,0.11,0.02,0,0.02,0.14
12394,Atari's Greatest Hits: Volume 2,DS,2011,Misc,Atari,0.06,0,0,0,0.06
11899,J Legend Retsuden,3DS,2013,Misc,Namco Bandai Games,0,0,0.07,0,0.07
980,The Legend of Zelda: The Wind Waker,WiiU,2013,Action,Nintendo,0.93,0.57,0.14,0.13,1.77
5567,Batman: Arkham Origins,WiiU,2013,Action,Warner Bros. Interactive Entertainment,0.2,0.09,0,0.03,0.33
10088,Skylanders: SuperChargers,3DS,2015,Action,Activision,0.05,0.06,0,0.01,0.11
15223,Geon Cube,Wii,2009,Puzzle,P2 Games,0.02,0,0,0,0.02
5315,The Fairly Odd Parents: Shadow Showdown,PS2,2004,Platform,THQ,0.17,0.13,0,0.04,0.35
13056,Taiho Shichauzo!,PS,2001,Adventure,Pioneer LDC,0,0,0.05,0,0.05
2877,Final Fantasy X/X-2 HD Remaster,PS4,2015,Role-Playing,Square Enix,0.29,0.25,0.06,0.11,0.71
2205,Castlevania: Lament of Innocence,PS2,2003,Action,Konami Digital Entertainment,0.46,0.36,0,0.12,0.94
1974,Arc the Lad II,PS,1996,Role-Playing,Sony Computer Entertainment,0,0,0.92,0.13,1.05
4321,Enter the Matrix,GC,2003,Action,Atari,0.34,0.09,0.02,0.01,0.45
9791,My Chinese Coach,DS,2008,Misc,Ubisoft,0.11,0.01,0,0.01,0.12
14986,Rugby Challenge 3,X360,2016,Sports,Alternative Software,0,0.02,0,0,0.02
5885,Hard Hitter Tennis,PS2,2001,Sports,Midas Interactive Entertainment,0.15,0.11,0,0.04,0.3
13372,Ride to Hell,PS3,2013,Racing,Deep Silver,0.02,0.02,0,0.01,0.05
7232,Viewtiful Joe 2,GC,2004,Action,Capcom,0.17,0.04,0,0.01,0.22
10530,Weiss Schwarz Portable,PSP,2011,Strategy,Namco Bandai Games,0,0,0.1,0,0.1
15578,My Hero: Doctor,DS,2009,Action,Majesco Entertainment,0.02,0,0,0,0.02
2383,Red Faction: Guerrilla,X360,2009,Shooter,THQ,0.48,0.29,0.01,0.09,0.87
16335,The Eye of Judgment: Legends,PSP,2010,Strategy,Sony Computer Entertainment,0,0,0.01,0,0.01
414,Gran Turismo (PSP),PSP,2009,Racing,Sony Computer Entertainment,0.5,1.59,0.31,0.87,3.27
2642,God of War Saga,PS3,2012,Action,Sony Computer Entertainment,0.72,0,0,0.06,0.78
7133,Cars 2,3DS,2011,Racing,Disney Interactive Studios,0.21,0,0,0.02,0.23
9570,Pro Evolution Soccer 2016,X360,2015,Sports,Konami Digital Entertainment,0.04,0.08,0,0.01,0.13
8779,NCAA GameBreaker 2001,PS2,2000,Sports,Sony Computer Entertainment,0.07,0.06,0,0.02,0.15
10115,Open Season,X360,2006,Platform,Ubisoft,0.1,0,0,0.01,0.11
15048,Lunatic Dawn Tempest,PS2,2001,Role-Playing,ArtDink,0,0,0.02,0,0.02
2883,Power Rangers: Dino Thunder,PS2,2004,Action,THQ,0.35,0.27,0,0.09,0.71
6146,Final Fantasy VI Advance,GBA,2006,Role-Playing,Nintendo,0,0,0.28,0.01,0.28
1484,Middle-Earth: Shadow of Mordor,XOne,2014,Action,Warner Bros. Interactive Entertainment,0.72,0.5,0.01,0.1,1.32
7951,Call of Duty: World at War,PC,2008,Shooter,Activision,0.02,0.13,0,0.03,0.19
11551,futureU: The Prep Game for SAT,DS,2008,Misc,Aspyr,0.07,0,0,0.01,0.08
5690,DJ Hero,PS2,2009,Misc,Activision,0.1,0.02,0,0.2,0.32
8569,Field Commander,PSP,2006,Strategy,Sony Online Entertainment,0.14,0,0,0.01,0.16
5723,NBA Inside Drive 2003,XB,2002,Sports,Microsoft Game Studios,0.23,0.07,0,0.01,0.31
1723,Gun,PS2,2005,Shooter,Activision,0.98,0.04,0,0.16,1.17
9125,Naruto RPG 2: Chidori vs Rasengan,DS,2005,Role-Playing,Tomy Corporation,0,0,0.14,0,0.14
688,WarioWare Touched!,DS,2004,Puzzle,Nintendo,0.52,0.45,1.21,0.13,2.31
8494,Around the World in 80 Days,DS,2010,Action,PlayV,0,0.14,0,0.02,0.16
2320,Fossil Fighters,DS,2008,Role-Playing,Nintendo,0.84,0,0,0.06,0.9
3861,Gun,XB,2005,Shooter,Activision,0.38,0.12,0,0.02,0.52
10212,Puss in Boots,DS,2011,Action,THQ,0.09,0.01,0,0.01,0.11
2693,Driv3r,XB,2004,Racing,Atari,0.36,0.38,0,0.03,0.76
10146,AirForce Delta Strike,PS2,2004,Simulation,Konami Digital Entertainment,0.05,0.04,0,0.01,0.11
12002,Rayman 3: Hoodlum Havoc,GC,2003,Platform,Ubisoft,0.05,0.01,0,0,0.07
5083,Petz Rescue: Ocean Patrol,DS,2008,Adventure,Ubisoft,0.35,0,0,0.03,0.37
6638,Triple Play 2002,XB,2002,Sports,Electronic Arts,0.19,0.05,0,0.01,0.25
4163,Gauntlet Legends,PS,2000,Action,Midway Games,0.26,0.18,0,0.03,0.47
151,LEGO Star Wars: The Complete Saga,Wii,2007,Action,LucasArts,3.66,1.63,0,0.53,5.83
2027,Bulletstorm,X360,2011,Shooter,Electronic Arts,0.61,0.32,0.01,0.08,1.02
2064,Game & Watch Gallery,GB,1997,Misc,Nintendo,0.63,0.25,0.09,0.03,1
2741,Turok,X360,2008,Action,Touchstone,0.46,0.21,0.01,0.07,0.75
10213,Split/Second,PSP,2010,Racing,Disney Interactive Studios,0.07,0.02,0,0.02,0.11
16432,Goat Simulator,XOne,2016,Simulation,Koch Media,0,0.01,0,0,0.01
15713,Ginga Tetsudou 999 DS,DS,2010,Adventure,Culture Brain,0,0,0.02,0,0.02
1035,The Order: 1886,PS4,2015,Shooter,Sony Computer Entertainment,0.61,0.78,0.06,0.27,1.72
11958,Dave Mirra BMX Challenge,Wii,2007,Sports,505 Games,0.06,0,0,0.01,0.07
2943,WWE 2K15,X360,2014,Sports,Take-Two Interactive,0.38,0.26,0,0.06,0.69
3145,Dragon Ball: Raging Blast 2,X360,2010,Fighting,Namco Bandai Games,0.49,0.09,0.01,0.05,0.64
12095,Firefighter F.D.18,PS2,2004,Action,Konami Digital Entertainment,0.03,0.03,0,0.01,0.07
4796,Medarot: Kabuto / Kuwagata Version,GB,1997,Role-Playing,Imagineer,0,0,0.4,0,0.4
10363,FIFA World Cup Germany 2006,PSP,2006,Sports,Electronic Arts,0.1,0,0,0.01,0.11
4312,Dynasty Warriors: Strikeforce,PSP,2009,Action,Ubisoft Annecy,0.03,0.03,0.38,0.02,0.45
15182,Mata Hari: Betrayal is only a Kiss Away,PC,2008,Adventure,DTP Entertainment,0,0.02,0,0,0.02
9543,Shin Megami Tensei: Digital Devil Saga,PS2,2004,Role-Playing,Ghostlight,0.06,0.05,0,0.02,0.13
4951,Imagine: Party Babyz,Wii,2008,Simulation,Ubisoft,0.34,0.02,0,0.03,0.39
3526,Madden NFL 06,GC,2005,Sports,Electronic Arts,0.44,0.11,0,0.02,0.57
881,Scooby Doo and the Cyber Chase,PS,2001,Adventure,THQ,0.59,1.23,0,0.13,1.94
8627,FIFA Soccer 96,PS,1995,Sports,Electronic Arts,0.09,0.06,0,0.01,0.16
16242,Builder's Block,PS,1999,Strategy,EON Digital Entertainment,0.01,0,0,0,0.01
5961,Syphon Filter: Dark Mirror,PSP,2006,Shooter,Sony Computer Entertainment,0.26,0.01,0,0.03,0.29
2308,Hot Shots Tennis,PS2,2006,Sports,Sony Computer Entertainment,0.17,0.13,0.55,0.05,0.9
10866,The Voice,WiiU,2014,Action,Activision,0.08,0,0,0.01,0.09
10877,X-COM: UFO Defense,PS,1995,Strategy,Microprose,0.05,0.04,0,0.01,0.09
13997,Music Maker: Rockstar,PS2,2009,Misc,Magix,0.02,0.01,0,0,0.04
1288,Assassin's Creed III: Liberation,PSV,2012,Action,Ubisoft,0.58,0.55,0.06,0.28,1.47
12885,Adventure Time: Finn & Jake Investigations,WiiU,2015,Action,Little Orbit,0.03,0.02,0,0,0.05
6812,TimeSplitters: Future Perfect,PS2,2005,Shooter,Electronic Arts,0.12,0.09,0,0.03,0.24
9949,Hanagumi Taisen Columns,SAT,1997,Puzzle,Sega,0,0,0.12,0,0.12
5761,Football Manager 2016,PC,2015,Simulation,Sega,0,0.29,0,0.02,0.31
700,Just Dance 2015,Wii,2014,Misc,Ubisoft,1.11,0.98,0,0.2,2.28
11322,Sports Collection,DS,2010,Sports,Ubisoft,0.06,0.01,0,0.01,0.08
11816,Uprising X,PS,1998,Action,3DO,0.04,0.03,0,0,0.07
3950,F1 2012,X360,2012,Racing,Codemasters,0.1,0.35,0,0.06,0.5
11675,Monkey Hero,PS,1998,Action,Take-Two Interactive,0.04,0.03,0,0,0.08
15666,Wizardry Twin Pack,PS3,2011,Role-Playing,Acquire,0,0,0.02,0,0.02
13737,Zen-Nippon GT Senshuken,SNES,1995,Racing,Banpresto,0,0,0.04,0,0.04
15004,Cross Ange: Tenshi to Ryuu no Rondo tr.,PSV,2015,Action,Namco Bandai Games,0,0,0.02,0,0.02
11749,Winter Sports 2: The Next Challenge,X360,2008,Sports,RTL,0.06,0.01,0,0.01,0.07
473,Star Fox,SNES,1993,Shooter,Nintendo,1.61,0.51,0.8,0.07,2.99
14001,"Minna de Jibun no Setsumeisho: B-Kata, A-Kata, AB-Kata, O-Kata",DS,2008,Misc,GungHo,0,0,0.04,0,0.04
11433,Little League World Series Baseball: Double Play,DS,2010,Sports,Activision,0.08,0,0,0.01,0.08
4110,Rock Band Unplugged,PSP,2009,Misc,MTV Games,0.24,0.15,0,0.1,0.48
16296,Jambo! Safari Animal Rescue,DS,2009,Simulation,Sega,0.01,0,0,0,0.01
15944,Myst,PSP,2006,Adventure,Midway Games,0,0.01,0,0,0.02
14062,Petz: Catz Playground,DS,2010,Simulation,Ubisoft,0.03,0,0,0,0.04
14052,Ultimate Game Room,DS,2009,Misc,Majesco Entertainment,0.03,0,0,0,0.04
1211,Resident Evil: The Umbrella Chronicles,Wii,2007,Action,Capcom,0.68,0.43,0.29,0.14,1.54
14287,Ultimate Block Party,PSP,2004,Puzzle,505 Games,0.03,0,0,0,0.03
6079,Rayman 3: Hoodlum Havoc,PS2,2003,Platform,Ubisoft,0.14,0.11,0,0.04,0.29
9676,SCORE International Baja 1000: The Official Game,X360,2008,Racing,Activision,0.11,0.01,0,0.01,0.12
13719,Ou to Maou to 7-nin no Himegimitachi: Shin Ousama Monogatari,PSV,2012,Action,Konami Digital Entertainment,0,0,0.04,0,0.04
1717,Sonic the Hedgehog,PS3,2006,Platform,Sega,0.41,0.07,0.04,0.66,1.18
10447,Metal Slug 3,XB,2004,Shooter,Ignition Entertainment,0.08,0.02,0,0,0.1
11179,Karaoke Revolution,XB,2004,Misc,Konami Digital Entertainment,0.06,0.02,0,0,0.09
5045,MediEvil II,PS,1999,Action,Sony Computer Entertainment,0.21,0.14,0,0.02,0.38
10614,Bullet Witch,X360,2006,Shooter,Atari,0.07,0.01,0.02,0.01,0.1
3253,Pro Evolution Soccer 2015,PS3,2014,Sports,Konami Digital Entertainment,0.1,0.23,0.22,0.08,0.62
1027,SSX Tricky,PS2,2001,Sports,Electronic Arts,0.85,0.66,0,0.22,1.73
12090,Dragon Valor,PS,1999,Role-Playing,Sony Computer Entertainment,0.04,0.03,0,0,0.07
3273,Mario's Picross,GB,1995,Puzzle,Nintendo,0,0,0.62,0,0.62
1681,Enter the Matrix,XB,2003,Action,Atari,0.72,0.43,0.01,0.04,1.2
8063,TalkMan (Japan),PSP,2005,Misc,Sony Computer Entertainment,0,0,0.18,0,0.18
11557,RoadKill,XB,2003,Action,Midway Games,0.06,0.02,0,0,0.08
7879,Warhammer: Shadow of the Horned Rat,PS,1996,Strategy,Mindscape,0.11,0.07,0,0.01,0.19
3176,Cruis'n World,N64,1998,Racing,Nintendo,0.59,0.04,0,0.01,0.64
2785,Jet Moto 3,PS,1999,Racing,Sony Computer Entertainment,0.41,0.28,0,0.05,0.74
12492,Terminator 3: The Redemption,XB,2004,Shooter,Atari,0.05,0.01,0,0,0.06
2019,Epic Mickey 2: The Power of Two,Wii,2012,Action,Disney Interactive Studios,0.72,0.23,0,0.08,1.03
16081,Best Of Tests,DS,2008,Puzzle,Conspiracy Entertainment,0.01,0,0,0,0.01
10065,Family Fun Football,Wii,2009,Sports,Tecmo Koei,0.1,0,0,0.01,0.11
10518,Dora's Cooking Club,DS,2010,Misc,Take-Two Interactive,0.08,0.01,0,0.01,0.1
3760,Time Crisis II,PS2,2001,Shooter,Namco Bandai Games,0.26,0.2,0,0.07,0.53
5029,Risk: Global Domination,PS2,2003,Strategy,Atari,0.19,0.15,0,0.05,0.38
5235,WWE '12,Wii,2011,Fighting,THQ,0.24,0.09,0,0.03,0.36
874,Crash Nitro Kart,PS2,2003,Racing,Vivendi Games,0.74,1.01,0,0.2,1.95
9531,Puzzle de Harvest Moon,DS,2007,Puzzle,Natsume,0.12,0,0,0.01,0.13
3725,Fire Emblem: Path of Radiance,GC,2005,Action,Nintendo,0.29,0.08,0.16,0.01,0.54
14541,Armored Core: Last Raven Portable,PSP,2010,Simulation,From Software,0,0,0.03,0,0.03
2527,Imagine: Rock Star,DS,2008,Simulation,Ubisoft,0.4,0.33,0,0.09,0.82
1294,Chrono Trigger,DS,2008,Role-Playing,Square Enix,0.69,0.2,0.49,0.09,1.47
3201,Guitar Hero: Metallica,PS3,2009,Misc,Activision,0.28,0.24,0,0.1,0.63
10225,Fighting Force 64,N64,1999,Action,Crave Entertainment,0.09,0.02,0,0,0.11
4421,The Thing,PS2,2002,Adventure,Vivendi Games,0.22,0.17,0,0.06,0.44
14280,Sea Park Tycoon,DS,2010,Simulation,Foreign Media Games,0.02,0.01,0,0,0.03
13900,Dynasty Warriors Vol. 2 (JP sales),PSP,2006,Action,Tecmo Koei,0,0,0.04,0,0.04
1292,Fight Night Round 3,X360,2006,Fighting,Electronic Arts,1.33,0.03,0.01,0.1,1.47
11151,Shrek Smash n' Crash Racing,PSP,2006,Racing,Activision,0.08,0,0,0.01,0.09
4473,Deer Drive,DS,2010,Sports,Mastiff,0.41,0,0,0.02,0.44
665,Yu-Gi-Oh! The Duelists of the Roses,PS2,2001,Misc,Konami Digital Entertainment,1.16,0.91,0,0.3,2.38
2854,Catherine,PS3,2011,Adventure,Deep Silver,0.3,0.15,0.2,0.07,0.72
12762,Doraemon 4: Nobita to Toki no Okoku,SNES,1995,Platform,Epoch,0,0,0.06,0,0.06
16101,Ben 10 Omniverse 2,X360,2013,Action,Namco Bandai Games,0,0.01,0,0,0.01
15218,Galaxy Angel II: Eigou Kaiki no Koku,PS2,2009,Strategy,Broccoli,0,0,0.02,0,0.02
172,Pokemon Pinball,GB,1999,Misc,Nintendo,3.02,1.12,1.01,0.16,5.31
4232,Destroy All Humans!,XB,2005,Shooter,THQ,0.34,0.11,0,0.02,0.46
7461,Evil Dead: Regeneration,PS2,2005,Action,THQ,0.1,0.08,0,0.03,0.21
14858,The King of Fighters: Maximum Impact - Maniax,XB,N/A,Fighting,Unknown,0.02,0.01,0,0,0.03
9798,Ecco the Dolphin,GEN,1992,Adventure,Sega,0,0,0.12,0,0.12
12300,Max & the Magic Marker,DS,2011,Platform,Unknown,0,0.06,0,0,0.06
8196,Scooby-Doo! Unmasked,GBA,2005,Platform,THQ,0.13,0.05,0,0,0.18
657,Dead Island,X360,2011,Action,Deep Silver,1.48,0.71,0,0.2,2.39
13835,The Movies,PC,2005,Simulation,Activision,0.01,0.03,0,0.01,0.04
9760,Voodoo Vince,XB,2003,Platform,Microsoft Game Studios,0.09,0.03,0,0,0.12
8856,Oreshika: Tainted Bloodlines,PSV,2014,Role-Playing,Sony Computer Entertainment,0,0,0.15,0,0.15
4241,Syphon Filter: Logan's Shadow,PSP,2007,Shooter,Sony Computer Entertainment,0.25,0.12,0,0.09,0.46
10532,Dungeons & Dragons Tactics,PSP,2007,Strategy,Atari,0.09,0,0,0.01,0.1
4400,Sled Storm,PS2,2002,Racing,Electronic Arts,0.22,0.17,0,0.06,0.45
13431,Looney Tunes: Cartoon Conductor,DS,2008,Misc,Eidos Interactive,0.04,0,0,0,0.05
14427,Galleon: Islands of Mystery,XB,2004,Action,SCi,0.02,0.01,0,0,0.03
4665,Football Manager Handheld 2011,PSP,2010,Sports,Sega,0,0.28,0,0.14,0.42
7138,Justice League Heroes,PSP,2006,Role-Playing,Eidos Interactive,0.2,0.01,0,0.02,0.22
16576,Mini Desktop Racing,Wii,2007,Racing,Popcorn Arcade,0.01,0,0,0,0.01
5132,Command & Conquer: Red Alert 3 Ultimate Edition,PS3,2009,Strategy,Electronic Arts,0.14,0.17,0,0.06,0.37
6407,Wipeout 2,DS,2011,Misc,Activision,0.25,0,0,0.02,0.27
5944,Hamster Tarou,GB,1999,Simulation,Jorudan,0,0,0.3,0,0.3
4853,Legends of WrestleMania,X360,2009,Fighting,THQ,0.2,0.16,0,0.04,0.4
2171,PilotWings Resort,3DS,2011,Simulation,Nintendo,0.4,0.36,0.13,0.07,0.96
12666,Vitamin X to Z,PSP,2011,Adventure,D3Publisher,0,0,0.06,0,0.06
12651,Tanjou S Debut,SAT,1996,Simulation,NEC Interchannel,0,0,0.06,0,0.06
13870,Nobunaga's Ambition: Sphere of Influence - Sengoku Risshiden,PSV,2016,Misc,Tecmo Koei,0,0,0.04,0,0.04
12561,Ford Racing 3,GBA,2005,Racing,Zoo Digital Publishing,0.04,0.02,0,0,0.06
8284,Sound Novel Evolution 1: Otogirisou Sosei-Hen,PS,1999,Adventure,ChunSoft,0,0,0.16,0.01,0.17
381,Guitar Hero: On Tour,DS,2008,Misc,Activision,2.11,1.01,0.01,0.35,3.48
8673,Angry Birds Star Wars,XOne,2013,Strategy,Activision,0.11,0.04,0,0.01,0.16
10666,Harvest Moon DS Cute (jp sales),DS,2005,Simulation,Marvelous Interactive,0,0,0.1,0,0.1
8918,Shenmue II,DC,2001,Adventure,Sega,0,0,0.15,0,0.15
848,LEGO Marvel Super Heroes,PS3,2013,Action,Warner Bros. Interactive Entertainment,0.77,0.85,0.01,0.37,2
6260,Pro Evolution Soccer 2013,PSP,2012,Sports,Konami Digital Entertainment,0,0.07,0.18,0.03,0.28
6008,Starhawk,PS3,2012,Action,Sony Computer Entertainment,0.18,0.05,0.03,0.03,0.29
942,Gran Turismo Concept 2001 Tokyo,PS2,2001,Racing,Unknown,0,1.1,0.42,0.33,1.84
7680,Taiko Drum Master,PS2,2004,Misc,Namco Bandai Games,0.1,0.08,0,0.03,0.2
1387,Final Fantasy III,NES,1990,Role-Playing,SquareSoft,0,0,1.39,0.01,1.4
10942,World Soccer Winning Eleven 2010: Aoki Samurai no Chousen,PS2,2010,Sports,Konami Digital Entertainment,0,0,0.09,0,0.09
10768,Guilty Gear Isuka,PS2,2004,Fighting,505 Games,0.05,0.04,0,0.01,0.1
11753,Formula One World Championship: Beyond the Limit,SCD,1994,Racing,Sega,0,0,0.07,0,0.07
7000,Jeremy McGrath Supercross World,PS2,2001,Racing,Acclaim Entertainment,0.11,0.09,0,0.03,0.23
12433,Barbie and Her Sisters Puppy Rescue,Wii,2015,Action,Namco Bandai Games,0,0.06,0,0,0.06
8533,Crash Tag Team Racing,GC,2005,Racing,Vivendi Games,0.12,0.03,0,0,0.16
9361,Puzzle Kingdoms,DS,2009,Puzzle,Zoo Digital Publishing,0.12,0,0,0.01,0.13
2831,God Eater,PSP,2010,Action,Unknown,0,0,0.72,0,0.72
7357,Tony Hawk's American Sk8land,DS,2005,Sports,Activision,0.19,0.01,0,0.02,0.21
2750,Coded Arms,PSP,2005,Shooter,Konami Digital Entertainment,0.28,0.29,0,0.18,0.75
6896,DiRT Showdown,X360,2012,Racing,Codemasters,0.08,0.14,0,0.02,0.24
12565,Attack on Titan (KOEI),PS3,2016,Action,Tecmo Koei,0,0,0.06,0,0.06
14251,Ukiyo no Shishi,PS3,2015,Action,Namco Bandai Games,0,0,0.03,0,0.03
15752,Abunai: Koi no Sousa Shitsu,PSV,2015,Action,Asgard,0,0,0.02,0,0.02
5272,Nicktoons: Unite!,GC,2005,Adventure,THQ,0.27,0.07,0,0.01,0.35
10300,National Geographic Challenge!,Wii,2011,Misc,Black Bean Games,0.08,0.02,0,0.01,0.11
9397,Castrol Honda Superbike Racing,PS,1998,Racing,THQ,0.07,0.05,0,0.01,0.13
345,Gran Turismo 6,PS3,2013,Racing,Sony Computer Entertainment,0.71,1.8,0.4,0.74,3.64
7728,Shutter Island,PC,2009,Adventure,Merscom LLC,0,0.17,0,0.03,0.2
2367,Endless Ocean: Blue World,Wii,2009,Simulation,Nintendo,0.47,0.22,0.12,0.07,0.88
10480,Corvette Evolution GT,DS,2008,Racing,Black Bean Games,0.1,0,0,0.01,0.1
6371,Shin Megami Tensei: Devil Survivor,DS,2009,Role-Playing,Atlus,0.14,0,0.12,0.01,0.27
14441,Bad Apple Wars,PSV,2015,Action,Idea Factory,0,0,0.03,0,0.03
4260,Hydro Thunder,PS,1999,Racing,Midway Games,0.26,0.17,0,0.03,0.46
14628,Romance of the Three Kingdoms II,3DS,2015,Strategy,Tecmo Koei,0,0,0.03,0,0.03
13224,Johnny Bazookatone,PS,1995,Platform,U.S. Gold,0.03,0.02,0,0,0.05
11983,Aero Gauge,N64,1997,Racing,ASCII Entertainment,0.06,0.01,0,0,0.07
8104,Gauntlet: Dark Legacy,GC,2002,Action,Midway Games,0.14,0.04,0,0,0.18
6067,Neopets Puzzle Adventure,DS,2008,Puzzle,Capcom,0.26,0,0,0.02,0.29
142,Gears of War,X360,2006,Shooter,Microsoft Game Studios,3.54,1.9,0.07,0.6,6.11
963,Sly 2: Band of Thieves,PS2,2004,Platform,Sony Computer Entertainment,0.88,0.69,0,0.23,1.81
10484,Ridge Racer 2,PSP,2006,Racing,Sony Computer Entertainment,0,0.03,0.07,0.01,0.1
8854,J-League Victory Goal,SAT,1995,Sports,Sega,0,0,0.15,0,0.15
2369,Just Cause 3,XOne,2015,Action,Square Enix,0.42,0.38,0,0.07,0.88
16050,Rayman Raving Rabbids,PC,2006,Misc,Ubisoft,0,0.01,0,0,0.01
15826,Busou Renkin: Youkoso Papillon Park e,PS2,2007,Action,Marvelous Interactive,0,0,0.02,0,0.02
13018,TNA iMPACT: Cross the Line,PSP,2010,Fighting,SouthPeak Games,0.05,0,0,0,0.05
6767,The Adventures of Tintin: The Game,X360,2011,Action,Ubisoft,0.07,0.14,0,0.03,0.25
786,Mortal Kombat,X360,2011,Fighting,Warner Bros. Interactive Entertainment,1.63,0.33,0,0.15,2.11
8257,Gretzky NHL 2005,PS2,2004,Sports,Sony Computer Entertainment,0.08,0.07,0,0.02,0.17
11993,Hearts of Iron III,PC,2009,Strategy,Paradox Interactive,0.01,0.04,0,0.01,0.07
7404,Hot Shots Tennis: Get a Grip,PSP,2010,Sports,Sony Computer Entertainment,0.06,0,0.13,0.01,0.21
8412,Hellboy: The Science of Evil,PS3,2008,Action,Konami Digital Entertainment,0.13,0.02,0,0.02,0.17
6493,Final Fantasy V Advance,GBA,2006,Role-Playing,Nintendo,0,0,0.26,0.01,0.26
1706,Metal Gear Solid VR Missions,PS,1999,Adventure,Konami Digital Entertainment,0.66,0.45,0,0.08,1.18
16369,Hakuouki: Shinsengumi Kitan,PS3,N/A,Adventure,Unknown,0.01,0,0,0,0.01
6691,F1 Pole Position 64,N64,1997,Racing,Ubisoft,0.11,0.13,0,0.01,0.25
12909,Puyo Puyo 7,Wii,2009,Puzzle,Sega,0,0,0.05,0,0.05
14433,Sunny Garcia Surfing,PS2,2001,Sports,Ubisoft,0.02,0.01,0,0,0.03
10124,Metal Slug 4 & 5,PS2,2005,Shooter,SNK Playmore,0.05,0.04,0,0.01,0.11
12035,Circuit Breakers,PS,1998,Racing,Mindscape,0.04,0.03,0,0,0.07
5889,Nounai Aeshe: IQ Suppli DS,DS,2006,Misc,Spike,0,0,0.3,0,0.3
9604,SimAnimals Africa,Wii,2009,Simulation,Electronic Arts,0.1,0.01,0,0.01,0.13
94,Call of Duty: Advanced Warfare,PS4,2014,Shooter,Activision,2.8,3.3,0.14,1.37,7.6
11942,"Hi! Hamtaro - Little Hamsters,big Adventures: Ham-Ham Challenge",DS,2005,Misc,505 Games,0.07,0,0,0,0.07
10,Duck Hunt,NES,1984,Shooter,Nintendo,26.93,0.63,0.28,0.47,28.31
4273,Crash Nitro Kart,GBA,2003,Racing,Vivendi Games,0.33,0.12,0,0.01,0.46
1290,Mario Golf,N64,1999,Action,Nintendo,0.62,0.18,0.65,0.02,1.47
12278,Guitar Freaks 3rdMIX & DrumMania 2ndMIX,PS2,2000,Simulation,Konami Digital Entertainment,0,0,0.06,0,0.06
8557,Flushed Away,GC,2006,Platform,D3Publisher,0.12,0.03,0,0,0.16
10544,Capcom vs. SNK 2 EO,XB,2003,Fighting,Capcom,0.08,0.02,0,0,0.1
12766,Starwinder: The Ultimate Space Race,PS,1996,Racing,Mindscape,0.03,0.02,0,0,0.06
1156,Silent Hill,PS,1999,Action,Konami Digital Entertainment,0.71,0.48,0.3,0.1,1.6
16403,Pro Evolution Soccer 2010,PC,2009,Sports,Konami Digital Entertainment,0,0.01,0,0,0.01
12959,Myth Makers: Orbs of Doom,Wii,2007,Puzzle,Popcorn Arcade,0.05,0,0,0,0.05
7163,Dark Souls II,XOne,2015,Role-Playing,Namco Bandai Games,0.13,0.07,0,0.02,0.22
11730,Tennis no Oji-Sama Gyutto! DokiDoki Survival - Umi to Yama no Love Passion,DS,2011,Sports,Konami Digital Entertainment,0,0,0.08,0,0.08
15545,Snow Portable,PSP,2007,Adventure,Prototype,0,0,0.02,0,0.02
7626,Snowboard Kids,N64,1996,Sports,Atlus,0.16,0.04,0,0,0.2
7908,Jewel Master: Cradle of Athena,DS,2010,Puzzle,Storm City Games,0.18,0,0,0.01,0.19
6791,Army Men: Sarge's Heroes 2,PS,2000,Shooter,3DO,0.14,0.09,0,0.02,0.24
320,Mario & Luigi: Bowser's Inside Story,DS,2009,Role-Playing,Nintendo,2.26,0.48,0.81,0.27,3.83
12174,Card Games,PS,2000,Misc,D3Publisher,0.04,0.03,0,0,0.07
12723,Kamen Rider Kabuto,PS2,2006,Action,Namco Bandai Games,0,0,0.06,0,0.06
12127,DefCon 5,PS,1995,Shooter,Psygnosis,0.04,0.03,0,0,0.07
7802,50 Cent: Blood on the Sand,PS3,2009,Shooter,THQ,0.1,0.06,0.01,0.03,0.19
14504,Hudson x GReeeeN Live!? DeeeeS!?,DS,2010,Misc,Hudson Soft,0,0,0.03,0,0.03
8608,Scripps Spelling Bee,DS,2010,Simulation,THQ,0.15,0,0,0.01,0.16
15939,Iron Soldier 3,PS,1999,Simulation,Telegames,0.01,0.01,0,0,0.02
96,Crash Bandicoot 2: Cortex Strikes Back,PS,1997,Platform,Sony Computer Entertainment,3.78,2.17,1.31,0.31,7.58
948,Jet Moto,PS,1996,Racing,Sony Computer Entertainment,1.33,0.4,0.03,0.07,1.83
4612,Marvel Super Hero Squad,DS,2009,Fighting,THQ,0.37,0.02,0,0.03,0.42
15386,Samurai & Dragons,PSV,2012,Action,Sega,0,0,0.02,0,0.02
6704,World Series Baseball 2K3,PS2,2003,Sports,Sega,0.12,0.1,0,0.03,0.25
615,PES 2009: Pro Evolution Soccer,PS2,2008,Sports,Konami Digital Entertainment,0.13,0.07,0.26,2.05,2.5
7643,Total War: Shogun 2 - Fall of the Samurai,PC,2012,Strategy,Sega,0.07,0.1,0,0.03,0.2
13908,Battle Hunter,PS,1999,Strategy,Midas Interactive Entertainment,0.02,0.01,0,0,0.04
6726,Yakuza Zero: The Place of Oath,PS3,2015,Action,Sega,0,0,0.25,0,0.25
2802,F1 2011,X360,2011,Racing,Codemasters,0.11,0.51,0.01,0.09,0.73
15170,Freedom Wings,DS,2006,Simulation,Natsume,0.02,0,0,0,0.02
959,The Evil Within,PS4,2014,Action,Bethesda Softworks,0.55,0.84,0.11,0.31,1.81
6179,Sesame Street: Elmo's A-to-Zoo Adventure,DS,2010,Misc,Warner Bros. Interactive Entertainment,0.27,0,0,0.02,0.28
12112,Army Men: RTS,GC,2004,Strategy,Global Star,0.05,0.01,0,0,0.07
14031,True Pinball,PS,1996,Misc,Ocean,0.02,0.01,0,0,0.04
8212,EyeToy: Kinetic,PS2,2005,Sports,Sony Computer Entertainment,0.09,0.07,0,0.02,0.17
13943,Real Soccer 2008,DS,2007,Sports,Ubisoft,0.03,0,0,0,0.04
5791,Sorcery,PS3,2012,Action,Sony Computer Entertainment,0.14,0.12,0,0.05,0.31
15618,PachiPara 3D: Ooumi Monogatari 2 - Pachi Pro Fuuunroku Hana,3DS,2012,Action,Irem Software Engineering,0,0,0.02,0,0.02
5687,Catherine,X360,2011,Adventure,Deep Silver,0.2,0.06,0.03,0.02,0.32
10967,Atari Classics Evolved,PSP,2007,Misc,Atari,0.08,0,0,0.01,0.09
1909,Tom Clancy's Ghost Recon 2,PS2,2004,Shooter,Ubisoft,0.64,0.34,0,0.1,1.08
1184,Conflict: Desert Storm,PS2,2002,Shooter,Gotham Games,0.98,0.53,0,0.06,1.57
13909,PO'ed,PS,1996,Shooter,Time Warner Interactive,0.02,0.01,0,0,0.04
7788,Hidden Mysteries: Vampire Secrets,DS,2010,Adventure,Astragon,0.06,0.11,0,0.02,0.19
7491,Dragon Ball Z: Sagas,GC,2005,Fighting,Atari,0.16,0.04,0,0.01,0.21
7962,Farmtopia,DS,2010,Simulation,505 Games,0.18,0,0,0.01,0.19
12512,Virtual Chess 64,N64,1998,Misc,Titus,0.05,0.01,0,0,0.06
15450,Germany's Next Topmodel 2011,Wii,2011,Simulation,7G//AMES,0,0.02,0,0,0.02
2841,Major League Baseball 2K7,X360,2007,Sports,Spike,0.67,0,0,0.05,0.72
958,Dragon Quest VI: Realms of Revelation,DS,2010,Role-Playing,Nintendo,0.22,0.21,1.35,0.03,1.81
4559,Call of Duty: Modern Warfare: Mobilized,DS,2009,Shooter,Activision,0.37,0.02,0,0.03,0.43
3959,Midnight Club II,XB,2003,Racing,Take-Two Interactive,0.42,0.06,0,0.02,0.5
1744,Need for Speed: Most Wanted,PSV,2012,Racing,Electronic Arts,0.38,0.52,0.01,0.25,1.16
6417,InuYasha: Feudal Combat,PS2,2005,Fighting,Namco Bandai Games,0.13,0.1,0,0.03,0.27
11124,Test Drive: Eve of Destruction,XB,2004,Racing,Atari,0.07,0.02,0,0,0.09
9863,Minute to Win It,DS,2010,Misc,Zoo Games,0.11,0,0,0.01,0.12
6626,The Chronicles of Riddick: Assault on Dark Athena,PS3,2009,Shooter,Vivendi Games,0.12,0.1,0,0.04,0.25
9376,Peter Jackson's King Kong: The Official Game of the Movie,DS,2005,Action,Ubisoft,0.12,0,0,0.01,0.13
3555,NHL 14,PS3,2013,Sports,Electronic Arts,0.28,0.19,0,0.09,0.57
11190,Samurai Warriors 2: Xtreme Legends,PS2,2007,Action,Tecmo Koei,0.04,0.03,0,0.01,0.09
70,Gran Turismo 2,PS,1999,Racing,Sony Computer Entertainment,3.88,3.42,1.69,0.5,9.49
5972,The Godfather: Dons Edition,PS3,2007,Action,Electronic Arts,0.25,0.02,0,0.03,0.29
1874,The Simpsons Game,PSP,2007,Action,Electronic Arts,0.24,0.55,0,0.31,1.09
13808,Resident Evil: Revelations,PC,2013,Action,Capcom,0,0.03,0,0.01,0.04
3147,NBA 2K17,XOne,2016,Sports,Take-Two Interactive,0.54,0.04,0,0.07,0.64
12918,New Prince of Tennis: Go to the Top,3DS,2015,Action,FuRyu,0,0,0.05,0,0.05
14115,MX World Tour Featuring Jamie Little,XB,2005,Racing,Crave Entertainment,0.03,0.01,0,0,0.03
14147,The Legend of Heroes: Trails in the Sky SC Evolution,PSV,2015,Role-Playing,Kadokawa Games,0,0,0.03,0,0.03
1762,Plants vs. Zombies: Garden Warfare,X360,2014,Shooter,Electronic Arts,0.51,0.54,0,0.1,1.16
8892,Winning Post 4,PS,1999,Sports,Tecmo Koei,0,0,0.14,0.01,0.15
3995,Madden NFL 11,PS2,2010,Sports,Electronic Arts,0.41,0.02,0,0.07,0.5
7886,Lunar Legend,GBA,2002,Role-Playing,Media Rings,0.14,0.05,0,0,0.19
1932,Skylanders SWAP Force,PS3,2013,Platform,Activision,0.43,0.44,0,0.2,1.07
3012,Need for Speed Rivals,XOne,2013,Racing,Electronic Arts,0.45,0.17,0,0.05,0.67
3430,Dark Souls II,PS4,2015,Role-Playing,Namco Bandai Games,0.2,0.22,0.08,0.08,0.59
12212,Pandemonium 2,PS,1997,Platform,BMG Interactive Entertainment,0.04,0.02,0,0,0.07
1014,Dance Dance Revolution X,PS2,2008,Simulation,Konami Digital Entertainment,0.85,0.66,0.01,0.22,1.75
9764,Kaijuu Busters,DS,2009,Action,Namco Bandai Games,0,0,0.12,0,0.12
13947,APB Reloaded,PC,2011,Role-Playing,Iceberg Interactive,0.02,0.01,0,0,0.04
8567,TNA iMPACT!,Wii,2008,Fighting,Midway Games,0.14,0.01,0,0.01,0.16
14372,Guilty Gear XX Accent Core Plus,Wii,2009,Fighting,PQube,0.01,0.02,0,0,0.03
16562,Sugar + Spice! Anoko no Suteki na Nanimokamo,PS2,2008,Adventure,Alchemist,0,0,0.01,0,0.01
8639,LEGO Legends of Chima: Laval's Journey,PSV,2013,Adventure,Warner Bros. Interactive Entertainment,0.02,0.09,0,0.04,0.16
13739,City Builder,Wii,2010,Misc,Virtual Play Games,0.04,0,0,0,0.04
873,Destiny,X360,2014,Shooter,Activision,1.3,0.49,0,0.16,1.95
9410,Chicken Run,PS,2000,Adventure,Eidos Interactive,0.07,0.05,0,0.01,0.13
10023,Doukoku Shoshite...,SAT,1998,Adventure,Data East,0,0,0.11,0,0.11
11565,Lost in Blue: Shipwrecked,Wii,2008,Adventure,Konami Digital Entertainment,0.07,0,0,0.01,0.08
6028,Jeremy McGrath Supercross 2000,N64,1999,Racing,Acclaim Entertainment,0.23,0.06,0,0,0.29
2619,Drawn to Life,DS,2007,Action,THQ,0.71,0.02,0,0.06,0.79
9400,My Spanish Coach,PSP,2008,Misc,Ubisoft,0.12,0,0,0.01,0.13
9088,Gundam Breaker 2,PS3,2014,Action,Namco Bandai Games,0,0,0.14,0,0.14
8602,Black & Bruised,PS2,2003,Fighting,Vivendi Games,0.08,0.06,0,0.02,0.16
8722,The Oregon Trail,Wii,2011,Simulation,Crave Entertainment,0.15,0,0,0.01,0.15
8728,de Blob 2,X360,2011,Platform,THQ,0.1,0.04,0,0.01,0.15
16346,Sekirei: Mirai Kara no Okurimono,PS2,2009,Adventure,Alchemist,0,0,0.01,0,0.01
53,Gran Turismo,PS,1997,Racing,Sony Computer Entertainment,4.02,3.87,2.54,0.52,10.95
11504,Midway Arcade Treasures 3,XB,2005,Misc,Midway Games,0.06,0.02,0,0,0.08
11605,Rayman Origins,PC,2012,Platform,Ubisoft,0,0.06,0,0.01,0.08
5353,Risk / Battleship / Clue,GBA,2005,Misc,Zoo Digital Publishing,0.25,0.09,0,0.01,0.34
10858,Ouchi Mainichi Tamagotchi,3DS,2012,Action,Namco Bandai Games,0,0,0.09,0,0.09
12427,Blast Lacrosse,PS,2001,Sports,Acclaim Entertainment,0.03,0.02,0,0,0.06
9395,Rugby 15,PS3,2015,Sports,Bigben Interactive,0.02,0.09,0,0.02,0.13
7970,WWE SmackDown vs. Raw 2009,DS,2008,Fighting,THQ,0.15,0.02,0,0.01,0.19
8376,Beat Down: Fists of Vengeance,PS2,2005,Action,Capcom,0.04,0.03,0.09,0.01,0.17
11057,2-in-1 Game Pack: Spider-Man & Spider-Man 2,GBA,2005,Platform,Activision,0.06,0.02,0,0,0.09
8000,Fight Club,PS2,2004,Fighting,Vivendi Games,0.09,0.07,0,0.02,0.18
4577,LEGO Rock Band,PS3,2009,Misc,Warner Bros. Interactive Entertainment,0.24,0.13,0,0.06,0.42
5883,Daikaijyuu Monogatari,SNES,1994,Role-Playing,Hudson Soft,0,0,0.3,0,0.3
5402,Carnival,2600,1981,Shooter,Coleco,0.32,0.02,0,0,0.34
1306,Homefront,X360,2011,Shooter,THQ,0.83,0.48,0.02,0.12,1.46
5578,NBA 2K10,PSP,2009,Sports,Take-Two Interactive,0.3,0,0,0.03,0.32
8720,Courier Crisis,PS,1997,Racing,BMG Interactive Entertainment,0.09,0.06,0,0.01,0.15
13480,Assault Rigs,PS,1996,Action,Electronic Arts Victor,0.02,0.02,0,0,0.04
3302,Time Crisis 3,PS2,2003,Shooter,Namco Bandai Games,0.3,0.23,0,0.08,0.61
3583,Battlefield 2: Modern Combat,XB,2005,Shooter,Electronic Arts,0.39,0.15,0,0.02,0.56
11300,S.C.A.R.S,PS,1998,Racing,Ubisoft,0.05,0.03,0,0.01,0.08
14234,EverBlue 2,PS2,2002,Adventure,Capcom,0.02,0.01,0,0,0.03
11209,Busy Scissors,Wii,2010,Simulation,Little Orbit,0.08,0,0,0,0.09
7503,Cabela's North American Adventures,Wii,2010,Sports,Activision,0.19,0,0,0.01,0.2
5152,Sid Meier's Civilization: Beyond Earth,PC,2014,Strategy,Take-Two Interactive,0.11,0.22,0,0.03,0.37
11922,Karaoke Revolution Party,GC,2005,Misc,Konami Digital Entertainment,0.05,0.01,0,0,0.07
360,Croc: Legend of the Gobbos,PS,1997,Platform,Fox Interactive,1.57,1.79,0,0.2,3.56
6307,Baten Kaitos: Eternal Wings and the Lost Ocean,GC,2003,Role-Playing,Nintendo,0.21,0.05,0,0.01,0.27
12451,Busy Scissors,DS,2010,Simulation,Little Orbit,0.06,0,0,0,0.06
3812,The Warriors,PS2,2005,Action,Take-Two Interactive,0.44,0.02,0,0.07,0.53
1065,FIFA 16,X360,2015,Sports,Electronic Arts,0.55,1.01,0,0.13,1.69
5593,Dead or Alive 5,X360,2012,Fighting,Ubisoft Annecy,0.19,0.08,0.03,0.02,0.32
7316,Afrika,PS3,2008,Adventure,Unknown,0.12,0,0.08,0.01,0.21
9943,CSI: Crime Scene Investigation,XB,2004,Adventure,Ubisoft,0.09,0.03,0,0,0.12
1644,NBA Live 99,PS,1997,Sports,Electronic Arts,1.13,0.05,0,0.03,1.22
15441,Warship Gunner 2 Portable,PSP,2009,Simulation,Tecmo Koei,0,0,0.02,0,0.02
14224,Shining Stars,DS,2008,Action,"Destination Software, Inc",0.03,0,0,0,0.03
14709,Akane Iro ni Somaru Saka Parallel,PS2,2008,Adventure,GN Software,0,0,0.03,0,0.03
12235,Cosmos Chaos!,DS,2010,Misc,Mentor Interactive,0.06,0,0,0,0.07
8261,Yakuza Zero: The Place of Oath,PS4,2015,Action,Sega,0,0,0.17,0,0.17
6043,Fable: The Journey,X360,2012,Role-Playing,Microsoft Game Studios,0.18,0.09,0,0.02,0.29
12005,The Guy Game,XB,2004,Misc,Gathering of Developers,0.05,0.02,0,0,0.07
10846,Gundam Breaker 3,PS4,2016,Action,Namco Bandai Games,0,0,0.09,0,0.09
15729,Revolution: 25th Anniversary Collection,PC,2016,Adventure,Koch Media,0,0.02,0,0,0.02
9434,The Unholy War,PS,1998,Strategy,Eidos Interactive,0.07,0.05,0,0.01,0.13
16283,Fatal Fury: Battle Archives Volume 1 (JP sales),PS2,2006,Fighting,Ignition Entertainment,0,0,0.01,0,0.01
2188,Skylanders: Spyro's Adventure,PS3,2011,Action,Activision,0.39,0.4,0,0.16,0.95
12181,Dungeon Maker II: The Hidden War,PSP,2007,Role-Playing,Global A Entertainment,0.06,0,0,0.01,0.07
12974,Disney's PK: Out of the Shadows,GC,2002,Platform,Ubisoft,0.04,0.01,0,0,0.05
8375,World Destruction League: Thunder Tanks,PS,2000,Action,3DO,0.09,0.06,0,0.01,0.17
5946,Fist of the North Star: Ken's Rage 2,PS3,2012,Fighting,Tecmo Koei,0,0,0.3,0,0.3
6403,Rock Revolution,PS3,N/A,Misc,Unknown,0.25,0,0,0.02,0.27
8580,NBA 2K12,PC,2011,Sports,Take-Two Interactive,0.09,0.05,0,0.02,0.16
1868,Tales of Symphonia,GC,2003,Role-Playing,Nintendo,0.54,0.21,0.31,0.04,1.1
16132,Umineko no Naku Koro ni Portable 1,PSP,2011,Adventure,Alchemist,0,0,0.01,0,0.01
970,Disney's The Lion King,SNES,1994,Platform,Virgin Interactive,1.26,0.39,0.08,0.06,1.79
15449,Nobunaga's Ambition: Tenshouki with Power-Up Kit HD Version,PSV,2015,Strategy,Tecmo Koei,0,0,0.02,0,0.02
11465,Big Mutha Truckers,GC,2003,Racing,Empire Interactive,0.06,0.02,0,0,0.08
2396,NHL 2000,PS,1998,Sports,Electronic Arts,0.48,0.33,0,0.06,0.87
8774,Scooby-Doo! Unmasked,GC,2005,Platform,THQ,0.12,0.03,0,0,0.15
2704,Drawn to Life: The Next Chapter,Wii,2009,Puzzle,THQ,0.29,0.39,0,0.08,0.76
2846,James Bond 007: Blood Stone,PS3,2010,Shooter,Activision,0.18,0.38,0.02,0.13,0.72
10972,Rapid Reload,PS,1995,Shooter,Sony Computer Entertainment,0,0,0.09,0.01,0.09
16110,Marginal #4: Idol of Supernova,PSV,2014,Adventure,Idea Factory,0,0,0.01,0,0.01
16022,God Eater Off Shot: Soma Shikkuzaru-hen Twin Pack & Animation Vol.4,PS4,2016,Action,Namco Bandai Games,0,0,0.01,0,0.01
12384,Power Shovel,PS,2000,Action,JVC,0.03,0.02,0,0,0.06
1222,The Simpsons Game,DS,2007,Action,Electronic Arts,0.57,0.79,0,0.17,1.53
519,WWE SmackDown! vs. Raw,PS2,2002,Fighting,THQ,1.32,1.08,0.04,0.39,2.83
12695,Ride to Hell,X360,2013,Racing,Deep Silver,0.04,0.01,0,0,0.06
6948,Silent Hill: Book of Memories,PSV,2012,Action,Konami Digital Entertainment,0.13,0.06,0,0.04,0.24
6090,Romance of the Three Kingdoms III: Dragon of Destiny,SNES,1992,Strategy,Tecmo Koei,0,0,0.29,0,0.29
12613,Dragon Rage,PS2,2001,Shooter,3DO,0.03,0.02,0,0.01,0.06
6732,Grandia,PS,1999,Role-Playing,Ubisoft,0.14,0.09,0,0.02,0.25
2129,Final Fantasy Type-0,PS4,2015,Role-Playing,Square Enix,0.37,0.32,0.15,0.14,0.97
6954,Madagascar: Escape 2 Africa,PS3,2008,Action,Activision,0.12,0.08,0,0.04,0.23
12345,Tom Clancy's Splinter Cell: Pandora Tomorrow,GBA,2004,Action,Ubisoft,0.05,0.02,0,0,0.06
5352,Style Lab: Jewelry Design,DS,2009,Simulation,Ubisoft,0.32,0,0,0.02,0.34
800,Metal Gear Solid: Peace Walker,PSP,2010,Action,Konami Digital Entertainment,0.46,0.42,0.96,0.25,2.09
11898,Grand Kingdom,PSV,2015,Role-Playing,Nippon Ichi Software,0.01,0.02,0.04,0.01,0.07
16585,Planet Monsters,GBA,2001,Action,Titus,0.01,0,0,0,0.01
134,Halo 3: ODST,X360,2009,Shooter,Microsoft Game Studios,4.34,1.35,0.06,0.61,6.36
14664,Kidou Senshi V Gundam,SNES,1994,Action,Namco Bandai Games,0,0,0.03,0,0.03
15482,Sotsugyou II: Neo Generation Special,3DO,1995,Simulation,Imageworks,0,0,0.02,0,0.02
12620,Archer Maclean Presents: Pool Paradise,PS2,2004,Sports,Ignition Entertainment,0.03,0.02,0,0.01,0.06
11309,Wildlife Park 3,PC,2011,Simulation,bitComposer Games,0,0.07,0,0.02,0.08
9550,Ty the Tasmanian Tiger 2: Bush Rescue,GBA,2004,Platform,Electronic Arts,0.09,0.03,0,0,0.13
14153,Kekkaishi: Kokubourou no Kage,Wii,2007,Action,Namco Bandai Games,0,0,0.03,0,0.03
4975,Harry Potter: Quidditch World Cup,GBA,2003,Sports,Electronic Arts,0.28,0.1,0,0.01,0.39
12832,NHL Legacy,X360,2015,Action,Electronic Arts,0.05,0,0,0.01,0.05
8070,The Chronicles of Narnia: Prince Caspian,X360,2008,Action,Disney Interactive Studios,0.16,0.01,0,0.01,0.18
2000,Dance Dance Revolution SuperNOVA,PS2,2006,Simulation,Konami Digital Entertainment,0.87,0.03,0,0.14,1.04
6688,Fox Sports College Hoops '99,N64,1998,Sports,Fox Interactive,0.2,0.05,0,0,0.25
11670,PQ: Practical Intelligence Quotient,PSP,2005,Puzzle,D3Publisher,0.07,0,0,0.01,0.08
913,Yokai Watch,3DS,2013,Role-Playing,Nintendo,0.21,0.3,1.33,0.04,1.89
11029,Jikkyou Powerful Pro Yakyuu 9 Ketteiban,PS2,2002,Sports,Konami Digital Entertainment,0,0,0.09,0,0.09
14423,Bubble Bobble Evolution,PSP,2006,Puzzle,Rising Star Games,0.03,0,0,0,0.03
13732,GoGo's Crazy Bones,DS,2012,Action,GameMill Entertainment,0,0.04,0,0,0.04
11195,50 Cent: Bulletproof,PSP,2006,Action,Vivendi Games,0.08,0,0,0.01,0.09
2441,Castlevania III: Dracula's Curse,NES,1989,Platform,Konami Digital Entertainment,0.4,0.07,0.37,0.01,0.85
12943,King Arthur,XB,2004,Action,Konami Digital Entertainment,0.04,0.01,0,0,0.05
14396,Dr. Muto,GC,2002,Platform,Midway Games,0.02,0.01,0,0,0.03
2407,Guitar Hero: Warriors of Rock,X360,2010,Misc,Activision,0.47,0.32,0,0.08,0.87
10227,Rock Band: Metal Track Pack,Wii,2009,Misc,MTV Games,0.1,0,0,0.01,0.11
1602,Tales of Xillia,PS3,2011,Role-Playing,Namco Bandai Games,0.29,0.19,0.67,0.09,1.24
14360,Chaos;Head - Love Chu*Chu!,X360,2010,Adventure,5pb,0,0,0.03,0,0.03
10574,Doom 3,PC,2004,Shooter,Activision,0.05,0.04,0,0.01,0.1
6817,K-1 Revenge,PS,1997,Fighting,Xing Entertainment,0.04,0.03,0.16,0.02,0.24
3497,Rooms: The Main Building,DS,2010,Adventure,Nintendo,0.1,0.41,0.01,0.06,0.58
9465,Academy of Champions: Soccer,Wii,2009,Sports,Ubisoft,0.1,0.02,0,0.01,0.13
11168,Battle Fantasia,X360,2008,Fighting,505 Games,0.07,0,0.01,0.01,0.09
6969,Hot Wheels: Beat That!,DS,2007,Racing,Activision,0.22,0,0,0.02,0.23
13208,Spitfire Heroes: Tales of the Royal Air Force,DS,2008,Simulation,Destineer,0.05,0,0,0,0.05
13804,Thoroughbred Breeder II Plus,PS,1995,Simulation,Hect,0,0,0.04,0,0.04
10928,Trivial Pursuit unhinged,XB,2004,Misc,Atari,0.07,0.02,0,0,0.09
13438,Plants vs. Zombies: Garden Warfare 2,PC,2016,Shooter,Electronic Arts,0,0.04,0,0,0.05
5890,Crazy Taxi: Catch a Ride,GBA,2003,Racing,THQ,0.21,0.08,0,0.01,0.3
10274,GiFTPiA,GC,N/A,Role-Playing,Unknown,0,0,0.11,0,0.11
11716,Medal of Honor: Underground,GBA,2002,Shooter,Zoo Digital Publishing,0.05,0.02,0,0,0.08
6621,Star Wars The Clone Wars: Republic Heroes,PS2,2009,Action,LucasArts,0.17,0.01,0,0.08,0.25
4968,Karaoke Revolution Presents American Idol Encore,PS2,2008,Misc,Konami Digital Entertainment,0.19,0.15,0,0.05,0.39
8681,Birds of Steel,X360,2012,Simulation,Konami Digital Entertainment,0.11,0.04,0,0.01,0.16
8263,The Secret World,PC,2012,Role-Playing,Funcom,0.07,0.08,0,0.02,0.17
11279,Pachitte Chonmage Tatsujin 13: Pachinko Hissatsu Shigotojin III,PS2,2007,Misc,Hackberry,0,0,0.08,0,0.08
3814,J-League Soccer: Prime Goal 2,SNES,1994,Sports,Namco Bandai Games,0,0,0.53,0,0.53
2783,Tiger Woods PGA Tour 2001,PS2,2001,Sports,Electronic Arts,0.36,0.28,0,0.09,0.74
15317,Aquanaut's Holiday,PS,1995,Adventure,Sony Computer Entertainment,0.01,0.01,0,0,0.02
15407,Strike Witches: Anata to Dekiru Koto - A Little Peaceful Days,PS2,2010,Action,Russel,0,0,0.02,0,0.02
15923,Elminage II DS Remix: Sousei no Megami to Unmai no Daichi,DS,2010,Role-Playing,Starfish,0,0,0.02,0,0.02
14613,Medabots Girls Mission: Metabee Ver. / Rokusho Ver.,3DS,2016,Role-Playing,Rocket Company,0,0,0.03,0,0.03
13793,CSI: Fatal Conspiracy,PC,2010,Adventure,Ubisoft,0,0.03,0,0.01,0.04
16120,Games Around the World,DS,2010,Misc,Zoo Games,0.01,0,0,0,0.01
14618,Nisekoi: Yomeiri!?,PSV,2014,Adventure,Konami Digital Entertainment,0,0,0.03,0,0.03
6300,The Evil Within,PC,2014,Action,Bethesda Softworks,0.09,0.16,0,0.02,0.27
8514,The Legend of Heroes VII: The Trail of Zero,PSP,2010,Role-Playing,Falcom Corporation,0,0,0.16,0,0.16
14335,Underground Pool,DS,2007,Sports,UFO Interactive,0.03,0,0,0,0.03
10490,Green Lantern: Rise of the Manhunters,Wii,2011,Action,Warner Bros. Interactive Entertainment,0.06,0.04,0,0.01,0.1
6127,Haven: Call of the King,PS2,N/A,Platform,Midway Games,0.14,0.11,0,0.04,0.28
4252,Dora The Explorer: Dora Saves the Snow Princess,DS,2008,Platform,Take-Two Interactive,0.27,0.16,0,0.04,0.46
5092,The Legend of Spyro: The Eternal Night,DS,2007,Platform,Vivendi Games,0.32,0.03,0,0.03,0.37
13667,GRID,PC,N/A,Racing,Codemasters,0,0.03,0,0.01,0.04
6820,Spider-Man: Shattered Dimensions,Wii,2010,Action,Activision,0.13,0.09,0,0.02,0.24
212,Madden NFL 06,PS2,2005,Sports,Electronic Arts,3.98,0.26,0.01,0.66,4.91
11289,SafeCracker: The Ultimate Puzzle Adventure,Wii,2008,Puzzle,The Adventure Company,0.07,0.01,0,0.01,0.08
13244,Capcom vs. SNK: Millennium Fight 2000 Pro,DC,2001,Fighting,Capcom,0,0,0.05,0,0.05
1414,LEGO Indiana Jones: The Original Adventures,PS2,2008,Action,LucasArts,0.6,0.01,0,0.76,1.37
16143,BlazBlue: Calamity Trigger,PC,2010,Fighting,PQube,0,0.01,0,0,0.01
3492,Tony Hawk's Pro Skater 4,GC,2002,Sports,Activision,0.45,0.12,0,0.02,0.58
3061,Darkstone,PS,2001,Role-Playing,Electronic Arts,0.37,0.25,0,0.04,0.66
9026,Haunted House,Wii,2010,Action,Atari,0.13,0,0,0.01,0.14
4319,The Walking Dead: Season One,PS4,2014,Adventure,Telltale Games,0.12,0.25,0.01,0.08,0.45
4297,Rayman Legends,X360,2013,Platform,Ubisoft,0.19,0.23,0,0.04,0.46
290,Fallout: New Vegas,X360,2010,Role-Playing,Bethesda Softworks,2.65,1.06,0.04,0.33,4.08
9529,Alter Echo,PS2,2003,Shooter,THQ,0.06,0.05,0,0.02,0.13
7434,Rumble Racing,PS2,2001,Racing,Electronic Arts,0.1,0.08,0,0.03,0.21
13573,Strike Force Bowling,XB,2004,Sports,Crave Entertainment,0.03,0.01,0,0,0.04
6689,Wheel of Fortune,N64,1997,Misc,Take-Two Interactive,0.2,0.05,0,0,0.25
11611,Imagine: My Restaurant,DS,2009,Simulation,Ubisoft,0,0.07,0,0.01,0.08
8805,Family Party: Fitness Fun,Wii,2010,Sports,D3Publisher,0.14,0,0,0.01,0.15
3421,Tales of Zestiria,PS3,2015,Role-Playing,Namco Bandai Games,0.05,0.09,0.42,0.03,0.59
15543,The Crow: City of Angels,PS,1997,Action,Acclaim Entertainment,0.01,0.01,0,0,0.02
14381,To LoveRu Trouble: Waku Waku! Rinkangakkou-Hen,DS,2008,Adventure,Marvelous Interactive,0,0,0.03,0,0.03
4595,All-Star Baseball 2004,PS2,2003,Sports,Acclaim Entertainment,0.21,0.16,0,0.05,0.42
2280,Tom Clancy's EndWar,X360,2008,Strategy,Ubisoft,0.58,0.24,0.01,0.09,0.91
15096,Toxic Grind,XB,2002,Sports,THQ,0.02,0,0,0,0.02
4550,Microsoft Flight Simulator X,PC,2006,Simulation,Microsoft Game Studios,0.02,0.34,0,0.07,0.43
9674,Capcom vs. SNK 2: Millionaire Fighting 2001,DC,2001,Fighting,Capcom,0,0,0.12,0,0.12
13817,Cyber Troopers Virtual-On Marz,PS2,2003,Fighting,Sega,0.02,0.01,0,0,0.04
13791,Star Ocean 5: Integrity and Faithlessness,PS3,2016,Role-Playing,Square Enix,0,0,0.04,0,0.04
9144,Kidou Senshi Gundam: Shin Gihren no Yabou,PSP,2011,Strategy,Namco Bandai Games,0,0,0.14,0,0.14
8870,Petz: Dogz Talent Show,DS,2009,Simulation,Ubisoft,0.14,0,0,0.01,0.15
3044,WWE SmackDown vs. RAW 2007,PSP,2006,Fighting,THQ,0.33,0.2,0,0.14,0.67
5663,Mirror's Edge Catalyst,PS4,2016,Platform,Electronic Arts,0.1,0.14,0.02,0.06,0.32
5978,The Amazing Spider-Man 2 (2014),PS3,2014,Action,Activision,0.06,0.16,0.02,0.05,0.29
3845,Ready 2 Rumble Boxing: Round 2,PS,2000,Fighting,Midway Games,0.29,0.2,0,0.03,0.52
1099,Dying Light,PS4,2015,Action,Warner Bros. Interactive Entertainment,0.63,0.66,0.11,0.26,1.66
4039,The Sims,GC,2003,Simulation,Electronic Arts,0.35,0.13,0,0.01,0.49
3098,Kung Fu Panda,PS2,2008,Action,Activision,0.24,0,0,0.41,0.65
15248,Jewel Master: Cradle Of Rome 2,DS,2011,Puzzle,Rising Star Games,0,0.02,0,0,0.02
11838,Harukanaru Toki no Naka de 4,PS2,2008,Adventure,Tecmo Koei,0,0,0.07,0,0.07
5151,Build-A-Bear Workshop: A Friend Fur All Seasons,Wii,2008,Simulation,Game Factory,0.34,0,0,0.03,0.37
15868,PDC World Championship Darts 2008,DS,N/A,Sports,Unknown,0.01,0,0,0,0.02
1242,Pac-Man World 2,PS2,2002,Action,Namco Bandai Games,1.26,0.05,0,0.21,1.51
1144,Baseball,GB,1989,Sports,Nintendo,0.66,0.27,0.65,0.03,1.61
9573,Disney's Winnie the Pooh's Rumbly Tumbly Adventure,PS2,2005,Platform,Ubisoft,0.06,0.05,0,0.02,0.13
1883,Madden NFL 2004,XB,2003,Sports,Electronic Arts,1.02,0.02,0,0.05,1.09
1130,Tiger Woods PGA Tour 2004,PS2,2003,Sports,Electronic Arts,1.18,0.34,0,0.1,1.63
10508,Astro Boy: The Video Game,DS,2009,Action,D3Publisher,0.09,0,0,0.01,0.1
12205,TRON: Evolution,PC,2010,Action,Disney Interactive Studios,0.06,0,0,0,0.07
15308,Rugby League Team Manager 2015,PC,2015,Action,Alternative Software,0,0.02,0,0,0.02
10862,Chess,PS,2001,Strategy,Success,0.05,0.04,0,0.01,0.09
699,Pro Evolution Soccer 2010,PS3,2009,Sports,Konami Digital Entertainment,0.3,1.27,0.46,0.26,2.28
3276,Fighters MEGAMiX,SAT,1996,Fighting,Sega,0,0,0.62,0,0.62
7383,Naruto: Clash of Ninja (JP sales),GC,2003,Fighting,Tomy Corporation,0,0,0.21,0.01,0.21
12900,Samantha Swift and the Hidden Roses of Athena,DS,2010,Adventure,Unknown,0.04,0.01,0,0,0.05
10685,Exhibition Volume 03,XB,2003,Misc,Microsoft Game Studios,0.07,0.02,0,0,0.1
10131,Sabrina The Teenage Witch: Potion Commotion,GBA,2002,Action,Ubisoft,0.08,0.03,0,0,0.11
7499,Attack on Titan (KOEI),PS4,2016,Action,Tecmo Koei,0.02,0.06,0.11,0.02,0.2
14582,Bladestorm: Nightmare,PS3,2015,Action,Tecmo Koei,0,0,0.03,0,0.03
5540,Power Rangers: Ninja Storm,GBA,2003,Misc,THQ,0.24,0.09,0,0.01,0.33
1378,Gran Turismo 4 Prologue,PS2,2003,Racing,Sony Computer Entertainment,0,0.47,0.77,0.17,1.41
2602,Guitar Hero: Aerosmith,PS2,2008,Misc,Activision,0.61,0,0,0.18,0.79
52,Grand Theft Auto IV,X360,2008,Action,Take-Two Interactive,6.76,3.1,0.14,1.03,11.02
1773,Derby Stallion III,SNES,1995,Sports,ASCII Entertainment,0,0,1.15,0,1.15
7489,Bugs Bunny & Taz: Time Busters,PS,2000,Adventure,Infogrames,0.11,0.08,0,0.01,0.21
11287,RockMan EXE 4.5 Real Operation,GBA,2004,Role-Playing,Capcom,0,0,0.08,0,0.08
1145,Yu-Gi-Oh! Duel Monsters,GB,1998,Strategy,Konami Digital Entertainment,0,0,1.61,0.01,1.61
4504,Flight Control Rocket,GBA,2005,Simulation,THQ,0.31,0.12,0,0.01,0.43
1244,Sonic & Sega All-Stars Racing,Wii,2010,Racing,Sega,0.65,0.71,0,0.15,1.51
15694,Prince of Stride,PSV,2015,Adventure,Kadokawa Games,0,0,0.02,0,0.02
2275,Homefront,PS3,2011,Shooter,THQ,0.32,0.4,0.04,0.15,0.91
5347,Just Dance 2016,PS4,2015,Misc,Ubisoft,0.16,0.13,0,0.06,0.35
1160,ESPN NBA 2K5,PS2,2004,Sports,Global Star,1.26,0.12,0,0.21,1.59
9205,Rango: The Video Game,Wii,2011,Action,Electronic Arts,0.08,0.04,0,0.01,0.14
15116,Namco Museum Battle Collection (JP sales),PSP,2005,Misc,Sony Computer Entertainment,0,0,0.02,0,0.02
651,Need for Speed (2015),PS4,2015,Racing,Electronic Arts,0.49,1.49,0.05,0.36,2.39
9877,Disney's Extreme Skate Adventure,GC,2003,Sports,Activision,0.09,0.02,0,0,0.12
3150,Rayman 3D,3DS,2011,Platform,Ubisoft,0.23,0.35,0,0.06,0.64
5706,MonHun Nikki: Poka Poka Ailu Mura G,PSP,2011,Role-Playing,Capcom,0,0,0.31,0,0.31
4290,Bloody Roar II,PS,1999,Fighting,Virgin Interactive,0.25,0.17,0,0.03,0.46
5337,EverGrace,PS2,2000,Role-Playing,Ubisoft,0.1,0.08,0.15,0.03,0.35
6064,Lightning Returns: Final Fantasy XIII,X360,2013,Role-Playing,Square Enix,0.15,0.1,0.01,0.02,0.29
15568,Pirates of the Burning Sea,PC,2008,Role-Playing,Koch Media,0,0.01,0,0,0.02
12107,Monster High: New Ghoul in School,PS3,2015,Action,Little Orbit,0,0.06,0,0.01,0.07
10308,Murdered: Soul Suspect,X360,2014,Action,Square Enix,0.06,0.04,0,0.01,0.11
1285,Fight Night 2004,PS2,2004,Fighting,Electronic Arts,1.08,0.2,0,0.2,1.48
5279,Sentouchu: Densetsu no Shinobi to Survival Battle!,3DS,2013,Action,Namco Bandai Games,0,0,0.35,0,0.35
9902,Assassin's Creed Chronicles,PSV,2016,Action,Ubisoft,0.02,0.06,0.01,0.02,0.12
6829,Bass Pro Shops: The Hunt,Wii,2010,Sports,XS Games,0.23,0,0,0.02,0.24
10220,Nuclear Strike 64,N64,1999,Simulation,THQ,0.09,0.02,0,0,0.11
15483,"Transformers: Revenge of the Fallen (XBox 360, PS3, & PC Versions)",PC,2009,Shooter,Activision,0.02,0,0,0,0.02
10587,Disney's The Haunted Mansion,GC,2003,Platform,Take-Two Interactive,0.08,0.02,0,0,0.1
12548,Rapala Pro Fishing,GBA,2004,Sports,Zoo Digital Publishing,0.04,0.02,0,0,0.06
1442,FIFA Soccer 08,PSP,2007,Sports,Electronic Arts,0.2,0.76,0,0.39,1.35
14570,Oumagatoki: Kaidan Romance,PSP,2012,Action,Quinrose,0,0,0.03,0,0.03
11075,Mugen Keitai Disgaea,PS2,2007,Role-Playing,Tecmo Koei,0,0,0.09,0,0.09
8634,Dengeki Bunko Fighting Climax,PS3,2014,Fighting,Sega,0.05,0,0.09,0.01,0.16
10228,Pac-Man and the Ghostly Adventures 2,PS3,2014,Adventure,Namco Bandai Games,0.05,0.04,0,0.02,0.11
12950,Arcania: Gothic 4,PS4,2015,Role-Playing,Nordic Games,0.04,0,0,0.01,0.05
2613,Star Ocean: The Last Hope,X360,2009,Role-Playing,Square Enix,0.32,0.2,0.21,0.06,0.79
15362,Minna de Dokusho: Keatai Shousetsu Desu,PSP,2008,Misc,Dorart,0,0,0.02,0,0.02
1074,Star Wars Battlefront: Renegade Squadron,PSP,2007,Shooter,LucasArts,0.9,0.47,0,0.32,1.68
9757,Red Faction II,XB,2003,Shooter,THQ,0.09,0.03,0,0,0.12
10510,Beyond Good & Evil,XB,2003,Adventure,Ubisoft,0.08,0.02,0,0,0.1
14015,Clock Zero: Shuuen no Ichibyou Portable,PSP,2011,Adventure,Idea Factory,0,0,0.04,0,0.04
7926,Pro Yaky? Spirits 4,PS2,2007,Sports,Konami Digital Entertainment,0,0,0.19,0,0.19
2469,Street Fighter X Tekken,PS3,2012,Fighting,Capcom,0.42,0.22,0.1,0.1,0.84
2225,Tony Hawk's Pro Skater 4,XB,2002,Sports,Activision,0.59,0.3,0,0.04,0.93
7700,Shiren the Wanderer,Wii,2008,Role-Playing,Sega,0.08,0,0.11,0.01,0.2
10931,The Revenge of Shinobi,GBA,2002,Platform,Atari,0.07,0.02,0,0,0.09
4710,BlazBlue: Continuum Shift,PS3,2010,Fighting,PQube,0.21,0.08,0.09,0.04,0.41
12236,Lego Star Wars: The Force Awakens,3DS,2016,Action,Warner Bros. Interactive Entertainment,0.02,0.04,0,0,0.07
9807,McDROID,Wii,2011,Strategy,Namco Bandai Games,0,0,0.12,0,0.12
6277,Dynasty Warriors,PS,1997,Action,Tecmo Koei,0.09,0.06,0.11,0.02,0.27
13493,Sekai no Gohan Shaberu! DS Oryouri Navi,DS,2008,Misc,Nintendo,0,0,0.04,0,0.04
1860,The Final Fantasy Legend,GB,1989,Role-Playing,SquareSoft,0,0,1.1,0,1.1
9101,Gretzky NHL 06,PSP,2005,Sports,Sony Computer Entertainment,0.13,0,0,0.01,0.14
