Rank,Name,Platform,Year,Genre,Publisher,NA_Sales,EU_Sales,JP_Sales,Other_Sales,Global_Sales
12006,Ultimate Marvel vs. Capcom 3,X360,2011,Fighting,Capcom,0,0.03,0.04,0,0.07
12276,Bionicle,XB,2003,Action,Electronic Arts,0.05,0.01,0,0,0.06
16269,Kurogane Kaikitan,PSV,2015,Adventure,Minato Station,0,0,0.01,0,0.01
13904,Dramatic Soccer Game: Nippon Daihyou Senshu Ninarou!,PS2,2002,Sports,Enix Corporation,0,0,0.04,0,0.04
14991,AMF Xtreme Bowling,PS2,2006,Sports,Mastertronic,0.01,0.01,0,0,0.02
16489,Case Closed: One Truth Prevails,Wii,2007,Adventure,Nobilis,0,0,0.01,0,0.01
14851,My DoItAll,DS,2009,Misc,Tomy Corporation,0.02,0,0,0,0.03
9707,NHL 2002,GBA,2002,Sports,Electronic Arts,0.09,0.03,0,0,0.12
9250,The Amazing Race,Wii,2010,Misc,Ubisoft,0.13,0,0,0.01,0.14
11385,Robotron X,PS,1996,Shooter,GT Interactive,0.05,0.03,0,0.01,0.08
12260,Desert Strike Advance,GBA,2002,Simulation,Electronic Arts,0.05,0.02,0,0,0.06
14202,Sunday vs Magazine Shuuketsu! Choujou Daikessen,PSP,2009,Fighting,Konami Digital Entertainment,0,0,0.03,0,0.03
2890,"WarioWare, Inc.: Mega Party Game$",GC,2003,Puzzle,Nintendo,0.2,0.05,0.44,0.02,0.71
15847,White Album 2: Shiawase no Mukougawa,PSV,2013,Adventure,Aqua Plus,0,0,0.02,0,0.02
9967,de Blob 2,DS,2011,Platform,THQ,0.09,0.02,0,0.01,0.12
16307,Moto Racer Advance,GBA,2002,Racing,Ubisoft,0.01,0,0,0,0.01
8176,Biohazard: Revival Selection,PS3,2011,Action,Capcom,0,0,0.18,0,0.18
13701,Gitaroo Man Lives!,PSP,2006,Misc,Tecmo Koei,0.03,0,0,0,0.04
15570,Mary King's Riding School 2,Wii,2009,Simulation,Midas Interactive Entertainment,0,0.02,0,0,0.02
16198,Legoland,PC,1999,Action,LEGO Media,0,0.01,0,0,0.01
13987,NHL Legacy,PS3,2015,Action,Electronic Arts,0.03,0,0,0.01,0.04
13844,Zatch Bell! Mamodo Fury,GC,2005,Fighting,Namco Bandai Games,0.03,0.01,0,0,0.04
2228,White Knight Chronicles: International Edition,PS3,2008,Role-Playing,Sony Computer Entertainment,0.33,0.16,0.36,0.08,0.93
15909,Tokyo Friend Park II DS,DS,2006,Misc,Rocket Company,0,0,0.02,0,0.02
16319,Daiya no Kuni no Alice: Wonderful Mirror World,PSP,2013,Adventure,Quinrose,0,0,0.01,0,0.01
14694,Battle Arena Toshinden URA,SAT,1995,Fighting,Sega,0,0,0.03,0,0.03
8015,Half-Minute Hero,PSP,2009,Role-Playing,Rising Star Games,0.08,0.02,0.07,0.02,0.18
7856,Sudeki,XB,2004,Role-Playing,Microsoft Game Studios,0.14,0.04,0,0.01,0.19
12323,Zill O'll Infinite Plus,PSP,2009,Role-Playing,Tecmo Koei,0,0,0.06,0,0.06
2795,The Sims 2: Castaway,DS,2007,Simulation,Electronic Arts,0.63,0.05,0,0.06,0.73
10394,Digimon Digital Card Battle,PS,1999,Strategy,Namco Bandai Games,0.06,0.04,0,0.01,0.11
12488,Summon Night 2,DS,2008,Role-Playing,Namco Bandai Games,0,0,0.06,0,0.06
16069,Pachitte Chonmage Tatsujin 16: Pachinko Hissatsu Shigotojin III,PS2,2010,Misc,Hackberry,0,0,0.01,0,0.01
16106,Kana: Imouto,PSP,2010,Adventure,CyberFront,0,0,0.01,0,0.01
13630,Jissen Pachislot Hisshouhou! Hokuto no Ken DS,DS,2005,Misc,Sega,0,0,0.04,0,0.04
7402,Namco Museum Megamix,Wii,2010,Misc,Namco Bandai Games,0.2,0,0,0.01,0.21
2460,NBA 2K10,PS3,2009,Sports,Take-Two Interactive,0.75,0.01,0.01,0.07,0.84
3988,Dead or Alive Ultimate,XB,2004,Fighting,Tecmo Koei,0.3,0.1,0.08,0.02,0.5
8202,Marvel Super Hero Squad: The Infinity Gauntlet,PS3,2010,Action,THQ,0.12,0.03,0,0.02,0.18
1017,Xenosaga Episode I: Der Wille zur Macht,PS2,2002,Role-Playing,Namco Bandai Games,0.63,0.49,0.45,0.17,1.74
10338,Victory Zone,PS,1995,Misc,Sony Computer Entertainment,0,0,0.1,0.01,0.11
476,Devil May Cry,PS2,2001,Action,Capcom,1.36,0.86,0.64,0.13,2.99
5222,NBA 2K12,Wii,2011,Sports,Take-Two Interactive,0.3,0.03,0,0.02,0.36
12456,Disney's Kim Possible: Global Gemini,DS,2007,Platform,Disney Interactive Studios,0.05,0.01,0,0,0.06
14976,Demigod,PC,2009,Strategy,Atari,0,0.02,0,0,0.02
3878,My Word Coach,Wii,2007,Misc,Ubisoft,0.46,0.02,0,0.04,0.51
11389,J-League Winning Eleven 2009: Club Championship,PS2,2009,Sports,Konami Digital Entertainment,0,0,0.08,0,0.08
8717,Mat Hoffman's Pro BMX 2,GBA,2002,Sports,Activision,0.11,0.04,0,0,0.16
7248,Tales of Berseria,PS4,2016,Role-Playing,Namco Bandai Games,0,0,0.22,0,0.22
4898,Disney's Brother Bear,GBA,2003,Action,THQ,0.28,0.1,0,0.01,0.39
14951,Juusanshi Engi Engetsu Sangokuden 2,PSP,2014,Action,Idea Factory,0,0,0.02,0,0.02
4555,Backyard Baseball,GBA,2002,Sports,Atari,0.31,0.11,0,0.01,0.43
4040,Grandia III,PS2,2005,Role-Playing,Square Enix,0.12,0.1,0.24,0.03,0.49
10264,SimAnimals Africa,DS,2009,Simulation,Electronic Arts,0.08,0.02,0,0.01,0.11
1417,A Collection of Activision Classic Games for the Atari 2600,PS,1998,Misc,Activision,0.76,0.52,0,0.09,1.37
246,God of War,PS2,2005,Action,Sony Computer Entertainment,2.71,1.29,0.02,0.43,4.45
12839,Gladiator: Sword of Vengeance,XB,2003,Action,Acclaim Entertainment,0.04,0.01,0,0,0.05
15606,Tsuki no Hikari: Shizumeru Kane no Satsujin,PS2,2002,Adventure,Victor Interactive,0,0,0.02,0,0.02
9306,Battlefield: Hardline,PC,2015,Shooter,Electronic Arts,0,0.13,0,0.01,0.14
7321,The Dukes of Hazzard: Return of the General Lee,PS2,2004,Racing,Ubisoft,0.11,0.08,0,0.03,0.21
12977,The Idolmaster 2,X360,2011,Simulation,Namco Bandai Games,0,0,0.05,0,0.05
4478,Devil May Cry HD Collection,X360,2012,Action,Capcom,0.28,0.11,0.01,0.03,0.44
368,Rugrats in Paris: The Movie,PS,2000,Action,THQ,1.96,1.33,0,0.23,3.52
11207,Midnight Play! Pack,DS,2008,Misc,Ubisoft,0.08,0,0,0.01,0.09
6439,Sonic X: Game Boy Advance Video Volume 1,GBA,2004,Misc,N/A,0.19,0.07,0,0,0.27
2078,Wheel of Fortune,Wii,2010,Misc,THQ,0.89,0.04,0,0.06,1
10789,Pony Friends 2,Wii,2009,Simulation,Eidos Interactive,0.04,0.05,0,0.01,0.1
15142,Max Payne,PC,2001,Shooter,Take-Two Interactive,0,0.02,0,0,0.02
6783,That's So Raven: Psychic on the Scene,DS,2006,Adventure,Disney Interactive Studios,0.23,0,0,0.02,0.24
3802,Front Mission 2,PS,1997,Strategy,SquareSoft,0,0,0.49,0.03,0.53
6562,X-Men vs. Street Fighter,SAT,1997,Fighting,Capcom,0,0,0.26,0,0.26
11917,Alexi Lalas International Soccer,PS,1998,Sports,Take-Two Interactive,0.04,0.03,0,0,0.07
12434,Zero Escape: Zero Time Dilemma,3DS,2016,Adventure,Aksys Games,0.04,0,0.01,0.01,0.06
3183,Middle-Earth: Shadow of Mordor,PS3,2014,Action,Warner Bros. Interactive Entertainment,0.2,0.33,0.01,0.1,0.64
4075,Tales of Legendia,PS2,2005,Role-Playing,Namco Bandai Games,0.07,0.05,0.35,0.02,0.49
11772,Jewel Link Chronicles: Legend of Athena,DS,2011,Puzzle,GSP,0,0.06,0,0.01,0.07
7455,Rayman Legends,PSV,2014,Platform,Ubisoft,0.03,0.12,0,0.05,0.21
16541,Sea Monsters: A Prehistoric Adventure,DS,2007,Adventure,DSI Games,0.01,0,0,0,0.01
15138,Freestyle Metal X,XB,2003,Racing,Midway Games,0.02,0,0,0,0.02
7683,Bust-A-Move 2 Arcade Edition,PS,1995,Puzzle,Acclaim Entertainment,0.11,0.07,0,0.01,0.2
5487,Medal of Honor: Warfighter,PC,2012,Action,Electronic Arts,0.14,0.15,0,0.04,0.33
8764,The Adventures of Tintin: The Game,3DS,2011,Action,Ubisoft,0.05,0.09,0,0.02,0.15
2157,LEGO Pirates of the Caribbean: The Video Game,DS,2011,Action,Disney Interactive Studios,0.37,0.49,0,0.1,0.96
14710,Otome wa Oanesama ni Koi Shiteru Portable: 2-Jin no Elder,PSP,2011,Adventure,Alchemist,0,0,0.03,0,0.03
4611,Star Wars Trilogy: Apprentice of the Force,GBA,2004,Action,Ubisoft,0.3,0.11,0,0.01,0.42
4932,All-Star Baseball 2000,N64,1999,Sports,Acclaim Entertainment,0.36,0.03,0,0,0.39
13236,Ms Saga: A New Dawn,PS2,2005,Role-Playing,Namco Bandai Games,0.02,0.02,0,0.01,0.05
9014,Power Rangers: Super Legends,PS2,2007,Action,Disney Interactive Studios,0.07,0.06,0,0.02,0.14
8243,Major League Baseball 2K9,PS3,2009,Sports,Spike,0.16,0,0,0.01,0.17
11667,No One Can Stop Mr. Domino!,PS,1998,Misc,JVC,0.04,0.03,0,0,0.08
8458,Bakugan Battle Brawlers: Defenders of the Core,PS3,2010,Action,Activision,0.14,0.01,0,0.02,0.17
8113,Soccer Tsuku Tokudai Gou: J-League Pro Soccer Club o Tsukurou,DC,2000,Sports,Sega,0,0,0.18,0,0.18
8304,RoadKill,PS2,2003,Action,Midway Games,0.08,0.07,0,0.02,0.17
6263,Kenka Bancho: Badass Rumble,PSP,2008,Action,Spike,0.06,0,0.2,0.01,0.27
13702,Chibi Maruko-Chan DS: Maru-Chan no Machi,DS,2009,Puzzle,Namco Bandai Games,0,0,0.04,0,0.04
12641,Call of Duty: The War Collection,X360,2010,Shooter,Activision,0.05,0,0,0,0.06
4872,Scooby-Doo! and the Spooky Swamp,DS,2010,Action,Warner Bros. Interactive Entertainment,0.26,0.1,0,0.03,0.4
5284,Batman: Rise of Sin Tzu,PS2,2003,Action,Ubisoft,0.17,0.13,0,0.05,0.35
13262,Sword Art Online: Game Director's Edition,PS4,2015,Role-Playing,Namco Bandai Games,0,0,0.05,0,0.05
1916,Star Fox: Assault,GC,2005,Shooter,Nintendo,0.68,0.18,0.19,0.03,1.08
3562,True Crime: Streets of LA,GC,2003,Action,Activision,0.44,0.11,0,0.02,0.56
15542,The Talos Principle,PS4,2015,Puzzle,Devolver Digital,0,0.02,0,0,0.02
1140,Sled Storm,PS,1998,Racing,Electronic Arts,0.9,0.61,0,0.11,1.62
647,Tetris Plus,PS,1996,Puzzle,JVC,2.1,0.24,0,0.07,2.4
7492,Kung Fu Rider,PS3,2010,Action,Sony Computer Entertainment,0.06,0.1,0.01,0.04,0.21
7126,Senran Kagura: Estival Versus,PSV,2015,Action,Marvelous Interactive,0.06,0.05,0.09,0.03,0.23
5015,NHL 15,PS3,2014,Sports,Electronic Arts,0.21,0.11,0,0.06,0.38
10896,Galactic Taz Ball,DS,2010,Platform,Warner Bros. Interactive Entertainment,0.09,0,0,0.01,0.09
11058,Winter Stars,PS3,2011,Sports,Deep Silver,0.01,0.06,0,0.02,0.09
3675,Enslaved: Odyssey to the West,X360,2010,Action,Namco Bandai Games,0.3,0.19,0,0.05,0.55
5683,Momotarou Dentetsu Happy,SNES,1996,Misc,Hudson Soft,0,0,0.32,0,0.32
9446,The BIGS 2,PS3,2009,Sports,Take-Two Interactive,0.12,0,0,0.01,0.13
14998,Bugriders: The Race of Kings,PS,1997,Racing,GT Interactive,0.01,0.01,0,0,0.02
11139,Jikkyou Powerful Pro Yakyuu 2012,PSV,2012,Action,Konami Digital Entertainment,0,0,0.09,0,0.09
12601,Jewel Legends: Tree of Life,DS,2011,Puzzle,Rising Star Games,0,0.05,0,0.01,0.06
7495,Power Rangers: Wild Force,GBA,2002,Action,THQ,0.15,0.05,0,0,0.21
5713,Contra 4,DS,2007,Shooter,Konami Digital Entertainment,0.28,0,0.01,0.02,0.31
15141,Plants vs. Zombies: Garden Warfare,PC,2014,Shooter,Electronic Arts,0,0.02,0,0,0.02
4816,Rocksmith 2014,XOne,2014,Misc,Ubisoft,0.29,0.08,0,0.04,0.4
11352,Metal Slug Advance,GBA,2004,Shooter,Ignition Entertainment,0.06,0.02,0,0,0.08
11779,Gladius,GC,2003,Strategy,Activision,0.06,0.01,0,0,0.07
7181,A Boy and His Blob,Wii,2009,Platform,Majesco Entertainment,0.19,0.02,0,0.02,0.22
13733,MLB 2K12 / NBA 2K12 Combo Pack,X360,2012,Sports,Take-Two Interactive,0.04,0,0,0,0.04
3689,LEGO The Hobbit,PS3,2014,Action,Warner Bros. Interactive Entertainment,0.12,0.32,0,0.1,0.54
488,inFAMOUS,PS3,2009,Action,Sony Computer Entertainment,1.76,0.69,0.12,0.37,2.94
8915,Power Pro Kun Pocket 9,DS,2006,Sports,Konami Digital Entertainment,0,0,0.15,0,0.15
6032,War Gods,N64,1997,Fighting,Midway Games,0.23,0.06,0,0,0.29
5186,LocoRoco 2,PSP,2008,Platform,Sony Computer Entertainment,0.21,0.09,0.01,0.05,0.36
15707,Cabbage Patch Kids: The Patch Puppy Rescue,GBA,2007,Misc,D3Publisher,0.01,0,0,0,0.02
3062,NCAA March Madness 2003,PS2,2002,Sports,Electronic Arts,0.32,0.25,0,0.08,0.66
11049,Castlevania Dracula X,SNES,1995,Platform,Konami Digital Entertainment,0.03,0.01,0.05,0,0.09
11878,Disney's Donald Duck Advance,GBA,2001,Platform,Ubisoft,0.05,0.02,0,0,0.07
7206,KORG DS-10 Synthesizer,DS,2008,Misc,AQ Interactive,0.2,0.01,0,0.02,0.22
13697,Breeding Stud 2,PS,1998,Sports,Konami Digital Entertainment,0,0,0.04,0,0.04
6906,Sherlock Holmes and the Mystery of Osborne House,DS,2010,Adventure,Focus Home Interactive,0.07,0.14,0,0.03,0.24
14304,Metroid Prime: Federation Force,3DS,2016,Action,Nintendo,0.02,0.01,0.01,0,0.03
8975,Summon Night 5,PSP,2013,Role-Playing,Namco Bandai Games,0,0,0.15,0,0.15
15271,Final Fantasy XIV: Heavensward,PS3,2015,Action,Square Enix,0.01,0,0.01,0,0.02
3798,Tom Clancy's Ghost Recon Advanced Warfighter 2,PSP,2007,Shooter,Ubisoft,0.35,0.1,0,0.08,0.53
8916,Rubik's World,Wii,2008,Puzzle,Game Factory,0.13,0.01,0,0.01,0.15
7992,Cabela's Survival: Shadows of Katmai,X360,2011,Sports,Activision,0.14,0.03,0,0.01,0.19
3747,Mat Hoffman's Pro BMX,PS,2001,Sports,Activision,0.3,0.2,0,0.04,0.54
12331,Bomberman Land,PSP,2007,Misc,Hudson Entertainment,0.06,0,0,0.01,0.06
5874,DmC: Devil May Cry,PS4,2015,Action,Capcom,0.12,0.13,0,0.05,0.3
11489,Earth Defense Force 2017,X360,2006,Action,D3Publisher,0.04,0.01,0.03,0,0.08
8178,Driver: San Francisco,Wii,2011,Racing,Ubisoft,0.06,0.09,0,0.02,0.18
15103,Geten no Hana,PSP,2013,Misc,Tecmo Koei,0,0,0.02,0,0.02
1761,FIFA Soccer 10,PSP,2009,Sports,Electronic Arts,0.15,0.68,0.01,0.32,1.16
14134,The Void,PC,2008,Adventure,Mamba Games,0,0.03,0,0.01,0.03
4093,Mario Golf: World Tour,3DS,2014,Sports,Nintendo,0.15,0.14,0.17,0.03,0.48
10747,Rapala Pro Bass Fishing 2010,DS,2010,Sports,Activision,0.09,0,0,0.01,0.1
10444,Pariah,XB,2005,Action,Hip Interactive,0.08,0.02,0,0,0.1
3476,Gex: Enter the Gecko,PS,1998,Platform,BMG Interactive Entertainment,0.32,0.22,0,0.04,0.58
8456,Project X Zone 2: Brave New World,3DS,2015,Role-Playing,Namco Bandai Games,0.04,0.04,0.08,0.01,0.17
563,Need for Speed: Shift,PS3,2009,Racing,Electronic Arts,0.69,1.41,0.04,0.53,2.68
16157,Bratz: Forever Diamondz,PS2,2006,Adventure,THQ,0.01,0.01,0,0,0.01
16076,Empire Deluxe,PC,1992,Strategy,New World Computing,0.01,0,0,0,0.01
15192,Heart no Kuni no Alice Anniversary Ver.: Wonderful Wonder World,PSP,2011,Adventure,Quinrose,0,0,0.02,0,0.02
7210,Nicktoons Collection: Game Boy Advance Video Volume 2,GBA,2004,Misc,N/A,0.16,0.06,0,0,0.22
12553,Fate/Tiger Colosseum Upper,PSP,2008,Fighting,Capcom,0,0,0.06,0,0.06
4981,Triple Play 97,PS,1996,Sports,Electronic Arts Victor,0.21,0.15,0,0.03,0.38
5516,Cabela's Dangerous Hunts 2011,PS3,2010,Sports,Activision,0.26,0.04,0,0.03,0.33
16187,Fatal Fury: Battle Archives Volume 2 (JP sales),PS2,2007,Fighting,SNK Playmore,0,0,0.01,0,0.01
15176,Happiness! De-Lucks,PS2,2007,Adventure,Marvelous Interactive,0,0,0.02,0,0.02
8795,Darksiders,PC,2010,Action,THQ,0.07,0.06,0,0.02,0.15
13964,World of Tanks,X360,N/A,Shooter,N/A,0,0.03,0,0,0.04
7883,Warriors: Legends of Troy,PS3,2011,Action,Tecmo Koei,0.06,0.05,0.07,0.02,0.19
13663,Hellboy: The Science of Evil,PSP,2008,Action,Konami Digital Entertainment,0.04,0,0,0,0.04
3444,Just Dance 2016,WiiU,2015,Misc,Ubisoft,0.28,0.25,0,0.05,0.58
16107,Barbie and Her Sisters Puppy Rescue,WiiU,2015,Action,Namco Bandai Games,0,0.01,0,0,0.01
10735,Persona 5,PS3,2016,Role-Playing,Unknown,0,0,0.1,0,0.1
3946,Monopoly Party,PS2,2002,Misc,Infogrames,0.25,0.19,0,0.06,0.51
8207,Castlevania Judgment,Wii,2008,Fighting,Konami Digital Entertainment,0.13,0.02,0.01,0.01,0.18
7215,LEGO Harry Potter: Years 5-7,PC,N/A,Action,Warner Bros. Interactive Entertainment,0.05,0.14,0,0.03,0.22
1557,Pokemon Mystery Dungeon: Gates to Infinity,3DS,2012,Role-Playing,Nintendo,0.44,0.3,0.47,0.06,1.27
13543,Dai Senryaku VII: Modern Military Tactics,XB,2003,Strategy,Kool Kizz,0.03,0.01,0,0,0.04
15913,Shin Hisui no Shizuku: Hiiro no Kakera 2 Portable,PSP,2010,Adventure,Idea Factory,0,0,0.02,0,0.02
13820,Bomberman: Act Zero,X360,2006,Puzzle,Konami Digital Entertainment,0.04,0,0,0,0.04
13608,The Monkey King: The Legend Begins,Wii,2007,Shooter,Starfish,0.04,0,0,0,0.04
5766,Calvin Tucker's Redneck Jamboree,Wii,2008,Misc,Zoo Games,0.29,0,0,0.02,0.31
8123,Marvel Super Hero Squad: Comic Combat,X360,2011,Action,THQ,0.13,0.04,0,0.01,0.18
15375,Super Bowling,N64,1999,Sports,Athena,0.02,0,0,0,0.02
14292,Arthur and the Invisibles,DS,2007,Adventure,Atari,0.03,0,0,0,0.03
2997,Cars: Mater-National Championship,DS,2007,Racing,THQ,0.63,0.01,0,0.05,0.68
14923,Spy Hunter / Super Sprint,GBA,2005,Racing,Zoo Digital Publishing,0.02,0.01,0,0,0.02
6044,Nicktoons: Battle for Volcano Island,GC,N/A,Action,Unknown,0.22,0.06,0,0.01,0.29
15827,A Vampyre Story,PC,2008,Adventure,Crimson Cow,0,0.01,0,0,0.02
11303,The King of Fighters '98: Dream Match Never Ends,PS,1999,Fighting,SNK Playmore,0.05,0.03,0,0.01,0.08
11367,ShellShock 2: Blood Trails,PS3,2009,Shooter,Eidos Interactive,0.04,0.03,0,0.01,0.08
6877,Mobile Suit Gundam Battlefield Record U.C.0081,PS3,2009,Action,Namco Bandai Games,0,0,0.24,0,0.24
13453,Short Track Racing: Trading Paint,PS2,2009,Racing,THQ,0.02,0.02,0,0.01,0.05
10137,To Heart 2: Dungeon Travelers,PSP,2011,Adventure,Aqua Plus,0,0,0.11,0,0.11
6795,Corpse Party: Blood Drive,PSV,2014,Adventure,Marvelous Interactive,0.11,0.03,0.06,0.05,0.24
799,Battlefield: Hardline,PS4,2015,Shooter,Electronic Arts,0.7,0.93,0.14,0.32,2.09
9254,Need for Speed Underground 2,DS,2005,Racing,Electronic Arts,0.11,0.02,0,0.01,0.14
1777,Donkey Konga,GC,2003,Misc,Nintendo,0.5,0.16,0.46,0.03,1.15
3517,Iron Man,X360,2008,Action,Sega,0.27,0.24,0,0.06,0.57
3972,LEGO The Hobbit,X360,2014,Action,Warner Bros. Interactive Entertainment,0.2,0.26,0,0.04,0.5
12373,Mega Minis Volume 3,PSP,2011,Misc,Sony Computer Entertainment,0,0.05,0,0.02,0.06
8155,Velvet Assassin,X360,2009,Shooter,DTP Entertainment,0.14,0.02,0.01,0.01,0.18
9290,MLB 14: The Show,PSV,2014,Sports,Sony Computer Entertainment America,0.11,0,0,0.02,0.14
1570,Yokai Watch 3,3DS,2016,Action,Level 5,0,0,1.27,0,1.27
3458,WWE 2K16,XOne,2015,Sports,Take-Two Interactive,0.31,0.22,0,0.05,0.58
760,Tom Clancy's Rainbow Six: Siege,PS4,2015,Shooter,Ubisoft,0.54,1.16,0.13,0.32,2.15
7236,Jewel Quest: Expeditions,DS,2007,Puzzle,Avanquest,0.03,0.18,0,0.01,0.22
9859,Rubik's World,DS,2008,Puzzle,Game Factory,0.1,0.01,0,0.01,0.12
6405,NBA ShootOut 2001,PS,2000,Sports,Sony Computer Entertainment,0.15,0.1,0,0.02,0.27
14723,Negima!? Dream Tactic Yumemiru Otome Princess,PS2,2007,Strategy,Konami Digital Entertainment,0,0,0.03,0,0.03
14728,Auto Modellista,GC,2003,Racing,Capcom,0.02,0.01,0,0,0.03
1343,Need for Speed Rivals,PS3,2013,Racing,Electronic Arts,0.33,0.74,0.05,0.31,1.44
3877,Jampack Winter 2002,PS2,2002,Misc,Sony Computer Entertainment,0.25,0.2,0,0.07,0.52
10810,Natural Doctrine,PS4,2014,Role-Playing,Nippon Ichi Software,0.05,0.02,0.02,0.01,0.1
392,F-1 Race,GB,1990,Racing,Nintendo,1.73,0.69,0.59,0.4,3.41
9235,FIFA 06 Soccer,GC,2005,Sports,Electronic Arts,0.11,0.03,0,0,0.14
8715,Top Spin 4,Wii,2011,Sports,Take-Two Interactive,0.05,0.09,0,0.02,0.16
8951,Tamagotchi no Narikiri Channel,DS,2009,Role-Playing,Namco Bandai Games,0,0,0.15,0,0.15
3650,Yokai Sangokushi,3DS,2016,Action,Level 5,0,0,0.55,0,0.55
3949,The Adventures of Jimmy Neutron Boy Genius: Attack of the Twonkies,GBA,2004,Action,THQ,0.36,0.13,0,0.01,0.5
9533,Onechanbara: Bikini Samurai Squad,X360,2006,Action,D3Publisher,0.11,0.01,0,0.01,0.13
9981,Hisshou Pachinko*Pachi-Slot Kouryaku Series Vol.10: CR Shinseiki Evangelion: Kiseki no Kachi,PS2,2007,Misc,D3Publisher,0,0,0.12,0,0.12
3915,Lost: Via Domus,PS3,2008,Action,Ubisoft,0.19,0.23,0,0.09,0.51
5112,Cabela's Deer Hunt 2005 Season,PS2,2004,Sports,Activision,0.18,0.14,0,0.05,0.37
5400,Backstreet Billiards,PS,1998,Misc,ASCII Entertainment,0.19,0.13,0,0.02,0.34
6088,NASCAR 08,X360,2007,Racing,Electronic Arts,0.26,0,0,0.02,0.29
7044,Madden NFL 06,GBA,2005,Sports,Electronic Arts,0.17,0.06,0,0,0.23
15167,Evolution Snowboarding,PS2,2002,Sports,Konami Digital Entertainment,0.01,0.01,0,0,0.02
13311,The Dark Spire,DS,2008,Role-Playing,Success,0.04,0,0,0,0.05
3970,Crash: Mind Over Mutant,PS2,2008,Platform,Vivendi Games,0.25,0.19,0,0.06,0.5
9319,Tom Clancy's Ghost Recon,Wii,2010,Shooter,Ubisoft,0.11,0.01,0,0.01,0.14
9796,Breakdown,XB,2004,Adventure,Electronic Arts,0.09,0.03,0,0,0.12
8213,Petz: Horseshoe Ranch,DS,2009,Adventure,Ubisoft,0.16,0,0,0.01,0.17
2153,PlayStation All-Stars Battle Royale,PS3,2012,Action,Sony Computer Entertainment,0.5,0.28,0.04,0.14,0.96
6084,SAW,X360,2009,Action,Konami Digital Entertainment,0.13,0.12,0,0.03,0.29
16509,Samurai Shodown: Warrios Rage,PS,1999,Fighting,SNK,0.01,0,0,0,0.01
15370,Princess Isabella: A Witch's Curse,Wii,2010,Adventure,Destineer,0.02,0,0,0,0.02
6574,Dead or Alive Xtreme 2,X360,2006,Sports,Tecmo Koei,0.15,0.03,0.06,0.02,0.26
2440,Blazing Angels: Squadrons of WWII,Wii,2007,Simulation,Ubisoft,0.74,0.04,0,0.06,0.85
10202,Naval Ops: Warship Gunner,PS2,2003,Simulation,Tecmo Koei,0.05,0.04,0,0.01,0.11
9500,NightCaster,XB,2002,Action,Microsoft Game Studios,0.1,0.03,0,0,0.13
7553,Bratz: Rock Angelz,GC,2005,Misc,THQ,0.16,0.04,0,0.01,0.2
748,Yu-Gi-Oh: Duel Monsters 4,GB,2000,Role-Playing,Konami Digital Entertainment,0,0,2.17,0.01,2.18
4294,Vin Diesel: Wheelman,X360,2009,Racing,Ubisoft,0.24,0.17,0,0.05,0.46
5867,Looney Tunes: Duck Amuck,DS,2007,Action,Warner Bros. Interactive Entertainment,0.28,0,0,0.02,0.3
6883,Ghost Rider,PSP,2007,Action,Take-Two Interactive,0.22,0,0,0.02,0.24
13461,Summon Night Craft Sword Monogatari: Hajimari no Ishi,GBA,2005,Role-Playing,Banpresto,0,0,0.04,0,0.04
6342,Reader Rabbit Kindergarten,DS,2008,Misc,Nordic Games,0.25,0,0,0.02,0.27
9610,428: Fuusa Sareta Shibuya de,Wii,2008,Adventure,Sega,0,0,0.13,0,0.13
16379,Super Bubble Pop,XB,2002,Puzzle,Jaleco,0.01,0,0,0,0.01
14474,Armored Core SL: Silent Line Portable,PSP,2009,Simulation,From Software,0,0,0.03,0,0.03
11843,Teenage Mutant Ninja Turtles: Mutants in Manhattan,PS4,2016,Action,Activision,0.04,0.02,0,0.01,0.07
9654,Conduit 2,Wii,2011,Shooter,Sega,0.07,0.04,0,0.01,0.13
14020,World in Conflict,PC,2007,Strategy,Vivendi Games,0,0.03,0,0.01,0.04
12800,Tony Hawk's Pro Skater 5,PS3,2015,Sports,Activision,0.04,0,0,0.01,0.06
2467,Harvest Moon: Tree of Tranquility,Wii,2007,Simulation,Rising Star Games,0.69,0.03,0.06,0.06,0.84
245,Call of Duty: Advanced Warfare,PS3,2014,Shooter,Activision,1.54,1.94,0.19,0.77,4.45
8242,Major League Baseball 2K6,GC,2006,Sports,Take-Two Interactive,0.13,0.03,0,0,0.17
10428,My First Dollhouse,DS,2010,Misc,505 Games,0.1,0,0,0.01,0.1
2173,LEGO Jurassic World,X360,2015,Action,Warner Bros. Interactive Entertainment,0.47,0.4,0,0.08,0.95
11038,Quantum Theory,X360,2010,Shooter,Tecmo Koei,0.06,0.02,0,0.01,0.09
5276,Battalion Wars 2,Wii,2007,Strategy,Nintendo,0.22,0.03,0.08,0.02,0.35
11497,Soul Bubbles,DS,2008,Puzzle,Eidos Interactive,0.05,0.02,0,0.01,0.08
13613,FIFA Soccer 2003 (weekly jp sales),PS2,2002,Sports,Electronic Arts,0,0,0.04,0,0.04
12351,Panzer Tactics,DS,2007,Strategy,10TACLE Studios,0.06,0,0,0,0.06
10909,Ribbit King,PS2,2003,Sports,Atari,0.05,0.04,0,0.01,0.09
10748,Derby Jockey 2,SNES,1995,Sports,Asmik Corp,0,0,0.1,0,0.1
15164,Lode Runner,DS,2006,Puzzle,Hudson Entertainment,0,0,0.02,0,0.02
6928,DanceDanceRevolution II,Wii,N/A,Misc,Konami Digital Entertainment,0.22,0,0,0.02,0.24
9686,Godzilla Unleashed: Double Smash,DS,2007,Action,Atari,0.11,0,0,0.01,0.12
12887,Bleach: Blade Battlers,PS2,2006,Fighting,Sony Computer Entertainment,0,0,0.05,0,0.05
4299,Hyperdimension Neptunia,PS3,2010,Role-Playing,Tecmo Koei,0.22,0.11,0.07,0.05,0.46
14488,Ducati World Racing Challenge,PS,2001,Racing,Acclaim Entertainment,0.02,0.01,0,0,0.03
12344,Arc the Lad: End of Darkness,PS2,2004,Role-Playing,Sony Computer Entertainment,0.03,0.02,0,0.01,0.06
109,Mario Kart 8,WiiU,2014,Racing,Nintendo,3.13,2.07,1.27,0.49,6.96
14964,Ikki Tousen: Eloquent Fist,PSP,2008,Fighting,Marvelous Interactive,0,0,0.02,0,0.02
2466,ATV Quad Power Racing 2,PS2,2003,Racing,Acclaim Entertainment,0.41,0.32,0,0.11,0.84
9006,"Lunar 2: Eternal Blue(sales, but wrong system)",GEN,1994,Role-Playing,Game Arts,0,0,0.14,0,0.14
4563,NHL FaceOff 99,PS,1997,Sports,989 Studios,0.24,0.16,0,0.03,0.43
1045,Deal or No Deal,DS,2007,Misc,Mindscape,1.15,0.41,0,0.15,1.71
13240,Next Generation of Chaos,PS2,2002,Role-Playing,Idea Factory,0,0,0.05,0,0.05
12879,Bottom of the 9th '99,PS,1998,Sports,Konami Digital Entertainment,0.03,0.02,0,0,0.05
10506,The Story of Noah's Ark,DS,2010,Action,SouthPeak Games,0.1,0,0,0.01,0.1
14066,Shin Koihime Musou: Otome Ryouran * Sangokushi Engi - Shu-Hen,PSP,2010,Adventure,Yeti,0,0,0.04,0,0.04
711,Wario Land 4,GBA,2001,Platform,Nintendo,0.9,0.73,0.54,0.09,2.26
11356,Mortal Kombat Kollection,PS2,2008,Fighting,Midway Games,0.04,0.03,0,0.01,0.08
816,The Sims 3,PS3,2010,Simulation,Electronic Arts,0.73,0.97,0.02,0.34,2.06
14107,Alienators: Evolution Continues,GBA,2001,Action,Activision,0.03,0.01,0,0,0.03
15831,The Haunted: Hell's Reach,PC,2011,Shooter,Visco,0.02,0,0,0,0.02
15034,Cities XL 2011,PC,2010,Simulation,Focus Home Interactive,0,0.02,0,0,0.02
6355,Need for Speed Rivals,PC,2013,Racing,Electronic Arts,0.04,0.19,0,0.04,0.27
7911,Big Air,PS,1999,Sports,Accolade,0.1,0.07,0,0.01,0.19
5374,Iron Storm,SAT,1995,Shooter,Sega,0,0,0.34,0,0.34
8559,Scarface: Money. Power. Respect.,PSP,2006,Strategy,Vivendi Games,0.15,0,0,0.01,0.16
7667,Ridge Racer,PSV,2011,Racing,Namco Bandai Games,0.04,0.08,0.05,0.03,0.2
351,Resident Evil 4,PS2,2005,Action,Capcom,2.08,0.83,0.46,0.25,3.62
14084,Hitman: Blood Money,PC,2006,Action,Eidos Interactive,0,0.03,0,0.01,0.04
16261,Championship Manager 2010,PC,2009,Sports,Eidos Interactive,0,0.01,0,0,0.01
12342,The Pinball of the Dead,GBA,2002,Misc,Sega,0.05,0.02,0,0,0.06
8134,American Chopper 2: Full Throttle,PS2,2005,Racing,Zoo Digital Publishing,0.09,0.07,0,0.02,0.18
5964,Mini Ninjas,X360,2009,Action,Eidos Interactive,0.12,0.14,0,0.03,0.29
16405,Tenchu San Portable,PSP,2009,Action,From Software,0,0,0.01,0,0.01
15498,Spirits and Demons: 5 Game Pack,PC,2015,Misc,Focus Multimedia,0,0.02,0,0,0.02
5371,Iron Man 2,DS,2010,Action,Sega,0.15,0.16,0,0.03,0.34
1577,Need for Speed Carbon,PS3,2006,Racing,Electronic Arts,0.49,0.52,0.03,0.21,1.26
6537,Batman: Vengeance,GC,2001,Adventure,Ubisoft,0.2,0.05,0,0.01,0.26
12976,JoJo no Kimy? na B?ken Fantomu Buraddo,PS2,2006,Action,Namco Bandai Games,0,0,0.05,0,0.05
14478,Lethal Enforcers I & II,PS,1996,Shooter,Konami Digital Entertainment,0.02,0.01,0,0,0.03
1220,Fight Night Round 4,PS3,2009,Fighting,Electronic Arts,0.92,0.41,0,0.21,1.53
14845,Last Escort 2: Shinya no Amai Toge,PS2,2008,Adventure,D3Publisher,0,0,0.03,0,0.03
518,Medal of Honor,PS3,2010,Shooter,Electronic Arts,1.28,1.05,0.07,0.43,2.83
7868,Disney Magic World 2,3DS,2015,Action,Nintendo,0,0,0.19,0,0.19
6231,SimCity 2000,SAT,1994,Simulation,Sega,0,0,0.28,0,0.28
13749,Dragon's Lair 3D: Return to the Lair,GC,2002,Platform,THQ,0.03,0.01,0,0,0.04
11637,Aliens in the Attic,Wii,2009,Action,Playlogic Game Factory,0.07,0,0,0.01,0.08
13535,Monster Trux Arenas: Special Edition,Wii,2007,Racing,Popcorn Arcade,0.04,0,0,0,0.04
8830,Street Fighter Anniversary Collection,XB,2004,Fighting,Capcom,0.11,0.03,0,0.01,0.15
4188,Bomberman Hero,N64,1998,Platform,Nintendo,0.27,0.06,0.08,0.05,0.47
13147,Hail to the Chimp,PS3,2008,Misc,Gamecock,0.05,0,0,0,0.05
14846,Pop'n Music 13 Carnival,PS2,2006,Simulation,Konami Digital Entertainment,0,0,0.03,0,0.03
9898,Deca Sports Extreme,3DS,2011,Sports,Hudson Soft,0.08,0,0.03,0.01,0.12
4698,Grudge Warriors,PS,1999,Action,Take-Two Interactive,0.23,0.16,0,0.03,0.41
11691,Crayola: Colorful Journey,Wii,2009,Misc,Crave Entertainment,0.07,0,0,0.01,0.08
13831,Twin Strike: Operation Thunder,Wii,2008,Shooter,Zoo Games,0.04,0,0,0,0.04
8822,Hidden Mysteries: Salem Secrets - Witch Trials of 1692,DS,2010,Puzzle,Astragon,0.09,0.04,0,0.01,0.15
3793,The Lord of the Rings: The Fellowship of the Ring,XB,2002,Action,Universal Interactive,0.31,0.19,0,0.03,0.53
13659,Way of the Samurai 2 Portable,PSP,2009,Action,Spike,0,0,0.04,0,0.04
9219,Star Wars: Jedi Power Battles,GBA,2002,Action,THQ,0.1,0.04,0,0,0.14
6199,Corvette,GBA,2003,Racing,TDK Mediactive,0.2,0.07,0,0.01,0.28
10316,Hexen: Beyond Heretic,PS,1997,Shooter,GT Interactive,0.06,0.04,0,0.01,0.11
8276,Sudoku Gridmaster,DS,2006,Puzzle,Nintendo,0.13,0.03,0,0.01,0.17
14011,Enchanted Arms (JP sales),PS3,2007,Role-Playing,Ubisoft,0,0,0.04,0,0.04
1979,Dragon Ball: XenoVerse,PS4,2015,Fighting,Namco Bandai Games,0.3,0.48,0.12,0.15,1.05
3157,LEGO Star Wars II: The Original Trilogy,X360,2006,Action,LucasArts,0.55,0.04,0,0.05,0.64
1549,Manhunt,PS2,2003,Action,Take-Two Interactive,0.63,0.49,0,0.16,1.28
15189,Yamasa Digi Portable: Matsuri no Tatsujin - Win-Chan no Natsumatsuri,PSP,2006,Misc,Yamasa Entertainment,0,0,0.02,0,0.02
11315,Kidou Senshi Gundam 00,DS,2008,Action,Namco Bandai Games,0,0,0.08,0,0.08
9215,Ben 10 Galactic Racing,DS,2011,Racing,D3Publisher,0.1,0.03,0,0.01,0.14
13134,Guilty Gear Dust Strikers,DS,2006,Fighting,Majesco Entertainment,0.05,0,0,0,0.05
2708,Taiko no Tatsujin: Tatakon de Dodon ga Don,PS2,2002,Misc,Namco Bandai Games,0,0,0.76,0,0.76
6722,X-Men Origins: Wolverine,Wii,2009,Action,Activision,0.19,0.04,0,0.02,0.25
6584,Fire Emblem: Thracia 776,SNES,1999,Strategy,Nintendo,0,0,0.26,0,0.26
4475,Just Dance 4,PS3,2012,Misc,Ubisoft,0.26,0.12,0,0.06,0.44
12325,Tonka Rescue Patrol,GC,2003,Action,TDK Mediactive,0.05,0.01,0,0,0.06
5418,Angry Birds Star Wars,3DS,2013,Strategy,Activision,0.15,0.15,0,0.03,0.34
5775,Mountain King,2600,1982,Action,CBS Electronics,0.29,0.02,0,0,0.31
8384,Naruto Shippuden: Ultimate Ninja 5,PS2,2007,Fighting,Namco Bandai Games,0,0,0.17,0,0.17
15333,Katekyoo Hitman Reborn! Dream Hyper Battle! Wii,Wii,2008,Fighting,Marvelous Interactive,0,0,0.02,0,0.02
13574,Chessmaster,GBA,2002,Misc,Ubisoft,0.03,0.01,0,0,0.04
1667,World Soccer Winning Eleven 9 (JP & Others sales),PSP,2005,Sports,Konami Digital Entertainment,0.01,0.88,0.31,0,1.2
6165,Jackass the Game,PS2,2007,Action,Empire Interactive,0.14,0.11,0,0.04,0.28
13553,Jewel Quest 5: The Sleepless Star,PC,2011,Action,Astragon,0.01,0.02,0,0.01,0.04
3779,Jampack Vol. 2,PS,1996,Misc,Sony Computer Entertainment,0.3,0.2,0,0.03,0.53
5689,"Monsters, Inc.",PS2,2002,Adventure,Sony Computer Entertainment,0.15,0.12,0,0.04,0.32
3695,FIFA Soccer 07,XB,2006,Sports,Electronic Arts,0.16,0.35,0,0.04,0.54
12544,Little League World Series Baseball 2008,DS,2008,Sports,Activision,0.06,0,0,0,0.06
280,Madden NFL 2003,PS2,2002,Sports,Electronic Arts,3.36,0.21,0.01,0.56,4.14
4934,Extreme-G: XG2,N64,1998,Racing,Acclaim Entertainment,0.31,0.07,0,0,0.39
5217,Middle-Earth: Shadow of Mordor,PC,2014,Action,Warner Bros. Interactive Entertainment,0.12,0.2,0,0.04,0.36
13600,Doraemon: Shin Nobita no Daimakyou Peko to 5-nin no Tankenta,3DS,2014,Action,FuRyu,0,0,0.04,0,0.04
7109,.hack//G.U. Vol.2//Reminisce,PS2,2006,Role-Playing,Namco Bandai Games,0.11,0.09,0,0.03,0.23
11595,Boku no Natsuyasumi 3: Hokkoku Hen: Chiisana Boku no Dai Sougen,PS3,2007,Adventure,Sony Computer Entertainment,0,0,0.08,0,0.08
2579,NBA 2K16,PS3,2015,Sports,Take-Two Interactive,0.44,0.19,0.03,0.13,0.8
9409,NHL 2003,GC,2002,Sports,Electronic Arts,0.1,0.03,0,0,0.13
4766,Marvel: Ultimate Alliance 2,PS2,2009,Role-Playing,Activision,0.23,0.02,0,0.16,0.41
4567,Juiced: Eliminator,PSP,2006,Racing,THQ,0.11,0.2,0,0.12,0.43
11099,Dark Angel: Vampire Apocalypse,PS2,2001,Role-Playing,Metro 3D,0.04,0.03,0,0.01,0.09
8930,F1 2012,PC,2012,Racing,Codemasters,0.01,0.11,0,0.03,0.15
5314,SpongeBob SquarePants: The Yellow Avenger,DS,2005,Action,THQ,0.32,0,0,0.02,0.35
13385,Counter Force,Wii,2007,Shooter,505 Games,0.04,0,0,0,0.05
3564,Donkey Kong Jungle Climber,DS,2007,Platform,Nintendo,0.26,0.04,0.24,0.03,0.56
7282,Darksiders II,PS4,2015,Action,Nordic Games,0.09,0.1,0,0.04,0.22
6589,ATV: Quad Power Racing,GBA,2002,Racing,Liquid Games,0.18,0.07,0,0,0.26
16199,Rave Master: Special Attack Force!,GBA,2002,Fighting,Konami Digital Entertainment,0.01,0,0,0,0.01
7671,Dave Mirra Freestyle BMX 2,XB,2001,Sports,Acclaim Entertainment,0.15,0.04,0,0.01,0.2
5482,NCAA Basketball 10,PS3,2009,Sports,Electronic Arts,0.31,0,0,0.03,0.33
13223,J-League Winning Eleven 2010: Club Championship,PS2,2010,Sports,Konami Digital Entertainment,0,0,0.05,0,0.05
3642,Shin Super Robot Taisen,PS,1996,Role-Playing,Banpresto,0,0,0.52,0.04,0.55
3778,Blitz: The League,XB,2004,Sports,Midway Games,0.4,0.11,0,0.02,0.53
15101,ScrapLand,XB,2005,Action,Deep Silver,0.02,0,0,0,0.02
9178,Skylanders Giants,3DS,2012,Action,Activision,0.12,0.01,0,0.01,0.14
11949,Second Sight,XB,2004,Adventure,Codemasters,0.05,0.02,0,0,0.07
14952,No More Heroes: Heroes' Paradise,X360,2010,Action,Marvelous Interactive,0,0,0.02,0,0.02
3722,Dragon Ball Z: Ultimate Tenkaichi,X360,2011,Fighting,Namco Bandai Games,0.39,0.1,0.01,0.04,0.54
5384,Frostbite,2600,1983,Action,Activision,0.32,0.02,0,0,0.34
4094,Need for Speed: Porsche Unleashed,GBA,2004,Racing,Zoo Digital Publishing,0.35,0.13,0,0.01,0.48
3561,Breath of Fire IV,PS,2000,Role-Playing,Capcom,0.11,0.08,0.34,0.04,0.56
6193,NFL Blitz 20-02,PS2,2002,Sports,Midway Games,0.14,0.11,0,0.04,0.28
11577,Drama Queens,DS,2009,Misc,Majesco Entertainment,0.07,0,0,0.01,0.08
7783,X-Men Origins: Wolverine,PSP,2009,Action,Activision,0.13,0.03,0,0.03,0.19
14506,Marble Madness / Klax,GBA,2005,Puzzle,Zoo Digital Publishing,0.02,0.01,0,0,0.03
14358,DragonHeart: Fire & Steel,PS,1996,Action,Acclaim Entertainment,0.02,0.01,0,0,0.03
14654,Nisenochigiri: Omoide no Saki e,PSP,2011,Adventure,Idea Factory,0,0,0.03,0,0.03
7946,Earth Defense Force: Insect Armageddon,X360,2011,Shooter,D3Publisher,0.1,0.05,0.03,0.01,0.19
13138,George of the Jungle and the Search for the Secret,DS,2008,Platform,Ignition Entertainment,0.05,0,0,0,0.05
9326,Legends of Wrestling,XB,2002,Fighting,Acclaim Entertainment,0.1,0.03,0,0,0.14
5774,Little King's Story,Wii,2009,Strategy,Rising Star Games,0.15,0.11,0.02,0.02,0.31
3758,"Sakura Taisen 2 - Kimi, Shinitamou Koto Nakare",SAT,1998,Adventure,Sega,0,0,0.53,0,0.53
8102,Gokujou Parodius,SNES,1994,Shooter,Konami Digital Entertainment,0,0,0.18,0,0.18
4663,WWE All Stars,PS3,2011,Fighting,THQ,0.16,0.18,0,0.07,0.42
15114,Neo Angelique,PS2,2006,Adventure,Tecmo Koei,0,0,0.02,0,0.02
2698,ISS Pro Evolution,PS,1998,Sports,Konami Digital Entertainment,0,0,0.71,0.05,0.76
1289,SoulCalibur IV,PS3,2008,Fighting,Ubisoft,0.72,0.41,0.14,0.2,1.47
12913,NFL Blitz Pro,XB,2003,Sports,Midway Games,0.04,0.01,0,0,0.05
13277,Amnesia Crowd,PSP,2013,Misc,Idea Factory,0,0,0.05,0,0.05
11736,Backyard NBA Basketball,DS,2007,Sports,Atari,0.07,0,0,0.01,0.07
14623,101-in-1 Sports Party Megamix,Wii,2010,Sports,Nordcurrent,0.02,0,0,0,0.03
9954,Merv Griffin's Crosswords,Wii,2008,Puzzle,THQ,0.11,0,0,0.01,0.12
7791,Breath of Fire: Dragon Quarter,PS2,2002,Role-Playing,Capcom,0.09,0.07,0,0.02,0.19
10689,Generator Rex: Agent of Providence,3DS,2011,Action,Activision,0.07,0.02,0,0.01,0.1
6238,Dave Mirra Freestyle BMX 2,GC,2001,Sports,Acclaim Entertainment,0.21,0.06,0,0.01,0.28
7020,NCAA GameBreaker 2003,PS2,2002,Sports,Sony Computer Entertainment,0.11,0.09,0,0.03,0.23
3769,NCAA March Madness 2005,PS2,2004,Sports,Electronic Arts,0.44,0.02,0,0.07,0.53
12327,Crimson Gem Saga,PSP,2008,Role-Playing,Sega,0.06,0,0,0,0.06
1394,Deus Ex: Human Revolution,PS3,2011,Shooter,Square Enix,0.5,0.6,0.07,0.23,1.39
10943,Crash Boom Bang!,DS,2006,Misc,Vivendi Games,0.07,0.01,0,0.01,0.09
3483,Dragon Ball Z: Chou Saiya Densetsu,SNES,1992,Role-Playing,Namco Bandai Games,0,0,0.58,0,0.58
6610,Secret Weapons Over Normandy,XB,2003,Simulation,LucasArts,0.19,0.05,0,0.01,0.25
7665,My Secret World by Imagine,DS,2008,Misc,Ubisoft,0,0.2,0,0,0.2
7226,Mega Man 64,N64,2000,Action,Capcom,0.14,0.03,0.05,0,0.22
15436,Mount & Blade: Warband,PC,2010,Role-Playing,Paradox Interactive,0.01,0.01,0,0,0.02
4800,WipeOut 3 The Game,Wii,2012,Action,Activision,0.38,0,0,0.03,0.4
7031,What's Cooking? Jamie Oliver,DS,2008,Simulation,Atari,0.2,0.01,0,0.02,0.23
5948,Teenage Mutant Ninja Turtles,XB,2003,Action,Konami Digital Entertainment,0.22,0.06,0,0.01,0.3
14635,1000 Cooking Recipes from ELLE à table,DS,2010,Misc,Nintendo,0,0.02,0,0,0.03
12624,S.T.A.L.K.E.R.: Shadow of Chernobyl,PC,2007,Shooter,THQ,0.01,0.04,0,0.01,0.06
4016,Nicktoons: Attack of the Toybots,PS2,2007,Platform,THQ,0.24,0.19,0,0.06,0.5
4334,NFL Head Coach,PS2,2006,Sports,Electronic Arts,0.38,0.01,0,0.06,0.45
2677,Star Wars Episode II: Attack of the Clones,GBA,2002,Action,THQ,0.55,0.2,0,0.01,0.77
1193,Dragon Quest Monsters 2,GB,2001,Role-Playing,Enix Corporation,0,0,1.56,0,1.56
9110,Risen,PC,2009,Role-Playing,Deep Silver,0,0.11,0,0.03,0.14
1325,Tamagotchi,GB,1996,Simulation,Namco Bandai Games,0,0,1.44,0.01,1.45
1857,WWE SmackDown vs. Raw 2011,PS3,2010,Fighting,THQ,0.44,0.46,0.01,0.18,1.1
208,Guitar Hero III: Legends of Rock,PS2,2007,Misc,Activision,3.49,0.01,0.01,1.48,4.98
3347,Disney Infinity,WiiU,2013,Action,Disney Interactive Studios,0.33,0.22,0,0.05,0.6
12649,Tiger Woods PGA Tour 08,DS,2007,Sports,Electronic Arts,0.05,0,0,0,0.06
2721,Kane & Lynch: Dead Men,PS3,2007,Shooter,Eidos Interactive,0.29,0.32,0.01,0.13,0.76
14240,Summer Athletics: The Ultimate Challenge,X360,2008,Sports,DTP Entertainment,0.02,0.01,0,0,0.03
7146,EX Monopoly,GBA,2001,Misc,Takara,0.16,0.06,0,0,0.22
16179,San-X Character Channel: All-Star Daishuugou!,DS,2008,Action,MTO,0,0,0.01,0,0.01
5128,Scooby-Doo! Classic Creep Capers,N64,2000,Action,THQ,0.3,0.06,0,0,0.37
3600,Lips: Number One Hits,X360,2009,Misc,Microsoft Game Studios,0.15,0.35,0,0.07,0.56
62,Call of Duty: Ghosts,X360,2013,Shooter,Activision,6.72,2.63,0.04,0.82,10.21
5166,My Horse & Me,DS,2007,Sports,Atari,0.33,0,0,0.03,0.36
2801,Mortal Kombat 4,N64,1998,Fighting,GT Interactive,0.55,0.17,0,0.01,0.73
14459,DokiDoki Majo Shinpan! 2,DS,2008,Adventure,SNK Playmore,0,0,0.03,0,0.03
11135,Hyperdimension Neptunia Re;Birth 2,PSV,2014,Action,Idea Factory International,0.05,0.02,0,0.02,0.09
7329,Transformers: Dark of the Moon,3DS,2011,Action,Activision,0.16,0.04,0,0.02,0.21
13120,PachiPara 14: Fuu to Kumo to Super Umi in Okinawa,PS2,2007,Misc,Irem Software Engineering,0,0,0.05,0,0.05
6594,Silent Hunter 5: Battle of the Atlantic,PC,2010,Simulation,Ubisoft,0,0.21,0,0.05,0.26
950,Secret of Mana,SNES,1993,Role-Playing,SquareSoft,0.25,0.07,1.49,0.02,1.83
7698,Playboy: The Mansion,PS2,2005,Simulation,Ubisoft,0.1,0.08,0,0.03,0.2
9151,Scene It? Bright Lights! Big Screen!,Wii,2009,Misc,Warner Bros. Interactive Entertainment,0.13,0,0,0.01,0.14
1988,Pokemon Conquest,DS,2012,Role-Playing,Nintendo,0.58,0.06,0.37,0.04,1.05
6856,Sakura Wars: Atsuki Chishio Ni,PS2,2003,Role-Playing,Sega,0,0,0.24,0,0.24
629,Midnight Club: Los Angeles,PS3,2008,Racing,Take-Two Interactive,1.55,0.54,0.05,0.31,2.45
15574,WorldShift,PC,2009,Strategy,Playlogic Game Factory,0.02,0,0,0,0.02
605,Pokémon Colosseum,GC,2003,Role-Playing,Nintendo,1.21,0.57,0.7,0.07,2.54
4732,UEFA Euro 2008 Austria-Switzerland,PS3,2008,Sports,Electronic Arts,0.08,0.27,0,0.06,0.41
6291,Burstrick: Wake Boarding!!,PS,2000,Sports,Natsume,0.15,0.1,0,0.02,0.27
6944,Afro Samurai,X360,2009,Action,Atari,0.16,0.05,0,0.02,0.24
9693,Tom Clancy's Splinter Cell Trilogy,PS3,2011,Action,Ubisoft,0,0.1,0,0.03,0.12
8561,Pro Yaky? Spirits 3,PS2,2006,Sports,Konami Digital Entertainment,0,0,0.16,0,0.16
2137,Skylanders: Spyro's Adventure,X360,2011,Action,Activision,0.53,0.35,0,0.1,0.97
14227,James Pond: Codename Robocod,GBA,2005,Platform,Play It,0.02,0.01,0,0,0.03
8613,Rudolph the Red-Nosed Reindeer,Wii,2010,Action,Crave Entertainment,0.15,0,0,0.01,0.16
15991,Don Bradman Cricket 14,X360,2014,Sports,Tru Blu Entertainment,0,0.01,0,0,0.01
3471,Unreal Tournament,PS2,2000,Shooter,Infogrames,0.28,0.22,0,0.07,0.58
11820,Kengo: Legend of The 9,X360,2006,Fighting,Majesco Entertainment,0.06,0.01,0,0.01,0.07
7799,Descent,PS,1996,Shooter,Interplay,0.11,0.07,0,0.01,0.19
16221,Family Jockey,Wii,2008,Sports,Namco Bandai Games,0,0,0.01,0,0.01
9644,Last Ranker,PSP,2010,Role-Playing,Capcom,0,0,0.13,0,0.13
1905,FIFA Soccer 11,Wii,2010,Sports,Electronic Arts,0.26,0.69,0,0.12,1.08
11386,Pretty Rhythm: My Deco Rainbow Wedding,3DS,2013,Misc,Takara Tomy,0,0,0.08,0,0.08
8657,Power Rangers Double Pack,GBA,2005,Action,THQ,0.11,0.04,0,0,0.16
2148,Final Fantasy X / X-2 HD Remaster,PSV,2013,Role-Playing,Square Enix,0.21,0.31,0.28,0.16,0.97
11584,Scooby-Doo! Who's Watching Who?,PSP,2006,Adventure,THQ,0.07,0.01,0,0.01,0.08
12753,Tokyo Twilight Ghost Hunters,PS3,2014,Role-Playing,Aksys Games,0.03,0,0.02,0.01,0.06
2569,ABBA: You Can Dance,Wii,2011,Misc,Ubisoft,0.19,0.5,0,0.11,0.8
16211,Super Robot Monkey Team: Game Boy Advance Video Volume 1,GBA,2005,Misc,N/A,0.01,0,0,0,0.01
14034,RLH: Run Like Hell,XB,2003,Shooter,Avalon Interactive,0.03,0.01,0,0,0.04
5173,Bejeweled 3,DS,N/A,Puzzle,Unknown,0.32,0.02,0,0.03,0.36
12711,Mobile Ops: The One Year War,X360,N/A,Simulation,Namco Bandai Games,0,0,0.06,0,0.06
5652,SpongeBob SquarePants: Double Pack,GBA,2005,Platform,THQ,0.23,0.08,0,0.01,0.32
15712,Ultraman Star Chronicles,PSP,2013,Strategy,Namco Bandai Games,0,0,0.02,0,0.02
2342,F1 2009,Wii,2009,Racing,Codemasters,0.15,0.63,0,0.11,0.89
15039,Tokyo Xanadu eX+,PS4,2016,Role-Playing,Nihon Falcom Corporation,0,0,0.02,0,0.02
15579,Sega Ages 2500 Series Vol. 29: Monster World Complete Collection,PS2,2007,Role-Playing,Sega,0,0,0.02,0,0.02
9314,Imagine: Fashion Stylist,DS,2010,Simulation,Ubisoft,0.13,0,0,0.01,0.14
2565,Fight Night Champion,X360,2011,Fighting,Electronic Arts,0.4,0.33,0,0.07,0.8
12436,Bubble Bobble: Old & New,GBA,2002,Puzzle,Empire Interactive,0.04,0.02,0,0,0.06
12091,Judie no Atelier: Guramnat no Renkinjutsushi,PS2,2002,Role-Playing,Gust,0,0,0.07,0,0.07
2468,Final Fantasy,NES,1987,Role-Playing,SquareSoft,0.32,0,0.52,0,0.84
12878,WTA Tour Tennis,PS2,2001,Sports,Konami Digital Entertainment,0.03,0.02,0,0.01,0.05
13275,Detective Conan: Marionette Symphony,3DS,2013,Adventure,Namco Bandai Games,0,0,0.05,0,0.05
15535,Kamen Rider: Battride War II,WiiU,2014,Action,Namco Bandai Games,0,0,0.02,0,0.02
3710,Inazuma Eleven,DS,2008,Role-Playing,Nintendo,0,0.14,0.38,0.02,0.54
3267,Metal Gear Solid V: Ground Zeroes,PS3,2014,Action,Konami Digital Entertainment,0.14,0.14,0.27,0.06,0.62
16321,Dungeon Explorer: Warriors of Ancient Arts,PSP,2007,Role-Playing,Rising Star Games,0.01,0,0,0,0.01
8360,Gyakuten Saiban 3,GBA,2004,Adventure,Capcom,0,0,0.16,0,0.17
14984,Star Trek Online,PC,2010,Role-Playing,Atari,0,0.02,0,0,0.02
4532,Command & Conquer 3: Tiberium Wars,X360,2007,Strategy,Electronic Arts,0.35,0.05,0,0.03,0.43
3531,Defiance,X360,2013,Shooter,Trion Worlds,0.38,0.15,0,0.04,0.57
13415,Wrath Unleashed,XB,2004,Strategy,LucasArts,0.03,0.01,0,0,0.05
5939,Spirit: Stallion of the Cimarron,GBA,2002,Platform,THQ,0.21,0.08,0,0.01,0.3
15982,Xblaze: Lost Memories,PS3,2015,Adventure,Arc System Works,0.01,0,0,0,0.02
7848,The Polar Express,GBA,2004,Adventure,THQ,0.14,0.05,0,0,0.19
14808,Galileo,DS,2008,Adventure,D3Publisher,0,0,0.03,0,0.03
10095,Sega Touring Car Championship,SAT,1996,Racing,Sega,0,0,0.11,0,0.11
8138,Heavy Fire: Afghanistan,PS3,2011,Shooter,Unknown,0.17,0,0,0.01,0.18
147,The Last of Us,PS3,2013,Action,Sony Computer Entertainment Europe,2.41,2.28,0.28,1.01,5.99
9430,Resident Evil: Revelations 2,PSV,2015,Action,Capcom,0.01,0.05,0.06,0.01,0.13
4729,Dig Dug,NES,1985,Puzzle,Namco Bandai Games,0,0,0.41,0,0.41
4883,GRID 2,PS3,2013,Racing,Codemasters,0.07,0.23,0.01,0.09,0.39
4344,NHL 2005,PS2,2004,Sports,Electronic Arts,0.22,0.17,0,0.06,0.45
4376,Band Hero,DS,2009,Misc,Activision,0.21,0.19,0,0.05,0.45
3593,Mega Man X2,SNES,1993,Platform,Laguna,0.09,0.02,0.45,0,0.56
3340,Wave Race: Blue Storm,GC,2001,Racing,Nintendo,0.4,0.1,0.09,0.02,0.6
8179,UFC: Sudden Impact,PS2,2004,Fighting,Global Star,0.09,0.07,0,0.02,0.18
2872,Godzilla: Destroy All Monsters Melee,GC,2002,Fighting,Atari,0.55,0.14,0,0.02,0.71
1661,Star Wars Episode 1: Jedi Power Battles,PS,1999,Action,LucasArts,0.66,0.48,0.01,0.06,1.21
6069,Shrek the Third,Wii,2007,Action,Activision,0.26,0.01,0,0.02,0.29
14045,Hot Potato!,GBA,2001,Action,BAM! Entertainment,0.03,0.01,0,0,0.04
2641,Marvel vs. Capcom: Clash of Super Heroes,PS,1999,Fighting,Capcom,0.43,0.3,0,0.05,0.78
8323,Backyard NFL Football '10,Wii,2009,Sports,Atari,0.16,0,0,0.01,0.17
15350,The Idolmaster: Gravure For You! Vol.8,PS3,2012,Action,Namco Bandai Games,0,0,0.02,0,0.02
1959,Diablo II: Lord of Destruction,PC,2001,Role-Playing,Vivendi Games,1.03,0.02,0,0,1.06
1088,Fight Night Round 3,PS3,2006,Fighting,Electronic Arts,0.81,0.59,0.01,0.26,1.67
9330,Quick Yoga Training,DS,2008,Misc,Ubisoft,0.13,0,0,0.01,0.14
6867,Bakugan: Battle Brawlers,PS3,2009,Action,Activision,0.19,0.03,0,0.02,0.24
11547,Little League World Series Baseball 2010,PS3,2010,Sports,Activision,0.07,0,0,0.01,0.08
2397,Buzz! Master Quiz,PSP,2008,Misc,Sony Computer Entertainment,0.2,0.44,0,0.23,0.87
4895,Bloody Roar,PS,1997,Fighting,Virgin Interactive,0.22,0.15,0,0.03,0.39
12257,Zatch Bell! Mamodo Battles,GC,2005,Fighting,Namco Bandai Games,0.05,0.01,0,0,0.06
3651,Extermination,PS2,2001,Action,Sony Computer Entertainment,0.21,0.16,0.12,0.05,0.55
173,Assassin's Creed III,X360,2012,Action,Ubisoft,3.13,1.71,0.03,0.44,5.3
14648,Pacific Liberator,Wii,2009,Action,Zoo Games,0.03,0,0,0,0.03
9217,Super Puzzle Fighter II Turbo,PS,1996,Puzzle,Virgin Interactive,0.08,0.05,0,0.01,0.14
4264,NHL FaceOff '97,PS,1996,Sports,Sony Computer Entertainment,0.26,0.17,0,0.03,0.46
12927,ZombiU,PS4,2016,Action,Ubisoft,0,0.04,0.01,0.01,0.05
3388,Beijing 2008,X360,2008,Sports,Sega,0.15,0.38,0,0.07,0.59
13037,Ontamarama,DS,2007,Action,Atlus,0.05,0,0,0,0.05
10533,X-Men: Children of the Atom,PS,1998,Fighting,Acclaim Entertainment,0.06,0.04,0,0.01,0.1
9483,Castlevania: Legacy of Darkness,N64,1999,Platform,Konami Digital Entertainment,0.06,0.02,0.05,0,0.13
7040,Yu-Gi-Oh! GX: Tag Force 3,PSP,2008,Strategy,Konami Digital Entertainment,0,0.03,0.18,0.01,0.23
13418,Bleach: Soul Carnival,PSP,2008,Fighting,Sony Computer Entertainment,0,0,0.05,0,0.05
16532,Hirameki Action: Chibikko Wagyan no Daiki na Bouken,DS,2009,Action,Namco Bandai Games,0,0,0.01,0,0.01
16438,Getsuei Gakuen: kou,PSV,2013,Adventure,Arc System Works,0,0,0.01,0,0.01
3166,The Princess and the Frog,DS,2009,Platform,Disney Interactive Studios,0.41,0.17,0,0.06,0.64
7857,Rango: The Video Game,PS3,2011,Action,Electronic Arts,0.07,0.09,0,0.04,0.19
1312,LEGO Batman 2: DC Super Heroes,Wii,2012,Action,Warner Bros. Interactive Entertainment,0.94,0.4,0,0.11,1.46
12200,Cabela's Big Game Hunter 2005 Adventures,GC,2004,Sports,Activision,0.05,0.01,0,0,0.07
1525,Digimon World,PS,1999,Role-Playing,Namco Bandai Games,0.56,0.38,0.28,0.08,1.3
15374,Jewel Link: Galactic Quest,DS,2012,Action,Avanquest Software,0,0.02,0,0,0.02
1552,Tomb Raider: Underworld,PS3,2008,Action,Eidos Interactive,0.45,0.56,0.05,0.22,1.27
7649,Wing Arms,SAT,1994,Shooter,Sega,0,0,0.2,0,0.2
4452,Super Bomberman 4,SNES,1996,Puzzle,Hudson Soft,0,0,0.44,0,0.44
5024,SSX 3,GC,2003,Sports,Electronic Arts,0.29,0.08,0,0.01,0.38
5638,Peppa Pig: Theme Park Fun,DS,2011,Misc,P2 Games,0,0.28,0,0.04,0.32
13819,Ookami to Koushinryou: Boku to Horo no Ichinen,DS,2008,Adventure,ASCII Media Works,0,0,0.04,0,0.04
3825,Seaman,DC,1999,Simulation,Sega,0,0,0.52,0,0.52
13583,Saki Portable,PSP,2010,Adventure,Alchemist,0,0,0.04,0,0.04
7705,Ratatouille,GBA,2007,Action,THQ,0.14,0.05,0,0,0.2
13169,Empire Earth,PC,2001,Strategy,Vivendi Games,0,0.04,0,0.01,0.05
5332,Hello Kitty Daily,DS,2008,Misc,Nobilis,0.32,0,0,0.03,0.35
13118,Chameleon Twist 2,N64,1998,Platform,Infogrames,0.04,0.01,0,0,0.05
5345,Over the Hedge,GC,2006,Platform,Activision,0.27,0.07,0,0.01,0.35
5018,Overlord: Dark Legend,Wii,2009,Action,Codemasters,0.12,0.22,0,0.04,0.38
13933,Corpse Party: Blood Covered - Repeated Fear,3DS,2015,Adventure,5pb,0,0,0.04,0,0.04
2212,NCAA Football 10,X360,2009,Sports,Electronic Arts,0.87,0,0,0.07,0.94
13920,Rodea the Sky Soldier,3DS,2015,Action,Nippon Ichi Software,0.03,0,0,0,0.04
7787,Risen,X360,2009,Role-Playing,Deep Silver,0.07,0.11,0,0.01,0.19
6571,Daisy Fuentes Pilates,Wii,2009,Sports,505 Games,0.17,0.06,0,0.02,0.26
15718,Franklin: A Birthday Surprise,PS2,2006,Misc,Game Factory,0.01,0.01,0,0,0.02
396,Metal Gear Solid V: The Phantom Pain,PS4,2015,Action,Konami Digital Entertainment,1.08,1.35,0.48,0.47,3.38
941,inFAMOUS 2,PS3,2011,Action,Sony Computer Entertainment,1.05,0.49,0.08,0.23,1.85
4594,Colony Wars,PS,1997,Simulation,Psygnosis,0.24,0.16,0,0.03,0.42
9830,Phantasy Star Universe,X360,2006,Role-Playing,Sega,0.09,0.02,0,0.01,0.12
3840,We Love Katamari,PS2,2005,Puzzle,Electronic Arts,0.26,0.2,0,0.07,0.52
8850,Pokémon: Johto Photo Finish: Game Boy Advance Video,GBA,2004,Misc,N/A,0.11,0.04,0,0,0.15
9362,Shovel Knight,3DS,2015,Platform,Yacht Club Games,0.07,0.04,0.01,0.01,0.13
6760,Major League Baseball 2K7,PS3,2007,Sports,Spike,0.23,0,0,0.02,0.25
12052,Pitfall: The Lost Expedition,XB,2004,Platform,Activision,0.05,0.01,0,0,0.07
13564,Life is Strange,PC,2016,Adventure,Square Enix,0.01,0.03,0,0,0.04
12084,Godzilla (2014),PS3,2014,Action,Namco Bandai Games,0,0.01,0.06,0,0.07
2327,Call of Juarez: Bound in Blood,PS3,2009,Shooter,Ubisoft,0.35,0.38,0.01,0.16,0.89
13681,Hayate no Gotoku! Ojousama Produce Daisakusen Boku Iro ni Somare! Gakkou-Hen,DS,2008,Simulation,Konami Digital Entertainment,0,0,0.04,0,0.04
3480,Petz Nursery,DS,2009,Simulation,Ubisoft,0.53,0,0,0.04,0.58
3237,Namco Museum,GC,2002,Misc,Namco Bandai Games,0.48,0.13,0,0.02,0.63
3622,Monster Jam: Path of Destruction,Wii,2010,Racing,Activision,0.5,0.02,0,0.03,0.56
16229,Victory Spike,PS,1996,Sports,Imagineer,0,0,0.01,0,0.01
4720,Monotaro Dentetsu 2010: Sengoku Ishin no Hero Daishuugou! no Maki,Wii,2009,Misc,Hudson Soft,0,0,0.41,0,0.41
3997,Alien: Isolation,XOne,2014,Shooter,Sega,0.22,0.24,0,0.04,0.5
5778,Tiger Woods PGA Tour 06,X360,2005,Sports,Electronic Arts,0.28,0,0,0.02,0.31
6039,Heroes of the Pacific,PS2,2005,Simulation,Codemasters,0.14,0.11,0,0.04,0.29
15613,Let's Dance with Mel B,X360,2011,Sports,Black Bean Games,0,0.02,0,0,0.02
578,Pac-Man: Adventures in Time,PSP,2006,Fighting,Sony Computer Entertainment,0.76,1.1,0.12,0.65,2.63
4065,Crazy Taxi,GC,2001,Racing,Acclaim Entertainment,0.36,0.09,0.02,0.01,0.49
9052,Doshin the Giant,GC,2002,Simulation,Nintendo,0,0,0.14,0,0.14
4288,Scooby-Doo! and the Spooky Swamp,Wii,2010,Action,Warner Bros. Interactive Entertainment,0.29,0.13,0,0.04,0.46
7865,Chou-Kuukan Night Pro Yakyuu King (weekly JP sales),N64,1996,Sports,Imagineer,0,0,0.19,0,0.19
11885,SNK Arcade Classics Vol. 1,Wii,2008,Misc,Ignition Entertainment,0.06,0,0,0.01,0.07
8542,Puzzle Quest: Galactrix,DS,2009,Puzzle,D3Publisher,0.15,0,0,0.01,0.16
2948,Shrek the Third,X360,2007,Action,Activision,0.54,0.1,0,0.06,0.69
1408,Dead Rising 2,PS3,2010,Action,Capcom,0.43,0.57,0.15,0.22,1.38
4575,The Legend of Spyro: The Eternal Night,PS2,2007,Platform,Vivendi Games,0.21,0.16,0,0.05,0.42
6744,Harry Potter and the Order of the Phoenix,PS3,2007,Action,Electronic Arts,0.18,0.04,0,0.03,0.25
14750,Pro Evolution Soccer 2012,3DS,2011,Action,Konami Digital Entertainment,0.02,0,0,0,0.03
10059,Puyo Puyo Tetris,3DS,2014,Puzzle,Sega,0,0,0.11,0,0.11
1757,Medal of Honor Heroes 2,PSP,2007,Shooter,Electronic Arts,0.5,0.39,0.02,0.25,1.16
7508,World Championship Cards,PSP,2008,Misc,Crave Entertainment,0.19,0,0,0.02,0.2
15398,B-17: Fortress in the Sky,DS,2007,Simulation,DSI Games,0.02,0,0,0,0.02
11910,"Flower, Sun, and Rain",DS,2008,Adventure,Rising Star Games,0.07,0,0,0.01,0.07
6459,Dragon Age Origins: Awakening,PS3,2010,Role-Playing,Spike,0.24,0,0,0.02,0.26
10556,Baten Kaitos Origins,GC,2006,Role-Playing,Unknown,0.06,0.02,0.02,0,0.1
11530,Tempest 3X,PS,1995,Shooter,Interplay,0.04,0.03,0,0.01,0.08
2363,Rock Band 3,X360,2010,Misc,MTV Games,0.73,0.1,0,0.06,0.88
10548,Daito Giken Koushiki Pachi-Slot Simulator: Hihouden - Ossu! Banchou - Yoshimune DS,DS,2007,Misc,Paon,0,0,0.1,0,0.1
8195,Madden NFL 09,XB,2008,Sports,Electronic Arts,0.13,0.04,0,0.01,0.18
14183,Junior Island Adventure,DS,2011,Puzzle,Unknown,0.03,0,0,0,0.03
1473,Spider-Man: The Movie,GBA,2002,Action,Activision,0.92,0.35,0.01,0.05,1.33
14911,Derby Time 2006,PSP,2006,Sports,Sony Computer Entertainment,0,0,0.03,0,0.03
16089,"Iza, Shutsujin! Koisen",PSP,2011,Adventure,Quinrose,0,0,0.01,0,0.01
15285,Jake Hunter: Detective Chronicles,DS,2008,Adventure,Aksys Games,0.02,0,0,0,0.02
1349,LEGO Indiana Jones 2: The Adventure Continues,Wii,2009,Action,Activision,0.91,0.39,0,0.13,1.43
754,Final Fantasy XIII,X360,2010,Role-Playing,Square Enix,1.27,0.68,0.01,0.2,2.17
13445,Wayne Gretzky's 3D Hockey '98,PS,1997,Sports,GT Interactive,0.03,0.02,0,0,0.05
3574,Harry Potter Collection,PS2,2006,Misc,Electronic Arts,0.28,0.21,0,0.07,0.56
4024,Tony Hawk's Project 8,X360,2006,Sports,Activision,0.44,0.02,0,0.04,0.49
6768,Classic NES Series: Excitebike,GBA,2004,Racing,Nintendo,0.11,0.04,0.1,0.01,0.25
16462,Rugby World Cup 2015,PC,2015,Sports,Ubisoft,0,0.01,0,0,0.01
7164,Discovery Kids: Dolphin Discovery,DS,2008,Simulation,505 Games,0.21,0,0,0.01,0.22
8772,Cartoon Network Collection: Game Boy Advance Video Special Edition,GBA,2005,Misc,N/A,0.11,0.04,0,0,0.15
5623,TrackMania Turbo,PS4,2016,Action,Ubisoft,0.03,0.24,0,0.05,0.32
7653,BioShock The Collection,PS4,2016,Shooter,Take-Two Interactive,0.05,0.11,0.01,0.03,0.2
8839,Spider-Man: Friend or Foe,Wii,2007,Action,Activision,0.13,0.01,0,0.01,0.15
7484,Anarchy Reigns,PS3,2012,Action,Sega,0.1,0.03,0.06,0.02,0.21
15242,Discovery Kids: Snake Safari,DS,2009,Simulation,505 Games,0.02,0,0,0,0.02
2621,FIFA 12,Wii,2011,Sports,Electronic Arts,0.16,0.52,0,0.11,0.79
3834,The Golden Compass,PS2,2007,Action,Sega,0.13,0,0,0.39,0.52
9260,Major League Baseball 2K8,Wii,2008,Sports,Take-Two Interactive,0.13,0,0,0.01,0.14
15257,Tengen Toppa Gurren-Lagann,DS,2007,Action,Konami Digital Entertainment,0,0,0.02,0,0.02
5592,NCAA Basketball 10,X360,2009,Sports,Electronic Arts,0.3,0,0,0.02,0.32
8371,Disney's Planes,Wii,2013,Simulation,Disney Interactive Studios,0.08,0.07,0,0.02,0.17
15981,Meiji Toukyou Renka: Twilight Kiss,PSP,2015,Action,Broccoli,0,0,0.02,0,0.02
15320,Hot 'n' Cold,DS,2009,Action,Majesco Entertainment,0.02,0,0,0,0.02
3438,Doom 3 BFG Edition,PS3,2012,Shooter,Bethesda Softworks,0.26,0.22,0,0.1,0.59
3033,Wild ARMs 2,PS,1999,Role-Playing,Sony Computer Entertainment,0.19,0.13,0.31,0.04,0.67
11970,Rec Room Games,DS,2011,Sports,Destineer,0.07,0,0,0,0.07
5030,Elite Beat Agents,DS,2006,Misc,Nintendo,0.31,0.03,0,0.03,0.38
3258,Bolt,DS,2008,Adventure,Disney Interactive Studios,0.35,0.21,0,0.06,0.62
16417,thinkSMART: Chess for Kids,DS,2011,Misc,Mentor Interactive,0.01,0,0,0,0.01
9113,The Da Vinci Code,PS2,2006,Action,Take-Two Interactive,0.07,0.05,0,0.02,0.14
4023,Super Monkey Ball 3D,3DS,2011,Action,Sega,0.26,0.15,0.05,0.04,0.49
9716,Gladiator Begins,PSP,2010,Action,PQube,0.05,0.01,0.05,0.01,0.12
6630,The Suite Life of Zack & Cody: Tipton Trouble,DS,2006,Action,Disney Interactive Studios,0.23,0,0,0.02,0.25
7976,Harry Potter: Quidditch World Cup,XB,2003,Sports,Electronic Arts,0.14,0.04,0,0.01,0.19
14704,Magicka,PC,2011,Role-Playing,Paradox Interactive,0,0.02,0,0.01,0.03
11874,Exhibition Volume 4,XB,2003,Misc,Microsoft Game Studios,0.05,0.02,0,0,0.07
12521,BlazBlue: Chrono Phantasma Extend,XOne,2015,Action,PQube,0.05,0.01,0,0.01,0.06
4840,Brunswick Pro Bowling,PS2,2007,Sports,505 Games,0.2,0.15,0,0.05,0.4
2051,Oshare Majo Love and Berry: DS Collection,DS,2006,Misc,Sega,0,0,1.01,0,1.01
12652,Nendoroid Generation,PSP,2012,Role-Playing,Namco Bandai Games,0,0,0.06,0,0.06
6697,The Mummy: Tomb of the Dragon Emperor,PS2,2008,Action,Vivendi Games,0.12,0.1,0,0.03,0.25
6949,Lunar Knights,DS,2006,Role-Playing,Konami Digital Entertainment,0.17,0.01,0.04,0.02,0.24
15247,Shooter: Starfighter Sanvein,PS,2000,Shooter,Midas Interactive Entertainment,0.01,0.01,0,0,0.02
8829,Build-A-Bear Workshop: Welcome to Hugsville,DS,2010,Misc,Game Factory,0.14,0,0,0.01,0.15
9611,Kelly Slater's Pro Surfer,GBA,2002,Sports,Activision,0.09,0.03,0,0,0.13
4199,NBA Ballers: Phenom,PS2,2006,Sports,Midway Games,0.23,0.18,0,0.06,0.47
13818,Headhunter: Redemption,PS2,2004,Action,Sega,0.02,0.01,0,0,0.04
3241,Tony Hawk's American Wasteland,XB,2005,Sports,Activision,0.4,0.2,0,0.03,0.62
6915,Wild 9,PS,1998,Action,Interplay,0.13,0.09,0,0.02,0.24
4348,Phoenix,2600,1981,Simulation,Atari,0.42,0.02,0,0,0.45
15922,Rayman 10th Anniversary,GBA,2005,Platform,Ubisoft,0.01,0,0,0,0.02
7681,High School Musical 3: Senior Year DANCE!,X360,2008,Misc,Disney Interactive Studios,0.18,0,0,0.01,0.2
9345,Dokapon Kingdom,Wii,2008,Role-Playing,Sting,0.12,0,0,0.01,0.13
12527,Showtime Championship Boxing,DS,2007,Fighting,Zoo Digital Publishing,0.06,0,0,0,0.06
1466,MVP Baseball 2004,PS2,2004,Sports,Electronic Arts,1.1,0.06,0,0.18,1.34
8701,Megamind: Ultimate Showdown,PS3,2010,Action,THQ,0.07,0.06,0,0.02,0.16
1971,Defender,2600,1980,Misc,Atari,0.99,0.05,0,0.01,1.05
2352,Call of Duty: Modern Warfare 3,Wii,2011,Shooter,Activision,0.6,0.21,0,0.08,0.89
16236,Marvel: Ultimate Alliance,PC,2006,Role-Playing,Activision,0.01,0,0,0,0.01
4634,Mega Man Anniversary Collection,GC,2004,Platform,Capcom,0.32,0.08,0,0.01,0.42
2231,LEGO Jurassic World,PS3,2015,Action,Warner Bros. Interactive Entertainment,0.34,0.44,0,0.15,0.93
9056,Destroy All Humans! Big Willy Unleashed,Wii,2008,Action,THQ,0.13,0,0,0.01,0.14
12199,Fairy Fencer F: Advent Dark Force,PS4,2015,Role-Playing,Idea Factory International,0.02,0,0.05,0,0.07
16174,Dark Parables: The Exiled Prince,PC,2011,Puzzle,Unknown,0,0.01,0,0,0.01
13944,Little Red Riding Hood's Zombie BBQ,DS,2008,Shooter,Destineer,0.03,0,0,0,0.04
10726,Star Trek: Shattered Universe,PS2,2004,Simulation,Global Star,0.05,0.04,0,0.01,0.1
7678,Sid Meier's Pirates!,PSP,2007,Strategy,Take-Two Interactive,0.16,0.01,0,0.02,0.2
5106,Tom Clancy's The Division,PC,2016,Shooter,Ubisoft,0.2,0.14,0,0.03,0.37
3524,Tomb Raider: Anniversary,PSP,2007,Action,Eidos Interactive,0.21,0.23,0,0.13,0.57
14555,Popeye: Rush for Spinach,GBA,2005,Platform,Atari,0.02,0.01,0,0,0.03
9042,Pinball Hall of Fame: The Gottlieb Collection,Wii,2006,Misc,System 3 Arcade Software,0.13,0,0,0.01,0.14
2439,Army of Two: The 40th Day,PS3,2010,Shooter,Electronic Arts,0.44,0.27,0.01,0.12,0.85
3844,DC Universe Online,PS3,2011,Role-Playing,Sony Online Entertainment,0.35,0.12,0,0.06,0.52
7037,Tribes: Aerial Assault,PS2,N/A,Shooter,Unknown,0.11,0.09,0,0.03,0.23
9772,Curious George,PS2,2006,Action,Namco Bandai Games,0.06,0.05,0,0.02,0.12
10547,Hunter: The Reckoning,GC,2002,Action,Virgin Interactive,0.08,0.02,0,0,0.1
13525,Minna ga Shuyaku no NHK Kouhaku Quiz Kassen,Wii,2009,Misc,Nintendo,0,0,0.04,0,0.04
3879,Way of the Samurai,PS2,2002,Action,Eidos Interactive,0.13,0.1,0.25,0.03,0.51
5494,Silent Hill: Downpour,X360,2012,Action,Konami Digital Entertainment,0.22,0.08,0,0.03,0.33
13470,The Hustle: Detroit Streets,PS2,2006,Sports,Activision,0.02,0.02,0,0.01,0.04
15629,Tomb Raider: Legend,PC,2006,Action,Eidos Interactive,0,0.01,0,0,0.02
2713,Kane & Lynch: Dead Men,X360,2007,Shooter,Eidos Interactive,0.36,0.31,0.01,0.08,0.76
4938,Dawn of Discovery,PC,2009,Simulation,Ubisoft,0,0.32,0,0.07,0.39
11467,Qubed,X360,2009,Puzzle,Atari,0.07,0,0,0.01,0.08
14143,Yggdra Union: We'll Never Fight Alone,GBA,2006,Role-Playing,Sting,0,0,0.03,0,0.03
10101,Zangeki no Reginleiv,Wii,2010,Action,Nintendo,0,0,0.11,0,0.11
14165,Gacharoku,PS2,2002,Misc,Sony Computer Entertainment,0,0,0.03,0,0.03
3801,Littlest Pet Shop 3: Biggest Stars - Blue / Pink / Purple Team,DS,2010,Simulation,Electronic Arts,0.5,0,0,0.03,0.53
14548,Kung Fu Panda: Showdown of Legendary Legends,X360,2015,Action,Little Orbit,0,0.03,0,0,0.03
485,Wave Race 64,N64,1996,Racing,Nintendo,1.98,0.58,0.34,0.04,2.94
10801,Mind Quiz,PSP,2006,Action,Ubisoft,0.08,0.01,0,0.01,0.1
3515,Tales of the Abyss,PS2,2005,Role-Playing,Namco Bandai Games,0,0,0.57,0,0.57
11624,Ultimate Fighting Championship: Throwdown,GC,2002,Fighting,Ubisoft,0.06,0.02,0,0,0.08
7239,Touch the Dead,DS,2007,Shooter,Eidos Interactive,0.2,0,0,0.02,0.22
3559,Tom Clancy's HAWX,PS3,2009,Action,Ubisoft,0.21,0.22,0.05,0.09,0.57
5934,Mega Man ZX,DS,2006,Platform,Capcom,0.18,0,0.1,0.02,0.3
6318,Flag Capture,2600,N/A,Action,Atari,0.25,0.02,0,0,0.27
11555,Tomb Raider: Legend,GC,2006,Action,Eidos Interactive,0.06,0.02,0,0,0.08
13994,Rhapsody: A Musical Adventure,PS,1998,Role-Playing,Nippon Ichi Software,0.02,0.01,0,0,0.04
9136,Spyro: A Hero's Tail,XB,2004,Platform,Vivendi Games,0.11,0.03,0,0.01,0.14
9562,Legend of the Guardians: The Owls of Ga'Hoole,Wii,2010,Action,Warner Bros. Interactive Entertainment,0.11,0.01,0,0.01,0.13
9555,Transformers: War for Cybertron -- Decepticons,DS,2010,Action,Activision,0.11,0.01,0,0.01,0.13
13619,Hana to Ikimo no Rittai Zukan,3DS,2011,Misc,Nintendo,0,0,0.04,0,0.04
14527,Emily Archer and the Curse of Tutankhamun,DS,2011,Adventure,Mastertronic,0,0.03,0,0,0.03
2427,Dynasty Warriors 4: Xtreme Legends,PS2,2003,Action,Tecmo Koei,0.17,0.13,0.51,0.04,0.86
9768,Chase: Hollywood Stunt Driver,XB,2002,Racing,BAM! Entertainment,0.09,0.03,0,0,0.12
11512,NBA 10: The Inside,PSP,2009,Sports,Sony Computer Entertainment,0.07,0,0,0.01,0.08
5538,1001 Touch Games,DS,2011,Action,Avanquest,0.12,0.17,0,0.04,0.33
3369,PGR3 - Project Gotham Racing 3,X360,2005,Racing,Microsoft Game Studios,0.49,0.03,0.03,0.05,0.6
2673,Dragon Ball: Raging Blast,PS3,2009,Fighting,Namco Bandai Games,0.37,0.19,0.11,0.1,0.77
7075,Wipeout 2,3DS,2011,Misc,Activision,0.22,0,0,0.01,0.23
5443,Ninja Blade,X360,2009,Action,Microsoft Game Studios,0.14,0.14,0.02,0.03,0.33
5382,Thunderstrike: Operation Phoenix,PS2,2001,Simulation,Eidos Interactive,0.17,0.13,0,0.04,0.34
9849,Space Chimps,PS2,2008,Platform,Brash Entertainment,0.06,0.05,0,0.02,0.12
11214,Might & Magic Heroes VII,PC,2015,Strategy,Ubisoft,0,0.08,0,0,0.09
7937,We Dance,Wii,2011,Misc,Nordic Games,0,0.17,0,0.02,0.19
13211,Adventure Time: Explore the Dungeon Because I Don't Know!,PS3,2013,Action,D3Publisher,0.02,0.02,0,0.01,0.05
118,Zumba Fitness,Wii,2010,Sports,505 Games,3.5,2.64,0,0.67,6.81
3973,Babysitting Mama,Wii,2010,Simulation,505 Games,0.34,0.12,0,0.04,0.5
13687,Chaos;Head - Love Chu*Chu!,PSP,2011,Adventure,5pb,0,0,0.04,0,0.04
10205,Shin Sangoku Musou 6 Special,PSP,2011,Action,Tecmo Koei,0,0,0.11,0,0.11
2715,Mortal Kombat: Deception,XB,2004,Fighting,Midway Games,0.61,0.12,0,0.03,0.76
3624,MX 2002 Featuring Ricky Carmichael,PS2,2001,Racing,THQ,0.27,0.21,0,0.07,0.56
4410,Just Dance 2014,XOne,2013,Misc,Ubisoft,0.3,0.11,0,0.04,0.45
5490,Sonic Boom: Rise of Lyric,WiiU,2014,Action,Sega,0.21,0.09,0,0.03,0.33
3938,Dishonored,PC,2012,Action,Bethesda Softworks,0.26,0.19,0,0.06,0.51
116,Uncharted 3: Drake's Deception,PS3,2011,Action,Sony Computer Entertainment,2.77,2.8,0.19,1.06,6.83
1642,F1 2011,PS3,2011,Racing,Codemasters,0.12,0.75,0.11,0.25,1.22
1075,World Championship Poker: Featuring Howard Lederer - All In,PS2,2006,Misc,Oxygen Interactive,0.82,0.64,0,0.22,1.68
11561,7 Wonders of the Ancient World,PSP,2007,Puzzle,Mumbo Jumbo,0.07,0,0,0.01,0.08
4185,Spider-Man 3,DS,2007,Platform,Activision,0.41,0.02,0,0.04,0.47
8265,X-Men: The Official Game,X360,2006,Action,Activision,0.16,0.01,0,0.01,0.17
132,Kingdom Hearts,PS2,2002,Role-Playing,Sony Computer Entertainment,3.64,1.2,1.49,0.07,6.4
15372,The Legend of Heroes: Trails in the Sky Third Chapter,PSV,2016,Role-Playing,Nihon Falcom Corporation,0,0,0.02,0,0.02
14047,Kiniro no Corda 2 f,PSP,2009,Role-Playing,Tecmo Koei,0,0,0.04,0,0.04
1765,Gauntlet: Dark Legacy,PS2,2001,Action,Midway Games,0.56,0.44,0,0.15,1.15
11528,Cartoon Network Collection: Game Boy Advance Video Volume 2,GBA,2004,Misc,N/A,0.06,0.02,0,0,0.08
2323,NBA Live 2005,XB,2004,Sports,Electronic Arts,0.81,0.05,0,0.04,0.9
10158,Jikkyou Powerful Pro Baseball 2016,PS3,2016,Sports,Konami Digital Entertainment,0,0,0.11,0,0.11
15476,Adidas Power Soccer 98,PS,1998,Sports,Psygnosis,0.01,0.01,0,0,0.02
6444,Reload: Target Down,Wii,2010,Shooter,Mastiff,0.25,0,0,0.02,0.26
15335,Gal Gun,PS3,2012,Shooter,Alchemist,0,0,0.02,0,0.02
6690,MRC: Multi-Racing Championship,N64,1997,Racing,Ocean,0.2,0.05,0,0,0.25
9174,Monster Jam,DS,2007,Racing,Activision,0.13,0,0,0.01,0.14
12674,The Sims 2: University,PC,2005,Simulation,Electronic Arts,0.01,0.04,0,0.01,0.06
11888,Kidou Senshi Gundam: Giren no Yabou - Axis no Kyoui V,PSP,2009,Strategy,Namco Bandai Games,0,0,0.07,0,0.07
16082,Egg Mania: Eggstreme Madness,XB,2002,Puzzle,Kemco,0.01,0,0,0,0.01
10238,Transformers: Devastation,PS3,2015,Action,Activision,0.03,0.07,0,0.02,0.11
4175,Lego Batman 3: Beyond Gotham,WiiU,2014,Action,Warner Bros. Interactive Entertainment,0.23,0.21,0,0.04,0.47
3398,Kane & Lynch 2: Dog Days,PS3,2010,Shooter,Square Enix,0.17,0.28,0.05,0.1,0.59
8716,Prince of Persia: The Forgotten Sands,DS,2010,Action,Ubisoft,0.14,0.01,0,0.01,0.16
2736,Mega Man X5,PS,2000,Platform,Capcom,0.3,0.21,0.2,0.05,0.75
3737,How to Train Your Dragon,DS,2010,Action,Activision,0.32,0.17,0,0.05,0.54
3716,Despicable Me: The Game - Minion Mayhem,DS,2010,Puzzle,D3Publisher,0.42,0.09,0,0.04,0.54
12320,Octomania,Wii,2007,Puzzle,Midas Interactive Entertainment,0.06,0,0,0,0.06
11410,Fatal Frame III: The Tormented,PS2,2005,Action,Take-Two Interactive,0.04,0.03,0,0.01,0.08
5954,AMF Bowling 2004,XB,2003,Sports,Mud Duck Productions,0.22,0.06,0,0.01,0.3
5346,Naruto Shippuden: Ultimate Ninja Impact,PSP,2011,Fighting,Namco Bandai Games,0.09,0.07,0.15,0.04,0.35
9392,Rogue Ops,XB,2003,Action,Kemco,0.1,0.03,0,0,0.13
12536,Ivy the Kiwi?,Wii,2010,Puzzle,Rising Star Games,0.04,0.02,0,0,0.06
8959,Super Monkey Ball Deluxe,XB,2005,Misc,Sega,0.11,0.03,0,0.01,0.15
3011,Return to Castle Wolfenstein: Tides of War,XB,2003,Shooter,Activision,0.49,0.16,0,0.02,0.67
10895,Uta no Prince-Sama: Debut,PSP,2012,Adventure,Broccoli,0,0,0.09,0,0.09
8094,Tokyo Xtreme Racer DRIFT,PS2,2003,Racing,Genki,0.09,0.07,0,0.02,0.18
115,Medal of Honor: Frontline,PS2,2002,Shooter,Electronic Arts,2.93,2.75,0.17,0.99,6.83
6693,Wayne Gretzky's 3D Hockey '98,N64,1997,Sports,Midway Games,0.23,0.02,0,0,0.25
382,Assassin's Creed: Unity,XOne,2014,Action,Ubisoft,2.26,0.89,0,0.3,3.46
1668,The Lord of the Rings: The Fellowship of the Ring,PS2,2002,Action,Black Label Games,0.59,0.46,0,0.15,1.2
7072,Naruto Shippuden: Ninja Council 4,DS,2007,Action,Nintendo,0.09,0,0.13,0.01,0.23
16447,Madagascar: Escape 2 Africa,PC,2008,Action,Activision,0.01,0,0,0,0.01
5037,Dora The Explorer: Dora Saves the Snow Princess,PS2,2008,Platform,Take-Two Interactive,0.19,0.15,0,0.05,0.38
5017,Forza Horizon 3,XOne,2016,Racing,Microsoft Game Studios,0.15,0.2,0,0.03,0.38
9240,Pro Yakyuu Netsu Star 2006,PS2,2006,Sports,Namco Bandai Games,0,0,0.14,0,0.14
15741,Clue / Mouse Trap / Perfection / Aggravation,DS,2006,Misc,Unknown,0.02,0,0,0,0.02
13974,Chaos Wars,PS2,2006,Strategy,Idea Factory,0,0,0.04,0,0.04
2618,Dead Island: Riptide,X360,2013,Action,Deep Silver,0.44,0.27,0.01,0.07,0.79
597,WWE SmackDown vs. RAW 2007,PS2,2006,Fighting,THQ,1.4,0.88,0.03,0.26,2.58
7715,DS Kageyama Method: Dennou Hanpuku - Masu x Masu Hyaku Masu Keisan,DS,2006,Misc,Shogakukan,0,0,0.2,0,0.2
10878,Raiden Fighters Aces,X360,2008,Shooter,Valcon Games,0.06,0.03,0,0.01,0.09
1409,Hasbro Family Game Night 2,Wii,2009,Misc,Electronic Arts,0.71,0.53,0,0.13,1.38
1579,Brian Lara Cricket,PS,1998,Sports,Codemasters,0.02,1.13,0.01,0.1,1.26
10659,Silent Scope Complete,XB,2004,Shooter,Konami Digital Entertainment,0.07,0.02,0,0,0.1
1078,Yoshi's Cookie,GB,1992,Puzzle,Nintendo,0.59,0.24,0.82,0.03,1.68
10683,Kung Fu Panda 2,PS3,2011,Action,THQ,0.04,0.04,0,0.02,0.1
11778,And1 Streetball,XB,2006,Action,Ubisoft,0.06,0.02,0,0,0.07
14680,Nobunaga no Yabou DS 2,DS,2008,Strategy,Tecmo Koei,0,0,0.03,0,0.03
10557,E·O·E: Eve of Extinction,PS2,2002,Fighting,Eidos Interactive,0.04,0.03,0.02,0.01,0.1
2341,Ace Combat 2,PS,1997,Simulation,Sony Computer Entertainment,0.16,0.11,0.56,0.06,0.89
1157,Dragon Quest V: Hand of the Heavenly Bride,DS,2008,Role-Playing,Square Enix,0.19,0.02,1.36,0.02,1.6
13340,Supreme Commander,PC,2007,Strategy,THQ,0,0.04,0,0.01,0.05
13069,The Typing of the Dead,DC,2000,Shooter,Sega,0,0,0.05,0,0.05
13843,Blue Roses: Yousei to Aoi Hitomi no Senshitachi,PSP,2010,Adventure,Nippon Ichi Software,0,0,0.04,0,0.04
896,The Legend of Zelda: Oracle of Ages,GB,2001,Action,Nintendo,0.92,0.53,0.41,0.06,1.92
10112,Murakumo: Renegade Mech Pursuit,XB,2002,Shooter,From Software,0.04,0.01,0.06,0,0.11
11866,Tak: The Great Juju Challenge,XB,2005,Platform,THQ,0.05,0.02,0,0,0.07
9099,Xevious 3D/G+,PS,1997,Shooter,Sony Computer Entertainment,0.01,0.01,0.11,0.01,0.14
1699,Hitman 2: Silent Assassin,XB,N/A,Action,Eidos Interactive,0.76,0.38,0,0.05,1.19
756,Tennis,NES,1984,Sports,Nintendo,0.48,0.11,1.56,0.02,2.17
3119,SingStar Pop Hits,PS2,2007,Misc,Sony Computer Entertainment,0,0.5,0,0.15,0.65
1951,Mercenaries 2: World in Flames,X360,2008,Shooter,Electronic Arts,0.65,0.3,0.01,0.1,1.06
10646,Fifi and the Flowertots,DS,2009,Misc,Avanquest,0,0.09,0,0.01,0.1
6860,Monster Jam,PS2,2007,Racing,Activision,0.12,0.09,0,0.03,0.24
14268,Rome: Total War - Gold Edition,PC,2006,Strategy,Sega,0,0.03,0,0.01,0.03
593,LittleBigPlanet,PSP,2009,Platform,Sony Computer Entertainment,0.64,1.24,0.01,0.69,2.58
14471,Nettou! Powerful Koushien,DS,2010,Sports,Konami Digital Entertainment,0,0,0.03,0,0.03
2179,South Park: The Stick of Truth,X360,2014,Role-Playing,Ubisoft,0.57,0.3,0,0.08,0.95
10624,The Bard's Tale,XB,2004,Role-Playing,Ubisoft,0.08,0.02,0,0,0.1
5488,Kelly Slater's Pro Surfer,PS2,2002,Sports,Activision,0.16,0.13,0,0.04,0.33
686,Grand Theft Auto,PS,1997,Action,Take-Two Interactive,0.79,1.35,0.04,0.14,2.32
14345,Dodge Racing: Charger vs Challenger,DS,2009,Racing,Zushi Games,0.03,0,0,0,0.03
2902,Spider-Man 2,PSP,2005,Action,Activision,0.35,0.21,0,0.14,0.71
3412,Go Diego Go! Great Dinosaur Rescue,Wii,2008,Action,Take-Two Interactive,0.53,0.02,0,0.04,0.59
11593,P.N.03 - Product Number Three,GC,2003,Shooter,Capcom,0.06,0.02,0,0,0.08
8083,Guilty Gear Xrd: Sign,PS3,2014,Fighting,Arc System Works,0.09,0,0.07,0.02,0.18
15860,Kadenz fermata//Akkord:fortissimo,PSV,2014,Adventure,5pb,0,0,0.02,0,0.02
12154,Kanji Sonomama DS Rakubiki Jiten,DS,2006,Misc,Nintendo,0,0,0.07,0,0.07
894,Mario Super Sluggers,Wii,2008,Sports,Nintendo,1.51,0,0.29,0.12,1.93
15204,Jissen Pachi-Slot Hisshouhou! Mister Magic Neo,PS2,2007,Misc,Sega,0,0,0.02,0,0.02
9506,Digimon Racing,GBA,2004,Racing,Namco Bandai Games,0.09,0.03,0,0,0.13
7529,Crazy Taxi 3: High Roller,XB,2002,Racing,Sega,0.14,0.04,0.02,0.01,0.2
9133,Onimusha Essentials,PS2,2008,Action,Capcom,0.07,0.05,0,0.02,0.14
12636,All Kamen Rider: Rider Generation 2,PSP,2012,Action,Namco Bandai Games,0,0,0.06,0,0.06
16474,MotoGP 15,X360,2015,Racing,Milestone S.r.l.,0,0.01,0,0,0.01
16100,Super PickUps,Wii,2009,Racing,XS Games,0.01,0,0,0,0.01
2972,Baldur's Gate: Dark Alliance II,PS2,2004,Role-Playing,Interplay,0.34,0.26,0,0.09,0.68
5169,Dragon Ball Z: Infinite World,PS2,2008,Fighting,Namco Bandai Games,0.08,0.06,0.21,0.02,0.36
8069,Mega Man Soccer,SNES,1993,Sports,Capcom,0.04,0.01,0.13,0,0.18
4468,Barbie: Groom and Glam Pups,DS,2010,Action,THQ,0.26,0.14,0,0.04,0.44
6269,Boogie,DS,2007,Misc,Electronic Arts,0.25,0,0,0.02,0.27
4011,Fantastic 4,PS2,2005,Action,Activision,0.41,0.01,0,0.07,0.5
6383,Connect Four / Perfection / Trouble,GBA,2005,Misc,Zoo Digital Publishing,0.19,0.07,0,0,0.27
5643,Shaun White Snowboarding,PSP,2008,Sports,Ubisoft,0.26,0.03,0,0.03,0.32
4861,Star Wars: Clone Wars,GC,2002,Shooter,Activision,0.31,0.08,0,0.01,0.4
9385,Kurt Warner's Arena Football Unleashed,PS,2000,Sports,Midway Games,0.07,0.05,0,0.01,0.13
8181,NBA Hoopz,PS2,2001,Sports,Midway Games,0.09,0.07,0,0.02,0.18
11408,Crush,PSP,2007,Puzzle,Sega,0.07,0,0,0.01,0.08
7778,Dream Salon,DS,2009,Misc,Zoo Digital Publishing,0.18,0,0,0.01,0.19
5912,Spider-Man: Friend or Foe,X360,2007,Action,Activision,0.26,0.02,0,0.02,0.3
7117,Dinosaur King,DS,2007,Strategy,Sega,0.2,0,0,0.02,0.23
3726,Dragon Quest Characters: Torneko no Daibouken 3: Fushigi no Dungeon,PS2,2002,Role-Playing,Enix Corporation,0,0,0.54,0,0.54
10837,Big League Sports: Summer,Wii,2009,Sports,Activision,0.09,0,0,0.01,0.09
9720,DS Yamamura Misa Suspense: Maiko Kogiku - Kisha Katherine - Sougiya Isa Akashi - Koto ni Maru Hana Sanrin: Kyoto Satujin Jinken File,DS,2008,Adventure,Tecmo Koei,0,0,0.12,0,0.12
7476,Rune Factory: Tides of Destiny,Wii,2011,Role-Playing,Marvelous Interactive,0.14,0,0.06,0.01,0.21
1534,Pirates of the Caribbean: The Curse of the Black Pearl,GBA,2003,Platform,TDK Mediactive,0.93,0.34,0,0.02,1.29
7052,Call of Duty: Black Ops 3,PC,2015,Shooter,Activision,0,0.22,0,0.01,0.23
10139,Lost in Blue,DS,2005,Adventure,Konami Digital Entertainment,0.07,0.02,0.02,0.01,0.11
5039,Mercenaries 2: World in Flames,PS2,2008,Shooter,Electronic Arts,0.21,0,0,0.17,0.38
16519,DJ Max Technika Tune,PSV,2012,Misc,CyberFront,0,0,0.01,0,0.01
14557,Beyblade Evolution,3DS,2013,Action,Rising Star Games,0.02,0.01,0,0,0.03
15893,Mission: Impossible - Operation Surma,GC,2004,Platform,Atari,0.01,0,0,0,0.02
7933,Momotarou Dentetsu World,DS,2010,Misc,Hudson Soft,0,0,0.19,0,0.19
10482,PictoImage,DS,2007,Puzzle,Sega,0.1,0,0,0.01,0.1
2124,Pro Evolution Soccer 2014,PS3,2013,Action,Konami Digital Entertainment,0.03,0.43,0.51,0.01,0.98
14873,Neverwinter Nights 2,PC,2006,Role-Playing,Atari,0,0.02,0,0,0.03
13862,Mobile Suit Gundam: Mokuba no Kiseki,PSP,2012,Action,Namco Bandai Games,0,0,0.04,0,0.04
11989,Mia Hamm Soccer 64,N64,2000,Sports,THQ,0.06,0.01,0,0,0.07
3470,NASCAR: Dirt to Daytona,PS2,N/A,Racing,Unknown,0.28,0.22,0,0.07,0.58
7306,Herdy Gerdy,PS2,2002,Adventure,Eidos Interactive,0.11,0.08,0,0.03,0.22
7556,MLB SlugFest 20-03,XB,2002,Sports,Midway Games,0.15,0.04,0,0.01,0.2
10496,Atsumare! Power Pro Kun no DS Koushien,DS,N/A,Sports,N/A,0,0,0.1,0,0.1
8435,Fracture,PS3,2008,Shooter,LucasArts,0.11,0.04,0,0.02,0.17
6236,FIFA Soccer 07,X360,2006,Sports,Electronic Arts,0.24,0.01,0,0.02,0.28
8338,Mahjong Fight Club,PSP,2004,Misc,Konami Digital Entertainment,0,0,0.17,0,0.17
9517,Backyard Sports Football: Rookie Rush,Wii,2010,Sports,Atari,0.12,0,0,0.01,0.13
15583,Elf Bowling 1 & 2,DS,2005,Sports,Ignition Entertainment,0.02,0,0,0,0.02
16181,Putty Squad,PS3,2013,Platform,System 3,0,0.01,0,0,0.01
13855,Klonoa Heroes: Densetsu no Star Medal,GBA,2002,Role-Playing,Namco Bandai Games,0,0,0.04,0,0.04
10469,Leisure Suit Larry: Box Office Bust,PS3,2009,Adventure,Codemasters,0.06,0.03,0,0.01,0.1
9343,MLB Power Pros 2008,Wii,2008,Sports,Konami Digital Entertainment,0.12,0,0.01,0.01,0.13
2576,[Prototype 2],X360,2012,Action,Activision,0.48,0.25,0,0.07,0.8
2554,Professor Layton vs Phoenix Wright: Ace Attorney,3DS,2012,Puzzle,Level 5,0.2,0.26,0.3,0.04,0.81
16058,Winning Post 7 Maximum 2008,PS2,2008,Sports,Tecmo Koei,0,0,0.01,0,0.01
11091,Freestyle Metal X,PS2,2003,Racing,Midway Games,0.04,0.03,0,0.01,0.09
661,WCW/nWo Revenge,N64,1998,Fighting,THQ,1.94,0.39,0.03,0.02,2.38
15435,Tenkai Knights: Brave Battle,3DS,2014,Action,Namco Bandai Games,0.01,0.01,0,0,0.02
11869,Pro Farm 1,PC,2011,Simulation,Excalibur Publishing,0,0.06,0,0.01,0.07
556,Madden NFL 12,X360,2011,Sports,Electronic Arts,2.42,0.11,0,0.16,2.69
8678,7th Dragon III Code: VFD,3DS,2015,Role-Playing,Sega,0.03,0,0.12,0,0.16
10393,BlazBlue: Chrono Phantasma,PSV,2014,Fighting,Arc System Works,0.06,0,0.03,0.02,0.11
4865,I-Ninja,PS2,2003,Platform,Sony Computer Entertainment,0.19,0.15,0,0.05,0.4
1450,Tom Clancy's Rainbow Six: Vegas 2,PS3,2008,Shooter,Ubisoft,0.66,0.45,0.04,0.21,1.35
1286,Tom Clancy's Splinter Cell: Pandora Tomorrow,XB,2004,Action,Ubisoft,0.82,0.59,0,0.07,1.48
1008,Pro Evolution Soccer,PS2,2001,Sports,Konami Digital Entertainment,0.06,0.9,0.53,0.27,1.75
16048,Guitar Hero III: Legends of Rock,PC,2007,Misc,Aspyr,0.01,0,0,0,0.01
467,WWE SmackDown! Shut Your Mouth,PS2,2002,Sports,THQ,1.45,1.13,0.07,0.38,3.02
9388,NHL 2K9,PS2,2008,Sports,Take-Two Interactive,0.07,0.05,0,0.02,0.13
3100,The Evil Within,XOne,2014,Action,Bethesda Softworks,0.35,0.25,0,0.05,0.65
6437,Angry Birds Trilogy,X360,2012,Action,Activision,0.18,0.06,0,0.02,0.27
5834,Karaoke Revolution Glee: Volume 3,Wii,2011,Misc,Konami Digital Entertainment,0.24,0.04,0,0.02,0.3
14017,Trick x Logic: Season 2,PSP,2010,Adventure,Sony Computer Entertainment,0,0,0.04,0,0.04
11090,MotoGP 14,X360,2014,Racing,Milestone S.r.l.,0.04,0.04,0,0.01,0.09
8410,RC Revenge Pro,PS2,2000,Racing,Acclaim Entertainment,0.08,0.06,0,0.02,0.17
2519,MediEvil: Resurrection,PSP,2005,Adventure,Sony Computer Entertainment,0.19,0.41,0,0.22,0.82
6092,El Shaddai: Ascension of the Metatron,PS3,2011,Action,Ignition Entertainment,0.11,0.07,0.08,0.03,0.29
8938,Toy Story Racer,PS,2001,Racing,Activision,0.08,0.06,0,0.01,0.15
1687,Metal Gear Solid: Portable Ops,PSP,2006,Action,Konami Digital Entertainment,0.38,0.35,0.38,0.09,1.19
4737,Monster Trucks Mayhem,Wii,2009,Racing,Zoo Games,0.39,0,0,0.02,0.41
8200,Namco Museum: 50th Anniversary,XB,2005,Misc,Namco Bandai Games,0.13,0.04,0,0.01,0.18
7990,The Bee Game,DS,2007,Adventure,Midway Games,0.17,0,0,0.01,0.19
15958,"Sharin no Kuni, Himawari no Shoujo",X360,2010,Adventure,5pb,0,0,0.02,0,0.02
13345,Galaxy Racers,DS,2010,Racing,Ubisoft,0.04,0,0,0,0.05
1023,Madden NFL 99,PS,1998,Sports,Electronic Arts,1.66,0.04,0,0.04,1.74
5646,Seaman: Kindan no Pet - Gaze Hakushi no Jikken Shima,PS2,2001,Simulation,ASCII Entertainment,0,0,0.32,0,0.32
11054,Ski-Doo Snowmobile Challenge,Wii,2009,Racing,Valcon Games,0.08,0,0,0.01,0.09
14688,Harukanaru Toki no Naka de 6,PSV,2015,Action,Tecmo Koei,0,0,0.03,0,0.03
6137,Siren: Blood Curse,PS3,2008,Action,Sony Computer Entertainment,0,0.17,0.09,0.02,0.28
11255,NCAA Football 08,XB,2007,Sports,Electronic Arts,0.06,0.02,0,0,0.08
4194,The Sims 3: Ambitions,PC,2010,Simulation,Electronic Arts,0,0.29,0,0.18,0.47
7221,The Suffering,XB,2004,Action,Midway Games,0.16,0.05,0,0.01,0.22
11572,Need For Speed: Undercover,PC,2008,Racing,Electronic Arts,0,0.07,0,0.01,0.08
10965,Bomberman Max 2: Blue Advance,GBA,2002,Puzzle,Vivendi Games,0.07,0.02,0,0,0.09
6080,Penguin no Mondai: Saikyou Penguin Densetsu! A Penguin's Troubles,DS,2008,Adventure,Konami Digital Entertainment,0,0,0.29,0,0.29
6129,Yu-Gi-Oh! Double Pack,GBA,2006,Role-Playing,Konami Digital Entertainment,0.2,0.08,0,0.01,0.28
6393,The Sims 2: Pets,GC,2006,Simulation,Electronic Arts,0.21,0.05,0,0.01,0.27
7309,Digimon World Re:Digitize,PSP,2012,Action,Namco Bandai Games,0,0,0.22,0,0.22
10357,Sudokuro,DS,2007,Puzzle,Crave Entertainment,0.1,0,0,0.01,0.11
15387,TV Anime Idolm@ster: Cinderella Girls G4U! Pack Vol.7,PS3,2015,Misc,Namco Bandai Games,0,0,0.02,0,0.02
2215,Bully,PS2,2006,Action,Take-Two Interactive,0.75,0.03,0.04,0.12,0.94
9449,Diablo II,PC,2000,Role-Playing,Havas Interactive,0.01,0.09,0,0.02,0.13
4446,Family Fest Presents Circus Games,Wii,2008,Misc,Ubisoft,0.1,0.29,0,0.05,0.44
8866,Dark Rift,N64,1997,Fighting,Vic Tokai,0.12,0.03,0,0,0.15
15091,RayCrisis: Series Termination,PS,1999,Shooter,JVC,0.01,0.01,0,0,0.02
6141,The King of Fighters '95,SAT,1995,Fighting,SNK Playmore,0,0,0.28,0,0.28
5213,Guitar Hero: Smash Hits,PS3,2009,Misc,Activision,0.2,0.11,0,0.05,0.36
81,Mario Party 8,Wii,2007,Misc,Nintendo,3.81,2.3,1.58,0.73,8.42
10174,Monster Lab,PS2,2008,Role-Playing,Eidos Interactive,0.05,0.04,0,0.01,0.11
15693,Ketsui Death Label,DS,2008,Shooter,Arika,0,0,0.02,0,0.02
8225,Teen Titans,GBA,N/A,Action,Unknown,0.13,0.05,0,0,0.17
12016,Gintama DS: Yorozuya Daisoudou,DS,2006,Action,Namco Bandai Games,0,0,0.07,0,0.07
11476,The Space Bar,SAT,1996,Adventure,Sega,0,0,0.08,0,0.08
866,E.T.: The Extra Terrestrial,2600,1981,Action,Atari,1.84,0.11,0,0.02,1.97
11411,Zero: Tsukihami no Kamen,Wii,N/A,Action,Nintendo,0,0,0.08,0,0.08
2589,Need for Speed: Hot Pursuit 2,GC,2002,Racing,Electronic Arts,0.68,0.09,0,0.02,0.8
6235,Yu-Gi-Oh! Monster Capsule Breed & Battle,PS,1998,Role-Playing,Konami Digital Entertainment,0,0,0.26,0.02,0.28
3791,Batman: Arkham City,PC,2011,Action,Warner Bros. Interactive Entertainment,0.16,0.28,0,0.09,0.53
10534,Hot Wheels: Stunt Track Challenge,XB,2004,Racing,THQ,0.08,0.02,0,0,0.1
7758,Petz Pony: Beauty Pageant,DS,2009,Simulation,Ubisoft,0.18,0,0,0.01,0.19
11316,Monster Jam: Path of Destruction,PSP,2010,Racing,Activision,0.07,0,0,0.01,0.08
12984,Shin Sangoku Musou 5 Special,PSP,2009,Action,Tecmo Koei,0,0,0.05,0,0.05
7443,JSRF: Jet Set Radio Future,XB,2002,Action,Sega,0.13,0.04,0.03,0.01,0.21
3019,Fight Night Round 2004,XB,2004,Fighting,Electronic Arts,0.46,0.18,0,0.03,0.67
16169,Smiley World: Island Challenge,DS,2009,Puzzle,Zoo Digital Publishing,0.01,0,0,0,0.01
9095,Marvel vs. Capcom 2: New Age of Heroes,DC,2000,Fighting,Virgin Interactive,0,0,0.14,0,0.14
14110,DoraMoji: Nobita no Kanji Daisakusen,3DS,2015,Misc,Shogakukan,0,0,0.03,0,0.03
8828,FIFA Soccer 2002,PS,2001,Sports,Electronic Arts,0.08,0.06,0,0.01,0.15
3502,Ratchet & Clank: Quest for Booty,PS3,2008,Platform,Sony Computer Entertainment,0,0.53,0,0.04,0.58
2779,Namco Museum Remix,Wii,2007,Misc,Atari,0.68,0,0,0.05,0.74
14308,Saru! Get You! SaruSaru Daisakusen,PSP,2007,Platform,Sony Computer Entertainment,0,0,0.03,0,0.03
3678,Tak and the Power of Juju,GBA,2003,Platform,THQ,0.39,0.15,0,0.01,0.55
16545,Mario & Luigi: Paper Jam & Mario Kart 7 Double Pack,3DS,2015,Misc,Nintendo,0,0,0.01,0,0.01
10953,GripShift,PSP,2005,Racing,Ubisoft,0.08,0,0,0.01,0.09
4479,Eternal Darkness: Sanity's Requiem,GC,2002,Adventure,Nintendo,0.34,0.09,0,0.01,0.44
8299,Resident Evil Director's Cut: Dual Shock Edition,PS,1997,Action,Capcom,0,0,0.16,0.01,0.17
10827,Kiniro no Corda 3,PSP,2010,Adventure,Tecmo Koei,0,0,0.09,0,0.09
3636,Sly Cooper: Thieves in Time,PS3,2013,Platform,Sony Computer Entertainment Europe,0.35,0.13,0,0.08,0.55
14849,Tokushu Houdoubu,PSV,2012,Adventure,Nippon Ichi Software,0,0,0.03,0,0.03
1753,Mega Man X,SNES,1993,Platform,Capcom,0.57,0.08,0.5,0.01,1.16
8436,Sega Superstars,PS2,2004,Misc,Sega,0.08,0.06,0,0.02,0.17
1458,Mario & Luigi: Partners in Time,DS,2005,Role-Playing,Nintendo,0.77,0.07,0.43,0.08,1.34
5087,Paws & Claws: Pampered Pets,DS,2009,Simulation,THQ,0.35,0,0,0.03,0.37
6096,Ratatouille: Food Frenzy,DS,2007,Puzzle,THQ,0.26,0,0,0.02,0.29
6195,NCAA March Madness 2005,XB,2004,Sports,Electronic Arts,0.21,0.06,0,0.01,0.28
14579,Heroes of Hellas 2: Olympia,DS,2012,Puzzle,Unknown,0,0.03,0,0,0.03
12730,Aggressive Inline,GC,2002,Sports,Acclaim Entertainment,0.04,0.01,0,0,0.06
2217,Phantasy Star Portable,PSP,2008,Role-Playing,Sega,0.19,0.06,0.63,0.05,0.94
4726,Fantastic Pets,X360,2011,Simulation,THQ,0.3,0.08,0,0.03,0.41
4125,Theme Park Roller Coaster,PS2,2000,Strategy,Electronic Arts,0.23,0.18,0,0.06,0.48
5980,Fisherman's Bait 2: Big Ol' Bass,PS,1999,Sports,Konami Digital Entertainment,0.16,0.11,0,0.02,0.29
7270,Shin Megami Tensei x Fire Emblem,WiiU,2015,Role-Playing,Nintendo,0.1,0.04,0.06,0.01,0.22
4573,Ben 10 Alien Force: Vilgax Attacks,PSP,2009,Action,D3Publisher,0.13,0.19,0,0.11,0.42
4351,My Fashion Studio,DS,2007,Misc,Ubisoft,0.41,0.01,0,0.03,0.45
12804,Grand Kingdom,PS4,2015,Role-Playing,Nippon Ichi Software,0.02,0,0.03,0,0.06
10898,Ford Mustang: The Legend Lives,XB,2005,Racing,Take-Two Interactive,0.07,0.02,0,0,0.09
8005,Harvest Moon: A Wonderful Life Special Edition,PS2,2004,Simulation,505 Games,0.09,0.07,0,0.02,0.18
13035,Top Spin 2,DS,2006,Sports,Take-Two Interactive,0.05,0,0,0,0.05
7999,Major League Baseball 2K10,PS3,2010,Sports,Take-Two Interactive,0.17,0,0,0.01,0.18
11335,Miami Nights: Singles in the City,DS,2008,Simulation,Ubisoft,0.08,0,0,0.01,0.08
9599,Avatar: The Last Airbender - Into the Inferno,DS,2008,Adventure,THQ,0.11,0.01,0,0.01,0.13
13823,Burnout Paradise: The Ultimate Box,X360,2009,Racing,Electronic Arts,0,0.03,0,0,0.04
1106,NBA Live 2003,PS2,2002,Sports,Electronic Arts,1.25,0.15,0.03,0.22,1.66
14277,Living Legends: Frozen Beauty,PC,2014,Action,Big Fish Games,0,0.03,0,0,0.03
2499,MLB SlugFest 20-03,PS2,N/A,Sports,Unknown,0.41,0.32,0,0.11,0.83
13044,Downforce,PS2,2002,Racing,Avalon Interactive,0.03,0.02,0,0.01,0.05
6538,The Amazing Spider-Man 2 (2014),X360,2014,Action,Activision,0.1,0.14,0,0.02,0.26
5183,Tiger Woods PGA Tour 09,PSP,2008,Sports,Electronic Arts,0.07,0.19,0,0.1,0.36
960,DDRMAX2: Dance Dance Revolution,PS2,2003,Simulation,Konami Digital Entertainment,1.05,0.59,0,0.18,1.81
10559,Dark Summit,XB,2001,Sports,THQ,0.08,0.02,0,0,0.1
1571,Kung Fu Panda,DS,2008,Action,Activision,0.56,0.57,0,0.14,1.26
16125,Theatre Of War,PC,2007,Strategy,Kalypso Media,0,0.01,0,0,0.01
4820,Final Fantasy Crystal Chronicles: The Crystal Bearers,Wii,2009,Action,Square Enix,0.22,0.08,0.08,0.03,0.4
13324,Pet Vet: Down Under,DS,2009,Simulation,Deep Silver,0.04,0,0,0,0.05
14294,Medarot 9: Kabuto Ver. / Kuwagata Ver.,3DS,2015,Role-Playing,Rocket Company,0,0,0.03,0,0.03
12667,Fatal Frame,XB,2002,Action,Tecmo Koei,0.04,0.01,0,0,0.06
1822,Crackdown 2,X360,2010,Shooter,Microsoft Game Studios,0.63,0.37,0.02,0.1,1.12
3286,NBA 2K9,PS3,2008,Sports,Take-Two Interactive,0.56,0,0,0.05,0.61
3215,Ape Escape 2,PS2,2002,Platform,Sony Computer Entertainment,0.12,0.09,0.38,0.03,0.63
11351,Jikkyou Powerful Pro Yakyuu 12,GC,2005,Sports,Konami Digital Entertainment,0,0,0.08,0,0.08
15617,Koisuru Otome to Shugo no Tate Portable,PSP,2010,Adventure,Alchemist,0,0,0.02,0,0.02
13647,Great Battle Full Blast,PSP,2012,Action,Namco Bandai Games,0,0,0.04,0,0.04
11581,Dungeon Travelers 2: The Royal Library & The Monster Seal,PSP,2013,Role-Playing,Aqua Plus,0,0,0.08,0,0.08
5787,Math Play,DS,2006,Puzzle,Ubisoft,0.28,0,0,0.02,0.31
8459,Mr. Do!'s Castle,2600,1983,Action,Parker Bros.,0.15,0.01,0,0,0.17
1618,Disney's Tarzan / Disney's Aladdin in Nasira's Revenge / Disney's The Emperor's New Groove Action Game,PS,2003,Misc,Sony Computer Entertainment,0.69,0.47,0,0.08,1.23
2968,MX vs. ATV Untamed,X360,2007,Racing,THQ,0.55,0.08,0,0.06,0.69
11872,Goosebumps HorrorLand,PS2,2008,Adventure,Scholastic Inc.,0.04,0.03,0,0.01,0.07
11633,Virus,SAT,1997,Shooter,Hudson Soft,0,0,0.08,0,0.08
891,Tetris DX,GB,1998,Puzzle,Nintendo,1.06,0.6,0.2,0.07,1.93
13731,Gal*Gun,X360,2011,Shooter,Alchemist,0,0,0.04,0,0.04
15358,Onechanbara Special,PSP,2011,Action,D3Publisher,0,0,0.02,0,0.02
6239,AC/DC LIVE: Rock Band Track Pack,Wii,2008,Misc,MTV Games,0.25,0,0,0.02,0.28
3536,Jillian Michaels Fitness Ultimatum 2010,Wii,2009,Sports,Majesco Entertainment,0.52,0.01,0,0.04,0.57
5160,Left 4 Dead 2,PC,2009,Shooter,Valve Software,0,0.32,0,0.04,0.37
10578,Monster Rancher EVO,PS2,2005,Role-Playing,Tecmo Koei,0.02,0.02,0.05,0.01,0.1
10650,Cate West: The Vanishing Files,DS,2008,Adventure,Oxygen Interactive,0.08,0.01,0,0.01,0.1
11172,F.E.A.R. Files,X360,2007,Shooter,Vivendi Games,0.07,0.01,0,0.01,0.09
15863,Contrast,PC,2013,Platform,Focus Home Interactive,0,0.01,0,0,0.02
11571,Evil Dead: Regeneration,XB,2005,Action,THQ,0.06,0.02,0,0,0.08
11250,MetropolisMania,PS2,2001,Strategy,Natsume,0.04,0.03,0,0.01,0.09
7069,Musou Orochi Z,PS3,2009,Action,Tecmo Koei,0,0,0.23,0,0.23
1906,The Orange Box,PS3,2007,Shooter,Electronic Arts,0.28,0.59,0,0.22,1.08
14501,Katekyoo Hitman Reborn! Kizuna no Tag Battle,PSP,2010,Fighting,Marvelous Interactive,0,0,0.03,0,0.03
2105,Fallout 3,PC,2008,Role-Playing,Bethesda Softworks,0.02,0.88,0,0.08,0.99
14323,Madou Monogatari,SAT,1998,Role-Playing,Compile,0,0,0.03,0,0.03
886,X-Men Legends,PS2,2004,Role-Playing,Activision,1,0.72,0,0.21,1.93
13105,LEGO The Hobbit,PC,2014,Action,Warner Bros. Interactive Entertainment,0,0.04,0,0.01,0.05
1384,2Xtreme,PS,1996,Sports,Sony Computer Entertainment,1.15,0.2,0,0.05,1.4
2638,Puzzler World,DS,2009,Puzzle,Ubisoft,0.41,0.3,0,0.07,0.78
1981,Dave Mirra Freestyle BMX,PS,2000,Sports,Acclaim Entertainment,0.91,0.11,0,0.03,1.05
7308,EVE Online,PC,2003,Role-Playing,CCP,0,0.19,0,0.02,0.22
16175,Military History: Commander - Europe at War,DS,2009,Strategy,Slitherine Software,0,0.01,0,0,0.01
4417,Teenage Mutant Ninja Turtles 2: Battle Nexus,PS2,2004,Action,Konami Digital Entertainment,0.22,0.17,0,0.06,0.44
16130,Madden NFL 13,PS3,2012,Sports,Electronic Arts,0,0.01,0,0,0.01
16286,The Chronicles of Riddick: Assault on Dark Athena,PC,2009,Shooter,Vivendi Games,0,0.01,0,0,0.01
13443,LEGO Friends,3DS,2013,Action,Warner Bros. Interactive Entertainment,0,0.04,0,0,0.05
3980,Star Wars: Jedi Starfighter,PS2,2002,Simulation,Activision,0.24,0.19,0,0.06,0.5
1742,EA Sports Active: More Workouts,Wii,2009,Sports,Electronic Arts,0.78,0.28,0,0.1,1.16
11044,Carnival Games: Wild West 3D,3DS,2011,Misc,Take-Two Interactive,0.06,0.02,0,0.01,0.09
1902,Resident Evil: The Darkside Chronicles,Wii,2009,Action,Capcom,0.48,0.32,0.2,0.09,1.08
12358,Kuukan * Zukei: Hirameki Training - KuuTore,DS,2008,Misc,Benesse,0,0,0.06,0,0.06
11556,Boxing Fever,GBA,2001,Sports,THQ,0.06,0.02,0,0,0.08
12557,Pop Cutie! Street Fashion Simulation,DS,2008,Simulation,Tecmo Koei,0.06,0,0,0,0.06
1228,Tiger Woods 99 PGA Tour Golf,PS,1997,Sports,Electronic Arts,0.85,0.58,0,0.1,1.53
729,Scribblenauts,DS,2009,Puzzle,Warner Bros. Interactive Entertainment,1.71,0.32,0.02,0.18,2.22
11306,PAC-MAN and the Ghostly Adventures,X360,2013,Platform,Namco Bandai Games,0.04,0.03,0,0.01,0.08
31,Pokémon Yellow: Special Pikachu Edition,GB,1998,Role-Playing,Nintendo,5.89,5.04,3.12,0.59,14.64
9548,Mystic Ark,SNES,1995,Role-Playing,Enix Corporation,0,0,0.13,0,0.13
10869,Cabela's North American Adventures,PSP,2010,Sports,Activision,0.08,0,0,0.01,0.09
11332,Chibi Maruko-Chan: Harikiri 365-Nichi no Maki,SNES,1991,Misc,Epoch,0,0,0.08,0,0.08
1436,Marvel vs. Capcom 3: Fate of Two Worlds,PS3,2011,Fighting,Capcom,0.81,0.29,0.11,0.14,1.35
8472,Star Wars: Super Bombad Racing,PS2,2001,Racing,LucasArts,0.08,0.06,0,0.02,0.16
10535,Dora & Kai-Lan's Pet Shelter,DS,2011,Strategy,Take-Two Interactive,0.08,0.01,0,0.01,0.1
15321,Nisenochigiri,PSP,2010,Adventure,Idea Factory,0,0,0.02,0,0.02
4763,Just Dance Kids 2,X360,2011,Misc,Ubisoft,0.29,0.09,0,0.03,0.41
413,Wii Music,Wii,2008,Misc,Nintendo,1.36,1.13,0.46,0.32,3.27
4204,MTV Music Generator,PS,1999,Misc,Codemasters,0.26,0.18,0,0.03,0.47
4203,FIFA 12,PC,2011,Sports,Electronic Arts,0.04,0.33,0,0.1,0.47
974,Dragon Quest Monsters: Joker,DS,2006,Role-Playing,Square Enix,0.23,0.03,1.49,0.03,1.78
8256,Kekkaishi: Karasumori Ayakashi Kidan,DS,2007,Action,Namco Bandai Games,0,0,0.17,0,0.17
7452,Super Robot Taisen K,DS,2009,Strategy,Namco Bandai Games,0,0,0.21,0,0.21
9617,Cabela's Dangerous Hunts 2011,DS,2010,Sports,Activision,0.12,0,0,0.01,0.13
1477,Triple Play 2001,PS,2000,Sports,Electronic Arts,0.74,0.5,0,0.09,1.33
14996,Tropico 4: Modern Times,PC,2012,Strategy,Kalypso Media,0,0.02,0,0,0.02
4202,NHL 16,XOne,2015,Sports,Electronic Arts,0.37,0.05,0,0.05,0.47
10277,Silly Bandz: Play The Craze,DS,2010,Puzzle,Deep Silver,0.1,0,0,0.01,0.11
9668,Nippon Daihyou Team no Kantoku ni Narou! Sekaihatsu Soccer RPG,SAT,1998,Sports,Sega,0,0,0.12,0,0.12
2696,Street Fighter Alpha: Warriors' Dreams,PS,1995,Fighting,Virgin Interactive,0.17,0.11,0.43,0.05,0.76
1993,Dragon Ball Z: Budokai Tenkaichi 3,Wii,2007,Fighting,Atari,0.33,0.37,0.26,0.09,1.04
14222,Call of Juarez: Bound in Blood,PC,2009,Shooter,Ubisoft,0,0.03,0,0.01,0.03
8536,My Baby 3 & Friends,DS,2010,Simulation,Majesco Entertainment,0.13,0.02,0,0.01,0.16
15528,Teenage Mutant Ninja Turtles Double Pack,GBA,2006,Action,Konami Digital Entertainment,0.01,0,0,0,0.02
10499,Little Battlers eXperience W,3DS,2013,Role-Playing,Level 5,0,0,0.1,0,0.1
3479,JoJo's Bizarre Adventure: All Star Battle,PS3,2013,Fighting,Namco Bandai Games,0.05,0.02,0.5,0.01,0.58
449,Mass Effect 2,X360,2010,Role-Playing,Electronic Arts,1.99,0.82,0.03,0.27,3.11
12124,Shin Lucky * Star: Moe Drill ~Tabidachi~,DS,2007,Action,Kadokawa Shoten,0,0,0.07,0,0.07
8843,NBA 09: The Inside,PS3,2008,Sports,Sony Computer Entertainment,0.14,0,0,0.01,0.15
726,Dance Dance Revolution X2,PS2,2009,Simulation,Konami Digital Entertainment,1.09,0.85,0,0.28,2.23
5664,Manhunt 2,PSP,2007,Action,Take-Two Interactive,0.04,0.18,0,0.1,0.32
2418,Rocky,PS2,2002,Fighting,Rage Software,0.42,0.33,0,0.11,0.86
2961,The Sly Collection,PS3,2010,Platform,Sony Computer Entertainment,0.52,0.09,0.01,0.07,0.69
8003,Dance Dance Revolution: Disney Grooves,Wii,2009,Simulation,Konami Digital Entertainment,0.17,0,0,0.01,0.18
804,Dance Dance Revolution: Hottest Party,Wii,2007,Simulation,Konami Digital Entertainment,1.36,0.52,0,0.2,2.08
5891,MySims Party,DS,2009,Simulation,Electronic Arts,0.15,0.12,0,0.03,0.3
13089,Second Sight,GC,2004,Adventure,Codemasters,0.04,0.01,0,0,0.05
5547,MVP Baseball 2005,GC,2005,Sports,Electronic Arts,0.25,0.07,0,0.01,0.33
6714,Devil Kings,PS2,2005,Action,Capcom,0.03,0.03,0.18,0.01,0.25
8609,MotionSports: Adrenaline,PS3,2011,Sports,Ubisoft,0.08,0.06,0,0.03,0.16
15264,Mario Tennis,3DS,N/A,Sports,N/A,0,0,0.02,0,0.02
11564,Final Fantasy XI: Vana'diel Collection 2008,PS2,2007,Role-Playing,Square Enix,0.03,0.03,0.01,0.01,0.08
14477,To LoveRu Trouble: Doki Doki! Rinkaigakkou-Hen,PSP,2008,Adventure,Marvelous Interactive,0,0,0.03,0,0.03
10926,Henry Hatsworth in the Puzzling Adventure,DS,2009,Puzzle,Electronic Arts,0.08,0.01,0,0.01,0.09
393,FIFA Soccer 2003,PS2,2002,Sports,Electronic Arts,0.46,2.28,0.05,0.61,3.4
5884,Tropico 5,PS4,2015,Simulation,Kalypso Media,0.05,0.16,0.05,0.04,0.3
15680,Balls of Fury,DS,2007,Sports,Zoo Digital Publishing,0.02,0,0,0,0.02
11945,Rock Band Country Track Pack 2,PS3,2011,Misc,MTV Games,0.07,0,0,0.01,0.07
13881,Monster High: New Ghoul in School,X360,2015,Action,Little Orbit,0,0.04,0,0,0.04
1718,Super Ghouls 'n Ghosts,SNES,1991,Platform,Capcom,0.5,0.14,0.52,0.02,1.18
4852,Rapala Pro Bass Fishing 2010,X360,2010,Sports,Activision,0.32,0.05,0,0.03,0.4
11905,Pitfall: The Lost Expedition,GBA,2003,Platform,Activision,0.05,0.02,0,0,0.07
8081,Six Flags Fun Park,DS,2008,Misc,Brash Entertainment,0.17,0,0,0.01,0.18
2462,Petz Dogz Fashion,DS,2008,Simulation,Ubisoft,0.46,0.3,0,0.09,0.84
5179,Robots,PS2,2005,Action,Vivendi Games,0.18,0.14,0,0.05,0.36
14495,Starshot: Space Circus Fever,N64,1998,Platform,Infogrames,0.02,0.01,0,0,0.03
1424,NBA 2K15,PS3,2014,Sports,Take-Two Interactive,0.86,0.27,0.02,0.22,1.36
13107,Super Robot Taisen Neo,Wii,2009,Strategy,Namco Bandai Games,0,0,0.05,0,0.05
13713,Winning Post World 2010,PS3,2010,Sports,Tecmo Koei,0,0,0.04,0,0.04
5133,Harry Potter and the Order of the Phoenix,PSP,2007,Action,Electronic Arts,0.1,0.17,0,0.1,0.37
2572,The Sims 2: Pets,PSP,2006,Simulation,Electronic Arts,0.19,0.39,0,0.22,0.8
8604,.hack//G.U. Vol.2//Reminisce (jp sales),PS2,2006,Role-Playing,Namco Bandai Games,0,0,0.16,0,0.16
14792,NHL 07,XB,2006,Sports,Electronic Arts,0.02,0.01,0,0,0.03
5572,Major League Baseball 2K6,XB,2006,Sports,Take-Two Interactive,0.24,0.07,0,0.01,0.33
7953,Kuma-Tomo,3DS,2013,Misc,Namco Bandai Games,0,0,0.19,0,0.19
14159,Simple DS Series Vol. 8: The Kanshikikan - Kinkyuu Shutsudou!! Jiken Genba wo Touch Seyo,DS,2006,Adventure,D3Publisher,0,0,0.03,0,0.03
2530,Shaun White Snowboarding,X360,N/A,Sports,Ubisoft,0.48,0.26,0,0.08,0.82
9104,NFL Blitz 20-03,XB,2002,Sports,Midway Games,0.11,0.03,0,0.01,0.14
7657,Namco Museum Vol.4,PS,1996,Misc,Sony Computer Entertainment,0.02,0.01,0.16,0.01,0.2
9270,Vampire Moon: The Mystery of the Hidden Sun,DS,2010,Adventure,City Interactive,0.12,0.01,0,0.01,0.14
2550,Tom Clancy's Rainbow Six 3,PS2,2004,Shooter,Ubisoft,0.4,0.31,0,0.1,0.81
9159,Injustice: Gods Among Us,PSV,2013,Fighting,Warner Bros. Interactive Entertainment,0.11,0.01,0,0.02,0.14
4520,InuYasha: The Secret of the Cursed Mask,PS2,2004,Role-Playing,Namco Bandai Games,0.21,0.17,0,0.06,0.43
3804,F.E.A.R. 2: Project Origin,X360,2009,Shooter,Warner Bros. Interactive Entertainment,0.32,0.15,0,0.05,0.53
3741,Hello Kitty: Big City Dreams,DS,2008,Puzzle,Empire Interactive,0.42,0.08,0,0.04,0.54
12195,Hyperdimension Neptunia Victory,PSV,2014,Role-Playing,Compile Heart,0,0,0.07,0,0.07
8884,Star Trek: Voyager Elite Force,PS2,2001,Shooter,Codemasters,0.07,0.06,0,0.02,0.15
8268,PlayStation Move Heroes,PS3,2011,Platform,Sony Computer Entertainment,0.08,0.06,0,0.03,0.17
7497,Thrillville,PSP,2006,Strategy,Atari,0.18,0,0,0.02,0.2
608,Space Invaders,2600,N/A,Shooter,Atari,2.36,0.14,0,0.03,2.53
3243,Prince of Persia: The Forgotten Sands,X360,2010,Action,Ubisoft,0.3,0.26,0,0.06,0.62
10282,Real World Golf,PS2,2005,Sports,Valcon Games,0.05,0.04,0,0.01,0.11
5763,TRON: Evolution,X360,2010,Action,Disney Interactive Studios,0.24,0.05,0,0.02,0.31
11656,Ro-Kyu-Bu!,PSP,2011,Adventure,Kadokawa Shoten,0,0,0.08,0,0.08
10602,Rolling Stone: Drum King,Wii,2009,Misc,505 Games,0.09,0,0,0.01,0.1
8199,NHL 2004,XB,2003,Sports,Electronic Arts,0.13,0.04,0,0.01,0.18
16580,Damnation,PC,2009,Shooter,Codemasters,0,0.01,0,0,0.01
11549,Battlestar Galactica,XB,2003,Shooter,Vivendi Games,0.06,0.02,0,0,0.08
13383,Crazy Chicken: Atlantis Quest,DS,2007,Platform,Phenomedia,0.04,0,0,0,0.05
6568,Marvel Super Heroes vs. Street Fighter,PS,1998,Fighting,Virgin Interactive,0.14,0.1,0,0.02,0.26
2122,Grand Theft Auto: San Andreas,PC,2005,Action,Take-Two Interactive,0,0.92,0,0.05,0.98
16183,Rozen Maiden: Gebetgarten,PS2,2007,Fighting,Taito,0,0,0.01,0,0.01
2920,"Transformers: Revenge of the Fallen (XBox 360, PS3, & PC Versions)",PS3,2009,Shooter,Activision,0.28,0.3,0,0.12,0.7
6522,Gundam Battle Universe,PSP,2008,Fighting,Namco Bandai Games,0,0,0.26,0,0.26
1009,Crackdown,X360,2007,Shooter,Microsoft Game Studios,1,0.54,0.03,0.18,1.75
11729,Superman Returns,DS,2006,Action,Electronic Arts,0.07,0,0,0.01,0.08
15651,Tail of the Sun,PS,1996,Role-Playing,ArtDink,0.01,0.01,0,0,0.02
7737,DiRT Showdown,PS3,2012,Racing,Codemasters,0.02,0.13,0,0.04,0.19
13215,NBA 2K,DC,1999,Sports,Sega,0,0,0.05,0,0.05
7784,Great Phoenix Wright: Ace Attorney - Naruhodou Ryuunosuke no Bouken,3DS,2015,Action,Capcom,0,0,0.19,0,0.19
10334,The BIGS,PSP,2007,Sports,Take-Two Interactive,0.1,0,0,0.01,0.11
15526,uDraw Studio: Instant Artist,X360,2011,Misc,THQ,0.01,0.01,0,0,0.02
3249,Far Cry 4,PC,2014,Shooter,Ubisoft,0.15,0.42,0,0.05,0.62
10876,Gradius V,PS2,2004,Shooter,Konami Digital Entertainment,0.05,0.04,0,0.01,0.09
5940,Dreamworks Madagascar Kartz,PS3,2009,Racing,Activision,0.19,0.07,0,0.04,0.3
11100,The Mummy: Tomb of the Dragon Emperor,Wii,2008,Action,Vivendi Games,0.08,0,0,0.01,0.09
4501,007: Quantum of Solace,PS2,2008,Action,Activision,0.17,0,0,0.26,0.43
11833,Commandos 2: Men of Courage,XB,2002,Strategy,Eidos Interactive,0.05,0.02,0,0,0.07
10232,Ninja Assault,PS2,2002,Shooter,Namco Bandai Games,0.05,0.04,0,0.01,0.11
11150,Sengoku Basara 4: Sumeragi,PS3,2015,Action,Capcom,0,0,0.09,0,0.09
15989,Sora no Otoshimono: DokiDoki Summer Vacation,PSP,2010,Adventure,Kadokawa Shoten,0,0,0.01,0,0.01
7417,Gex 3: Deep Cover Gecko,N64,1999,Platform,Crave Entertainment,0.17,0.04,0,0,0.21
7354,MTV Celebrity Deathmatch,XB,2003,Fighting,Gotham Games,0.16,0.05,0,0.01,0.21
8555,Alone in the Dark: The New Nightmare,PS,N/A,Adventure,Infogrames,0.09,0.06,0,0.01,0.16
4879,Rumble Roses,PS2,2004,Fighting,Konami Digital Entertainment,0.19,0.15,0,0.05,0.39
3957,Pro Evolution Soccer 2012,X360,2011,Action,Konami Digital Entertainment,0.1,0.34,0,0.07,0.5
15447,Spanish for Everyone!,DS,2007,Puzzle,Activision,0.02,0,0,0,0.02
10949,NBA 2K16,PC,2015,Sports,Take-Two Interactive,0.02,0.06,0,0.01,0.09
15179,Eureka Seven Vol. 2: The New Vision,PS2,2006,Shooter,Namco Bandai Games,0,0,0.02,0,0.02
11771,NHL Open Ice,PS,1996,Sports,Midway Games,0.04,0.03,0,0,0.07
7849,2002 FIFA World Cup,XB,2002,Sports,Electronic Arts,0.14,0.04,0,0.01,0.19
8737,Space Invaders Extreme,DS,2008,Shooter,Square Enix,0.12,0.01,0.01,0.01,0.15
13454,Game no Kanzume Vol 1,SCD,1994,Misc,Sega,0,0,0.04,0,0.05
10868,Blitz: Overtime,PSP,2006,Sports,Midway Games,0.09,0,0,0.01,0.09
730,The Legend of Zelda: Link's Awakening DX,GB,1998,Adventure,Nintendo,1,0.63,0.45,0.13,2.22
11863,Discovery Kids: Parrot Pals,DS,2009,Simulation,505 Games,0.07,0,0,0,0.07
14934,Tropico Reloaded,PC,2009,Strategy,Kalypso Media,0,0.02,0,0,0.02
9408,Teenage Mutant Ninja Turtles: Danger of the Ooze,3DS,2014,Adventure,Activision,0.08,0.04,0,0.01,0.13
11324,Pac-Man Power Pack,PS2,2008,Misc,Namco Bandai Games,0.04,0.03,0,0.01,0.08
7016,Harvest Moon GB,GB,1997,Simulation,Victor Interactive,0,0,0.23,0,0.23
9246,Bust-A-Move Deluxe,PSP,2006,Puzzle,505 Games,0.13,0,0,0.01,0.14
16429,ESPN NBA 2Night 2002,XB,2002,Sports,Konami Digital Entertainment,0.01,0,0,0,0.01
7315,Dark Summit,PS2,2001,Sports,THQ,0.11,0.08,0,0.03,0.21
15956,Girl Friend Beta: Kimi to Sugosu Natsuyasumi,PSV,2015,Action,Namco Bandai Games,0,0,0.02,0,0.02
3205,A Bug's Life,N64,1998,Platform,Activision,0.49,0.13,0,0.01,0.63
1844,Need for Speed: ProStreet,Wii,2007,Racing,Electronic Arts,0.54,0.46,0,0.12,1.11
16026,Rengoku II: The Stairway to H.E.A.V.E.N. (jp sales),PSP,2006,Action,Konami Digital Entertainment,0,0,0.01,0,0.01
6491,Inazuma Eleven Strikers,Wii,2011,Role-Playing,Nintendo,0,0.01,0.25,0,0.26
6490,Naruto: Ultimate Ninja Heroes,PSP,2006,Fighting,Namco Bandai Games,0.26,0,0,0,0.26
14947,BeatMania IIDX 11: IIDX Red,PS2,2006,Simulation,Konami Digital Entertainment,0,0,0.02,0,0.02
8469,Phantasy Star Online 2,PSV,2013,Role-Playing,Sega,0,0,0.16,0,0.16
15413,Guitar Freaks V2 & DrumMania V2,PS2,2006,Simulation,Konami Digital Entertainment,0,0,0.02,0,0.02
8064,Cabela's Adventure Camp,Wii,2011,Misc,Activision,0.15,0.02,0,0.01,0.18
5095,Trivial Pursuit,X360,2009,Misc,Electronic Arts,0.12,0.21,0,0.04,0.37
3069,Dragon Quest Monsters: Caravan Heart,GBA,2003,Role-Playing,Enix Corporation,0,0,0.64,0.02,0.66
2876,Madden NFL 09,PSP,2008,Sports,Electronic Arts,0.65,0,0,0.06,0.71
10660,Digimon All-Star Rumble,PS3,2014,Fighting,Namco Bandai Games,0.06,0.03,0,0.02,0.1
4933,Custom Robo V2,N64,2000,Fighting,Nintendo,0,0,0.34,0.05,0.39
7765,Steins;Gate,PSP,2011,Adventure,Kadokawa Shoten,0,0,0.19,0,0.19
6938,God Eater 2,PSP,2013,Role-Playing,Namco Bandai Games,0,0,0.24,0,0.24
1930,NHL 99,PS,1997,Sports,Electronic Arts,0.59,0.4,0,0.07,1.07
7483,Little Battlers eXperience: Baku Boost,3DS,2012,Action,Nintendo,0,0,0.21,0,0.21
5546,MySims SkyHeroes,DS,2010,Action,Electronic Arts,0.22,0.08,0,0.03,0.33
13377,Time Travelers,PSV,2012,Adventure,Level 5,0,0,0.05,0,0.05
8224,SEGA Bass Fishing Duel,PS2,2002,Sports,Sega,0.09,0.07,0,0.02,0.17
2789,Pirates of the Caribbean: At World's End,PS3,2007,Action,Disney Interactive Studios,0.17,0.41,0,0.15,0.74
214,Diddy Kong Racing,N64,1997,Racing,Nintendo,2.91,0.99,0.89,0.1,4.88
11486,Samurai Western,PS2,2004,Action,505 Games,0.04,0.03,0,0.01,0.08
2492,Yu-Gi-Oh! Dark Duel Stories,GB,2000,Misc,Konami Digital Entertainment,0,0,0.83,0,0.83
12504,My Fitness Coach: Club,Wii,2011,Sports,Ubisoft,0,0.05,0,0.01,0.06
16526,Style Book: Cinnamoroll,DS,2006,Misc,Namco Bandai Games,0,0,0.01,0,0.01
4674,Star Wars Starfighter: Special Edition,XB,2001,Simulation,LucasArts,0.3,0.1,0,0.02,0.42
5091,SAW,PS3,2009,Action,Konami Digital Entertainment,0.13,0.17,0,0.07,0.37
5118,Panzer Dragoon,SAT,1995,Shooter,Sega,0,0,0.37,0,0.37
9616,NCIS,PS3,2011,Adventure,Ubisoft,0.07,0.04,0,0.02,0.13
5729,Shrek: Forever After,DS,2010,Platform,Activision,0.19,0.1,0,0.03,0.31
1925,Virtua Fighter,SAT,1994,Fighting,Sega,0.17,0.12,0.77,0.02,1.07
716,Onimusha 2: Samurai's Destiny,PS2,2002,Adventure,Capcom,0.62,0.44,1.06,0.13,2.25
11014,NERF N-Strike: Double Blast Bundle,Wii,2010,Shooter,Electronic Arts,0.09,0,0,0,0.09
12452,Zero Escape: Zero Time Dilemma,PSV,2016,Adventure,Aksys Games,0.03,0,0.02,0.01,0.06
5640,My Horse & Me,Wii,2007,Sports,Atari,0.27,0.02,0,0.03,0.32
15518,Puzzle Star Sweep,PS,1997,Puzzle,Midas Interactive Entertainment,0.01,0.01,0,0,0.02
15789,Mana Khemia 2: Ochita Gakuen to Renkinjutsushi Tachi Portable+,PSP,2009,Role-Playing,Gust,0,0,0.02,0,0.02
5705,WarCraft II: The Dark Saga,PS,1997,Strategy,Electronic Arts,0.18,0.12,0,0.02,0.31
6208,Soul Nomad & the World Eaters,PS2,2007,Role-Playing,Tecmo Koei,0.14,0.11,0,0.04,0.28
105,Need for Speed Underground,PS2,2003,Racing,Electronic Arts,3.27,2.83,0.08,1.02,7.2
5991,FlatOut: Head On,PSP,2008,Racing,Empire Interactive,0.13,0.11,0,0.06,0.29
5202,Kirby's Dream Land 3,SNES,1997,Platform,Nintendo,0,0,0.36,0,0.36
9689,Strikers 1945,PS,1998,Shooter,Midas Interactive Entertainment,0.07,0.05,0,0.01,0.12
14163,Tsuyo Kiss: Mighty Heart,PS2,2006,Adventure,Princess Soft,0,0,0.03,0,0.03
11272,IHRA Drag Racing: Sportsman Edition,PS2,2006,Racing,Bethesda Softworks,0.04,0.03,0,0.01,0.08
12409,Biker Mice From Mars,PS2,2006,Racing,Game Factory,0.03,0.02,0,0.01,0.06
11848,Invizimals: The Alliance,PSV,2013,Action,Sony Computer Entertainment,0,0.05,0,0.02,0.07
9375,Ys: The Ark of Napishtim,PS2,2005,Role-Playing,Konami Digital Entertainment,0.07,0.05,0,0.02,0.13
15003,Wangan Midnight Portable,PSP,2007,Racing,Genki,0,0,0.02,0,0.02
12942,Winning Post 8,PS3,2014,Racing,Tecmo Koei,0,0,0.05,0,0.05
1475,Tony Hawk's Pro Skater,GB,2000,Sports,Activision,0.9,0.38,0.01,0.05,1.33
4015,RealSports Tennis,2600,1982,Sports,Atari,0.46,0.03,0,0.01,0.5
4114,Secret Weapons Over Normandy,PS2,2003,Simulation,LucasArts,0.24,0.18,0,0.06,0.48
16201,AKB1/48: Idol to Guam de Koishitara...,X360,N/A,Misc,N/A,0,0,0.01,0,0.01
9608,Black Dawn,PS,1996,Simulation,Virgin Interactive,0.07,0.05,0,0.01,0.13
8947,Code:Realize - Sousei no Himegimi,PSV,2014,Adventure,Idea Factory,0.09,0,0.03,0.03,0.15
8107,Shadow The Hedgehog,XB,2005,Platform,Sega,0.13,0.04,0,0.01,0.18
5518,Clock Tower 3,PS2,2002,Adventure,Capcom,0.1,0.08,0.12,0.03,0.33
3301,Texas Hold 'Em Poker,GBA,2004,Misc,Majesco Entertainment,0.44,0.16,0,0.01,0.61
8171,Juiced,XB,2005,Racing,THQ,0.13,0.04,0,0.01,0.18
7969,Ty the Tasmanian Tiger 3: Night of the Quinkan,PS2,2005,Action,Activision,0.09,0.07,0,0.02,0.19
11503,Incredible Crisis,PS,1999,Action,Titus,0.04,0.03,0,0.01,0.08
6020,Ford Mustang: The Legend Lives,PS2,2005,Racing,Take-Two Interactive,0.14,0.11,0,0.04,0.29
11971,Theme Park,DS,2007,Simulation,Electronic Arts,0,0.03,0.03,0,0.07
11157,Resident Evil: Revelations 2,X360,2015,Action,Capcom,0.04,0.04,0,0.01,0.09
2864,Dragon Quest Heroes: The World's Tree Woe and the Blight Below,PS4,2015,Action,Square Enix,0.16,0.13,0.37,0.06,0.71
15139,Shonen Jump's One Piece: Grand Adventure,PS2,2005,Fighting,Namco Bandai Games,0.01,0.01,0,0,0.02
13676,System 3 presents Ferrari Challenge Trofeo Pirelli,DS,2008,Racing,System 3 Arcade Software,0.03,0.01,0,0,0.04
8173,Virtua Tennis,GBA,2002,Sports,Atari,0.13,0.05,0,0,0.18
1291,Disney Princess,GBA,2003,Platform,THQ,1.04,0.37,0,0.06,1.47
3687,Red Dead Revolver,XB,2004,Shooter,Take-Two Interactive,0.4,0.12,0,0.02,0.55
13924,Ao no Exorcist: Genkoku no Labyrinth,PSP,2012,Action,Namco Bandai Games,0,0,0.04,0,0.04
12122,Obscure,PS2,2004,Adventure,Microids,0.03,0.03,0,0.01,0.07
12363,Alien Syndrome,Wii,2007,Role-Playing,Sega,0.06,0,0,0,0.06
590,FIFA Soccer 09,PS3,2008,Sports,Electronic Arts,0.48,1.63,0.04,0.43,2.59
12258,Motion Explosion!,X360,2011,Misc,505 Games,0.05,0.01,0,0,0.06
1966,Assassin's Creed: Rogue,X360,2014,Action,Ubisoft,0.58,0.38,0,0.09,1.05
11554,Just Dance: Disney Party 2,WiiU,2015,Action,Ubisoft,0.06,0.01,0,0.01,0.08
8738,Burnout 2: Point of Impact,GC,2003,Racing,Acclaim Entertainment,0.12,0.03,0,0,0.15
10911,Championship Foosball,Wii,2008,Sports,505 Games,0.09,0,0,0.01,0.09
5684,Power Rangers: Time Force,PS,2001,Action,THQ,0.18,0.12,0,0.02,0.32
3532,Dogz,DS,2006,Simulation,Ubisoft,0.51,0.02,0,0.04,0.57
8841,Syndicate,PS3,2012,Shooter,EA Games,0.07,0.06,0,0.02,0.15
3612,Catz,DS,2006,Simulation,Ubisoft,0.49,0.02,0,0.04,0.56
9639,Operation Abyss: New Tokyo Legacy,PSV,2014,Role-Playing,Nippon Ichi Software,0.04,0.01,0.06,0.02,0.13
15258,Sugoi Hebereke,SNES,1994,Fighting,Sunsoft,0,0,0.02,0,0.02
13137,Odoru Daisousasen The Game: Sensuikan ni Sennyuu Seyo!,DS,2010,Adventure,Namco Bandai Games,0,0,0.05,0,0.05
13549,Advance Guardian Heroes,GBA,2004,Role-Playing,Ubisoft,0.03,0.01,0,0,0.04
15083,Unreal Anthology,PC,2006,Shooter,Midway Games,0,0.02,0,0,0.02
12811,Impact Racing,PS,1996,Racing,JVC,0.03,0.02,0,0,0.06
10009,F1 Racing Championship,PS,2000,Racing,Video System,0.06,0.04,0,0.01,0.11
10727,The Land Before Time: Great Valley Racing Adventure,PS,2001,Racing,TDK Mediactive,0.05,0.04,0,0.01,0.1
2659,Harry Potter and the Half-Blood Prince,Wii,2009,Action,Electronic Arts,0.28,0.4,0,0.09,0.77
5056,NCAA Final Four 2000,PS,1999,Sports,989 Sports,0.21,0.14,0,0.02,0.38
7534,"Warhammer 40,000: Space Marine",PC,2011,Shooter,THQ,0.09,0.09,0,0.03,0.2
7893,Hulk,GC,2003,Action,Universal Interactive,0.15,0.04,0,0.01,0.19
2908,Super Bomberman 3,SNES,1994,Puzzle,Hudson Soft,0,0,0.7,0,0.7
15525,WRC 2: FIA World Rally Championship,PC,2011,Racing,Ubisoft,0,0.01,0,0,0.02
11855,River King: Mystic Valley (US sales),DS,2007,Sports,Rising Star Games,0.07,0,0,0,0.07
3108,Monster Jam: Maximum Destruction,PS2,2002,Racing,Ubisoft,0.32,0.25,0,0.08,0.65
8586,Jikkyou Powerful Pro Yakyuu Basic-han 2001,N64,2001,Sports,Konami Digital Entertainment,0,0,0.12,0.04,0.16
9731,MotoGP 3 - Official Game of MotoGP,PS2,2003,Racing,Namco Bandai Games,0.06,0.05,0,0.02,0.12
4457,Naughty Bear,PS3,2010,Action,505 Games,0.18,0.18,0,0.07,0.44
12186,Rayman Arena,XB,N/A,Racing,Unknown,0.05,0.01,0,0,0.07
13329,Billy the Wizard: Rocket Broomstick Racing,Wii,2007,Racing,Metro 3D,0.04,0,0,0,0.05
15419,Pastel Chime Continue,PSP,2010,Adventure,5pb,0,0,0.02,0,0.02
6148,Viewtiful Joe,PS2,2004,Action,Capcom,0.14,0.11,0,0.04,0.28
250,Winning Eleven: Pro Evolution Soccer 2007,PS2,2006,Sports,Konami Digital Entertainment,0.1,2.39,1.05,0.86,4.39
248,Michael Jackson: The Experience,Wii,2010,Misc,Ubisoft,2.67,1.35,0.01,0.39,4.42
8259,Squeeballs Party,DS,2009,Puzzle,Performance Designed Products,0.16,0,0,0.01,0.17
13376,Black Mirror 2,PC,2009,Adventure,DTP Entertainment,0,0.04,0,0.01,0.05
10066,Ring of Red,PS2,2000,Strategy,Konami Digital Entertainment,0.06,0.04,0,0.01,0.11
10513,Vandal Hearts II,PS,1999,Strategy,Konami Digital Entertainment,0.06,0.04,0,0.01,0.1
14566,Drake & Josh: Talent Showdown,DS,2007,Adventure,THQ,0.03,0,0,0,0.03
9470,Disruptor,PS,1995,Shooter,Interplay,0.07,0.05,0,0.01,0.13
4327,Moshi Monsters: Moshlings Theme Park,DS,2012,Misc,Activision,0.03,0.37,0,0.05,0.45
1754,Yu-Gi-Oh! The Sacred Cards (American and Others sales),GBA,2002,Role-Playing,Konami Digital Entertainment,0.84,0.27,0,0.05,1.16
2807,Oddworld: Munch's Oddysee,XB,2001,Platform,Atari,0.54,0.16,0,0.03,0.73
3828,GT Pro Series,Wii,2006,Racing,Ubisoft,0.46,0.01,0.02,0.04,0.52
4451,Blood Omen: Legacy of Kain,PS,1996,Role-Playing,Crystal Dynamics,0.25,0.17,0,0.03,0.44
808,Warcraft: Orcs & Humans,PC,1994,Strategy,Activision,0.89,1.08,0,0.11,2.08
9983,Happy Feet Two,DS,N/A,Action,Warner Bros. Interactive Entertainment,0.09,0.02,0,0.01,0.12
12446,World Cup of Pool,DS,2009,Sports,Midas Interactive Entertainment,0.06,0,0,0,0.06
3433,Zumba Fitness,PS3,2010,Sports,505 Games,0.28,0.21,0,0.09,0.59
15078,Shaman King: Chou Senjiryokketsu 3,GBA,2002,Role-Playing,King Records,0,0,0.02,0,0.02
7318,The Legend of Heroes: Trails in the Sky First Chapter,PSP,2006,Role-Playing,Ghostlight,0.1,0.03,0.06,0.03,0.21
15090,Tom Clancy's EndWar,PC,2009,Strategy,Ubisoft,0,0.02,0,0,0.02
10283,Winter Heat,SAT,1996,Sports,Sega,0,0,0.11,0,0.11
5338,Def Jam Icon,X360,2007,Action,Electronic Arts,0.3,0.01,0,0.03,0.35
6485,Phantasy Star Universe: Ambition of the Illuminus,PS2,2007,Role-Playing,Sega,0.1,0.08,0.05,0.03,0.26
3236,Buzz Lightyear of Star Command,PS,2000,Platform,Activision,0.35,0.24,0,0.04,0.63
3876,NBA Live 2002,PS,2001,Sports,Electronic Arts,0.29,0.19,0,0.03,0.52
16051,God Eater Off Shot:Shiou-hen Twin Pack & Animation Vol.5,PS4,2016,Misc,Namco Bandai Games,0,0,0.01,0,0.01
14689,Dream Club Zero Portable,PSV,2011,Simulation,D3Publisher,0,0,0.03,0,0.03
14619,New Tokyo Legacy: Operation Babel,PSV,2015,Role-Playing,5pb,0,0,0.03,0,0.03
13407,Centipede: Infestation,3DS,2011,Shooter,Atari,0.04,0,0,0,0.05
10219,Tonic Trouble,N64,1999,Platform,Ubisoft,0.09,0.02,0,0,0.11
2067,Haze,PS3,2008,Shooter,Ubisoft,0.49,0.33,0.02,0.15,1
15800,Wall-E,PC,2008,Platform,THQ,0,0.01,0,0,0.02
12223,Insecticide,DS,2008,Action,Gamecock,0.06,0,0,0,0.07
6100,Battle & Get! Pokemon Typing DS,DS,2011,Misc,Nintendo,0,0,0.29,0,0.29
15857,Germany's Next Topmodel 2011,DS,2011,Simulation,7G//AMES,0,0.01,0,0,0.02
14064,Fushigi no Dungeon: Fuurai no Shiren 5 - Fortune Tower to Unmei no Dice,DS,2010,Role-Playing,ChunSoft,0,0,0.04,0,0.04
13961,Cy Girls,PS2,2004,Action,Konami Digital Entertainment,0.02,0.01,0,0,0.04
7971,Pro Evolution Soccer 2014,3DS,2013,Action,Konami Digital Entertainment,0,0,0.19,0,0.19
5361,Etrian Odyssey,DS,2007,Role-Playing,Nintendo,0.2,0.03,0.09,0.02,0.34
6119,International Superstar Soccer,SNES,1994,Sports,Konami Digital Entertainment,0,0,0.28,0,0.28
9672,NHL 2K7,PS3,2006,Sports,Take-Two Interactive,0.11,0,0,0.01,0.12
6563,Army of Two: The Devil's Cartel,X360,2013,Shooter,Electronic Arts,0.16,0.07,0,0.02,0.26
4926,Combat of Giants: Dinosaurs 3D,3DS,2011,Strategy,Ubisoft,0.25,0.06,0.05,0.03,0.39
5794,Star Wars Racer Revenge,PS2,2002,Racing,LucasArts,0.15,0.12,0,0.04,0.31
13357,World Championship Poker: Featuring Howard Lederer - All In,X360,2006,Misc,Oxygen Interactive,0.04,0,0,0,0.05
9283,Gourmet Chef: Cook Your Way to Fame,DS,2008,Misc,Ubisoft,0.13,0,0,0.01,0.14
7401,The Fairly OddParents: Breakin' Da Rules,GC,2003,Platform,THQ,0.16,0.04,0,0.01,0.21
2645,Pro Evolution Soccer 2016,PS4,2015,Sports,Konami Digital Entertainment,0.13,0.42,0.13,0.1,0.78
5295,WWE Crush Hour,PS2,2003,Racing,THQ,0.17,0.13,0,0.04,0.35
7083,The Italian Job,PS2,2003,Racing,Eidos Interactive,0.11,0.09,0,0.03,0.23
6965,Street Fighter EX2 Plus,PS,1998,Fighting,Virgin Interactive,0.13,0.09,0,0.02,0.23
264,Assassin's Creed: Revelations,PS3,2011,Action,Ubisoft,1.41,2.02,0.1,0.72,4.24
2755,Split/Second,PS3,2010,Racing,Disney Interactive Studios,0.31,0.31,0.01,0.12,0.75
1817,The Beatles: Rock Band,PS3,2009,Misc,MTV Games,0.67,0.3,0,0.15,1.13
16300,Rakushou! Pachi-Slot Sengen 4,PS2,2006,Misc,Tecmo Koei,0,0,0.01,0,0.01
5882,Fossil Fighters (JP sales),DS,2008,Role-Playing,Nintendo,0,0,0.3,0,0.3
14512,S.Y.K Renshouden,PS2,2010,Adventure,Idea Factory,0,0,0.03,0,0.03
16481,Ishin no Arashi: Shippuu Ryuumeden,DS,2010,Strategy,Tecmo Koei,0,0,0.01,0,0.01
15833,Kuma no Pooh-San: 100 Acre no Mori no Cooking Book,DS,2011,Misc,Disney Interactive Studios,0,0,0.02,0,0.02
2321,LittleBigPlanet Karting,PS3,2012,Action,Sony Computer Entertainment,0.42,0.32,0.01,0.15,0.9
7010,Star Wars Jedi Knight II: Jedi Outcast,GC,2002,Shooter,Activision,0.18,0.05,0,0.01,0.23
4788,Hatsune Miku: Project Diva F 2nd,PSV,2014,Misc,Sega,0.13,0.06,0.16,0.06,0.4
6970,Jet X20,PS2,N/A,Racing,Unknown,0.11,0.09,0,0.03,0.23
16311,Army Men: Air Combat - The Elite Missions,GC,2003,Shooter,3DO,0.01,0,0,0,0.01
1413,Need for Speed: The Run,X360,2011,Action,Electronic Arts,0.63,0.58,0,0.15,1.38
5753,Cabela's Outdoor Adventures (2009),Wii,2009,Sports,Activision Value,0.29,0,0,0.02,0.31
12135,Resident Evil 6,PS4,2016,Shooter,Capcom,0.05,0,0,0.01,0.07
3922,Disgaea 3: Absence of Justice,PS3,2008,Role-Playing,Square Enix,0.32,0.04,0.11,0.04,0.51
1867,SingStar Rocks!,PS2,2006,Misc,Sony Computer Entertainment,0,0.84,0,0.25,1.1
12543,Zoo Tycoon: Complete Collection,PC,2003,Strategy,Microsoft Game Studios,0.03,0.02,0,0.01,0.06
1538,Valkyria Chronicles,PS3,2008,Role-Playing,Sega,0.71,0.2,0.24,0.13,1.29
6592,Backyard NFL Football,GC,2002,Sports,Infogrames,0.2,0.05,0,0.01,0.26
9627,Baroque,PS2,2007,Role-Playing,Rising Star Games,0.05,0.04,0.02,0.01,0.13
15137,Homeworld,PC,1998,Strategy,Vivendi Games,0,0.02,0,0,0.02
10028,NBA Jam 2002,GBA,2002,Sports,Acclaim Entertainment,0.08,0.03,0,0,0.11
14166,SX Superstar,GC,2003,Racing,Acclaim Entertainment,0.03,0.01,0,0,0.03
14719,Pro Cast Sports Fishing,XB,2003,Sports,Capcom,0.02,0.01,0,0,0.03
15332,Hellgate: London,PC,2007,Role-Playing,Electronic Arts,0,0.02,0,0,0.02
3115,Advance Wars 2: Black Hole Rising,GBA,2003,Strategy,Nintendo,0.47,0.17,0,0.01,0.65
2075,Zoo Tycoon DS,DS,2005,Strategy,THQ,0.86,0.04,0.01,0.08,1
4129,Nickelodeon Team Umizoomi,DS,2011,Action,Take-Two Interactive,0.45,0,0,0.03,0.48
14497,Big Mountain 2000,N64,1998,Sports,Imagineer,0.02,0.01,0,0,0.03
4767,Mario no Super Picross,SNES,1995,Puzzle,Nintendo,0,0,0.41,0,0.41
6206,Moshi Monsters: Moshlings Theme Park,3DS,2012,Misc,Activision,0.13,0.13,0,0.03,0.28
5258,G-Force,PSP,2009,Action,Electronic Arts,0.24,0.07,0,0.05,0.36
5463,Ape Escape Academy,PSP,2004,Misc,Sony Computer Entertainment,0.13,0.15,0,0.05,0.33
6278,M&M's Blast!,GBA,2001,Puzzle,Unknown,0.2,0.07,0,0,0.27
12395,Chuck E. Cheese's Playhouse,DS,2010,Misc,UFO Interactive,0.06,0,0,0,0.06
8848,3rd Super Robot Wars Z: Tengoku-Hen,PS3,2015,Action,Namco Bandai Games,0,0,0.15,0,0.15
14219,3D Baseball,PS,1996,Sports,BMG Interactive Entertainment,0.02,0.01,0,0,0.03
3826,Guinness World Records: The Videogame,DS,2008,Action,Warner Bros. Interactive Entertainment,0.47,0.01,0,0.04,0.52
1851,Medal of Honor: Airborne,X360,2007,Shooter,Electronic Arts,0.45,0.53,0.01,0.12,1.1
2836,Dead to Rights,XB,2002,Shooter,Electronic Arts,0.53,0.17,0,0.03,0.72
6772,Dora the Explorer: Journey to the Purple Planet,PS2,2005,Adventure,Global Star,0.12,0.09,0,0.03,0.24
8515,Warriors Orochi 3,X360,2011,Action,Ubisoft Annecy,0.09,0.03,0.03,0.01,0.16
12190,Kamen Rider: Dragon Knight,Wii,2009,Fighting,D3Publisher,0.06,0,0,0,0.07
13332,Shin Megami Tensei NINE,XB,2002,Role-Playing,Atlus,0,0,0.05,0,0.05
13919,The Ripping Friends,GBA,2002,Action,THQ,0.03,0.01,0,0,0.04
3609,Archer Maclean's Mercury,PSP,2005,Puzzle,Ignition Entertainment,0.17,0.24,0,0.14,0.56
2152,Jampack Summer '99,PS,1999,Misc,Sony Computer Entertainment,0.54,0.36,0,0.06,0.96
5786,Final Fantasy IV,PS,1997,Simulation,SquareSoft,0,0,0.29,0.02,0.31
3416,Payday 2,X360,2013,Shooter,505 Games,0.33,0.21,0,0.05,0.59
13673,Major League Baseball 2K12,PC,2012,Sports,Take-Two Interactive,0.04,0,0,0,0.04
1358,NBA Live 06 (Weekly american sales),PS2,2005,Sports,Electronic Arts,1.35,0.05,0,0.02,1.42
9112,Zapper: One Wicked Cricket!,GBA,2002,Platform,Infogrames,0.1,0.04,0,0,0.14
13653,Digimon Rumble Arena 2,GC,2004,Fighting,Atari,0.03,0.01,0,0,0.04
7746,Metro: Last Light,PC,2013,Action,Deep Silver,0.06,0.11,0,0.02,0.19
16256,Doraemon Wii: Himitsu Douguou Ketteisen!,Wii,2007,Misc,Sega,0,0,0.01,0,0.01
3903,Sega Bass Fishing,Wii,2008,Sports,Sega,0.46,0.01,0,0.04,0.51
6937,Polly Pocket: Super Splash Island,GBA,2003,Action,Knowledge Adventure,0.17,0.06,0,0,0.24
7581,NBA 2K2,XB,2002,Sports,Sega,0.15,0.04,0,0.01,0.2
9728,Undead Knights,PSP,2009,Action,Ubisoft Annecy,0.05,0.01,0.06,0.01,0.12
6511,Yu-Gi-Oh! Ultimate Masters: World Championship Tournament 2006,GBA,2006,Misc,Konami Digital Entertainment,0.14,0.05,0.07,0.01,0.26
2155,Monster High: Ghoul Spirit,DS,2011,Misc,THQ,0.72,0.17,0,0.07,0.96
10175,XXX,GBA,2002,Action,Activision,0.08,0.03,0,0,0.11
10905,Alien Monster Bowling League,Wii,2009,Sports,Destineer,0.09,0,0,0.01,0.09
16561,Pro Evolution Soccer 2008,PC,2007,Sports,Konami Digital Entertainment,0,0.01,0,0,0.01
7507,Trade & Battle: Card Hero,GB,2000,Strategy,Nintendo,0,0,0.2,0,0.2
15489,Virtual Kasparov,GBA,2002,Strategy,Titus,0.01,0.01,0,0,0.02
5670,Sega Smash Pack,GBA,2002,Misc,Atari,0.23,0.08,0,0.01,0.32
7143,Sword Art Online: Infinity Moment,PSP,2013,Role-Playing,Namco Bandai Games,0,0,0.22,0,0.22
5893,Skylanders: SuperChargers,PS4,2015,Action,Activision,0.17,0.08,0,0.05,0.3
10654,NHL 2K6,X360,2005,Sports,Take-Two Interactive,0.09,0,0,0.01,0.1
7038,Colony Wars: Vengeance,PS,1998,Simulation,Psygnosis,0.13,0.09,0,0.02,0.23
10105,Daito Giken Koushiki Pachi-Slot Simulator: Hihouden,PS2,2006,Misc,Daito,0,0,0.11,0,0.11
13679,Imperial Glory,PC,2005,Strategy,Eidos Interactive,0,0.04,0,0,0.04
12664,Katekyoo Hitman Reborn! DS: Flame Rumble Mukuro Kyoushuu,DS,2007,Fighting,Takara Tomy,0,0,0.06,0,0.06
981,50 Cent: Bulletproof,PS2,2005,Action,Vivendi Games,0.85,0.76,0,0.16,1.77
14205,Diabolik Lovers: More Blood,PSP,2013,Adventure,Idea Factory,0,0,0.03,0,0.03
6139,Chromehounds,X360,2006,Simulation,Sega,0.24,0,0.01,0.02,0.28
5881,Romance of the Three Kingdoms VIII,PS2,2002,Strategy,Tecmo Koei,0.05,0.04,0.19,0.01,0.3
1640,Pac-Man,NES,1984,Puzzle,Namco Bandai Games,0.27,0.08,0.85,0.02,1.22
3565,The Incredible Hulk,GBA,2003,Action,Universal Interactive,0.4,0.15,0,0.01,0.56
13532,Justice League: Chronicles,GBA,2003,Platform,Midway Games,0.03,0.01,0,0,0.04
9268,Fear Factor: Unleashed,GBA,2004,Action,Hip Interactive,0.1,0.04,0,0,0.14
12406,Mad Maestro!,PS2,2001,Misc,Eidos Interactive,0.03,0.02,0,0.01,0.06
9979,DEATH NOTE: Kira Game,DS,2007,Adventure,Konami Digital Entertainment,0,0,0.12,0,0.12
16572,Resident Evil 4 HD,XOne,2016,Shooter,Capcom,0.01,0,0,0,0.01
1873,Imagine: Babysitters,DS,2008,Simulation,Ubisoft,0.63,0.36,0,0.1,1.09
7222,Dragon Quest Builders: Revive Alefgard,PS4,2016,Role-Playing,Square Enix,0,0,0.22,0,0.22
12033,Jake Power: Handyman,DS,2008,Adventure,Ubisoft,0.06,0,0,0,0.07
12825,4 Elements,PC,2009,Puzzle,Mastertronic,0,0.04,0,0.01,0.05
16527,Shirogane no Soleil: Contract to the Future - Mirai e no Keiyaku,PS2,2008,Adventure,Russel,0,0,0.01,0,0.01
1340,WWE SmackDown vs Raw 2008,X360,2007,Fighting,THQ,0.92,0.38,0,0.13,1.44
13822,Time Travelers,3DS,2012,Adventure,Unknown,0,0,0.04,0,0.04
2539,Super Bomberman 2,SNES,1994,Puzzle,Hudson Soft,0,0,0.81,0,0.81
6738,Pirates of the Caribbean: The Legend of Jack Sparrow,PS2,2006,Adventure,Ubisoft,0.12,0.09,0,0.03,0.25
4068,Pac-Man World 2,XB,2002,Action,Namco Bandai Games,0.36,0.11,0,0.02,0.49
16434,Kamigami no Asobi InFinite,PSV,2016,Adventure,Broccoli,0,0,0.01,0,0.01
5471,Hulk,XB,2003,Action,Universal Interactive,0.25,0.07,0,0.01,0.33
7735,Dexter's Lab Chess Challenge,GBA,2002,Misc,BAM! Entertainment,0.14,0.05,0,0,0.2
2450,Kirby: Planet Robobot,3DS,2016,Action,Nintendo,0.26,0.1,0.44,0.04,0.85
2100,Guitar Hero: Aerosmith,PS3,2008,Misc,Activision,0.73,0.15,0,0.11,0.99
15952,Pachinko Kaou: Misora Hibari,PS2,2007,Misc,Hackberry,0,0,0.02,0,0.02
13426,Fantastic Four: Rise of the Silver Surfer,DS,2007,Action,Take-Two Interactive,0.04,0,0,0,0.05
5586,Championship Bass,PS,1999,Sports,Electronic Arts,0.18,0.12,0,0.02,0.32
3440,Top Spin 3,Wii,2008,Action,Take-Two Interactive,0.15,0.37,0,0.07,0.58
8679,DiRT 3,PC,2011,Racing,Codemasters,0,0.13,0,0.03,0.16
8341,Turok 3: Shadow of Oblivion,N64,2000,Shooter,Acclaim Entertainment,0.12,0.05,0,0,0.17
1739,Destiny: The Taken King,XOne,2015,Shooter,Activision,0.82,0.23,0,0.11,1.17
9889,Airborne Troops: Countdown to D-Day,PS2,2005,Shooter,Playlogic Game Factory,0.06,0.05,0,0.02,0.12
15472,TV Anime Idolm@ster: Cinderella Girls G4U! Pack Vol.5,PS3,2015,Action,Namco Bandai Games,0,0,0.02,0,0.02
15009,Kenka Bancho Otome,PSV,2016,Action,Screenlife,0,0,0.02,0,0.02
13941,Ski-Doo Snowmobile Challenge,X360,2009,Racing,Valcon Games,0.03,0,0,0,0.04
15790,LEGO Star Wars: The Video Game,PC,2005,Action,Eidos Interactive,0,0.01,0,0,0.02
2082,Jampack Winter 2000,PS,2000,Misc,Sony Computer Entertainment,0.55,0.38,0,0.07,1
10302,Hole in the Wall: Deluxe Edition,X360,2011,Misc,Ubisoft,0.1,0,0,0.01,0.11
1807,Cars,GBA,2006,Racing,THQ,0.81,0.3,0,0.02,1.13
2269,Sonic Riders,GC,2006,Racing,Sega,0.71,0.18,0,0.03,0.92
13475,Atelier Escha & Logy: Alchemists of the Dusk Sky,PSV,2015,Role-Playing,Tecmo Koei,0,0,0.04,0,0.04
12163,The Book of Unwritten Tales 2,PS4,2015,Adventure,Nordic Games,0,0.06,0,0.01,0.07
9156,Baldur's Gate: Dark Alliance,GC,2002,Role-Playing,Virgin Interactive,0.11,0.03,0,0,0.14
9622,Cloudy With a Chance of Meatballs,Wii,2009,Platform,Ubisoft,0.11,0,0,0.01,0.13
15662,Yamasa Digi World SP: Moeyo! Kung Fu Shukujo,PS2,2006,Misc,Yamasa Entertainment,0,0,0.02,0,0.02
9168,NCAA Basketball Final Four 97,PS,1997,Sports,Mindscape,0.08,0.05,0,0.01,0.14
4403,Celebrity Sports Showdown,Wii,2008,Sports,Electronic Arts,0.18,0.22,0,0.05,0.45
2620,Major League Baseball Featuring Ken Griffey Jr,N64,1998,Sports,Nintendo,0.75,0.03,0,0.01,0.79
13572,The Smurfs,PS,1998,Action,Infogrames,0.02,0.02,0,0,0.04
14291,Raw Danger!,PS2,2006,Action,505 Games,0.02,0.01,0,0,0.03
3931,World Championship Poker,XB,2004,Misc,Crave Entertainment,0.37,0.11,0,0.02,0.51
13976,Toki no Kizuna: Sekigahara Kitan,PSP,2012,Action,Idea Factory,0,0,0.04,0,0.04
7286,Pass the Pigs,DS,2008,Misc,THQ,0.2,0,0,0.02,0.22
11893,Game Center CX: Arino no Chousenjou 2,DS,2009,Action,Namco Bandai Games,0,0,0.07,0,0.07
2416,The World Ends With You,DS,2007,Role-Playing,Square Enix,0.54,0.06,0.21,0.05,0.86
15154,Balls of Fury,Wii,2007,Sports,Zoo Digital Publishing,0.02,0,0,0,0.02
11541,Code Lyoko: Fall of X.A.N.A.,DS,2008,Adventure,Game Factory,0.07,0,0,0.01,0.08
7348,Magician's Quest: Town of Magic,3DS,2012,Simulation,Konami Digital Entertainment,0,0,0.21,0,0.21
10984,Running Wild,PS,1997,Racing,989 Studios,0.05,0.03,0,0.01,0.09
1238,NBA Live 2000,PS,1998,Sports,Electronic Arts,1.43,0.05,0,0.03,1.52
2183,Wild ARMs,PS,1996,Role-Playing,Sony Computer Entertainment,0.26,0.17,0.46,0.06,0.95
2932,NCAA Football 2001,PS,2000,Sports,Electronic Arts,0.39,0.26,0,0.05,0.7
1606,Oddworld: Abe's Oddysee,PS,1997,Platform,GT Interactive,0.75,0.44,0,0.06,1.24
4521,Rune Factory 3: A Fantasy Harvest Moon,DS,2009,Role-Playing,Rising Star Games,0.28,0.03,0.1,0.02,0.43
2240,Skylanders: Trap Team,X360,2014,Action,Activision,0.54,0.31,0,0.08,0.93
5450,The King of Fighters XIII,X360,2011,Fighting,Rising Star Games,0.23,0.07,0.01,0.03,0.33
10080,The King of Fighters XII,X360,2009,Fighting,Ignition Entertainment,0.09,0,0.01,0.01,0.11
13253,Silhouette Mirage,PS,1998,Platform,ESP,0.03,0.02,0,0,0.05
15404,ESPN MLS ExtraTime 2002,GC,2002,Sports,Konami Digital Entertainment,0.02,0,0,0,0.02
15316,Puzzle Quest: Challenge of the Warlords,PSP,2007,Puzzle,D3Publisher,0.01,0,0,0,0.02
4754,AKB1/48: Idol to Koishitara...,PSP,2010,Misc,Namco Bandai Games,0,0,0.41,0,0.41
7658,The Cheetah Girls: Passport to Stardom,DS,2008,Misc,Disney Interactive Studios,0.18,0,0,0.01,0.2
8393,Digimon Story: Cyber Sleuth,PSV,2015,Role-Playing,Namco Bandai Games,0,0,0.17,0,0.17
8488,ESPN College Hoops,PS2,2003,Sports,Sega,0.08,0.06,0,0.02,0.16
4178,Hot Wheels Velocity X,PS2,2002,Racing,THQ,0.23,0.18,0,0.06,0.47
1338,Kirby Super Star,SNES,1996,Platform,Nintendo,0.26,0.07,1.09,0.02,1.44
5515,Disgaea 2: Cursed Memories,PS2,2006,Role-Playing,Tecmo Koei,0.09,0.07,0.15,0.02,0.33
2763,The Walking Dead: Season One,X360,2012,Adventure,Avanquest Software,0.55,0.14,0,0.05,0.75
11703,Genkai Totsuki Moero Chronicle,PSV,2014,Role-Playing,Compile Heart,0,0,0.08,0,0.08
13016,The BIGS 2,DS,2009,Sports,Take-Two Interactive,0.05,0,0,0,0.05
14696,Biohazard: Revival Selection,X360,2011,Action,Capcom,0,0,0.03,0,0.03
4758,Yu-Gi-Oh! The Eternal Duelist Soul (JP sales),GBA,2001,Misc,Konami Digital Entertainment,0,0,0.4,0.01,0.41
206,Spyro the Dragon,PS,1998,Platform,Sony Computer Entertainment,3.36,1.36,0.07,0.21,5
6334,Medarot 3: Kabuto / Kuwagata Version,GB,2000,Role-Playing,Imagineer,0,0,0.27,0,0.27
7493,Jikkyou Powerful Pro Yakyuu 2012,PS3,2012,Action,Konami Digital Entertainment,0,0,0.21,0,0.21
8474,Hot Wheels Velocity X,GBA,2002,Racing,THQ,0.12,0.04,0,0,0.16
11023,Seven: Molmorth no Kiheitai,PS2,2000,Action,Namco Bandai Games,0,0,0.09,0,0.09
8431,25 to Life,XB,2006,Shooter,Eidos Interactive,0.12,0.04,0,0.01,0.17
2819,Avatar: The Game,Wii,2009,Action,Ubisoft,0.33,0.32,0,0.08,0.73
2165,My Weight Loss Coach,DS,2008,Sports,Ubisoft,0.3,0.54,0,0.11,0.96
3266,SpongeBob's Atlantis SquarePantis,Wii,2007,Action,THQ,0.57,0.01,0,0.04,0.62
1486,LEGO Batman: The Videogame,PS3,2008,Action,Warner Bros. Interactive Entertainment,0.72,0.42,0,0.19,1.32
158,Super Smash Bros.,N64,1999,Fighting,Nintendo,2.95,0.6,1.97,0.04,5.55
4952,Chessmaster,PS2,2003,Misc,Ubisoft,0.19,0.15,0,0.05,0.39
8860,History Civil War: Secret Missions,PS2,2008,Shooter,Activision,0.07,0.06,0,0.02,0.15
5197,Cubix Robots for Everyone: Clash 'n' Bash,GBA,N/A,Action,Unknown,0.26,0.1,0,0.01,0.36
7498,Battle of Giants: Dinosaurs Strike,Wii,2010,Strategy,Ubisoft,0.15,0.04,0,0.02,0.2
13590,Ore no Imouto ga Konna ni Kawaii Wake ga Nai Happy EnD,PS3,2013,Simulation,Namco Bandai Games,0,0,0.04,0,0.04
10252,Pimp My Ride,X360,2006,Racing,Activision,0.1,0.01,0,0.01,0.11
13518,FIFA Street 2,DS,2006,Sports,Electronic Arts,0.04,0,0,0,0.04
14483,Resident Evil 4,PC,2007,Action,Ubisoft,0,0.02,0,0.01,0.03
15647,NHL 2K3,GC,2002,Sports,Sega,0.01,0,0,0,0.02
13741,Monaco Grand Prix,N64,1999,Racing,Ubisoft,0.03,0.01,0,0,0.04
15780,Worms World Party,PC,2001,Strategy,Virgin Interactive,0,0.01,0,0,0.02
3391,Jikkyou Powerful Pro Yakyuu '97 Kaimakuban,PS,1997,Sports,Konami Digital Entertainment,0,0,0.56,0.04,0.59
1345,Dead Space 2,PS3,2011,Shooter,Electronic Arts,0.73,0.5,0,0.21,1.44
2198,Colin McRae Rally 04,PS2,2003,Racing,Codemasters,0.01,0.71,0.01,0.21,0.94
2099,The Bouncer,PS2,2000,Action,Sony Computer Entertainment,0.3,0.23,0.38,0.08,0.99
588,Super Mario All-Stars: Limited Edition,Wii,2010,Platform,Nintendo,1.02,0.52,0.92,0.14,2.6
6328,Disney's Chicken Little,GC,2005,Platform,Disney Interactive Studios,0.21,0.05,0,0.01,0.27
16,Kinect Adventures!,X360,2010,Misc,Microsoft Game Studios,14.97,4.94,0.24,1.67,21.82
6753,Jumping Flash! 2,PS,1996,Platform,Sony Computer Entertainment,0.05,0.03,0.15,0.02,0.25
9212,Reality Fighters,PSV,2012,Fighting,Sony Computer Entertainment,0.06,0.06,0,0.03,0.14
2767,Resonance of Fate,PS3,2010,Role-Playing,Sega,0.2,0.22,0.24,0.09,0.74
15603,Emergency 2012,DS,2010,Simulation,Rondomedia,0,0.02,0,0,0.02
2093,Band Hero,Wii,2009,Misc,Activision,0.6,0.3,0,0.09,0.99
2039,Madden NFL 07,XB,2006,Sports,Electronic Arts,0.97,0.03,0,0.03,1.02
7759,Parlor! Mini 4,SNES,1996,Misc,Nippon Telenet,0,0,0.19,0,0.19
16124,Turbo Trainz,Wii,2012,Racing,Mastertronic,0,0.01,0,0,0.01
10045,BoomBots,PS,1999,Fighting,SouthPeak Games,0.06,0.04,0,0.01,0.11
6074,Surf's Up,PS2,2007,Sports,Ubisoft,0.14,0.11,0,0.04,0.29
15959,Guild Wars: Factions,PC,2006,Role-Playing,NCSoft,0,0.01,0,0,0.02
10707,Nihon Keizai Shinbunsha Kanshuu: Shiranai Mamade wa Son o Suru Mono ya Okane no Shikumi DS,DS,2009,Misc,Nintendo,0,0,0.1,0,0.1
4657,Star Wars The Clone Wars: Republic Heroes,PSP,2009,Action,LucasArts,0.21,0.13,0,0.08,0.42
1697,Disney's Chip 'n Dale: Rescue Rangers,NES,1990,Platform,Capcom,0.68,0.14,0.35,0.02,1.19
10719,Horse Life Adventures,DS,2008,Simulation,Deep Silver,0.08,0.01,0,0.01,0.1
6601,Super Robot Taisen R,GBA,2002,Strategy,Banpresto,0,0,0.25,0.01,0.26
7352,Robotech: The Macross Saga,GBA,2002,Shooter,TDK Mediactive,0.15,0.06,0,0,0.21
6061,"Sakura Wars: So Long, My Love",PS2,2005,Role-Playing,Sega,0.07,0.05,0.15,0.02,0.29
9479,Harvest Moon DS (jp sales),DS,2005,Simulation,Rising Star Games,0,0,0.13,0,0.13
15429,Defendin' De Penguin,DS,2008,Strategy,Zushi Games,0.02,0,0,0,0.02
10079,Start the Party! Save the World,PS3,2011,Misc,Sony Computer Entertainment,0,0.09,0,0.03,0.11
10762,Dragon Ball: Evolution,PSP,2009,Fighting,Namco Bandai Games,0.09,0,0,0.01,0.1
11780,Adventure Time: Finn & Jake Investigations,3DS,2015,Action,Little Orbit,0.02,0.05,0,0.01,0.07
4597,Ragnarok Odyssey,PSV,2012,Role-Playing,GungHo,0.22,0.01,0.16,0.03,0.42
10333,Ranma 1/2: Akanekodan Teki Hihou,SNES,1993,Role-Playing,TOHO,0,0,0.11,0,0.11
1335,SingStar Pop,PS2,2007,Misc,Sony Computer Entertainment,0.04,1.08,0,0.32,1.44
5116,Madden NFL 11,PSP,2010,Sports,Electronic Arts,0.35,0,0,0.03,0.37
10439,Imagine: Soccer Captain,DS,2009,Sports,Ubisoft,0.1,0,0,0.01,0.1
8523,Kawa no Nushi Tsuri,PS,1998,Sports,Victor Interactive,0,0,0.15,0.01,0.16
5994,The Bureau: XCOM Declassified,PS3,2013,Shooter,Take-Two Interactive,0.08,0.16,0,0.05,0.29
2896,Metal Gear Solid V: The Phantom Pain,XOne,2015,Action,Konami Digital Entertainment,0.37,0.26,0.01,0.06,0.71
16333,Ultraman Fighting Evolution 3,PS2,2004,Fighting,Banpresto,0,0,0.01,0,0.01
1165,Mario Bros.,2600,1982,Platform,Atari,1.48,0.09,0,0.02,1.59
12802,Handball 16,PS4,2015,Sports,Bigben Interactive,0,0.05,0,0.01,0.06
3177,Madden NFL 2001,N64,2000,Sports,Electronic Arts,0.6,0.03,0,0.01,0.64
9225,Doukyuusei,TG16,1995,Adventure,NEC,0,0,0.14,0,0.14
12487,Inversion,X360,2012,Shooter,Namco Bandai Games,0.03,0.02,0,0.01,0.06
3450,Romancing SaGa,PS2,2005,Role-Playing,Square Enix,0.06,0.04,0.47,0.01,0.58
6996,Dynasty Warriors: Gundam Reborn,PS3,2013,Action,Tecmo Koei,0,0,0.23,0,0.23
8928,Harvest Moon: Hero of Leaf Valley,PSP,2009,Simulation,Rising Star Games,0.07,0.02,0.05,0.02,0.15
4799,NFL GameDay 2003,PS2,N/A,Sports,Unknown,0.2,0.15,0,0.05,0.4
5441,Sengoku Musou 3 Z,PS3,2011,Action,Ackkstudios,0,0,0.33,0,0.33
9743,Fuse (Insomniac),PS3,2013,Shooter,Electronic Arts,0.06,0.04,0,0.02,0.12
1022,Cruis'n USA,N64,1996,Racing,Nintendo,1.69,0.04,0,0.01,1.74
6591,The Backyardigans,DS,2009,Adventure,Take-Two Interactive,0.24,0,0,0.02,0.26
12965,Aliens in the Attic,DS,2009,Action,Playlogic Game Factory,0.05,0,0,0,0.05
6323,RalliSport Challenge 2,XB,2004,Racing,Microsoft Game Studios,0.18,0.08,0,0.01,0.27
6979,Girls Mode 3: Kirakira Code,3DS,2015,Action,Nintendo,0,0,0.23,0,0.23
12218,One Piece: Unlimited World Red,WiiU,2014,Action,Namco Bandai Games,0,0.04,0.02,0,0.07
8152,WordJong Party,Wii,2008,Puzzle,Destineer,0.17,0,0,0.01,0.18
836,Donkey Kong Country,GBA,2003,Platform,Nintendo,1.2,0.48,0.29,0.07,2.04
16086,Uta no * Prince-Sama: Sweet Serenade,PSP,2011,Adventure,Broccoli,0,0,0.01,0,0.01
13026,Mawashite Tsunageru Touch Panic,DS,2006,Puzzle,Nintendo,0,0,0.05,0,0.05
16093,Honda ATV Fever,DS,2010,Racing,Storm City Games,0.01,0,0,0,0.01
11699,Titanic Mystery,DS,2010,Puzzle,PlayV,0.05,0.02,0,0.01,0.08
15099,Genkai Tokki: Seven Pirates,PSV,2016,Role-Playing,Compile Heart,0,0,0.02,0,0.02
11149,Age of Mythology,PC,2002,Strategy,Microsoft Game Studios,0.02,0.06,0,0.01,0.09
8433,NASCAR '15,X360,2015,Sports,Deep Silver,0.15,0,0,0.02,0.17
5576,Def Jam Rapstar,PS3,2010,Misc,Konami Digital Entertainment,0.25,0.05,0,0.03,0.33
14529,Braid,PC,2009,Platform,Number None,0,0.02,0,0.01,0.03
14903,Shinseiki Evangelion Ayanami Ikusei Keikaku DS with Asuka Hokan Keikaku,DS,2008,Simulation,Broccoli,0,0,0.03,0,0.03
10446,Agatha Christie: The ABC Murders,DS,2009,Adventure,JoWood Productions,0.08,0.01,0,0.01,0.1
11268,Bleach: Heat the Soul 5,PSP,2008,Fighting,Sony Computer Entertainment,0,0,0.08,0,0.08
3291,Samurai Warriors 2,PS2,2006,Action,Tecmo Koei,0.02,0.02,0.57,0.01,0.61
6474,Rugrats: I Gotta Go Party,GBA,2002,Action,THQ,0.19,0.07,0,0,0.26
4839,Star Wars The Clone Wars: Republic Heroes,X360,2009,Action,LucasArts,0.18,0.17,0,0.04,0.4
3525,"Warhammer 40,000: Space Marine",X360,2011,Shooter,THQ,0.25,0.27,0,0.06,0.57
4702,Mass Effect Trilogy,X360,2012,Action,Electronic Arts,0.28,0.1,0,0.03,0.41
8158,EyeToy: Groove,PS2,2003,Misc,Sony Computer Entertainment,0.09,0.07,0,0.02,0.18
13187,Alter Echo,XB,2003,Shooter,THQ,0.04,0.01,0,0,0.05
8440,Klonoa,Wii,2008,Platform,Namco Bandai Games,0.11,0.02,0.03,0.01,0.17
1496,MAG: Massive Action Game,PS3,2010,Shooter,Sony Computer Entertainment,0.77,0.3,0.09,0.16,1.32
13579,Summer Athletics 2009,X360,2009,Sports,49Games,0,0.04,0,0,0.04
1208,LEGO Battles: Ninjago,DS,2011,Strategy,Warner Bros. Interactive Entertainment,1.07,0.36,0,0.12,1.55
8799,MLB Power Pros 2008,PS2,2008,Sports,Konami Digital Entertainment,0.05,0.04,0.05,0.01,0.15
11133,Ikaruga,GC,2003,Shooter,Atari,0.07,0.02,0,0,0.09
692,LEGO Marvel Super Heroes,X360,2013,Action,Warner Bros. Interactive Entertainment,1.24,0.85,0,0.21,2.3
1443,Grand Theft Auto: Chinatown Wars,DS,2009,Action,Take-Two Interactive,0.59,0.57,0.05,0.14,1.35
7157,Danball Senki Boost,PSP,2011,Action,Level 5,0,0,0.22,0,0.22
964,Guitar Hero: World Tour,PS2,2008,Misc,Activision,1,0.03,0,0.77,1.8
687,James Bond 007: Everything or Nothing,PS2,2004,Shooter,Electronic Arts,0.85,1.06,0.09,0.32,2.31
11244,Ys VIII: Lacrimosa of Dana,PSV,2016,Role-Playing,Nihon Falcom Corporation,0,0,0.09,0,0.09
10419,Winning Eleven: Pro Evolution Soccer 2007,X360,2006,Sports,Konami Digital Entertainment,0.09,0,0,0.01,0.1
136,Super Mario Sunshine,GC,2002,Platform,Nintendo,4.01,1.26,0.87,0.17,6.31
13742,Worms Armageddon,N64,1999,Strategy,Infogrames,0.03,0.01,0,0,0.04
4585,Super Wagyan Land,SNES,1991,Action,Namco Bandai Games,0,0,0.42,0,0.42
11392,Super Robot Taisen OG Saga: Endless Frontier,DS,2008,Role-Playing,Namco Bandai Games,0.08,0,0,0.01,0.08
2233,Crash City Mayhem,GBA,2004,Racing,THQ,0.67,0.25,0,0.02,0.93
10026,Family Game Night 4: The Game Show,PS3,2011,Misc,Electronic Arts,0.08,0.02,0,0.01,0.11
14983,Lilpri DS: Hime-Chen! Apple Pink,DS,2010,Adventure,Sega,0,0,0.02,0,0.02
6797,Disney Stitch Jam,DS,2009,Misc,Disney Interactive Studios,0.08,0,0.16,0,0.24
1218,Die Hard Trilogy,PS,1996,Shooter,Fox Interactive,0.85,0.58,0,0.1,1.54
12853,DuckTales: Remastered,PS3,2013,Action,Capcom,0.01,0.04,0,0.01,0.05
10434,UFC: Tapout 2,XB,2003,Fighting,Capcom,0.08,0.02,0,0,0.1
15664,Disney Sports Football,GC,2002,Sports,Konami Digital Entertainment,0.01,0,0,0,0.02
10230,Night at the Museum: Battle of the Smithsonian,X360,2009,Action,Majesco Entertainment,0.07,0.03,0,0.01,0.11
2703,Pro Evolution Soccer 2015,PS4,2014,Sports,Konami Digital Entertainment,0.09,0.43,0.11,0.13,0.76
406,Mario Party 9,Wii,2012,Misc,Nintendo,1.15,1.17,0.76,0.24,3.32
13485,Tom Clancy's HAWX,PC,2009,Action,Ubisoft,0,0.03,0,0.01,0.04
4874,Rise of the Tomb Raider,X360,2015,Adventure,Square Enix,0.17,0.19,0,0.03,0.4
10037,Pocket Soccer League: Calciobit,3DS,2012,Sports,Nintendo,0,0,0.11,0,0.11
12420,Guilty Gear XX Accent Core Plus,PS2,2008,Fighting,PQube,0.03,0.02,0,0.01,0.06
13655,Gravity Falls: Legend of the Gnome Gemulets,3DS,2015,Action,Ubisoft,0.03,0,0,0,0.04
6404,Are You Smarter than a 5th Grader? Game Time,Wii,2009,Puzzle,THQ,0.25,0,0,0.02,0.27
3960,Atelier Rorona: Alchemist of Arland,PS3,2009,Role-Playing,Nippon Ichi Software,0.22,0.12,0.11,0.05,0.5
13761,Infamous: First Light,PS4,2014,Action,Sony Computer Entertainment,0,0.03,0,0.01,0.04
10632,Jeopardy!,N64,1998,Misc,GameTek,0.08,0.02,0,0,0.1
3752,The Hobbit,PS2,2003,Platform,Vivendi Games,0.26,0.2,0,0.07,0.54
16224,Spider-Man: Friend or Foe,PC,2007,Action,Activision,0.01,0,0,0,0.01
10603,Jade Cocoon 2,PS2,2001,Role-Playing,Ubisoft,0.05,0.04,0,0.01,0.1
