Rank,Name,Platform,Year,Genre,Publisher,NA_Sales,EU_Sales,JP_Sales,Other_Sales,Global_Sales
1619,Farming Simulator 2015,PC,2014,Simulation,Focus Home Interactive,0.08,1.02,0,0.13,1.23
5200,NHL 2K10,Wii,2009,Sports,Take-Two Interactive,0.33,0.01,0,0.03,0.36
965,Sonic Advance 2,GBA,2002,Platform,Sega,0.93,0.59,0.21,0.07,1.8
8593,California Speed,N64,1999,Misc,Midway Games,0.13,0.03,0,0,0.16
4598,Harry Potter and the Deathly Hallows - Part 1,DS,2010,Action,Electronic Arts,0.2,0.19,0,0.04,0.42
2311,Tiger Woods PGA Tour 12: The Masters,PS3,2011,Sports,Electronic Arts,0.52,0.26,0,0.12,0.9
5990,Punch-Out!!,Wii,2007,Sports,Nintendo,0.02,0.22,0.05,0,0.29
4711,X-Men: The Official Game,PS2,2006,Action,Activision,0.2,0.16,0,0.05,0.41
1689,Captain Toad: Treasure Tracker,WiiU,2014,Puzzle,Nintendo,0.56,0.36,0.19,0.09,1.19
12818,Tokyo Mono Harashi: Karasu no Mori Gakuen Kitan,PSP,2010,Role-Playing,Atlus,0,0,0.06,0,0.06
6604,Formula One 2001,PS2,2001,Racing,Sony Computer Entertainment,0.13,0.1,0,0.03,0.26
12176,Mega Man: Battle & Chase,PS,1997,Racing,Capcom,0,0,0.06,0,0.07
16553,God Eater Off Shot: Tachibana Sakuya-hen Twin Pack & Animation Vol.7,PS4,2016,Action,Namco Bandai Games,0,0,0.01,0,0.01
10564,Surf's Up,X360,2007,Sports,Ubisoft,0.09,0,0,0.01,0.1
7814,Story of Seasons: Good Friends of the Three Villages,3DS,2016,Simulation,Marvelous Interactive,0,0,0.19,0,0.19
8932,Rayman Raving Rabbids,DS,2007,Misc,Ubisoft,0.13,0.01,0,0.01,0.15
12560,Carol Vorderman's Sudoku,PSP,2006,Puzzle,Xplosiv,0.05,0,0,0.01,0.06
4002,Tony Hawk's Underground 2,GC,2004,Sports,Activision,0.38,0.1,0,0.01,0.5
355,The Simpsons: Road Rage,PS2,2001,Racing,Electronic Arts,2.02,1.17,0,0.42,3.61
3136,Harry Potter and the Half-Blood Prince,PS2,2009,Action,Electronic Arts,0.13,0.07,0,0.44,0.64
3809,Oni,PS2,2001,Action,Take-Two Interactive,0.26,0.2,0,0.07,0.53
16279,Assetto Corsa,XOne,2016,Racing,505 Games,0,0.01,0,0,0.01
15144,Invizimals: The Lost Kingdom,PS3,2013,Action,Sony Computer Entertainment,0,0.02,0,0.01,0.02
7563,Assassin's Creed Syndicate,PC,2015,Action,Ubisoft,0.1,0.08,0,0.02,0.2
16116,Winning Post 7 Maximum 2008,PS3,2008,Sports,Tecmo Koei,0,0,0.01,0,0.01
9754,Puzzle Kingdoms,Wii,2009,Puzzle,Zoo Digital Publishing,0.11,0,0,0.01,0.12
11646,Infernal: Hell's Vengeance,X360,2009,Shooter,Playlogic Game Factory,0.06,0.01,0,0.01,0.08
14592,Game of Thrones (Telltale),XOne,2015,Adventure,Telltale Games,0.03,0,0,0,0.03
4973,Ice Age: Dawn of the Dinosaurs,DS,2009,Action,Activision,0.2,0.15,0,0.04,0.39
14245,Maximum Racing: GP Classic Racing,Wii,2010,Racing,Nordic Games,0.03,0,0,0,0.03
8300,The Lord of the Rings: Aragorn's Quest,PS3,2010,Action,Warner Bros. Interactive Entertainment,0.1,0.04,0,0.02,0.17
9712,Are You Smarter than a 5th Grader? Game Time,X360,2009,Puzzle,THQ,0.12,0,0,0.01,0.12
12530,Foster's Home for Imaginary Friends: Imagination Invaders,DS,2007,Adventure,Midway Games,0.06,0,0,0,0.06
6889,Forsaken,PS,1998,Shooter,Acclaim Entertainment,0.13,0.09,0,0.02,0.24
10051,World Championship Rugby,PS2,2004,Sports,Acclaim Entertainment,0.06,0.04,0,0.01,0.11
14883,Drome Racers,GBA,2003,Racing,THQ,0.02,0.01,0,0,0.03
14904,Rock 'N' Roll Adventures,Wii,2007,Platform,Popcorn Arcade,0.02,0,0,0,0.03
12120,N+,DS,2007,Platform,Atari,0.06,0,0,0,0.07
9040,Iron & Blood,PS,1996,Fighting,Acclaim Entertainment,0.08,0.05,0,0.01,0.14
6434,And1 Streetball,PS2,2006,Action,Ubisoft,0.13,0.1,0,0.03,0.27
13400,Hiiro no Kakera DS,DS,2008,Adventure,Idea Factory,0,0,0.05,0,0.05
5967,X-Men Legends II: Rise of Apocalypse,PSP,2005,Role-Playing,Activision,0.25,0.01,0,0.03,0.29
4904,Fire Emblem: Fuuin no Tsurugi,GBA,2002,Role-Playing,Nintendo,0,0,0.39,0,0.39
501,Call of Duty: Finest Hour,PS2,2004,Shooter,Activision,1.51,1.12,0.01,0.24,2.89
15771,Metal Fight Beyblade: Choujou Kessen! Big Bang Bladers,DS,2010,Action,Hudson Soft,0,0,0.02,0,0.02
15517,Triggerheart Excelica Enhanced,PS2,2009,Shooter,Alchemist,0,0,0.02,0,0.02
3977,Madden NFL 07,Wii,2006,Sports,Electronic Arts,0.46,0,0,0.04,0.5
2443,Rampage World Tour,PS,1997,Action,GT Interactive,0.47,0.32,0,0.06,0.85
8676,Arcade Zone,Wii,2009,Misc,Activision,0.14,0,0,0.01,0.16
155,Destiny,PS4,2014,Shooter,Activision,2.49,2.05,0.16,0.96,5.65
9932,Castlevania: Curse of Darkness,XB,2005,Action,Konami Digital Entertainment,0.09,0.03,0,0,0.12
10186,DualPenSports,3DS,2011,Sports,Namco Bandai Games,0.05,0.05,0,0.01,0.11
15415,Puzzle City,DS,2009,Puzzle,Destineer,0.02,0,0,0,0.02
8629,Dynasty Warriors 8,X360,2013,Action,Tecmo Koei,0.09,0.05,0,0.01,0.16
3856,Swing Away Golf,PS2,2000,Sports,Electronic Arts,0.17,0.13,0.18,0.04,0.52
3255,Tak 2: The Staff of Dreams,PS2,2004,Platform,THQ,0.3,0.24,0,0.08,0.62
2564,MadWorld,Wii,2009,Action,Sega,0.46,0.25,0.02,0.07,0.8
14969,Bus Simulator 16,PC,2016,Simulation,Astragon,0,0.02,0,0,0.02
196,Guitar Hero II,PS2,2006,Misc,RedOctane,3.81,0.63,0,0.68,5.12
10833,Darkest of Days,X360,2009,Shooter,Phantom EFX,0.09,0,0,0.01,0.09
11361,Petz: Dogz Family,PSP,2009,Simulation,Ubisoft,0.05,0.02,0,0.01,0.08
15986,Dragon Zakura DS,DS,2007,Misc,Electronic Arts,0,0,0.01,0,0.01
4098,Millipede,2600,1983,Shooter,Atari,0.45,0.03,0,0.01,0.48
1481,Corvette,PS2,2004,Racing,TDK Mediactive,0.65,0.51,0,0.17,1.33
733,Assassin's Creed IV: Black Flag,XOne,2013,Action,Ubisoft,1.47,0.55,0,0.19,2.21
8085,Ben 10 Ultimate Alien: Cosmic Destruction,X360,2010,Platform,D3Publisher,0.1,0.06,0,0.02,0.18
7361,Hannah Montana: The Movie,X360,2009,Adventure,Disney Interactive Studios,0.14,0.06,0,0.02,0.21
4363,One Piece: Pirate Warriors 3,PS4,2015,Action,Namco Bandai Games,0.08,0.22,0.1,0.05,0.45
11242,The Penguins of Madagascar: Dr. Blowhole Returns - Again!,PS3,2011,Action,THQ,0.04,0.03,0,0.01,0.09
5115,High Heat Major League Baseball 2003,PS2,2002,Sports,3DO,0.18,0.14,0,0.05,0.37
14327,Togainu no Chi: True Blood,PS2,2008,Adventure,Kadokawa Shoten,0,0,0.03,0,0.03
5429,The Eye of Judgment,PS3,2007,Misc,Sony Computer Entertainment,0.28,0,0.02,0.03,0.34
8358,Solitaire Overload Plus,DS,2010,Misc,Telegames,0.16,0,0,0.01,0.17
16268,Myself; Yourself,PS2,2007,Adventure,Yeti,0,0,0.01,0,0.01
7627,NBA 07,PSP,2006,Sports,Sony Computer Entertainment,0.18,0,0,0.02,0.2
4705,James Patterson Women's Murder Club: Games of Passion,DS,2009,Adventure,THQ,0.15,0.22,0,0.05,0.41
10908,echochrome,PSP,2008,Puzzle,Sony Computer Entertainment,0,0.01,0.08,0,0.09
4954,Fatal Fury,SNES,1992,Fighting,Takara,0,0,0.39,0,0.39
9231,MySims Collection,Wii,2010,Misc,Electronic Arts,0.13,0,0,0.01,0.14
13246,Crime Life: Gang Wars,XB,2005,Action,Konami Digital Entertainment,0.04,0.01,0,0,0.05
6916,Shadow Hearts: Covenant,PS2,2004,Role-Playing,Midway Games,0.12,0.09,0,0.03,0.24
9710,Karaoke Revolution,X360,2009,Misc,Konami Digital Entertainment,0.12,0,0,0.01,0.12
9288,UEFA Euro 2004: Portugal,PS2,2004,Sports,Electronic Arts,0.07,0.05,0,0.02,0.14
4773,Knockout Kings 2001,PS,2000,Fighting,Electronic Arts,0.23,0.15,0,0.03,0.41
15173,Dream Chronicles,DS,2010,Adventure,Zoo Games,0.02,0,0,0,0.02
11832,Pong / Asteroids / Yars' Revenge,GBA,2005,Misc,Zoo Digital Publishing,0.05,0.02,0,0,0.07
15279,Kill.Switch,GBA,2004,Shooter,Zoo Digital Publishing,0.02,0.01,0,0,0.02
324,Mario & Sonic at the London 2012 Olympic Games,Wii,2011,Sports,Sega,1.14,1.91,0.27,0.46,3.78
1298,LittleBigPlanet PS Vita,PSV,2012,Platform,Sony Computer Entertainment,0.4,0.72,0.02,0.33,1.47
19,Super Mario World,SNES,1990,Platform,Nintendo,12.78,3.75,3.54,0.55,20.61
13283,Smash Court Tennis 3,PSP,2007,Sports,Namco Bandai Games,0.01,0.01,0.01,0.01,0.05
13652,7 Days to Die,XOne,2016,Action,Telltale Games,0.02,0.02,0,0,0.04
15999,Captain Morgane and the Golden Turtle,Wii,2012,Adventure,Reef Entertainment,0,0.01,0,0,0.01
7029,NBA 2K6,X360,2005,Action,Take-Two Interactive,0.21,0.01,0,0.02,0.23
13809,Daikaijuu Battle: Ultra Coliseum DX - Ultra Senshi Daishuuketsu,Wii,2010,Fighting,Namco Bandai Games,0,0,0.04,0,0.04
9436,Wantame Music Channel: Doko Demo Style,DS,2007,Misc,Capcom,0,0,0.13,0,0.13
2893,WWE SmackDown vs. Raw 2011,PSP,2010,Fighting,THQ,0.22,0.31,0,0.17,0.71
7390,Marvel Super Hero Squad,PSP,2009,Fighting,THQ,0.17,0.02,0,0.02,0.21
2208,Bayonetta,X360,2009,Action,Sega,0.51,0.26,0.09,0.08,0.94
8950,Arena Football,XB,2006,Sports,Electronic Arts,0.11,0.03,0,0.01,0.15
9900,Hatsune Miku: Project Diva X,PSV,2016,Misc,Sega,0.01,0,0.1,0,0.12
1957,DJ Hero,X360,2009,Misc,Activision,0.56,0.4,0,0.11,1.06
12086,Samurai Shodown,NG,1993,Fighting,SNK,0,0,0.07,0,0.07
9458,Naruto Shippuden: Kizuna Drive,PSP,2010,Action,Namco Bandai Games,0.04,0.02,0.05,0.02,0.13
9222,Space Venus starring Morning Musume,PS2,2001,Misc,Sony Music Entertainment,0,0,0.14,0,0.14
5692,Quiz Magic Academy DS,DS,2008,Misc,Konami Digital Entertainment,0,0,0.32,0,0.32
2781,Crysis 2,PC,2011,Action,Electronic Arts,0.16,0.45,0,0.13,0.74
15169,Aegis of Earth: Protonovus Assault,PS4,2016,Action,PQube,0.02,0,0,0,0.02
431,Fallout: New Vegas,PS3,2010,Role-Playing,Bethesda Softworks,1.52,1.08,0.1,0.47,3.17
2303,We Ski & Snowboard,Wii,2008,Sports,Atari,0.38,0.29,0.15,0.08,0.9
12826,Shining Force III: Scenario 2,SAT,1998,Strategy,Sega,0,0,0.05,0,0.05
4660,Hyrule Warriors,3DS,2016,Action,Nintendo,0.16,0.12,0.11,0.03,0.42
8540,Dr. Muto,PS2,2002,Platform,Midway Games,0.08,0.06,0,0.02,0.16
180,Madden NFL 2004,PS2,N/A,Sports,Electronic Arts,4.26,0.26,0.01,0.71,5.23
10945,NCAA March Madness 08,PS3,2007,Sports,Electronic Arts,0.08,0,0,0.01,0.09
12822,MotoGP 4 - Official Game of MotoGP,PS2,2005,Racing,Sony Computer Entertainment,0.03,0.02,0,0.01,0.06
7576,The Fairly Odd Parents: Shadow Showdown,GC,2004,Platform,THQ,0.16,0.04,0,0.01,0.2
10000,Yakuza,PS3,2012,Action,Sega,0,0,0.11,0,0.11
14810,Captain Tsubasa J: The Way to World Youth,SNES,1995,Sports,Namco Bandai Games,0,0,0.03,0,0.03
12516,Star Soldier: Vanishing Earth,N64,1998,Shooter,Hudson Entertainment,0.05,0.01,0,0,0.06
2630,Tom Clancy's Splinter Cell: Double Agent,X360,2006,Action,Ubisoft,0.67,0.05,0.01,0.06,0.78
12410,Call of Duty 2,PC,2005,Shooter,Activision,0,0.05,0,0.01,0.06
13282,VR Soccer '96,PS,1996,Sports,Gremlin Interactive Ltd,0.03,0.02,0,0,0.05
4141,Grand Prix,2600,1981,Racing,Activision,0.45,0.03,0,0,0.48
13514,Grand Slam,PS,1997,Misc,Virgin Interactive,0.02,0.02,0,0,0.04
10116,WireWay,DS,2009,Adventure,Konami Digital Entertainment,0.1,0,0,0.01,0.11
11895,E.X. Troopers,3DS,2012,Shooter,Capcom,0,0,0.07,0,0.07
7634,Tony Hawk's Pro Skater 5,PS4,2015,Sports,Activision,0.09,0.08,0,0.03,0.2
4200,Need for Speed Carbon,XB,2006,Racing,Electronic Arts,0.35,0.1,0,0.02,0.47
8277,Disney's Atlantis: The Lost Empire,PS,2001,Platform,Sony Computer Entertainment,0.1,0.07,0,0.01,0.17
5196,Mobile Suit Z-Gundam,PS,1997,Action,Namco Bandai Games,0,0,0.34,0.02,0.36
8318,NHL 07,PSP,2006,Sports,Electronic Arts,0.13,0.02,0,0.02,0.17
11063,Super Robot Taisen MX Portable,PSP,2005,Strategy,Banpresto,0,0,0.09,0,0.09
11001,Cake Mania: Main Street,DS,2011,Simulation,Majesco Entertainment,0.09,0,0,0.01,0.09
7608,Mahjongg Mysteries: Ancient Egypt,DS,2010,Puzzle,Avanquest,0.07,0.11,0,0.02,0.2
6551,Karaoke Joysound Wii,Wii,2008,Misc,Hudson Soft,0.01,0,0.25,0,0.26
12962,Omega Labyrinth,PSV,2015,Role-Playing,D3Publisher,0,0,0.05,0,0.05
15740,Otometeki Koi Kakumei * Love Revo!! DS,DS,2008,Adventure,GungHo,0,0,0.02,0,0.02
8982,Dragon Ball Z: Idainaru Dragon Ball Densetsu,SAT,1995,Fighting,Namco Bandai Games,0,0,0.15,0,0.15
15678,Spirits & Spells,GC,2003,Platform,Wanadoo,0.01,0,0,0,0.02
5700,Fable III,PC,2011,Role-Playing,Microsoft Game Studios,0.09,0.17,0,0.05,0.32
10690,Petz Hamsterz Superstarz,DS,2009,Simulation,Ubisoft,0.09,0,0,0.01,0.1
8714,Wing Commander III: Heart of the Tiger,PS,1996,Action,Electronic Arts,0.09,0.06,0,0.01,0.16
7744,The King of Fighters XI,PS2,2006,Fighting,Ignition Entertainment,0.07,0.06,0.04,0.02,0.19
6581,Pirates of the Caribbean: Dead Man's Chest,DS,2006,Adventure,Disney Interactive Studios,0.23,0.01,0,0.02,0.26
4003,SplashDown: Rides Gone Wild,PS2,2003,Racing,THQ,0.24,0.19,0,0.06,0.5
526,Star Wars: The Force Unleashed,X360,2008,Action,LucasArts,1.74,0.8,0,0.26,2.8
8183,TRON: Evolution,DS,2010,Action,Disney Interactive Studios,0.12,0.04,0,0.01,0.18
2086,The Simpsons: Hit & Run,GC,2003,Racing,Vivendi Games,0.77,0.2,0,0.03,0.99
13316,Wii de Asobu Chibi-Robo!,Wii,2009,Adventure,Nintendo,0,0,0.05,0,0.05
779,Borderlands,PS3,2009,Shooter,Take-Two Interactive,1.2,0.62,0,0.29,2.11
13462,The King of Fighters 2002: Unlimited Match,PS2,2009,Fighting,SNK Playmore,0,0,0.04,0,0.04
4903,Rune Factory: Frontier,Wii,2008,Role-Playing,Rising Star Games,0.18,0.14,0.04,0.04,0.39
12049,Assassin's Creed: Rogue,PC,2015,Action,Ubisoft,0.04,0.02,0,0.01,0.07
3786,SingStar Dance,PS3,2010,Misc,Sony Computer Entertainment,0.09,0.32,0,0.12,0.53
9370,Hulk Hogan's Main Event,X360,2011,Fighting,505 Games,0.1,0.02,0,0.01,0.13
13709,Dead Ball Zone,PS,1998,Sports,GT Interactive,0.02,0.02,0,0,0.04
2835,NBA Live 08,PS2,2007,Sports,Electronic Arts,0.59,0.02,0.01,0.1,0.72
1494,Fighting Force,PS,1997,Fighting,Eidos Interactive,0.73,0.5,0,0.09,1.32
15766,Divinity: Original Sin,PC,2014,Role-Playing,Focus Home Interactive,0,0.02,0,0,0.02
16427,Real Crimes: The Unicorn Killer,DS,2011,Puzzle,Unknown,0,0.01,0,0,0.01
9618,Garfield's Fun Fest,DS,2008,Platform,Zoo Digital Publishing,0.07,0.04,0,0.01,0.13
344,Guitar Hero: World Tour,Wii,2008,Misc,Activision,2.33,0.97,0,0.35,3.65
7872,Family Game Night 4: The Game Show,Wii,2011,Misc,Electronic Arts,0.13,0.04,0,0.01,0.19
11727,Dynasty Warriors 3,XB,2002,Action,THQ,0.06,0.02,0,0,0.08
10968,Pillow Pets,DS,2011,Adventure,GameMill Entertainment,0.09,0,0,0.01,0.09
69,Just Dance 2,Wii,2010,Misc,Ubisoft,5.84,2.89,0.01,0.78,9.52
3538,Grease,Wii,2010,Misc,505 Games,0.27,0.25,0,0.05,0.57
14348,SingStar Chartbreaker,PS3,2009,Misc,Sony Computer Entertainment,0,0.02,0,0.01,0.03
6814,Harvest Moon: Magical Melody,GC,2005,Simulation,Ubisoft,0.19,0.05,0,0.01,0.24
3898,Madden NFL 2004,GC,2003,Sports,Electronic Arts,0.4,0.1,0,0.01,0.51
11140,Harvest Moon: Boy & Girl,PSP,2005,Simulation,Marvelous Interactive,0.08,0,0,0.01,0.09
15585,MotoGP 14,PSV,2014,Racing,Milestone S.r.l.,0,0.01,0,0,0.02
7807,FaceBreaker,X360,2008,Fighting,Electronic Arts,0.15,0.02,0,0.02,0.19
13759,Test Drive: Ferrari Legends,PS3,2012,Racing,Unknown,0.04,0,0,0,0.04
15966,Ship Simulator 2008,PC,2007,Simulation,Lighthouse Interactive,0,0.01,0,0,0.02
8209,The Suffering: Ties That Bind,PS2,2005,Action,Midway Games,0.09,0.07,0,0.02,0.17
5163,The Chronicles of Narnia: Prince Caspian,Wii,2008,Action,Disney Interactive Studios,0.31,0.02,0,0.03,0.36
493,Super Mario World 2: Yoshi's Island,GBA,2002,Platform,Nintendo,1.75,0.45,0.62,0.09,2.91
4587,Hometown Story,3DS,2013,Role-Playing,Rising Star Games,0.22,0.13,0.04,0.04,0.42
6730,Porky's,2600,1982,Action,20th Century Fox Video Games,0.23,0.01,0,0,0.25
3263,Disney's 102 Dalmatians: Puppies to the Rescue,PS,2000,Platform,Eidos Interactive,0.34,0.23,0,0.04,0.62
9642,Detana TwinBee Yahho! Deluxe Pack,SAT,1995,Shooter,Konami Digital Entertainment,0,0,0.13,0,0.13
7295,Scooby-Doo! Mystery Mayhem,GC,2004,Action,THQ,0.17,0.04,0,0.01,0.22
8142,Pro Evolution Soccer 2013,3DS,2012,Sports,Konami Digital Entertainment,0.05,0.02,0.1,0.01,0.18
15658,Ozzy & Drix,GBA,2003,Platform,Midway Games,0.01,0,0,0,0.02
10188,Astro Boy: The Video Game,PS2,2009,Action,D3Publisher,0.05,0.04,0,0.01,0.11
5005,Tamagotchi Connection: Corner Shop 3,DS,2007,Simulation,Atari,0.07,0,0.31,0.01,0.38
7464,NHL 2003,XB,2002,Sports,Electronic Arts,0.15,0.04,0,0.01,0.21
9994,FIFA Soccer,PSP,2005,Sports,Electronic Arts,0.11,0,0,0.01,0.12
1084,Shaun White Snowboarding: Road Trip,Wii,2008,Sports,Ubisoft,0.94,0.57,0,0.17,1.67
829,NBA Jam,GEN,1992,Sports,Arena Entertainment,1.75,0.25,0,0.05,2.05
15623,Bakumatsu Renka: Karyuu Kenshi-den,PS2,2007,Adventure,D3Publisher,0,0,0.02,0,0.02
12742,Broken Sword II: The Smoking Mirror,PS,1997,Adventure,Sony Computer Entertainment,0.03,0.02,0,0,0.06
12720,Evangelion: Jo,PSP,2009,Action,Namco Bandai Games,0,0,0.06,0,0.06
11964,Shin Chan Contra ¡Los Plastas!,DS,2009,Platform,505 Games,0,0,0.07,0,0.07
1489,Kingdom Hearts II,PS3,2014,Role-Playing,Square Enix,0.52,0.43,0.18,0.19,1.32
3367,From TV Animation One Piece: Grand Battle 2,PS,2002,Fighting,Namco Bandai Games,0,0,0.56,0.04,0.6
9938,Love Live! School Idol Paradise,PSV,2014,Misc,Kadokawa Games,0,0,0.12,0,0.12
14464,Renai Revenge,PSV,2015,Adventure,TGL,0,0,0.03,0,0.03
1055,Kirby's Return to Dreamland,Wii,2011,Platform,Nintendo,0.62,0.21,0.79,0.08,1.7
821,SoulCalibur II,PS2,2003,Fighting,Namco Bandai Games,1.06,0.62,0.13,0.25,2.06
14087,Harukanaru Toki no Naka de: Maihitoyo,PS2,2006,Adventure,Tecmo Koei,0,0,0.04,0,0.04
3088,Um Jammer Lammy,PS,1998,Misc,Sony Computer Entertainment,0.12,0.08,0.41,0.04,0.66
14902,Napoleon Dynamite: The Game,DS,2007,Puzzle,Crave Entertainment,0.02,0,0,0,0.03
16216,Aa Megami-samaa,PS2,2007,Adventure,Marvelous Interactive,0,0,0.01,0,0.01
14399,Otomedius Gorgeous,X360,2008,Shooter,Konami Digital Entertainment,0,0,0.03,0,0.03
334,Spyro: Year of the Dragon,PS,2000,Platform,Sony Computer Entertainment,1.93,1.58,0,0.19,3.71
3632,ZhuZhu Pets 2: Featuring The Wild Bunch,DS,2010,Simulation,Activision,0.41,0.11,0,0.04,0.55
5514,Pitfall 3D: Beyond the Jungle,PS,1998,Platform,Activision,0.18,0.12,0,0.02,0.33
7370,GRID Autosport,PS3,2014,Racing,Codemasters,0.05,0.11,0.01,0.04,0.21
14558,Pro Cycling Manager 2016,PC,2016,Sports,Focus Home Interactive,0,0.03,0,0,0.03
10454,Family Feud: 2012 Edition,X360,2011,Misc,Ubisoft,0.1,0,0,0.01,0.1
13712,NBA In The Zone '99,N64,1998,Sports,Konami Digital Entertainment,0.04,0,0,0,0.04
14470,Langrisser: Re:Incarnation Tensei,3DS,2015,Role-Playing,Extreme Entertainment Group,0.02,0,0.01,0,0.03
9389,Venetica,X360,2010,Role-Playing,DTP Entertainment,0.09,0.03,0,0.01,0.13
775,Kirby's Epic Yarn,Wii,2010,Platform,Nintendo,1.47,0.09,0.45,0.11,2.12
13628,MLB SlugFest 20-04,GC,2003,Sports,Midway Games,0.03,0.01,0,0,0.04
3324,Madden NFL 2002,GC,2001,Sports,Electronic Arts,0.47,0.12,0,0.02,0.61
11393,Meitantei Conan & Kindaichi Shounen no Jikenbou: Meguri au Futari no Meitantei,DS,2009,Adventure,Namco Bandai Games,0,0,0.08,0,0.08
4361,Samurai Warriors 3,Wii,2009,Action,Nintendo,0.1,0.02,0.32,0.01,0.45
3475,Xenosaga Episode II: Jenseits von Gut und Böse,PS2,2004,Role-Playing,Sony Computer Entertainment,0.28,0.22,0,0.07,0.58
15043,Winning Post 8 2015,PSV,2015,Action,Tecmo Koei,0,0,0.02,0,0.02
15,Wii Fit Plus,Wii,2009,Sports,Nintendo,9.09,8.59,2.53,1.79,22
7880,Shadows of the Damned,X360,2011,Action,Electronic Arts,0.1,0.06,0.01,0.02,0.19
6526,Duke Nukem: Zero Hour,N64,1999,Shooter,GT Interactive,0.21,0.05,0,0,0.26
13748,Sengoku Musou 3 Z Special,PSP,2012,Action,Ackkstudios,0,0,0.04,0,0.04
6925,Onechanbara Z2: Chaos,PS4,2014,Action,Nippon Ichi Software,0.13,0.02,0.04,0.04,0.24
13780,Clannad,PS2,2006,Adventure,Interchannel,0,0,0.04,0,0.04
15511,Hakuoki: Shinkai - Hana no Shou,PSV,2016,Adventure,Idea Factory,0,0,0.02,0,0.02
10618,SNK vs. Capcom: SVC Chaos,XB,2004,Fighting,Ignition Entertainment,0.08,0.02,0,0,0.1
1810,WWE 2K15,PS4,2014,Sports,Take-Two Interactive,0.38,0.56,0,0.19,1.13
8897,Curious George,GC,2006,Action,Namco Bandai Games,0.11,0.03,0,0,0.15
10576,Conflict: Global Terror,XB,2005,Shooter,SCi,0.08,0.02,0,0,0.1
4322,Crash: Mind Over Mutant,Wii,2008,Platform,Vivendi Games,0.36,0.06,0,0.03,0.45
13296,M&M's Adventure,DS,2008,Adventure,Zoo Digital Publishing,0.04,0,0,0,0.05
1503,The Beatles: Rock Band,X360,2009,Misc,MTV Games,0.97,0.23,0,0.11,1.31
15843,Battle Spirits: Hero's Soul,PSP,2010,Role-Playing,Namco Bandai Games,0,0,0.02,0,0.02
291,God of War II,PS2,2007,Action,Sony Computer Entertainment,2.32,0.04,0.04,1.67,4.07
10608,Sword & Sorcery,SAT,1996,Role-Playing,Micro Cabin,0,0,0.1,0,0.1
9005,L.A. Rush,XB,2005,Racing,Midway Games,0.11,0.03,0,0.01,0.14
1664,Shrek / Shrek 2 2-in-1 Gameboy Advance Video,GBA,2007,Misc,N/A,0.87,0.32,0,0.02,1.21
11594,Samurai Warriors 2,X360,2006,Action,Tecmo Koei,0.07,0.01,0,0.01,0.08
4784,Story of Seasons,3DS,2014,Simulation,Nintendo,0,0.13,0.26,0.01,0.4
2709,Mega Man Battle Network 6: Cybeast Falzar / Gregar,GBA,2005,Role-Playing,Capcom,0.09,0.03,0.62,0.02,0.76
11184,Jimmy Neutron: Boy Genius,GC,2002,Platform,THQ,0.07,0.02,0,0,0.09
6793,Dreamcast Collection,X360,2011,Misc,Sega,0.16,0.07,0,0.02,0.24
2633,Secret Agent Barbie: Royal Jewels Mission,GBA,2002,Platform,Vivendi Games,0.56,0.21,0,0.01,0.78
1970,Aliens vs Predator,PS3,2010,Shooter,Sega,0.41,0.47,0,0.18,1.05
8445,Wildstar,PC,2014,Role-Playing,NCSoft,0.08,0.07,0,0.02,0.17
4917,Metal Gear Solid: The Legacy Collection,PS3,2013,Adventure,Konami Digital Entertainment,0.31,0.01,0.03,0.05,0.39
60,Super Mario 64,DS,2004,Platform,Nintendo,5.08,3.11,1.25,0.98,10.42
2376,Crimson Skies: High Road to Revenge,XB,2003,Simulation,Microsoft Game Studios,0.65,0.19,0,0.03,0.87
4390,NHL FaceOff,PS,1994,Sports,Sony Computer Entertainment,0.25,0.17,0,0.03,0.45
7209,CSI: Fatal Conspiracy,Wii,2010,Adventure,Ubisoft,0.12,0.08,0,0.02,0.22
14675,Vitamin Z,PS2,2009,Adventure,D3Publisher,0,0,0.03,0,0.03
2315,James Bond 007: Agent Under Fire,XB,2002,Shooter,Electronic Arts,0.65,0.22,0,0.03,0.9
14007,12-Sai. Koisuru Diary,3DS,2016,Adventure,Happinet,0,0,0.04,0,0.04
2990,Fossil Fighters: Champions,DS,2010,Role-Playing,Nintendo,0.32,0,0.34,0.02,0.68
14295,Monster Rancher Hop-A-Bout,PS,2000,Action,Tecmo Koei,0.02,0.01,0,0,0.03
8949,Deus Ex: Mankind Divided,XOne,2016,Role-Playing,Square Enix,0.08,0.06,0,0.01,0.15
2142,FIFA Soccer 2005,XB,2004,Sports,Electronic Arts,0.33,0.6,0,0.04,0.97
672,Kirby's Dream Land 2,GB,1995,Platform,Nintendo,0.69,0.14,1.48,0.05,2.36
8919,Major League Baseball 2K8,PS2,2008,Sports,Bethesda Softworks,0.07,0.06,0,0.02,0.15
5702,Might & Magic Heroes VI,PC,2011,Role-Playing,Ubisoft,0.12,0.14,0,0.05,0.31
10903,Etrian Odyssey 2 Untold: Knight of Fafnir,3DS,2014,Role-Playing,Atlus,0.07,0.02,0,0.01,0.09
8232,Open Season,GC,2006,Platform,Ubisoft,0.13,0.03,0,0,0.17
11126,Naruto Shippuden: Gekito Ninja Taisen! EX 2,Wii,2007,Fighting,Takara Tomy,0,0,0.09,0,0.09
14875,Battlefield 1942,PC,2002,Shooter,Electronic Arts,0.01,0.01,0,0,0.03
14499,CIMA: The Enemy,GBA,2003,Role-Playing,Marvelous Interactive,0.02,0.01,0,0,0.03
2611,WCW Mayhem,N64,1999,Fighting,Electronic Arts,0.63,0.15,0,0.01,0.79
10826,Disney's Aladdin in Nasira's Revenge,PS,2000,Action,Sony Computer Entertainment,0.05,0.04,0,0.01,0.09
7190,NFL Quarterback Club 97,PS,1996,Sports,Acclaim Entertainment,0.12,0.08,0,0.01,0.22
6455,Littlest Pet Shop: Friends,Wii,2009,Simulation,Electronic Arts,0.22,0.02,0,0.02,0.26
4576,Mega Man Battle Network,GBA,2001,Role-Playing,Capcom,0.14,0.05,0.22,0.01,0.42
13562,Tennis no Oji-Sama: DokiDoki Survival - Sanroku no Mystic,PS2,2006,Adventure,Konami Digital Entertainment,0,0,0.04,0,0.04
13152,Codename: Kids Next Door: Operation V.I.D.E.O.G.A.M.E.,GC,2005,Platform,Global Star,0.04,0.01,0,0,0.05
12749,Girls RPG: Cinderellife,3DS,2012,Role-Playing,Level 5,0,0,0.06,0,0.06
12367,Legend of Kay,DS,2010,Action,JoWood Productions,0.06,0,0,0,0.06
6232,Deer Hunter,PS2,2003,Sports,Atari,0.14,0.11,0,0.04,0.28
16343,Grooverider: Slot Car Thunder,GC,2003,Racing,Encore,0.01,0,0,0,0.01
16068,Aquaman: Battle for Atlantis,XB,N/A,Action,Unknown,0.01,0,0,0,0.01
653,LEGO Indiana Jones: The Original Adventures,Wii,N/A,Action,LucasArts,1.54,0.63,0,0.22,2.39
6021,Ys: Memories of Celceta,PSV,2012,Action,Nihon Falcom Corporation,0.15,0.01,0.1,0.04,0.29
403,English Training: Have Fun Improving Your Skills!,DS,2006,Misc,Nintendo,0,0.99,2.32,0.02,3.33
10947,Yourself Fitness,XB,2004,Sports,responDESIGN,0.07,0.02,0,0,0.09
3167,Sega Rally Revo,PS3,2007,Racing,Sega,0.07,0.43,0,0.14,0.64
13644,Jewel Quest Mysteries 2: Trail of the Midnight Heart,DS,2011,Puzzle,Unknown,0,0.04,0,0.01,0.04
10647,Disney's The Jungle Book,GBA,2002,Platform,Ubisoft,0.07,0.03,0,0,0.1
10900,Digimon Rumble Arena 2,PS2,2004,Fighting,Atari,0.05,0.04,0,0.01,0.09
5198,Tropico 4,X360,N/A,Strategy,Kalypso Media,0.2,0.13,0,0.03,0.36
11524,Puzzler Mind Gym 3D,3DS,2011,Puzzle,Ubisoft,0.07,0,0,0,0.08
15974,Memories Off 6: Next Relation,PS2,2009,Adventure,5pb,0,0,0.02,0,0.02
12546,Mobile Suit Gundam: Gundam vs. Zeta Gundam,PS2,2004,Shooter,Namco Bandai Games,0.03,0.02,0,0.01,0.06
16140,Game Book DS: Sword World 2.0,DS,2009,Role-Playing,Broccoli,0,0,0.01,0,0.01
6712,The Legend of Legacy,3DS,2015,Role-Playing,FuRyu,0.11,0.02,0.1,0.01,0.25
5138,Bionic Commando,PS3,2009,Platform,Capcom,0.12,0.17,0.01,0.07,0.37
1692,Pro Evolution Soccer 2008,Wii,2008,Sports,Konami Digital Entertainment,0.09,0.84,0.11,0.15,1.19
2220,NHL 2003,PS2,2002,Sports,Electronic Arts,0.46,0.36,0,0.12,0.93
14607,Power Poke Dash,GBA,2006,Sports,Konami Digital Entertainment,0,0,0.03,0,0.03
7538,Shining Blade,PSP,2012,Role-Playing,Sega,0,0,0.2,0,0.2
383,Far Cry 3,PS3,2012,Shooter,Ubisoft,0.88,1.75,0.1,0.72,3.45
13328,Rain (2013),PS3,2013,Adventure,Sony Computer Entertainment,0,0,0.05,0,0.05
10118,Just In Time Translations,DS,2009,Misc,THQ,0.1,0,0,0.01,0.11
16480,"Shinobi, Koi Utsutsu: Setsugetsuka Koi Emaki",PSV,2015,Action,Idea Factory,0,0,0.01,0,0.01
6147,Polaris,2600,1982,Action,Tigervision,0.26,0.02,0,0,0.28
15217,Moujuutsukai to Oujisama Portable,PSP,2011,Adventure,Idea Factory,0,0,0.02,0,0.02
469,NBA 2K13,X360,2012,Sports,Take-Two Interactive,2.6,0.21,0.01,0.19,3
13614,Emergency Room: Real Life Rescues,DS,2009,Simulation,505 Games,0.04,0,0,0,0.04
12388,Spy Games: Elevator Mission,Wii,2007,Shooter,Tommo,0.06,0,0,0,0.06
6670,SpongeBob's Truth or Square (US sales),X360,2009,Action,THQ,0.25,0,0,0,0.25
12269,Pirates: The Legend of Black Kat,XB,2002,Adventure,Electronic Arts,0.05,0.01,0,0,0.06
265,Namco Museum,GBA,2001,Misc,Namco Bandai Games,3,1.11,0.05,0.07,4.24
15460,Steins;Gate: Hiyoku Renri no Darling,PS3,2012,Adventure,5pb,0,0,0.02,0,0.02
5636,Fortress,GBA,2001,Action,Majesco Entertainment,0.23,0.08,0,0.01,0.32
6259,ExciteBots: Trick Racing,Wii,2009,Racing,Nintendo,0.26,0,0,0.02,0.28
3671,Soccer Tsuku 2002: J-League Pro Soccer Club o Tsukurou!,PS2,2002,Sports,Sega,0,0,0.55,0,0.55
15392,Ridge Racer Unbounded,PC,2012,Racing,Namco Bandai Games,0,0.02,0,0,0.02
7277,DS Nishimura Kyotaro Suspense Shin Tantei Series: Kyoto Atami Zekkai no Kotou - Satsui no Wana,DS,2007,Adventure,Tecmo Koei,0,0,0.22,0,0.22
1421,Star Wars Knights of the Old Republic II: The Sith Lords,XB,2004,Role-Playing,Activision,0.99,0.33,0,0.05,1.37
7451,Tony Hawk's Motion,DS,2008,Sports,Activision,0.19,0,0,0.02,0.21
11990,MLB Front Office Manager,X360,2009,Sports,Take-Two Interactive,0.06,0,0,0.01,0.07
12848,Samurai Dou Portable,PSP,2008,Action,Spike,0,0,0.05,0,0.05
3096,Disney Infinity 2.0: Marvel Super Heroes,WiiU,2014,Action,Disney Interactive Studios,0.38,0.22,0,0.06,0.65
8995,Tamagotchi no Appare! Niji Venture,DS,2007,Role-Playing,Namco Bandai Games,0,0,0.14,0,0.14
15468,Garfield Gets Real,DS,2009,Action,Zushi Games,0,0.02,0,0,0.02
11600,Outlaw Tennis,PS2,2005,Sports,Global Star,0.04,0.03,0,0.01,0.08
9999,Mystery P.I. - Portrait of a Thief,DS,2008,Adventure,Unknown,0.11,0,0,0.01,0.11
1386,Sonic Advance 3,GBA,2004,Platform,THQ,0.74,0.52,0.08,0.06,1.4
4791,"Transformers: The Game (XBox 360, PS2, PS3, Wii & PC Versions)",PS3,2007,Action,Activision,0.32,0.04,0.01,0.04,0.4
9953,Get Up and Dance,Wii,2011,Misc,O-Games,0.06,0.04,0,0.01,0.12
1862,F-Zero X,N64,1998,Racing,Nintendo,0.45,0.33,0.29,0.03,1.1
433,Rhythm Heaven,DS,2008,Misc,Nintendo,0.58,0.51,1.93,0.14,3.17
13284,Diabolik Lovers,PSP,2012,Adventure,Idea Factory,0,0,0.05,0,0.05
11372,Shin Megami Tensei: Digital Devil Saga 2,PS2,2005,Role-Playing,Ghostlight,0.04,0.03,0,0.01,0.08
8765,American Chopper,XB,2004,Racing,Zoo Digital Publishing,0.11,0.03,0,0.01,0.15
4971,Samurai Warriors Chronicles,3DS,2011,Action,Tecmo Koei,0.12,0.05,0.2,0.01,0.39
8201,You Don't Know Jack,PS3,2011,Misc,THQ,0.16,0,0,0.01,0.18
3610,ESPN NFL Football,PS2,2003,Sports,Sega,0.27,0.21,0,0.07,0.56
7111,Ratchet & Clank: Full Frontal Assault,PS3,2012,Adventure,Sony Computer Entertainment,0.19,0.01,0,0.02,0.23
16322,Period Cube: Torikago no Amadeus,PSV,2016,Action,Idea Factory,0,0,0.01,0,0.01
11968,Zumba Fitness Core,X360,2012,Misc,505 Games,0,0.06,0,0.01,0.07
3114,Tiger Woods PGA Tour 10,X360,2009,Sports,Electronic Arts,0.39,0.2,0,0.06,0.65
1029,Twisted Metal III,PS,1998,Action,989 Studios,1.48,0.2,0,0.05,1.73
2912,NCAA Football 08,X360,2007,Sports,Electronic Arts,0.65,0,0,0.05,0.7
10830,Winning Post 6,PS2,2003,Sports,Tecmo Koei,0,0,0.09,0,0.09
10912,World Championship Poker 2: Featuring Howard Lederer,XB,2005,Misc,Crave Entertainment,0.07,0.02,0,0,0.09
8092,Spider-Man: Friend or Foe,PSP,2007,Action,Activision,0.16,0,0,0.01,0.18
4508,Wheel of Fortune,DS,2010,Misc,THQ,0.41,0,0,0.03,0.43
3577,Cabela's Big Game Hunter 2005 Adventures,PS2,2004,Sports,Activision,0.28,0.21,0,0.07,0.56
13620,Bloody Roar Extreme,XB,2003,Fighting,Hudson Soft,0.03,0.01,0,0,0.04
5161,The Sims 2: Castaway,PS2,2007,Simulation,Electronic Arts,0.3,0.01,0,0.05,0.37
12390,Song of the Deep,PS4,2016,Action,Insomniac Games,0.05,0,0,0.01,0.06
14788,Air Conflicts: Secret Wars,PC,2011,Simulation,bitComposer Games,0,0.02,0,0.01,0.03
631,Final Fantasy Tactics,PS,1997,Role-Playing,SquareSoft,0.93,0.12,1.34,0.06,2.45
6057,WWII Aces,Wii,2008,Simulation,Destineer,0.27,0,0,0.02,0.29
6935,Ar tonelico Qoga: Knell of Ar Ciel,PS3,2010,Role-Playing,Tecmo Koei,0.08,0.01,0.13,0.01,0.24
6590,Mario & Sonic at the Rio 2016 Olympic Games,WiiU,2016,Action,Nintendo,0.03,0.11,0.1,0.01,0.26
1719,Spore,PC,2008,Strategy,Electronic Arts,0.03,1.06,0,0.09,1.17
6315,Tiger Woods PGA Tour 07,PSP,2006,Sports,Electronic Arts,0.2,0.04,0,0.04,0.27
14385,Hakuoki Zuisouroku Omokage Hana,PSV,2015,Action,Idea Factory,0,0,0.03,0,0.03
4513,NBA Jam,Wii,2010,Sports,Electronic Arts,0.38,0.03,0,0.03,0.43
6422,The Dog Island,PS2,2007,Adventure,Ubisoft,0.13,0.1,0,0.03,0.27
10366,Reign of Fire,GC,2002,Shooter,BAM! Entertainment,0.08,0.02,0,0,0.11
12230,Disney Infinity,PSV,2013,Action,Disney Interactive Studios,0.05,0,0,0.02,0.07
1866,SingStar Legends,PS2,2006,Misc,Sony Computer Entertainment,0.12,0.75,0,0.23,1.1
972,Kinect Star Wars,X360,2012,Action,Microsoft Game Studios,1.05,0.57,0.03,0.14,1.78
11686,Animal Kingdom: Wildlife Expedition,Wii,2009,Adventure,Natsume,0.07,0,0,0.01,0.08
6399,Jurassic Park: Operation Genesis,PS2,2003,Simulation,Konami Digital Entertainment,0.13,0.1,0,0.03,0.27
5524,"Warhammer 40,000: Squad Command",PSP,2007,Strategy,THQ,0.11,0.14,0,0.08,0.33
2562,Guitar Hero: Metallica,X360,2009,Misc,Activision,0.52,0.21,0,0.07,0.81
10082,Naruto Ultimate Collection,PS2,2008,Misc,Namco Bandai Games,0.06,0.04,0,0.01,0.11
13198,Whirl Tour,GC,2002,Sports,Vivendi Games,0.04,0.01,0,0,0.05
5162,NCAA Football 07,PSP,2006,Sports,Electronic Arts,0.34,0,0,0.03,0.37
3140,Crash of the Titans,PSP,2007,Action,Vivendi Games,0.25,0.25,0,0.15,0.64
6990,SSX On Tour,PSP,2005,Sports,Electronic Arts,0.19,0.02,0,0.02,0.23
11484,The Witch and the Hundred Knight,PS4,2015,Role-Playing,Nippon Ichi Software,0.02,0.01,0.05,0.01,0.08
15030,Kensei: Sacred Fist,PS,1997,Fighting,Konami Digital Entertainment,0.01,0.01,0,0,0.02
14855,I Heart Geeks,DS,2011,Puzzle,CDV Software Entertainment,0.02,0,0,0,0.03
11627,Ford vs. Chevy,XB,2005,Racing,Global Star,0.06,0.02,0,0,0.08
8079,Pokémon I Choose You / Squirtle Squad Game Boy Advance Video,GBA,2004,Misc,Nintendo,0.13,0.05,0,0,0.18
15191,Fritz Chess,DS,2009,Strategy,Deep Silver,0.02,0,0,0,0.02
11482,Tony Hawk's Pro Skater 3,N64,2002,Sports,Activision,0.06,0.02,0,0,0.08
12227,Worms Forts: Under Siege,XB,2004,Strategy,Sega,0.05,0.01,0,0,0.07
3027,Taiko no Tatsujin Wii,Wii,2008,Misc,Namco Bandai Games,0,0,0.67,0,0.67
11517,Sentimental Graffiti 2,DC,2000,Adventure,NEC Interchannel,0,0,0.08,0,0.08
6682,MotoGP '07,X360,2007,Racing,THQ,0.23,0,0,0.02,0.25
15602,The King of Fighters Collection: The Orochi Saga (JP sales),PS2,2006,Fighting,Ignition Entertainment,0,0,0.02,0,0.02
5066,Gravitar,2600,1982,Action,Atari,0.35,0.02,0,0,0.38
1749,Bushido Blade,PS,1997,Fighting,Sony Computer Entertainment,0.39,0.27,0.43,0.08,1.16
14201,Monster Guardians,GBA,2001,Role-Playing,Konami Digital Entertainment,0,0,0.03,0,0.03
694,Pokemon Ranger: Shadows of Almia,DS,2008,Role-Playing,Nintendo,0.95,0.54,0.62,0.18,2.3
7635,Jissen Pachi-Slot Hisshouhou! Aladdin A,PS2,2002,Misc,Sammy Corporation,0,0,0.2,0,0.2
16293,Sangoku Koi Senki: Omoide Gaeshi - CS Edition,PSV,2016,Adventure,Prototype,0,0,0.01,0,0.01
6675,Marie no Atelier: Salburg no Renkinjutsushi,PS,1997,Role-Playing,Gust,0,0,0.23,0.02,0.25
580,God of War Collection,PS3,2009,Action,Sony Computer Entertainment,1.7,0.46,0.06,0.41,2.63
9751,Super Robot Wars OG Saga: Masou Kishin II - Revelation of Evil God,PSP,N/A,Strategy,N/A,0,0,0.12,0,0.12
6245,Summer Heat Beach Volleyball,PS2,2003,Sports,Acclaim Entertainment,0.14,0.11,0,0.04,0.28
7751,Saw II: Flesh & Blood,PS3,2010,Action,Konami Digital Entertainment,0.1,0.07,0,0.03,0.19
4278,LEGO Rock Band,DS,2009,Misc,Warner Bros. Interactive Entertainment,0.33,0.09,0,0.04,0.46
1337,SimCity (2013),PC,2013,Simulation,Electronic Arts,0.48,0.77,0,0.19,1.44
15565,Barbie as the Princess and the Pauper,GBA,2004,Adventure,Vivendi Games,0.01,0,0,0,0.02
10710,Real Bout Garou Densetsu,SAT,1996,Fighting,SNK,0,0,0.1,0,0.1
11844,G Darius,PS,1997,Shooter,THQ,0.04,0.03,0,0,0.07
5021,Bratz: Rock Angelz,PS2,2005,Misc,THQ,0.19,0.15,0,0.05,0.38
9145,How to Train Your Dragon,X360,2010,Action,Activision,0.11,0.02,0,0.01,0.14
2206,Mario Tennis Open,3DS,2012,Sports,Nintendo,0.26,0.29,0.33,0.05,0.94
12101,Family Trainer: Treasure Adventure,Wii,2010,Sports,Namco Bandai Games,0,0.06,0,0.01,0.07
1944,Darksiders,X360,2010,Action,THQ,0.67,0.29,0.01,0.1,1.06
4284,Tomb Raider: Legend,PSP,2006,Action,Eidos Interactive,0.09,0.24,0,0.12,0.46
9323,NCIS,Wii,2011,Adventure,Ubisoft,0.08,0.04,0,0.01,0.14
12467,The Witcher,PC,2007,Role-Playing,Atari,0,0.05,0,0.01,0.06
2414,Darksiders II,PS3,2012,Action,THQ,0.35,0.37,0.01,0.14,0.86
8582,Power Stakes,PS,1997,Sports,Aques,0,0,0.15,0.01,0.16
5979,Dynasty Warriors: Strikeforce,PS3,2009,Action,Tecmo Koei,0.11,0.08,0.07,0.03,0.29
3244,Vanquish,PS3,2010,Shooter,Sega,0.21,0.22,0.11,0.09,0.62
9552,Teenage Mutant Ninja Turtles 2: Battle Nexus,XB,2004,Action,Konami Digital Entertainment,0.1,0.03,0,0,0.13
6049,Pirates of the Caribbean,XB,2003,Role-Playing,Ubisoft,0.22,0.06,0,0.01,0.29
13248,Putty Squad,PSV,2013,Platform,System 3,0.02,0.02,0,0.01,0.05
12197,Doraemon: Nobita no Shin Makai Daibouken DS,DS,2007,Role-Playing,Sega,0,0,0.07,0,0.07
1554,The Sims 2: Nightlife,PC,2005,Simulation,Electronic Arts,1.22,0.05,0,0,1.27
4358,Yu-Gi-Oh! Destiny Board Traveler,GBA,2004,Misc,Konami Digital Entertainment,0.32,0.12,0,0.01,0.45
10893,The Crew: Wild Run,PS4,2015,Action,Ubisoft,0,0.08,0,0.01,0.09
9513,Brothers: A Tale of Two Sons,PS4,2015,Adventure,505 Games,0.03,0.08,0,0.02,0.13
5549,"Carnival Games: Monkey See, Monkey Do!",X360,2011,Misc,Take-Two Interactive,0.14,0.16,0,0.03,0.33
10991,FIFA 2001: Major League Soccer,PS2,2000,Sports,Electronic Arts,0,0,0.09,0,0.09
5739,Tiny Toon Adventures: The Great Beanstalk,PS,1998,Misc,Sony Computer Entertainment,0.17,0.12,0,0.02,0.31
11037,How to Train Your Dragon 2,WiiU,2014,Adventure,Little Orbit,0.04,0.05,0,0.01,0.09
3638,Daytona USA,SAT,1994,Racing,Sega,0,0,0.55,0,0.55
16365,Powerdrome,XB,2004,Racing,Evolved Games,0.01,0,0,0,0.01
6068,Sonic & All-Stars Racing Transformed,3DS,2012,Racing,Sega,0.12,0.15,0,0.02,0.29
4669,High Rollers Casino,PS2,2004,Misc,Mud Duck Productions,0.2,0.16,0,0.05,0.42
3304,Ganbaru Watashi no Kakei Diary,DS,2007,Misc,Nintendo,0,0,0.61,0,0.61
15418,RollerCoaster Tycoon World,PC,2016,Simulation,Atari,0,0.02,0,0,0.02
13836,SuperCar Challenge,PS3,2009,Racing,System 3 Arcade Software,0,0.03,0,0.01,0.04
16204,Adventure Time: The Secret of the Nameless,X360,2014,Adventure,Little Orbit,0.01,0,0,0,0.01
7225,ECW Hardcore Revolution,N64,2000,Fighting,Acclaim Entertainment,0.18,0.04,0,0,0.22
2123,Tom Clancy's Splinter Cell: Blacklist,PS3,2013,Action,Ubisoft,0.34,0.41,0.06,0.18,0.98
1186,Pro Evolution Soccer 2013,PS3,2012,Sports,Konami Digital Entertainment,0.18,0.64,0.49,0.25,1.56
15080,Line Rider 2: Unbound,Wii,2008,Puzzle,Deep Silver,0.02,0,0,0,0.02
11258,SRS: Street Racing Syndicate,GC,2004,Racing,Namco Bandai Games,0.07,0.02,0,0,0.08
6411,NFL Street 3,PSP,2006,Sports,Electronic Arts,0.24,0,0,0.02,0.27
9623,Burnout,XB,2002,Racing,Acclaim Entertainment,0.09,0.03,0,0,0.13
1682,NHL 2002,PS2,2001,Sports,Electronic Arts,0.59,0.46,0,0.15,1.2
599,Art Academy,DS,2010,Misc,Nintendo,0.28,1.68,0.33,0.28,2.57
9734,M&M's Kart Racing,DS,2008,Racing,Zoo Digital Publishing,0.11,0,0,0.01,0.12
10536,DJ Max Fever,PSP,2009,Misc,PM Studios,0.09,0,0,0.01,0.1
4992,Cabela's Dangerous Hunts 2009,Wii,2008,Sports,Activision Value,0.36,0,0,0.03,0.38
6595,MTX Mototrax,PS2,2004,Racing,Activision,0.13,0.1,0,0.03,0.26
9634,Aikatsu! 365 Idol Days,3DS,2014,Adventure,Namco Bandai Games,0,0,0.13,0,0.13
12555,Rooms: The Main Building,Wii,2010,Adventure,Hudson Soft,0.06,0,0,0,0.06
378,FIFA Soccer 2004,PS2,N/A,Sports,Electronic Arts,0.59,2.36,0.04,0.51,3.49
8709,Jurassic Park: The Game,X360,N/A,Action,Unknown,0.15,0,0,0.01,0.16
9355,Baseball Advance,GBA,2002,Sports,Sega,0.1,0.04,0,0,0.13
7639,Nobunaga no Yabou: Reppuuden,PS,1999,Strategy,Tecmo Koei,0,0,0.19,0.01,0.2
9039,Disney Infinity 2.0: Marvel Super Heroes,PSV,2015,Action,Disney Interactive Studios,0,0.11,0,0.03,0.14
4676,NBA Jam,PS2,2003,Sports,Acclaim Entertainment,0.2,0.16,0,0.05,0.41
1947,Simple 1500 Series Vol. 1: The Mahjong,PS,1998,Misc,D3Publisher,0,0,0.99,0.07,1.06
279,Frogger,PS,1997,Action,Hasbro Interactive,3.79,0.27,0,0.11,4.16
14625,The Croods: Prehistoric Party!,WiiU,2013,Misc,D3Publisher,0.01,0.01,0,0,0.03
11028,Spectral Force Genesis,DS,2008,Role-Playing,Nobilis,0.08,0,0.01,0.01,0.09
2557,NCAA Football 10,PS3,2009,Sports,Electronic Arts,0.75,0,0,0.06,0.81
14917,Stronghold 2 Deluxe,PC,2005,Strategy,Take-Two Interactive,0,0.02,0,0,0.02
13278,American Chopper 2: Full Throttle,XB,2005,Racing,Zoo Digital Publishing,0.04,0.01,0,0,0.05
11078,Action Man-Operation Extreme,PS,N/A,Action,N/A,0.05,0.03,0,0.01,0.09
6477,Prison Break: The Conspiracy,PS3,2010,Action,Deep Silver,0.05,0.16,0,0.05,0.26
1816,Pokémon Mystery Dungeon: Red Rescue Team (US weekly sales),GBA,2005,Role-Playing,Nintendo,0.81,0.3,0,0.02,1.13
7185,Hidden Mysteries: Buckingham Palace,DS,2010,Puzzle,Avanquest,0.13,0.07,0,0.02,0.22
16315,Fuun Shinsengumi Bakumatsuden Portable,PSP,2009,Action,From Software,0.01,0,0,0,0.01
5562,Etrian Odyssey III: The Drowned City,DS,2010,Role-Playing,Atlus,0.13,0,0.19,0.01,0.33
1521,EA Playground,Wii,2007,Sports,Electronic Arts,0.69,0.48,0,0.13,1.3
6017,Angry Birds Star Wars,X360,2013,Strategy,Activision,0.16,0.11,0,0.03,0.29
11880,Stacked with Daniel Negreanu,PS2,2006,Misc,Myelin Media,0.04,0.03,0,0.01,0.07
8450,Senran Kagura: Estival Versus,PS4,2015,Action,Marvelous Interactive,0.07,0,0.08,0.02,0.17
5810,A Collection of Classic Games from the Intellivision,PS,1999,Misc,Activision,0.17,0.12,0,0.02,0.31
11526,Sentimental Graffiti: First Window,SAT,1997,Adventure,NEC Interchannel,0,0,0.08,0,0.08
402,Assassin's Creed IV: Black Flag,X360,2013,Action,Ubisoft,1.9,1.14,0.01,0.29,3.34
5732,Jampack: Summer 2003 (RP-M),PS2,2003,Misc,Sony Computer Entertainment,0.15,0.12,0,0.04,0.31
8771,The Terminator: Dawn of Fate,XB,2002,Action,Atari,0.11,0.03,0,0.01,0.15
13344,Chocobo to Mahou no Ehon: Majo to Shoujo to 5-Jin no Yuusha,DS,2008,Role-Playing,Square Enix,0,0,0.05,0,0.05
14801,Archer Maclean Presents: Pool Paradise,GC,2004,Sports,Ignition Entertainment,0.02,0.01,0,0,0.03
3453,Trivial Pursuit,Wii,2009,Misc,Electronic Arts,0.21,0.31,0,0.07,0.58
10874,MotoGP,XB,2002,Racing,THQ,0.07,0.02,0,0,0.09
624,NBA 2K13,PS3,2012,Sports,Take-Two Interactive,1.72,0.44,0.05,0.27,2.48
13556,Yowamushi Pedal,3DS,2015,Action,Namco Bandai Games,0,0,0.04,0,0.04
10521,God Eater 2: Rage Burst,PS4,2015,Role-Playing,Namco Bandai Games,0,0.01,0.09,0,0.1
2969,The Last Remnant,X360,2008,Role-Playing,Square Enix,0.25,0.2,0.18,0.06,0.69
10821,Playboy: The Mansion,XB,2005,Simulation,Ubisoft,0.07,0.02,0,0,0.09
3435,Backyard NBA Basketball,PS2,2003,Sports,Atari,0.29,0.22,0,0.07,0.59
11841,Winning Post 7 2012,PS3,2012,Sports,Ackkstudios,0,0,0.07,0,0.07
5905,Eternal Ring,PS2,2000,Role-Playing,Ubisoft,0.1,0.07,0.1,0.03,0.3
6157,Mega Man: Dr. Wily's Revenge,GB,1991,Platform,Nintendo,0,0,0.28,0,0.28
10734,Pinball Hall of Fame: The Williams Collection,3DS,2011,Misc,Crave Entertainment,0.09,0,0,0.01,0.1
8552,Wakeboarding Unleashed Featuring Shaun Murray,PS2,2003,Sports,Activision,0.08,0.06,0,0.02,0.16
14356,Montessori Music,DS,2008,Misc,Oxygen Interactive,0.01,0.02,0,0,0.03
12021,Crimson Sea 2,PS2,2004,Action,Tecmo Koei,0.03,0.03,0,0.01,0.07
3521,SpongeBob SquarePants featuring Nicktoons: Globs of Doom,DS,2008,Action,THQ,0.53,0,0,0.04,0.57
3182,Lemony Snicket's A Series of Unfortunate Events,PS2,2004,Platform,Activision,0.31,0.24,0,0.08,0.64
953,Kirby: Triple Deluxe,3DS,2014,Platform,Nintendo,0.61,0.34,0.79,0.09,1.82
4890,Viking: Battle for Asgard,PS3,2008,Action,Sega,0.14,0.18,0,0.07,0.39
15347,Airport Simulator,PC,2011,Simulation,Unknown,0,0.02,0,0,0.02
7713,X-Men Origins: Wolverine,DS,2009,Action,Activision,0.15,0.03,0,0.02,0.2
14809,Cake Mania: Baker's Challenge,PS2,2008,Puzzle,Destineer,0.01,0.01,0,0,0.03
4939,Jampack Winter 2003 (RP-T),PS2,2003,Misc,Sony Computer Entertainment,0.19,0.15,0,0.05,0.39
16533,Sébastien Loeb Rally Evo,XOne,2016,Racing,Milestone S.r.l,0,0.01,0,0,0.01
3180,Donkey Kong Barrel Blast,Wii,2007,Racing,Nintendo,0.2,0.26,0.11,0.06,0.64
6623,NASCAR 09,X360,2008,Racing,Electronic Arts,0.23,0,0,0.02,0.25
8729,"Warhammer 40,000: Fire Warrior",PS2,2003,Shooter,THQ,0.08,0.06,0,0.02,0.15
11026,Hello Kitty's Cube Frenzy,PS,1998,Puzzle,Culture Publishers,0.05,0.03,0,0.01,0.09
11228,Ys I & II Chronicles,PSP,2009,Role-Playing,Falcom Corporation,0.05,0,0.03,0.01,0.09
8150,Mercury Meltdown Revolution,Wii,2007,Action,Ignition Entertainment,0.16,0,0,0.01,0.18
310,MotorStorm,PS3,2006,Racing,Sony Computer Entertainment,1.53,1.61,0.06,0.67,3.88
3293,Disney Sing It: Family Hits,Wii,2010,Misc,Disney Interactive Studios,0.39,0.18,0,0.05,0.61
1823,Final Fantasy XIV: A Realm Reborn,PS3,2013,Role-Playing,Square Enix,0.36,0.33,0.28,0.15,1.12
15097,DiRT,PC,2007,Racing,Codemasters,0,0.02,0,0,0.02
9918,Don Bradman Cricket 14,PS4,2015,Sports,Tru Blu Entertainment,0.01,0.09,0,0.02,0.12
9516,BlazBlue: Continuum Shift II,PSP,2011,Fighting,PQube,0.03,0.02,0.07,0.01,0.13
14597,Metal Dungeon,XB,2002,Role-Playing,Xicat Interactive,0.02,0.01,0,0,0.03
15783,Reine des Fleurs,PSV,2015,Action,Idea Factory,0,0,0.02,0,0.02
14953,Virtua Tennis: World Tour (jp sales),PSP,2005,Sports,Sega,0,0,0.02,0,0.02
12376,Unchained Blades,PSP,2011,Role-Playing,FuRyu,0,0,0.06,0,0.06
2263,Disney Magical World,3DS,2013,Adventure,Nintendo,0.16,0.2,0.53,0.03,0.92
1013,Cooking Mama 3: Shop & Chop,DS,2009,Simulation,505 Games,0.83,0.66,0.08,0.18,1.75
2374,GRID,X360,2008,Racing,Codemasters,0.33,0.44,0.01,0.09,0.88
14452,Keshisasu-Kun: Battle Kas-tival,DS,2010,Action,Konami Digital Entertainment,0,0,0.03,0,0.03
2024,Tomb Raider,PC,1996,Action,Eidos Interactive,0.96,0.07,0,0,1.03
2994,Bushido Blade 2,PS,1998,Fighting,SquareSoft,0.25,0.17,0.22,0.04,0.68
13369,Super Bubble Pop,GC,2003,Puzzle,Jaleco,0.04,0.01,0,0,0.05
13153,Need for Speed Carbon,PC,2006,Racing,Electronic Arts,0,0.04,0,0.01,0.05
11176,Chou Jigen Game Neptune Mk-II,PS3,2011,Role-Playing,Compile Heart,0,0,0.09,0,0.09
13,Pokemon Gold/Pokemon Silver,GB,1999,Role-Playing,Nintendo,9,6.18,7.2,0.71,23.1
1594,Black,PS2,2006,Shooter,Electronic Arts,1.01,0.04,0.03,0.16,1.25
7724,Predator: Concrete Jungle,PS2,2005,Action,Vivendi Games,0.1,0.07,0,0.03,0.2
11951,Totaled!,XB,2002,Racing,Rage Software,0.05,0.02,0,0,0.07
10549,Urban Chaos,PS,1999,Action,Eidos Interactive,0.06,0.04,0,0.01,0.1
11477,Bust-A-Move 2 Arcade Edition,N64,1997,Puzzle,Acclaim Entertainment,0.06,0.02,0,0,0.08
2035,Final Fight 2,SNES,1993,Action,Capcom,0.39,0.12,0.49,0.02,1.02
862,Spyro: Enter the Dragonfly,PS2,2002,Platform,Universal Interactive,0.74,0.95,0,0.28,1.97
6674,UEFA Euro 2008 Austria-Switzerland,PSP,2008,Sports,Electronic Arts,0.06,0.13,0,0.06,0.25
3901,Virtual Pool,PS,1997,Sports,Interplay,0.28,0.19,0,0.03,0.51
2337,Fire Emblem: The Sacred Stones,GBA,2004,Strategy,Nintendo,0.42,0.16,0.3,0.02,0.89
6056,GRID 2,X360,2013,Racing,Codemasters,0.08,0.17,0,0.03,0.29
2309,Sonic Heroes,XB,2003,Platform,Sega,0.41,0.43,0.01,0.05,0.9
8712,Putty Squad,PS4,2013,Platform,System 3,0.06,0.07,0,0.02,0.16
7701,Ore no Shikabane o Koete Yuke,PSP,2011,Role-Playing,Sony Computer Entertainment,0,0,0.2,0,0.2
14745,Jewel Quest 5: The Sleepless Star,DS,2012,Action,Licensed 4U,0,0.02,0,0,0.03
14864,Capcom Digital Collection,X360,2012,Action,Capcom,0.02,0.01,0,0,0.03
13489,Nobunaga's Ambition: Sphere of Influence - Sengoku Risshiden,PS4,2016,Misc,Tecmo Koei,0,0,0.04,0,0.04
9291,Dragon Age Origins: Awakening,PC,2010,Role-Playing,Electronic Arts,0.01,0.1,0,0.02,0.14
15454,UFO: Trilogy,PC,2007,Strategy,Unknown,0,0.02,0,0,0.02
14111,Gekiatsu!! Pachi Game Tamashi: CR Evangelion - Hajimari no Fukuin,PS3,2010,Misc,Unknown,0,0,0.03,0,0.03
2389,NCAA Football 13,PS3,2012,Action,Electronic Arts,0.82,0,0,0.06,0.87
5662,Derby Stallion DS,DS,2008,Sports,Enterbrain,0,0,0.32,0,0.32
2087,Littlest Pet Shop: Winter,DS,2008,Simulation,Electronic Arts,0.59,0.31,0,0.1,0.99
8048,Fear Effect 2: Retro Helix,PS,2001,Action,Eidos Interactive,0.1,0.07,0,0.01,0.18
6299,EyePet,PSP,2010,Simulation,Sony Computer Entertainment,0.02,0.17,0,0.09,0.27
9839,Gungnir: Mayari no Gunshin to Eiyuu Sensou,PSP,2011,Role-Playing,Atlus,0.07,0,0.04,0.01,0.12
5233,James Bond 007: Legends,PS3,2012,Shooter,Activision,0.11,0.17,0,0.07,0.36
4360,God Eater 2,PSV,2013,Role-Playing,Namco Bandai Games,0,0,0.45,0,0.45
8650,Trivial Pursuit: Bet You Know It,Wii,2011,Misc,Electronic Arts,0.1,0.04,0,0.01,0.16
15300,Tsuyo Kiss 2 Portable,PSP,2010,Adventure,NetRevo,0,0,0.02,0,0.02
11619,Backyard NFL Football '09,DS,2008,Sports,Atari,0.07,0,0,0.01,0.08
15064,Mage Knight: Destiny's Soldier,DS,2006,Strategy,Namco Bandai Games,0.02,0,0,0,0.02
7467,Barbie Fashion Show: An Eye for Style,DS,2008,Misc,Activision,0.19,0,0,0.02,0.21
15423,Pump It Up: Exceed,XB,2005,Misc,Mastiff,0.01,0,0,0,0.02
13654,Doki Doki! PreCure Narikiri Life!,3DS,2013,Action,Namco Bandai Games,0,0,0.04,0,0.04
11568,The Voice,X360,2014,Action,Activision,0.07,0,0,0.01,0.08
12123,Katekyoo Hitman Reborn! DS: Fate of Heat - Hono no Unmei,DS,2008,Role-Playing,Takara Tomy,0,0,0.07,0,0.07
16320,Touch Detective 3: Does Funghi Dream of Bananas?,3DS,2014,Adventure,Success,0,0,0.01,0,0.01
16185,Princess Arthur,PSP,2013,Misc,Idea Factory,0,0,0.01,0,0.01
9931,Harukanaru Augusta 2: Masters,SNES,1993,Sports,T&E Soft,0,0,0.12,0,0.12
5740,Foto Frenzy: Spot The Diffrence,DS,2009,Puzzle,Storm City Games,0.29,0,0,0.02,0.31
1958,Dora the Explorer: Dora Saves the Mermaids,DS,2007,Platform,Take-Two Interactive,0.97,0.01,0,0.08,1.06
860,Dragon Age: Inquisition,PS4,2014,Role-Playing,Electronic Arts,0.72,0.86,0.08,0.32,1.97
10184,ATV Quad Kings,DS,2010,Racing,Storm City Games,0.1,0,0,0.01,0.11
13534,Doko Demo Issho: Let's Gakkou!,PSP,2006,Misc,Sony Computer Entertainment,0,0,0.04,0,0.04
7389,Senran Kagura 2: Deep Crimson,3DS,2014,Action,Marvelous Entertainment,0.09,0.03,0.08,0.01,0.21
2305,TouchMaster 2,DS,2008,Puzzle,Midway Games,0.3,0.49,0,0.1,0.9
9504,MLB 13: The Show,PSV,2013,Sports,Sony Computer Entertainment,0.11,0,0,0.02,0.13
3198,Tony Hawk's Project 8,PS3,2006,Sports,Activision,0.3,0.23,0.01,0.1,0.63
16135,Festa!! Hyper Girls Party,PS2,2006,Adventure,KID,0,0,0.01,0,0.01
1688,Nuclear Strike,PS,1997,Simulation,Electronic Arts,0.66,0.45,0,0.08,1.19
7998,The Lord of the Rings: War in the North,PC,2011,Action,Warner Bros. Interactive Entertainment,0.04,0.11,0,0.03,0.18
1129,Sonic Generations,PS3,2011,Platform,Sega,0.6,0.73,0.02,0.28,1.63
13577,Red Ninja: End of Honor,PS2,2005,Action,Vivendi Games,0.02,0.02,0,0.01,0.04
1872,Star Wars: The Force Unleashed,PSP,2008,Action,LucasArts,0.43,0.41,0,0.25,1.09
2705,The Lord of the Rings: Conquest,PS3,2009,Action,Electronic Arts,0.38,0.26,0,0.12,0.76
3048,NHL 13,X360,2012,Sports,Electronic Arts,0.51,0.11,0,0.05,0.67
11650,Super Robot Taisen Z Special Disc,PS2,2009,Misc,Namco Bandai Games,0,0,0.08,0,0.08
5063,Hangman,2600,N/A,Puzzle,Atari,0.35,0.02,0,0,0.38
11960,Vanguard Bandits,PS,1998,Strategy,Human Entertainment,0.04,0.03,0,0,0.07
11036,Last Rebellion,PS3,2010,Role-Playing,Nippon Ichi Software,0.06,0.01,0.01,0.01,0.09
9280,LEGO Island Xtreme Stunts,GBA,2002,Racing,LEGO Media,0.1,0.04,0,0,0.14
10122,BloodRayne,GC,2002,Shooter,Universal Interactive,0.09,0.02,0,0,0.11
4177,Valkyrie Profile 2: Silmeria,PS2,2006,Role-Playing,Square Enix,0.04,0.03,0.39,0.01,0.47
7465,Marvel Super Hero Squad: Comic Combat,PS3,2011,Action,THQ,0.11,0.07,0,0.03,0.21
5435,MXRider,PS2,2001,Racing,Atari,0.16,0.13,0,0.04,0.34
8250,The King of Fighters '97,PS,1998,Fighting,SNK,0,0,0.16,0.01,0.17
10343,Pachi-Slot Aruze Oukoku 3,PS,2000,Misc,Aruze Corp,0,0,0.1,0.01,0.11
341,Midnight Club 3: DUB Edition,PSP,2005,Racing,Take-Two Interactive,1.65,1.22,0,0.79,3.66
8172,Looney Tunes: Back in Action,GBA,2003,Platform,Electronic Arts,0.13,0.05,0,0,0.18
1020,Forza Motorsport 6,XOne,2015,Racing,Microsoft Game Studios,0.69,0.89,0.03,0.14,1.74
1392,Final Fantasy XII: Revenant Wings,DS,2007,Role-Playing,Square Enix,0.34,0.42,0.54,0.1,1.39
14168,MotoGP,PSP,2006,Racing,Sony Computer Entertainment,0.03,0,0,0,0.03
3138,Diablo III,XOne,2014,Role-Playing,Activision,0.35,0.24,0,0.05,0.64
3221,The Crew,XOne,2014,Racing,Ubisoft,0.24,0.34,0,0.05,0.63
1470,Rage,PS3,2011,Shooter,Bethesda Softworks,0.47,0.59,0.06,0.21,1.33
8742,Atelier Iris: Eternal Mana,PS2,2004,Role-Playing,Tecmo Koei,0.08,0.06,0,0.02,0.15
6346,NBA Jam 99,N64,1998,Sports,Acclaim Entertainment,0.25,0.02,0,0,0.27
15942,Barbie and Her Sisters Puppy Rescue,PS3,2015,Action,Namco Bandai Games,0,0.01,0,0,0.02
15469,Mighty No. 9,WiiU,2016,Platform,Deep Silver,0.01,0.01,0,0,0.02
4276,Bleach: The Blade of Fate,DS,2006,Fighting,Sega,0.3,0.01,0.12,0.03,0.46
9503,Hitman 2: Silent Assassin,GC,2003,Action,Eidos Interactive,0.1,0.03,0,0,0.13
15784,Gears of War,PC,2007,Shooter,Microsoft Game Studios,0,0.01,0,0,0.02
6535,Tony Hawk: Shred,X360,2010,Sports,Activision,0.17,0.07,0,0.02,0.26
5049,Rogue Trip: Vacation 2012,PS,1998,Racing,GT Interactive,0.21,0.14,0,0.02,0.38
13374,Balloon Pop,Wii,2007,Puzzle,505 Games,0.04,0,0,0,0.05
5957,Just Dance Kids 2,Wii,2011,Misc,Ubisoft,0.28,0,0,0.02,0.29
14938,Yes! Precure 5 Go Go Zenin Shu Go! Dream Festival,DS,2008,Action,Namco Bandai Games,0,0,0.02,0,0.02
14162,Sabre Wulf,GBA,N/A,Platform,THQ,0.02,0.01,0,0,0.03
8355,Family Feud Decades,Wii,2010,Misc,Ubisoft,0.16,0,0,0.01,0.17
14549,Nippon no Asoko de,PSP,2008,Misc,Sony Computer Entertainment,0,0,0.03,0,0.03
8463,Thrillville: Off the Rails,X360,2007,Strategy,LucasArts,0.13,0.02,0,0.01,0.16
5483,BeatMania Append GottaMix,PS,1999,Simulation,Konami Digital Entertainment,0,0,0.31,0.02,0.33
10678,Alvin and the Chipmunks: Chipwrecked,Wii,2011,Misc,505 Games,0.08,0.01,0,0.01,0.1
7224,Teenage Mutant Ninja Turtles: Danger of the Ooze,X360,2014,Adventure,Activision,0.11,0.09,0,0.02,0.22
13716,OutRun 2006: Coast 2 Coast,PSP,2006,Racing,Sega,0.03,0.01,0,0.01,0.04
6548,McGrath Vs. Pastrana Freestyle Motocross,PS,2000,Racing,Acclaim Entertainment,0.14,0.1,0,0.02,0.26
3361,Tomb Raider (2013),XOne,2014,Action,Square Enix,0.34,0.21,0,0.05,0.6
11669,GT Advance 3: Pro Concept Racing,GBA,2002,Racing,THQ,0.05,0.02,0,0,0.08
11431,FIFA Soccer 2003,GC,2002,Sports,Electronic Arts,0.06,0.02,0,0,0.08
901,MX Unleashed,PS2,2004,Racing,THQ,0.94,0.73,0,0.25,1.92
9904,Tropico 5,PC,2014,Simulation,Kalypso Media,0.02,0.08,0,0.01,0.12
15971,IGT Slots: Lucky Larry's Lobstermania,PC,2011,Simulation,Masque Publishing,0.01,0,0,0,0.02
7500,The King of Fighters '95,NG,1995,Fighting,SNK,0,0,0.2,0,0.2
2504,Casper,PS,1996,Adventure,Interplay,0.46,0.31,0,0.05,0.83
9245,Famista Returns,3DS,2015,Sports,Namco Bandai Games,0,0,0.14,0,0.14
5813,Bruce Lee: Quest of the Dragon,XB,2002,Fighting,Universal Interactive,0.23,0.07,0,0.01,0.31
6438,Dragon Ball Z: Tenkaichi Tag Team,PSP,2010,Fighting,Namco Bandai Games,0.11,0.04,0.09,0.03,0.27
3029,Virtua Tennis: World Tour (US & Others sales),PSP,2005,Sports,Sega,0.16,0.36,0,0.14,0.67
741,High School Musical: Makin' the Cut!,DS,2007,Puzzle,Disney Interactive Studios,1.06,0.91,0,0.23,2.2
510,F-Zero,SNES,1990,Racing,Nintendo,1.37,0.51,0.89,0.07,2.85
10723,The Secret Saturdays: Beasts of the 5th Sun,Wii,2009,Action,D3Publisher,0.09,0,0,0.01,0.1
8964,Tamagotchi Collection,DS,2011,Misc,Namco Bandai Games,0,0,0.15,0,0.15
992,Golden Sun,GBA,2001,Role-Playing,Nintendo,0.93,0.38,0.4,0.06,1.76
13073,Over the Hedge: Hammy Goes Nuts!,PSP,2006,Platform,Activision,0.05,0,0,0,0.05
7171,Sengoku Basara 3 Utage,PS3,2011,Action,Capcom,0,0,0.22,0,0.22
9098,Naruto Shippuden: Ninja Destiny 3,DS,2006,Fighting,D3Publisher,0,0.01,0.13,0,0.14
16228,Soshite Kono Uchuu ni Kirameku Kimi no Shi XXX,PS2,2007,Adventure,Datam Polystar,0,0,0.01,0,0.01
6293,Divinity: Original Sin,PS4,2015,Role-Playing,Focus Home Interactive,0.09,0.12,0.02,0.04,0.27
3035,Castlevania: Lords of Shadow,X360,2010,Action,Konami Digital Entertainment,0.42,0.18,0.01,0.05,0.67
1326,4 Nin uchi Mahjong,NES,1984,Misc,Nintendo,0,0,1.45,0,1.45
14305,GunGriffon: Allied Strike,XB,2004,Simulation,Microsoft Game Studios,0.02,0.01,0,0,0.03
15824,Farm Frenzy,PC,2008,Strategy,Mumbo Jumbo,0.01,0,0,0,0.02
7362,50 Cent: Blood on the Sand,X360,2009,Shooter,THQ,0.12,0.07,0,0.02,0.21
13787,Patrician IV,PC,2010,Strategy,Kalypso Media,0.03,0,0,0,0.04
9209,Agile Warrior F-111X,PS,1995,Simulation,Virgin Interactive,0.08,0.05,0,0.01,0.14
76,The Elder Scrolls V: Skyrim,X360,2011,Role-Playing,Bethesda Softworks,5.03,2.86,0.1,0.85,8.84
7882,Pro Yakyuu Team o Tsukurou!,DS,2008,Sports,Sega,0,0,0.19,0,0.19
14608,Hisshou Pachinko*Pachi-Slot Kouryaku Series DS Vol. 4: Shinseiki Evangelion - Saigo no Mono,DS,2009,Misc,D3Publisher,0,0,0.03,0,0.03
7488,LEGO Ninjago: Shadow of Ronin,3DS,2015,Action,Warner Bros. Interactive Entertainment,0.05,0.1,0.04,0.01,0.21
12465,Minna no DS Seminar: Kanpeki Eitango Ryoku,DS,2006,Misc,TDK Core,0,0,0.06,0,0.06
10170,Shin Kamaitachi no Yoru: 11 Hitome no Suspect,PS3,2011,Adventure,THQ,0,0,0.11,0,0.11
6310,Slam Dunk: Yonkyo Taiketsu!!,SNES,1994,Sports,Namco Bandai Games,0,0,0.27,0,0.27
13325,World Series of Poker: Tournament of Champions 2007 Edition,Wii,2006,Misc,Activision,0.04,0,0,0,0.05
9045,Monster House,PS2,2006,Adventure,THQ,0.07,0.05,0,0.02,0.14
6183,Sing Party,WiiU,2012,Misc,Nintendo,0.13,0.12,0,0.02,0.28
6378,Superbike 2000,PS,1999,Racing,Electronic Arts,0.15,0.1,0,0.02,0.27
13460,Sotsugyou II: Neo Generation,PS,1995,Simulation,Riverhillsoft,0,0,0.04,0,0.04
16451,Assassin's Creed Chronicles,XOne,2016,Action,Ubisoft,0,0.01,0,0,0.01
14930,America Oudan Ultra-Quiz,SAT,1995,Misc,Victor Interactive,0,0,0.02,0,0.02
6600,TOCA Race Driver 2: Ultimate Racing Simulator,PSP,2005,Racing,Codemasters,0,0.25,0,0,0.26
2840,LEGO Harry Potter: Years 5-7,DS,N/A,Action,Warner Bros. Interactive Entertainment,0.35,0.3,0,0.07,0.72
6616,Percy Jackson and the Olympians: The Lightning Thief,DS,2010,Role-Playing,Activision,0.22,0.01,0,0.02,0.25
15505,Hogs of War,PS,2000,Strategy,Infogrames,0.01,0.01,0,0,0.02
12322,Fishing Master (jp sales),Wii,2007,Sports,Konami Digital Entertainment,0,0,0.06,0,0.06
3902,NBA Live 07,PSP,2006,Sports,Electronic Arts,0.47,0,0,0.04,0.51
1167,SoulCalibur IV,X360,2008,Fighting,Ubisoft,0.92,0.44,0.07,0.15,1.59
5783,Lord of the Rings: Battle for Middle-Earth,X360,2006,Strategy,Electronic Arts,0.28,0,0,0.02,0.31
11622,Dangerous Ji-San to 1000-nin no Otomodachi Yokoshima,3DS,2012,Action,Namco Bandai Games,0,0,0.08,0,0.08
16503,Satomi Hakkenden: Hachi Tamanoki,PSP,2014,Adventure,Quinrose,0,0,0.01,0,0.01
15446,NHL 09,PC,2008,Sports,Electronic Arts,0,0.02,0,0,0.02
5730,MLB 07: The Show,PS3,2007,Sports,Sony Computer Entertainment,0.29,0,0,0.02,0.31
2923,Prince of Persia: The Forgotten Sands,PS3,2010,Action,Ubisoft,0.19,0.36,0.01,0.13,0.7
10415,Champion Jockey: G1 Jockey & Gallop Racer,Wii,2011,Sports,Tecmo Koei,0.05,0.04,0.01,0.01,0.11
13276,FIFA Soccer 10,PC,2009,Sports,Electronic Arts,0,0.04,0,0.01,0.05
8757,Cars: Race-O-Rama,X360,2009,Racing,THQ,0.14,0.01,0,0.01,0.15
1785,Tenchu: Wrath of Heaven,PS2,2003,Action,Activision,0.44,0.34,0.25,0.11,1.14
1763,Worldwide Soccer Manager 2009,PC,2008,Simulation,Sega,0,1.14,0,0.01,1.15
9874,"Ed, Edd n Eddy: The Mis-Edventures",GBA,2005,Platform,Midway Games,0.08,0.03,0,0,0.12
6588,A.C.E.: Another Century's Episode 3: The Final,PS2,2007,Simulation,Banpresto,0,0,0.26,0,0.26
5071,Mobile Suit Gundam: Extreme VS Full Boost,PS3,2014,Fighting,Namco Bandai Games,0,0,0.38,0,0.38
200,FIFA Soccer 11,PS3,2010,Sports,Electronic Arts,0.6,3.29,0.06,1.13,5.08
10390,Warriors Orochi 3,PSP,2012,Action,Ubisoft Annecy,0,0,0.11,0,0.11
3094,Scene It? Box Office Smash,X360,2008,Misc,Microsoft Game Studios,0.33,0.25,0,0.07,0.66
8594,Wonder Project J2: Koruro no Mori no Josette,N64,1996,Simulation,Enix Corporation,0,0,0.12,0.04,0.16
7366,World Poker Tour,PS2,2005,Misc,Take-Two Interactive,0.1,0.08,0,0.03,0.21
4858,Sonic Lost World,WiiU,2013,Platform,Sega,0.24,0.12,0.01,0.03,0.4
4783,Disney Sing It! High School Musical 3: Senior Year,PS3,2008,Misc,Disney Interactive Studios,0.08,0.26,0,0.07,0.4
12819,Activision Hits: Remixed,PSP,2006,Misc,Activision,0.05,0,0,0,0.06
16217,Bunmei Kaika: Aoiza Ibunroku Saien,PSP,2012,Action,FuRyu,0,0,0.01,0,0.01
15088,Wrestle Kingdom 2: Pro Wrestling Sekai Taisen,PS2,2007,Fighting,Yuke's,0,0,0.02,0,0.02
4494,Classic NES Series: Metroid,GBA,2004,Adventure,Nintendo,0.26,0.1,0.07,0.01,0.43
6798,Bakugan: Battle Brawlers,X360,2009,Action,Activision,0.2,0.02,0,0.02,0.24
15001,Payout Poker & Casino,PSP,N/A,Misc,Unknown,0.02,0,0,0,0.02
11918,Operation Flashpoint: Red River,PC,2011,Shooter,Codemasters,0.01,0.04,0,0.01,0.07
10024,LEGO Knights' Kingdom,GBA,2004,Action,THQ,0.08,0.03,0,0,0.11
949,Just Cause 3,PS4,2015,Action,Square Enix,0.46,1.02,0.07,0.28,1.83
16466,Vitamin Y,DS,2008,Adventure,D3Publisher,0,0,0.01,0,0.01
16021,Nobunaga no Yabou DS,DS,2006,Strategy,Tecmo Koei,0,0,0.01,0,0.01
10307,Hellboy: The Science of Evil,X360,2008,Action,Konami Digital Entertainment,0.1,0,0,0.01,0.11
9749,Cars 2,PSP,2011,Racing,Disney Interactive Studios,0.1,0.01,0,0.01,0.12
6246,NCAA Basketball 09,PS2,2008,Sports,Electronic Arts,0.14,0.11,0,0.04,0.28
5826,Midtown Madness 3,XB,2003,Racing,Microsoft Game Studios,0.23,0.07,0,0.01,0.3
12696,Burning Rangers,SAT,1998,Platform,Sega,0,0,0.06,0,0.06
3232,World of Zoo,Wii,2009,Simulation,THQ,0.41,0.16,0,0.05,0.63
15615,The Crew: Wild Run,XOne,2015,Action,Ubisoft,0,0.02,0,0,0.02
13151,Harukanaru Toki no Naka de 3,PS2,2004,Adventure,Tecmo Koei,0,0,0.05,0,0.05
12511,S.C.A.R.S,N64,1998,Racing,Ubisoft,0.05,0.01,0,0,0.06
11053,Inazuma Eleven 3,3DS,2013,Role-Playing,Nintendo,0,0.08,0,0.01,0.09
3042,Command & Conquer: Red Alert 3,PC,2008,Strategy,Electronic Arts,0.01,0.64,0,0.02,0.67
6052,The Punisher,XB,2005,Action,THQ,0.22,0.06,0,0.01,0.29
14542,SD Gundam: Gashapon Wars,Wii,2010,Strategy,Namco Bandai Games,0,0,0.03,0,0.03
719,Madden NFL 12,PS3,2011,Sports,Electronic Arts,1.93,0.15,0,0.17,2.25
16582,PGA European Tour,N64,2000,Sports,Infogrames,0.01,0,0,0,0.01
237,The Last of Us,PS4,2014,Action,Sony Computer Entertainment,1.78,1.87,0.07,0.82,4.55
11766,Yoru no Nai Kuni,PSV,2015,Role-Playing,Tecmo Koei,0,0,0.07,0,0.07
2163,NHL 2001,PS2,2000,Sports,Electronic Arts,0.47,0.37,0,0.12,0.96
3940,NBA Ballers,XB,2004,Sports,Midway Games,0.37,0.11,0,0.02,0.51
8011,MotoGP 14,PS4,2014,Racing,Milestone S.r.l.,0.04,0.11,0,0.04,0.18
5512,Hatsune Miku: Project Diva Extend,PSP,2011,Misc,Sega,0,0,0.33,0,0.33
6510,Skylanders: Trap Team,3DS,2014,Action,Activision,0.14,0.1,0,0.02,0.26
5897,Yu Yu Hakusho Ghost Files: Spirit Detective,GBA,2003,Action,Atari,0.21,0.08,0,0.01,0.3
14742,La Pucelle: Ragnarok,PSP,2009,Role-Playing,Nippon Ichi Software,0,0,0.03,0,0.03
5010,Skate,PS3,2007,Sports,Electronic Arts,0.29,0.05,0,0.04,0.38
446,The Elder Scrolls IV: Oblivion,PS3,2007,Role-Playing,Ubisoft,1.69,0.87,0.14,0.42,3.12
8630,NCAA Final Four 2001,PS,2000,Sports,Sony Computer Entertainment,0.09,0.06,0,0.01,0.16
6288,Suikoden Tierkreis,DS,2008,Role-Playing,Konami Digital Entertainment,0.09,0.01,0.15,0.01,0.27
15571,Micro Machines V4,PSP,2006,Racing,Codemasters,0.01,0,0,0,0.02
6815,Genma Onimusha,XB,2002,Action,Capcom,0.14,0.04,0.05,0.01,0.24
2983,NCAA Football 2005,XB,2004,Sports,Electronic Arts,0.63,0.02,0,0.03,0.68
6488,The Adventures of Jimmy Neutron Boy Genius vs. Jimmy Negatron,GBA,2002,Action,THQ,0.19,0.07,0,0,0.26
6115,Dragon Ball GT: Transformation,GBA,2005,Action,Atari,0.2,0.08,0,0.01,0.28
11548,Wordfish,DS,2008,Puzzle,Ubisoft,0.07,0,0,0.01,0.08
16104,Aeon Flux,XB,2005,Action,THQ,0.01,0,0,0,0.01
2158,Gangs of London,PSP,2006,Adventure,Sony Computer Entertainment,0.3,0.44,0,0.22,0.96
13362,River City Soccer Hooligans,DS,2010,Sports,Arc System Works,0.04,0,0.01,0,0.05
1405,Titanfall,X360,2014,Shooter,Electronic Arts,0.87,0.38,0.02,0.11,1.38
8253,Time Commando,PS,1996,Action,Adeline Software,0.1,0.07,0,0.01,0.17
15544,Legendary,PC,2008,Shooter,Atari,0,0.01,0,0,0.02
5366,F.E.A.R.,X360,2006,Shooter,Vivendi Games,0.28,0.03,0,0.03,0.34
13910,Heathcliff! Frantic Foto,DS,2010,Misc,Storm City Games,0.04,0,0,0,0.04
15425,CV Casting Voice,PS3,2014,Adventure,Namco Bandai Games,0,0,0.02,0,0.02
9293,NBA Jam,XB,2003,Sports,Acclaim Entertainment,0.1,0.03,0,0,0.14
9415,Jikkyou Powerful Pro Yakyuu 2011 Ketteiban,PSP,2011,Sports,Konami Digital Entertainment,0,0,0.13,0,0.13
9525,Borderlands: Double Game Add-On Pack,X360,2010,Shooter,Take-Two Interactive,0.1,0.02,0,0.01,0.13
10674,Crime Crackers,PS,1994,Role-Playing,Sony Computer Entertainment,0,0,0.09,0.01,0.1
12018,Heavenly Guardian,Wii,2007,Shooter,505 Games,0.06,0,0,0,0.07
11115,Crysis: Maximum Edition,PC,2009,Shooter,Electronic Arts,0,0.07,0,0.02,0.09
7602,Rock Band Track Pack: Classic Rock,PS2,2009,Misc,MTV Games,0.1,0.08,0,0.03,0.2
1713,Tony Hawk's Pro Skater 2,GBA,2001,Sports,Activision,0.85,0.31,0,0.02,1.18
8955,Medal of Honor: Infiltrator,GBA,2003,Shooter,Electronic Arts,0.11,0.04,0,0,0.15
10033,SingStar Latino,PS3,2009,Misc,Sony Computer Entertainment,0.11,0,0,0.01,0.11
12461,The Great Escape,XB,2003,Action,SCi,0.05,0.01,0,0,0.06
10391,The Bachelor: The Videogame,Wii,2010,Misc,Warner Bros. Interactive Entertainment,0.1,0,0,0.01,0.11
995,Def Jam: Fight for NY,PS2,2004,Fighting,Electronic Arts,0.86,0.67,0,0.22,1.76
4471,Super Breakout,2600,N/A,Puzzle,Atari,0.41,0.03,0,0,0.44
3533,3D Dot Game Heroes,PS3,2009,Role-Playing,SouthPeak Games,0.36,0.12,0.03,0.07,0.57
64,Mario Kart 64,N64,1996,Racing,Nintendo,5.55,1.94,2.23,0.15,9.87
23,Super Mario Bros. 3,NES,1988,Platform,Nintendo,9.54,3.44,3.84,0.46,17.28
698,Need for Speed Underground 2,XB,2004,Racing,Electronic Arts,1.38,0.8,0,0.1,2.28
2697,Mortal Kombat,PSV,2012,Fighting,Warner Bros. Interactive Entertainment,0.47,0.18,0,0.12,0.76
8068,We Sing UK Hits,Wii,2011,Misc,Nordic Games,0,0.16,0,0.02,0.18
10681,NatGeo Challenge! Wild Life,PS3,2010,Misc,Black Bean Games,0.05,0.03,0,0.01,0.1
5294,Bloody Roar 3,PS2,2001,Fighting,Virgin Interactive,0.15,0.11,0.05,0.04,0.35
10036,Ultimate Mortal Kombat,DS,2007,Fighting,Midway Games,0.09,0.01,0,0.01,0.11
14445,Shin Sangoku Musou Online: Kamishou Ranbu,PS3,2010,Action,Tecmo Koei,0,0,0.03,0,0.03
9272,G.I. Joe: The Rise of Cobra,DS,2009,Action,Electronic Arts,0.11,0.01,0,0.01,0.14
249,Tony Hawk's Pro Skater 3,PS2,2001,Sports,Activision,2.66,1.29,0.01,0.46,4.41
11607,We Sing Rock!,Wii,2011,Misc,Nordic Games,0,0.07,0,0.01,0.08
7079,Petz Rescue: Wildlife Vet,Wii,2008,Simulation,Ubisoft,0.21,0,0,0.02,0.23
2679,LEGO Batman 2: DC Super Heroes,DS,2012,Action,Warner Bros. Interactive Entertainment,0.43,0.27,0,0.06,0.77
4913,Thrasher Presents: Skate and Destroy,PS,1998,Sports,Take-Two Interactive,0.22,0.15,0,0.03,0.39
10284,Ty the Tasmanian Tiger 2: Bush Rescue,XB,2004,Platform,Electronic Arts,0.08,0.02,0,0,0.11
11275,Escape Dead Island,PS3,2014,Action,Deep Silver,0.03,0.04,0,0.01,0.08
4,Wii Sports Resort,Wii,2009,Sports,Nintendo,15.75,11.01,3.28,2.96,33
826,Pokémon Mystery Dungeon: Blue Rescue Team,DS,2005,Role-Playing,Nintendo,1.16,0.06,0.83,0,2.05
8065,LEGO Marvel's Avengers,3DS,2016,Action,Warner Bros. Interactive Entertainment,0.07,0.08,0.01,0.01,0.18
7372,Breakaway IV,2600,N/A,Puzzle,Sears,0.2,0.01,0,0,0.21
793,Derby Stallion,PS,1997,Sports,ASCII Entertainment,0,0,1.96,0.14,2.09
11977,Shounen Sunday x Shounen Magazine: Nettou! Dream Nine,DS,2009,Sports,Konami Digital Entertainment,0,0,0.07,0,0.07
15250,Kao Challengers,PSP,2005,Platform,Atari,0.02,0,0,0,0.02
9703,"Hisshou Pachinko*Pachi-Slot Kouryaku Series Vol. 12: CR Shinseiki Evangelion - Shito, Futatabi",PS2,2008,Misc,D3Publisher,0,0,0.12,0,0.12
14278,Super Hero Generation,PS3,2014,Role-Playing,Namco Bandai Games,0,0,0.03,0,0.03
12338,Seaman 2: Peking Genjin Ikusei Kit,PS2,2007,Simulation,Sega,0,0,0.06,0,0.06
5107,Phantasy Star Portable 2: Infinity,PSP,2011,Role-Playing,Sega,0,0,0.37,0,0.37
2748,Street Fighter EX Plus Alpha,PS,1997,Fighting,Virgin Interactive,0.28,0.19,0.23,0.05,0.75
4910,Laser Blast,2600,1981,Action,Activision,0.37,0.02,0,0,0.39
14798,My Ballet Studio,Wii,2009,Simulation,505 Games,0.02,0,0,0,0.03
6904,XS Airboat Racing,PS,2002,Racing,XS Games,0.13,0.09,0,0.02,0.24
7997,EyePet & Friends,PS3,2011,Simulation,Sony Computer Entertainment,0.06,0.09,0,0.03,0.19
287,Carnival Games,Wii,2007,Misc,Take-Two Interactive,2.13,1.5,0.05,0.42,4.1
7428,PoPoLoCrois Monogatari II,PS,2000,Role-Playing,Sony Computer Entertainment,0,0,0.2,0.01,0.21
3553,Bob the Builder: Can We Fix It?,PS,2000,Action,THQ,0.31,0.21,0,0.04,0.57
9957,Ultimate Puzzle Games: Sudoku Edition,DS,2007,Puzzle,Telegames,0.11,0,0,0.01,0.12
5306,Jikkyou Powerful Pro Yakyuu 2000,N64,2000,Sports,Konami Digital Entertainment,0,0,0.29,0.06,0.35
9208,Transformers: Prime,WiiU,2012,Action,Activision,0.09,0.03,0,0.01,0.14
15388,Elminage Original: Majo to Megami to Kamigami no Yubiwa,PSP,2011,Role-Playing,Starfish,0,0,0.02,0,0.02
6550,Crash Nitro Kart,GC,2003,Racing,Vivendi Games,0.2,0.05,0,0.01,0.26
12665,Cid to Chocobo no Fushigi na Dungeon: Toki Wasure no Meikyuu DS+,DS,2008,Role-Playing,Square Enix,0,0,0.06,0,0.06
14711,Monster Hunter Frontier Online: Forward 1,X360,2011,Role-Playing,Capcom,0,0,0.03,0,0.03
10196,Yoostar2,PS3,2011,Misc,Unknown,0.04,0.05,0,0.02,0.11
13209,Super Bust-A-Move,GBA,2001,Puzzle,Ubisoft,0.03,0.01,0,0,0.05
4810,The Chronicles of Narnia: Prince Caspian,PS2,2008,Action,Disney Interactive Studios,0.2,0.15,0,0.05,0.4
9651,Armed and Dangerous,XB,2003,Shooter,LucasArts,0.09,0.03,0,0,0.13
14128,Even in a Game Listen to Me Girls. I Am Your Father!,PSP,2012,Action,Namco Bandai Games,0,0,0.03,0,0.03
10910,Generator Rex: Agent of Providence,Wii,2011,Action,Activision,0.07,0.01,0,0.01,0.09
9191,Enclave,XB,2002,Adventure,Swing! Entertainment,0.11,0.03,0,0.01,0.14
8326,Buzz! Brain of the UK,PS3,2009,Misc,Sony Computer Entertainment,0,0.15,0,0.02,0.17
2069,Winning Eleven: Pro Evolution Soccer 2007 (All Region sales),X360,2006,Sports,Konami Digital Entertainment,0.08,0.9,0.02,0,1
439,Resident Evil 6,PS3,2012,Shooter,Capcom,0.88,0.97,0.88,0.42,3.15
12295,Pop'n Music Portable 2,PSP,2011,Misc,Konami Digital Entertainment,0,0,0.06,0,0.06
6680,Ultimate Fighting Championship,PS,2000,Fighting,Ubisoft,0.14,0.09,0,0.02,0.25
784,Rock Band,Wii,N/A,Misc,MTV Games,1.35,0.56,0,0.2,2.11
2775,Brink,PS3,2011,Shooter,Bethesda Softworks,0.29,0.32,0.01,0.12,0.74
15490,Codename: Kids Next Door: Operation V.I.D.E.O.G.A.M.E.,XB,2005,Platform,Global Star,0.01,0,0,0,0.02
12838,IL-2 Sturmovik: Cliffs of Dover,PC,2011,Simulation,Ubisoft,0,0.04,0,0.01,0.05
13014,WRC 5: FIA World Rally Championship,PS4,2015,Sports,Bigben Interactive,0,0.04,0,0.01,0.05
13826,Syndicate Wars,PS,1997,Strategy,Electronic Arts,0.02,0.01,0,0,0.04
8280,Tamagotchi no Narikiri Challenge,DS,2010,Action,Namco Bandai Games,0,0,0.17,0,0.17
12882,Famicom Mini: Dig Dug,GBA,2004,Puzzle,Namco Bandai Games,0,0,0.05,0,0.05
1323,Resident Evil: Outbreak,PS2,2003,Action,Capcom,0.54,0.35,0.46,0.1,1.45
12901,Dark Souls III,PC,2016,Role-Playing,Namco Bandai Games,0,0.05,0,0,0.05
3806,Stuntman: Ignition,PS3,2007,Racing,THQ,0.17,0.26,0,0.1,0.53
6628,Zoo Resort 3D,3DS,2011,Simulation,Ubisoft,0.11,0.09,0.03,0.02,0.25
16123,Ninja Gaiden Sigma 2,PSV,2013,Action,Tecmo Koei,0,0,0.01,0,0.01
13140,Sengoku Basara 4: Sumeragi,PS4,2015,Action,Capcom,0,0,0.05,0,0.05
10770,NASCAR Unleashed,PS3,2011,Racing,Activision,0.09,0,0,0.01,0.1
12757,The Mysterious Case of Dr. Jekyll and Mr. Hyde,DS,2010,Adventure,O-Games,0.02,0.03,0,0.01,0.06
77,Super Mario Kart,SNES,1992,Racing,Nintendo,3.54,1.24,3.81,0.18,8.76
16522,Bakumatsu Rock: Ultra Soul,PSP,2014,Misc,Marvelous Interactive,0,0,0.01,0,0.01
7606,The Legend of Heroes VII: The Trail of Blue,PSP,2011,Role-Playing,Falcom Corporation,0,0,0.2,0,0.2
2032,Shrek 2,GC,2004,Platform,Activision,0.73,0.26,0.01,0.03,1.02
5707,Crash Nitro Kart,XB,2003,Racing,Vivendi Games,0.24,0.07,0,0.01,0.31
6717,Far Cry Instincts Predator,X360,2006,Shooter,Ubisoft,0.2,0.03,0,0.02,0.25
11359,Puchi Puchi Virus,DS,2007,Puzzle,Jaleco,0.08,0,0,0.01,0.08
4137,Fable,X360,2014,Role-Playing,Microsoft Game Studios,0.25,0.19,0.01,0.04,0.48
4365,Fatal Fury 2,SNES,1993,Fighting,Takara,0,0,0.45,0,0.45
12162,Jewels of the Ages,DS,2011,Puzzle,City Interactive,0.03,0.03,0,0.01,0.07
7285,Samurai Jack: The Amulet of Time,GBA,2003,Platform,Zoo Digital Publishing,0.16,0.06,0,0,0.22
10838,Angry Birds: Rio,PC,2011,Puzzle,Focus Home Interactive,0,0.07,0,0.02,0.09
2289,Marvel: Ultimate Alliance 2,X360,2009,Role-Playing,Activision,0.68,0.15,0,0.08,0.91
1982,Imagine: Animal Doctor,DS,2007,Simulation,Ubisoft,0.45,0.49,0,0.11,1.05
5570,Bleach: Shattered Blade,Wii,2006,Fighting,Sega,0.22,0.01,0.08,0.02,0.33
596,Monster Hunter Freedom 2,PSP,2007,Role-Playing,Capcom,0.37,0.27,1.75,0.18,2.58
8466,Mobile Suit Gundam: Extreme VS Force,PSV,2015,Action,Namco Bandai Games,0,0,0.16,0,0.16
4764,Duke Nukem Forever,PC,2011,Shooter,Take-Two Interactive,0.18,0.17,0,0.06,0.41
11582,Ultimate Party Challenge,Wii,2009,Misc,Konami Digital Entertainment,0.07,0,0,0.01,0.08
4272,Rugrats: Castle Capers,GBA,2001,Action,THQ,0.33,0.12,0,0.01,0.46
2609,Tiger Woods PGA Tour 10,PS3,2009,Sports,Electronic Arts,0.42,0.25,0,0.12,0.79
2858,Battlefield: Bad Company 2,PC,2010,Shooter,Electronic Arts,0.19,0.53,0,0,0.71
7294,NBA Live 14,PS4,2013,Sports,Electronic Arts,0.14,0.05,0,0.03,0.22
478,Battlefield: Bad Company 2,PS3,2010,Shooter,Electronic Arts,1.33,1.12,0.08,0.45,2.97
7194,Dino Stalker,PS2,2002,Shooter,Capcom,0.07,0.06,0.08,0.02,0.22
14040,Mahjong Taikai,DS,2004,Misc,Tecmo Koei,0,0,0.04,0,0.04
11660,Stuart Little 3: Big Photo Adventure,PS2,2005,Platform,Sony Computer Entertainment,0.04,0.03,0,0.01,0.08
16537,Time Travelers,PSP,2012,Adventure,Level 5,0,0,0.01,0,0.01
13890,Pro Race Driver,XB,2003,Racing,Codemasters,0.03,0.01,0,0,0.04
15050,Strike Witches: Shirogane no Tsubasa,PSP,2012,Strategy,Kadokawa Shoten,0,0,0.02,0,0.02
7355,Gekijouban Macross F: Itsuwarino Utahime - Hybrid Pack,PS3,2010,Action,Namco Bandai Games,0,0,0.21,0,0.21
10364,Disney's Chicken Little: Ace In Action,Wii,N/A,Shooter,Disney Interactive Studios,0.1,0,0,0.01,0.11
11850,Disney's Planes,3DS,2013,Simulation,Disney Interactive Studios,0.04,0.03,0,0.01,0.07
3090,Madden NFL 10,PSP,2009,Sports,Electronic Arts,0.5,0.08,0,0.08,0.66
7984,Phantasy Star Nova,PSV,2014,Role-Playing,Sega,0,0,0.19,0,0.19
6971,Super Robot Taisen D,GBA,2003,Strategy,Banpresto,0,0,0.23,0.01,0.23
1984,Forza Motorsport,XB,2005,Racing,Microsoft Game Studios,0.52,0.51,0,0.02,1.05
8022,Driving Emotion Type-S,PS2,2000,Racing,Electronic Arts,0.04,0.03,0.11,0.01,0.18
9663,Ninja Reflex,Wii,2008,Action,Electronic Arts,0.11,0.01,0,0.01,0.12
16206,Shin Hayarigami 2,PSV,2016,Adventure,Nippon Ichi Software,0,0,0.01,0,0.01
16443,Bullet Soul: Tama Tamashii,X360,2011,Shooter,5pb,0,0,0.01,0,0.01
15815,Tsuyo Kiss 2 Gakki: Swift Love,PS2,2009,Adventure,Revolution (Japan),0,0,0.02,0,0.02
13671,WTF: Work Time Fun,PSP,2005,Puzzle,Sony Computer Entertainment,0.04,0,0,0,0.04
2549,Mega Man,NES,1987,Platform,Capcom,0.45,0.08,0.27,0.01,0.81
12234,Chocolatier,DS,2010,Misc,Zoo Games,0.06,0,0,0,0.07
2088,LEGO Harry Potter: Years 5-7,X360,N/A,Action,Warner Bros. Interactive Entertainment,0.51,0.39,0,0.09,0.99
16037,WinBack 2: Project Poseidon,PS2,2006,Shooter,Tecmo Koei,0.01,0.01,0,0,0.01
8126,F1 Challenge,SAT,1994,Racing,Sega,0,0,0.18,0,0.18
13255,Treasure Report: Kikai Jikake no Isan,DS,2011,Adventure,Namco Bandai Games,0,0,0.05,0,0.05
11171,ShellShock 2: Blood Trails,X360,2009,Shooter,Eidos Interactive,0.05,0.03,0,0.01,0.09
4787,Super Monkey Ball: Step & Roll,Wii,2010,Action,Sega,0.17,0.2,0,0.04,0.4
4250,Sid Meier's Civilization Revolution,DS,2008,Strategy,Take-Two Interactive,0.38,0.03,0.02,0.04,0.46
4549,Dawn of Mana,PS2,2006,Role-Playing,Square Enix,0.07,0.05,0.29,0.02,0.43
2484,Dynasty Warriors 2,PS2,2000,Action,THQ,0.24,0.19,0.34,0.06,0.83
16332,Element Hunter,DS,2009,Role-Playing,Namco Bandai Games,0,0,0.01,0,0.01
6801,World Soccer Winning Eleven 7,PS2,2003,Sports,Konami Digital Entertainment,0.12,0.09,0,0.03,0.24
14707,The Last Guy,PS3,2009,Action,Sony Computer Entertainment,0,0,0.03,0,0.03
9660,Monster Truck Madness,GBA,2003,Racing,THQ,0.09,0.03,0,0,0.12
13242,GrimGrimoire,PS2,2007,Strategy,Tecmo Koei,0.01,0.01,0.03,0,0.05
349,Pro Evolution Soccer 2008,PS2,2007,Sports,Konami Digital Entertainment,0.05,0,0.64,2.93,3.63
4305,Warhawk,PS,1995,Simulation,Sony Computer Entertainment,0.25,0.17,0,0.03,0.46
14995,Carnage Heart EXA,PSP,2010,Strategy,ArtDink,0,0,0.02,0,0.02
15889,Koihime Enbu,PS4,2016,Fighting,Yeti,0,0,0.02,0,0.02
4692,Cars: Mater-National Championship,PS3,2007,Racing,THQ,0.37,0.01,0,0.03,0.41
409,The Lord of the Rings: The Return of the King,PS2,2003,Action,Electronic Arts,1.5,1.28,0.05,0.46,3.28
7691,Barbie Horse Adventures: Riding Camp,Wii,2008,Sports,Activision,0.18,0,0,0.01,0.2
6325,Wave Rally,PS2,2001,Racing,Eidos Interactive,0.13,0.1,0,0.03,0.27
5376,MotorStorm: Arctic Edge,PS2,2009,Racing,Sony Computer Entertainment,0.07,0.03,0,0.25,0.34
13935,Zoo Hospital,DS,2007,Simulation,Eidos Interactive,0.03,0,0,0,0.04
14673,Warhammer: Mark of Chaos,PC,2006,Strategy,Deep Silver,0,0.02,0,0,0.03
16459,Art Academy: Home Studio,WiiU,2015,Misc,Nintendo,0,0,0.01,0,0.01
5199,Speed Racer: The Videogame,DS,2008,Racing,Warner Bros. Interactive Entertainment,0.29,0.05,0,0.03,0.36
558,Madden NFL 11,X360,2010,Sports,Electronic Arts,2.38,0.12,0,0.18,2.69
5285,Disney's Tarzan: Return to the Jungle,GBA,2002,Action,Activision,0.25,0.09,0,0.01,0.35
5799,Music Maker,PS2,2001,Misc,Magix,0.15,0.12,0,0.04,0.31
531,WWF SmackDown! Just Bring It,PS2,2001,Fighting,THQ,1.19,1.15,0.04,0.41,2.79
4741,Transformers: Fall of Cybertron,PS3,2012,Action,Activision,0.19,0.15,0,0.07,0.41
7774,Manhunt,XB,2004,Action,Take-Two Interactive,0.14,0.04,0,0.01,0.19
5960,Grandia II,PS2,2002,Role-Playing,Ubisoft,0.14,0.11,0,0.04,0.29
4544,Mobile Suit Gundam: Zeonic Front,PS2,2001,Simulation,Namco Bandai Games,0.09,0.07,0.25,0.02,0.43
13784,Akko ni Omakase! Brain Shock,DS,2006,Misc,Taito,0,0,0.04,0,0.04
10149,Disney's Peter Pan: Return to Never Land,GBA,2002,Platform,Ubisoft,0.08,0.03,0,0,0.11
10781,EyeCreate,PS3,2007,Misc,Sony Computer Entertainment,0,0.08,0,0.02,0.1
13102,Mirror's Edge Catalyst,PC,2016,Platform,Electronic Arts,0.01,0.03,0,0.01,0.05
4572,Ben 10 Alien Force: Vilgax Attacks,DS,2009,Action,D3Publisher,0.22,0.16,0,0.04,0.42
8599,Innocent Life: A Futuristic Harvest Moon,PSP,2006,Simulation,Rising Star Games,0.08,0.03,0.03,0.02,0.16
3947,Hidden Mysteries: Titanic - Secrets of the Fateful Voyage,DS,2009,Adventure,GSP,0.12,0.33,0,0.06,0.51
7054,Spider-Man: Edge of Time,PS3,2011,Action,Activision,0.13,0.07,0,0.03,0.23
2080,Dark Souls,X360,2011,Role-Playing,Namco Bandai Games,0.64,0.28,0,0.08,1
11155,Harvey Birdman: Attorney at Law,Wii,2008,Adventure,Capcom,0.08,0,0,0.01,0.09
4920,Red Faction: Armageddon,X360,2011,Shooter,THQ,0.18,0.17,0.01,0.04,0.39
16177,We Sing 80s,Wii,2012,Misc,Nordic Games,0,0.01,0,0,0.01
12019,Cut the Rope,3DS,2014,Puzzle,Activision,0.06,0,0,0.01,0.07
11035,Cardfight!! Vanguard: Ride to Victory,3DS,2013,Misc,FuRyu,0,0,0.09,0,0.09
5444,Tom Clancy's Ghost Recon Advanced Warfighter,XB,2006,Shooter,Ubisoft,0.21,0.11,0,0.01,0.33
1399,WWE '13,PS3,2012,Action,THQ,0.51,0.62,0,0.26,1.39
16546,Driving Simulator 2011,PC,2011,Racing,N/A,0,0.01,0,0,0.01
7583,7th Dragon 2020,PSP,2011,Role-Playing,Sega,0,0,0.2,0,0.2
1180,Pokemon Mystery Dungeon: Explorers of Sky,DS,2009,Role-Playing,Nintendo,0.58,0.44,0.44,0.12,1.58
5843,1701 A.D.,PC,2006,Simulation,Deep Silver,0,0.25,0,0.05,0.3
3181,Okami,Wii,2008,Action,Capcom,0.45,0.1,0.04,0.05,0.64
6964,Mobile Suit Gundam: Climax U.C.,PS2,2006,Action,Namco Bandai Games,0,0,0.23,0,0.23
15309,Shaberu! DS Oryouri Navi: Marugoto Teikoku Hotel: Saikouhou no Ryouri-chou ga Oshieru Katei Ryouri,DS,2007,Misc,Tecmo Koei,0,0,0.02,0,0.02
7950,Disney's Meet the Robinsons,Wii,2007,Action,Disney Interactive Studios,0.17,0,0,0.01,0.19
6345,Jikkyou Powerful Pro Yakyuu 5,N64,1998,Sports,Konami Digital Entertainment,0,0,0.27,0,0.27
11817,SpongeBob's Truth or Square,X360,2009,Action,THQ,0.03,0.04,0,0,0.07
5984,Prince of Persia: Rival Swords,Wii,2007,Action,Ubisoft,0.24,0.03,0,0.02,0.29
13173,SD Gundam: Over Galaxian,PS,1996,Shooter,Namco Bandai Games,0,0,0.05,0,0.05
12305,Sprung - A Game Where Everyone Scores,DS,2004,Adventure,Ubisoft,0.06,0,0,0,0.06
15580,Bakumatsu Rock: Ultra Soul,PSV,2014,Misc,Marvelous Interactive,0,0,0.02,0,0.02
5925,Call of Juarez: The Cartel,PS3,2011,Shooter,Ubisoft,0.12,0.13,0,0.05,0.3
5329,Aggressive Inline,PS2,2002,Sports,Acclaim Entertainment,0.17,0.13,0,0.04,0.35
4548,Monopoly,PS2,2008,Misc,Electronic Arts,0.21,0.16,0,0.05,0.43
11919,F.E.A.R. 2: Project Origin,PC,2009,Shooter,Warner Bros. Interactive Entertainment,0.01,0.05,0,0.01,0.07
294,Namco Museum Vol.3,PS,1996,Misc,Sony Computer Entertainment,2.28,1.55,0.16,0.06,4.05
2980,Iron Man,PS3,2008,Action,Sega,0.32,0.25,0,0.11,0.68
2222,Nickelodeon Fit,Wii,2010,Sports,Take-Two Interactive,0.78,0.09,0,0.06,0.93
2531,Madden NFL 25,PS4,2013,Sports,Electronic Arts,0.62,0.13,0,0.07,0.82
8389,NickToons: Racing,PS,2001,Racing,Hasbro Interactive,0.09,0.06,0,0.01,0.17
4347,Thrillville: Off the Rails,Wii,2007,Strategy,LucasArts,0.39,0.02,0,0.03,0.45
10404,Dead to Rights II,XB,2005,Shooter,Electronic Arts,0.08,0.02,0,0,0.11
3554,XIII,PS2,2003,Shooter,Ubisoft,0.28,0.22,0,0.07,0.57
5665,NBA 2K3,XB,2002,Sports,Sega,0.24,0.07,0,0.01,0.32
3045,Peppa Pig: Fun and Games,DS,2010,Misc,Ubisoft,0,0.58,0,0.09,0.67
13999,Formula 1 06,PS2,2006,Racing,Sony Computer Entertainment,0,0,0.04,0,0.04
10957,Get Fit with Mel B,Wii,2010,Sports,Black Bean Games,0.03,0.05,0,0.01,0.09
14101,FabStyle,3DS,2011,Strategy,Tecmo Koei,0,0,0.03,0,0.03
524,Imagine: Fashion Designer,DS,2007,Simulation,Ubisoft,1.32,1.19,0,0.3,2.81
5710,Fishing Master,Wii,2007,Misc,Konami Digital Entertainment,0.29,0,0,0.02,0.31
13959,GoPets: Vacation Island,DS,2008,Simulation,Konami Digital Entertainment,0.03,0,0,0,0.04
11025,Jimmie Johnson's Anything With an Engine,X360,2011,Racing,Konami Digital Entertainment,0.08,0,0,0.01,0.09
8746,FIFA Street 2,PSP,2006,Sports,Electronic Arts,0.07,0.06,0,0.03,0.15
9870,Major League Baseball 2K6,PSP,N/A,Sports,Unknown,0.11,0,0,0.01,0.12
267,Daxter,PSP,2006,Platform,Sony Computer Entertainment,2.45,1.02,0,0.75,4.22
10244,AKB48+Me,3DS,2012,Action,Unknown,0,0,0.11,0,0.11
12259,Genkai Tokki Monster Monpiece,PSV,2013,Strategy,Idea Factory,0,0,0.06,0,0.06
6312,Rocky: Legends,PS2,2004,Action,Ubisoft,0.13,0.1,0,0.03,0.27
2827,Rabbids Go Home,DS,2009,Platform,Ubisoft,0.35,0.3,0,0.07,0.72
1804,ModNation Racers,PS3,2010,Racing,Sony Computer Entertainment,0.5,0.41,0.06,0.16,1.13
11599,FabStyle,DS,2011,Strategy,Tecmo Koei,0,0,0.08,0,0.08
15174,Kung Fu Panda: Showdown of Legendary Legends,PS3,2015,Action,Little Orbit,0,0.02,0,0,0.02
906,Game Party 2,Wii,2008,Misc,Midway Games,1.3,0.44,0,0.17,1.91
13070,The Idolm@ster: Dearly Stars,DS,2009,Adventure,Namco Bandai Games,0,0,0.05,0,0.05
10467,Happy Feet Two,PS3,N/A,Action,Warner Bros. Interactive Entertainment,0.09,0.01,0,0.01,0.1
11645,The Idolm@ster,X360,2007,Simulation,Namco Bandai Games,0,0,0.08,0,0.08
5542,Naruto: Gekito Ninja Taisen! 4,GC,2005,Fighting,Tomy Corporation,0,0,0.32,0.01,0.33
11807,CSI: Dark Motives,DS,2007,Adventure,Ubisoft,0.05,0.01,0,0.01,0.07
6289,Evil Dead: Hail to the King,PS,2000,Adventure,THQ,0.15,0.1,0,0.02,0.27
2252,FIFA Street,X360,2012,Sports,Electronic Arts,0.17,0.65,0,0.1,0.92
9831,Skate City Heroes,Wii,2008,Sports,Zoo Digital Publishing,0.11,0,0,0.01,0.12
7273,Spirit Camera: The Cursed Memoir,3DS,2012,Adventure,Nintendo,0.12,0.02,0.06,0.01,0.22
3204,Harry Potter and the Half-Blood Prince,DS,2009,Action,Electronic Arts,0.21,0.35,0,0.07,0.63
3172,Wolfenstein,PS3,2009,Shooter,Activision,0.25,0.28,0,0.11,0.64
11762,Rayman 3: Hoodlum Havoc,XB,2003,Platform,Ubisoft,0.06,0.02,0,0,0.07
13714,Do-Konjou Shougakussei: Bon Bita - Hadaka no Choujou Ketsusen!! Bita vs. Dokuro Dei!,DS,2010,Action,Namco Bandai Games,0,0,0.04,0,0.04
13594,Battle Rage,Wii,2008,Shooter,Popcorn Arcade,0.04,0,0,0,0.04
5250,Harry Potter and the Chamber of Secrets,XB,2002,Action,Electronic Arts,0.27,0.08,0,0.01,0.36
16163,Raven Squad: Operation Hidden Dagger,PC,2009,Shooter,Evolved Games,0.01,0,0,0,0.01
16352,Natsuzora no Monologue,PSP,2013,Adventure,Otomate,0,0,0.01,0,0.01
2907,Infinite Undiscovery,X360,2008,Role-Playing,Square Enix,0.34,0.18,0.12,0.06,0.7
10445,Cabela's Outdoor Adventures,XB,2005,Sports,Zoo Digital Publishing,0.08,0.02,0,0,0.1
7555,Samurai Spirits (CD),NG,1994,Fighting,SNK,0,0,0.2,0,0.2
8997,Ys: The Oath in Felghana,PSP,2010,Role-Playing,Falcom Corporation,0.09,0,0.04,0.01,0.14
1791,Rabbids Go Home,Wii,2009,Platform,Ubisoft,0.26,0.75,0,0.14,1.14
11764,Momotarou Dentetsu Tag Match: Yuujou - Doryoku - Shouri no Maki!,PSP,2010,Misc,Hudson Soft,0,0,0.07,0,0.07
10078,Jake Hunter Detective Story: Memories of the Past,DS,2007,Adventure,PQube,0.06,0,0.05,0,0.11
13531,R.B.I. Baseball 2016,XOne,2016,Sports,MLB.com,0.04,0,0,0,0.04
5051,Tiger Woods PGA Tour 08,PSP,2007,Sports,Electronic Arts,0.14,0.15,0,0.09,0.38
6194,Mega Man 7,SNES,1995,Platform,Laguna,0.03,0.01,0.23,0.01,0.28
10378,Barbie in The 12 Dancing Princesses,DS,2007,Adventure,Activision,0.09,0.01,0,0.01,0.11
5232,Dark Void,PS3,2010,Action,Capcom,0.18,0.12,0,0.06,0.36
3314,Major League Baseball 2K8,X360,2008,Sports,Bethesda Softworks,0.56,0,0,0.05,0.61
7243,NHL Championship 2000,PS,1998,Sports,Fox Interactive,0.12,0.08,0,0.01,0.22
2722,Dark Souls II,X360,2014,Role-Playing,Namco Bandai Games,0.48,0.2,0.01,0.06,0.76
12653,Brave: A Warrior's Tale,X360,2009,Action,SouthPeak Games,0.05,0.01,0,0,0.06
7941,Mathews Bowhunting,Wii,2010,Sports,Zoo Games,0.18,0,0,0.01,0.19
6882,Ashes Cricket 2009,Wii,2009,Sports,Codemasters,0,0.23,0,0.01,0.24
16425,Railfan,PS3,2006,Simulation,Ongakukan,0,0,0.01,0,0.01
16075,Sousaku Alice to Oujisama!,3DS,2015,Simulation,Happinet,0,0,0.01,0,0.01
5148,Trauma Center: Under the Knife,DS,2005,Simulation,Nintendo,0.3,0.01,0.02,0.03,0.37
14025,SD Gundam Force: Showdown!,PS2,2004,Shooter,Namco Bandai Games,0.02,0.01,0,0,0.04
3631,NBA Showtime: NBA on NBC,PS,1999,Sports,Midway Games,0.31,0.21,0,0.04,0.55
12610,Magi: Aratanaru Sekai,3DS,2014,Role-Playing,Namco Bandai Games,0,0,0.06,0,0.06
1116,LEGO Pirates of the Caribbean: The Video Game,Wii,2011,Action,Disney Interactive Studios,0.76,0.72,0,0.16,1.64
2981,Disney Infinity 3.0,PS4,2015,Action,Disney Interactive Studios,0.21,0.36,0,0.11,0.68
12554,Zaidan Houjin Nippon Kanji Nouryoku Kentei Kyoukai Kounin: KanKen DS3 Deluxe,DS,2009,Misc,Rocket Company,0,0,0.06,0,0.06
7961,NCAA Final Four 2001,PS2,2000,Sports,Sony Computer Entertainment,0.09,0.07,0,0.02,0.19
6742,Cars: Mater-National Championship,PS2,2007,Racing,THQ,0.12,0.09,0,0.03,0.25
1541,Watch Dogs,X360,2014,Action,Ubisoft,0.72,0.45,0.01,0.11,1.28
10373,Pro Yakyuu Team o Tsukurou! 2,DS,2009,Sports,Sega,0,0,0.11,0,0.11
10958,Destroy All Humans! Path of the Furon,PS3,2009,Action,THQ,0,0.08,0,0.01,0.09
24,Grand Theft Auto V,X360,2013,Action,Take-Two Interactive,9.63,5.31,0.06,1.38,16.38
15206,Valentino Rossi: The Game,XOne,2016,Racing,Namco Bandai Games,0,0.02,0,0,0.02
6262,Nichibutsu Arcade Classics,SNES,1995,Misc,Nichibutsu,0,0,0.28,0,0.28
2514,Need for Speed: Hot Pursuit 2,XB,2002,Racing,Electronic Arts,0.68,0.11,0,0.03,0.82
1039,Call of Duty: Modern Warfare 3,PC,2011,Shooter,Activision,0.41,0.98,0,0.33,1.72
8529,Pro Evolution Soccer 2015,X360,2014,Sports,Konami Digital Entertainment,0.05,0.1,0,0.01,0.16
13798,Famicom Mini: Clu Clu Land,GBA,2004,Puzzle,Nintendo,0,0,0.04,0,0.04
13417,Garou Densetsu 3: Road to the Final Victory,SAT,1996,Fighting,SNK,0,0,0.05,0,0.05
4687,pro evolution soccer 2011,PS2,2010,Sports,Konami Digital Entertainment,0.04,0.21,0.05,0.11,0.41
8935,Darkstalkers Chronicle: The Chaos Tower,PSP,2004,Fighting,Capcom,0.13,0,0,0.01,0.15
7931,Thoroughbred Breeder,SNES,1993,Simulation,Hect,0,0,0.19,0,0.19
14367,F1 2002,GC,2002,Racing,Electronic Arts,0.02,0.01,0,0,0.03
12294,Mitsukete! Keroro Gunsou: Machigai Sagashi Daisakusen de Arimasu!,DS,2007,Action,Namco Bandai Games,0,0,0.06,0,0.06
3250,Battlezone,2600,1982,Shooter,Atari,0.58,0.03,0,0.01,0.62
1565,.hack//Infection Part 1,PS2,2002,Role-Playing,Atari,0.49,0.38,0.26,0.13,1.27
5737,Happy Feet,DS,2006,Action,Midway Games,0.27,0.01,0,0.02,0.31
12829,Worms World Party,GBA,2002,Strategy,Ubisoft,0.04,0.01,0,0,0.05
8427,Easy Piano,DS,2009,Misc,Game Life,0.04,0.11,0,0.02,0.17
14413,MotoGP 15,XOne,2015,Racing,Milestone S.r.l.,0,0.03,0,0,0.03
12948,Hunted: The Demon's Forge,PC,2011,Action,Bethesda Softworks,0.03,0.01,0,0.01,0.05
9344,NHL 2K8,X360,2007,Sports,Take-Two Interactive,0.11,0.01,0,0.01,0.13
9653,Adventures to Go!,PSP,2008,Role-Playing,Zushi Games,0.1,0,0.01,0.01,0.13
7531,Just Dance 2: Extra Songs,Wii,2011,Misc,Ubisoft,0,0.17,0,0.03,0.2
6668,Billy Hatcher and the Giant Egg,GC,2003,Platform,Sega,0.19,0.05,0,0.01,0.25
15516,Elvandia Story,PS2,2007,Role-Playing,Spike,0,0,0.02,0,0.02
15838,Sniper Elite,PC,2005,Shooter,MC2 Entertainment,0,0.01,0,0,0.02
3357,Avatar: The Game,PSP,2009,Action,Ubisoft,0.22,0.24,0,0.14,0.6
632,Twisted Metal 2,PS,1996,Racing,Sony Computer Entertainment,2.12,0.25,0,0.07,2.44
10089,Super Swing Golf Season 2,Wii,2007,Sports,Rising Star Games,0.08,0,0.03,0.01,0.11
1092,Tony Hawk's Pro Skater 3,PS,2001,Sports,Activision,1.09,0.49,0.02,0.07,1.67
767,SimCity 2000,PC,1992,Simulation,Maxis,1.2,0.84,0,0.1,2.14
1401,True Crime: Streets of LA,XB,2003,Action,Activision,0.96,0.37,0,0.05,1.38
7942,3rd Super Robot Wars Z: Tengoku-Hen,PSV,2015,Action,Namco Bandai Games,0,0,0.19,0,0.19
11011,Project Eden,PS2,2001,Action,Eidos Interactive,0.04,0.03,0,0.01,0.09
10794,The Daring Game for Girls,Wii,N/A,Adventure,Unknown,0.09,0,0,0.01,0.1
1073,Call of Duty Black Ops: Declassified,PSV,2012,Action,Activision,0.8,0.52,0.07,0.3,1.69
8039,GameBoy Wars,GB,1991,Strategy,Nintendo,0,0,0.18,0,0.18
7801,DanceMasters,X360,2010,Misc,Konami Digital Entertainment,0.15,0.02,0.02,0.01,0.19
1530,FIFA Street,PS3,2012,Sports,Electronic Arts,0.11,0.92,0,0.25,1.29
10860,Populous: The Beginning,PS,1998,Strategy,Electronic Arts,0.05,0.04,0,0.01,0.09
1788,Hot Shots Golf: Out of Bounds,PS3,2007,Sports,Sony Computer Entertainment,0.31,0.03,0.76,0.04,1.14
5977,Outlaw Golf,XB,2002,Sports,TDK Mediactive,0.22,0.06,0,0.01,0.29
8847,Castlevania: Lords of Shadow - Mirror of Fate,3DS,2013,Action,Konami Digital Entertainment,0.04,0.07,0.03,0.01,0.15
8291,Hello Kitty: Happy Party Pals,GBA,2005,Misc,THQ,0.12,0.05,0,0,0.17
161,Forza Motorsport 3,X360,2009,Racing,Microsoft Game Studios,2.99,1.92,0.1,0.51,5.51
5383,Alien's Return,2600,1982,Action,ITT Family Games,0.32,0.02,0,0,0.34
2987,Prince of Persia: The Two Thrones,PS2,2005,Action,Ubisoft,0.57,0.02,0,0.09,0.68
10841,Dungeons,PC,2011,Strategy,Kalypso Media,0.07,0.02,0,0.01,0.09
13166,Hokuto no Ken,PS2,2007,Fighting,Sega,0,0,0.05,0,0.05
14695,Darius Burst: Chronicle Saviours,PSV,2016,Action,Kadokawa Games,0,0,0.03,0,0.03
3420,NHL 12,PS3,2011,Sports,Electronic Arts,0.36,0.16,0,0.07,0.59
11610,Dawn of Heroes,DS,2010,Role-Playing,Majesco Entertainment,0.07,0,0,0,0.08
15533,Winter Blast: 9 Snow & Ice Games,Wii,2010,Sports,Destineer,0.02,0,0,0,0.02
11617,Whac-A-Mole,DS,2005,Puzzle,Zoo Digital Publishing,0.07,0,0,0.01,0.08
10950,Def Jam Fight For NY: The Takeover,PSP,2006,Action,Electronic Arts,0.08,0,0,0.01,0.09
14533,Need for Speed (2015),PC,2016,Racing,Electronic Arts,0,0.03,0,0,0.03
3174,LEGO Dimensions,PS4,2015,Action,Warner Bros. Interactive Entertainment,0.22,0.32,0,0.1,0.64
1426,Crash Bandicoot 2: N-Tranced,GBA,2003,Platform,Vivendi Games,0.63,0.66,0,0.07,1.36
5191,MechWarrior 2: 31st Century Combat,PS,1997,Simulation,Activision,0.2,0.14,0,0.02,0.36
13678,Nitroplus Blasterz: Heroines Infinite Duel,PS4,2015,Fighting,Marvelous Interactive,0.01,0,0.02,0,0.04
10940,Truth or Lies,PS3,2010,Misc,THQ,0.06,0.02,0,0.01,0.09
10182,Totally Spies! Totally Party,Wii,2008,Misc,Ubisoft,0.09,0.01,0,0.01,0.11
14009,Napoleon Dynamite: The Game,PSP,2007,Puzzle,Crave Entertainment,0.03,0,0,0,0.04
2017,Tiger Woods PGA Tour 08,Wii,2007,Sports,Electronic Arts,0.94,0.02,0,0.08,1.03
3795,Sonic & All-Stars Racing Transformed,WiiU,2012,Racing,Sega,0.2,0.27,0.02,0.05,0.53
1734,Rage Racer,PS,1996,Racing,Sony Computer Entertainment,0.16,0.11,0.83,0.08,1.17
11491,Harry Potter and the Sorcerer's Stone,GC,2003,Action,Electronic Arts,0.06,0.02,0,0,0.08
8741,Dragon Ball Z: Harukanaru Densetsu (JP sales),DS,2007,Role-Playing,Namco Bandai Games,0,0,0.15,0,0.15
5349,Pirates of the Caribbean: At World's End,DS,2007,Action,Disney Interactive Studios,0.3,0.01,0.01,0.03,0.35
920,High School Musical: Sing It!,PS2,2007,Misc,Disney Interactive Studios,0.47,0.08,0,1.33,1.87
112,Just Dance 4,Wii,2012,Misc,Ubisoft,4.14,2.21,0,0.56,6.91
14705,Star Trek: The Game,PC,2013,Action,Namco Bandai Games,0,0.02,0,0,0.03
11799,Tokimeki Memorial Girl's Side Premium: 3rd Story,PSP,2012,Adventure,Konami Digital Entertainment,0,0,0.07,0,0.07
8948,Hoppechan: Tsukutte! Asonde! Punipuni Town!!,3DS,2013,Action,Nippon Columbia,0,0,0.15,0,0.15
5793,NHL FaceOff 2000,PS,1998,Sports,Sony Computer Entertainment,0.17,0.12,0,0.02,0.31
6409,Ultimate NES Remix,3DS,2014,Action,Unknown,0.15,0.09,0,0.02,0.27
9822,Godzilla: Destroy All Monsters Melee,XB,N/A,Fighting,Unknown,0.09,0.03,0,0,0.12
9687,Star Trek: Conquest,Wii,2007,Strategy,Bethesda Softworks,0.11,0.01,0,0.01,0.12
10041,Heart Catch PreCure! Oshare Collection,DS,2010,Action,Namco Bandai Games,0,0,0.11,0,0.11
2108,Far Cry 3,PC,2012,Shooter,Ubisoft,0.21,0.62,0,0.14,0.98
13928,Doom II: Hell on Earth,GBA,2002,Shooter,Activision,0.03,0.01,0,0,0.04
14526,Robo Pit,PS,1995,Fighting,Kokopeli Digital Studios,0.02,0.01,0,0,0.03
592,NBA Live 2005,PS2,2004,Sports,Electronic Arts,2.03,0.21,0,0.35,2.59
15356,Demolition Company: Gold Edition,PC,2011,Simulation,N/A,0,0.02,0,0,0.02
165,Super Mario World,GBA,2001,Platform,Nintendo,3.21,1.11,0.95,0.2,5.46
15953,Just Cause,PS2,2006,Action,Eidos Interactive,0.01,0.01,0,0,0.02
7565,Le Mans 24 Hours,PS2,2001,Racing,Infogrames,0.09,0.07,0.02,0.02,0.2
9155,Bassmasters 2000,N64,1999,Sports,THQ,0.11,0.03,0,0,0.14
1429,Gradius,NES,1986,Shooter,Konami Digital Entertainment,0.27,0.08,1,0.01,1.36
6033,Bladestorm: The Hundred Years' War,PS3,2007,Action,Tecmo Koei,0.1,0.03,0.14,0.02,0.29
8236,Backyard Sports Football: Rookie Rush,DS,2010,Sports,Atari,0.16,0,0,0.01,0.17
16590,Mezase!! Tsuri Master DS,DS,2009,Sports,Hudson Soft,0,0,0.01,0,0.01
15722,Suzunone Seven: Rebirth Knot,PS2,2010,Adventure,Alchemist,0,0,0.02,0,0.02
11267,Lara Croft and the Temple of Osiris,PS4,2014,Action,Square Enix,0,0.07,0,0.01,0.08
6341,NHL 2002,XB,2001,Sports,Electronic Arts,0.2,0.06,0,0.01,0.27
3099,Tom Clancy's EndWar,PS3,2008,Strategy,Ubisoft,0.32,0.22,0.01,0.1,0.65
7399,Front Mission 5: Scars of the War,PS2,2005,Strategy,Square Enix,0,0,0.21,0,0.21
16494,Summer Athletics,PC,2008,Sports,DTP Entertainment,0,0.01,0,0,0.01
14787,Kabu Trader Shun,DS,2007,Action,Capcom,0,0,0.03,0,0.03
11162,MLB SlugFest Loaded,XB,2004,Sports,Midway Games,0.07,0.02,0,0,0.09
16423,Winning Eleven: Pro Evolution Soccer 2007,PC,2006,Sports,Konami Digital Entertainment,0,0.01,0,0,0.01
10560,Penguin no Mondai: The World,DS,2010,Adventure,Konami Digital Entertainment,0,0,0.1,0,0.1
9302,Vampire Night,PS2,2001,Shooter,Sony Computer Entertainment,0.07,0.05,0,0.02,0.14
13845,Dora's Big Birthday Adventure,PS2,2010,Misc,Take-Two Interactive,0.02,0.01,0,0,0.04
1390,Madden NFL 2002,PS,2001,Sports,Electronic Arts,0.78,0.53,0,0.09,1.39
6140,Marvel Nemesis: Rise of the Imperfects,XB,2005,Fighting,Electronic Arts,0.21,0.06,0,0.01,0.28
15303,F1 2016 (Codemasters),PC,2016,Racing,Codemasters,0,0.02,0,0,0.02
14702,Gudetama: Hanjuku de Tanomuwa,3DS,2015,Action,Rocket Company,0,0,0.03,0,0.03
9122,Sphinx and the Cursed Mummy,GC,2003,Action,THQ,0.11,0.03,0,0,0.14
1965,Apollo Justice: Ace Attorney,DS,2007,Adventure,Capcom,0.32,0.06,0.64,0.04,1.06
6770,Avatar: The Last Airbender - Into the Inferno,PS2,2008,Adventure,THQ,0.12,0.09,0,0.03,0.25
3460,NCAA Football 09,PS3,2008,Sports,Electronic Arts,0.54,0,0,0.04,0.58
12725,Zero Divide,PS,1995,Fighting,Ocean,0.03,0.02,0,0,0.06
3134,Crysis 3,PC,2013,Shooter,Electronic Arts,0.17,0.39,0,0.09,0.64
5439,Night at the Museum: Battle of the Smithsonian,DS,2009,Action,Majesco Entertainment,0.12,0.18,0,0.04,0.34
10767,Ice Age 2: The Meltdown,XB,2006,Platform,Vivendi Games,0.07,0.02,0,0,0.1
8175,SimCity Creator (JP sales),DS,2008,Simulation,Electronic Arts,0,0,0.18,0,0.18
12917,Mountain Bike Adrenaline,PS2,N/A,Sports,Unknown,0.03,0.02,0,0.01,0.05
11836,Roll Away,PS,1998,Puzzle,Sony Computer Entertainment,0.04,0.03,0,0,0.07
2573,Final Fantasy Anthology,PS,1999,Role-Playing,Square EA,0.45,0.3,0,0.05,0.8
2332,Castlevania: Circle of the Moon,GBA,2001,Platform,Konami Digital Entertainment,0.6,0.22,0.05,0.02,0.89
12280,Santa Claus Is Comin' to Town!,Wii,2011,Puzzle,Crave Entertainment,0.06,0,0,0,0.06
8185,ESPN X Games Skateboarding,GBA,2001,Sports,Konami Digital Entertainment,0.13,0.05,0,0,0.18
4466,Grind Session,PS,2000,Sports,Sony Computer Entertainment,0.24,0.17,0,0.03,0.44
2113,Tetris 2,NES,1993,Puzzle,Nintendo,0.62,0.13,0.21,0.02,0.98
8991,Moshi Monsters: Katsuma Unleashed,DS,2013,Action,Activision,0,0.13,0,0.02,0.15
16267,Sengoku Hime 2 Arashi: Hyakubana Senran Tatsukaze no Gotoku,PSP,2010,Strategy,System Soft,0,0,0.01,0,0.01
12119,Just Dance: Disney Party 2,XOne,2015,Action,Ubisoft,0.05,0.01,0,0.01,0.07
16099,Miyako: Awayuki no Utage,PSP,2012,Action,Idea Factory,0,0,0.01,0,0.01
14882,Ocean Commander,Wii,2009,Simulation,Valcon Games,0.02,0,0,0,0.03
4956,From TV Animation One Piece: Yume no Lufy Kaizokudan Tanjou!,GB,2001,Role-Playing,Banpresto,0,0,0.39,0,0.39
10372,Jampack Volume 14 (RP-T),PS2,2006,Misc,Sony Computer Entertainment,0.05,0.04,0,0.01,0.11
2483,Ace Combat 3: Electrosphere,PS,1999,Simulation,Sony Computer Entertainment,0.22,0.15,0.4,0.05,0.83
13545,White Album 2: Shiawase no Mukougawa,PS3,2012,Adventure,Aqua Plus,0,0,0.04,0,0.04
7049,Luminous Arc 2,DS,2008,Role-Playing,Rising Star Games,0.21,0,0,0.02,0.23
4717,Mass Effect Trilogy,PS3,2012,Action,Electronic Arts,0.37,0,0,0.04,0.41
10822,The X-Factor,X360,2010,Misc,Deep Silver,0,0.08,0,0.01,0.09
5127,Turok: Rage Wars,N64,1999,Shooter,Acclaim Entertainment,0.3,0.06,0,0,0.37
1019,The Beatles: Rock Band,Wii,2009,Misc,MTV Games,1.19,0.4,0,0.16,1.74
522,Myst,PC,1994,Adventure,Red Orb,0.02,2.79,0,0,2.81
5047,Hunter: The Reckoning,XB,2002,Action,Interplay,0.28,0.08,0,0.01,0.38
6884,Tony Hawk's American Sk8land,GBA,2005,Sports,Activision,0.17,0.06,0,0,0.24
15163,Jojo's Bizarre Adventure,PS,1999,Fighting,Virgin Interactive,0.01,0.01,0,0,0.02
3921,R.U.S.E.,PS3,2010,Strategy,Ubisoft,0.18,0.22,0.02,0.09,0.51
11752,Jikkyou Powerful Pro Yakyuu 2011 Ketteiban,PS3,2011,Sports,Konami Digital Entertainment,0,0,0.07,0,0.07
5207,Mystical Ninja starring Goemon,N64,1997,Action,Konami Digital Entertainment,0.07,0.02,0.23,0.04,0.36
9572,Warriors Orochi 2,PS2,2008,Action,Tecmo Koei,0.06,0.05,0,0.02,0.13
9059,Kamen Rider Ryuki,PS,2002,Action,Namco Bandai Games,0,0,0.13,0.01,0.14
13047,Little Busters! Converted Edition,PS2,2009,Adventure,Prototype,0,0,0.05,0,0.05
7954,Super Real Mahjong P V,SAT,1995,Misc,Seta Corporation,0,0,0.19,0,0.19
10136,Power Rangers: Super Legends,DS,2007,Action,Disney Interactive Studios,0.08,0.03,0,0.01,0.11
4680,Jampack Spring 2004 (RP-T),PS2,2003,Misc,Sony Computer Entertainment,0.2,0.16,0,0.05,0.41
13516,The King of Fighters 2000,PS2,2002,Fighting,Playmore,0,0,0.04,0,0.04
6443,Lowrider,PS2,2002,Misc,Pacific Century Cyber Works,0.11,0.09,0.03,0.03,0.26
12183,Nobunaga no Yabou: Tendou with Power-Up Kit,PS3,2011,Strategy,Tecmo Koei,0,0,0.07,0,0.07
1834,Mad Max (2015),PS4,2015,Action,Warner Bros. Interactive Entertainment,0.32,0.58,0.04,0.17,1.11
5596,Momotarou Dentetsu 20-Shuunen,DS,2008,Misc,Hudson Soft,0,0,0.32,0,0.32
14049,Winter Sports 3: The Great Tournament,PS3,2010,Sports,Tradewest,0,0.03,0,0.01,0.04
10126,ECW Anarchy Rulz,PS,1999,Fighting,Acclaim Entertainment,0.06,0.04,0,0.01,0.11
12978,PQ2: Practical Intelligence Quotient,PSP,2006,Puzzle,D3Publisher,0.04,0,0,0,0.05
883,Dragon Ball Z: Budokai 3,PS2,2004,Fighting,Atari,1.09,0.15,0.65,0.04,1.94
11170,Bleach GC: Tasogare Ni Mamieru Shinigami,GC,2005,Fighting,Sega,0,0,0.08,0,0.09
12791,Mame Goma 2: Uchi no Ko ga Ichiban!,DS,2008,Simulation,Creative Core,0,0,0.06,0,0.06
9793,Yamakawa Shuppansha Kanshuu: Shousetsu Nihonshi B,DS,2007,Misc,Namco Bandai Games,0,0,0.12,0,0.12
7600,Monster Jam,X360,2007,Racing,Activision,0.18,0,0,0.02,0.2
5685,Romance of the Three Kingdoms VII,PS2,2000,Strategy,Tecmo Koei,0.08,0.06,0.16,0.02,0.32
15919,Powerbike,DS,2009,Racing,Majesco Entertainment,0.01,0,0,0,0.02
14190,Crimson Tears,PS2,2004,Role-Playing,Capcom,0.02,0.01,0,0,0.03
6911,Asura's Wrath,X360,2012,Action,Capcom,0.15,0.06,0.01,0.02,0.24
6034,World of Tanks,PC,2011,Shooter,Wargaming.net,0,0.23,0,0.06,0.29
8416,Toukiden Kiwami,PS4,2015,Action,Tecmo Koei,0.05,0.07,0.02,0.02,0.17
79,Wii Party,Wii,2010,Misc,Nintendo,1.79,3.53,2.49,0.68,8.49
9936,Turok: Evolution,GBA,2002,Shooter,Acclaim Entertainment,0.08,0.03,0,0,0.12
8099,Disney Friends,DS,2007,Simulation,Disney Interactive Studios,0.13,0.04,0,0.01,0.18
6284,Iron Man 2,X360,2010,Action,Sega,0.15,0.1,0,0.03,0.27
8409,Tokimeki Memorial: Private Collection,PS,1996,Misc,Konami Digital Entertainment,0,0,0.16,0.01,0.17
15877,Majesty 2: The Fantasy Kingdom Sim,PC,2009,Simulation,Paradox Interactive,0.01,0,0,0,0.02
1445,Battlefield: Bad Company,PS3,2008,Shooter,Electronic Arts,0.76,0.36,0.05,0.18,1.35
3912,Monsters vs. Aliens,DS,2009,Action,Activision,0.33,0.13,0,0.05,0.51
10842,Pac-Man World 3,GC,2005,Platform,Namco Bandai Games,0.07,0.02,0,0,0.09
14926,Room Zoom: Race for Impact,XB,2004,Racing,Jaleco,0.02,0.01,0,0,0.02
3534,The Mysterious Murasame Castle,NES,1986,Action,Nintendo,0,0,0.57,0,0.57
2261,Balloon Fight,NES,1985,Platform,Nintendo,0.39,0.09,0.43,0.01,0.92
10309,X-Men: Destiny,Wii,2011,Action,Activision,0.08,0.02,0,0.01,0.11
13290,Wasteland 2,XOne,2015,Role-Playing,Deep Silver,0.04,0.01,0,0,0.05
14800,Clannad: Mitsumi Mamoru Sakamichi de - Gekan,PSP,2010,Adventure,Prototype,0,0,0.03,0,0.03
15183,"Simple 2500 Series Portable!! Vol. 12: The Hohei 2: Senyuu yo, Sakini Ike",PSP,2009,Action,D3Publisher,0,0,0.02,0,0.02
11886,Kidou Senshi Gundam: Giren no Yabou - Axis no Kyoui V,PS2,2009,Strategy,Namco Bandai Games,0,0,0.07,0,0.07
11849,Roogoo Attack!,DS,2009,Puzzle,SouthPeak Games,0.07,0,0,0,0.07
12513,Marvel Super Heroes,SAT,1997,Fighting,Capcom,0,0,0.06,0,0.06
13813,Brothers In Arms DS,DS,2007,Shooter,Ubisoft,0.03,0,0,0,0.04
1766,Ninja Gaiden Sigma,PS3,2007,Action,Eidos Interactive,0.57,0.33,0.09,0.16,1.15
9827,Zenses: Rainforest,DS,2008,Puzzle,Game Factory,0.1,0.01,0,0.01,0.12
16500,Snood 2: On Vacation,GBA,2005,Puzzle,Zoo Digital Publishing,0.01,0,0,0,0.01
7446,NCAA Football 2003,GC,2002,Sports,Electronic Arts,0.16,0.04,0,0.01,0.21
15700,Shonen Jump's Yu-Gi-Oh! GX Card Almanac,DS,N/A,Misc,Konami Digital Entertainment,0,0,0.02,0,0.02
1691,The Simpsons: Road Rage,GBA,2003,Racing,THQ,0.86,0.32,0,0.02,1.19
12577,Imagine: Resort Owner,DS,2010,Strategy,Ubisoft,0.05,0,0,0,0.06
5124,Juiced 2: Hot Import Nights,PSP,2007,Racing,THQ,0.06,0.2,0,0.11,0.37
7003,The Scorpion King: Rise of the Akkadian,PS2,2002,Action,Universal Interactive,0.11,0.09,0,0.03,0.23
8782,Jurassic: The Hunted,Wii,2009,Shooter,Activision,0.14,0,0,0.01,0.15
9013,Jurassic: The Hunted,PS2,2009,Shooter,Activision,0.07,0.06,0,0.02,0.14
5036,Virtua Tennis 2009,Wii,2009,Sports,Sega,0.13,0.21,0,0.04,0.38
3333,Fighters Uncaged,X360,2010,Fighting,Ubisoft,0.31,0.24,0,0.06,0.61
11457,The Hidden,3DS,N/A,Adventure,Unknown,0.08,0,0,0,0.08
2497,The Price is Right,Wii,2008,Misc,Ubisoft,0.77,0,0,0.06,0.83
15437,Horrid Henry: Missions of Mischief,Wii,2010,Adventure,SouthPeak Games,0,0.02,0,0,0.02
3939,Paws & Claws: Dogs & Cats Best Friends,DS,2007,Simulation,THQ,0.46,0.01,0,0.04,0.51
12088,Fighter Maker 2,PS2,2002,Fighting,Enterbrain,0.03,0.03,0,0.01,0.07
6565,Oddworld: Stranger's Wrath,XB,2005,Adventure,Electronic Arts,0.19,0.06,0,0.01,0.26
1556,Road Rash,PS,1995,Racing,Electronic Arts,0.71,0.48,0,0.08,1.27
10606,Rock Band 3,DS,2010,Misc,MTV Games,0.09,0.01,0,0.01,0.1
6142,Pirates of the Caribbean: Dead Man's Chest,PSP,2006,Adventure,Disney Interactive Studios,0.25,0.01,0,0.02,0.28
6091,Power Pro Kun Pocket 11,DS,2008,Sports,Konami Digital Entertainment,0,0,0.29,0,0.29
16231,Double Sequence: The Q-Virus Invasion,DS,2008,Puzzle,Zoo Digital Publishing,0.01,0,0,0,0.01
9183,Desire,SAT,1997,Adventure,Imadio,0,0,0.14,0,0.14
4578,25 to Life,PS2,2006,Shooter,Eidos Interactive,0.35,0.01,0,0.06,0.42
7540,Atelier Shallie: Alchemists of the Dusk Sea,PS3,2014,Role-Playing,Tecmo Koei,0.06,0.05,0.08,0.02,0.2
3375,NHL 11,PS3,2010,Sports,Electronic Arts,0.4,0.13,0,0.07,0.6
9091,PaRappa The Rapper 2,PS2,2001,Misc,Sony Computer Entertainment,0.07,0.05,0,0.02,0.14
8344,Zoo Hospital,Wii,2008,Simulation,Majesco Entertainment,0.14,0.01,0,0.01,0.17
10487,Dropship: United Peace Force,PS2,2002,Simulation,Sony Computer Entertainment,0.05,0.04,0,0.01,0.1
3708,The Fairly Odd Parents: Breakin' Da Rules,GBA,2003,Platform,THQ,0.39,0.14,0,0.01,0.54
7170,Madden NFL 12,PSP,2011,Sports,Electronic Arts,0.21,0,0,0.02,0.22
5996,Guitar Hero: Van Halen,Wii,2009,Misc,Activision,0.14,0.12,0,0.03,0.29
9908,Peggle: Dual Shot,DS,2009,Puzzle,PopCap Games,0.11,0,0,0.01,0.12
6555,F1 2014,X360,2014,Racing,Codemasters,0.08,0.15,0,0.02,0.26
11542,Looney Tunes: Galactic Sports,PSV,2015,Action,Sony Computer Entertainment,0,0.06,0,0.02,0.08
14663,Kong: King of Atlantis,GBA,2005,Action,THQ,0.02,0.01,0,0,0.03
15619,Nodame Cantabile: Tanoshii Ongaku no Jikan Desu,DS,2010,Misc,Namco Bandai Games,0,0,0.02,0,0.02
14457,Who Wants to be a Millionaire: 2nd Edition,Wii,2008,Misc,Ubisoft,0,0.03,0,0,0.03
2018,Rayman Origins,PS3,2011,Platform,Ubisoft,0.33,0.51,0.01,0.18,1.03
10208,EA Replay,PSP,2006,Action,Electronic Arts,0.09,0,0,0.01,0.11
10563,Flushed Away,DS,2006,Platform,D3Publisher,0.09,0,0,0.01,0.1
16359,The Amazing Spider-Man (DS & Mobile Versions),PSP,2009,Action,Eidos Interactive,0,0.01,0,0,0.01
15117,Chaos;Head Noah,PSP,2010,Adventure,5pb,0,0,0.02,0,0.02
13390,Rimo-Cocoron,PS2,2001,Action,Sony Computer Entertainment,0,0,0.05,0,0.05
11998,FIFA Soccer 2004,GC,2003,Sports,Electronic Arts,0.05,0.01,0,0,0.07
8448,TOEIC Test Training DS,DS,2007,Misc,IE Institute,0,0,0.17,0,0.17
10597,3D Tank Warfare Simulator Panzer Front,PS,1999,Simulation,Avalon Interactive,0.06,0.04,0,0.01,0.1
14285,Nancy Drew: Alibi In Ashes,PC,2011,Adventure,Her Interactive,0.03,0,0,0,0.03
9382,Bakugan: Battle Trainer,DS,2010,Action,Activision,0.12,0,0,0.01,0.13
16327,Professional Farmer 2016,PSV,2015,Action,Namco Bandai Games,0,0.01,0,0,0.01
3022,Zaidan Houjin Nippon Kanji Nouryoko Kentei Kyoukai Kounin: KanKen DS,DS,2006,Misc,Rocket Company,0,0,0.67,0,0.67
15131,Interactive Storybook DS Series 3,DS,2007,Misc,Tommo,0.02,0,0,0,0.02
13364,TMNT,DS,2007,Action,Ubisoft,0.03,0.01,0,0,0.05
9976,Harvey Birdman: Attorney at Law,PS2,2008,Adventure,Capcom,0.06,0.04,0,0.01,0.12
2635,The 7th Guest,PC,1992,Adventure,Virgin Interactive,0.01,0.77,0,0,0.78
14535,"Princess Natasha: Student, Secret Agent, Princess",DS,2006,Action,Zoo Digital Publishing,0.03,0,0,0,0.03
11388,Sushi Academy,DS,2009,Action,DTP Entertainment,0.08,0,0,0.01,0.08
11405,My English Coach: Para Hispanoparlantes,DS,2009,Misc,Ubisoft,0.08,0,0,0.01,0.08
2963,Assassin's Creed IV: Black Flag,PC,2013,Action,Ubisoft,0.22,0.38,0,0.1,0.69
4445,LEGO Star Wars II: The Original Trilogy,XB,2006,Action,LucasArts,0.33,0.1,0,0.02,0.44
10185,Naruto Shippuden: Naruto vs. Sasuke,DS,2008,Action,Takara Tomy,0.08,0,0.03,0.01,0.11
14761,Wrestle Kingdom,PS2,2006,Fighting,Yuke's,0,0,0.03,0,0.03
7412,World Series of Poker,PSP,2005,Misc,Activision,0.19,0,0,0.02,0.21
15259,Pebble Beach Golf Links,SAT,1994,Sports,Sega,0,0,0.02,0,0.02
4429,Spawn: Armageddon,PS2,2003,Action,Electronic Arts,0.22,0.17,0,0.06,0.44
14796,Captain Morgane and the Golden Turtle,PS3,2012,Adventure,Reef Entertainment,0,0.02,0,0.01,0.03
58,Super Mario All-Stars,SNES,1993,Platform,Nintendo,5.99,2.15,2.12,0.29,10.55
7734,The Great Escape,PS2,2003,Action,SCi,0.1,0.07,0,0.02,0.2
8473,Hamster Heroes,Wii,2008,Puzzle,Popcorn Arcade,0.16,0,0,0,0.16
8749,Harvest Moon: The Lost Valley,3DS,2014,Simulation,Natsume,0.12,0.02,0,0.01,0.15
178,Professor Layton and the Curious Village,DS,2007,Puzzle,Nintendo,1.22,2.48,1.03,0.52,5.26
8976,MotoGP 2: Ultimate Racing Technology,PS2,2001,Racing,Sony Computer Entertainment,0.07,0.06,0,0.02,0.15
11651,Slayers Royal 2,SAT,1998,Role-Playing,Kadokawa Shoten,0,0,0.08,0,0.08
15474,Virtua Pro Football,PS2,2006,Sports,Sega,0,0,0.02,0,0.02
68,Call of Duty: Ghosts,PS3,2013,Shooter,Activision,4.09,3.73,0.38,1.38,9.59
9396,MLB 11: The Show,PS2,2011,Sports,Sony Computer Entertainment,0.06,0.05,0,0.02,0.13
9304,Open Season,DS,2006,Platform,Ubisoft,0.12,0,0,0.01,0.14
14666,The Settlers II 10th Anniversary,PC,2006,Action,Ubisoft,0,0.02,0,0,0.03
4999,Get Fit with Mel B,PS3,2010,Sports,Black Bean Games,0.15,0.17,0,0.07,0.38
6029,The New Tetris,N64,1999,Puzzle,Nintendo,0.22,0.05,0.02,0,0.29
401,Rugrats: Search For Reptar,PS,1998,Adventure,THQ,1.63,1.53,0,0.18,3.34
9998,GT Advance 2: Rally Racing,GBA,2001,Racing,THQ,0.08,0.03,0,0,0.11
1263,Sonic CD,SCD,1993,Platform,Sega,1,0.36,0.09,0.05,1.5
10988,MX SuperFly featuring Ricky Carmichael,GC,2002,Racing,THQ,0.07,0.02,0,0,0.09
2800,Yoshi,GB,1991,Puzzle,Nintendo,0,0,0.73,0,0.73
6386,The Incredible Hulk,X360,2008,Action,Sega,0.22,0.03,0,0.02,0.27
11000,Challenge Me: Brain Puzzles 2,DS,2010,Puzzle,O-Games,0.05,0.04,0,0.01,0.09
227,Animal Crossing: City Folk,Wii,2008,Simulation,Nintendo,1.87,1.12,1.32,0.37,4.68
6167,Lord of Darkness,SNES,1991,Action,Tecmo Koei,0,0,0.28,0,0.28
7084,Mega Man Battle Network 5: Team Colonel / Protoman,GBA,2004,Role-Playing,Capcom,0.16,0.06,0,0,0.23
7901,God Eater Resurrection,PSV,2015,Action,Namco Bandai Games,0,0,0.19,0,0.19
222,FIFA 17,PS4,2016,Sports,Electronic Arts,0.28,3.75,0.06,0.69,4.77
5381,Hitman: Contracts,XB,2004,Shooter,Eidos Interactive,0.26,0.07,0,0.01,0.34
9011,Lost Dimension,PSV,2014,Role-Playing,Nippon Ichi Software,0.07,0.03,0.02,0.03,0.14
9223,To Heart,PS,1999,Adventure,Aqua Plus,0,0,0.13,0.01,0.14
5368,Freeway,2600,1980,Action,Activision,0.32,0.02,0,0,0.34
5090,Naruto Shippuden: Ninja Destiny 2,DS,2008,Fighting,Takara Tomy,0.19,0.03,0.13,0.02,0.37
3059,Naruto Shippuden: Ultimate Ninja 4,PS2,2007,Fighting,Atari,0.26,0.01,0.13,0.26,0.66
5637,FIFA 2001 Major League Soccer,PS,2000,Sports,Electronic Arts,0.18,0.12,0,0.02,0.32
8568,Intellivision Lives!,PS2,2003,Misc,Play It,0.08,0.06,0,0.02,0.16
12656,Broken Helix,PS,1997,Action,Konami Digital Entertainment,0.03,0.02,0,0,0.06
15268,Whiteout,PS2,2002,Racing,Konami Digital Entertainment,0.01,0.01,0,0,0.02
11580,My First Songs,Wii,2010,Misc,Mindscape,0,0.07,0,0.01,0.08
4703,"Transformers: Revenge of the Fallen (XBox 360, PS3, & PC Versions)",PSP,2009,Shooter,Activision,0.17,0.15,0,0.09,0.41
9490,The History Channel: Great Battles - Medieval,X360,2010,Strategy,Slitherine Software,0.08,0.04,0,0.01,0.13
13335,GunPey DS,DS,2006,Puzzle,Atari,0.04,0,0,0,0.05
14928,Tube Slider,GC,N/A,Racing,Unknown,0.02,0,0,0,0.02
12963,Air Conflicts: Aces of World War II,PSP,2009,Simulation,Graffiti,0.05,0,0,0,0.05
10756,Shining Force EXA,PS2,2007,Role-Playing,Sega,0,0,0.1,0,0.1
16517,National Geographic Panda (JP sales),DS,2008,Simulation,Ubisoft,0,0,0.01,0,0.01
15361,Bella Sara 2 - The Magic of Drasilmare,3DS,2013,Adventure,Big Ben Interactive,0,0.02,0,0,0.02
8295,Shin Megami Tensei IV: Final,3DS,2016,Role-Playing,Deep Silver,0.03,0,0.14,0,0.17
12419,Alone in the Dark,PS2,2008,Adventure,Atari,0.03,0.02,0,0.01,0.06
7985,SBK X: Superbike World Championship,X360,2010,Racing,Black Bean Games,0.1,0.07,0,0.02,0.19
7909,Princess Maker: Yumemiru Yosei,PS,1997,Strategy,Sony Computer Entertainment,0,0,0.18,0.01,0.19
7569,Neighborhood Games,Wii,2009,Misc,THQ,0.17,0.02,0,0.01,0.2
4843,SpongeBob's Truth or Square (US sales),Wii,2009,Action,THQ,0.38,0.01,0,0,0.4
397,The Legend of Zelda: Spirit Tracks,DS,2009,Action,Nintendo,1.43,0.94,0.74,0.27,3.38
1449,Devil May Cry 4,X360,2008,Action,Capcom,0.79,0.34,0.08,0.13,1.35
6848,Jissen Pachi-Slot Hisshouhou! Hokuto no Ken SE,PS2,2006,Misc,Sega,0,0,0.24,0,0.24
9352,Rurouni Kenshin: Enjou! Kyoto Rinne,PS2,2006,Action,Banpresto,0,0,0.13,0,0.13
13330,Pool Party,Wii,2007,Sports,SouthPeak Games,0.04,0,0,0,0.05
13771,Atelier Iris 3: Grand Phantasm (JP Sales),PS2,2006,Role-Playing,Tecmo Koei,0,0,0.04,0,0.04
2097,Scooby-Doo! First Frights,Wii,2009,Action,Warner Bros. Interactive Entertainment,0.88,0.05,0,0.07,0.99
15566,Blood Bowl: Legendary Edition,PC,2010,Sports,Focus Home Interactive,0,0.01,0,0,0.02
12756,Fate/Stay Night [Réalta Nua],PSV,2012,Adventure,Kadokawa Shoten,0,0,0.06,0,0.06
16450,Legacy of Kain: Defiance,PC,2003,Action,Eidos Interactive,0,0.01,0,0,0.01
15502,ESPN MLS ExtraTime 2002,XB,2002,Sports,Konami Digital Entertainment,0.01,0,0,0,0.02
4704,Wolfenstein: The New Order,X360,2014,Shooter,Bethesda Softworks,0.18,0.19,0,0.04,0.41
16547,Imagine Figure Skater (JP sales),DS,2007,Sports,Ubisoft,0,0,0.01,0,0.01
6135,Digimon Adventure: Anode Tamer,WS,1999,Role-Playing,Namco Bandai Games,0,0,0.28,0,0.28
12184,Transformer: Rise of the Dark Spark,WiiU,2014,Action,Activision,0.05,0.01,0,0.01,0.07
8030,Nep League DS,DS,2007,Sports,Jaleco,0,0,0.18,0,0.18
15636,Combat Flight Simulator 3: Battle for Europe,PC,2002,Simulation,Microsoft Game Studios,0.01,0.01,0,0,0.02
6481,Nancy Drew: The Mystery of the Clue Bender Society,DS,2008,Adventure,Codemasters,0.24,0,0,0.02,0.26
5075,Pro Evolution Soccer 2011 3D,3DS,2011,Sports,Konami Digital Entertainment,0.11,0.13,0.11,0.02,0.38
10020,Dokapon Kingdom,PS2,2007,Role-Playing,Sting,0.05,0.04,0.02,0.01,0.11
15692,Robotics;Notes,PSV,2014,Adventure,5pb,0,0,0.02,0,0.02
3909,Wrecking Crew,NES,1985,Platform,Nintendo,0,0,0.51,0,0.51
1945,DiRT,PS3,2007,Racing,Codemasters,0.16,0.67,0,0.23,1.06
1856,Petz Dogz 2,DS,2007,Simulation,Ubisoft,0.47,0.52,0,0.12,1.1
4643,Style Lab: Makeover,DS,2009,Simulation,Ubisoft,0.35,0.03,0,0.03,0.42
15653,Space Channel 5: Ulala's Cosmic Attack,GBA,2002,Misc,Atari,0.01,0,0,0,0.02
8522,San Goku Shi Taisen DS,DS,2007,Strategy,Sega,0,0,0.16,0,0.16
8943,Galerians,PS,1999,Adventure,Crave Entertainment,0.08,0.06,0,0.01,0.15
15591,SD Gundam Sangokuden Brave Battle Warriors: Shin Mirisha Taisen,DS,2010,Action,Namco Bandai Games,0,0,0.02,0,0.02
3212,Just Dance 3,PS3,2011,Misc,Ubisoft,0.33,0.21,0,0.09,0.63
6560,A.C.E.: Another Century's Episode,PS2,2005,Simulation,Banpresto,0,0,0.26,0,0.26
11569,Penny Racers Party: Turbo-Q Speedway,Wii,2008,Racing,Takara Tomy,0.07,0,0,0.01,0.08
13926,Echo Night Beyond,PS2,2004,Adventure,Indie Games,0.02,0.01,0,0,0.04
8877,Tetris Attack,SNES,1995,Puzzle,Nintendo,0,0,0.15,0,0.15
11757,Mega Man Battle Network: Operation Shooting Star,DS,N/A,Role-Playing,Capcom,0,0,0.07,0,0.07
2792,Sword of Mana,GBA,2003,Role-Playing,Nintendo,0.31,0.11,0.3,0.02,0.74
5635,DiRT Rally,PS4,2016,Racing,Codemasters,0.03,0.24,0,0.05,0.32
7545,Arcana Heart 3,PS3,2011,Fighting,PQube,0.04,0.05,0.1,0.02,0.2
4530,Hunter: The Reckoning  Wayward,PS2,2003,Action,Interplay,0.21,0.16,0,0.06,0.43
3653,Unit 13,PSV,2012,Shooter,Sony Computer Entertainment,0.29,0.15,0.04,0.07,0.55
1431,Centipede,2600,1981,Shooter,Atari,1.26,0.08,0,0.01,1.36
14329,Chicken Shoot 2,GBA,2005,Adventure,Zoo Digital Publishing,0.02,0.01,0,0,0.03
1054,Personal Trainer: Math,DS,2007,Puzzle,Nintendo,0.49,1.12,0,0.09,1.7
3665,Contender 2,PS,2000,Fighting,3DO,0.31,0.21,0,0.04,0.55
11015,Space Chimps,Wii,2008,Platform,Brash Entertainment,0.08,0,0,0.01,0.09
5499,Madden NFL 09,DS,2008,Sports,Electronic Arts,0.3,0,0,0.03,0.33
1694,Mario & Sonic at the London 2012 Olympic Games,3DS,2012,Sports,Sega,0.18,0.64,0.27,0.1,1.19
2590,Star Wars: The Force Unleashed II,Wii,2010,Action,LucasArts,0.54,0.19,0,0.06,0.8
4584,The X Files,PS,1999,Adventure,Sony Computer Entertainment,0.24,0.16,0,0.03,0.42
6920,Risen 2: Dark Waters,PS3,2012,Role-Playing,Deep Silver,0.04,0.14,0.01,0.05,0.24
10701,Scribblenauts Unmasked: A DC Comics Adventure,3DS,2013,Puzzle,Warner Bros. Interactive Entertainment,0.09,0,0,0.01,0.1
11550,Fireblade,XB,2002,Action,Midway Games,0.06,0.02,0,0,0.08
16039,Utawarerumono: Futari no Hakuoro,PS3,2016,Misc,Aqua Plus,0,0,0.01,0,0.01
8187,Brunswick Cosmic Bowling,Wii,2010,Sports,GameMill Entertainment,0.17,0,0,0.01,0.18
8053,Klonoa: Door to Phantomile,PS,1997,Platform,Sony Computer Entertainment,0,0,0.17,0.01,0.18
2738,DJ Hero 2,PS3,2010,Misc,Activision,0.47,0.19,0,0.09,0.75
11912,The Legend of Heroes: Trails in the Sky Third Chapter,PSP,2008,Role-Playing,Falcom Corporation,0,0,0.07,0,0.07
11562,New International Track & Field,DS,2008,Sports,Konami Digital Entertainment,0.07,0,0,0.01,0.08
2853,Mobile Suit Gundam: Encounters in Space,PS2,2003,Simulation,Namco Bandai Games,0.05,0.04,0.61,0.01,0.72
13605,Dance Dance Revolution Disney Mix,PS,2000,Simulation,Konami Digital Entertainment,0.02,0.02,0,0,0.04
14161,Rise of Nations: Rise of Legends,PC,2006,Strategy,Microsoft Game Studios,0,0.03,0,0.01,0.03
3906,"SpongeBob SquarePants: Lights, Camera, Pants!",GBA,2005,Misc,THQ,0.37,0.14,0,0.01,0.51
9420,Persona 4: Arena,X360,2012,Fighting,Atlus,0.08,0.02,0.03,0.01,0.13
8399,Clock Tower II: The Struggle Within,PS,1998,Adventure,Human Entertainment,0.02,0.01,0.12,0.01,0.17
3294,2 Games in 1: Sonic Battle & ChuChu Rocket!,GBA,2005,Misc,THQ,0.44,0.16,0,0.01,0.61
14494,Senko no Ronde DUO,X360,2010,Fighting,G.Rev,0,0,0.03,0,0.03
9422,Nagano Winter Olympics '98,PS,1997,Sports,Konami Digital Entertainment,0.07,0.05,0,0.01,0.13
10902,Dora the Explorer: Dora Saves the Crystal Kingdom,PS2,2009,Misc,Take-Two Interactive,0.05,0.04,0,0.01,0.09
8838,Earth Defense Force 2025,X360,2013,Shooter,D3Publisher,0.06,0.04,0.05,0.01,0.15
7554,Langrisser III,SAT,1996,Strategy,NCS,0,0,0.2,0,0.2
14598,Drome Racers,GC,2003,Racing,Electronic Arts,0.02,0.01,0,0,0.03
1928,Pro Evolution Soccer 2008,X360,2007,Sports,Konami Digital Entertainment,0.08,0.9,0.04,0.05,1.07
5975,Assassin's Creed IV: Black Flag,WiiU,2013,Action,Ubisoft,0.18,0.09,0,0.03,0.29
5221,LEGO Racers,PS,1999,Racing,LEGO Media,0.2,0.14,0,0.02,0.36
10044,Tom Clancy's Rainbow Six: Rogue Spear,GBA,2002,Shooter,Ubisoft,0.08,0.03,0,0,0.11
6958,Naruto: Path of the Ninja 2,DS,2006,Role-Playing,Takara Tomy,0.22,0,0,0.02,0.23
8906,Mobile Suit Gundam Side Story III: Sabakareshi Mono,SAT,1997,Shooter,Namco Bandai Games,0,0,0.15,0,0.15
6037,Marvel Super Hero Squad,PS2,2009,Fighting,THQ,0.14,0.11,0,0.04,0.29
2766,Jampack Summer 2001,PS2,2001,Misc,Sony Computer Entertainment,0.36,0.28,0,0.1,0.74
7894,The Heavy Rain and Beyond: Two Souls Collection,PS4,2016,Action,Sony Computer Entertainment,0,0.16,0,0.03,0.19
7216,Duel Masters: Kaijudo Showdown,GBA,2004,Misc,Atari,0.16,0.06,0,0,0.22
8502,Curious George,GBA,2006,Action,Namco Bandai Games,0.12,0.04,0,0,0.16
7516,NASCAR Heat 2002,XB,2001,Racing,Infogrames,0.15,0.04,0,0.01,0.2
3387,London 2012: The Official Video Game of the Olympic Games,X360,2012,Sports,Sega,0.07,0.46,0,0.07,0.59
2970,Frozen: Olaf's Quest,DS,2013,Platform,Disney Interactive Studios,0.28,0.35,0,0.06,0.69
11337,Famicom Mini: Adventure Island,GBA,2004,Action,Hudson Soft,0,0,0.08,0,0.08
13973,Galaxy Fight,SAT,1994,Fighting,Sunsoft,0,0,0.04,0,0.04
10007,Stronghold,PC,2001,Strategy,Gathering of Developers,0,0.09,0,0.02,0.11
7230,Tales of Graces,Wii,2009,Role-Playing,Namco Bandai Games,0,0,0.22,0,0.22
1980,The Simpsons: Road Rage,XB,2001,Racing,Electronic Arts,0.78,0.26,0,0.01,1.05
724,Teenage Mutant Ninja Turtles II: The Arcade Game,NES,1990,Action,Konami Digital Entertainment,1.74,0.25,0.21,0.03,2.23
4047,FIFA Soccer 64,N64,1997,Sports,Electronic Arts,0.16,0.3,0,0.03,0.49
374,Assassin's Creed: Brotherhood,X360,2010,Action,Ubisoft,2.84,0.39,0.03,0.24,3.5
9031,Sengoku Musou 3 Empires,PS3,2011,Action,Tecmo Koei,0,0,0.14,0,0.14
14371,Ojyousama Express,SAT,1998,Strategy,Media Works,0,0,0.03,0,0.03
16560,Dramatical Murder Re:code,PSV,2014,Adventure,Nitroplus,0,0,0.01,0,0.01
664,Madden NFL 11,PS3,2010,Sports,Electronic Arts,2.04,0.15,0,0.19,2.38
9528,Army Men: Soldiers of Misfortune,Wii,2008,Shooter,Zoo Games,0.12,0,0,0.01,0.13
12256,RPG Maker 3,PS2,2004,Role-Playing,Enterbrain,0.03,0.02,0,0.01,0.06
251,The Elder Scrolls IV: Oblivion,X360,2006,Role-Playing,Take-Two Interactive,2.82,1.05,0.13,0.4,4.39
4061,One Piece: Grand Battle!,PS,2001,Fighting,Atari,0,0,0.46,0.03,0.49
6890,Ratchet & Clank: Going Commando (JP weekly sales),PS2,2003,Action,Sony Computer Entertainment,0,0,0.24,0,0.24
3749,Epic Mickey 2: The Power of Two,X360,2012,Action,Disney Interactive Studios,0.32,0.17,0,0.04,0.54
9232,Cities: Skylines,PC,2015,Simulation,Paradox Interactive,0,0.13,0,0.01,0.14
7619,Magical Tetris Challenge,N64,1997,Puzzle,Activision,0.13,0.02,0.05,0,0.2
16499,Shutsugeki! Otometachi no Senjou 2: Ikusabana no Kizuna,PSP,2011,Strategy,System Soft,0,0,0.01,0,0.01
16247,Valentino Rossi: The Game,PC,2016,Racing,Namco Bandai Games,0,0.01,0,0,0.01
10946,Tom Clancy's EndWar,DS,2008,Strategy,Ubisoft,0.08,0.01,0,0.01,0.09
7632,Tomb Raider: Underworld,DS,2008,Action,Eidos Interactive,0.16,0.03,0,0.02,0.2
8702,The Idolm@ster 2,PS3,2011,Misc,Namco Bandai Games,0,0,0.16,0,0.16
4261,Brothers In Arms: D-Day,PSP,2006,Shooter,Ubisoft,0.23,0.14,0,0.09,0.46
12326,GunGriffon II,SAT,1998,Simulation,ESP,0,0,0.06,0,0.06
10471,Mickey's Speedway USA (weekly JP sales),N64,2000,Racing,Nintendo,0,0,0.1,0,0.1
13853,FIFA World Cup Germany 2006,DS,2006,Sports,Electronic Arts,0.03,0,0,0,0.04
247,Nintendo Land,WiiU,2012,Misc,Nintendo,2.55,1.11,0.46,0.33,4.44
11533,My Friends,DS,2009,Misc,Oxygen Interactive,0.07,0,0,0.01,0.08
12941,Minna no Ennichi,3DS,2012,Action,Namco Bandai Games,0,0,0.05,0,0.05
12070,Keroro RPG: Kishi to Musha to Densetsu no Kaizoku,DS,2010,Role-Playing,Namco Bandai Games,0,0,0.07,0,0.07
9537,Hour of Victory,X360,2007,Shooter,Midway Games,0.1,0.01,0,0.01,0.13
317,Flash Focus: Vision Training in Minutes a Day,DS,2007,Misc,Nintendo,0.87,1.57,1.05,0.35,3.84
10047,Star Trek: Conquest,PS2,N/A,Strategy,Bethesda Softworks,0.06,0.04,0,0.01,0.11
14783,Neverwinter Nights Diamond,PC,2004,Role-Playing,Atari,0,0.02,0,0,0.03
1995,Tales of Destiny,PS,1997,Role-Playing,Namco Bandai Games,0.09,0.06,0.83,0.07,1.04
3211,Mobile Suit Z Gundam: AEUG vs. Titans,PS2,2003,Fighting,Namco Bandai Games,0,0,0.63,0,0.63
14307,Vitamin X Evolution,DS,2008,Adventure,D3Publisher,0,0,0.03,0,0.03
10721,Burnout Paradise: The Ultimate Box,PC,2009,Racing,Electronic Arts,0,0.08,0,0.01,0.1
3924,LEGO Dimensions,WiiU,2015,Action,Warner Bros. Interactive Entertainment,0.3,0.16,0,0.05,0.51
4392,Brunswick Pro Bowling,X360,2010,Sports,505 Games,0.38,0.04,0,0.03,0.45
2821,MX vs. ATV Reflex,X360,2009,Racing,THQ,0.52,0.15,0,0.06,0.73
14498,Tokimeki Memorial Girl's Side 1st Love Plus,DS,2009,Adventure,Konami Digital Entertainment,0,0,0.03,0,0.03
10757,Virtual Pro Wrestling,PS,1996,Fighting,Asmik Ace Entertainment,0,0,0.09,0.01,0.1
680,Resident Evil - Code: Veronica X,PS2,2001,Action,Capcom,1.08,0.7,0.34,0.21,2.34
4768,"Ed, Edd n Eddy: The Mis-Edventures",PS2,2005,Platform,Midway Games,0.34,0.01,0,0.06,0.41
4218,Kong: The 8th Wonder of the World,GBA,2005,Action,Ubisoft,0.33,0.12,0,0.01,0.47
1103,Max Payne 3,X360,2012,Shooter,Take-Two Interactive,0.86,0.64,0.01,0.14,1.66
10852,Speed Kings,PS2,2003,Racing,Acclaim Entertainment,0.05,0.04,0,0.01,0.09
15252,Order of War,PC,2009,Strategy,Square Enix,0,0.01,0,0,0.02
15499,Rose to Tasogare no Kojou,PSV,2016,Action,Nippon Ichi Software,0,0,0.02,0,0.02
2063,NES Open Tournament Golf,NES,1991,Sports,Nintendo,0.41,0.1,0.47,0.02,1
7043,I Love Horses,DS,2008,Simulation,GSP,0.21,0,0,0.01,0.23
10320,Picross 3D 2,3DS,2015,Puzzle,Nintendo,0,0,0.11,0,0.11
16407,Vitamin X,PS2,2007,Adventure,D3Publisher,0,0,0.01,0,0.01
13757,Point Blank 2,PS,1998,Shooter,Namco Bandai Games,0.02,0.02,0,0,0.04
9380,Space Camp,Wii,2009,Action,Activision,0.12,0,0,0.01,0.13
7859,"Boku no Natsuyasumi 4: Seitouchi Shounen Tanteidan, Boku to Himitsu no Chizu",PSP,2009,Adventure,Sony Computer Entertainment,0,0,0.19,0,0.19
9876,Tecmo Bowl: Kickoff,DS,2008,Sports,Tecmo Koei,0.11,0,0,0.01,0.12
1277,New Play Control! Mario Power Tennis,Wii,2009,Sports,Nintendo,0.37,0.69,0.28,0.14,1.48
13199,Sesame Street: Cookie's Counting Carnival,PC,2010,Misc,Warner Bros. Interactive Entertainment,0.05,0,0,0,0.05
13490,"Roswell Conspiracies: Aliens, Myths & Legends",PS,2001,Action,Red Storm Entertainment,0.02,0.02,0,0,0.04
16147,Pet Shop Monogatari DS 2,DS,2010,Simulation,Taito,0,0,0.01,0,0.01
2193,Tony Hawk: RIDE,Wii,2009,Sports,Activision,0.7,0.17,0,0.08,0.95
3394,Jampack Fall 2001,PS,2001,Misc,Sony Computer Entertainment,0.33,0.22,0,0.04,0.59
16356,G1 Jockey 4 2008,PS3,2008,Sports,Tecmo Koei,0,0.01,0,0,0.01
10293,Backyard NFL Football '10,X360,2009,Sports,Atari,0.1,0,0,0.01,0.11
4271,Jampack Winter 2003 (RP-M),PS2,2003,Misc,Sony Computer Entertainment,0.22,0.18,0,0.06,0.46
10236,Higurashi no Naku Koro ni Matsuri,PS2,2007,Adventure,Alchemist,0,0,0.11,0,0.11
11644,Momotarou Dentetsu 11,GC,2002,Misc,Hudson Soft,0,0,0.07,0,0.08
6077,Final Fantasy X-2: International + Last Mission,PS2,2004,Role-Playing,Square Enix,0,0,0.29,0,0.29
1404,Bravely Default: Flying Fairy,3DS,2012,Role-Playing,Nintendo,0.5,0.32,0.49,0.07,1.38
9184,Valhalla Knights: Eldar Saga,Wii,2009,Role-Playing,Rising Star Games,0.1,0.01,0.01,0.01,0.14
10354,Hyper Formation Soccer,PS,1995,Sports,Human Entertainment,0,0,0.1,0.01,0.11
15228,Diabolik Lovers: More Blood,PSV,2015,Adventure,Idea Factory,0,0,0.02,0,0.02
8954,Thor: God of Thunder,X360,2011,Action,Sega,0.09,0.04,0,0.01,0.15
8082,Test Drive Off-Road Wide Open,XB,2001,Racing,Infogrames,0.15,0.03,0,0.01,0.18
7027,LEGO The Hobbit,WiiU,2014,Action,Warner Bros. Interactive Entertainment,0.1,0.11,0,0.02,0.23
16158,Isshoni Gohan. Portable,PSP,2013,Adventure,Boost On,0,0,0.01,0,0.01
3031,Ratatouille,PSP,2007,Action,THQ,0.22,0.28,0,0.16,0.67
6492,Hey Arnold! The Movie,GBA,2002,Platform,THQ,0.19,0.07,0,0,0.26
4426,Transformers: Fall of Cybertron,X360,2012,Action,Activision,0.28,0.13,0,0.04,0.44
3146,GoldenEye: Rogue Agent,PS2,2004,Shooter,Electronic Arts,0.54,0.02,0,0.09,0.64
7228,Rampage 2: Universal Tour,N64,1999,Action,GT Interactive,0.18,0.04,0,0,0.22
14419,Puzzle & Action: Tant-R,GEN,1994,Misc,Sega,0,0,0.03,0,0.03
13725,Shattered Union,XB,2005,Strategy,Take-Two Interactive,0.03,0.01,0,0,0.04
9906,Dragon Quest Builders: Revive Alefgard,PS3,2016,Role-Playing,Square Enix,0,0,0.12,0,0.12
1721,Your Shape: Fitness Evolved 2012,X360,2011,Sports,Ubisoft,0.7,0.37,0,0.1,1.17
11177,Bella Sara,DS,2008,Misc,Codemasters,0.04,0.03,0,0.01,0.09
10398,Dreamer Series: Top Model,DS,2009,Simulation,DreamCatcher Interactive,0.1,0,0,0.01,0.11
9568,Portal Runner,PS2,2001,Platform,3DO,0.06,0.05,0,0.02,0.13
704,Star Wars: The Force Unleashed,PS3,2008,Action,LucasArts,1.01,0.9,0,0.37,2.28
7864,Puyo Puyo Sun 64,N64,1997,Puzzle,Compile,0,0,0.16,0.03,0.19
11407,One Piece: Romance Dawn - Bouken no Yoake,3DS,2013,Fighting,Namco Bandai Games,0,0,0.08,0,0.08
3696,Gekikuukan Pro Yakyuu: At the End of the Century 1999,PS2,2000,Sports,SquareSoft,0,0,0.54,0,0.54
7161,Time Crisis: Crisis Zone,PS2,2004,Shooter,Namco Bandai Games,0.11,0.09,0,0.03,0.22
11974,Microsoft Flight Simulator 2004: A Century of Flight,PC,2003,Simulation,Microsoft Game Studios,0,0.06,0,0.01,0.07
5777,Madagascar,DS,2005,Platform,Activision,0.25,0.04,0,0.03,0.31
5171,Tom Clancy's HAWX 2,X360,2010,Action,Ubisoft,0.24,0.09,0.01,0.03,0.36
6913,Dynasty Warriors 6 Empires,X360,2009,Action,Tecmo Koei,0.16,0.02,0.04,0.02,0.24
7710,Tom and Jerry in House Trap,PS,2000,Action,Ubisoft,0.11,0.07,0,0.01,0.2
12149,Ragnarok: Hikari to Yami no Koujo,PSP,2011,Role-Playing,GungHo,0.02,0,0.05,0,0.07
4397,Dragon Quest Heroes: Rocket Slime,DS,2005,Action,Square Enix,0.13,0,0.31,0.01,0.45
4590,Famicom Mini: Super Mario Bros. 2,GBA,2004,Platform,Nintendo,0,0,0.41,0.01,0.42
14425,Kekkaishi: Kokubourou Shuurai,DS,2008,Action,Namco Bandai Games,0,0,0.03,0,0.03
13309,World Championship Pool 2004,PS2,2004,Sports,Jaleco,0.02,0.02,0,0.01,0.05
9907,Rodea the Sky Soldier,WiiU,2015,Action,Nippon Ichi Software,0.08,0.02,0.01,0.01,0.12
8342,Spawn: Armageddon,XB,2003,Action,Electronic Arts,0.13,0.04,0,0.01,0.17
13938,The Idolm@ster: Must Songs - Red Board / Blue Board,PSV,2015,Misc,Namco Bandai Games,0,0,0.04,0,0.04
3473,Tales of Phantasia,PS,1998,Role-Playing,Namco Bandai Games,0,0,0.54,0.04,0.58
1356,Cabela's Big Game Hunter,PS2,2002,Sports,Activision,0.7,0.54,0,0.18,1.42
4675,TimeShift,X360,2007,Shooter,Vivendi Games,0.36,0.02,0,0.03,0.41
12469,Kirarin * Revolution: Minna de Odorou Furi Furi Debut!,DS,2008,Simulation,Konami Digital Entertainment,0,0,0.06,0,0.06
15232,Fallout Trilogy,PC,2004,Role-Playing,Ubisoft,0,0.02,0,0,0.02
13802,Rollin' Rascals,DS,2009,Puzzle,Rising Star Games,0.04,0,0,0,0.04
8864,Doraemon 3: Nobi Dai no Machi SOS!,N64,2000,Platform,Epoch,0,0,0.09,0.06,0.15
1276,The Sims 3,Wii,2010,Simulation,Electronic Arts,0.61,0.73,0,0.15,1.49
13185,Furu Furu Park,Wii,2007,Misc,Taito,0.05,0,0,0,0.05
5750,2 Games in 1: Disney's Brother Bear / The Lion King 1 1/2,GBA,2005,Action,THQ,0.22,0.08,0,0.01,0.31
15596,Gallop Racer Inbreed,PS2,2006,Sports,Tecmo Koei,0,0,0.02,0,0.02
5676,Madden NFL 2002,GBA,2001,Sports,Electronic Arts,0.23,0.08,0,0.01,0.32
4171,WWE SmackDown vs. Raw 2011,Wii,2010,Fighting,THQ,0.3,0.13,0,0.04,0.47
663,NBA 2K15,PS4,2014,Sports,Take-Two Interactive,1.46,0.54,0.01,0.37,2.38
16031,Wand of Fortune R,PSV,2016,Adventure,Idea Factory,0,0,0.01,0,0.01
11478,Knife Edge: NoseGunner,N64,1998,Shooter,Mitsui,0.06,0.02,0,0,0.08
111,Mario Kart: Double Dash!!,GC,2003,Racing,Nintendo,4.12,1.77,0.87,0.19,6.95
3358,Jaws Unleashed,PS2,2006,Action,THQ,0.5,0.02,0,0.08,0.6
12063,Crazy Taxi 2,DC,2001,Racing,Sega,0,0,0.07,0,0.07
10071,Stubbs the Zombie in Rebel Without a Pulse,XB,2005,Action,THQ,0.08,0.02,0,0,0.11
11220,Princess Isabella: A Witch's Curse,DS,2010,Adventure,GSP,0.05,0.03,0,0.01,0.09
1712,Mario Tennis,GB,2000,Sports,Nintendo,0.5,0.18,0.44,0.06,1.18
228,The Lord of the Rings: The Two Towers,PS2,2002,Action,Electronic Arts,1.94,1.95,0.08,0.7,4.67
1339,Far Cry 4,PS3,2014,Shooter,Ubisoft,0.33,0.79,0.08,0.23,1.44
8628,Burger Island,DS,2008,Action,Destineer,0.15,0,0,0.01,0.16
14551,MapleStory DS,DS,2010,Role-Playing,Nexon,0,0,0.03,0,0.03
983,Wii Party U,WiiU,2013,Misc,Nintendo,0.31,0.54,0.84,0.08,1.77
1183,NCAA Football 2002,PS2,2001,Sports,Electronic Arts,0.77,0.6,0,0.2,1.57
13529,Rogue Trooper,PS2,2006,Shooter,Eidos Interactive,0.02,0.02,0,0.01,0.04
5840,Shrek the Third,DS,N/A,Action,Activision,0.26,0.02,0,0.02,0.3
9815,Fat Princess: Fistful of Cake,PSP,2010,Action,Sony Computer Entertainment,0.08,0.02,0,0.02,0.12
6639,Scrabble,DS,2009,Misc,Ubisoft,0.21,0.02,0,0.03,0.25
11647,Guilty Gear XX Slash,PS2,2006,Fighting,Sammy Corporation,0,0,0.08,0,0.08
5658,"Ed, Edd n Eddy: Jawbreakers!",GBA,2002,Adventure,BAM! Entertainment,0.23,0.08,0,0.01,0.32
1331,Dragon Quest Monsters: Joker 2,DS,2010,Role-Playing,Square Enix,0.11,0.08,1.24,0.02,1.45
12898,Shaman King: Soul Fight,GC,2003,Platform,Namco Bandai Games,0,0,0.05,0,0.05
15334,The Awakened Fate Ultimatum,PS3,2014,Role-Playing,Nippon Ichi Software,0,0,0.02,0,0.02
6294,R.U.S.E.,X360,2010,Strategy,Ubisoft,0.12,0.12,0,0.03,0.27
15632,Mai-Otome Hime: Otome Butou Shi,PS2,2006,Fighting,Sunrise Interactive,0,0,0.02,0,0.02
1825,Rocksmith,X360,2011,Misc,Ubisoft,0.84,0.2,0.01,0.08,1.12
1977,UFC Undisputed 3,PS3,2012,Action,THQ,0.55,0.34,0.03,0.13,1.05
5697,Heart of Darkness,PS,1998,Platform,Ocean,0.18,0.12,0,0.02,0.32
4201,Tiger Woods PGA Tour 07,Wii,N/A,Sports,Electronic Arts,0.43,0,0,0.04,0.47
7725,Beyblade: Metal Fusion - Battle Fortress,Wii,2009,Action,Konami Digital Entertainment,0.15,0,0.03,0.01,0.2
13524,Hanayori Danshi: Koi Seyo Onago,DS,2008,Adventure,Konami Digital Entertainment,0,0,0.04,0,0.04
8401,Surf's Up,Wii,2007,Sports,Ubisoft,0.15,0,0,0.01,0.17
16589,Secret Files 2: Puritas Cordis,DS,2009,Adventure,Deep Silver,0,0.01,0,0,0.01
4474,Robert Ludlum's The Bourne Conspiracy,X360,N/A,Action,Vivendi Games,0.26,0.14,0,0.04,0.44
7289,Sports Car GT,PS,1999,Racing,Electronic Arts,0.12,0.08,0,0.01,0.22
3551,RalliSport Challenge,XB,2002,Racing,Microsoft Game Studios,0.39,0.16,0,0.02,0.57
6427,Operation Armored Liberty,GBA,2003,Action,Majesco Entertainment,0.19,0.07,0,0,0.27
8824,The Sims Medieval: Pirates and Nobles,PC,2011,Simulation,Electronic Arts,0.05,0.08,0,0.02,0.15
13968,Monster Hunter Frontier Online: Season 9.0,X360,2010,Role-Playing,Capcom,0,0,0.04,0,0.04
9378,Azure Dreams,PS,1997,Role-Playing,Konami Digital Entertainment,0.07,0.05,0,0.01,0.13
7711,Power Rangers: Time Force,GBA,2001,Action,THQ,0.14,0.05,0,0,0.2
233,The Legend of Zelda: The Wind Waker,GC,2002,Action,Nintendo,2.6,0.99,0.89,0.13,4.6
5283,Tekken Tag Tournament 2,X360,2012,Fighting,Namco Bandai Games,0.19,0.12,0.01,0.03,0.35
15631,Rising Zan: The Samurai Gunman,PS,1998,Action,Agetec,0.01,0.01,0,0,0.02
3495,NHL 06,PS2,2005,Sports,Electronic Arts,0.48,0.02,0,0.08,0.58
2725,Rockstar Games presents Table Tennis,X360,2006,Sports,Take-Two Interactive,0.28,0.39,0,0.09,0.76
14300,Accel World: Ginyoku no Kakusei,PS3,2012,Adventure,Namco Bandai Games,0,0,0.03,0,0.03
10368,Rock Revolution,DS,2008,Misc,Konami Digital Entertainment,0.1,0,0,0.01,0.11
4436,G-Force,Wii,2009,Action,Disney Interactive Studios,0.19,0.2,0,0.05,0.44
14522,Petz: Dolphinz Encounter,DS,2009,Simulation,Ubisoft,0.01,0.01,0,0,0.03
5344,F1 Race Stars,PS3,2012,Racing,Codemasters,0.06,0.21,0,0.08,0.35
6779,Mega Man X Collection,PS2,N/A,Misc,Unknown,0.12,0.09,0,0.03,0.24
835,Peter Jackson's King Kong: The Official Game of the Movie,PS2,2005,Action,Ubisoft,0.71,1.02,0,0.31,2.04
8156,Ball Breakers,PS,2000,Action,Take-Two Interactive,0.1,0.07,0,0.01,0.18
12182,The Final Round,PS,1996,Sports,Konami Digital Entertainment,0.04,0.03,0,0,0.07
4380,Maze Craze: A Game of Cops 'n Robbers,2600,N/A,Action,Atari,0.42,0.02,0,0,0.45
15089,Rugby League Live 3,PS4,2015,Action,Tru Blu Entertainment,0,0.02,0,0,0.02
16141,WTA Tour Tennis,XB,2002,Sports,Konami Digital Entertainment,0.01,0,0,0,0.01
4034,Sonic Lost World,3DS,2013,Platform,Sega,0.24,0.15,0.07,0.03,0.49
4792,Sega Superstars Tennis,PS3,2008,Sports,Sega,0.13,0.2,0,0.08,0.4
3285,Muramasa: The Demon Blade,Wii,2009,Role-Playing,Rising Star Games,0.33,0.13,0.11,0.04,0.61
4775,FIFA Soccer 13,PC,2012,Action,Electronic Arts,0.02,0.31,0,0.07,0.41
11302,Risen 3: Titan Lords,X360,2014,Role-Playing,Deep Silver,0.02,0.06,0,0.01,0.08
1471,Skylanders SWAP Force,X360,2013,Platform,Activision,0.86,0.36,0,0.11,1.33
4467,Naruto: Gekito Ninja Taisen! 3,GC,2004,Fighting,Tomy Corporation,0,0,0.43,0.01,0.44
8521,Hot Wheels World Race,GC,2003,Racing,THQ,0.13,0.03,0,0,0.16
107,Crash Bandicoot 3: Warped,PS,1998,Platform,Sony Computer Entertainment,3.68,1.75,1.42,0.28,7.13
5844,Jumping Flash!,PS,1995,Platform,Sony Computer Entertainment,0.05,0.03,0.21,0.02,0.3
9989,Puzzler World 2,DS,2010,Puzzle,Ubisoft,0.02,0.07,0,0.02,0.12
2306,Crysis 3,PS3,2013,Shooter,Electronic Arts,0.26,0.43,0.03,0.18,0.9
3399,NFL Blitz 2001,PS,2000,Sports,Midway Games,0.33,0.22,0,0.04,0.59
3677,Summer Sports: Paradise Island,Wii,2008,Sports,Ubisoft,0.49,0.02,0,0.04,0.55
15614,Agatha Christie: Death on the Nile,PC,2008,Adventure,Big Fish Games,0,0.01,0,0,0.02
10804,Bladestorm: The Hundred Years' War,X360,2007,Action,Tecmo Koei,0.08,0.01,0,0.01,0.1
2828,Star Wars Episode III: Revenge of the Sith,GBA,2005,Action,Ubisoft,0.52,0.19,0,0.01,0.72
12505,D.C. II P.S.: Da Capo II Plus Situation,PS2,2008,Adventure,Kadokawa Shoten,0,0,0.06,0,0.06
2159,Mortal Kombat Trilogy,N64,1996,Fighting,GT Interactive,0.72,0.22,0,0.02,0.96
1696,Kobe Bryant in NBA Courtside,N64,1998,Sports,Nintendo,1.02,0.13,0.04,0.01,1.19
4239,Disney's Kim Possible 3: Team Possible,GBA,2005,Platform,Disney Interactive Studios,0.33,0.12,0,0.01,0.46
11915,Hannspree Ten Kate Honda: SBK Superbike World Championship,PS2,2007,Racing,Black Bean Games,0.03,0.03,0,0.01,0.07
15809,Memories Off #5: Encore,PS2,2007,Adventure,CyberFront,0,0,0.02,0,0.02
15495,Commandos 3: Destination Berlin,PC,2003,Strategy,Eidos Interactive,0,0.02,0,0,0.02
14528,Story Hour: Adventures,Wii,2008,Adventure,Zoo Digital Publishing,0.03,0,0,0,0.03
190,Mario & Sonic at the Olympic Games,DS,2008,Sports,Sega,1.64,2.48,0.44,0.58,5.14
10609,Van Helsing,GBA,2004,Action,Activision,0.07,0.03,0,0,0.1
11812,Still Life,XB,2005,Adventure,Microids,0.05,0.02,0,0,0.07
801,World of Warcraft: Cataclysm,PC,2010,Role-Playing,Activision,1.77,0.32,0,0,2.08
1743,Fallout: New Vegas,PC,2010,Role-Playing,Bethesda Softworks,0.58,0.45,0,0.14,1.16
8913,No.1 Muscle Ranking - Kinniku Banzuke Vol. 2: Aratanarugenkai Enochousen!,PS,2000,Sports,Konami Digital Entertainment,0,0,0.14,0.01,0.15
4770,Disney's Tarzan Untamed,PS2,2001,Platform,Ubisoft,0.2,0.16,0,0.05,0.41
12662,Nanostray,DS,2005,Shooter,Majesco Entertainment,0.05,0,0,0,0.06
4354,Pro Evolution Soccer 2016,PS3,2015,Sports,Konami Digital Entertainment,0.08,0.18,0.15,0.05,0.45
11183,Brain Voyage,DS,2008,Puzzle,Eidos Interactive,0.06,0.02,0,0.01,0.09
154,Cooking Mama,DS,2006,Simulation,505 Games,3.13,1.94,0.07,0.58,5.72
1153,Far Cry 2,X360,2008,Action,Ubisoft,0.71,0.69,0.02,0.18,1.6
2006,Project CARS,PS4,2015,Racing,Slightly Mad Studios,0.17,0.69,0.02,0.15,1.04
12786,Mighty Beanz: Pocket Puzzles,GBA,2004,Puzzle,Majesco Entertainment,0.04,0.01,0,0,0.06
6361,Summer Athletics: The Ultimate Challenge (US sales),Wii,2008,Sports,DTP Entertainment,0.23,0.04,0,0,0.27
7611,MVP Baseball 2003,XB,2003,Sports,Electronic Arts,0.15,0.04,0,0.01,0.2
3673,SpongeBob SquarePants: SuperSponge,GBA,2001,Action,THQ,0.39,0.15,0,0.01,0.55
12583,Teenage Mutant Ninja Turtles 3: Mutant Nightmare,DS,2005,Action,Konami Digital Entertainment,0.05,0,0,0,0.06
4998,God Eater 2: Rage Burst,PSV,2015,Role-Playing,Namco Bandai Games,0,0.01,0.37,0,0.38
13915,Dragon Ball: Advanced Adventure,GBA,2004,Action,Namco Bandai Games,0.03,0.01,0,0,0.04
10763,Red Bull BC One,DS,2008,Misc,Playlogic Game Factory,0.09,0,0,0.01,0.1
8191,College Hoops 2K8,X360,2007,Sports,Take-Two Interactive,0.16,0,0,0.01,0.18
10888,Harvey Birdman: Attorney at Law,PSP,2008,Adventure,Capcom,0.08,0,0,0.01,0.09
13297,ESPN Great Outdoor Games Bass 2002,GBA,2001,Sports,Konami Digital Entertainment,0.03,0.01,0,0,0.05
2953,Mortal Kombat: Shaolin Monks,PS2,2005,Action,Midway Games,0.58,0.02,0,0.09,0.69
1886,Tiger Woods PGA Tour 10,Wii,2009,Sports,Electronic Arts,0.61,0.37,0,0.11,1.09
7956,Grand Slam Tennis 2,X360,2012,Sports,Electronic Arts,0.1,0.07,0,0.02,0.19
