Rank,Name,Platform,Year,Genre,Publisher,NA_Sales,EU_Sales,JP_Sales,Other_Sales,Global_Sales
1051,The Crew,PS4,2014,Racing,Ubisoft,0.34,1.08,0.03,0.26,1.7
15900,The Sims 4: Luxury Party Stuff,PC,2015,Simulation,Electronic Arts,0,0.01,0,0,0.02
1204,Watch Dogs,XOne,2014,Action,Ubisoft,0.9,0.53,0,0.13,1.55
13432,Avatar: The Game,PC,2009,Action,Ubisoft,0,0.04,0,0.01,0.05
8402,Jikkyou Powerful Pro Baseball 2016,PS4,2016,Sports,Konami Digital Entertainment,0,0,0.17,0,0.17
160,Batman: Arkham City,PS3,2011,Action,Warner Bros. Interactive Entertainment,2.7,1.91,0.11,0.8,5.53
7839,GunGriffon,SAT,1995,Simulation,Sega,0,0,0.19,0,0.19
7100,BlowOut,PS2,2003,Shooter,Zoo Digital Publishing,0.11,0.09,0,0.03,0.23
13949,Magical Starsign (JP sales),DS,2006,Role-Playing,Nintendo,0,0,0.04,0,0.04
14319,Toriko: Ultimate Survival,3DS,2013,Action,Namco Bandai Games,0,0,0.03,0,0.03
1887,Star Wars: Bounty Hunter,PS2,2002,Shooter,LucasArts,0.53,0.42,0,0.14,1.09
15842,Dream C Club: GoGo,PS3,2014,Adventure,D3Publisher,0,0,0.02,0,0.02
2727,Genji: Days of the Blade,PS3,2006,Action,Sony Computer Entertainment,0.18,0.38,0.06,0.14,0.76
7365,Tenchu: Return From Darkness,XB,2004,Action,Activision,0.16,0.05,0,0.01,0.21
2002,F-Zero: Maximum Velocity,GBA,2001,Racing,Nintendo,0.39,0.16,0.37,0.12,1.04
2674,Crystal Castles,2600,1983,Action,Atari,0.72,0.04,0,0.01,0.77
1502,IHRA Drag Racing 2,PS2,2002,Racing,Bethesda Softworks,0.64,0.5,0,0.17,1.31
9266,Singstar: Ultimate Party,PS3,2014,Misc,Sony Computer Entertainment Europe,0,0.12,0,0.02,0.14
2623,Sid Meier's Civilization Revolution,PS3,2008,Strategy,Take-Two Interactive,0.49,0.19,0.01,0.1,0.79
15032,Okashi na Shima no Peter Pan: Sweet Never Land,PSP,2011,Adventure,Quinrose,0,0,0.02,0,0.02
10785,Ciel Nosurge: Ushinawareta Hoshi e Sasagu Uta,PSV,2012,Adventure,Gust,0,0,0.1,0,0.1
11159,My Stop Smoking Coach: Allen Carr's EasyWay,DS,2008,Misc,Ubisoft,0.07,0.01,0,0.01,0.09
6955,New Carnival Games,DS,2010,Misc,Take-Two Interactive,0.16,0.05,0,0.02,0.23
13304,Rock Band Country Track Pack 2,X360,2011,Misc,MTV Games,0.04,0,0,0,0.05
16168,Ouka Sengoku Portable,PSP,2012,Adventure,Alchemist,0,0,0.01,0,0.01
2692,The Sims 3,3DS,2011,Simulation,Electronic Arts,0.3,0.37,0.03,0.07,0.76
4942,Blood Omen 2,PS2,2002,Action,Eidos Interactive,0.19,0.15,0,0.05,0.39
2046,Sonic Generations,3DS,2011,Platform,Sega,0.44,0.46,0.01,0.09,1.01
7651,Pro Yaky? Spirits 2013,PS3,2013,Sports,Konami Digital Entertainment,0,0,0.2,0,0.2
12266,The LEGO Movie Videogame,PC,2014,Action,Warner Bros. Interactive Entertainment,0.02,0.04,0,0.01,0.06
11991,Samurai Warriors,XB,2004,Action,Tecmo Koei,0.05,0.02,0,0,0.07
5898,Super Bomberman 5,SNES,1997,Puzzle,Hudson Soft,0,0,0.3,0,0.3
14860,Little Busters! Converted Edition,PSV,2012,Action,Prototype,0,0,0.03,0,0.03
11879,Dark Souls,PC,2012,Role-Playing,Namco Bandai Games,0,0.06,0,0.01,0.07
14543,Commander: Conquest of the Americas,PC,2010,Strategy,Paradox Interactive,0,0.02,0,0.01,0.03
12224,C: The Contra Adventure,PS,1998,Shooter,Konami Digital Entertainment,0.04,0.02,0,0,0.07
8927,The Walking Dead: Season Two,PSV,2014,Adventure,Telltale Games,0.1,0,0.01,0.03,0.15
13146,Chronicles of the Sword,PS,1996,Adventure,Psygnosis,0.03,0.02,0,0,0.05
3055,Shaun White Snowboarding,PS3,2008,Sports,Ubisoft,0.31,0.24,0.01,0.1,0.66
13039,DokiDoki Majo Shinpan!,DS,2007,Adventure,SNK Playmore,0,0,0.05,0,0.05
2254,SpongeBob SquarePants: The Yellow Avenger,PSP,2006,Action,THQ,0.55,0.21,0,0.16,0.92
1598,Road Rash 3D,PS,1998,Racing,Electronic Arts,1.05,0.16,0,0.04,1.25
12454,S.T.A.L.K.E.R.: Call of Pripyat,PC,2009,Shooter,Namco Bandai Games,0,0.05,0,0.01,0.06
10755,Major League Baseball 2K11,DS,2011,Sports,Take-Two Interactive,0.09,0,0,0.01,0.1
13729,Unchained Blades,3DS,2011,Role-Playing,FuRyu,0,0,0.04,0,0.04
10286,JU-ON: The Grudge,Wii,2009,Action,Rising Star Games,0.08,0.01,0.01,0.01,0.11
372,Resident Evil 5,X360,2009,Action,Capcom,2.11,0.94,0.12,0.34,3.51
10640,Lode Runner 3-D,N64,1998,Action,Infogrames,0.08,0.02,0,0,0.1
1175,Need for Speed: Most Wanted,X360,2012,Racing,Electronic Arts,0.62,0.8,0.01,0.15,1.58
9476,Drakengard 2,PS2,2005,Role-Playing,Ubisoft,0.06,0.05,0,0.02,0.13
10172,Mortal Kombat: Deception,GC,2005,Fighting,Midway Games,0.09,0.02,0,0,0.11
4565,SEGA Classics Collection,PS2,2005,Misc,Sega,0.21,0.16,0,0.05,0.43
12008,Let's Ride! Dreamer,GBA,2005,Adventure,DTP Entertainment,0.05,0.02,0,0,0.07
13273,Powerful Golf,DS,2011,Sports,Konami Digital Entertainment,0,0,0.05,0,0.05
2045,God of War: Ghost of Sparta,PSP,2010,Action,Sony Computer Entertainment,0.41,0.36,0.03,0.21,1.01
13095,Kamiwaza,PS2,2006,Action,Acquire,0,0,0.05,0,0.05
14402,Super Heroine Chronicle,PS3,2014,Role-Playing,Namco Bandai Games,0,0,0.03,0,0.03
16395,Wand of Fortune: Mirai e no Prologue,PS2,2010,Adventure,Idea Factory,0,0,0.01,0,0.01
4498,Primal,PS2,2003,Action,Sony Computer Entertainment,0.21,0.17,0,0.06,0.43
6865,Jikkyou Powerful Pro Yakyuu 15,PS2,2008,Sports,Konami Digital Entertainment,0,0,0.24,0,0.24
12865,Marc Ecko's Getting Up: Contents Under Pressure,PS2,2006,Action,Atari,0.03,0.02,0,0.01,0.05
9456,Eternal Poison (JP sales),PS2,2008,Role-Playing,Banpresto,0,0,0.13,0,0.13
8058,Driver: San Francisco,PC,2011,Racing,Ubisoft,0.05,0.1,0,0.03,0.18
56,Call of Duty: Modern Warfare 2,PS3,2009,Shooter,Activision,4.99,3.69,0.38,1.63,10.69
13002,Natural Doctrine,PS3,2014,Role-Playing,Nippon Ichi Software,0.03,0.01,0.01,0.01,0.05
14179,Astonishia Story,PSP,2006,Role-Playing,Ubisoft,0.03,0,0,0,0.03
14316,Gakusen Toshi Asterisk Festa: Houka Kenran,PSV,2016,Fighting,Namco Bandai Games,0,0,0.03,0,0.03
3342,Fight Night Round 2,XB,2005,Fighting,Electronic Arts,0.42,0.16,0,0.02,0.6
4027,Ice Hockey,2600,1980,Sports,Activision,0.46,0.03,0,0.01,0.49
8694,The Walking Dead: Season One,XOne,2014,Adventure,Telltale Games,0.08,0.06,0,0.01,0.16
4915,Donkey Konga 2,GC,2004,Misc,Nintendo,0.3,0.08,0,0.01,0.39
11008,Supremacy MMA,PSV,2012,Fighting,505 Games,0.02,0.05,0,0.02,0.09
12685,Sumikko Gurashi: Mura o Tsukurundesu,3DS,2016,Misc,Nippon Columbia,0,0,0.06,0,0.06
14674,Tsuku Monogatari,PSP,2011,Adventure,FuRyu,0,0,0.03,0,0.03
3850,Bully: Scholarship Edition,Wii,2008,Action,Take-Two Interactive,0.17,0.29,0,0.06,0.52
13859,Jig-A-Pix: Pets,DS,2009,Puzzle,Zushi Games,0.03,0,0,0,0.04
7533,International Superstar Soccer 2000,PS2,2000,Sports,Konami Digital Entertainment,0,0,0.2,0,0.2
3598,Final Fantasy IV: The Complete Collection,PSP,2011,Role-Playing,Square Enix,0.13,0.09,0.27,0.06,0.56
13393,To Love-Ru Trouble Darkness: Battle Ecstasy,PSV,2014,Action,FuRyu,0,0,0.05,0,0.05
1934,World Tour Soccer,PSP,2005,Sports,Sony Computer Entertainment,0.1,0.63,0,0.34,1.07
4208,World Soccer Winning Eleven 8: Liveware Evolution,PS2,2005,Sports,Konami Digital Entertainment,0,0,0.47,0,0.47
11698,Tales of Fandom Vol.2,PS2,2007,Role-Playing,Namco Bandai Games,0,0,0.08,0,0.08
1278,Bratz: Forever Diamondz,DS,2006,Adventure,THQ,0.43,0.88,0,0.18,1.48
2169,Mortal Kombat: Deadly Alliance,XB,2002,Fighting,Midway Games,0.77,0.15,0,0.04,0.96
847,Tom Clancy's The Division,XOne,2016,Shooter,Ubisoft,1.2,0.62,0,0.18,2.01
14218,Young Justice: Legacy,Wii,2013,Action,Namco Bandai Games,0,0.03,0,0,0.03
3625,Purr Pals,DS,2007,Simulation,THQ,0.18,0.36,0,0.02,0.56
14426,Shugo Chara! Amunonijiro Chara Change,DS,2008,Action,Konami Digital Entertainment,0,0,0.03,0,0.03
11892,Eiken DS,DS,2007,Misc,Rocket Company,0,0,0.07,0,0.07
12261,Kabuki Warriors,XB,2001,Action,Genki,0.05,0.01,0,0,0.06
540,Ratchet & Clank: Going Commando,PS2,2003,Platform,Sony Computer Entertainment,1.44,0.83,0.26,0.25,2.78
7208,Barbie Super Sports,PS,1999,Sports,Mattel Interactive,0.12,0.08,0,0.01,0.22
12201,Worms 3D,GC,2003,Strategy,Sega,0.05,0.01,0,0,0.07
5147,Theatrhythm Final Fantasy: Curtain Call,3DS,2014,Misc,Square Enix,0.13,0.08,0.15,0.02,0.37
3783,Romance of the Three Kingdoms IV: Wall of Fire,SNES,1994,Strategy,Tecmo Koei,0,0,0.53,0,0.53
11806,Tropico 5,X360,2014,Simulation,Kalypso Media,0.03,0.04,0,0.01,0.07
7095,Bratz: Girlz Really Rock,PS2,2008,Action,THQ,0.11,0.09,0,0.03,0.23
12148,Freddi Fish: Kelp Seed Mystery,Wii,2008,Adventure,Majesco Entertainment,0.06,0,0,0,0.07
8308,Super Robot Taisen Compact 2 Dai-1-Bu,WS,2000,Strategy,Namco Bandai Games,0,0,0.17,0,0.17
4010,Tomb Raider: Anniversary,PS2,2007,Action,Eidos Interactive,0.41,0.02,0,0.07,0.5
3354,Suikoden,PS,1995,Role-Playing,Konami Digital Entertainment,0.21,0.14,0.21,0.04,0.6
15412,Deus Ex: Mankind Divided,PC,2016,Role-Playing,Square Enix,0,0.02,0,0,0.02
4156,X-Men: Next Dimension,PS2,2002,Fighting,Activision,0.23,0.18,0,0.06,0.47
1892,Endless Ocean,Wii,2007,Adventure,Nintendo,0.44,0.47,0.09,0.09,1.09
6586,NASCAR 09,PS3,2008,Racing,Electronic Arts,0.22,0.01,0,0.02,0.26
5574,God of War Collection,PSV,2014,Action,Sony Computer Entertainment,0.14,0.1,0.01,0.07,0.33
9418,Kouchuu Ouja Mushi King: Greatest Champion e no Michi DS 2,DS,2006,Action,Sega,0,0,0.13,0,0.13
16442,Shin Sangoku Musou 4 Special,X360,2005,Action,Tecmo Koei,0,0,0.01,0,0.01
9066,Victorious Boxers: Revolution,Wii,2007,Fighting,Ubisoft,0.07,0,0.06,0.01,0.14
11868,TMNT: Mutant Melee,GC,2005,Fighting,Konami Digital Entertainment,0.06,0.01,0,0,0.07
3413,"Transformers: The Game (XBox 360, PS2, PS3, Wii & PC Versions)",Wii,2007,Action,Activision,0.52,0.03,0,0.04,0.59
15075,Titanic Mystery,Wii,2010,Puzzle,O-Games,0.02,0,0,0,0.02
14639,Spectral Souls: Resurrection of the Ethereal Empires,PSP,2005,Role-Playing,Idea Factory,0.03,0,0,0,0.03
13744,Looney Tunes Duck Dodgers Starring: Daffy Duck,N64,2000,Platform,Infogrames,0.03,0.01,0,0,0.04
3691,SingStar Summer Party,PS2,2008,Misc,Sony Computer Entertainment,0,0.06,0,0.48,0.54
3118,Drakengard,PS2,2003,Role-Playing,Square Enix,0.19,0.15,0.26,0.05,0.65
12043,Sprint Cars: Road to Knoxville,PS2,2005,Racing,THQ,0.03,0.03,0,0.01,0.07
9858,Jikkyou Powerful Pro Yakyuu 8 Ketteiban,PS2,2001,Sports,Konami Digital Entertainment,0,0,0.12,0,0.12
6596,Tomb Raider: Underworld (Others sales),PS2,2009,Adventure,Eidos Interactive,0,0.21,0,0.04,0.26
16032,Katekyoo Hitman Reborn Nerae!? Ring x Bongole Returns,PS2,2008,Adventure,Marvelous Interactive,0,0,0.01,0,0.01
14302,Men of War,PC,2009,Strategy,505 Games,0.01,0.02,0,0.01,0.03
2177,Tom Clancy's Splinter Cell: Chaos Theory,PS2,2005,Action,Ubisoft,0.36,0.45,0,0.14,0.95
1703,NBA 2K17,PS4,2016,Sports,Take-Two Interactive,0.83,0.14,0,0.22,1.19
14103,Turbo: Super Stunt Squad,DS,2013,Sports,D3Publisher,0,0.03,0,0,0.03
7670,Family Feud: 2012 Edition,Wii,2011,Misc,Ubisoft,0.19,0,0,0.01,0.2
9193,Pro Yaky? Spirits 2014,PS3,2014,Sports,Konami Digital Entertainment,0,0,0.14,0,0.14
8392,State of Emergency,XB,2003,Action,Take-Two Interactive,0.13,0.04,0,0.01,0.17
12647,Syphon Filter: Logan's Shadow,PS2,2010,Shooter,Sony Computer Entertainment,0.03,0.02,0,0.01,0.06
5305,Mega Man ZX Advent,DS,2007,Platform,Capcom,0.23,0,0.09,0.02,0.35
14449,BeatMania IIDX 13: DistorteD,PS2,2007,Simulation,Konami Digital Entertainment,0,0,0.03,0,0.03
14650,Parfait,PSV,2015,Adventure,TGL,0,0,0.03,0,0.03
8349,Disney TH!NK Fast: The Ultimate Trivia Showdown,PS2,2008,Misc,Disney Interactive Studios,0.08,0.06,0,0.02,0.17
15507,Muchi Muchi Pork & Pink Sweets,X360,2011,Shooter,Cave,0,0,0.02,0,0.02
11559,Valkyrie Drive: Bhikkhuni,PSV,2015,Action,PQube,0,0.01,0.07,0,0.08
14246,Trials Fusion,PC,2014,Racing,Ubisoft,0,0.03,0,0,0.03
16422,Routes PE,PS2,2007,Adventure,Aqua Plus,0,0,0.01,0,0.01
11117,Wacky World of Sports,Wii,2009,Sports,Sega,0.08,0,0,0.01,0.09
10552,Draglade,DS,2007,Fighting,505 Games,0.09,0,0,0.01,0.1
12220,Gundam Try Age SP,3DS,2014,Strategy,Namco Bandai Games,0,0,0.07,0,0.07
221,Crash Team Racing,PS,1999,Racing,Sony Computer Entertainment,2.57,1.57,0.44,0.21,4.79
15403,Psycho-Pass: Mandatory Happiness,PSV,2016,Adventure,Nippon Ichi Software,0,0.01,0.01,0,0.02
11288,Rescue Heroes: Billy Blazes,GBA,2003,Action,Vivendi Games,0.06,0.02,0,0,0.08
14196,Makai Senki Disgaea 4: Fuuka & Desco-hen Hajime Mashita,PS3,2011,Strategy,Nippon Ichi Software,0,0,0.03,0,0.03
3720,FIFA 99,N64,1998,Sports,Electronic Arts,0.11,0.39,0,0.03,0.54
2581,The Sims 2: Castaway,PSP,2007,Simulation,Electronic Arts,0.08,0.46,0,0.25,0.8
14353,A Good Librarian Like a Good Shepherd: Library Party,PSV,2015,Action,Kaga Create,0,0,0.03,0,0.03
12746,Doki-Doki Universe,PSV,2013,Adventure,Sony Computer Entertainment,0.01,0.04,0,0.01,0.06
16111,Nodame Cantabile,PS2,2007,Misc,Banpresto,0,0,0.01,0,0.01
8429,Dragon Quest X,3DS,2014,Role-Playing,Square Enix,0,0,0.17,0,0.17
6963,Etrian Mystery Dungeon,3DS,2015,Role-Playing,Nippon Ichi Software,0.09,0.01,0.12,0.01,0.23
10662,Atelier Sophie: The Alchemist of the Mysterious Book,PS4,2015,Role-Playing,Tecmo Koei,0.01,0.02,0.06,0.01,0.1
6833,Rock Band Track Pack Volume 1,Wii,2008,Misc,MTV Games,0.17,0.05,0,0.02,0.24
14122,Radiant Silvergun,SAT,1998,Shooter,ESP,0,0,0.03,0,0.03
13498,Nobunaga's Ambition (3DS),3DS,2013,Simulation,Tecmo Koei,0,0,0.04,0,0.04
6907,Grand Theft Auto,GBA,2004,Action,Take-Two Interactive,0.17,0.06,0,0,0.24
12650,Daito Giken Koushiki Pachi-Slot Simulator: Shin Yoshimune,PS2,2008,Misc,Paon,0,0,0.06,0,0.06
8407,Shin Megami Tensei: Devil Summoner 2 - Raidou Kuzunoha vs. King Abaddon (JP sales),PS2,2008,Role-Playing,Atlus,0,0,0.17,0,0.17
10582,World Series of Poker 2008: Battle for the Bracelets,PS3,2007,Misc,Activision,0.08,0.01,0,0.01,0.1
11521,Serious Sam 3: BFE,PC,2011,Shooter,Mastertronic,0.01,0.05,0,0.01,0.08
5495,Extra Bases,GB,1990,Sports,Namco Bandai Games,0,0,0.33,0,0.33
11748,Torchlight,PC,2009,Role-Playing,JoWood Productions,0,0.06,0,0.02,0.07
4169,Silent Hill: Downpour,PS3,2012,Action,Konami Digital Entertainment,0.21,0.16,0.04,0.06,0.47
13629,Pocket Pool,PSP,2007,Action,Conspiracy Entertainment,0.04,0,0,0,0.04
9236,Rayman Arena,GC,2002,Racing,Ubisoft,0.11,0.03,0,0,0.14
10867,Forever Kingdom,PS2,2001,Role-Playing,From Software,0.02,0.02,0.04,0.01,0.09
7135,Spec Ops: The Line,PC,2012,Shooter,Take-Two Interactive,0.11,0.09,0,0.03,0.23
3753,War of the Monsters,PS2,2003,Fighting,Sony Computer Entertainment,0.26,0.2,0,0.07,0.54
1053,We Ski,Wii,2008,Sports,Namco Bandai Games,0.99,0.42,0.14,0.15,1.7
12380,Code Geass: Hangyaku no Lelouch - Lost Colors,PS2,2008,Adventure,Namco Bandai Games,0,0,0.06,0,0.06
1631,Boom Blox,Wii,2008,Puzzle,Electronic Arts,0.72,0.38,0,0.12,1.23
7457,Wacky Races: Crash & Dash,DS,2008,Racing,Eidos Interactive,0.19,0,0,0.01,0.21
12475,Crazy Chicken Tales,Wii,2009,Action,Conspiracy Entertainment,0.06,0,0,0,0.06
5251,EA Sports MMA,X360,2010,Fighting,Electronic Arts,0.23,0.1,0,0.03,0.36
3542,Dora The Explorer: Dora Saves the Snow Princess,Wii,2008,Platform,Take-Two Interactive,0.5,0.03,0,0.04,0.57
9594,Thor: God of Thunder,DS,2011,Action,Sega,0.09,0.03,0,0.01,0.13
14583,NatGeo Challenge! Wild Life,X360,2010,Misc,Black Bean Games,0,0.02,0,0,0.03
8510,Disney's American Dragon Jake Long: Attack of the Dark Dragon,DS,2006,Action,Disney Interactive Studios,0.15,0,0,0.01,0.16
12722,Samurai Jack: The Shadow of Aku,PS2,2004,Action,Sega,0.03,0.02,0,0.01,0.06
13692,12Riven: The Psi-Climinal of Integral,PS2,2008,Adventure,CyberFront,0,0,0.04,0,0.04
15812,WRC 5: FIA World Rally Championship,X360,2015,Sports,Bigben Interactive,0,0.02,0,0,0.02
10107,Pimp My Ride,Wii,2008,Racing,Activision,0.1,0,0,0.01,0.11
4842,Rocket Power: Dream Scheme,GBA,2001,Action,THQ,0.29,0.11,0,0.01,0.4
14169,Zoo Vet: Endangered Animals,DS,2008,Simulation,505 Games,0.03,0,0,0,0.03
10802,Populous DS,DS,2008,Strategy,Rising Star Games,0.07,0,0.02,0.01,0.1
6457,Panzer Dragoon Orta,XB,2002,Shooter,Sega,0.16,0.05,0.04,0.01,0.26
15023,Bomberman Story DS,DS,2007,Role-Playing,Rising Star Games,0,0,0.02,0,0.02
4443,Ninja Gaiden 3,PS3,2012,Action,Tecmo Koei,0.19,0.1,0.11,0.05,0.44
15132,Moujuutsukai to Oujisama: Snow Bride Portable,PSP,2012,Adventure,Idea Factory,0,0,0.02,0,0.02
7425,WRC: FIA World Rally Championship,PS3,N/A,Racing,Black Bean Games,0,0.15,0.01,0.05,0.21
16127,Young Justice: Legacy,X360,2013,Action,Namco Bandai Games,0,0.01,0,0,0.01
3490,BlazBlue: Calamity Trigger,PS3,2009,Fighting,PQube,0.36,0.1,0.06,0.06,0.58
8511,Godzilla Unleashed,Wii,2007,Fighting,Atari,0.15,0,0,0.01,0.16
13478,Disney's Donald Duck: Goin' Quackers,GC,2002,Platform,Ubisoft,0.03,0.01,0,0,0.04
12243,NHL Hitz Pro,XB,2003,Sports,Midway Games,0.05,0.01,0,0,0.07
6352,Tales of Eternia,PSP,2005,Role-Playing,Ubisoft,0,0.01,0.25,0.01,0.27
12728,Rugby World Cup 2015,PS4,2015,Sports,Ubisoft,0,0.05,0,0.01,0.06
6782,Avalon Code,DS,2008,Role-Playing,Rising Star Games,0.11,0,0.12,0.01,0.24
13745,Superman: Countdown to Apokolips,GBA,2003,Platform,Atari,0.03,0.01,0,0,0.04
15916,Dragon Tales: Dragon Adventures,GBA,2003,Platform,NewKidCo,0.01,0,0,0,0.02
15775,Cube,PSP,2007,Puzzle,D3Publisher,0.02,0,0,0,0.02
11715,Winter Sports 2011,Wii,2011,Sports,DTP Entertainment,0,0.06,0,0.01,0.08
4538,NHL Slapshot,Wii,N/A,Sports,Unknown,0.4,0,0,0.02,0.43
14098,Detective Conan: Prelude from the Past,PSP,2012,Action,Namco Bandai Games,0,0,0.04,0,0.04
7247,Kartia: The Word of Fate,PS,1998,Strategy,Konami Digital Entertainment,0.05,0.03,0.12,0.01,0.22
13441,Gray Matter,X360,2011,Adventure,DTP Entertainment,0,0.04,0,0.01,0.05
5486,Rugby World Cup 2011,PS3,2011,Sports,505 Games,0,0.25,0,0.08,0.33
707,Paper Mario: Sticker Star,3DS,2012,Role-Playing,Nintendo,1.12,0.39,0.64,0.12,2.27
14086,The Cursed Crusade,PC,2011,Action,DTP Entertainment,0,0.03,0,0.01,0.04
4723,Boku no Natsuyasumi 2: Umi no Bouken Hen,PS2,2002,Adventure,Sony Computer Entertainment,0,0,0.41,0,0.41
10970,Kawasaki Quad Bikes,Wii,2007,Racing,Data Design Interactive,0.07,0.01,0,0.01,0.09
6705,Freshly-Picked: Tingle's Rosy Rupeeland,DS,2006,Role-Playing,Nintendo,0,0.01,0.24,0,0.25
16401,Petz: Hamsterz Life 2,GBA,2007,Misc,Ubisoft,0.01,0,0,0,0.01
6480,We Cheer 2,Wii,2009,Simulation,Namco Bandai Games,0.24,0,0,0.02,0.26
442,Spider-Man,PS,2000,Action,Activision,1.7,1.25,0.02,0.16,3.13
626,NBA 2K14,X360,2013,Sports,Take-Two Interactive,2.1,0.2,0,0.17,2.47
5386,Kameo: Elements of Power,X360,2005,Action,Microsoft Game Studios,0.28,0.03,0,0.03,0.34
13178,BeatMania IIDX 3rd Style,PS2,2000,Simulation,Konami Digital Entertainment,0,0,0.05,0,0.05
4603,ESPN NHL 2K5,XB,2004,Sports,Global Star,0.32,0.09,0,0.02,0.42
4946,Super Fire ProWrestling,SNES,1991,Fighting,Human Entertainment,0,0,0.39,0,0.39
14714,Max Payne,GBA,2003,Shooter,Take-Two Interactive,0.02,0.01,0,0,0.03
11368,Forbidden Siren 2,PS2,2006,Action,Sony Computer Entertainment,0,0,0.08,0,0.08
13497,Candace Kane's Candy Factory,DS,2008,Action,Destineer,0.04,0,0,0,0.04
12464,Metal Gear Solid: Social Ops,PS2,2002,Action,Konami Digital Entertainment,0.03,0.02,0,0.01,0.06
7431,Way of the Samurai 3,X360,2009,Action,Gamebridge,0.12,0.05,0.02,0.02,0.21
3214,God of War III,PS4,2015,Action,Sony Computer Entertainment,0.23,0.29,0.01,0.1,0.63
11095,Burnout Paradise: The Ultimate Box,PS3,2009,Racing,Electronic Arts,0,0.06,0.01,0.02,0.09
9750,Major League Baseball 2K8 Fantasy All-Stars,DS,2008,Sports,Take-Two Interactive,0.11,0,0,0.01,0.12
655,Monopoly,PC,1994,Misc,Hasbro Interactive,1.49,0.81,0,0.1,2.39
3759,Jewel Master Egypt,DS,2009,Puzzle,Rondomedia,0.21,0.27,0,0.05,0.53
841,NBA Live 2004,PS2,2003,Sports,Electronic Arts,1.57,0.18,0,0.27,2.03
996,Tom Clancy's Ghost Recon,XB,2002,Shooter,Ubisoft,1.23,0.46,0,0.07,1.76
2605,Harvest Moon: A Wonderful Life,GC,2003,Role-Playing,Ubisoft,0.61,0.16,0,0.02,0.79
7940,Singstar: Ultimate Party,PS4,2014,Misc,Sony Computer Entertainment Europe,0,0.16,0,0.03,0.19
13033,Sengoku Basara X,PS2,2008,Fighting,Capcom,0,0,0.05,0,0.05
10641,The History Channel: Civil War - Secret Missions,PS3,2008,Shooter,Activision,0.09,0,0,0.01,0.1
10962,Lock's Quest,DS,2008,Strategy,THQ,0.08,0,0,0.01,0.09
10897,Freekstyle,GC,2002,Racing,Electronic Arts,0.07,0.02,0,0,0.09
5131,FIFA Soccer 13,PSP,2012,Action,Electronic Arts,0.05,0.19,0.02,0.1,0.37
6923,Game & Wario,WiiU,2013,Misc,Nintendo,0.06,0.06,0.11,0.01,0.24
13468,Cheer We Go!,DS,2010,Misc,Natsume,0.04,0,0,0,0.04
5688,BlazBlue: Continuum Shift,X360,2010,Fighting,PQube,0.23,0.04,0.02,0.02,0.32
5928,Taiko no Tatsujin Wii: Minna de Party * 3-Yome!,Wii,2010,Misc,Namco Bandai Games,0,0,0.3,0,0.3
11758,Futurama,PS2,2003,Platform,SCi,0.04,0.03,0,0.01,0.07
12763,Myst,SAT,1994,Adventure,Sunsoft,0,0,0.06,0,0.06
3425,Game Party in Motion,X360,2010,Misc,Warner Bros. Interactive Entertainment,0.36,0.18,0,0.05,0.59
2880,MLB 10: The Show,PS3,2010,Sports,Sony Computer Entertainment,0.66,0,0,0.05,0.71
5880,Sengoku Basara: Samurai Heroes,Wii,2010,Action,Capcom,0.08,0.02,0.2,0.01,0.3
9018,Fatal Frame,PS2,2001,Action,Wanadoo,0.07,0.06,0,0.02,0.14
2090,Ace Combat X: Skies of Deception,PSP,2006,Simulation,Namco Bandai Games,0.37,0.31,0.12,0.19,0.99
7427,Threads of Fate,PS,1999,Role-Playing,SquareSoft,0.12,0.08,0,0.01,0.21
15480,Heroes VS,PSP,2013,Fighting,Namco Bandai Games,0,0,0.02,0,0.02
6164,Jissen Pachi-Slot Hisshouhou! Moujuu-Oh S,PS2,2002,Misc,Sammy Corporation,0,0,0.28,0,0.28
10063,Grease,DS,2010,Misc,505 Games,0.1,0,0,0.01,0.11
13834,Romance of the Three Kingdoms 13,PS3,2015,Action,Tecmo Koei,0,0,0.04,0,0.04
6874,Army Men: Air Combat,N64,2000,Action,3DO,0.19,0.05,0,0,0.24
5930,The Sims 2: Pets,PS2,2006,Simulation,Electronic Arts,0.02,0.01,0,0.27,0.3
8620,Shaun White Skateboarding,X360,2010,Sports,Ubisoft,0.1,0.05,0,0.01,0.16
3537,Pro Evolution Soccer 2012,PSP,2011,Action,Konami Digital Entertainment,0.1,0.12,0.29,0.07,0.57
12985,Pony Friends: Mini Breeds Edition,DS,2008,Simulation,Eidos Interactive,0.05,0,0,0,0.05
1380,NASCAR 2005: Chase for the Cup,PS2,2004,Racing,Electronic Arts,0.69,0.54,0,0.18,1.41
7781,Peter Jackson's King Kong: The Official Game of the Movie,PSP,2005,Action,Ubisoft,0.16,0.01,0,0.02,0.19
10234,Samurai Warriors 4,PSV,2014,Action,Tecmo Koei,0,0,0.11,0,0.11
11722,Disaster: Day of Crisis,Wii,2008,Action,Nintendo,0,0.03,0.04,0,0.08
9494,Secret Agent Clank,PSP,2008,Platform,Sony Computer Entertainment,0.04,0.03,0.04,0.02,0.13
14002,Smashing Drive,XB,2002,Racing,Namco Bandai Games,0.03,0.01,0,0,0.04
9350,Hisshou Pachinko*Pachi-Slot Kouryaku Series Vol. 1: CR Shinseiki Evangelion,PS2,2005,Misc,D3Publisher,0,0,0.13,0,0.13
14320,Big Ichigeki! Pachi-Slot Taikouryku Universal Museum,SAT,1996,Misc,ASK,0,0,0.03,0,0.03
5026,Tales of Zestiria,PS4,2015,Role-Playing,Namco Bandai Games,0.16,0.15,0.02,0.06,0.38
9386,Suite PreCure: Melody Collection,DS,2011,Misc,Namco Bandai Games,0,0,0.13,0,0.13
3457,Rayman Origins,Wii,2011,Platform,Ubisoft,0.23,0.29,0,0.07,0.58
747,Hitman: Absolution,PS3,2012,Action,Square Enix,0.59,1.07,0.07,0.45,2.19
5035,Final Fantasy Adventure,GB,1991,Role-Playing,SquareSoft,0,0,0.38,0,0.38
8095,Moon,PS,1997,Adventure,ASCII Entertainment,0,0,0.17,0.01,0.18
4756,'98 Koshien,PS,1998,Sports,Magical Company,0.15,0.1,0.12,0.03,0.41
15932,Minna to Issho,PSV,2011,Misc,Sony Computer Entertainment,0,0,0.02,0,0.02
6880,Lucky Luke,PS,1998,Platform,Ocean,0.13,0.09,0,0.02,0.24
6450,Rayman DS,DS,2005,Platform,Ubisoft,0.21,0.04,0,0.02,0.26
15272,Sniper Elite V2,WiiU,2013,Shooter,505 Games,0,0.02,0,0,0.02
11022,Great Party Games,Wii,2010,Misc,O-Games,0,0.08,0,0.01,0.09
861,Sonic Classic Collection,DS,2010,Platform,Sega,0.99,0.8,0,0.18,1.97
3539,Blood Wake,XB,2001,Shooter,Microsoft Game Studios,0.43,0.12,0,0.02,0.57
11702,WipEout HD Fury,PS3,2009,Racing,Sony Computer Entertainment,0,0.06,0,0.02,0.08
10488,Road Rash: Jailbreak,GBA,2003,Racing,Zoo Digital Publishing,0.07,0.03,0,0,0.1
1232,Knockout Kings,PS,1997,Fighting,Electronic Arts,1.07,0.39,0,0.06,1.52
5414,My Baby Boy,DS,2008,Simulation,Nobilis,0.3,0.02,0,0.03,0.34
6468,Zoo Tycoon 2: Ultimate Collection,PC,2008,Strategy,Microsoft Game Studios,0.04,0.18,0,0.04,0.26
9683,Worms 3D,PS2,2003,Strategy,Sega,0.06,0.05,0,0.02,0.12
7076,The Idolm@ster SP: Wandering Star / Perfect Sun / Missing Moon,PSP,2009,Adventure,Namco Bandai Games,0,0,0.23,0,0.23
13893,Ide Yosuke no Mahjong Kazoku,PS,1995,Misc,Seta Corporation,0,0,0.04,0,0.04
11010,Justice League Heroes,DS,2006,Role-Playing,Eidos Interactive,0.08,0,0,0.01,0.09
14900,Hisshou Pachinko*Pachi-slot Kouryaku Series DS Vol. 3: Shinseiki Evangelion - Yakusoku no Toki,DS,2008,Misc,D3Publisher,0,0,0.03,0,0.03
7593,Angry Birds Star Wars,PS4,2013,Strategy,Activision,0.1,0.08,0,0.03,0.2
6123,Monopoly Streets,X360,2010,Misc,Electronic Arts,0.16,0.1,0,0.03,0.28
14414,NBA 2K13,PC,2012,Sports,Take-Two Interactive,0,0.02,0,0,0.03
3963,Avatar: The Last Airbender,GC,2006,Adventure,THQ,0.39,0.1,0,0.01,0.5
16159,PC Engine Best Collention: Ginga Ojousama Densetsu Collection,PSP,2008,Adventure,Hudson Soft,0,0,0.01,0,0.01
1683,Mario vs. Donkey Kong 2: March of the Minis,DS,2006,Puzzle,Nintendo,0.74,0.03,0.36,0.07,1.2
1172,Guitar Hero: On Tour Decades,DS,2008,Misc,Activision,0.85,0.58,0,0.16,1.58
2992,Sniper Elite 3,PS4,2014,Shooter,505 Games,0.22,0.33,0,0.13,0.68
13371,Rapala Fishing Frenzy 2009,X360,2008,Sports,Activision,0.04,0,0,0,0.05
8899,Armored Core: For Answer,X360,2008,Simulation,Ubisoft,0.06,0.01,0.07,0.01,0.15
13269,Kamen Rider: Battride War Genesis,PSV,2016,Action,Namco Bandai Games,0,0,0.05,0,0.05
9692,Galidor: Defenders of the Outer Dimension,GBA,2002,Action,Electronic Arts,0.09,0.03,0,0,0.12
555,Mario Party,N64,1998,Misc,Nintendo,1.25,0.53,0.87,0.05,2.7
14659,In Cold Blood,PS,2000,Adventure,Sony Computer Entertainment,0.02,0.01,0,0,0.03
7830,Fire ProWrestling G,PS,1999,Fighting,Human Entertainment,0,0,0.18,0.01,0.19
12592,Back to the Future: The Game,Wii,2011,Adventure,Telltale Games,0.05,0,0,0,0.06
6036,Duel Masters: Sempai Legends,GBA,2003,Misc,Atari,0.21,0.08,0,0.01,0.29
8220,Broken Sword: Shadows of the Templars - The Director's Cut,DS,2009,Adventure,Ubisoft,0.07,0.09,0,0.02,0.17
1531,Resident Evil Zero,GC,2002,Action,Capcom,0.54,0.27,0.45,0.04,1.29
14546,Royal Palace of White Sword and The City of Gentiles,PC,2009,Role-Playing,Take-Two Interactive,0,0.02,0,0.01,0.03
1332,Tony Hawk's American Wasteland (Weekly american sales),PS2,2005,Sports,Activision,1.38,0.05,0,0.02,1.45
1987,Monster Rancher 2,PS,1998,Simulation,Sony Computer Entertainment,0.19,0.13,0.66,0.07,1.05
7543,The King of Fighters Collection: The Orochi Saga,PS2,2006,Fighting,Ignition Entertainment,0.1,0.08,0,0.03,0.2
10248,Call of Juarez: The Cartel,PC,2011,Shooter,Ubisoft,0.05,0.05,0,0.01,0.11
11815,Goodbye Deponia,PC,2013,Adventure,Daedalic Entertainment,0,0.06,0,0.01,0.07
10575,The Ant Bully,PS2,2006,Platform,Midway Games,0.05,0.04,0,0.01,0.1
4522,The Powerpuff Girls: Him and Seek,GBA,2002,Platform,BAM! Entertainment,0.31,0.11,0,0.01,0.43
4518,TimeSplitters,PS2,2000,Shooter,Eidos Interactive,0.21,0.17,0,0.06,0.43
5869,Drakengard 3,PS3,2013,Role-Playing,Square Enix,0.1,0,0.19,0.02,0.3
5067,Monster Jam: Path of Destruction,DS,2010,Racing,Activision,0.35,0,0,0.02,0.38
7786,J-League Excite Stage '96,SNES,1996,Sports,Epoch,0,0,0.19,0,0.19
12960,Toy Soldiers: War Chest,XOne,2015,Action,Ubisoft,0.05,0,0,0.01,0.05
6170,Surf's Up,DS,2007,Sports,Ubisoft,0.26,0,0,0.02,0.28
10178,Maximum Force,PS,1997,Shooter,GT Interactive,0.06,0.04,0,0.01,0.11
16539,Patrician IV: Gold Edition,PC,2011,Misc,Kalypso Media,0,0.01,0,0,0.01
6152,Arcade Hits: Frisky Tom,PS,2002,Action,Hamster Corporation,0.16,0.11,0,0.02,0.28
13055,Secret Files: Tunguska,DS,2008,Adventure,Deep Silver,0.04,0.01,0,0,0.05
15284,Hyakka Hyakurou: Sengoku Ninpoujou,PSV,2016,Adventure,D3Publisher,0,0,0.02,0,0.02
14637,Merv Griffin's Crosswords,DS,2008,Puzzle,ValuSoft,0.03,0,0,0,0.03
15987,Chameleon: To Dye For!,DS,2006,Puzzle,505 Games,0.01,0,0,0,0.01
8641,Saturday Night Slam Masters,SNES,1994,Fighting,Capcom,0,0,0.16,0,0.16
16540,Transformers: Fall of Cybertron,PC,2012,Action,Activision,0.01,0,0,0,0.01
5484,Dead or Alive 5,PS4,2015,Fighting,Tecmo Koei,0.09,0.13,0.08,0.04,0.33
6248,Marvel Super Hero Squad: The Infinity Gauntlet,Wii,2010,Action,THQ,0.22,0.04,0,0.02,0.28
2366,Buzz! The Mega Quiz,PS2,2007,Misc,Sony Computer Entertainment,0.32,0.06,0,0.5,0.88
7699,Jikkyou Powerful Pro Yakyuu 2010,PSP,2010,Sports,Konami Digital Entertainment,0,0,0.2,0,0.2
7123,NBA ShootOut 2003,PS2,2002,Sports,Sony Computer Entertainment,0.11,0.09,0,0.03,0.23
11588,Tokimeki Memorial 4,PSP,2009,Adventure,Konami Digital Entertainment,0,0,0.08,0,0.08
4642,Thrillville: Off the Rails,PS2,2007,Strategy,LucasArts,0.2,0.16,0,0.05,0.42
4655,Zack & Wiki: Quest for Barbaros' Treasure,Wii,2007,Adventure,Nintendo,0.18,0.17,0.03,0.04,0.42
6561,Frogger's Journey: The Forgotten Relic,GBA,2003,Action,Konami Digital Entertainment,0.18,0.07,0,0,0.26
12921,Hi-Octane: The Track Fights Back!,PS,1995,Racing,Electronic Arts,0.03,0.02,0,0,0.05
6255,Mobile Suit Gundam Side Story I: Senritsu no Blue,SAT,1996,Shooter,Namco Bandai Games,0,0,0.28,0,0.28
7770,The Sims 4: Get Together,PC,2015,Simulation,Electronic Arts,0.05,0.13,0,0.01,0.19
4408,Karaoke Revolution,Wii,2009,Misc,Konami Digital Entertainment,0.24,0.16,0,0.04,0.45
10600,Sudoku Mania,DS,2006,Puzzle,Zoo Digital Publishing,0.09,0,0,0.01,0.1
569,Fable,XB,2004,Role-Playing,Microsoft Game Studios,1.99,0.58,0,0.09,2.66
16530,Hoshizora no Comic Garden,DS,2008,Adventure,D3Publisher,0,0,0.01,0,0.01
9587,Surf Riders,PS,1999,Sports,Ubisoft,0.07,0.05,0,0.01,0.13
9404,Superman: The Man of Steel,XB,2002,Action,Atari,0.1,0.03,0,0,0.13
9709,Mugen no Frontier: Super Robot Taisen OG Saga EXCEED,DS,2010,Role-Playing,Namco Bandai Games,0,0,0.12,0,0.12
1189,Donkey Kong Classics,NES,1988,Platform,Nintendo,0.59,0.14,0.81,0.02,1.56
2168,Shinobi,PS2,2002,Platform,Sony Computer Entertainment,0.36,0.28,0.22,0.09,0.96
13004,Ferrari F355 Challenge,PS2,2002,Racing,Sony Computer Entertainment,0.03,0.02,0,0.01,0.05
3321,Tomb Raider Chronicles,PS,1999,Action,Eidos Interactive,0.34,0.23,0,0.04,0.61
14282,Cooking Mama 5: Bon Appetit!,3DS,2013,Simulation,Office Create,0,0,0.03,0,0.03
1507,Madagascar,PS2,2005,Platform,Activision,0.78,0.45,0,0.07,1.31
968,NFL GameDay 2000,PS,1999,Sports,989 Studios,1,0.68,0,0.12,1.8
15737,Top Gear RPM Tuning,XB,2005,Racing,Wanadoo,0.01,0,0,0,0.02
7382,Pac-Man World 3,PS2,2005,Platform,Namco Bandai Games,0.1,0.08,0,0.03,0.21
797,Wipeout: The Game,Wii,2009,Misc,Mindscape,1.97,0,0,0.12,2.09
3831,Classic Word Games,DS,2009,Misc,Ubisoft,0.09,0.37,0,0.07,0.52
1986,MySims Agents,Wii,2009,Adventure,Electronic Arts,0.62,0.32,0,0.1,1.05
4793,LEGO Harry Potter: Years 5-7,3DS,N/A,Action,Warner Bros. Interactive Entertainment,0.18,0.19,0,0.04,0.4
10778,Pro Yakyuu Famista DS,DS,2007,Sports,Namco Bandai Games,0,0,0.1,0,0.1
12028,Operation: Vietnam,DS,2007,Shooter,Majesco Entertainment,0.06,0,0,0,0.07
4855,Tomb Raider: Anniversary,X360,2007,Action,Eidos Interactive,0.12,0.23,0,0.05,0.4
15233,Carmen Sandiego: The Secret of the Stolen Drums,GC,2004,Action,BAM! Entertainment,0.02,0,0,0,0.02
4219,MX vs. ATV: Alive,PS3,2011,Racing,THQ,0.24,0.15,0,0.07,0.47
8869,Burger Island,Wii,2009,Action,Destineer,0.14,0,0,0.01,0.15
14118,RedCard 20-03,XB,2002,Sports,Midway Games,0.03,0.01,0,0,0.03
8636,Eve: The Lost One,SAT,1998,Adventure,Imagineer,0,0,0.16,0,0.16
1587,Combat,2600,N/A,Action,Atari,1.17,0.07,0,0.01,1.25
2199,Star Fox 64 3D,3DS,2011,Shooter,Nintendo,0.48,0.27,0.13,0.07,0.94
1452,Crysis 2,X360,2011,Action,Electronic Arts,0.7,0.5,0.02,0.12,1.35
1241,Super Monkey Ball 2,GC,2002,Puzzle,Atari,1.11,0.31,0.06,0.04,1.52
12612,Mahouka Koukou no Rettousei: Out of Order,PSV,2014,Adventure,Namco Bandai Games,0,0,0.06,0,0.06
16237,Broken Sword 5: The Serpent's Curse,XOne,2015,Adventure,Revolution Software,0,0.01,0,0,0.01
8900,Geist,GC,2005,Adventure,Nintendo,0.11,0.03,0,0,0.15
15046,Inkheart,DS,2009,Adventure,DreamCatcher Interactive,0.02,0,0,0,0.02
7200,Mega Man Zero 3,GBA,2004,Platform,Capcom,0.16,0.06,0,0,0.22
3803,Bulletstorm,PS3,2011,Shooter,Electronic Arts,0.23,0.2,0.01,0.08,0.53
9589,Nobunaga no Yabou: Ranseiki,PS2,2002,Strategy,Tecmo Koei,0,0,0.13,0,0.13
7679,Taiko no Tatsujin: Go! Go! Godaime,PS2,2004,Misc,Namco Bandai Games,0,0,0.2,0,0.2
6686,Hybrid Heaven,N64,1999,Role-Playing,Konami Digital Entertainment,0.16,0.04,0.05,0,0.25
9794,The King of Fighters Collection: The Orochi Saga,Wii,2008,Fighting,Ignition Entertainment,0.11,0,0,0.01,0.12
5995,NBA Live 06,X360,2005,Sports,Electronic Arts,0.27,0,0,0.02,0.29
1461,Doom 3,XB,2005,Shooter,Activision,0.85,0.43,0,0.06,1.34
15110,Indianapolis 500 Evolution,X360,2009,Racing,Zushi Games,0.02,0,0,0,0.02
5618,Sniper Elite 3,X360,2014,Shooter,505 Games,0.16,0.14,0,0.03,0.32
14374,Super Meat Boy: Ultra Edition!,PC,2011,Platform,Unknown,0,0.02,0,0.01,0.03
13401,March of the Penguins,DS,2006,Adventure,Zoo Digital Publishing,0.04,0,0,0,0.05
9569,Pokémon: For Ho-Oh the Bells Toll!: Game Boy Advance Video,GBA,2004,Misc,Nintendo,0.09,0.03,0,0,0.13
7592,Ridge Racer 6,X360,2005,Racing,Namco Bandai Games,0.1,0.02,0.07,0.01,0.2
1284,Major League Baseball 2K5,PS2,2005,Sports,Take-Two Interactive,0.72,0.56,0,0.19,1.48
2359,Grand Theft Auto IV,PC,2008,Action,Take-Two Interactive,0.01,0.79,0,0.08,0.88
3846,Mega Man 6,NES,1993,Platform,Capcom,0.28,0.07,0.16,0.01,0.52
15149,The Professor's Brain Trainer: Logic,DS,2005,Puzzle,505 Games,0.02,0,0,0,0.02
10441,Vexx,XB,2003,Platform,Acclaim Entertainment,0.08,0.02,0,0,0.1
11064,Mimana Iyar Chronicle,PSP,2009,Role-Playing,GungHo,0.07,0,0.01,0.01,0.09
11246,Lost Heroes,3DS,2012,Role-Playing,Namco Bandai Games,0,0,0.09,0,0.09
14581,Syberia,PC,2002,Action,Microids,0,0.02,0,0,0.03
16047,Instant Brain,X360,2011,Adventure,Cave,0,0,0.01,0,0.01
13996,Destiny: The Collection,XOne,2016,Shooter,Activision,0.01,0.02,0,0,0.04
3529,Petz Wild Animals: Tigerz,DS,2008,Simulation,Ubisoft,0.52,0.01,0,0.04,0.57
3869,Tony Hawk's Pro Skater 3,GBA,2002,Sports,Activision,0.37,0.14,0,0.01,0.52
14589,Battlefield 1942: The WW II Anthology,PC,2004,Shooter,Electronic Arts,0.01,0.01,0,0,0.03
2028,FIFA Soccer 08,Wii,2007,Sports,Electronic Arts,0.32,0.59,0.01,0.11,1.02
12796,Dream C Club Portable,PSP,2010,Simulation,D3Publisher,0,0,0.06,0,0.06
2886,WWF Attitude,N64,1999,Fighting,Acclaim Entertainment,0.57,0.13,0,0.01,0.71
9105,Sumikko Gurashi: Omise Hajimerundesu,3DS,2015,Action,Nippon Columbia,0,0,0.14,0,0.14
5582,Nicktoons: Movin',PS2,2004,Action,THQ,0.16,0.12,0,0.04,0.32
7004,Let's Make a Soccer Team!,PS2,2006,Sports,Sega,0,0,0.23,0,0.23
3170,Konami Collector's Series: Arcade Advanced,GBA,2002,Misc,Konami Digital Entertainment,0.46,0.17,0,0.01,0.64
12659,Myst III: Exile,XB,2002,Adventure,Ubisoft,0.04,0.01,0,0,0.06
13871,Caesar IV,PC,2006,Strategy,Vivendi Games,0,0.03,0,0.01,0.04
14867,Monster Hunter Frontier Online: Forward 2,X360,2011,Role-Playing,Capcom,0,0,0.03,0,0.03
7145,Killer is Dead,PS3,2013,Action,Deep Silver,0.12,0.04,0.05,0.02,0.22
15336,Chuck E. Cheese's Super Collection,Wii,2011,Action,UFO Interactive,0.02,0,0,0,0.02
10460,Ski-Doo Snowmobile Challenge,PS3,2009,Racing,PQube,0.1,0,0,0.01,0.1
2386,Need for Speed: V-Rally,PS,1997,Racing,Infogrames,0.43,0.29,0.09,0.06,0.87
771,Final Fantasy Tactics Advance,GBA,2003,Role-Playing,SquareSoft,0.82,0.37,0.89,0.05,2.13
5176,Yuu Yuu Hakusho,SNES,1993,Fighting,Namco Bandai Games,0,0,0.36,0,0.36
10760,Luminous Arc 2 (JP sales),DS,N/A,Role-Playing,Unknown,0,0,0.1,0,0.1
11696,Conflict: Desert Storm,GC,2003,Shooter,SCi,0.06,0.02,0,0,0.08
10809,Gokuhou!! Mecha Mote Iinchou: MM Town de Miracle Change!,DS,2009,Simulation,Konami Digital Entertainment,0,0,0.1,0,0.1
29,Gran Turismo 3: A-Spec,PS2,2001,Racing,Sony Computer Entertainment,6.85,5.09,1.87,1.16,14.98
2268,MLB 12: The Show,PS3,2012,Sports,Sony Computer Entertainment,0.86,0,0,0.06,0.92
9135,Gundam: The Battle Master,PS,1997,Fighting,Namco Bandai Games,0,0,0.13,0.01,0.14
13481,Backyard Baseball '09,Wii,2008,Sports,Atari,0.04,0,0,0,0.04
6040,Dead Rising: Chop Till You Drop,Wii,2009,Action,Capcom,0.15,0.07,0.05,0.02,0.29
12232,Full Spectrum Warrior: Ten Hammers,PS2,2006,Strategy,THQ,0.03,0.02,0,0.01,0.07
12463,X-Men: Destiny,DS,2011,Action,Activision,0.05,0.01,0,0,0.06
9818,NFL QB Club 2001,N64,2000,Sports,Acclaim Entertainment,0.11,0.01,0,0,0.12
11631,Criminal Girls: Invite Only,PSP,2010,Role-Playing,Nippon Ichi Software,0,0,0.08,0,0.08
11711,Far Cry Instincts Evolution,XB,2006,Shooter,Ubisoft,0.06,0.02,0,0,0.08
8619,Battle Soccer: Field no Hasha,SNES,1992,Sports,Banpresto,0,0,0.16,0,0.16
15061,Zero no Tsukaima: Shou-akuma to Harukaze no Concerto,PS2,2007,Adventure,Marvelous Interactive,0,0,0.02,0,0.02
15865,Taishou Moebius Line Vitable,PSV,2016,Adventure,dramatic create,0,0,0.02,0,0.02
2830,FIFA Soccer 13,Wii,2012,Action,Electronic Arts,0.19,0.46,0,0.08,0.72
8910,Super Street Fighter II,GEN,1993,Fighting,Capcom,0,0,0.15,0,0.15
1864,NERF N-Strike,Wii,2008,Shooter,Electronic Arts,0.92,0.09,0,0.09,1.1
888,Guitar Hero: World Tour,PS3,2008,Misc,Activision,1.1,0.56,0,0.27,1.93
295,Tekken Tag Tournament,PS2,2000,Fighting,Namco Bandai Games,1.68,1.51,0.51,0.35,4.05
13939,Jikkyou World Soccer 2002,PS2,2002,Sports,Konami Digital Entertainment,0,0,0.04,0,0.04
7922,College Slam,PS,1995,Sports,Acclaim Entertainment,0.1,0.07,0,0.01,0.19
7549,MLB 10: The Show,PSP,2010,Sports,Sony Computer Entertainment,0.19,0,0,0.02,0.2
10634,Aidyn Chronicles: The First Mage,N64,2001,Role-Playing,THQ,0.08,0.02,0,0,0.1
6985,Cabela's Big Game Hunter 2012,PS3,2011,Sports,Activision,0.17,0.03,0,0.03,0.23
15994,Donkey Kong Jungle Beat,Wii,2008,Platform,Nintendo,0,0.01,0,0,0.01
10612,NBA Live 16,XOne,2015,Sports,Electronic Arts,0.08,0.01,0,0.01,0.1
14610,Turn It Around,DS,2006,Action,505 Games,0.03,0,0,0,0.03
12030,Port Royale 3,PS3,N/A,Simulation,Kalypso Media,0.06,0,0,0.01,0.07
1833,Counter-Strike,XB,2003,Shooter,Microsoft Game Studios,0.85,0.23,0,0.04,1.11
8862,Mirror's Edge Catalyst,XOne,2016,Platform,Electronic Arts,0.08,0.05,0,0.02,0.15
4416,NBA Live 2000,N64,1999,Sports,Electronic Arts,0.42,0.02,0,0,0.44
9585,High Rollers Casino,XB,2004,Misc,Mud Duck Productions,0.1,0.03,0,0,0.13
10021,ToeJam & Earl III: Mission to Earth,XB,2002,Action,Sega,0.09,0.02,0,0,0.11
10840,Risen 3: Titan Lords,PC,2014,Role-Playing,Deep Silver,0,0.08,0,0.01,0.09
9790,SSX 3,GBA,2003,Sports,Electronic Arts,0.09,0.03,0,0,0.12
5447,Tokyo Highway Battle,PS,1996,Racing,Jaleco,0.06,0.04,0.21,0.02,0.33
1050,Cabela's Big Game Hunter 2010,Wii,2009,Sports,Activision Value,1.58,0,0,0.12,1.7
2223,Buzz! Quiz World,PS3,2009,Misc,Sony Computer Entertainment,0.16,0.58,0,0.2,0.93
7201,LEGO The Lord of the Rings,PC,2012,Action,Warner Bros. Interactive Entertainment,0.07,0.13,0,0.03,0.22
16014,Tom Clancy's  Ghost Recon Advanced Warfighter (weekly JP sales),X360,2006,Shooter,Ubisoft,0,0,0.01,0,0.01
11153,Digimon World Re:Digitize Decode,3DS,2013,Role-Playing,Namco Bandai Games,0,0,0.09,0,0.09
16273,Smuggler's Run,GBA,2002,Racing,Rebellion,0.01,0,0,0,0.01
2290,Call of Duty: World at War,DS,2008,Shooter,Activision,0.57,0.26,0,0.08,0.91
3836,NBA Live 08,X360,2007,Sports,Electronic Arts,0.47,0,0,0.04,0.52
4819,TMNT,Wii,2007,Action,Ubisoft,0.34,0.03,0,0.03,0.4
16012,Kimi no Yuusha,DS,2008,Role-Playing,SNK Playmore,0,0,0.01,0,0.01
5680,Kingdom Under Fire: The Crusaders,XB,2004,Strategy,Deep Silver,0.24,0.07,0,0.01,0.32
6298,Beamrider,2600,1984,Racing,Activision,0.26,0.01,0,0,0.27
9575,Assault: Retribution,PS,1998,Action,Telstar,0.07,0.05,0,0.01,0.13
10479,Gretzky NHL,PSP,2005,Sports,Sony Computer Entertainment,0.1,0,0,0.01,0.1
12191,Army Men: Green Rogue,PS,2001,Action,3DO,0.04,0.02,0,0,0.07
7829,Allied General,PS,1996,Strategy,SSI,0.11,0.07,0,0.01,0.19
6673,Spider-Man: Edge of Time,X360,2011,Action,Activision,0.18,0.05,0,0.02,0.25
783,Mario Sports Mix,Wii,2010,Sports,Nintendo,0.9,0.45,0.63,0.13,2.11
14404,Kiniro no Corda 3,PS2,2010,Adventure,Tecmo Koei,0,0,0.03,0,0.03
10156,American Girl: Julie Finds a Way,DS,2007,Adventure,THQ,0.1,0,0,0.01,0.11
7381,Quake III: Revolution,PS2,2001,Shooter,Electronic Arts,0.1,0.08,0,0.03,0.21
1194,Pokemon Pinball: Ruby & Sapphire,GBA,2003,Misc,Nintendo,0.68,0.38,0.44,0.05,1.56
16027,Simple DS Series Vol. 14: The Jidousha Kyoushuujo DS,DS,2007,Misc,D3Publisher,0,0,0.01,0,0.01
3377,Monopoly,X360,2008,Misc,Electronic Arts,0.34,0.2,0,0.06,0.6
15648,PDC World Championship Darts 2009,Wii,2009,Sports,Oxygen Interactive,0,0.02,0,0,0.02
2138,Club Penguin: Game Day!,Wii,2010,Sports,Disney Interactive Studios,0.56,0.33,0,0.08,0.97
14879,Combat Wings: The Great Battles of WWII,Wii,N/A,Simulation,City Interactive,0.02,0,0,0,0.03
16172,Hanayamata: Yosakoi Live,PSV,2014,Adventure,Namco Bandai Games,0,0,0.01,0,0.01
3352,Alice: Madness Returns,PS3,2011,Adventure,Electronic Arts,0.22,0.25,0.04,0.09,0.6
129,Assassin's Creed III,PS3,2012,Action,Ubisoft,2.64,2.56,0.16,1.14,6.5
5318,WWE All Stars,X360,2011,Fighting,THQ,0.18,0.14,0,0.03,0.35
451,Dragon Ball Z: Budokai,PS2,2002,Fighting,Atari,2.17,0.28,0.55,0.08,3.09
8061,Let's TAP,Wii,2008,Misc,Sega,0.09,0.06,0.01,0.02,0.18
1334,Hello Kitty Party,DS,2007,Misc,Rising Star Games,0.79,0.53,0,0.13,1.44
12640,Game of Thrones (Telltale),PS3,2015,Adventure,Telltale Games,0.02,0.03,0,0.01,0.06
14523,Star Trek: Tactical Assault,PSP,2006,Strategy,Ubisoft,0.02,0.01,0,0,0.03
3549,SD Gundam G Generation Neo,PS2,2002,Strategy,Namco Bandai Games,0,0,0.57,0,0.57
5600,Beautiful Katamari,X360,2007,Puzzle,Namco Bandai Games,0.14,0.02,0.15,0.02,0.32
4149,Double Dragon,2600,1989,Action,Activision,0.45,0.02,0,0.01,0.47
1926,Championship Manager 99/00,PC,1999,Sports,Eidos Interactive,0,0.98,0,0.09,1.07
3523,Ben 10: Alien Force,PS2,2008,Action,Koch Media,0.22,0.02,0,0.33,0.57
1166,Pro Evolution Soccer 2008,PS3,2007,Sports,Konami Digital Entertainment,0.04,1.1,0.32,0.13,1.59
3052,Zaidan Houjin Nippon Kanji Nouryoku Kentei Kyoukai Koushiki Soft: 200 Mannin no KanKen: Tokoton Kanji Nou,DS,2006,Misc,IE Institute,0,0,0.66,0,0.66
3260,The Urbz: Sims in the City,GBA,2004,Simulation,Electronic Arts,0.37,0.22,0,0.03,0.62
15051,Total Immersion Racing,XB,2002,Racing,Empire Interactive,0.02,0.01,0,0,0.02
6599,NBA ShootOut 2004,PS2,2003,Sports,Sony Computer Entertainment,0.13,0.1,0,0.03,0.26
1671,Pikmin 2,GC,2004,Strategy,Nintendo,0.48,0.13,0.56,0.03,1.2
8417,Far East of Eden II: Manji Maru,PS2,2003,Role-Playing,Hudson Soft,0,0,0.17,0,0.17
3822,Pachi-Slot Aruze Oukoku 4,PS,2000,Misc,Aruze Corp,0,0,0.49,0.03,0.53
6932,Nintendo Presents: Crossword Collection,DS,2009,Puzzle,Nintendo,0,0.21,0,0.02,0.24
8112,Full Auto 2: Battlelines,PS3,2006,Racing,Sega,0.14,0.02,0,0.02,0.18
3009,Unreal Tournament III,PS3,2007,Shooter,Midway Games,0.33,0.24,0,0.11,0.67
4044,Scarface: The World is Yours,XB,2006,Action,Vivendi Games,0.37,0.11,0,0.02,0.49
15699,Clover no Kuni no Alice: Wonderful Wonder World,PSP,2011,Adventure,Quinrose,0,0,0.02,0,0.02
15438,Dark Tales: Edgar Allan Poe's The Premature Burial,PC,2012,Puzzle,Focus Multimedia,0,0.02,0,0,0.02
9247,I Spy: Universe,DS,2010,Puzzle,Scholastic Inc.,0.13,0,0,0.01,0.14
2008,Kirby: Mass Attack,DS,2011,Platform,Nintendo,0.52,0.06,0.41,0.05,1.04
14698,Prince of Persia (2008),PC,2008,Action,Ubisoft,0,0.02,0,0,0.03
10171,Guitar Rock Tour,DS,2007,Misc,Gameloft,0.1,0,0,0.01,0.11
5044,Tokimeki Memorial: Forever with You,SAT,1996,Simulation,Konami Digital Entertainment,0,0,0.38,0,0.38
14206,Magna Carta Portable,PSP,2006,Role-Playing,Banpresto,0,0,0.03,0,0.03
10992,I Love Puppies,DS,2010,Simulation,Destineer,0.09,0,0,0.01,0.09
14121,Asterix & Obelix: Kick Buttix,PS2,2004,Action,Atari,0.02,0.01,0,0,0.03
4930,MLB 15: The Show,PS3,2015,Sports,Sony Computer Entertainment,0.3,0.01,0,0.07,0.39
695,Dead Island,PS3,2011,Action,Deep Silver,1.08,0.75,0.15,0.31,2.29
7752,Ice Age: Dawn of the Dinosaurs,PS3,2009,Action,Activision,0.13,0.04,0,0.02,0.19
5952,Batman: The Brave and the Bold the Videogame,Wii,2010,Action,Warner Bros. Interactive Entertainment,0.22,0.06,0,0.02,0.3
2743,Shark Tale,PS2,2004,Action,Activision,0.37,0.29,0,0.1,0.75
2730,Total War: Rome II,PC,2013,Strategy,Sega,0.12,0.53,0,0.11,0.76
12103,Power Pro GB,GB,1998,Sports,Konami Digital Entertainment,0,0,0.07,0,0.07
3392,Assassin's Creed: Brotherhood,PC,2011,Action,Ubisoft,0.15,0.34,0,0.1,0.59
13180,Hummer Badlands,PS2,2006,Racing,Global Star,0.02,0.02,0,0.01,0.05
10336,My Boyfriend,DS,2008,Simulation,DTP Entertainment,0.1,0,0,0.01,0.11
10859,Fresh PreCure! Asobi Collection,DS,2009,Action,Namco Bandai Games,0,0,0.09,0,0.09
14554,Let's Dance with Mel B,PS3,2011,Sports,Black Bean Games,0,0.02,0,0.01,0.03
7930,Rise of the Kasai,PS2,2005,Action,Sony Computer Entertainment,0.09,0.07,0,0.02,0.19
12289,Bullet Girls,PSV,2014,Action,D3Publisher,0,0,0.06,0,0.06
13892,100 Classic Games,DS,2011,Misc,Rondomedia,0,0.03,0,0,0.04
13386,Monster Jam: Maximum Destruction,GC,2002,Racing,Ubisoft,0.04,0.01,0,0,0.05
6910,Scrabble (Others sales),DS,2009,Puzzle,Ubisoft,0,0.24,0,0,0.24
14274,Jig-A-Pix: Wild World,DS,2009,Puzzle,Zushi Games,0.03,0.01,0,0,0.03
2490,Brute Force,XB,2003,Shooter,Microsoft Game Studios,0.62,0.18,0.01,0.03,0.83
11291,Frantix,PSP,2005,Puzzle,Ubisoft,0.08,0,0,0.01,0.08
2062,Excitebike 64,N64,2000,Racing,Nintendo,0.65,0.15,0.19,0.01,1
3943,Capcom Classics Collection,PS2,2005,Misc,Capcom,0.22,0.17,0.05,0.06,0.51
843,Call of Duty 2,X360,2005,Shooter,Activision,1.81,0.05,0.01,0.15,2.02
12216,Touch 'N' Play Collection,DS,2010,Misc,O-Games,0.04,0.02,0,0.01,0.07
7056,Airblade,PS2,2001,Sports,Sony Computer Entertainment,0.11,0.09,0,0.03,0.23
7047,The King of Fighters '95 (CD),NG,1994,Fighting,SNK,0,0,0.23,0,0.23
10348,Viewtiful Joe: Double Trouble!,DS,2005,Action,Capcom,0.08,0,0.01,0.01,0.11
7419,Heroes of Ruin,3DS,2012,Role-Playing,Nintendo,0.13,0.07,0,0.02,0.21
126,Donkey Kong Country Returns,Wii,2010,Platform,Nintendo,3.25,1.84,1.03,0.47,6.59
1540,Champions of Norrath,PS2,2004,Role-Playing,Sony Online Entertainment,0.63,0.49,0,0.16,1.28
3540,Dynasty Warriors 5: Xtreme Legends,PS2,2005,Action,Tecmo Koei,0.11,0.08,0.35,0.03,0.57
15509,Meiji Toukyou Renka,PSP,2013,Adventure,Broccoli,0,0,0.02,0,0.02
15597,Myth Makers: Super Kart GP,Wii,2007,Racing,Popcorn Arcade,0.01,0,0,0,0.02
5193,Hamtaro: Ham-Ham Heartbreak,GBA,2002,Action,Nintendo,0.26,0.1,0,0.01,0.36
15240,Mind over Matter,DS,2010,Puzzle,505 Games,0.02,0,0,0,0.02
3256,Dead Island: Riptide,PS3,2013,Action,Deep Silver,0.26,0.2,0.07,0.09,0.62
2524,Hasbro Family Game Night 3,Wii,2010,Misc,Electronic Arts,0.47,0.28,0,0.07,0.82
1301,Tom Clancy's Ghost Recon: Future Soldier,X360,2012,Shooter,Ubisoft,0.93,0.4,0.02,0.12,1.46
15755,Zero no Tsukaima: Muma ga Tsumugu Yokaze no Nocturne,PS2,2007,Adventure,Marvelous Interactive,0,0,0.02,0,0.02
12698,Katekyoo Hitman Reborn! DS Flame Rumble XX - Kessen! Shin 6 Chouka,DS,2010,Action,Takara Tomy,0,0,0.06,0,0.06
9485,Cabela's Alaskan Adventure,X360,2006,Sports,Activision,0.12,0,0,0.01,0.13
2274,Operation Flashpoint: Dragon Rising,PS3,2009,Shooter,Codemasters,0.23,0.46,0.05,0.17,0.92
15951,Poupee Girl DS,DS,2009,Misc,Alvion,0,0,0.02,0,0.02
9977,Wipeout 2,PS3,2011,Misc,Activision,0.11,0,0,0.01,0.12
16167,Rosario to Vampire: Tanabata no Miss Youkai Gakuen,DS,2008,Adventure,Capcom,0,0,0.01,0,0.01
5701,Dragon Ball: XenoVerse,XOne,2015,Fighting,Namco Bandai Games,0.18,0.11,0,0.03,0.31
13293,Kiniro no Corda 2 Encore,PS2,2007,Role-Playing,Tecmo Koei,0,0,0.05,0,0.05
3082,LEGO Marvel Super Heroes,PSV,2013,Action,Warner Bros. Interactive Entertainment,0.15,0.35,0,0.16,0.66
2058,Breath of Fire III,PS,1997,Role-Playing,Capcom,0.29,0.19,0.46,0.07,1
8804,Disney's The Lion King: Simba's Mighty Adventure,PS,2000,Action,Activision,0.08,0.06,0,0.01,0.15
11720,Learn Geography,DS,2009,Misc,DreamCatcher Interactive,0.07,0,0,0.01,0.08
5372,Chicken Riot,Wii,2010,Action,City Interactive,0.15,0.16,0,0.03,0.34
12215,Fallout: Brotherhood of Steel,PS2,2004,Role-Playing,Avalon Interactive,0.03,0.03,0,0.01,0.07
13034,Plants vs. Zombies,PC,2009,Strategy,PopCap Games,0,0.04,0,0.01,0.05
9273,Football Manager 2014,PSV,2013,Sports,Sega,0,0.1,0,0.04,0.14
2842,X-Men: Mutant Academy 2,PS,2001,Fighting,Activision,0.4,0.27,0,0.05,0.72
1651,NASCAR Thunder 2003,PS2,N/A,Racing,Unknown,0.6,0.46,0,0.16,1.22
10887,Psychonauts,PS2,2005,Platform,Majesco Entertainment,0.05,0.04,0,0.01,0.09
1630,Madden NFL 17,PS4,2016,Sports,Electronic Arts,0.92,0.08,0,0.23,1.23
8205,Camp Rock: The Final Jam,DS,2010,Misc,Disney Interactive Studios,0.14,0.02,0,0.01,0.18
2833,SD Gundam G Generation,PS,1998,Strategy,Namco Bandai Games,0,0,0.67,0.05,0.72
7612,CSI: Unsolved!,DS,2010,Adventure,Ubisoft,0.13,0.06,0,0.02,0.2
11598,Monster Trucks DS,DS,2005,Racing,Majesco Entertainment,0.07,0,0,0.01,0.08
10346,Cabela's North American Adventures,X360,2010,Sports,Activision,0.1,0,0,0.01,0.11
1943,Junior Brain Trainer,DS,2008,Misc,GSP,0.23,0.74,0,0.1,1.06
1917,Naruto: Ultimate Ninja Storm,PS3,2008,Fighting,Namco Bandai Games,0.49,0.35,0.09,0.16,1.08
14840,Bae Yong-joon to Manabu Kankokugo DS,DS,2009,Misc,D3Publisher,0,0,0.03,0,0.03
13790,Who Wants to be a Millionaire: 1st Edition,DS,2007,Misc,Ubisoft,0,0.04,0,0,0.04
11350,Hello Kitty: Roller Rescue,GC,2005,Action,Empire Interactive,0.06,0.02,0,0,0.08
12330,Steambot Chronicles: Battle Tournament,PSP,2008,Fighting,Irem Software Engineering,0.05,0,0.01,0,0.06
11643,NHL Hitz 20-03,GC,2002,Sports,Midway Games,0.06,0.02,0,0,0.08
6001,Ratchet & Clank: Size Matters,PS2,2008,Platform,Sony Computer Entertainment,0.13,0.1,0.03,0.03,0.29
9038,Balloon Pop,DS,2009,Puzzle,UFO Interactive,0.13,0,0,0.01,0.14
9373,DmC: Devil May Cry,XOne,2015,Action,Capcom,0.08,0.04,0,0.01,0.13
15892,Sora no Otoshimono Forte: Dreamy Season,DS,2011,Adventure,Kadokawa Shoten,0,0,0.02,0,0.02
14960,NBA Starting Five,XB,2002,Sports,Konami Digital Entertainment,0.02,0.01,0,0,0.02
14517,Galaxy Angel II: Mugen Kairou no Kagi,PS2,2007,Strategy,Broccoli,0,0,0.03,0,0.03
1567,Sonic Adventure DX: Director's Cut,GC,2003,Platform,Sega,0.87,0.3,0.06,0.03,1.27
7704,Conan,X360,2007,Action,THQ,0.16,0.02,0,0.02,0.2
4128,Viva Pinata: Trouble in Paradise,X360,2008,Simulation,Microsoft Game Studios,0.16,0.25,0.01,0.05,0.48
4431,DmC: Devil May Cry,X360,2013,Action,Capcom,0.26,0.13,0.01,0.04,0.44
15296,Moujuutsukai to Oujisama: Snow Bride,PS2,2011,Adventure,Idea Factory,0,0,0.02,0,0.02
4454,Duke Nukem 64,N64,1997,Shooter,GT Interactive,0.35,0.08,0,0.01,0.44
1645,Chocobo no Fushigi Dungeon,PS,1997,Role-Playing,SquareSoft,0,0,1.14,0.08,1.22
2897,Two Worlds,X360,2007,Role-Playing,SouthPeak Games,0.41,0.23,0,0.07,0.71
528,Hot Shots Golf,PS,1997,Sports,Sony Computer Entertainment,0.29,0.2,2.13,0.18,2.79
4707,Jimmy Neutron: Boy Genius,PS2,2002,Platform,THQ,0.2,0.16,0,0.05,0.41
6336,Sherlock Holmes: Crimes & Punishments,PS4,2014,Adventure,Focus Home Interactive,0.08,0.14,0,0.05,0.27
4078,Far Cry 2,PC,2008,Action,Ubisoft,0.01,0.45,0,0.03,0.49
5230,Rapala Pro Fishing,PS2,2004,Sports,Zoo Digital Publishing,0.18,0.14,0,0.05,0.36
10367,Rock Band Track Pack: Classic Rock,PS3,2009,Misc,MTV Games,0.1,0,0,0.01,0.11
2489,FIFA Soccer World Championship,PS2,2000,Sports,Electronic Arts,0.27,0.21,0.28,0.07,0.83
5177,Kamaitachi no Yoru 2,PS2,2002,Adventure,ChunSoft,0,0,0.36,0,0.36
5550,Eternal Sonata,X360,2007,Role-Playing,Atari,0.19,0.04,0.08,0.02,0.33
8408,Naval Assault: The Killing Tide,X360,2010,Simulation,505 Games,0.08,0.07,0,0.02,0.17
404,James Bond 007: Nightfire,PS2,2002,Shooter,Electronic Arts,1.45,1.29,0.12,0.46,3.33
1690,WWE SmackDown vs Raw 2008,PSP,2007,Fighting,THQ,0.45,0.47,0,0.28,1.19
2102,FIFA Soccer 10,Wii,2009,Sports,Electronic Arts,0.23,0.65,0,0.11,0.99
14481,Minna no Golf Jou Vol.1,PSP,2007,Sports,Sony Computer Entertainment,0,0,0.03,0,0.03
137,Street Fighter II: The World Warrior,SNES,1992,Fighting,Capcom,2.47,0.83,2.87,0.12,6.3
15723,Arslan: The Warriors of Legend,XOne,2016,Action,Tecmo Koei,0.01,0,0,0,0.02
8952,Power Pro Kun Pocket 1+2,GBA,2004,Sports,Konami Digital Entertainment,0,0,0.14,0,0.15
3646,Simple 1500 Series Vol. 73: The Invaders ~Space Invaders 1500~,PS,2001,Shooter,D3Publisher,0.31,0.21,0,0.04,0.55
3667,Star Wars: Dark Forces,PS,1996,Shooter,LucasArts,0.31,0.21,0,0.04,0.55
12912,Rugby 15,X360,2015,Sports,Bigben Interactive,0,0.05,0,0,0.05
10899,Virtua Fighter CG Portrait Series Vol.3: Akira Yuki,SAT,1995,Misc,Sega,0,0,0.09,0,0.09
9147,My Fitness Coach: Club,PS3,2011,Sports,Ubisoft,0,0.1,0,0.04,0.14
8482,F1 2011,3DS,2011,Racing,Codemasters,0.07,0.08,0,0.02,0.16
10005,SplashDown,XB,2002,Racing,Atari,0.09,0.02,0,0,0.11
9715,Tom Clancy's Splinter Cell: Blacklist,WiiU,2013,Action,Ubisoft,0.05,0.07,0,0.01,0.12
2774,Yu-Gi-Oh! Dungeon Dice Monsters,GBA,2001,Misc,Konami Digital Entertainment,0.42,0.16,0.15,0.01,0.74
8197,Summon Night 4,PS2,2006,Role-Playing,Banpresto,0,0,0.18,0,0.18
10353,Utawarerumono: Chiriyukusha e no Komoriuta,PS2,2006,Adventure,Aqua Plus,0,0,0.11,0,0.11
4983,Super Soccer,SNES,1991,Sports,Nintendo,0,0,0.38,0,0.38
7324,Namco Museum: 50th Anniversary,GC,2005,Misc,Namco Bandai Games,0.17,0.04,0,0.01,0.21
199,Grand Theft Auto: Vice City Stories,PSP,2006,Action,Take-Two Interactive,1.7,2.02,0.16,1.21,5.08
8809,GoldenEye 007 (2010),DS,2010,Action,Activision,0.11,0.03,0,0.01,0.15
8617,Rondo of Swords (US sales),DS,2007,Role-Playing,Success,0.16,0,0,0,0.16
14493,Smashing Drive,GBA,2004,Racing,Zoo Digital Publishing,0.02,0.01,0,0,0.03
1913,Ready 2 Rumble Boxing,PS,1998,Sports,Midway Games,0.6,0.41,0,0.07,1.08
6226,Transformers: Cybertron Adventures,Wii,2010,Action,Activision,0.15,0.1,0,0.03,0.28
16326,MXGP 2,PC,2016,Racing,Milestone S.r.l.,0,0.01,0,0,0.01
1324,Smarty Pants,Wii,2007,Misc,Electronic Arts,0.53,0.76,0,0.16,1.45
5932,The Suite Life of Zack & Cody: Circle of Spies,DS,2007,Action,Disney Interactive Studios,0.17,0.09,0,0.03,0.3
8387,World Tour Soccer 2006,PS2,2004,Sports,Sony Computer Entertainment,0.08,0.06,0,0.02,0.17
9502,FIFA World Cup Germany 2006,GC,2006,Sports,Electronic Arts,0.1,0.03,0,0,0.13
6733,TV Superstars,PS3,2010,Misc,Sony Computer Entertainment,0.07,0.13,0,0.05,0.25
10443,Taiko no Tatsujin: V Version,PSV,2015,Action,Namco Bandai Games,0,0,0.1,0,0.1
4969,Airlock,2600,1981,Action,Data Age,0.36,0.02,0,0,0.39
5568,Discovery Kids: Puppy Playtime,DS,2009,Simulation,505 Games,0.3,0,0,0.02,0.33
15219,Genroh,PSP,2012,Action,Idea Factory,0,0,0.02,0,0.02
9127,Project V6,PS,1998,Strategy,General Entertainment,0,0,0.13,0.01,0.14
4224,Metal Gear Solid: The Twin Snakes,GC,2004,Action,Konami Digital Entertainment,0.3,0.08,0.07,0.01,0.47
12884,Naval Ops: Commander,PS2,2004,Simulation,Tecmo Koei,0.03,0.02,0,0.01,0.05
8802,Major League Baseball 2K10,DS,2010,Sports,Take-Two Interactive,0.14,0,0,0.01,0.15
2151,Dark Cloud 2,PS2,2002,Role-Playing,Sony Computer Entertainment,0.38,0.25,0.26,0.07,0.96
15402,Motocross Mania 3,XB,2005,Racing,Take-Two Interactive,0.01,0,0,0,0.02
12241,Pro Yaky? Spirits 4,PS3,2007,Sports,Konami Digital Entertainment,0,0,0.07,0,0.07
6918,Shrek's Carnival Craze Party Games,DS,2008,Misc,Activision,0.22,0,0,0.02,0.24
2126,Madden NFL 10,PS2,2009,Sports,Electronic Arts,0.88,0,0,0.1,0.98
5485,Tak 2: The Staff of Dreams,GC,2004,Platform,THQ,0.26,0.07,0,0.01,0.33
7400,Maximo vs Army of Zin,PS2,2003,Platform,Capcom,0.1,0.08,0,0.03,0.21
8238,Lost in Blue 3,DS,2007,Adventure,Konami Digital Entertainment,0.09,0.02,0.06,0.01,0.17
7552,Saturday Night Speedway,PS2,2004,Racing,Play It,0.1,0.08,0,0.03,0.2
16372,Arabians Lost: The Engagement on Desert,PSP,2012,Adventure,Quinrose,0,0,0.01,0,0.01
1142,NFL Street 2,PS2,2004,Sports,Electronic Arts,0.79,0.62,0,0.21,1.61
5247,Boxer's Road,PS,1995,Fighting,New,0,0,0.33,0.02,0.36
4662,Fishing Resort,Wii,2011,Sports,Namco Bandai Games,0.16,0,0.25,0.01,0.42
2283,LEGO Indiana Jones 2: The Adventure Continues,PS3,2009,Action,Activision,0.47,0.3,0,0.13,0.91
4266,Brothers In Arms: Road to Hill 30,PS2,2005,Shooter,Ubisoft,0.38,0.01,0,0.06,0.46
16388,John Daly's ProStroke Golf,X360,2010,Sports,O-Games,0.01,0,0,0,0.01
3499,Parasite Eve II,PS,1999,Role-Playing,SquareSoft,0.32,0.22,0,0.04,0.58
8519,World Stadium 4,PS,2000,Sports,Namco Bandai Games,0,0,0.15,0.01,0.16
13466,Mana Khemia: Alchemists of Al-Revis (JP sales),PS2,2007,Role-Playing,Nippon Ichi Software,0,0,0.04,0,0.04
11728,My Fun Facts Coach,DS,2008,Misc,Ubisoft,0.07,0,0,0.01,0.08
12455,Champion Jockey: G1 Jockey & Gallop Racer,X360,2011,Sports,Tecmo Koei,0,0.05,0,0.01,0.06
354,Doom II: Hell on Earth,PC,1994,Shooter,Virgin Interactive,2.05,1.4,0,0.16,3.61
9702,Homefront: The Revolution,XOne,2016,Shooter,Deep Silver,0.05,0.07,0,0.01,0.12
1564,Jillian Michaels' Fitness Ultimatum 2009,Wii,2008,Sports,Deep Silver,0.96,0.2,0,0.11,1.27
4849,Mother 3,GBA,2006,Role-Playing,Nintendo,0,0,0.39,0.01,0.4
16596,Woody Woodpecker in Crazy Castle 5,GBA,2002,Platform,Kemco,0.01,0,0,0,0.01
9216,College Hoops 2K8,PS3,2007,Sports,Take-Two Interactive,0.13,0,0,0.01,0.14
201,Super Mario Bros.,GB,1999,Platform,Nintendo,3.4,1.3,0.15,0.22,5.07
8564,NASCAR Heat 2002,GBA,2002,Racing,Infogrames,0.12,0.04,0,0,0.16
559,Mario vs. Donkey Kong: Mini-Land Mayhem!,DS,2010,Puzzle,Nintendo,1.63,0.52,0.35,0.18,2.69
8548,Shadow Man: 2econd Coming,PS2,2002,Adventure,Acclaim Entertainment,0.08,0.06,0,0.02,0.16
9365,Shiren the Wanderer 4 - God's Eye and the Demon's Navel,DS,2010,Role-Playing,Spike,0,0,0.13,0,0.13
1336,Sonic Rivals,PSP,2006,Racing,Sega,0.73,0.42,0,0.28,1.44
2591,Band Hero,X360,2009,Misc,Activision,0.51,0.22,0,0.07,0.8
15810,Brave Story: Boku no Kioku to Negai,DS,2006,Role-Playing,Namco Bandai Games,0,0,0.02,0,0.02
1258,Red Faction II,PS2,2002,Shooter,THQ,0.49,0.78,0,0.23,1.5
14289,Super Robot Taisen OG Saga: Masou Kishin III - Pride of Justice,PSV,2013,Strategy,Namco Bandai Games,0,0,0.03,0,0.03
9847,Super Robot Wars OG Saga: Masou Kishin - The Lord of Elemental,DS,2010,Strategy,Namco Bandai Games,0,0,0.12,0,0.12
13378,Amnesia Later,PSP,2012,Misc,Idea Factory,0,0,0.05,0,0.05
15424,Ro-Kyu-Bu! Lost Secret,PSP,2013,Adventure,Kadokawa Shoten,0,0,0.02,0,0.02
1114,Dragon Quest IV: Chapters of the Chosen,DS,2007,Role-Playing,Square Enix,0.32,0.02,1.27,0.03,1.64
15302,Mar Heaven: Karudea no Akuma,DS,2006,Role-Playing,Konami Digital Entertainment,0,0,0.02,0,0.02
12925,Wakeboarding Unleashed Featuring Shaun Murray,XB,2003,Sports,Activision,0.04,0.01,0,0,0.05
3461,Tom Clancy's HAWX,X360,2009,Action,Ubisoft,0.31,0.19,0.02,0.06,0.58
10431,Top Spin,PS2,2005,Sports,Take-Two Interactive,0.05,0.04,0,0.01,0.1
12133,Tropix,DS,2008,Puzzle,Capcom,0.06,0,0,0,0.07
10389,Karaoke Revolution,PS3,2009,Misc,Konami Digital Entertainment,0.07,0.03,0,0.01,0.11
13988,Chaos;Head Noah,X360,2009,Adventure,5pb,0,0,0.04,0,0.04
6617,Spelling Challenges and more!,PSP,2007,Misc,Crave Entertainment,0.24,0,0,0.02,0.25
1400,Deus Ex: Human Revolution,X360,2011,Shooter,Square Enix,0.76,0.48,0.02,0.12,1.39
4751,Mortal Kombat: Deadly Alliance,GC,2002,Fighting,Midway Games,0.31,0.08,0,0.01,0.41
7342,Big League Sports,X360,2011,Sports,Activision,0.18,0.02,0,0.01,0.21
14603,Gekido Advance: Kintaro's Revenge,GBA,2002,Action,Zoo Digital Publishing,0.02,0.01,0,0,0.03
11357,Blades of Blood: Samurai Shodown III,PS,1995,Fighting,Sony Computer Entertainment,0.05,0.03,0,0.01,0.08
14945,Umineko no Naku Koro ni San: Shinjitsu to Gensou no Yasoukyoku,PS3,N/A,Adventure,N/A,0,0,0.02,0,0.02
120,Uncharted 2: Among Thieves,PS3,2009,Action,Sony Computer Entertainment,3.27,2.25,0.21,1,6.73
16278,Jan Sangoku Musou,PS2,2006,Misc,Tecmo Koei,0,0,0.01,0,0.01
13188,BeatMania IIDX 4th Style: New Songs Collection,PS2,2001,Simulation,Konami Digital Entertainment,0,0,0.05,0,0.05
1341,Kinect Joy Ride,X360,2010,Racing,Microsoft Game Studios,0.92,0.4,0,0.12,1.44
6219,Kakyuusei,SAT,1997,Strategy,Elf,0,0,0.28,0,0.28
14644,Motor Trend presents Lotus Challenge,XB,2003,Racing,Xicat Interactive,0.02,0.01,0,0,0.03
7551,Ashes Cricket 2009,X360,2009,Sports,Codemasters,0,0.19,0,0.01,0.2
6881,Fantastic 4,GC,2005,Action,Activision,0.19,0.05,0,0.01,0.24
4885,Juiced 2: Hot Import Nights,PS2,2007,Racing,THQ,0.19,0.15,0.01,0.05,0.39
12686,Harry Potter and the Sorcerer's Stone,PC,2001,Action,Electronic Arts,0.01,0.04,0,0.01,0.06
13803,Haneru no Tobira DS: Tanshuku Tetsudou no Yoru,DS,2007,Misc,Namco Bandai Games,0,0,0.04,0,0.04
15359,Daikaijuu Battle: Ultra Coliseum,Wii,2008,Fighting,Namco Bandai Games,0,0,0.02,0,0.02
16544,Battle Fantasia,PS3,2008,Fighting,505 Games,0,0,0.01,0,0.01
12937,Metal Fight Beyblade: Bakugami Susanoh Shuurai!,DS,2010,Action,Hudson Soft,0,0,0.05,0,0.05
14424,Codename: Panzers Cold War,PC,2009,Strategy,Atari,0,0.02,0,0.01,0.03
8297,Finding Nemo: Escape to the Big Blue,DS,2006,Action,THQ,0.12,0.04,0,0.01,0.17
9602,Ice Age: Dawn of the Dinosaurs,X360,2009,Action,Activision,0.09,0.03,0,0.01,0.13
13003,Pinball Hall of Fame: The Gottlieb Collection,GC,2005,Misc,Crave Entertainment,0.04,0.01,0,0,0.05
12597,Sacred 3,X360,2014,Role-Playing,Deep Silver,0.03,0.03,0,0.01,0.06
12701,Animorphs: Shattered Reality,PS,2000,Action,Infogrames,0.03,0.02,0,0,0.06
14164,Zoo Tycoon,PC,2001,Strategy,Microsoft Game Studios,0,0.03,0,0.01,0.03
2533,Dragon Warrior III,GB,2000,Role-Playing,Enix Corporation,0,0,0.81,0,0.81
2473,Borderlands: The Handsome Collection,PS4,2015,Shooter,Take-Two Interactive,0.36,0.32,0.03,0.14,0.84
1322,Anno 2070,PC,2011,Strategy,Ubisoft,0,1.13,0,0.32,1.45
7160,Whirl Tour,PS2,2002,Sports,Crave Entertainment,0.11,0.09,0,0.03,0.22
1532,Need for Speed: Most Wanted,X360,2005,Racing,Electronic Arts,1,0.17,0.02,0.1,1.29
1310,Mario Superstar Baseball,GC,2005,Sports,Nintendo,0.93,0.24,0.25,0.04,1.46
13978,Norn9: Norn + Nonette,PSP,2013,Adventure,Idea Factory,0,0,0.04,0,0.04
9838,Mahou Shoujo Lyrical Nanoha A's Portable: The Gears of Destiny,PSP,2011,Fighting,Namco Bandai Games,0,0,0.12,0,0.12
4285,Skylanders: SuperChargers,X360,2015,Action,Activision,0.24,0.18,0,0.04,0.46
2021,Donkey Kong Land III,GB,N/A,Platform,Nintendo,0.68,0.31,0,0.04,1.03
363,Tomb Raider III: Adventures of Lara Croft,PS,1997,Action,Eidos Interactive,1.66,1.58,0.12,0.18,3.54
6359,MotoGP,PS2,2000,Racing,Namco Bandai Games,0.06,0.05,0.14,0.02,0.27
8348,Gundam Assault Survive,PSP,2010,Action,Namco Bandai Games,0,0,0.17,0,0.17
9403,Fatal Inertia,X360,2007,Racing,Tecmo Koei,0.12,0,0,0.01,0.13
12930,Samurai Champloo: Sidetracked,PS2,2006,Action,Namco Bandai Games,0.03,0.02,0,0.01,0.05
14825,Backyard NFL Football,Wii,2007,Sports,Atari,0.02,0,0,0,0.03
16079,Fab 5 Soccer,DS,2008,Sports,Destineer,0.01,0,0,0,0.01
12083,Hikaru no Go: Heian Gensou Ibunroku,PS,2002,Adventure,Konami Digital Entertainment,0,0,0.06,0,0.07
14874,Starry ? Sky: In Autumn,PSP,2010,Misc,Asgard,0,0,0.03,0,0.03
11680,The Lord of the Rings: The Battle for Middle-Earth,PC,2004,Strategy,Electronic Arts,0.01,0.06,0,0.01,0.08
12240,Port Royale 3,X360,N/A,Simulation,Kalypso Media,0.06,0,0,0,0.07
14980,TV Anime Idolm@ster: Cinderella Girls G4U! Pack Vol.6,PS3,2015,Adventure,Namco Bandai Games,0,0,0.02,0,0.02
10759,Shadow Tower,PS,1998,Role-Playing,From Software,0.01,0.01,0.07,0.01,0.1
12171,Rapala Pro Bass Fishing 2010,PSP,2010,Sports,Activision,0.06,0,0,0.01,0.07
15675,NBA 07,PS2,2006,Sports,Sony Computer Entertainment,0.01,0.01,0,0,0.02
8707,Ultimate Spider-Man,DS,2005,Action,Activision,0.14,0,0,0.01,0.16
6283,NHL Hitz 20-02,XB,2001,Sports,Midway Games,0.2,0.06,0,0.01,0.27
11249,Monster House,GBA,2006,Adventure,THQ,0.06,0.02,0,0,0.09
11520,Goblin Commander: Unleash the Horde,XB,2003,Strategy,Jaleco,0.06,0.02,0,0,0.08
2887,Blast Corps,N64,1997,Action,Nintendo,0.39,0.09,0.17,0.06,0.71
5323,MotoGP 08,X360,2008,Racing,Capcom,0.11,0.2,0,0.04,0.35
982,High School Musical: Sing It!,Wii,2007,Misc,Disney Interactive Studios,1.16,0.45,0,0.16,1.77
14881,Judge Dredd: Dredd Vs Death,PS2,2003,Shooter,BAM! Entertainment,0.01,0.01,0,0,0.03
2910,The Sims 2: Apartment Pets,DS,2008,Simulation,Electronic Arts,0.32,0.31,0,0.07,0.7
7550,State of Decay,XOne,2015,Strategy,Microsoft Game Studios,0.14,0.05,0,0.02,0.2
7211,Jackass the Game,PSP,2007,Action,Empire Interactive,0.09,0.08,0,0.05,0.22
8700,Darksiders II,PC,2012,Action,Nordic Games,0.03,0.1,0,0.03,0.16
13363,Shin Hayarigami,PSV,2014,Adventure,Nippon Ichi Software,0,0,0.05,0,0.05
9407,The Flintstones: Bedrock Bowling,PS,2000,Sports,Ubisoft,0.07,0.05,0,0.01,0.13
10436,Kamen Rider: Battride War II,PS3,2014,Action,Namco Bandai Games,0,0,0.1,0,0.1
8769,Kingdom Under Fire: Heroes,XB,2005,Strategy,Deep Silver,0.11,0.03,0,0.01,0.15
15082,Treasure Chase,DS,2011,Puzzle,Storm City Games,0.02,0,0,0,0.02
8223,Jikkyou Powerful Pro Baseball 2016,PSV,2016,Sports,Konami Digital Entertainment,0,0,0.17,0,0.17
11681,The Legend of Kage 2,DS,2008,Action,Square Enix,0.07,0,0,0,0.08
15588,Densha de Go! Tokubetsu-hen: Fukkatsu Shouwa no Yamatesen,DS,2010,Simulation,Square Enix,0,0,0.02,0,0.02
12094,Moshi Monsters: Katsuma Unleashed,3DS,2013,Action,Activision,0.03,0.04,0,0,0.07
11292,Sega GT Online,XB,2003,Racing,Sega,0.06,0.02,0,0,0.08
14634,The Great Mystery Hidden Object Package 5,PC,2015,Adventure,Rondomedia,0,0.03,0,0,0.03
13912,LEGO Jurassic World,PC,2015,Action,Warner Bros. Interactive Entertainment,0,0.04,0,0,0.04
11763,Again,DS,2009,Adventure,Ackkstudios,0.07,0,0,0,0.07
16180,Rail Simulator,PC,2007,Simulation,Electronic Arts,0,0.01,0,0,0.01
8174,Tales of the Tempest,DS,2006,Role-Playing,Namco Bandai Games,0,0,0.18,0,0.18
1182,Pro Evolution Soccer 2010,PS2,2009,Sports,Konami Digital Entertainment,0.1,0.18,0.12,1.16,1.57
714,Resident Evil 4,Wii,2007,Action,Capcom,1.34,0.57,0.14,0.21,2.26
7408,Valkyria Chronicles III: Unrecorded Chronicles,PSP,N/A,Strategy,Sega,0,0,0.21,0,0.21
1196,Mafia II,X360,2010,Action,Take-Two Interactive,0.84,0.56,0,0.15,1.55
2377,Spec Ops: Ranger Elite,PS,2001,Shooter,TalonSoft,0.49,0.33,0,0.06,0.87
10935,Star Wars: Empire at War - Gold Pack,PC,2007,Strategy,LucasArts,0.01,0.06,0,0.01,0.09
13041,Starry ? Sky: In Spring,PSP,2010,Misc,Asgard,0,0,0.05,0,0.05
9185,Lips: I Love The 80s,X360,2010,Misc,Microsoft Game Studios,0,0.12,0,0.02,0.14
15466,Hana to Otome ni Shukufuku o: Harekaze no Okurimono,PS2,2010,Adventure,Alchemist,0,0,0.02,0,0.02
15013,Serious Sam HD: Gold Edition,X360,2011,Shooter,Mastertronic,0,0.02,0,0,0.02
9082,Yogi Bear: The Video Game,DS,2010,Action,D3Publisher,0.1,0.03,0,0.01,0.14
4405,Scooby-Doo! Mystery Mayhem,PS2,2004,Action,THQ,0.22,0.17,0,0.06,0.45
6531,Dora the Explorer: The Search for Pirate Pig's Treasure,GBA,2002,Adventure,NewKidCo,0.19,0.07,0,0,0.26
1751,NASCAR Thunder 2002,PS2,2001,Racing,Electronic Arts,0.57,0.44,0,0.15,1.16
7905,The Legend of Spyro: A New Beginning,GC,2006,Platform,Vivendi Games,0.15,0.04,0,0.01,0.19
15698,Dungeons - The Dark Lord,PC,2011,Strategy,Kalypso Media,0,0.01,0,0,0.02
12102,GRID 2,PC,2013,Racing,Codemasters,0,0.06,0,0.01,0.07
6836,Street Fighter X Tekken,PSV,2012,Fighting,Capcom,0.14,0.05,0.01,0.04,0.24
15457,Vietcong,PC,2003,Shooter,Gathering of Developers,0,0.02,0,0,0.02
3604,Dr. Seuss' The Cat in the Hat,PS2,2003,Misc,Vivendi Games,0.27,0.21,0,0.07,0.56
4162,Super Puyo Puyo 2,SNES,1995,Puzzle,Compile,0,0,0.47,0,0.47
13621,Platinum Sudoku,DS,2007,Puzzle,Ubisoft,0.03,0.01,0,0,0.04
16506,Shinigami to Shoujo,PSP,2011,Adventure,Takuyo,0,0,0.01,0,0.01
12876,McDROID,PSP,2011,Strategy,Namco Bandai Games,0,0,0.05,0,0.05
15322,Wakeboarding Unleashed Featuring Shaun Murray,GBA,2003,Sports,Aspyr,0.01,0.01,0,0,0.02
14712,X3: Terran Conflict,PC,2008,Simulation,Deep Silver,0,0.02,0,0.01,0.03
2826,XCOM: Enemy Unknown,PC,2012,Strategy,Take-Two Interactive,0.26,0.36,0,0.1,0.72
13289,The Sims,PC,2000,Simulation,Electronic Arts,0.01,0.03,0,0.01,0.05
14758,DiRT Rally,PC,2016,Racing,Codemasters,0,0.03,0,0,0.03
7148,64 de Hakken! Tamagotchi Minna de Tamagotchi World,N64,1997,Misc,Namco Bandai Games,0,0,0.22,0,0.22
2566,Who wants to be a millionaire,PS,2000,Misc,Eidos Interactive,0.45,0.3,0,0.05,0.8
3262,FIFA Soccer,PSV,2012,Sports,Electronic Arts,0.17,0.34,0.02,0.09,0.62
1593,Pokemon XD: Gale of Darkness,GC,2005,Role-Playing,Nintendo,0.71,0.19,0.31,0.03,1.25
11449,The Italian Job,XB,2003,Racing,Eidos Interactive,0.06,0.02,0,0,0.08
14941,Stake: Fortune Fighters,XB,2003,Fighting,Metro 3D,0.02,0.01,0,0,0.02
11253,Guilty Gear XX Accent Core Plus,PSP,2008,Fighting,PQube,0.03,0.01,0.04,0.01,0.08
12317,Sunrise Eiyuutan R,PS2,2000,Role-Playing,Sunrise Interactive,0,0,0.06,0,0.06
9799,The Legend of Heroes: Trails of Cold Steel II,PS3,2014,Role-Playing,Nippon Ichi Software,0.01,0,0.11,0,0.12
16399,San-X: Chara Sagashi Land,DS,2007,Action,MTO,0,0,0.01,0,0.01
2664,Caesars Palace 2000: Millennium Gold Edition,PS,2000,Misc,Interplay,0.43,0.29,0,0.05,0.77
13593,No Rules: Get Phat,GBA,2001,Action,TDK Mediactive,0.03,0.01,0,0,0.04
15323,The Testament of Sherlock Holmes,X360,2012,Adventure,Focus Home Interactive,0,0.02,0,0,0.02
13050,Disney's Party,GC,2002,Misc,Electronic Arts,0.04,0.01,0,0,0.05
1708,Resident Evil: Operation Raccoon City,PS3,2012,Action,Capcom,0.48,0.25,0.36,0.1,1.18
10032,Brain Quest: Grades 5 & 6,DS,2008,Misc,Electronic Arts,0.11,0,0,0.01,0.11
16302,Moe Moe 2-Ji Daisenryaku 2,PSP,2010,Strategy,System Soft,0,0,0.01,0,0.01
1716,Plants vs. Zombies,DS,2011,Strategy,Mastertronic,0.95,0.15,0,0.08,1.18
12759,Kid Fit Island Resort,Wii,2010,Sports,Avanquest,0.05,0,0,0,0.06
15324,Kikou Heidan J-Phoenix: Cobalt Shoutaihen,PS2,2002,Action,Takara,0,0,0.02,0,0.02
8773,Naruto Shippuden: Legends: Akatsuki Rising,PSP,2009,Fighting,Namco Bandai Games,0.14,0,0,0.01,0.15
7437,Batman Begins,XB,2005,Action,Electronic Arts,0.16,0.04,0,0.01,0.21
2204,Assassin's Creed III,PC,2012,Action,Ubisoft,0.28,0.53,0,0.13,0.94
5718,Mario Golf,GB,1999,Action,Nintendo,0,0,0.31,0,0.31
1328,Game de Hakken!! Tamagotchi 2,GB,1997,Simulation,Namco Bandai Games,0,0,1.44,0.01,1.45
3699,Sacred 2: Fallen Angel,X360,2009,Role-Playing,Deep Silver,0.29,0.17,0.04,0.05,0.54
12051,Spartan: Total Warrior,GC,2005,Action,Sega,0.05,0.01,0,0,0.07
4465,Jikkyou Powerful Pro Yakyuu 9,PS2,2002,Sports,Konami Digital Entertainment,0,0,0.44,0,0.44
16454,Shin Koihime Musou: Otome Taisen * Sangokushi Engi,PS3,2014,Adventure,Views,0,0,0.01,0,0.01
764,Super Mario RPG: Legend of the Seven Stars,SNES,1996,Role-Playing,Nintendo,0.66,0,1.45,0.03,2.14
6121,Tigger's Honey Hunt,PS,2000,Platform,Ubisoft,0.16,0.11,0,0.02,0.28
16258,No Fate! Only the Power of Will,X360,2010,Adventure,Alchemist,0,0,0.01,0,0.01
13867,Colin McRae Rally 3,XB,2002,Racing,Codemasters,0.03,0.01,0,0,0.04
12490,Odin Sphere: Leifthrasir,PS3,2016,Role-Playing,Nippon Ichi Software,0.01,0.02,0.03,0.01,0.06
10956,The Idolmaster: Platinum Stars,PS4,2016,Simulation,Namco Bandai Games,0,0,0.09,0,0.09
10955,Riviera: The Promised Land,PSP,2006,Role-Playing,505 Games,0.07,0,0.02,0.01,0.09
9249,Littlest Pet Shop: Spring,DS,2009,Simulation,Electronic Arts,0.12,0,0,0.01,0.14
7314,NBA in the Zone 2000,PS,2000,Sports,Konami Digital Entertainment,0.12,0.08,0,0.01,0.21
12292,XGRA: Extreme G Racing Association,PS2,2003,Racing,Acclaim Entertainment,0.03,0.02,0,0.01,0.06
1975,Tag Team Match M.U.S.C.L.E.,NES,1985,Fighting,Namco Bandai Games,0,0,1.05,0,1.05
5728,Dragon Ball Heroes: Ultimate Mission 2,3DS,2014,Strategy,Namco Bandai Games,0,0,0.31,0,0.31
15684,Stronghold Legends,PC,2006,Strategy,Take-Two Interactive,0,0.01,0,0,0.02
10070,PDC World Championship Darts: Pro Tour,PS3,2010,Sports,O-Games,0,0.09,0,0.03,0.11
15655,Virtua Quest,PS2,N/A,Role-Playing,Unknown,0.01,0.01,0,0,0.02
7625,Super Robot Taisen 64,N64,1999,Strategy,Banpresto,0,0,0.2,0,0.2
7410,Disney's Planes,WiiU,2013,Simulation,Disney Interactive Studios,0.15,0.04,0,0.02,0.21
6296,Resident Evil: Deadly Silence,DS,2006,Action,Capcom,0.12,0.03,0.11,0.01,0.27
4916,Just Dance 2014,PS4,2013,Misc,Ubisoft,0.18,0.16,0,0.05,0.39
9806,X2: Wolverine's Revenge,GC,2003,Platform,Activision,0.09,0.02,0,0,0.12
10162,Army Men: RTS,PS2,2002,Strategy,3DO,0.05,0.04,0,0.01,0.11
12081,Dino Master: Dig Discover Duel,DS,2005,Strategy,Majesco Entertainment,0.06,0,0,0,0.07
6922,Guitar Hero Live,X360,2015,Misc,Activision,0.12,0.1,0,0.02,0.24
4217,We Sing Encore,Wii,2010,Misc,Nordic Games,0,0.41,0,0.06,0.47
8989,Wizardry VII: Gadeia no Houshu,PS,1995,Role-Playing,Sony Computer Entertainment,0,0,0.14,0.01,0.15
152,Resident Evil 2,PS,1998,Action,Virgin Interactive,1.88,1.47,2.02,0.45,5.82
12837,Kamen Rider: Battride War Genesis,PS4,2016,Action,Namco Bandai Games,0,0,0.05,0,0.05
14822,Franklin the Turtle,GBA,2005,Misc,Game Factory,0.02,0.01,0,0,0.03
9328,Nayuta no Kiseki,PSP,2012,Action,Nihon Falcom Corporation,0,0,0.14,0,0.14
12717,Rhapsody: A Musical Adventure,DS,2008,Role-Playing,Nippon Ichi Software,0.05,0,0,0,0.06
9203,Karaoke Revolution Glee: Volume 3,X360,2011,Misc,Konami Digital Entertainment,0.13,0,0,0.01,0.14
146,Metal Gear Solid,PS,1998,Action,Konami Digital Entertainment,3.18,1.83,0.78,0.24,6.03
7863,AeroFighters Assault,N64,1997,Action,Video System,0.15,0.04,0,0,0.19
8600,The Crew,PC,2014,Racing,Ubisoft,0,0.15,0,0.01,0.16
15161,SBK: Snowboard Kids,DS,2005,Sports,Rising Star Games,0.02,0,0,0,0.02
3874,Iron Man,DS,2008,Action,Sega,0.35,0.12,0,0.05,0.52
2480,Need for Speed Rivals,X360,2013,Racing,Electronic Arts,0.37,0.38,0.01,0.08,0.84
10961,Return Fire,PS,1996,Strategy,Time Warner Interactive,0.05,0.03,0,0.01,0.09
13765,One Piece: Burning Blood,XOne,2016,Fighting,Namco Bandai Games,0.03,0.01,0,0,0.04
8996,Grabbed by the Ghoulies,XB,2003,Action,Microsoft Game Studios,0.11,0.03,0,0.01,0.14
11065,Detana TwinBee Yahho! Deluxe Pack,PS,1995,Shooter,Konami Digital Entertainment,0,0,0.08,0.01,0.09
1067,WCW/NWO Thunder,PS,1998,Fighting,THQ,1.1,0.48,0.04,0.07,1.69
11438,Worms: A Space Oddity,Wii,2008,Strategy,THQ,0.06,0.02,0,0.01,0.08
11460,The Legend of Alon D'ar,PS2,2001,Role-Playing,Ubisoft,0.04,0.03,0,0.01,0.08
2710,Syphon Filter: The Omega Strain,PS2,2004,Shooter,Sony Computer Entertainment,0.37,0.29,0,0.1,0.76
10050,NFL Head Coach 09,X360,2008,Sports,Electronic Arts,0.11,0,0,0.01,0.11
5421,Zoo Tycoon (2013),XOne,2013,Simulation,Microsoft Game Studios,0.18,0.13,0,0.03,0.34
16350,Idol Janshi Suchie-Pai IV,PS2,2007,Misc,Jaleco,0,0,0.01,0,0.01
4402,Mario Tennis Ultra Smash,WiiU,2015,Sports,Nintendo,0.13,0.16,0.13,0.03,0.45
4366,Rampage World Tour,N64,1998,Action,GT Interactive,0.36,0.08,0,0.01,0.45
12637,Policenauts,3DO,1995,Adventure,Konami Digital Entertainment,0,0,0.06,0,0.06
9736,Gotouchi Tetsudou: Gotouchi Chara to Nihon Zenkoku no Tabi,3DS,2014,Misc,Namco Bandai Games,0,0,0.12,0,0.12
5041,EA Sports MMA,PS3,2010,Fighting,Electronic Arts,0.16,0.15,0.01,0.06,0.38
6145,Avatar: The Last Airbender,Wii,2006,Adventure,THQ,0.24,0.02,0,0.02,0.28
4846,Planet 51,DS,2009,Action,Sega,0.22,0.14,0,0.04,0.4
8876,Virtua Tennis 4,Wii,2011,Sports,Sega,0.05,0.08,0,0.02,0.15
14093,Sangoku Koi Senki: Otome no Heihou!,PSP,2012,Adventure,Prototype,0,0,0.04,0,0.04
14795,AMNESIA World,PSV,2014,Adventure,Idea Factory,0,0,0.03,0,0.03
15456,Car Battler Joe,GBA,2001,Role-Playing,Victor Interactive,0.01,0.01,0,0,0.02
8188,Star Wars: Battlefront II,PC,2005,Shooter,LucasArts,0.02,0.13,0,0.03,0.18
11060,Porsche Challenge,PS,1997,Racing,Sony Computer Entertainment,0.05,0.03,0,0.01,0.09
5901,Army Men: Air Attack 2,PS,2000,Action,3DO,0.17,0.11,0,0.02,0.3
12014,Guilty Gear Xrd -Revelator-,PS3,2016,Fighting,PQube,0.01,0.02,0.02,0.01,0.07
16294,FairlyLife: MiracleDays,PSP,2010,Adventure,Piacci,0,0,0.01,0,0.01
10581,GRID Autosport,X360,2014,Racing,Codemasters,0.03,0.06,0,0.01,0.1
7235,Mary-Kate and Ashley: Sweet 16 - Licenced to Drive,PS2,2002,Misc,Acclaim Entertainment,0.11,0.08,0,0.03,0.22
14773,Brothers Conflict: Passion Pink,PSP,2012,Action,Idea Factory,0,0,0.03,0,0.03
7589,Dead to Rights II,PS2,2005,Shooter,Electronic Arts,0.1,0.08,0,0.03,0.2
11131,Romance of the Three Kingdoms XII,PS3,2012,Strategy,Tecmo Koei,0,0,0.09,0,0.09
640,pro evolution soccer 2011,PS3,2010,Sports,Konami Digital Entertainment,0.29,1.18,0.54,0.41,2.42
4562,Bakugan: Battle Brawlers,PS2,2009,Action,Activision,0.21,0.16,0,0.05,0.43
15773,Moujuutsukai to Oujisama,PS2,2010,Adventure,Idea Factory,0,0,0.02,0,0.02
7154,Marvel Super Hero Squad: The Infinity Gauntlet,DS,2010,Action,THQ,0.17,0.03,0,0.02,0.22
2456,Golden Sun: Dark Dawn,DS,2010,Role-Playing,Nintendo,0.56,0.11,0.13,0.05,0.84
6125,NHL 2K11,Wii,2010,Sports,Take-Two Interactive,0.24,0.02,0,0.02,0.28
14054,Penguins of Madagascar,WiiU,2014,Action,Namco Bandai Games,0.01,0.02,0,0,0.04
812,UFC 2009 Undisputed,X360,2009,Fighting,THQ,1.48,0.39,0,0.19,2.07
10517,Toaru Majutsu no Index,PSP,2011,Adventure,Kadokawa Shoten,0,0,0.1,0,0.1
809,Skate 3,PS3,2010,Sports,Electronic Arts,0.79,0.94,0,0.35,2.08
9363,Hyperdimension Idol Neptunia PP,PSV,2013,Misc,Namco Bandai Games,0.04,0.03,0.04,0.02,0.13
12069,Tom and Jerry in War of the Whiskers,GC,2003,Fighting,NewKidCo,0.05,0.01,0,0,0.07
12777,"Tennis no Oji-Sama: Doubles no Oji-Sama - Girls, Be Gracious!",DS,2009,Sports,Konami Digital Entertainment,0,0,0.06,0,0.06
8566,International Superstar Soccer Deluxe,SNES,1995,Sports,Konami Digital Entertainment,0,0,0.16,0,0.16
186,FIFA Soccer 13,X360,2012,Action,Electronic Arts,1.08,3.48,0.03,0.58,5.18
5591,Bratz: Girlz Really Rock,DS,2008,Action,THQ,0.18,0.11,0,0.03,0.32
15862,Transformers: Prime,Wii,2012,Action,Activision,0,0.01,0,0,0.02
5267,Blasto,PS,1998,Action,Sony Computer Entertainment,0.2,0.13,0,0.02,0.35
16336,Chaos;Child,PS4,2015,Adventure,5pb,0,0,0.01,0,0.01
15798,Star Trek: Legacy,PC,2006,Simulation,Ubisoft,0,0.01,0,0,0.02
10199,Karaoke Revolution Presents American Idol Encore,X360,2008,Misc,Konami Digital Entertainment,0.1,0,0,0.01,0.11
10387,World Series of Poker: Tournament of Champions 2007 Edition,PSP,2006,Misc,Activision,0.1,0,0,0.01,0.11
11127,The Weakest Link,PS,2001,Misc,Activision,0.05,0.03,0,0.01,0.09
10179,NCIS 3D,3DS,2011,Adventure,Ubisoft,0.06,0.04,0,0.01,0.11
1997,Disney Fairies: Tinker Bell and the Lost Treasure,DS,2009,Adventure,Disney Interactive Studios,0.57,0.35,0.02,0.1,1.04
11726,Driven,GC,2002,Racing,BAM! Entertainment,0.06,0.02,0,0,0.08
773,Toy Story 3: The Video Game,DS,2010,Action,Disney Interactive Studios,0.93,0.97,0.02,0.21,2.12
7183,Move Fitness,PS3,N/A,Sports,Sony Computer Entertainment,0,0.17,0,0.05,0.22
8004,Pure Futbol,X360,2010,Sports,Ubisoft,0.08,0.09,0,0.02,0.18
11731,Nicola Kanshuu: Model Oshare * Audition Platina,3DS,2012,Action,Alchemist,0,0,0.08,0,0.08
6769,Classic NES Series: Xevious,GBA,2004,Shooter,Nintendo,0.08,0.03,0.12,0.01,0.25
12655,Honeycomb Beat,DS,2006,Puzzle,Konami Digital Entertainment,0.05,0,0,0,0.06
2584,Darksiders II,X360,2012,Action,THQ,0.45,0.28,0,0.07,0.8
7652,We Wish You A Merry Christmas,Wii,2009,Action,Destineer,0.14,0.04,0,0.02,0.2
464,Killzone 2,PS3,2009,Shooter,Sony Computer Entertainment,1.4,1.07,0.08,0.47,3.02
12658,Katekyoo Hitman Reborn! DS Fate of Heat III - Yuki no Shugosha Raishuu!,DS,2010,Role-Playing,Marvelous Interactive,0,0,0.06,0,0.06
8028,Super Robot Taisen J,GBA,2005,Strategy,Banpresto,0,0,0.18,0,0.18
9189,Power Pro Kun Pocket 8,DS,2005,Sports,Konami Digital Entertainment,0,0,0.14,0,0.14
7804,Need for Speed: The Run,3DS,2011,Action,Electronic Arts,0.09,0.09,0,0.02,0.19
7586,Imagine: Babyz Fashion,DS,2009,Simulation,Ubisoft,0.19,0,0,0.01,0.2
7351,Momotarou Dentetsu 16,PS2,2006,Misc,Hudson Soft,0,0,0.21,0,0.21
1670,ATV Offroad Fury 3,PS2,2004,Racing,SouthPeak Games,1,0.04,0,0.16,1.2
1578,Championship Manager 03/04,PC,2003,Sports,Eidos Interactive,0,1.15,0,0.11,1.26
10281,Dynasty Tactics 2,PS2,2003,Strategy,Tecmo Koei,0.05,0.04,0,0.01,0.11
2644,Tetris Party Deluxe,DS,2010,Puzzle,Nintendo,0.29,0.3,0.12,0.07,0.78
6425,Major League Baseball 2K9,Wii,2009,Sports,Take-Two Interactive,0.25,0,0,0.02,0.27
131,Pokémon Emerald Version,GBA,2004,Role-Playing,Nintendo,2.57,1.58,2.06,0.21,6.41
13982,Trine 2,PC,2011,Platform,Focus Home Interactive,0,0.03,0,0.01,0.04
3123,SingStar R&B,PS2,2007,Misc,Sony Computer Entertainment,0,0.05,0,0.6,0.65
14600,Tago Akira no Atama no Taisou Dai-1-Shuu: Nazotoki Sekai Isshuu Ryokou,DS,2009,Adventure,Level 5,0,0,0.03,0,0.03
11889,Elements of Destruction,DS,2007,Strategy,THQ,0.07,0,0,0.01,0.07
9261,Marvel vs. Capcom 2: New Age of Heroes,XB,2002,Fighting,Capcom,0.09,0.03,0.01,0,0.14
14973,Strike Witches 2: Iyasu Naosu Punipunisuru,DS,2010,Action,Kadokawa Shoten,0,0,0.02,0,0.02
2346,LEGO Marvel Super Heroes,3DS,2013,Action,Warner Bros. Interactive Entertainment,0.42,0.36,0.04,0.07,0.89
15630,Emergency Mayhem,Wii,2008,Racing,Codemasters,0.02,0,0,0,0.02
6375,Dragon Ball: XenoVerse,X360,2015,Fighting,Namco Bandai Games,0.16,0.08,0,0.02,0.27
2112,Sonic & Sega All-Stars Racing,PS3,2010,Racing,Sega,0.36,0.46,0,0.17,0.98
6388,Alundra 2: A New Legend Begins,PS,1999,Role-Playing,Activision,0.15,0.1,0,0.02,0.27
11984,Battlezone: Rise of the Black Dogs,N64,2000,Strategy,Crave Entertainment,0.06,0.01,0,0,0.07
3284,Formula 1: Championship Edition,PS3,2006,Racing,Sony Computer Entertainment,0,0.57,0.04,0,0.61
14895,Mahou Sensei Negima! Private Lesson 2: Ojama Shimasu Parasite de Chu,GBA,2006,Role-Playing,Marvelous Interactive,0,0,0.02,0,0.03
10245,Touch Detective 2 1/2,DS,2007,Adventure,505 Games,0.09,0,0.01,0.01,0.11
2925,Advance Wars,GBA,2001,Strategy,Nintendo,0.5,0.19,0,0.01,0.7
11440,Diego's Build & Rescue,DS,2010,Action,Take-Two Interactive,0.07,0,0,0.01,0.08
16184,Resistance Dual Pack,PS3,2011,Shooter,Sony Computer Entertainment,0,0.01,0,0,0.01
4515,Minecraft,WiiU,2016,Misc,Microsoft Game Studios,0.18,0.09,0.14,0.03,0.43
5155,Transformers: Dark of the Moon,PS3,2011,Action,Activision,0.11,0.19,0,0.07,0.37
6620,Tearaway Unfolded,PS4,2015,Platform,Sony Computer Entertainment,0.09,0.12,0,0.04,0.25
2892,Battle Arena Toshinden 2,PS,1995,Fighting,Sony Computer Entertainment,0.15,0.1,0.41,0.05,0.71
11066,Shin Ken to Mah? to Gakuenmono. Toki no Gakuen,PSP,2012,Role-Playing,Acquire,0,0,0.09,0,0.09
9656,World Soccer Winning Eleven 2002,PS,2002,Sports,Konami Digital Entertainment,0,0,0.12,0.01,0.13
13570,True Love Story 3,PS2,2001,Simulation,Enterbrain,0,0,0.04,0,0.04
13631,Lise no Atelier: Ordre no Renkinjutsushi,DS,2007,Role-Playing,Gust,0,0,0.04,0,0.04
5943,Final Fantasy XI: Wings of the Goddess,X360,2007,Role-Playing,Square Enix,0.25,0,0.02,0.02,0.3
15280,"Renai Banchou: Inochi Meishi, Koiseyo Otome! Love is Power!!!",PSP,2010,Adventure,Idea Factory,0,0,0.02,0,0.02
5509,FIFA Street 3,PS3,2008,Sports,Electronic Arts,0.08,0.18,0,0.06,0.33
15344,The Technomancer,XOne,2016,Role-Playing,Focus Home Interactive,0.01,0.01,0,0,0.02
12619,Raw Danger! (JP sales),PS2,2006,Action,505 Games,0,0,0.06,0,0.06
11062,Beowulf: The Game,PSP,2007,Action,Ubisoft,0.08,0,0,0.01,0.09
3993,The Adventures of Jimmy Neutron Boy Genius: Attack of the Twonkies,PS2,2004,Action,THQ,0.24,0.19,0,0.06,0.5
2054,DiRT 2,PS3,2009,Racing,Codemasters,0.27,0.53,0,0.2,1.01
12134,Nichibeikan Pro Yakyuu: Final League,PS2,2002,Sports,SquareSoft,0,0,0.07,0,0.07
3932,The BIGS,PS2,2007,Sports,Take-Two Interactive,0.25,0.19,0,0.06,0.51
3896,Goldeneye 007: Reloaded,X360,2011,Shooter,Activision,0.25,0.21,0,0.05,0.51
11601,Grease Dance,PS3,2011,Misc,505 Games,0.05,0.02,0,0.01,0.08
14391,Rayman 3: Hoodlum Havoc,PC,2003,Platform,Ubisoft,0,0.03,0,0.01,0.03
14028,Flow: Urban Dance Uprising,PS2,2005,Misc,Ubisoft,0.02,0.01,0,0,0.04
3245,Wild ARMs 3,PS2,2002,Role-Playing,Ubisoft,0.16,0.13,0.29,0.04,0.62
11429,Pretty Rhythm Rainbow Live: Kira Kira My * Design,3DS,2013,Misc,Takara Tomy,0,0,0.08,0,0.08
9371,Transformers: Devastation,XOne,2015,Action,Activision,0.09,0.03,0,0.01,0.13
14102,Rebel Raiders: Operation Nighthawk,PS2,2006,Simulation,Kando Games,0.02,0.01,0,0,0.03
7703,Tiger Woods PGA Tour 06,PSP,2005,Sports,Electronic Arts,0.18,0,0,0.01,0.2
8734,MTV Music Generator 2,PS2,2001,Misc,Codemasters,0.08,0.06,0,0.02,0.15
6130,X-Men: Reign of Apocalypse,GBA,2001,Action,Activision,0.2,0.08,0,0.01,0.28
14076,Hello Kitty: Roller Rescue,PC,2005,Action,Empire Interactive,0,0.03,0,0,0.04
16262,Simple DS Series Vol. 41: The Bakudan Shori-Han,DS,2008,Action,D3Publisher,0,0,0.01,0,0.01
9745,Lunar: Dragon Song,DS,2005,Role-Playing,Rising Star Games,0.11,0,0,0.01,0.12
12724,Men in Black The Series: Crashdown,PS,2001,Shooter,Infogrames,0.03,0.02,0,0,0.06
4512,Rock Band 4,XOne,2015,Misc,Harmonix Music Systems,0.35,0.04,0,0.04,0.43
2834,Area 51,PS,1996,Shooter,GT Interactive,0.4,0.27,0,0.05,0.72
13189,Fushigi? Kagaku: Nazotoki Quiz Training - NazoTore,DS,2008,Misc,Benesse,0,0,0.05,0,0.05
15683,Eyeshield 21: Portable Edition,PSP,2006,Role-Playing,Konami Digital Entertainment,0,0,0.02,0,0.02
95,The Legend of Zelda: Ocarina of Time,N64,1998,Action,Nintendo,4.1,1.89,1.45,0.16,7.6
13693,Battle Spirits: Digital Starter,DS,2010,Role-Playing,Namco Bandai Games,0,0,0.04,0,0.04
11648,Salon Superstar,DS,2009,Simulation,505 Games,0.07,0,0,0,0.08
6505,Racquet Sports,Wii,2010,Sports,Ubisoft,0.14,0.09,0,0.02,0.26
12253,Jam Sessions 2,DS,2009,Misc,Ubisoft,0.06,0,0,0,0.06
7578,Mobile Suit Gundam Side Story II: Aoi o Uketsugu Mono,SAT,1996,Shooter,Namco Bandai Games,0,0,0.2,0,0.2
7193,Petz: Horse Club,Wii,2008,Misc,Ubisoft,0.2,0,0,0.02,0.22
9444,Contra III: The Alien Wars,SNES,1992,Shooter,Konami Digital Entertainment,0,0,0.13,0,0.13
16386,Pilot Academy,PSP,2006,Simulation,Rising Star Games,0,0.01,0,0,0.01
14915,Chuck E. Cheese's Sports Games,Wii,2011,Sports,UFO Interactive,0.02,0,0,0,0.02
133,Pokémon Crystal Version,GB,2000,Role-Playing,Nintendo,2.55,1.56,1.29,0.99,6.39
3964,Blue's Clues: Blue's Big Musical,PS,2001,Misc,THQ,0.28,0.19,0,0.03,0.5
8037,Chaotic: Shadow Warriors,DS,2009,Action,Activision,0.17,0,0,0.01,0.18
7669,Gladius,PS2,2003,Strategy,Activision,0.1,0.08,0,0.03,0.2
9495,The House of the Dead,SAT,1997,Shooter,Sega,0,0,0.13,0,0.13
14897,Angelique: Maren no Rokukishi,PSP,2011,Adventure,Idea Factory,0,0,0.03,0,0.03
4483,Neon Genesis Evangelion,SAT,1996,Adventure,Sega,0,0,0.44,0,0.44
167,Call of Duty: World at War,PS3,2008,Shooter,Activision,2.72,1.87,0,0.84,5.43
14616,Buffy the Vampire Slayer: Wrath of the Darkhul King,GBA,2003,Action,THQ,0.02,0.01,0,0,0.03
6681,XIII,XB,2003,Shooter,Ubisoft,0.16,0.08,0,0.01,0.25
3343,MonHun Nikki: Poka Poka Ailu Mura,PSP,2010,Role-Playing,Capcom,0,0,0.6,0,0.6
3590,Tony Hawk's Proving Ground,X360,2007,Sports,Activision,0.49,0.02,0,0.04,0.56
7030,Age of Empires: The Age of Kings,DS,2006,Strategy,THQ,0.19,0.02,0,0.02,0.23
13413,Arslan: The Warriors of Legend,PS3,2015,Action,Tecmo Koei,0,0,0.05,0,0.05
10420,Ennichi no Tatsujin,Wii,2006,Misc,Namco Bandai Games,0,0,0.1,0,0.1
12225,Interactive Storybook DS Series 1,DS,2007,Misc,Tommo,0.06,0,0,0,0.07
7301,Sniper: Ghost Warrior 2,X360,2013,Shooter,City Interactive,0.06,0.13,0,0.02,0.22
2071,NFL GameDay 2001,PS,2000,Sports,Sony Computer Entertainment,0.56,0.38,0,0.07,1
8815,Cake Mania: In The Mix!,Wii,2008,Puzzle,Majesco Entertainment,0.14,0,0,0.01,0.15
16060,PDC World Championship Darts 2008,PSP,N/A,Sports,Oxygen Interactive,0.01,0,0,0,0.01
14741,Pro Evolution Soccer 2017,XOne,2016,Sports,Konami Digital Entertainment,0,0.02,0,0,0.03
6447,The Crew,X360,2014,Racing,Ubisoft,0.06,0.18,0,0.02,0.26
13318,To Heart 2 DX Plus,PS3,2011,Adventure,Aqua Plus,0,0,0.05,0,0.05
10278,Charlie and the Chocolate Factory,XB,2005,Adventure,Global Star,0.08,0.02,0,0,0.11
13243,J-League '96 Dream Stadium,SNES,1996,Sports,Hudson Soft,0,0,0.05,0,0.05
7048,Perfect Weapon,PS,1996,Action,American Softworks,0.13,0.09,0,0.02,0.23
8356,NBA Live 16,PS4,2015,Sports,Electronic Arts,0.1,0.04,0,0.03,0.17
6181,Pitfall: The Mayan Adventure,GBA,2001,Platform,Interplay,0.2,0.07,0,0.01,0.28
11875,Petz Fantasy 3D,3DS,2011,Simulation,Ubisoft,0.07,0,0,0,0.07
5860,Invizimals: Shadow Zone,PSP,2010,Strategy,Sony Computer Entertainment,0.05,0.16,0,0.08,0.3
9182,Jim Henson's the Muppets: On With the Show!,GBA,2003,Action,TDK Mediactive,0.1,0.04,0,0,0.14
7867,Sesame Street: Elmo's Number Journey,N64,1999,Misc,NewKidCo,0.15,0.04,0,0,0.19
7983,La Pucelle: Tactics,PS2,2002,Role-Playing,Tecmo Koei,0.09,0.07,0,0.02,0.19
16188,Tantei Jinguuji Saburo: Hai to Diamond,PSP,2009,Adventure,Arc System Works,0,0,0.01,0,0.01
8128,Shadow Madness,PS,1999,Action,Crave Entertainment,0.1,0.07,0,0.01,0.18
323,Batman: Arkham Knight,PS4,2015,Action,Warner Bros. Interactive Entertainment,1.49,1.58,0.1,0.61,3.79
6947,NASCAR 2011: The Game,Wii,2011,Racing,Activision,0.22,0,0,0.01,0.24
10352,Mega Man Battle Network 5: Double Team DS (JP sales),DS,2005,Role-Playing,Nintendo,0,0,0.11,0,0.11
7141,Yu-Gi-Oh! GX: Spirit Caller (American Sales),DS,2006,Misc,Konami Digital Entertainment,0.18,0.03,0,0.02,0.22
7033,NHL FaceOff 2001,PS,2000,Sports,Sony Computer Entertainment,0.13,0.09,0,0.02,0.23
8819,Kowloon's Gate,PS,1997,Adventure,Sony Computer Entertainment,0,0,0.14,0.01,0.15
15905,Tennis no Oji-Sama: Card Hunter,PS2,2007,Strategy,Konami Digital Entertainment,0,0,0.02,0,0.02
12024,Doraemon: Nobita to Himitsu Dougu Hakubutsukan,3DS,2013,Action,FuRyu,0,0,0.07,0,0.07
11536,Armored Core 3 Portable,PSP,2009,Simulation,From Software,0,0,0.08,0,0.08
4307,Red Faction: Armageddon,PS3,2011,Shooter,THQ,0.2,0.16,0.03,0.07,0.46
15998,Football Manager Live,PC,2009,Sports,Sega,0,0.01,0,0,0.01
3018,Blazing Angels: Squadrons of WWII,PS3,2006,Simulation,Ubisoft,0.35,0.22,0,0.1,0.67
14271,YoKai Watch Dance: Just Dance Special Version,WiiU,2015,Misc,Level 5,0,0,0.03,0,0.03
11374,Steins;Gate,PS3,2012,Adventure,PQube,0.01,0.04,0.02,0.01,0.08
15024,Penguins of Madagascar,Wii,2014,Action,Namco Bandai Games,0,0.02,0,0,0.02
14330,Neverwinter Nights,PC,2002,Role-Playing,Atari,0,0.03,0,0.01,0.03
1309,Mortal Kombat 4,PS,1998,Fighting,GT Interactive,0.81,0.55,0,0.1,1.46
2776,LEGO Marvel Super Heroes,WiiU,2013,Action,Warner Bros. Interactive Entertainment,0.31,0.35,0.02,0.06,0.74
8044,Gauntlet: Seven Sorrows,XB,2005,Role-Playing,Midway Games,0.14,0.04,0,0.01,0.18
9591,PBR: Out of the Chute,Wii,2008,Sports,Crave Entertainment,0.12,0,0,0.01,0.13
10594,Tom Clancy's Ghost Recon: Predator,PSP,2010,Shooter,Ubisoft,0.07,0.02,0,0.02,0.1
10566,NHL 2004,GC,2003,Sports,Electronic Arts,0.08,0.02,0,0,0.1
4017,Raiders of the Lost Ark,2600,1981,Action,Atari,0.46,0.03,0,0.01,0.5
11793,Saint Seiya: Brave Soldiers,PS3,2013,Fighting,Namco Bandai Games,0,0.01,0.06,0,0.07
1517,Crysis 2,PS3,2011,Action,Electronic Arts,0.45,0.57,0.06,0.21,1.3
4957,The Dog Island,Wii,2007,Adventure,Ubisoft,0.35,0.01,0,0.03,0.39
13977,Mr. Driller,PS,1999,Puzzle,Namco Bandai Games,0.02,0.01,0,0,0.04
16151,Hot Wheels: Stunt Track Challenge / World Race,GBA,2006,Racing,"Destination Software, Inc",0.01,0,0,0,0.01
4268,EA Sports UFC,XOne,2014,Sports,Electronic Arts,0.3,0.12,0,0.04,0.46
10495,Shrek: Forever After,X360,2010,Platform,Activision,0.09,0,0,0.01,0.1
4456,Jump Start Pet Rescue,Wii,2009,Misc,Knowledge Adventure,0.41,0,0,0.03,0.44
9264,Alone in the Dark: Inferno,PS3,2008,Adventure,Atari,0.09,0.03,0,0.02,0.14
4362,World Soccer Winning Eleven 5 Final Evolution,PS2,2001,Sports,Konami Digital Entertainment,0,0,0.45,0,0.45
6696,U-Sing: Girls Night,Wii,2010,Misc,Mindscape,0,0.21,0,0.04,0.25
13387,Professor Heinz Wolff's Gravity,DS,2008,Puzzle,Deep Silver,0.04,0,0,0,0.05
7018,The Incredible Hulk: Ultimate Destruction,XB,2005,Action,Vivendi Games,0.17,0.05,0,0.01,0.23
5579,J Stars Victory Vs.,PS3,2014,Fighting,Namco Bandai Games,0.04,0.06,0.2,0.02,0.32
1933,F1 2012,PS3,2012,Racing,Codemasters,0.12,0.64,0.05,0.25,1.07
13370,Mafia,PC,2002,Action,Take-Two Interactive,0,0.04,0,0.01,0.05
1329,Namco Museum 64,N64,1999,Misc,Namco Bandai Games,1.24,0.17,0.03,0.01,1.45
14175,Original Story from Fairy Tail: Gekitotsu! Kardia Daiseidou,DS,2011,Role-Playing,Hudson Soft,0,0,0.03,0,0.03
12593,Summon Night 6: Lost Borders,PSV,2016,Action,Namco Bandai Games,0,0,0.06,0,0.06
7598,Body and Brain Connection,X360,2010,Misc,Namco Bandai Games,0.1,0.08,0,0.02,0.2
5032,Mobile Suit Gundam version 2.0,PS,1996,Action,Namco Bandai Games,0,0,0.36,0.02,0.38
289,World of Warcraft: The Burning Crusade,PC,2007,Role-Playing,Activision,2.57,1.52,0,0,4.09
3024,Star Wars: Republic Commando,XB,2005,Shooter,Activision,0.48,0.17,0,0.02,0.67
4605,Hot Wheels World Race,PS2,2003,Racing,THQ,0.21,0.16,0,0.05,0.42
8929,Phantasy Star Online Episode I & II,XB,2003,Role-Playing,Sega,0.11,0.03,0,0.01,0.15
5527,NeoGeo Battle Coliseum,PS2,2005,Fighting,Ignition Entertainment,0.16,0.13,0,0.04,0.33
9001,Barbarian,PS2,2002,Fighting,Titus,0.07,0.06,0,0.02,0.14
791,Portal 2,X360,2011,Shooter,Valve Software,1.41,0.51,0.01,0.17,2.1
3657,Secret Agent Clank(US sales),PSP,2008,Platform,Sony Computer Entertainment,0.33,0.22,0,0,0.55
12677,MLB Power Pros 2008,DS,2008,Sports,Take-Two Interactive,0.05,0,0,0,0.06
16565,Mighty No. 9,XOne,2016,Platform,Deep Silver,0.01,0,0,0,0.01
1778,Fight Night Champion,PS3,2011,Fighting,Electronic Arts,0.45,0.51,0,0.19,1.15
11094,The $1 Pyramid,Wii,2011,Misc,Ubisoft,0.08,0,0,0.01,0.09
6513,Konjiki no Gashbell!! Makai no Bookmark,GBA,2004,Adventure,Banpresto,0,0,0.25,0.01,0.26
13266,Deadliest Catch: Alaskan Storm,X360,2008,Sports,Navarre Corp,0.04,0,0,0,0.05
1249,Simpsons Wrestling,PS,2001,Fighting,Electronic Arts,0.23,1.16,0,0.11,1.51
14685,Metal Saga: Hagane no Kisetsu,DS,2006,Role-Playing,Success,0,0,0.03,0,0.03
9901,Battle Arena Toshinden Remix,SAT,1994,Fighting,Sega,0,0,0.12,0,0.12
6151,Need for Speed: Most Wanted,WiiU,2013,Racing,Electronic Arts,0.14,0.12,0,0.02,0.28
14767,Cabela's Big Game Hunter: Pro Hunts,X360,2014,Shooter,Activision,0.02,0,0,0,0.03
430,Super Mario Maker,WiiU,2015,Platform,Nintendo,1.18,0.87,0.93,0.2,3.18
15047,Street Fighter X Tekken,PC,2012,Fighting,Capcom,0,0.02,0,0,0.02
927,Shrek 2,PS2,2004,Platform,Activision,1.12,0.69,0.03,0.02,1.86
14456,Dance Dance Revolution: Hottest Party 5,Wii,2011,Misc,Konami Digital Entertainment,0,0.03,0,0,0.03
5626,Darkwatch,PS2,2005,Shooter,Ubisoft,0.16,0.12,0,0.04,0.32
343,SOCOM: U.S. Navy SEALs,PS2,2002,Shooter,Sony Computer Entertainment,2.53,0.81,0.06,0.24,3.65
2251,NHL 98,PS,1997,Sports,Electronic Arts,0.51,0.35,0,0.06,0.92
3683,Metro 2033,X360,2010,Shooter,THQ,0.22,0.24,0.03,0.05,0.55
671,Kinect Sports: Season Two,X360,2011,Sports,Microsoft Game Studios,1.38,0.74,0.02,0.22,2.36
16441,Brothers Conflict: Precious Baby,PSV,2017,Action,Idea Factory,0,0,0.01,0,0.01
6048,DX Game of Life,PS,1996,Misc,Takara,0,0,0.27,0.02,0.29
11142,F1 2016 (Codemasters),XOne,2016,Racing,Codemasters,0.01,0.07,0,0.01,0.09
1848,Toy Story 3: The Video Game,PS3,2010,Action,Disney Interactive Studios,0.51,0.42,0,0.17,1.11
4988,Bakusou Dekotora Densetsu: Otoko Ippiki Yume Kaidoi,PS,1998,Racing,Human Entertainment,0,0,0.36,0.03,0.38
14636,Hajime no Ippo: The Fighting,GBA,2002,Fighting,ESP,0,0,0.03,0,0.03
16584,Fit & Fun,Wii,2011,Sports,Unknown,0,0.01,0,0,0.01
14386,Hearts of Iron IV,PC,2016,Strategy,Paradox Interactive,0,0.03,0,0,0.03
9881,Monster Jam: Path of Destruction,X360,2010,Racing,Activision,0.11,0,0,0.01,0.12
8504,Medieval Games,Wii,2009,Action,Vir2L Studios,0.14,0.01,0,0.01,0.16
10222,Top Gear Rally 2,N64,1999,Racing,Kemco,0.09,0.02,0,0,0.11
4797,NBA 2K10,PS2,2009,Sports,Take-Two Interactive,0.33,0.01,0,0.05,0.4
8893,Major League Baseball 2K13,PS3,2013,Sports,Take-Two Interactive,0.14,0,0,0.01,0.15
7815,Chaotic: Shadow Warriors,Wii,2009,Action,Activision,0.18,0,0,0.01,0.19
44,Halo 3,X360,2007,Shooter,Microsoft Game Studios,7.97,2.83,0.13,1.21,12.14
5122,Yarudora Series Vol.1: Double Cast,PS,1998,Adventure,Sony Computer Entertainment,0,0,0.35,0.02,0.37
11527,Gekijouban Madoka Magicka: The Battle Pentagram,PSV,2013,Action,Namco Bandai Games,0,0,0.08,0,0.08
4398,ATV Quad Power Racing 2,XB,2003,Racing,Acclaim Entertainment,0.36,0.07,0,0.01,0.45
11701,P.T.O. IV: Pacific Theater of Operations,PS2,2002,Strategy,Tecmo Koei,0.04,0.03,0,0.01,0.08
13179,Yu-Gi-Oh! World Championship 2007,DS,2007,Strategy,Konami Digital Entertainment,0,0.01,0.04,0,0.05
13734,Grand Theft Auto: Vice City,PC,2003,Action,Take-Two Interactive,0,0.03,0,0.01,0.04
2015,MX vs. ATV Unleashed,PS2,2005,Racing,THQ,0.86,0.03,0,0.14,1.03
13174,Rogue Ops,GC,2003,Action,Kemco,0.04,0.01,0,0,0.05
11104,Atelier Totori: The Adventurer of Arland,PSV,2012,Role-Playing,Gust,0,0,0.09,0,0.09
780,Tony Hawk's Pro Skater,N64,2000,Sports,Activision,1.68,0.4,0,0.03,2.11
15072,Escape the Emerald Star,PC,2011,Puzzle,PopCap Games,0.02,0,0,0,0.02
10223,Chopper Attack,N64,1997,Action,GT Interactive,0.09,0.02,0,0,0.11
12627,Steins;Gate: Hiyoku Renri no Darling,PSP,2012,Action,5pb,0,0,0.06,0,0.06
6024,Jikkyou Powerful Pro Yakyuu 8,PS2,2001,Sports,Konami Digital Entertainment,0,0,0.29,0,0.29
14604,OZMAFIA!! -vivace-,PSV,2015,Adventure,dramatic create,0,0,0.03,0,0.03
9922,SD Gundam G Generation-F.I.F,PS,2001,Strategy,Namco Bandai Games,0,0,0.11,0.01,0.12
7994,WWE All Stars,PSP,2011,Fighting,THQ,0.12,0.04,0,0.03,0.19
15227,Umineko no Naku Koro ni: Majo to Suiri no Rinbukyoku,PS3,2010,Adventure,Alchemist,0,0,0.02,0,0.02
12911,Imagine Animal Doctor Care Center,DS,2010,Simulation,Ubisoft,0.05,0,0,0,0.05
5074,The Legend of Spyro: A New Beginning,DS,2006,Platform,Vivendi Games,0.34,0.01,0,0.03,0.38
13722,Summer Challenge: Athletics Tournament,PS3,2011,Sports,PQube,0,0.03,0,0.01,0.04
13913,Secret Files 2: Puritas Cordis,PC,2009,Adventure,Deep Silver,0,0.03,0,0.01,0.04
12605,Jumper: Griffin's Story,X360,2008,Action,Eidos Interactive,0.05,0,0,0,0.06
4814,NBA ShootOut 2000,PS,1999,Sports,989 Studios,0.22,0.15,0,0.03,0.4
3001,Fight Night 2004,XB,2004,Fighting,Electronic Arts,0.51,0.15,0,0.02,0.68
9258,In the Hunt,PS,1995,Shooter,THQ,0.03,0.02,0.07,0.01,0.14
11113,Deadliest Catch: Sea of Chaos,X360,2010,Sports,Crave Entertainment,0.08,0,0,0.01,0.09
6679,Atari Anthology,XB,2004,Misc,Atari,0.19,0.05,0,0.01,0.25
10486,Igor: The Game,Wii,2008,Adventure,CDV Software Entertainment,0.09,0,0,0.01,0.1
15021,Kuusen II,PS2,2004,Simulation,Kadokawa Shoten,0,0,0.02,0,0.02
9982,ASH: Archaic Sealed Heat,DS,2007,Role-Playing,Nintendo,0,0,0.12,0,0.12
11298,Prisoner of War,XB,2002,Adventure,Atari,0.06,0.02,0,0,0.08
13065,SeaWorld Adventure Parks: Shamu's Deep Sea Adventure,DS,2005,Adventure,Activision,0.05,0,0,0,0.05
6330,Ty the Tasmanian Tiger,GC,2002,Platform,Electronic Arts,0.21,0.05,0,0.01,0.27
6676,The Outfit,X360,2006,Action,THQ,0.21,0.02,0,0.02,0.25
11677,Krazy Ivan,PS,1995,Simulation,Psygnosis,0.04,0.03,0,0,0.08
14804,Ookiku Furikabutte: Honto no Ace ni Nareru kamo,DS,2007,Sports,Marvelous Interactive,0,0,0.03,0,0.03
10580,Pajama Sam: Don't Fear The Dark,Wii,2008,Adventure,Atari,0.09,0,0,0.01,0.1
9213,Dynasty Warriors 7: Empires,PS3,2012,Action,Ubisoft Annecy,0,0,0.14,0,0.14
9177,Godzilla: Save the Earth,XB,2004,Fighting,Atari,0.1,0.03,0,0,0.14
10039,FIFA Street 2,GC,2006,Sports,Electronic Arts,0.09,0.02,0,0,0.11
10601,Blades of Time,PS3,2012,Action,Konami Digital Entertainment,0.04,0.03,0.01,0.01,0.1
10717,Lord of Apocalypse,PSP,2011,Role-Playing,Square Enix,0,0,0.1,0,0.1
14821,Monster High 13 Wishes,WiiU,2013,Action,Little Orbit,0.02,0,0,0,0.03
16042,GunParade Orchestra: Ao no Shou,PS2,2006,Adventure,Sony Computer Entertainment,0,0,0.01,0,0.01
13141,"Warhammer 40,000: Dawn of War",PC,2004,Strategy,THQ,0.01,0.03,0,0.01,0.05
9855,PixelJunk Monsters Deluxe,PSP,2010,Strategy,Sony Computer Entertainment,0.11,0,0,0.01,0.12
8922,The Incredible Hulk: Ultimate Destruction,GC,2005,Action,Vivendi Games,0.11,0.03,0,0,0.15
4699,World Soccer Jikkyou Winning Eleven 2000: U-23 Medal heno Chousen,PS,2000,Sports,Konami Digital Entertainment,0,0,0.39,0.03,0.41
195,Microsoft Flight Simulator,PC,1996,Simulation,Microsoft Game Studios,3.22,1.69,0,0.2,5.12
4036,GoldenEye: Rogue Agent,XB,2004,Shooter,Electronic Arts,0.34,0.13,0,0.02,0.49
1158,No Man's Sky,PS4,2016,Action,Hello Games,0.58,0.74,0.02,0.26,1.6
10012,NASCAR 07,PS2,2006,Racing,Electronic Arts,0.06,0.04,0,0.01,0.11
6214,Over the Hedge,DS,2006,Platform,Activision,0.25,0.01,0,0.02,0.28
13703,Capcom Fighting Evolution,XB,2005,Fighting,Capcom,0.03,0.01,0,0,0.04
8946,Yu-Gi-Oh! Nightmare Troubadour (US sales),DS,2005,Action,Konami Digital Entertainment,0.15,0,0,0,0.15
7279,Madden NFL 07,DS,2006,Sports,Electronic Arts,0.2,0,0,0.02,0.22
6081,Psi-Ops: The Mindgate Conspiracy,PS2,2004,Shooter,Midway Games,0.14,0.11,0,0.04,0.29
14203,An American Tail: Fievel's Gold Rush,GBA,2002,Platform,Conspiracy Entertainment,0.02,0.01,0,0,0.03
1962,Virtua Tennis 3,PS3,2007,Sports,Sega,0.23,0.59,0.03,0.22,1.06
7021,Skylanders: SuperChargers,XOne,2015,Action,Activision,0.16,0.05,0,0.02,0.23
15431,Sega Ages 2500 Series Vol. 32: Phantasy Star Complete Collection,PS2,2008,Role-Playing,Sega,0,0,0.02,0,0.02
12208,Bleach: Hanatareshi Yabou,PS2,2006,Role-Playing,Sony Computer Entertainment,0,0,0.07,0,0.07
6005,Def Jam Rapstar,X360,2010,Misc,Konami Digital Entertainment,0.25,0.03,0,0.02,0.29
13220,Jikkyou Oshaberi Parodius,SNES,1995,Shooter,Konami Digital Entertainment,0,0,0.05,0,0.05
4428,The Urbz: Sims in the City (all regions sales),DS,2004,Simulation,Electronic Arts,0.4,0.01,0.02,0,0.44
1790,Mirror's Edge,PS3,2008,Platform,Electronic Arts,0.31,0.59,0.02,0.22,1.14
934,Chrono Cross,PS,1999,Role-Playing,SquareSoft,0.62,0.42,0.69,0.12,1.86
4583,Dog's Life,PS2,2003,Adventure,Sony Computer Entertainment,0.21,0.16,0,0.05,0.42
9545,Backyard Baseball '09,DS,2008,Sports,Atari,0.12,0,0,0.01,0.13
6787,Broken Sword: Shadow of the Templars - The Director's Cut,Wii,2009,Adventure,Ubisoft,0.12,0.1,0,0.02,0.24
5510,Custom Robo,N64,N/A,Role-Playing,Nintendo,0,0,0.29,0.04,0.33
7809,Might & Magic: Clash of Heroes,DS,2009,Role-Playing,Ubisoft,0.16,0.02,0,0.01,0.19
8117,Splatterhouse,X360,2010,Action,Namco Bandai Games,0.14,0.03,0,0.01,0.18
12020,Crayon Shin-Chan: Obaka Daininden - Susume! Kasukabe Ninja Tai!,DS,2010,Action,Namco Bandai Games,0,0,0.07,0,0.07
8988,Guilty Gear X2 #Reload,XB,2004,Fighting,Zoo Digital Publishing,0.11,0.03,0,0.01,0.15
933,Phineas and Ferb,DS,2009,Action,Disney Interactive Studios,1.34,0.37,0,0.15,1.86
16306,Durarara!! Relay,PSV,2015,Action,Kadokawa Games,0,0,0.01,0,0.01
10573,Digimon Adventure,PSP,2013,Role-Playing,Namco Bandai Games,0,0,0.1,0,0.1
9498,Heroes of the Pacific,XB,2005,Simulation,Codemasters,0.1,0.03,0,0,0.13
12417,A New Beginning,PC,2010,Adventure,Deep Silver,0,0.05,0,0.01,0.06
14827,Gauntlet / Rampart,GBA,2005,Misc,Zoo Digital Publishing,0.02,0.01,0,0,0.03
7240,Tropico 3,X360,2009,Strategy,Kalypso Media,0.15,0.02,0.03,0.02,0.22
5134,Medieval II: Total War Gold Edition,PC,2008,Strategy,Sega,0,0.33,0,0.03,0.37
13674,B.L.U.E.: Legend of Water,PS,N/A,Adventure,N/A,0,0,0.04,0,0.04
15426,Littlest Pet Shop,PC,2008,Simulation,Electronic Arts,0,0.02,0,0,0.02
5379,Marvel Super Heroes,PS,1997,Fighting,Virgin Interactive,0.19,0.13,0,0.02,0.34
796,NBA 2K11,X360,2010,Action,Take-Two Interactive,1.84,0.12,0.01,0.13,2.09
11040,Reading Training,DS,2007,Misc,Benesse,0.01,0,0.08,0,0.09
9951,Teenage Mutant Ninja Turtles 3: Mutant Nightmare,GC,2005,Action,Konami Digital Entertainment,0.09,0.02,0,0,0.12
8683,WWE '13,Wii,2012,Action,THQ,0.12,0.02,0,0.01,0.16
6172,MX SuperFly featuring Ricky Carmichael,PS2,2002,Racing,THQ,0.14,0.11,0,0.04,0.28
14766,Infinite Stratos 2: Ignition Hearts,PS3,2014,Adventure,5pb,0,0,0.03,0,0.03
6196,Shadows of the Damned,PS3,2011,Action,Electronic Arts,0.11,0.09,0.04,0.04,0.28
7008,Pinball Hall of Fame: The Gottlieb Collection,PSP,2005,Misc,Play It,0.2,0.01,0,0.02,0.23
1613,Frogger: The Great Quest,PS2,2001,Platform,Konami Digital Entertainment,0.6,0.47,0,0.16,1.23
2170,The Witcher 2: Assassins of Kings,PC,2011,Action,Namco Bandai Games,0.25,0.56,0,0.15,0.96
3197,NASCAR 06: Total Team Control,PS2,2005,Racing,Electronic Arts,0.53,0.02,0,0.09,0.63
3763,SpongeBob SquarePants featuring Nicktoons: Globs of Doom,Wii,2008,Action,THQ,0.49,0,0,0.04,0.53
5779,Shaun White Snowboarding,PS2,2008,Sports,Ubisoft,0.15,0.12,0,0.04,0.31
6988,Asphalt: Injection,PSV,2011,Action,Ubisoft,0.14,0.06,0,0.04,0.23
6431,Imagine: Fashion Party,Wii,2009,Simulation,Ubisoft,0.25,0,0,0.02,0.27
15891,Worldwide Soccer Manager 2006,PC,2004,Sports,Sega,0,0.01,0,0,0.02
639,Ice Hockey,NES,1988,Sports,Nintendo,1.27,0.32,0.78,0.05,2.42
9869,Sacred 3,PS3,2014,Role-Playing,Deep Silver,0.03,0.05,0.02,0.02,0.12
7749,Bound By Flame,PS4,2014,Role-Playing,Focus Home Interactive,0.07,0.08,0,0.04,0.19
9499,Smart Boy's Gameroom,DS,2007,Misc,505 Games,0.12,0,0,0.01,0.13
15104,Crazy Machines,Wii,2010,Puzzle,DTP Entertainment,0.01,0.01,0,0,0.02
12572,Record of Lodoss War: Eiyuu Sensou,SCD,1994,Role-Playing,Sega,0,0,0.06,0,0.06
3847,Mission: Impossible,PS,1999,Action,Infogrames,0.29,0.2,0,0.03,0.52
10134,Yu Yu Hakusho: Tournament Tactics,GBA,2004,Strategy,Atari,0.08,0.03,0,0,0.11
10883,SD Gundam G Generation DS,DS,2005,Role-Playing,Namco Bandai Games,0,0,0.09,0,0.09
3023,Spice World,PS,1998,Action,Sony Computer Entertainment,0.37,0.25,0,0.04,0.67
6469,Tomba!,PS,1997,Platform,Sony Computer Entertainment,0.15,0.1,0,0.02,0.26
5405,Harry Potter and the Deathly Hallows - Part 2,PS3,2011,Action,Electronic Arts,0.14,0.15,0,0.05,0.34
11742,Myst,PS,1995,Adventure,Psygnosis,0,0,0.07,0,0.07
9680,Diner Dash: Sizzle & Serve,PSP,2007,Puzzle,Eidos Interactive,0.11,0,0,0.01,0.12
7808,Major League Baseball 2K12,PS3,2012,Sports,Take-Two Interactive,0.18,0,0,0.01,0.19
2829,Ultimate Spider-Man,PS2,2005,Action,Activision,0.6,0.02,0,0.1,0.72
14259,Earthworm Jim 2,GBA,2002,Platform,Vivendi Games,0.02,0.01,0,0,0.03
12706,Blade Dancer: Lineage of Light,PSP,2006,Role-Playing,Atari,0.05,0,0,0,0.06
15451,Uchuu Keiji Tamashii: The Space Sheriff Spirits,PS2,2006,Action,Namco Bandai Games,0,0,0.02,0,0.02
12830,Medabots: Metabee,GBA,2002,Role-Playing,Natsume,0.04,0.01,0,0,0.05
445,Personal Trainer: Cooking,DS,2006,Misc,Nintendo,0.91,1,1.03,0.17,3.12
12441,Kekkon: Marriage,SAT,1995,Adventure,Shogakukan,0,0,0.06,0,0.06
16314,Space Hulk,PSV,2015,Strategy,Funbox Media,0,0.01,0,0,0.01
4296,.hack//Outbreak Part 3,PS2,2002,Role-Playing,Atari,0.14,0.11,0.17,0.04,0.46
1675,WWE 2K16,PS4,2015,Sports,Take-Two Interactive,0.41,0.6,0,0.19,1.2
12058,San Goku Shi Taisen Ten,DS,2008,Strategy,Sega,0,0,0.07,0,0.07
2998,FIFA Soccer 06,XB,2005,Sports,Electronic Arts,0.29,0.38,0,0.01,0.68
6502,Ace Attorney Investigations 2,DS,2011,Adventure,Capcom,0,0,0.26,0,0.26
4993,Fragile Dreams: Farewell Ruins of the Moon,Wii,2009,Role-Playing,Rising Star Games,0.17,0.12,0.06,0.03,0.38
10786,Ar tonelico: Melody of Elemia,PS2,2006,Role-Playing,505 Games,0,0,0.1,0,0.1
15657,Bejeweled Blitz,PC,2010,Puzzle,Mastertronic,0,0.01,0,0,0.02
12591,Broken Sword: The Shadow of the Templars,GBA,2002,Adventure,BAM! Entertainment,0.04,0.02,0,0,0.06
6470,Love Plus,DS,2009,Simulation,Konami Digital Entertainment,0,0,0.26,0,0.26
12813,Sled Shred featuring the Jamaican Bobsled Team,Wii,2010,Sports,SouthPeak Games,0.05,0,0,0,0.06
10680,"Sakura Wars 2: Kimi, Shinitamou koto Nakare",DC,2000,Adventure,Sega,0,0,0.1,0,0.1
10355,Tiger Woods PGA Tour 06,GC,2005,Sports,Electronic Arts,0.08,0.02,0,0,0.11
9846,Slayers,SNES,1994,Role-Playing,Banpresto,0,0,0.12,0,0.12
456,Donkey Kong,GB,1994,Platform,Nintendo,1.57,0.62,0.55,0.34,3.07
11331,Gundam Seed: Battle Assault,GBA,2004,Fighting,Namco Bandai Games,0.06,0.02,0,0,0.08
16038,Kaitou Rousseau,DS,2006,Action,Namco Bandai Games,0,0,0.01,0,0.01
5264,Shrek,XB,2001,Platform,TDK Mediactive,0.25,0.1,0,0.01,0.36
10764,Heatseeker,Wii,2007,Action,Codemasters,0.08,0,0,0.01,0.1
13751,Meteos: Disney Magic,DS,2007,Puzzle,Disney Interactive Studios,0.01,0.02,0,0,0.04
11709,The Hustle: Detroit Streets,PSP,2005,Sports,Deep Silver,0.07,0,0,0.01,0.08
6849,Azurik: Rise of Perathia,XB,2001,Action,Microsoft Game Studios,0.18,0.05,0,0.01,0.24
4540,FIFA 14,Wii,2013,Sports,Electronic Arts,0,0.38,0,0.05,0.43
9797,Rush,PSP,2006,Racing,Midway Games,0.11,0,0,0.01,0.12
2047,Ninja Gaiden II,X360,2008,Action,Tecmo Koei,0.65,0.22,0.05,0.1,1.01
3141,Aliens: Colonial Marines,PS3,2013,Shooter,Sega,0.2,0.31,0,0.13,0.64
7673,Pro Yaky? Spirits 2012,PSP,2012,Sports,Konami Digital Entertainment,0,0,0.2,0,0.2
7469,Yarudora Series Vol. 2: Kisetsu wo Dakishimete,PS,1998,Adventure,Sony Computer Entertainment,0,0,0.19,0.01,0.21
7557,Dragon Ball: Revenge of King Piccolo,Wii,2009,Action,Namco Bandai Games,0.13,0.03,0.03,0.02,0.2
16543,15 Days,PC,2009,Adventure,DTP Entertainment,0,0.01,0,0,0.01
5949,Trace Memory,DS,2005,Adventure,Nintendo,0.15,0.01,0.12,0.01,0.3
13542,Chicken Shoot,GBA,2005,Action,Zoo Digital Publishing,0.03,0.01,0,0,0.04
13231,StarCraft,PC,1998,Strategy,Activision,0,0.04,0,0.01,0.05
16046,Raven's Cry,PS4,2015,Role-Playing,TopWare Interactive,0,0.01,0,0,0.01
3872,Omega Boost,PS,1999,Shooter,Sony Computer Entertainment,0.17,0.11,0.2,0.03,0.52
4277,Madden NFL 12,Wii,2011,Sports,Electronic Arts,0.43,0,0,0.03,0.46
14023,S.T.A.L.K.E.R.: Clear Sky,PC,2008,Shooter,Deep Silver,0,0.03,0,0.01,0.04
11784,Warriors Orochi 3,PSV,2013,Action,Tecmo Koei,0,0,0.07,0,0.07
12414,Pro Evolution Soccer 2017,PS3,2016,Sports,Konami Digital Entertainment,0,0.01,0.04,0,0.06
10289,The Polar Express,GC,2004,Adventure,THQ,0.08,0.02,0,0,0.11
3865,The Punisher,PS2,2005,Action,THQ,0.25,0.2,0,0.07,0.52
1707,Pole Position,2600,1982,Racing,Atari,1.1,0.07,0,0.01,1.18
6841,Stella Glow,3DS,2015,Role-Playing,Atlus,0.16,0.01,0.05,0.02,0.24
12118,Norse by Norsewest: The Return of the Lost Vikings,PS,1997,Action,Interplay,0.04,0.03,0,0,0.07
16088,Road Trip: Shifting Gears,GBA,2002,Racing,Zoo Digital Publishing,0.01,0,0,0,0.01
5929,James Bond 007: Legends,X360,2012,Shooter,Activision,0.13,0.14,0,0.03,0.3
6843,Summon Night 3,PS2,2003,Role-Playing,Banpresto,0,0,0.24,0,0.24
2739,The Godfather II,PS3,2009,Action,Electronic Arts,0.41,0.22,0.01,0.11,0.75
9097,Soukaigi,PS,1998,Role-Playing,SquareSoft,0,0,0.13,0.01,0.14
1843,NBA Jam Tournament Edition,GEN,1994,Sports,Acclaim Entertainment,0.95,0.14,0,0.03,1.11
12180,Destrega,PS,1998,Fighting,Sony Computer Entertainment,0.04,0.03,0,0,0.07
14352,SingStar Fussballhits,PS3,2010,Misc,Sony Computer Entertainment,0,0.02,0,0.01,0.03
9294,Shining Resonance,PS3,2014,Role-Playing,Sega,0,0,0.14,0,0.14
45,Grand Theft Auto V,PS4,2014,Action,Take-Two Interactive,3.8,5.81,0.36,2.02,11.98
3427,Lost: Via Domus,X360,2008,Action,Ubisoft,0.18,0.34,0,0.07,0.59
7189,The Legend of Spyro: The Eternal Night,Wii,2007,Platform,Vivendi Games,0.18,0.02,0,0.02,0.22
4378,Hot Wheels: Stunt Track Challenge,GBA,2004,Racing,THQ,0.32,0.12,0,0.01,0.45
8098,Cabela's Big Game Hunter 2005 Adventures,XB,2004,Sports,Activision,0.13,0.04,0,0.01,0.18
2434,Madden NFL 09 All-Play,Wii,2008,Sports,Electronic Arts,0.78,0.01,0,0.07,0.85
9311,NHL Breakaway 98,PS,1996,Sports,Acclaim Entertainment,0.08,0.05,0,0.01,0.14
9526,Otogi: Myth of Demons,XB,2002,Action,Sega,0.08,0.02,0.03,0,0.13
1391,Doom (2016),PS4,2016,Shooter,Bethesda Softworks,0.49,0.66,0.02,0.22,1.39
10752,Disney Sing It! High School Musical 3: Senior Year,X360,2009,Misc,Disney Interactive Studios,0.09,0,0,0.01,0.1
10256,NHL Rivals 2004,XB,2003,Sports,Microsoft Game Studios,0.08,0.02,0,0,0.11
5139,Wanted: Weapons of Fate,X360,2009,Shooter,Warner Bros. Interactive Entertainment,0.17,0.15,0,0.04,0.37
3075,Napoleon: Total War,PC,2010,Strategy,Sega,0.02,0.52,0,0.12,0.66
9695,Fire ProWrestling S: 6Men Scramble,SAT,1996,Fighting,Human Entertainment,0,0,0.12,0,0.12
10401,Yuusha no Kuse ni Namaikida Or 3D,PSP,2010,Strategy,Sony Computer Entertainment,0,0,0.11,0,0.11
3929,Quantum Break,XOne,2016,Action,Microsoft Game Studios,0.27,0.19,0.01,0.04,0.51
365,LEGO Star Wars: The Video Game,PS2,2005,Action,Eidos Interactive,1.98,1.14,0.01,0.41,3.53
6618,Crusaders of Might and Magic,PS,1999,Role-Playing,3DO,0.14,0.1,0,0.02,0.25
10117,Gun Metal,XB,2002,Shooter,Rage Software,0.08,0.02,0,0,0.11
472,Middle-Earth: Shadow of Mordor,PS4,2014,Action,Warner Bros. Interactive Entertainment,1.01,1.41,0.05,0.53,2.99
7889,Tamagotchi Party On!,Wii,2006,Misc,Namco Bandai Games,0.12,0,0.06,0.01,0.19
6337,NASCAR 06: Total Team Control,XB,2005,Racing,Electronic Arts,0.2,0.06,0,0.01,0.27
9170,Heroes over Europe,X360,2009,Simulation,Ubisoft,0.1,0.03,0,0.01,0.14
10709,Piglet's Big Game,PS2,2003,Platform,Gotham Games,0.05,0.04,0,0.01,0.1
12370,The Amazing Spider-Man 2 (2014),3DS,2014,Action,Activision,0.03,0.03,0,0,0.06
11415,"Hisshou Pachinko*Pachi-Slot Kouryaku Series DS Vol. 2: Shinseiki Evangelion - Shito, Futatabi",DS,2008,Misc,D3Publisher,0,0,0.08,0,0.08
11621,GOTHA: Ismailia Seneki,SAT,1995,Strategy,Sega,0,0,0.08,0,0.08
5962,Front Mission Evolved,PS3,2010,Shooter,Square Enix,0.09,0.07,0.11,0.03,0.29
4631,MLB 08: The Show,PS2,2008,Sports,Sony Computer Entertainment,0.35,0.01,0,0.06,0.42
10304,Rogue Warrior,X360,2009,Shooter,Bethesda Softworks,0.09,0.01,0,0.01,0.11
3192,Tony Hawk's Pro Skater 2x,XB,2001,Sports,Activision,0.41,0.19,0,0.03,0.63
16238,Shitsuji ga Aruji o Erabu Toki,PSV,2016,Adventure,Unknown,0,0,0.01,0,0.01
3545,Wreckless: ThE YaKuza MisSiOns,XB,2002,Racing,Activision,0.42,0.11,0.02,0.02,0.57
2952,Minecraft: Story Mode,PS3,2015,Adventure,Mojang,0.25,0.33,0,0.11,0.69
3374,Front Mission,SNES,1995,Strategy,SquareSoft,0,0,0.6,0,0.6
911,Need for Speed Rivals,PS4,2013,Racing,Electronic Arts,0.73,0.91,0.03,0.22,1.89
16487,Smart Boy's Winter Wonderland,DS,2008,Misc,UFO Interactive,0.01,0,0,0,0.01
12545,Commandos: Strike Force,PS2,2006,Shooter,Eidos Interactive,0.03,0.02,0,0.01,0.06
4771,Borderlands: The Handsome Collection,XOne,2015,Shooter,Take-Two Interactive,0.24,0.13,0,0.04,0.41
9348,King Arthur,PS2,2004,Action,Konami Digital Entertainment,0.07,0.05,0,0.02,0.13
9609,Soccer Tsuku: Pro Soccer Club o Tsukurou!,PS3,2013,Sports,Sega,0,0,0.13,0,0.13
10504,Doko Demo Issho,PSP,2004,Misc,Sony Computer Entertainment,0,0,0.1,0,0.1
3807,Are You Smarter Than A 5th Grader?,DS,2007,Misc,Mindscape,0.48,0,0,0.04,0.53
14572,World of Zoo,PC,2009,Simulation,THQ,0,0.02,0,0.01,0.03
13684,Sonic PC Collection,PC,2009,Misc,Sega,0,0.04,0,0.01,0.04
9055,Mojo!,PS2,2003,Puzzle,Mindscape,0.07,0.05,0,0.02,0.14
4570,Dai-2-Ji Super Robot Taisen Z: Hakai-hen,PSP,2011,Strategy,Banpresto,0,0,0.42,0,0.42
10449,Motocross Mania 3,PS2,2004,Racing,Take-Two Interactive,0.05,0.04,0,0.01,0.1
2471,Duke Nukem Forever,X360,2011,Shooter,Take-Two Interactive,0.52,0.25,0,0.07,0.84
3864,Madden NFL 07,PS3,2006,Sports,Electronic Arts,0.47,0,0.01,0.04,0.52
4978,Evil Dead: Fistfull of Boomstick,PS2,2003,Action,THQ,0.19,0.15,0,0.05,0.38
14462,Freaky Flyers,XB,2003,Racing,Midway Games,0.02,0.01,0,0,0.03
3606,Yu-Gi-Oh! Reshef of Destruction,GBA,2003,Strategy,Konami Digital Entertainment,0.4,0.15,0,0.01,0.56
2631,Yars' Revenge,2600,1982,Shooter,Atari,0.73,0.04,0,0.01,0.78
15881,Dance! It's Your Stage,Wii,N/A,Misc,DTP Entertainment,0,0.01,0,0,0.02
1246,Football Manager 2012,PC,2011,Sports,Sega,0.02,1.16,0,0.34,1.51
16409,The Amazing Spider-Man 2 (2014),PC,2014,Action,Activision,0,0.01,0,0,0.01
2115,Air-Sea Battle,2600,N/A,Shooter,Atari,0.91,0.06,0,0.01,0.98
11738,Party Pigs: Farmyard Games,Wii,2009,Misc,Data Design Interactive,0.07,0,0,0,0.07
7695,Puzzle Challenge: Crosswords and More!,PSP,2006,Puzzle,Crave Entertainment,0.18,0,0,0.01,0.2
7767,Dinotopia: The Timestone Pirates,GBA,2002,Action,TDK Core,0.14,0.05,0,0,0.19
6082,I Spy: Spooky Mansion,Wii,2010,Puzzle,Storm City Games,0.27,0,0,0.02,0.29
7330,Final Fantasy Fables: Chocobo's Dungeon,Wii,2007,Role-Playing,Square Enix,0.09,0,0.11,0.01,0.21
4664,Lord of the Rings: The Third Age,XB,2004,Role-Playing,Electronic Arts,0.31,0.09,0,0.01,0.42
9762,Gundam Memories: Tatakai no Kioku,PSP,2011,Action,Namco Bandai Games,0,0,0.12,0,0.12
5248,Frogs And Flies,2600,1981,Action,Mattel Interactive,0.33,0.02,0,0,0.36
12150,FIFA Soccer 06,GBA,2005,Sports,Electronic Arts,0.05,0.02,0,0,0.07
2639,My Little Pony: Pinkie Pie's Party,DS,2008,Adventure,THQ,0.72,0,0,0.06,0.78
5387,Power Rangers Samurai,Wii,2011,Action,Namco Bandai Games,0.29,0.03,0,0.02,0.34
14035,Power Play Pool,DS,2006,Sports,System 3 Arcade Software,0.03,0,0,0,0.04
4599,Horsez,DS,2006,Simulation,Ubisoft,0.38,0.01,0,0.03,0.42
2735,Band Hero,PS3,2009,Misc,Activision,0.41,0.24,0,0.11,0.75
10595,You Don't Know Jack: Mock 2,PS,2000,Misc,Vivendi Games,0.06,0.04,0,0.01,0.1
1472,NBA 2K14,PS4,2013,Sports,Take-Two Interactive,0.89,0.31,0.01,0.12,1.33
12229,Pro Evolution Soccer 2015,PC,2014,Sports,Konami Digital Entertainment,0,0.06,0,0.01,0.07
11248,Wing Commander IV: The Price of Freedom,PS,1997,Simulation,Origin Systems,0.05,0.03,0,0.01,0.09
3464,Terminator 3: Rise of the Machines,PS2,2003,Action,Atari,0.28,0.22,0,0.07,0.58
4332,The Chronicles of Riddick: Escape from Butcher Bay,XB,N/A,Shooter,Vivendi Games,0.32,0.11,0,0.02,0.45
6736,Littlest Pet Shop: Country Friends,DS,2009,Simulation,Electronic Arts,0.23,0,0,0.02,0.25
7093,Alundra,PS,1997,Role-Playing,Psygnosis,0.13,0.09,0,0.01,0.23
5911,Star Gladiator Episode: I Final Crusade,PS,1996,Fighting,Virgin Interactive,0.07,0.05,0.15,0.02,0.3
7709,The Thing,XB,2002,Adventure,Vivendi Games,0.15,0.04,0,0.01,0.2
9613,Drome Racers,PS2,2002,Racing,Electronic Arts,0.06,0.05,0,0.02,0.13
9029,Casper: Spirit Dimensions,PS2,2001,Platform,TDK Mediactive,0.07,0.05,0,0.02,0.14
210,Pokemon Mystery Dungeon: Explorers of Time/Explorers of Darkness,DS,2007,Role-Playing,Nintendo,1.85,1.2,1.54,0.37,4.96
11156,Digimon World 4,GC,2005,Role-Playing,Namco Bandai Games,0.07,0.02,0,0,0.09
749,ATV Offroad Fury 2,PS2,2002,Racing,THQ,1.92,0.2,0,0.06,2.18
8447,Apache: Air Assault,X360,2010,Simulation,Activision,0.12,0.04,0,0.01,0.17
9253,Bejeweled 3,X360,N/A,Puzzle,Unknown,0.13,0,0,0.01,0.14
7913,Gallop Racer,PS,1999,Sports,Tecmo Koei,0,0,0.18,0.01,0.19
16055,SoulLink Extension,PS2,2006,Adventure,Interchannel,0,0,0.01,0,0.01
4826,The Legend of Spyro: Dawn of the Dragon,PS2,2008,Platform,Vivendi Games,0.12,0.01,0,0.27,0.4
5189,Spider-Man: Shattered Dimensions,X360,2010,Action,Activision,0.24,0.09,0,0.03,0.36
2517,Amped: Freestyle Snowboarding,XB,2001,Sports,Microsoft Game Studios,0.69,0.11,0,0.02,0.82
4063,Football Manager Handheld 2009,PSP,2008,Sports,Sega,0,0.47,0,0.02,0.49
15960,Simple DS Series Vol. 42: The Haioku Byoutou,DS,2008,Adventure,D3Publisher,0,0,0.02,0,0.02
2092,LEGO Pirates of the Caribbean: The Video Game,PS3,2011,Action,Disney Interactive Studios,0.36,0.46,0,0.17,0.99
2746,Zone of the Enders,PS2,2001,Shooter,Konami Digital Entertainment,0.3,0.24,0.13,0.08,0.75
4311,Thief (2014),XOne,2014,Action,Square Enix,0.26,0.15,0,0.04,0.45
12121,Sega Soccer Slam,GC,2002,Sports,Sega,0.05,0.01,0,0,0.07
4591,Crash: Mind Over Mutant,DS,2008,Platform,Vivendi Games,0.39,0,0,0.03,0.42
10440,Jikkyou Powerful Pro Yakyuu 10,GC,2003,Sports,Konami Digital Entertainment,0,0,0.1,0,0.1
10086,Batman: Rise of Sin Tzu,XB,2003,Action,Ubisoft,0.08,0.02,0,0,0.11
11502,Man vs. Wild,PS3,2010,Action,Abylight,0.07,0,0,0.01,0.08
3153,X2: Wolverine's Revenge,PS2,2003,Platform,Activision,0.31,0.24,0,0.08,0.64
4157,Street Fighter X Tekken,X360,2012,Fighting,Capcom,0.31,0.1,0.03,0.03,0.47
6549,Legaia 2: Duel Saga,PS2,2001,Role-Playing,Eidos Interactive,0.13,0.1,0,0.03,0.26
4084,Scene It? Lights Camera Action,X360,2007,Misc,Microsoft Game Studios,0.43,0.02,0,0.04,0.48
7007,All-Star Baseball 2001,N64,2000,Sports,Acclaim Entertainment,0.22,0.01,0,0,0.23
6747,Cradle of Rome,DS,2008,Puzzle,Rising Star Games,0.06,0.16,0,0.03,0.25
14958,Naruto Shippuden: Ultimate Ninja Storm Collection,PS3,2016,Action,Namco Bandai Games,0,0.02,0,0,0.02
14279,.hack: Sekai no Mukou ni + Versus,PS3,2012,Action,Namco Bandai Games,0,0,0.03,0,0.03
16428,Akatsuki no Goei Trinity,PSP,2012,Adventure,5pb,0,0,0.01,0,0.01
4715,Six Flags Fun Park,Wii,2009,Misc,Ubisoft,0.28,0.1,0,0.04,0.41
11196,Forgotten Realms: Demon Stone,XB,2004,Action,Atari,0.06,0.02,0,0,0.09
15851,Joint Operations: Combined Arms,PC,2009,Shooter,NovaLogic,0.01,0,0,0,0.02
14281,Disney Sports Soccer,GC,2002,Sports,Konami Digital Entertainment,0.03,0.01,0,0,0.03
12750,Dr. Muto,XB,2002,Platform,Midway Games,0.04,0.01,0,0,0.06
15385,Silent Bomber,PS,1999,Action,Virgin Interactive,0.01,0.01,0,0,0.02
1604,[Prototype],PS3,2009,Action,Activision,0.65,0.41,0,0.19,1.24
8059,Metal Gear Ac!d 2,PSP,2005,Strategy,Konami Digital Entertainment,0.11,0.01,0.05,0.01,0.18
10861,Rygar: The Battle of Argus,Wii,2008,Action,Rising Star Games,0.09,0,0,0.01,0.09
16109,Higurashi no Naku Koro ni Iki,PS3,2015,Action,Kaga Create,0,0,0.01,0,0.01
14188,Teenage Mutant Ninja Turtles: Mutants in Manhattan,XOne,2016,Action,Activision,0.02,0.01,0,0,0.03
13495,Boktai 2: Solar Boy Django,GBA,2004,Role-Playing,Konami Digital Entertainment,0.03,0.01,0,0,0.04
2,Super Mario Bros.,NES,1985,Platform,Nintendo,29.08,3.58,6.81,0.77,40.24
266,Metal Gear Solid 3: Snake Eater,PS2,2004,Action,Konami Digital Entertainment,1.46,0,0.83,1.93,4.23
8647,Just Sing!,DS,2009,Misc,DTP Entertainment,0.14,0.01,0,0.01,0.16
926,Madden NFL 06,XB,2005,Sports,Electronic Arts,1.75,0.03,0,0.08,1.86
3149,XCOM: Enemy Unknown,X360,2012,Strategy,Take-Two Interactive,0.36,0.23,0,0.05,0.64
12986,Otogi 2: Immortal Warriors,XB,2003,Action,Sega,0.04,0.01,0,0,0.05
6436,Atelier Ayesha: The Alchemist of Dusk,PS3,2012,Role-Playing,Tecmo Koei,0.06,0.04,0.14,0.02,0.27
3663,Tony Hawk's Pro Skater 3,XB,2002,Sports,Activision,0.34,0.18,0,0.02,0.55
14184,Jikkyou Powerful Pro Yakyuu Wii Ketteiban,Wii,2007,Sports,Konami Digital Entertainment,0,0,0.03,0,0.03
15122,Minna no Chizu 2,PSP,2007,Misc,Zenrin,0,0,0.02,0,0.02
15074,Thomas and Friends: Steaming around Sodor,3DS,2015,Action,Avanquest Software,0,0.02,0,0,0.02
11537,Bleach: Erabareshi Tamashii,PS2,2005,Adventure,Sony Computer Entertainment,0,0,0.08,0,0.08
14261,Tamagotchi no Doki Doki Dream Omisecchi,3DS,2013,Simulation,Namco Bandai Games,0,0,0.03,0,0.03
3339,Shadow The Hedgehog,PS2,2005,Platform,Sega,0.5,0.02,0,0.08,0.6
234,Mario & Sonic at the Olympic Winter Games,Wii,2009,Sports,Sega,1.89,1.99,0.22,0.48,4.58
1846,Legend of Mana,PS,1999,Role-Playing,SquareSoft,0.18,0.13,0.73,0.07,1.11
13601,Challenge Me: Maths Workout,DS,2009,Puzzle,Oxygen Interactive,0.04,0,0,0,0.04
4499,Madden NFL 2002,N64,2001,Sports,Electronic Arts,0.41,0.02,0,0,0.43
635,The Sims: Bustin' Out,PS2,2003,Simulation,Electronic Arts,1.07,1.19,0,0.18,2.43
11800,Smashing Drive,GC,N/A,Racing,Unknown,0.06,0.01,0,0,0.07
3217,X-Man,2600,1982,Action,Universal Gamex,0.58,0.04,0,0.01,0.63
4713,E0: Enemy Zero,SAT,1996,Adventure,Sega,0,0,0.41,0,0.41
14936,Pharaoh,PC,1998,Strategy,Vivendi Games,0,0.02,0,0,0.02
11128,Dreamer Series: Teacher,DS,2009,Simulation,Deep Silver,0.08,0,0,0.01,0.09
15890,Romance of the Three Kingdoms XII,WiiU,2012,Strategy,Tecmo Koei,0,0,0.02,0,0.02
12108,The Powerpuff Girls: Relish Rampage,GC,2002,Action,BAM! Entertainment,0.05,0.01,0,0,0.07
12484,Disney Sports Skateboarding,GC,2002,Sports,Konami Digital Entertainment,0.05,0.01,0,0,0.06
10784,Touch Mechanic,DS,2008,Simulation,Nintendo,0.09,0,0,0.01,0.1
9669,Charm Girls Club: My Fashion Mall,DS,N/A,Simulation,Unknown,0.12,0,0,0.01,0.12
4248,Tak 2: The Staff of Dreams,GBA,2004,Platform,THQ,0.33,0.12,0,0.01,0.46
3835,Final Fantasy Chronicles,PS,2001,Role-Playing,Square,0.29,0.2,0,0.03,0.52
2116,Suikoden III,PS2,N/A,Role-Playing,Unknown,0.29,0.23,0.38,0.08,0.98
11305,Elebits: The Adventures of Kai and Zero,DS,2008,Adventure,Konami Digital Entertainment,0.07,0,0,0.01,0.08
1964,Warhawk,PS3,2007,Simulation,Sony Computer Entertainment,0.49,0.39,0,0.17,1.06
7616,Tigger's Honey Hunt,N64,2000,Platform,Ubisoft,0.16,0.04,0,0,0.2
6143,Assassin's Creed II: Discovery,DS,2009,Action,Ubisoft,0.15,0.11,0,0.03,0.28
3991,Star Wars: Clone Wars,PS2,2002,Shooter,LucasArts,0.24,0.19,0,0.06,0.5
5362,Conan,PS3,2007,Action,THQ,0.13,0.15,0,0.06,0.34
4752,Marvel: Ultimate Alliance,Wii,2006,Role-Playing,Activision,0.37,0.01,0,0.03,0.41
14212,Makai Senki Disgaea Portable: Tsuushin Taisen Hajime Mashita,PSP,2007,Role-Playing,Nippon Ichi Software,0,0,0.03,0,0.03
9305,Guilty Gear,PS,1998,Fighting,Virgin Interactive,0.03,0.02,0.07,0.01,0.14
12343,Growlanser IV: Over Reloaded,PSP,2011,Role-Playing,Atlus,0,0,0.06,0,0.06
10187,Project: Snowblind,XB,2005,Action,Eidos Interactive,0.08,0.02,0,0,0.11
2257,Wipeout: In The Zone,X360,2011,Misc,Activision,0.87,0,0,0.05,0.92
9411,Scene It? Bright Lights! Big Screen!,PS3,2009,Misc,Warner Bros. Interactive Entertainment,0.1,0.01,0,0.01,0.13
3363,International Superstar Soccer 64,N64,1997,Sports,Konami Digital Entertainment,0.09,0.26,0.23,0.02,0.6
12009,Tecmo's Deception,PS,1996,Role-Playing,Sunsoft,0.04,0.03,0,0,0.07
13649,Hitman (2016),PS4,2016,Action,Square Enix,0,0.04,0,0.01,0.04
12393,There,PS,2002,Simulation,Infogrames,0.03,0.02,0,0,0.06
10235,GunGriffon Blaze,PS2,2000,Simulation,Swing! Entertainment,0.05,0.04,0,0.01,0.11
15213,Winter Sports 2011,X360,2011,Sports,DTP Entertainment,0,0.02,0,0,0.02
6547,Loving Life with Hello Kitty & Friends,DS,2011,Misc,Rising Star Games,0.15,0.08,0,0.02,0.26
9065,Super Dodgeball Brawlers,DS,2008,Sports,Arc System Works,0.13,0,0,0.01,0.14
2865,Virtua Fighter 4: Evolution,PS2,2003,Fighting,Sega,0.35,0.27,0,0.09,0.71
15941,Space Invaders Revolution,DS,2005,Shooter,Rising Star Games,0.01,0,0,0,0.02
14160,Harukanaru Toki no Naka de Yumenoukihashi Special,PS2,2009,Adventure,Tecmo Koei,0,0,0.03,0,0.03
15836,Kao the Kangaroo Round 2,GC,2005,Platform,JoWood Productions,0.01,0,0,0,0.02
7320,Steins;Gate,PSV,2013,Adventure,PQube,0.07,0.09,0,0.05,0.21
8043,Shape Up,XOne,2014,Misc,Ubisoft,0.08,0.09,0,0.01,0.18
10002,A Witch's Tale,DS,2009,Role-Playing,Nippon Ichi Software,0.08,0,0.03,0.01,0.11
8247,Super Robot Taisen L,DS,2010,Strategy,Namco Bandai Games,0,0,0.17,0,0.17
13550,Casual Mania!,DS,2010,Puzzle,Foreign Media Games,0.04,0,0,0,0.04
4789,Overlord,X360,2007,Strategy,Codemasters,0.34,0.03,0.01,0.03,0.4
8347,Major League Baseball 2K9,PS2,2009,Sports,Spike,0.08,0.06,0,0.02,0.17
3491,Tenchu 2: Birth of the Stealth Assassins,PS,2000,Action,Activision,0.32,0.22,0,0.04,0.58
11683,World Party Games,Wii,2009,Misc,505 Games,0.07,0,0,0.01,0.08
15008,11eyes: CrossOver,X360,2009,Adventure,5pb,0,0,0.02,0,0.02
12683,Jumble Madness,DS,2009,Puzzle,Destineer,0.06,0,0,0,0.06
12693,Aquarium by DS,DS,2008,Simulation,Mercury Games,0.05,0,0,0,0.06
3279,Tomb Raider III: Adventures of Lara Croft,PC,1998,Action,Eidos Interactive,0.59,0.03,0,0,0.62
2272,Lost Odyssey,X360,2007,Role-Playing,Microsoft Game Studios,0.45,0.27,0.11,0.09,0.92
7369,MVP Baseball,PSP,2005,Sports,Electronic Arts,0.2,0,0,0.02,0.21
14492,Lux-Pain (JP sales),DS,2008,Adventure,Rising Star Games,0,0,0.03,0,0.03
6992,World Series Baseball,XB,2002,Sports,Sega,0.17,0.05,0,0.01,0.23
6065,Feel the Magic XY/XX,DS,2004,Puzzle,Sega,0.17,0,0.1,0.02,0.29
13971,Garfield: The Search for Pooky,GBA,2003,Platform,Game Factory,0.03,0.01,0,0,0.04
4516,MLB 2002,PS,2001,Sports,Sony Computer Entertainment,0.24,0.16,0,0.03,0.43
535,NBA Street,PS2,2001,Sports,Electronic Arts,2.19,0.22,0,0.38,2.79
5243,Chicken Shoot,Wii,2007,Action,Zoo Digital Publishing,0.33,0.01,0,0.02,0.36
16505,Naraku no Shiro,PS2,2008,Adventure,Nippon Ichi Software,0,0,0.01,0,0.01
16431,Aladdin Magic Racer,Wii,2011,Racing,Big Ben Interactive,0.01,0,0,0,0.01
7662,NFL Street 2,GC,2004,Sports,Electronic Arts,0.15,0.04,0,0.01,0.2
4672,Cyber Troopers Virtual-On,SAT,1995,Fighting,Sega,0,0,0.42,0,0.42
3334,Call of Juarez: Bound in Blood,X360,2009,Shooter,Ubisoft,0.3,0.24,0,0.06,0.61
9813,Gundam Breaker 3,PSV,2016,Action,Namco Bandai Games,0,0,0.12,0,0.12
8921,Fugitive Hunter: War on Terror,PS2,2003,Shooter,Play It,0.07,0.06,0,0.02,0.15
5476,Deus Ex: Invisible War,XB,2003,Shooter,Eidos Interactive,0.25,0.07,0,0.01,0.33
3958,Tiger Woods PGA Tour 07,PS3,2006,Sports,Electronic Arts,0.31,0.12,0,0.07,0.5
3261,Beetle Adventure Racing!,N64,1999,Racing,Electronic Arts,0.4,0.2,0,0.02,0.62
7668,Bleach: The 3rd Phantom,DS,2008,Role-Playing,Sega,0.1,0.02,0.07,0.01,0.2
15835,I Love Horses: Rider's Paradise,Wii,2010,Simulation,Destineer,0.02,0,0,0,0.02
11182,Fire Pro Wrestling Returns,PS2,2005,Sports,505 Games,0.04,0.03,0,0.01,0.09
8703,Space Camp,DS,2009,Action,Activision,0.14,0,0,0.01,0.16
436,Animal Crossing,GC,2001,Simulation,Nintendo,1.92,0.16,0.99,0.09,3.15
5526,Disgaea: Hour of Darkness,PS2,2003,Role-Playing,Tecmo Koei,0.16,0.13,0,0.04,0.33
11436,Pop'n Music,Wii,2009,Misc,Konami Digital Entertainment,0.07,0,0,0.01,0.08
13280,Monster Hunter Frontier Online,PS3,N/A,Role-Playing,N/A,0,0,0.05,0,0.05
8441,Splatterhouse,PS3,N/A,Action,Namco Bandai Games,0.13,0.02,0,0.02,0.17
8986,Making History: The Great War,Wii,2010,Strategy,Namco Bandai Games,0,0,0.15,0,0.15
621,Resistance 2,PS3,2008,Shooter,Sony Computer Entertainment,1.15,0.85,0.1,0.39,2.48
3415,Ready 2 Rumble Boxing,N64,1999,Sports,Midway Games,0.47,0.11,0,0.01,0.59
16003,Smart Kid's Mega Game Mix,DS,2009,Misc,UFO Interactive,0.01,0,0,0,0.01
5218,Hamster Club 3,GBA,2002,Simulation,Jorudan,0,0,0.35,0.01,0.36
10433,Kenka Bancho Bros: Tokyo Battle Royale,PSP,2012,Action,Spike,0,0,0.1,0,0.1
15027,Are You Alice?,PSP,2011,Adventure,Idea Factory,0,0,0.02,0,0.02
9356,Shonen Jump's One Piece: Grand Battle,PS2,2005,Fighting,Atari,0.07,0.05,0,0.02,0.13
13251,Taito Legends,XB,2005,Misc,Empire Interactive,0.04,0.01,0,0,0.05
8446,Dragon Ball: Fusions,3DS,2016,Role-Playing,Namco Bandai Games,0,0,0.17,0,0.17
9454,No Fear Downhill Mountain Biking,PS,1998,Sports,Codemasters,0.07,0.05,0,0.01,0.13
11744,Mega Man Legacy Collection,PS4,2016,Platform,Capcom,0.06,0,0,0.01,0.07
12466,Kurupoto Cool Cool Stars,DS,2007,Action,Starfish,0.06,0,0,0,0.06
1030,Harry Potter and the Sorcerer's Stone,GB,2001,Action,Electronic Arts,0.94,0.62,0.1,0.07,1.73
1170,Wolfenstein: The New Order,PS4,2014,Shooter,Bethesda Softworks,0.47,0.8,0.03,0.29,1.58
880,Who wants to be a millionaire,PC,1999,Misc,Disney Interactive Studios,1.94,0,0,0,1.94
10243,Frogger: Helmet Chaos,PSP,2005,Platform,Konami Digital Entertainment,0.1,0,0,0.01,0.11
10832,Rock Band Country Track Pack 2,Wii,2011,Misc,MTV Games,0.09,0,0,0.01,0.09
1297,Disney Princess: Magical Jewels,DS,2007,Adventure,Disney Interactive Studios,1.15,0.2,0,0.12,1.47
10226,Thief (2014),PC,2014,Action,Square Enix,0,0.09,0,0.02,0.11
1700,FIFA 14,XOne,2013,Sports,Electronic Arts,0.41,0.66,0,0.12,1.19
644,Minecraft,XOne,2014,Misc,Microsoft Game Studios,1.43,0.76,0,0.22,2.41
9285,Nitrobike,Wii,2008,Racing,Ubisoft,0.11,0.01,0,0.01,0.14
8262,The Hobbit,GC,2003,Platform,Vivendi Games,0.13,0.03,0,0,0.17
10847,Crash 'N' Burn,XB,2004,Racing,Eidos Interactive,0.07,0.02,0,0,0.09
564,Final Fantasy XIII-2,PS3,2011,Role-Playing,Square Enix,0.78,0.75,0.89,0.26,2.68
5404,Leisure Suit Larry: Magna Cum Laude,PS2,2004,Adventure,Vivendi Games,0.17,0.13,0,0.04,0.34
12897,Major Minor's Majestic March,Wii,2009,Misc,Majesco Entertainment,0.05,0,0,0,0.05
8550,NPPL: Championship Paintball 2009,PS3,2008,Shooter,Activision Value,0.15,0,0,0.01,0.16
15756,Memories Off: Yubikiri no Kikou,PSP,2011,Adventure,5pb,0,0,0.02,0,0.02
3116,Fire Emblem: Shadow Dragon,DS,2008,Role-Playing,Nintendo,0.31,0.03,0.27,0.03,0.65
7959,Bubsy 3D,PS,1996,Platform,Accolade,0.1,0.07,0,0.01,0.19
16551,Hakuoki: Reimeiroku - Omouhase Kara,PSV,2015,Action,Idea Factory,0,0,0.01,0,0.01
13966,Bubble Bobble Double Shot,DS,2007,Puzzle,Rising Star Games,0.03,0,0,0,0.04
13083,Steins;Gate 0,PSV,2015,Adventure,PQube,0,0,0.05,0,0.05
839,1080°: TenEighty Snowboarding,N64,1998,Sports,Nintendo,1.25,0.61,0.13,0.05,2.03
3129,Super Robot Taisen Impact,PS2,2002,Strategy,Banpresto,0,0,0.65,0,0.65
474,The Sims: Livin Large,PC,2000,Misc,Electronic Arts,1.67,1.18,0,0.13,2.99
10741,Retro Game Challenge (US sales),DS,2007,Action,Namco Bandai Games,0.1,0,0,0,0.1
10730,Cubic Ninja,3DS,2011,Platform,Ubisoft,0.05,0.04,0,0.01,0.1
1994,Disney Tangled,DS,2010,Action,Disney Interactive Studios,0.58,0.37,0,0.09,1.04
1118,Tom Clancy's Rainbow Six,PS,1999,Shooter,Red Storm Entertainment,0.93,0.63,0,0.08,1.64
5208,Tetrisphere,N64,1997,Puzzle,Nintendo,0.29,0.06,0,0,0.36
486,SOCOM II: U.S. Navy SEALs,PS2,2003,Shooter,Sony Computer Entertainment,2.22,0.51,0.06,0.15,2.94
13983,Doraemon: Shin Nobita no Nihon Tanjou,3DS,2016,Misc,FuRyu,0,0,0.04,0,0.04
4560,Petz: Horsez 2,Wii,2007,Simulation,Ubisoft,0.39,0,0,0.03,0.43
6471,Tales of Innocence,DS,2007,Role-Playing,Namco Bandai Games,0,0,0.26,0,0.26
7843,SpongeBob's Surf & Skate Roadtrip,X360,2011,Action,THQ,0.15,0.03,0,0.01,0.19
8490,F1 Championship Season 2000,PS2,2000,Racing,Electronic Arts,0.06,0.05,0.03,0.02,0.16
8428,Street Fighter Alpha 2,SNES,1996,Fighting,Nintendo,0,0,0.17,0,0.17
2850,Driver: San Francisco,X360,2011,Racing,Ubisoft,0.25,0.39,0,0.08,0.72
11424,C.O.P.: The Recruit,DS,2009,Action,Ubisoft,0.05,0.02,0,0.01,0.08
6050,Operation Flashpoint: Red River,X360,2011,Shooter,Codemasters,0.1,0.15,0.01,0.03,0.29
13639,Torino 2006,XB,2006,Sports,Take-Two Interactive,0.03,0.01,0,0,0.04
5472,Naruto: Rise of a Ninja,X360,2007,Action,Ubisoft,0.29,0.02,0,0.03,0.33
2922,Skylanders: Trap Team,WiiU,2014,Action,Activision,0.39,0.25,0,0.06,0.7
6662,Just Dance Kids 2,PS3,2011,Misc,Ubisoft,0.1,0.1,0,0.04,0.25
6254,R.U.S.E.,PC,2010,Strategy,Ubisoft,0.04,0.19,0,0.05,0.28
14595,Grid Runner,PS,1996,Action,Virgin Interactive,0.02,0.01,0,0,0.03
3050,The Sims 3: High-End Loft Stuff,PC,2010,Simulation,Electronic Arts,0.01,0.53,0,0.12,0.67
4349,Spider-Man: Shattered Dimensions,PS3,2010,Action,Activision,0.26,0.13,0,0.06,0.45
14199,Mashiro Iro Symphony: *mutsu-no-hana,PSP,2011,Adventure,Comfort,0,0,0.03,0,0.03
2262,Assassin's Creed,PC,2008,Adventure,Ubisoft,0.01,0.83,0,0.08,0.92
13763,Imabikisou,PS3,2007,Adventure,Sega,0,0,0.04,0,0.04
9719,The King of Fighters '94,NG,1994,Fighting,SNK,0,0,0.12,0,0.12
8890,All-Star Baseball 2003,GBA,2002,Sports,Acclaim Entertainment,0.11,0.04,0,0,0.15
11649,Urban Reign,PS2,2005,Action,Namco Bandai Games,0.04,0.03,0,0.01,0.08
12378,Di-Gata Defenders,DS,2008,Role-Playing,Game Factory,0.06,0,0,0,0.06
1042,The Sims 3: Late Night Expansion Pack,PC,2010,Simulation,Electronic Arts,0.59,0.87,0,0.25,1.71
5521,Phineas and Ferb: Across the 2nd Dimension,PS3,2011,Action,Disney Interactive Studios,0.15,0.12,0,0.05,0.33
7436,Disgaea D2: A Brighter Darkness,PS3,2013,Role-Playing,Nippon Ichi Software,0.09,0,0.1,0.01,0.21
14734,Dave Mirra Freestyle BMX 3,GBA,2002,Sports,Acclaim Entertainment,0.02,0.01,0,0,0.03
14207,Red Faction: Guerrilla,PC,2009,Shooter,THQ,0,0.03,0,0.01,0.03
12867,Sega Soccer Slam,XB,2002,Sports,Sega,0.04,0.01,0,0,0.05
3961,Monster Hunter Freedom 2,PS3,2011,Role-Playing,Capcom,0,0,0.5,0,0.5
432,LEGO Batman: The Videogame,Wii,N/A,Action,Warner Bros. Interactive Entertainment,1.86,1.02,0,0.29,3.17
3520,Enslaved: Odyssey to the West,PS3,2010,Action,Namco Bandai Games,0.24,0.24,0.01,0.09,0.57
2857,Crysis,PC,2007,Shooter,Electronic Arts,0,0.69,0,0.03,0.72
2678,My Baby Girl,DS,2008,Simulation,Nobilis,0.61,0.1,0,0.06,0.77
11911,James Cameron's Dark Angel,XB,2002,Action,Vivendi Games,0.05,0.02,0,0,0.07
2449,Burnout 2: Point of Impact,PS2,2002,Racing,Acclaim Entertainment,0.42,0.32,0,0.11,0.85
15152,NFL Blitz Pro,GC,2003,Sports,Midway Games,0.02,0,0,0,0.02
15306,Robotics;Notes,X360,2012,Adventure,5pb,0,0,0.02,0,0.02
15695,Syberia II,PC,2004,Adventure,MC2 Entertainment,0,0.01,0,0,0.02
10013,Karaoke Revolution Presents American Idol Encore 2,PS3,2008,Misc,Konami Digital Entertainment,0.11,0,0,0.01,0.11
10189,HOP,DS,2011,Platform,505 Games,0.09,0.01,0,0.01,0.11
8122,World of Outlaws: Sprint Cars,X360,2010,Racing,THQ,0.17,0,0,0.01,0.18
13099,Kinnikuman Muscle Grand Prix Max,PS2,2006,Fighting,Konami Digital Entertainment,0,0,0.05,0,0.05
10929,U-Sing  2,Wii,2010,Misc,Mindscape,0,0.08,0,0.01,0.09
175,Final Fantasy X-2,PS2,2003,Role-Playing,Electronic Arts,1.92,1.08,2.11,0.17,5.29
11266,Natural Doctrine,PSV,2014,Role-Playing,Nippon Ichi Software,0.03,0.02,0.03,0.01,0.08
11925,Itoi Shigesato no Bass Tsuri No. 1 Ketteihan!,N64,2000,Sports,Nintendo,0,0,0.07,0,0.07
9808,Gallop Racer 2000,PS,2000,Sports,Tecmo Koei,0,0,0.11,0.01,0.12
8754,Jewel Quest Solitaire,DS,2009,Puzzle,GSP,0,0.14,0,0.02,0.15
6494,Need for Speed: Most Wanted,GBA,2005,Racing,Electronic Arts,0.19,0.07,0,0,0.26
7115,101-in-1 Party Megamix Wii,Wii,2009,Misc,Nordcurrent,0.19,0.01,0,0.02,0.23
768,Demon Attack,2600,1981,Shooter,Imagic,1.99,0.12,0,0.02,2.13
6229,Mass Effect 3,WiiU,2012,Role-Playing,Electronic Arts,0.14,0.11,0,0.02,0.28
15880,Daito Giken Koushiki Pachi-Slot Simulator: Ossu! Misao + Maguro Densetsu Portable,PSP,2010,Misc,Paon,0,0,0.02,0,0.02
3588,NASCAR Rumble,PS,2000,Racing,Electronic Arts,0.31,0.21,0,0.04,0.56
7656,Grandia II,DC,2000,Role-Playing,Ubisoft,0,0,0.2,0,0.2
8543,DS Rakubiki Jiten,DS,2005,Misc,Nintendo,0,0,0.16,0,0.16
8147,Atari Anniversary Edition Redux,PS,2000,Misc,Infogrames,0.1,0.07,0,0.01,0.18
7789,New Love Plus,3DS,2012,Simulation,Konami Digital Entertainment,0,0,0.19,0,0.19
3235,MySims Racing,DS,2009,Racing,Electronic Arts,0.26,0.29,0,0.07,0.63
13580,SX Superstar,XB,2003,Racing,Acclaim Entertainment,0.03,0.01,0,0,0.04
13929,Taikou Risshiden V,PSP,2009,Strategy,Tecmo Koei,0,0,0.04,0,0.04
12115,Dragoneer's Aria,PSP,2007,Role-Playing,Tecmo Koei,0.02,0,0.05,0,0.07
