Rank,Name,Platform,Year,Genre,Publisher,NA_Sales,EU_Sales,JP_Sales,Other_Sales,Global_Sales
12306,Hisshou Pachinko*Pachi-Slot Kouryaku Series Vol. 14: CR Shinseiki Evangelion: Saigo no Mono,PS2,2009,Misc,D3Publisher,0,0,0.06,0,0.06
13642,Tabi no Yubisashi Kaiwachou DS: DS Series 5 Deutsch,DS,2006,Misc,Nintendo,0,0,0.04,0,0.04
14109,Marines: Modern Urban Combat,Wii,2010,Shooter,O-Games,0.03,0,0,0,0.03
5630,Prince of Persia: The Sands of Time,GC,2003,Action,Ubisoft,0.25,0.06,0,0.01,0.32
181,Dragon Quest VIII: Journey of the Cursed King,PS2,2004,Role-Playing,Square Enix,0.65,0.75,3.61,0.2,5.21
5597,LEGO Marvel's Avengers,XOne,2016,Action,Warner Bros. Interactive Entertainment,0.18,0.11,0,0.03,0.32
13384,Test Drive Le Mans,PS,1999,Racing,Infogrames,0.03,0.02,0,0,0.05
14790,Hermie Hopperhead: Scrap Panic,PS,1995,Platform,Sony Computer Entertainment,0,0,0.02,0,0.03
10142,MLB Power Pros,PS2,2007,Sports,Konami Digital Entertainment,0,0,0.11,0,0.11
6453,Create,Wii,2010,Action,Electronic Arts,0.22,0.03,0,0.02,0.26
11375,Super Monkey Ball Adventure,PSP,2006,Platform,Sega,0.05,0.02,0,0.01,0.08
2004,Jeremy McGrath Supercross 98,PS,1998,Racing,Acclaim Entertainment,0.91,0.1,0,0.03,1.04
12042,Crayon Shin-Chan: Densetsu o Yobu Omake no To Shukkugaan!,GBA,2006,Action,Banpresto,0,0,0.07,0,0.07
9117,Scooby-Doo! Night of 100 Frights,XB,2003,Platform,THQ,0.11,0.03,0,0.01,0.14
9116,Arctic Tale,DS,2007,Adventure,Zoo Digital Publishing,0.13,0,0,0.01,0.14
1967,Cosmic Ark,2600,1981,Shooter,Imagic,0.99,0.05,0,0.01,1.05
7440,Shrek: Reekin' Havoc,GBA,2003,Platform,TDK Mediactive,0.15,0.06,0,0,0.21
2313,Madden NFL 99,N64,1998,Sports,Electronic Arts,0.84,0.05,0,0.01,0.9
9257,Happy Feet,Wii,2006,Action,Midway Games,0.12,0,0,0.01,0.14
2282,Tokyo Xtreme Racer 3,PS2,2003,Racing,Genki,0.35,0.27,0.21,0.09,0.91
15834,LifeSigns: Surgical Unit,DS,2005,Simulation,JoWood Productions,0.01,0.01,0,0,0.02
11891,Speed,Wii,2010,Racing,Unknown,0.04,0.02,0,0.01,0.07
11956,Open Season,Wii,2006,Platform,Ubisoft,0.06,0,0,0.01,0.07
5785,Midway Arcade Treasures 2,XB,2004,Misc,Midway Games,0.24,0.05,0,0.01,0.31
7806,Conflict: Denied Ops,PS3,2008,Shooter,Eidos Interactive,0.05,0.1,0,0.03,0.19
3233,LEGO Jurassic World,XOne,2015,Action,Warner Bros. Interactive Entertainment,0.35,0.22,0,0.06,0.63
3706,Michael Jackson: The Experience,PS3,2011,Misc,Ubisoft,0.25,0.2,0,0.08,0.54
4373,Tekken Advance,GBA,2001,Fighting,Infogrames,0.32,0.12,0,0.01,0.45
11366,Strider 2,PS,2000,Platform,Virgin Interactive,0.05,0.03,0,0.01,0.08
11093,Sidewinder Max,PS2,2000,Simulation,Asmik Ace Entertainment,0,0,0.09,0,0.09
8495,Robotech: Battlecry,GC,2002,Shooter,TDK Mediactive,0.13,0.03,0,0,0.16
8818,Serious Sam,XB,2002,Shooter,Take-Two Interactive,0.11,0.03,0,0.01,0.15
15584,Niko Puchi Girls Runway,3DS,2015,Misc,Happinet,0,0,0.02,0,0.02
12840,Unsolved Crimes,DS,2008,Adventure,Empire Interactive,0.04,0.01,0,0,0.05
6611,Combination Pro Soccer: J-League no Kantoku ni Natte Sekai wo Mezase!!,PS,1998,Sports,Axela,0,0,0.24,0.02,0.25
705,Borderlands 2,PS3,2012,Shooter,Take-Two Interactive,1.05,0.77,0.1,0.36,2.28
12719,Wantame Fortune Channel,DS,2007,Misc,Capcom,0,0,0.06,0,0.06
3274,Pac-Man Player's Choice Bundle,GC,2003,Misc,Namco Bandai Games,0.48,0.12,0,0.02,0.62
5491,Legends of Wrestling II,PS2,2002,Fighting,Acclaim Entertainment,0.16,0.13,0,0.04,0.33
10561,My Healthy Cooking Coach,DS,N/A,Simulation,Unknown,0.09,0,0,0.01,0.1
3863,Lair,PS3,2007,Action,Sony Computer Entertainment,0.36,0.04,0.08,0.04,0.52
11741,In The Groove,PS2,2005,Misc,RedOctane,0.04,0.03,0,0.01,0.07
11398,NHL 06,GC,2005,Sports,Electronic Arts,0.06,0.02,0,0,0.08
252,Zelda II: The Adventure of Link,NES,1987,Adventure,Nintendo,2.19,0.5,1.61,0.08,4.38
15530,Rozen Maiden: Duellwalzer,PS2,2006,Adventure,Taito,0,0,0.02,0,0.02
3085,Suikoden IV,PS2,2004,Role-Playing,Konami Digital Entertainment,0.17,0.13,0.3,0.05,0.66
12814,Amazing Island,GC,2004,Strategy,Sega,0.04,0.01,0,0,0.06
7134,Petz Monkeyz House,DS,2008,Simulation,Ubisoft,0.2,0,0,0.02,0.23
16586,Carmageddon 64,N64,1999,Action,Virgin Interactive,0.01,0,0,0,0.01
14724,King Arthur II,PC,2011,Strategy,Paradox Interactive,0,0.02,0,0,0.03
4045,"Transformers: Revenge of the Fallen (XBox 360, PS3, & PC Versions)",Wii,2009,Shooter,Activision,0.24,0.2,0,0.05,0.49
1527,Need for Speed Carbon,Wii,2006,Racing,Electronic Arts,0.46,0.66,0.02,0.15,1.29
4533,WipEout 64,N64,1998,Racing,Midway Games,0.28,0.14,0,0.01,0.43
5997,J-League Victory Goal '96,SAT,1996,Sports,Sega,0,0,0.29,0,0.29
15033,Urakata Hakuoki,PSP,2013,Adventure,Idea Factory,0,0,0.02,0,0.02
11347,Orega Kantoku Da! Gekitou Pennant Race,PS2,2000,Sports,Enix Corporation,0,0,0.08,0,0.08
1832,Spider-Man 2,XB,2004,Action,Activision,0.82,0.26,0,0.04,1.12
452,Madden NFL 2002,PS2,2001,Sports,Electronic Arts,2.5,0.16,0.01,0.42,3.08
13792,Date A Live: Rine Utopia,PS3,2013,Adventure,Compile Heart,0,0,0.04,0,0.04
1680,SolarStriker,GB,1989,Shooter,Nintendo,0.4,0.39,0.36,0.04,1.2
1243,Madden NFL 15,XOne,2014,Sports,Electronic Arts,1.3,0.09,0,0.12,1.51
10501,Risen 3: Titan Lords,PS3,2014,Role-Playing,Deep Silver,0.02,0.06,0,0.02,0.1
15852,Poupee Girl DS 2: Elegant Mint / Sweet Pink Style,DS,2010,Misc,Alvion,0,0,0.02,0,0.02
13685,Horses 3D,3DS,2012,Misc,Ubisoft,0.04,0,0,0,0.04
16208,Caladrius,X360,2013,Shooter,Moss,0,0,0.01,0,0.01
7074,Rocket League,PS4,2016,Sports,505 Games,0.02,0.14,0,0.07,0.23
16419,Chaos;Child,PS3,2015,Adventure,5pb,0,0,0.01,0,0.01
6374,NBA Live 2004,GC,2003,Sports,Electronic Arts,0.21,0.05,0,0.01,0.27
12556,Theresia...,DS,2008,Adventure,Arc System Works,0.06,0,0,0,0.06
8666,Bomberman Land Touch! 2,DS,2007,Puzzle,Rising Star Games,0.13,0,0.01,0.01,0.16
4625,Dr. Mario 64,N64,2001,Puzzle,Nintendo,0.34,0.07,0,0,0.42
8699,The Incredible Hulk: The Pantheon Saga,PS,1996,Action,Eidos Interactive,0.09,0.06,0,0.01,0.16
7813,Legacy of Kain: Defiance,XB,2003,Action,Eidos Interactive,0.14,0.04,0,0.01,0.19
16170,Order Up!!,3DS,2011,Action,Funbox Media,0,0.01,0,0,0.01
884,Jet Moto 2,PS,1997,Racing,Sony Computer Entertainment,1.41,0.42,0.03,0.07,1.94
12138,Spawn: Armageddon,GC,2003,Action,Electronic Arts,0.05,0.01,0,0,0.07
12809,GRID,DS,N/A,Racing,Codemasters,0.04,0.01,0,0,0.06
7363,Bratz: Girlz Really Rock,Wii,2008,Action,THQ,0.19,0,0,0.02,0.21
16190,Jewel Quest II,PC,2007,Puzzle,Avanquest,0,0.01,0,0,0.01
4116,All-Star Baseball 99,N64,1998,Sports,Acclaim Entertainment,0.44,0.04,0,0,0.48
4894,NASCAR Heat,PS,2000,Racing,Hasbro Interactive,0.22,0.15,0,0.03,0.39
8835,Mind Zero,PSV,2013,Role-Playing,GungHo,0.08,0,0.04,0.02,0.15
8157,Mobile Suit Gundam Seed Destiny: Generation of C.E.,PS2,2005,Action,Namco Bandai Games,0,0,0.18,0,0.18
5158,LEGO Batman 2: DC Super Heroes,PSV,2012,Action,Warner Bros. Interactive Entertainment,0.17,0.13,0,0.06,0.37
12353,Robotica,SAT,1994,Shooter,Sega,0,0,0.06,0,0.06
11948,Romance of the Three Kingdoms IX,PS2,2003,Strategy,Tecmo Koei,0.03,0.03,0,0.01,0.07
11522,MXGP 2,PS4,2016,Racing,Milestone S.r.l.,0.02,0.05,0,0.01,0.08
7130,Rogue Ops,PS2,2003,Action,Kemco,0.11,0.09,0,0.03,0.23
15589,Summon Night Granthese: Horobi no Ken to Yakusoku no Kishi,PS2,2010,Role-Playing,Namco Bandai Games,0,0,0.02,0,0.02
3880,Dragon Age: Origins,PC,2009,Role-Playing,Electronic Arts,0,0.46,0,0.06,0.51
15098,Kawasaki Jet Ski,Wii,2008,Racing,Metro 3D,0.02,0,0,0,0.02
10121,Samurai Warriors 4-II,PS3,2015,Action,Tecmo Koei,0,0,0.11,0,0.11
13887,Hatsune Miku: Project Diva X,PS4,2016,Misc,Sega,0.01,0,0.02,0,0.04
2860,Madden NFL 2003,XB,2002,Sports,Electronic Arts,0.67,0.02,0,0.03,0.71
7416,Cruis'n Exotica,N64,2000,Racing,Midway Games,0.17,0.04,0,0,0.21
13814,Valhalla Knights 2: Battle Stance,PSP,2009,Role-Playing,Marvelous Interactive,0,0,0.04,0,0.04
15102,Daito Giken Koushiki Pachi-Slot Simulator: Hihouden - Fuujirareta Megami Portable,PSP,2011,Misc,Paon,0,0,0.02,0,0.02
5096,Tiger Woods PGA Tour 09,PS2,2008,Sports,Electronic Arts,0.16,0,0,0.21,0.37
8144,FIFA Soccer 2002,GC,2001,Sports,Electronic Arts,0.14,0.04,0,0,0.18
1280,Nintendo World Cup,NES,1990,Sports,Nintendo,0.28,0.5,0.65,0.05,1.48
1300,The SpongeBob SquarePants Movie,GBA,2004,Platform,THQ,1.02,0.38,0,0.06,1.46
2745,The Amazing Spider-Man (Console Version),X360,2012,Action,Activision,0.43,0.26,0,0.06,0.75
14700,HotBrain,PSP,2007,Puzzle,Midway Games,0.02,0,0,0,0.03
13942,Aquanaut's Holiday: Kakusareta Kiroku,PS3,2008,Adventure,Sony Computer Entertainment,0,0,0.04,0,0.04
8747,Tak: The Great Juju Challenge,GC,2005,Platform,THQ,0.12,0.03,0,0,0.15
15701,Hisshou Pachinko*Pachi-Slot Kouryaku Series Vol. 9: CR Fever Captain Harlock,PS2,2007,Misc,D3Publisher,0,0,0.02,0,0.02
5770,Harvest Moon: Magical Melody,Wii,2008,Simulation,Rising Star Games,0.25,0.04,0,0.03,0.31
5364,Skylanders: Trap Team,XOne,2014,Action,Activision,0.25,0.07,0,0.03,0.34
12568,Winning Post 4 Maximum,PS2,2000,Sports,Tecmo Koei,0,0,0.06,0,0.06
9930,DreamWorks Super Star Kartz,PS3,2011,Racing,Activision,0.06,0.03,0,0.02,0.12
12835,Drivers Ed Portable,DS,2008,Misc,JoWood Productions,0.05,0,0,0,0.05
15965,Imperium Romanum,PC,2008,Strategy,Kalypso Media,0,0.01,0,0,0.02
16579,Rugby Challenge 3,XOne,2016,Sports,Alternative Software,0,0.01,0,0,0.01
763,Call of Duty: Roads to Victory,PSP,2007,Shooter,Activision,0.52,1.03,0,0.59,2.14
13212,ZooCube,GBA,2002,Puzzle,Acclaim Entertainment,0.03,0.01,0,0,0.05
8221,The Wild Thornberrys: Animal Adventures,PS,2000,Adventure,Mattel Interactive,0.1,0.07,0,0.01,0.17
12381,Warhammer: Battle For Atluma,PSP,2006,Action,Namco Bandai Games,0.05,0,0,0.01,0.06
11108,Bakugan: Rise of the Resistance,DS,2011,Strategy,Activision,0.06,0.02,0,0.01,0.09
14914,Senjou no Waltz,PSV,2014,Adventure,Idea Factory,0,0,0.02,0,0.02
1126,Viva Pinata,X360,2006,Simulation,Microsoft Game Studios,0.45,0.96,0.02,0.2,1.63
9037,Dragon Age: Origins - Ultimate Edition,PC,2010,Role-Playing,Electronic Arts,0,0.12,0,0.02,0.14
13930,Shin Hayarigami,PS3,2014,Adventure,Nippon Ichi Software,0,0,0.04,0,0.04
15045,Aria: The Origination ~Aoi Wakusei no El Cielo~,PS2,2008,Adventure,Alchemist,0,0,0.02,0,0.02
5919,Reel Fishing: Angler's Dream,Wii,2009,Sports,Zushi Games,0.26,0.01,0,0.02,0.3
9588,Torino 2006,PS2,2006,Sports,Take-Two Interactive,0.06,0.05,0,0.02,0.13
16393,World Snooker Championship 2007,X360,2007,Sports,Sega,0,0.01,0,0,0.01
7375,Yu-Gi-Oh! 5D's World Championship 2011: Over the Nexus,DS,2011,Strategy,Konami Digital Entertainment,0.1,0.03,0.07,0.01,0.21
14591,Megpoid the Music#,PSP,2013,Misc,Asgard,0,0,0.03,0,0.03
15894,Trigger Man,GC,2004,Shooter,Crave Entertainment,0.01,0,0,0,0.02
6070,Snowboarding,PS,2000,Sports,Midas Interactive Entertainment,0.16,0.11,0,0.02,0.29
12402,Tecmo Classic Arcade,XB,2005,Misc,Microsoft Game Studios,0.05,0.01,0,0,0.06
13312,Kakuto Chojin,XB,2002,Fighting,Microsoft Game Studios,0.04,0.01,0,0,0.05
15366,Chicago Enforcer,XB,2005,Shooter,Kemco,0.02,0,0,0,0.02
3162,The Lord of the Rings: Conquest,X360,2009,Action,Electronic Arts,0.37,0.21,0,0.06,0.64
602,Sonic Adventure 2 Battle,GC,2001,Platform,Sega,1.7,0.59,0.21,0.07,2.56
11739,Kinnikuman Muscle Grand Prix Max 2: Tokumori,PS2,2008,Fighting,Namco Bandai Games,0,0,0.07,0,0.07
6605,Nickelodeon Dance,Wii,2011,Misc,Take-Two Interactive,0.23,0.01,0,0.02,0.26
6089,World of Warcraft: Legion,PC,2016,Role-Playing,Activision,0.14,0.12,0,0.02,0.29
1599,Ratchet: Deadlocked,PS2,2005,Shooter,Sony Computer Entertainment,0.85,0.03,0.22,0.14,1.24
10181,Alvin and the Chipmunks: Chipwrecked,DS,2011,Misc,505 Games,0.07,0.03,0,0.01,0.11
550,L.A. Noire,X360,2011,Adventure,Take-Two Interactive,1.52,0.94,0.02,0.24,2.72
6233,Pokemon Box: Ruby & Sapphire,GC,2003,Misc,Nintendo,0,0,0.27,0.01,0.28
6482,Inazuma Eleven GO 3: Galaxy,3DS,2013,Sports,Level 5,0,0,0.26,0,0.26
2724,Legends of Wrestling,PS2,2001,Fighting,Acclaim Entertainment,0.37,0.29,0,0.1,0.76
14910,Konohana 2: Todoke Kanai Requiem,PS2,2002,Adventure,Success,0,0,0.03,0,0.03
15393,Elminage Gothic: Ulm Zakir to Yami no Gishiki,PSP,2012,Role-Playing,Starfish,0,0,0.02,0,0.02
8894,DreamWorks Super Star Kartz,Wii,2011,Racing,Activision,0.1,0.04,0,0.01,0.15
9130,World Tour Soccer 2003,PS2,2002,Sports,Sony Computer Entertainment,0.07,0.05,0,0.02,0.14
4945,Just Dance 4,WiiU,2012,Misc,Ubisoft,0.22,0.14,0,0.03,0.39
14252,The Binding of Isaac,PC,2012,Action,Unknown,0,0.03,0,0,0.03
8217,Winning Eleven: Pro Evolution Soccer 2007,DS,2006,Sports,Konami Digital Entertainment,0,0,0.17,0,0.17
1117,Dig Dug,2600,1982,Puzzle,Atari,1.52,0.1,0,0.02,1.64
546,Mario Paint,SNES,1992,Misc,Nintendo,1.43,0.54,0.71,0.07,2.75
2515,Clu Clu Land,NES,1984,Puzzle,Nintendo,0.42,0.1,0.28,0.02,0.82
1179,Hannah Montana: Music Jam,DS,2007,Action,Disney Interactive Studios,1.06,0.37,0,0.15,1.58
11401,Initial D: Extreme Stage,PS3,2008,Racing,Sega,0,0,0.08,0,0.08
2420,Ford Racing,PS,2001,Racing,Empire Interactive,0.48,0.33,0,0.06,0.86
15409,Fist of the North Star: Ken's Rage 2,WiiU,2013,Fighting,Tecmo Koei,0,0,0.02,0,0.02
1383,Need For Speed: Undercover,PS2,2008,Racing,Electronic Arts,0.38,0.08,0.03,0.93,1.4
11317,Captain America: Super Soldier,3DS,2011,Action,Sega,0.05,0.02,0,0.01,0.08
15215,Disney's Meet the Robinsons,DS,2007,Action,Disney Interactive Studios,0.02,0,0,0,0.02
5992,Kagero: Deception II,PS,1998,Strategy,Virgin Interactive,0.03,0.02,0.22,0.02,0.29
16573,Farming 2017 - The Simulation,PS4,2016,Simulation,UIG Entertainment,0,0.01,0,0,0.01
262,Super Mario 3D World,WiiU,2013,Platform,Nintendo,2.11,1.11,0.72,0.3,4.25
11969,ESPN National Hockey Night,PS2,2001,Sports,Konami Digital Entertainment,0.03,0.03,0,0.01,0.07
16473,Amnesia Later,PSV,2014,Misc,Idea Factory,0,0,0.01,0,0.01
2926,Hannah Montana: The Movie,DS,2009,Adventure,Disney Interactive Studios,0.38,0.25,0,0.07,0.7
1911,LEGO City Undercover,WiiU,2013,Platform,Nintendo,0.47,0.4,0.13,0.08,1.08
11391,Grand Prix Challenge,PS2,2002,Racing,Atari,0.04,0.03,0,0.01,0.08
14008,Castlevania: Lords of Shadow - Reverie,PS3,2011,Action,Konami Digital Entertainment,0.02,0.01,0,0.01,0.04
6188,Virtua Fighter 5 Online,X360,2007,Fighting,Sega,0.2,0.03,0.03,0.02,0.28
3097,NHL 13,PS3,2012,Sports,Electronic Arts,0.33,0.22,0,0.1,0.65
15817,Konductra,DS,2006,Puzzle,O3 Entertainment,0.02,0,0,0,0.02
12944,DoDonPachi Resurrection,X360,2010,Shooter,Rising Star Games,0,0.05,0,0.01,0.05
10627,nail'd,X360,2010,Racing,Deep Silver,0.08,0.02,0,0.01,0.1
12061,Fairy Tail: Zelef Kakusei,PSP,2012,Action,Unknown,0,0,0.07,0,0.07
15691,Pirates PlundArrr,Wii,2010,Action,Majesco Entertainment,0.02,0,0,0,0.02
11620,Terraria,3DS,2016,Action,505 Games,0,0.03,0.04,0,0.08
867,BioShock Infinite,X360,2013,Shooter,Take-Two Interactive,1.22,0.57,0.02,0.15,1.96
15512,Mushihimesama,X360,2012,Action,Cave,0,0,0.02,0,0.02
11896,Robocalypse,DS,2008,Strategy,Tecmo Koei,0.07,0,0,0,0.07
2053,The LEGO Movie Videogame,PS3,2014,Action,Warner Bros. Interactive Entertainment,0.33,0.48,0.02,0.18,1.01
11402,Pinobee: Wings of Adventure,GBA,2001,Platform,Hudson Entertainment,0.06,0.02,0,0,0.08
366,Battlefield 4,X360,2013,Shooter,Electronic Arts,2.14,1.08,0.02,0.29,3.53
12817,Carmen Sandiego: The Secret of the Stolen Drums,PS2,2004,Action,BAM! Entertainment,0.03,0.02,0,0.01,0.06
6297,Pac-Pix,DS,2005,Puzzle,Namco Bandai Games,0.16,0,0.1,0.01,0.27
2336,The Jak and Daxter Collection,PS3,2012,Platform,Sony Computer Entertainment,0.6,0.19,0,0.1,0.89
12850,Countdown: The Game,Wii,2009,Puzzle,Mindscape,0,0.05,0,0,0.05
5048,MX vs. ATV Untamed,PS2,2007,Racing,THQ,0.32,0.01,0,0.05,0.38
2164,Dragon Quest Monsters: Terry's Wonderland 3D,3DS,2012,Role-Playing,Square Enix,0,0,0.96,0,0.96
2014,EA Sports UFC,PS4,2014,Sports,Electronic Arts,0.46,0.4,0.01,0.17,1.04
1954,LEGO Indiana Jones: The Original Adventures,PS3,2008,Action,Activision,0.44,0.44,0,0.18,1.06
14440,Ebikore Photo Kano Kiss,PSV,2015,Action,Kadokawa Games,0,0,0.03,0,0.03
3889,HSX HyperSonic.Xtreme,PS2,2002,Racing,Midas Interactive Entertainment,0.25,0.2,0,0.07,0.51
9464,Steel Battalion: Heavy Armor,X360,2012,Misc,Capcom,0.08,0.03,0.02,0.01,0.13
13502,Crushed Baseball,GBA,2004,Sports,Summitsoft,0.03,0.01,0,0,0.04
9128,Farming Simulator 2012,3DS,2012,Action,Excalibur Publishing,0,0.12,0,0.02,0.14
9466,Mega Man Anniversary Collection,XB,2005,Platform,Capcom,0.1,0.03,0,0,0.13
2037,The Lost World: Jurassic Park,PS,1997,Action,Electronic Arts,0.57,0.39,0,0.07,1.02
11805,Resident Evil Zero,XOne,2016,Action,Capcom,0.05,0.02,0,0.01,0.07
16019,Cosmetic Paradise: Make no Kiseki,DS,2008,Misc,Global A Entertainment,0,0,0.01,0,0.01
1467,WWE SmackDown vs Raw 2008,PS3,2007,Fighting,THQ,0.62,0.5,0.01,0.21,1.33
2521,Tales of the Abyss,3DS,2011,Role-Playing,Namco Bandai Games,0.42,0.19,0.14,0.06,0.82
15945,UNO 52,DS,2006,Misc,Zoo Digital Publishing,0.01,0,0,0,0.02
4124,Football Manager 2015,PC,2014,Simulation,Sega,0,0.43,0,0.05,0.48
11513,Jillian Michaels Fitness Ultimatum 2010,DS,2009,Sports,Majesco Entertainment,0.07,0,0,0.01,0.08
4393,Worms: Open Warfare 2,PSP,2007,Strategy,THQ,0.04,0.26,0,0.14,0.45
3341,Backyard Wrestling: Don't Try This at Home,PS2,2003,Fighting,Eidos Interactive,0.3,0.23,0,0.08,0.6
6745,Anno 2205,PC,2015,Strategy,Ubisoft,0.02,0.22,0,0.01,0.25
12151,RedCard 20-03,PS2,2002,Sports,Midway Games,0.03,0.03,0,0.01,0.07
876,Star Wars: Dark Forces,PC,1994,Shooter,LucasArts,1.09,0.77,0,0.09,1.95
15304,Brain Dead 13,PS,1996,Adventure,Coconuts Japan,0.01,0.01,0,0,0.02
16496,The Smurfs,3DS,N/A,Action,Unknown,0,0.01,0,0,0.01
6250,Power Pro Kun Pocket 3,GBA,2001,Sports,Konami Digital Entertainment,0,0,0.27,0.01,0.28
15721,Marvel Superheroes 3D: Grandmaster's Challenge,Wii,2010,Action,Neko Entertainment,0,0.01,0,0,0.02
418,L.A. Noire,PS3,2011,Adventure,Take-Two Interactive,1.27,1.33,0.12,0.51,3.23
4606,Avatar: The Last Airbender - The Burning Earth,PS2,2007,Action,THQ,0.21,0.16,0,0.05,0.42
5033,Grandia Xtreme,PS2,2002,Role-Playing,Enix Corporation,0.07,0.05,0.25,0.02,0.38
12324,Pawly Pets: My Vet Practice,DS,2007,Strategy,Ubisoft,0,0.06,0,0.01,0.06
7140,TNA iMPACT!,PS2,2008,Fighting,Midway Games,0.1,0,0,0.12,0.22
9163,International Cricket 2010,X360,2010,Sports,Codemasters,0,0.12,0,0.02,0.14
1845,Pikmin 3,WiiU,2013,Strategy,Nintendo,0.45,0.31,0.29,0.06,1.11
8333,Luxor 3,Wii,2008,Puzzle,Mumbo Jumbo,0.16,0,0,0.01,0.17
11544,The First Templar,PC,2011,Action,Kalypso Media,0.06,0.01,0,0.01,0.08
10854,The King of Fighters XIV,PS4,2016,Fighting,Deep Silver,0.04,0.01,0.03,0.01,0.09
16525,Karnaaj Rally,GBA,2003,Racing,Jaleco,0.01,0,0,0,0.01
7860,Hyperdevotion Noire: Goddess Black Heart,PSV,2014,Role-Playing,Idea Factory,0.08,0.02,0.06,0.03,0.19
7168,Cloudy With a Chance of Meatballs,DS,2009,Platform,Ubisoft,0.2,0.01,0,0.02,0.22
9440,Attack on Titan (KOEI),PSV,2016,Action,Tecmo Koei,0,0,0.13,0,0.13
15914,Robopon 2: Ring Version,GBA,2001,Role-Playing,Hudson Entertainment,0.01,0,0,0,0.02
11774,Touch Detective: Nameko Shigeru,3DS,2013,Adventure,Success,0,0,0.07,0,0.07
9758,Daikaijyuu Monogatari II,SNES,1996,Role-Playing,Hudson Soft,0,0,0.12,0,0.12
6198,NBA In The Zone,PS,1995,Sports,Konami Digital Entertainment,0.16,0.11,0,0.02,0.28
13504,Just Sing! Vol. 2,DS,2011,Misc,PQube,0,0.04,0,0.01,0.04
9607,World Cup Golf: Professional Edition,PS,1995,Sports,U.S. Gold,0.07,0.05,0,0.01,0.13
14127,Championship Manager Season 01/02,PC,2001,Sports,Eidos Interactive,0,0.03,0,0.01,0.03
13279,Pachitte Chonmage Tatsujin 15: Pachinko Fuyu no Sonata 2,PS2,2008,Misc,Hackberry,0,0,0.05,0,0.05
1279,Dirge of Cerberus: Final Fantasy VII,PS2,2006,Shooter,Square Enix,0.47,0.37,0.52,0.12,1.48
12442,Terraria,PS4,2014,Action,505 Games,0,0.05,0.01,0.01,0.06
1625,Castlevania,NES,1986,Platform,Konami Digital Entertainment,0.54,0.06,0.62,0.01,1.23
11604,Agatha Christie: And Then There Were None,Wii,2008,Adventure,The Adventure Company,0.06,0.01,0,0.01,0.08
5065,Green Day: Rock Band,Wii,2010,Misc,MTV Games,0.22,0.12,0,0.03,0.38
10048,FIFA Soccer 06,PSP,2005,Sports,Electronic Arts,0.1,0.01,0,0.01,0.11
408,Max Payne,PS2,2001,Shooter,Take-Two Interactive,1.99,1.05,0.05,0.22,3.31
4889,Dungeon Siege III,PS3,2011,Role-Playing,Square Enix,0.17,0.14,0.03,0.06,0.39
16448,Wade Hixton's Counter Punch,GBA,2004,Sports,"Destination Software, Inc",0.01,0,0,0,0.01
11751,Super Baseball,2600,1987,Sports,Atari,0.07,0,0,0,0.07
9482,NBA Jam 2000,N64,1999,Sports,Acclaim Entertainment,0.12,0.01,0,0,0.13
9725,Puzzle Quest: Challenge of the Warlords,PS2,2007,Puzzle,D3Publisher,0.06,0.05,0,0.02,0.12
14297,Custom Beat Battle: Draglade 2,DS,2008,Fighting,Namco Bandai Games,0,0,0.03,0,0.03
16513,Palais de Reine,PS2,2007,Strategy,Interchannel-Holon,0,0,0.01,0,0.01
11573,Dreamer Series: Shop Owner,DS,2009,Simulation,Deep Silver,0.07,0,0,0.01,0.08
2133,Mass Effect 3,PC,2012,Role-Playing,Electronic Arts,0.4,0.44,0,0.13,0.97
2446,Overwatch,XOne,2016,Shooter,Activision,0.52,0.25,0,0.08,0.85
13568,Pro Evolution Soccer 2016,PC,2015,Sports,Konami Digital Entertainment,0,0.04,0,0,0.04
6406,Knockout Kings 2002,XB,2002,Sports,Electronic Arts,0.2,0.06,0,0.01,0.27
3787,Kirby and the Rainbow Curse,WiiU,2015,Platform,Nintendo,0.23,0.14,0.12,0.04,0.53
6446,Dungeons & Dragons: Eye of the Beholder,GBA,2002,Role-Playing,Atari,0.19,0.07,0,0,0.26
14837,The Peanuts Movie: Snoopy's Grand Adventure,PS4,2015,Action,Activision,0,0.02,0,0,0.03
15376,Rat Attack!,N64,2000,Puzzle,Mindscape,0.02,0,0,0,0.02
15731,Final Fight: Streetwise,XB,2006,Action,Capcom,0.01,0,0,0,0.02
4146,Emergency Heroes,Wii,2008,Racing,Ubisoft,0.15,0.27,0,0.06,0.48
5111,Reel Fishing III,PS2,2003,Sports,Natsume,0.18,0.14,0,0.05,0.37
7544,Jikkyou Powerful Pro Yakyuu 10 Chou Ketteiban: 2003 Memorial,PS2,2003,Sports,Konami Digital Entertainment,0,0,0.2,0,0.2
5184,Metro: Last Light,X360,2013,Action,Deep Silver,0.17,0.16,0,0.03,0.36
1733,Cool Boarders 4,PS,1998,Sports,989 Studios,0.65,0.44,0,0.08,1.17
15234,The Sims: Complete Collection,PC,2005,Simulation,Electronic Arts,0.01,0.01,0,0,0.02
14073,Planescape: Torment,PC,1998,Role-Playing,Interplay,0.01,0.02,0,0.01,0.04
434,Ace Combat 04: Shattered Skies,PS2,2001,Simulation,Sony Computer Entertainment Europe,2.06,0.56,0.38,0.17,3.17
13425,Yager,XB,2003,Shooter,THQ,0.03,0.01,0,0,0.05
5854,Charlie and the Chocolate Factory,GBA,2005,Adventure,Global Star,0.22,0.08,0,0.01,0.3
5604,Dragon Quest Monsters 1·2,PS,2002,Role-Playing,Enix Corporation,0,0,0.3,0.02,0.32
10270,Shining Ark,PSP,2013,Role-Playing,Sega,0,0,0.11,0,0.11
13885,Superstars V8 Racing,PS3,2009,Racing,Black Bean Games,0,0.02,0,0.01,0.04
4394,NBA Live 2005,GC,2004,Sports,Electronic Arts,0.35,0.09,0,0.01,0.45
8675,Guilty Gear Xrd: Sign,PS4,2014,Fighting,Arc System Works,0.1,0,0.04,0.02,0.16
11907,Pac-Man and the Ghostly Adventures 2,WiiU,2014,Adventure,Namco Bandai Games,0.05,0.02,0,0.01,0.07
2049,Championship Manager 3,PC,2003,Sports,Eidos Interactive,0,0.93,0,0.08,1.01
15123,Franklin's Great Adventures,DS,2006,Action,Game Factory,0.02,0,0,0,0.02
14626,Exist Archive: The Other Side of the Sky,PS4,2015,Role-Playing,Aksys Games,0,0,0.03,0,0.03
15610,Sega Ages 2500 Series Vol. 26: Dynamite Deka,PS2,2006,Action,Sega,0,0,0.02,0,0.02
14135,TOCA Race Driver 3,XB,2006,Racing,Codemasters,0.03,0.01,0,0,0.03
5234,Dai-2-Ji Super Robot Taisen Z Saisei-hen,PSP,2012,Strategy,Namco Bandai Games,0,0,0.36,0,0.36
10257,X-Men: Next Dimension,XB,2002,Fighting,Activision,0.08,0.02,0,0,0.11
16041,Totally Spies! Totally Party,PS2,2008,Misc,Ubisoft,0.01,0.01,0,0,0.01
12566,Satisfashion,DS,2010,Misc,Destineer,0.06,0,0,0,0.06
16257,Goku Makaimura Kai,PSP,2007,Platform,Capcom,0,0,0.01,0,0.01
4774,From Russia With Love,PS2,2005,Action,Electronic Arts,0.34,0.01,0,0.06,0.41
13581,Katekyoo Hitman Reborn! Battle Arena,PSP,2008,Fighting,Marvelous Interactive,0,0,0.04,0,0.04
14241,Prince of Persia: The Forgotten Sands,PC,2010,Action,Ubisoft,0,0.03,0,0,0.03
1015,2 Games in 1: Disney Princess & The Lion King,GBA,2004,Misc,THQ,1.25,0.46,0,0.03,1.75
3400,Total War: Shogun 2,PC,2011,Strategy,Sega,0.19,0.31,0,0.09,0.59
10713,Project FIFA World Cup,PS2,2002,Sports,Electronic Arts,0,0,0.1,0,0.1
15194,Serious Sam: Next Encounter,GC,2004,Shooter,Global Star,0.02,0,0,0,0.02
6622,Bomberman Generation,GC,2002,Adventure,Vivendi Games,0.15,0.04,0.06,0.01,0.25
13993,Harukanaru Toki no Naka de 3: Unmei no Meikyuu Aizouban,PSP,2009,Adventure,Tecmo Koei,0,0,0.04,0,0.04
4982,Virtua Tennis 2009,PS3,2009,Sports,Sega,0.09,0.23,0,0.07,0.38
1940,Mortal Kombat: Armageddon,PS2,2006,Fighting,Midway Games,0.88,0.04,0,0.14,1.06
15118,Brandish: The Dark Revenant,PSP,2009,Role-Playing,Falcom Corporation,0,0,0.02,0,0.02
7875,Fighter Within,XOne,2013,Fighting,Ubisoft,0.11,0.07,0,0.02,0.19
6664,Men of Valor,XB,2004,Shooter,Vivendi Games,0.19,0.05,0,0.01,0.25
10507,Brooktown High: Senior Year,PSP,2007,Simulation,Konami Digital Entertainment,0.09,0,0,0.01,0.1
15563,Downtown Nekketsu Koushinkyoku: Soreyuke Daiundoukai All-Star Special,PS3,2015,Action,Arc System Works,0,0,0.02,0,0.02
4049,Bakugan Battle Brawlers: Defenders of the Core,DS,2010,Action,Activision,0.42,0.02,0.02,0.03,0.49
903,Toy Story Mania!,Wii,2009,Misc,Disney Interactive Studios,1.06,0.67,0,0.18,1.92
6212,Danganronpa Another Episode: Ultra Despair Girls,PSV,2014,Action,Nippon Ichi Software,0.1,0.03,0.12,0.04,0.28
4835,NBA Jam,X360,2010,Sports,Electronic Arts,0.27,0.1,0,0.03,0.4
9161,Atari's Greatest Hits: Volume 1,DS,2010,Misc,Atari,0.13,0,0,0.01,0.14
10280,Where the Wild Things Are,PS3,2009,Platform,Warner Bros. Interactive Entertainment,0.09,0.01,0,0.01,0.11
14959,Ken to Mahou to Gakuen Mono. 2G,PS3,2010,Role-Playing,Acquire,0,0,0.02,0,0.02
9845,Burning Road,PS,1996,Racing,FunSoft,0.07,0.05,0,0.01,0.12
2248,Blue Dragon,X360,2006,Role-Playing,Microsoft Game Studios,0.3,0.33,0.21,0.08,0.92
5966,The BIGS 2,Wii,2009,Sports,Take-Two Interactive,0.26,0.01,0,0.02,0.29
15663,Nobunaga no Yabou: Soutensoku with Power-Up Kit,PSP,2011,Strategy,Tecmo Koei,0,0,0.02,0,0.02
7645,Mat Hoffman's Pro BMX 2,XB,2002,Sports,Activision,0.15,0.04,0,0.01,0.2
10311,Final Fantasy I & II,NES,1994,Role-Playing,Square,0,0,0.11,0,0.11
9278,7th Dragon,DS,2009,Role-Playing,Sega,0,0,0.14,0,0.14
938,Rayman Raving Rabbids 2,Wii,2007,Misc,Ubisoft,0.83,0.82,0,0.2,1.85
38,Call of Duty: Modern Warfare 3,PS3,2011,Shooter,Activision,5.54,5.82,0.49,1.62,13.46
7730,Demon Gaze,PSV,2013,Role-Playing,Nippon Ichi Software,0.06,0.03,0.08,0.02,0.2
9441,Soccer Tsuku DS: World Challenge 2010,DS,2010,Sports,Sega,0,0,0.13,0,0.13
9742,Escape The Museum,Wii,2009,Adventure,Majesco Entertainment,0.11,0.01,0,0.01,0.12
6267,Mr. Do!,2600,1982,Action,Coleco,0.26,0.02,0,0,0.27
5304,Dragon Ball Z: Budokai Tenkaichi 2 (JP sales),Wii,N/A,Action,N/A,0.15,0.05,0.14,0.01,0.35
11353,Pac-Man World Rally,GC,2006,Racing,Namco Bandai Games,0.06,0.02,0,0,0.08
7486,Defiance,PC,2013,Shooter,Trion Worlds,0.14,0.04,0,0.02,0.21
2465,Dragon Age II,PS3,2011,Action,Electronic Arts,0.4,0.27,0.05,0.12,0.84
8013,NBA Live 08,Wii,2007,Sports,Electronic Arts,0.17,0,0,0.02,0.18
8811,All Japan Pro Wrestling featuring Virtua,SAT,1997,Fighting,Sega,0,0,0.15,0,0.15
3764,Jampack Volume 11,PS2,2004,Misc,Sony Computer Entertainment,0.26,0.2,0,0.07,0.53
13767,Sega Ages 2500 Series Vol. 33: Fantasy Zone Complete Collection,PS2,2008,Shooter,Sega,0,0,0.04,0,0.04
6629,Ice Age 2: The Meltdown,GBA,2006,Platform,Vivendi Games,0.18,0.07,0,0,0.25
15896,Hiiro no Kakera Portable,PSP,2008,Adventure,Idea Factory,0,0,0.02,0,0.02
7447,StokEd,X360,2009,Sports,Zushi Games,0.18,0.01,0,0.01,0.21
6387,Dora the Explorer: Dora Saves the Crystal Kingdom,Wii,2009,Misc,Take-Two Interactive,0.24,0.01,0,0.02,0.27
3742,Star Fox Command,DS,2006,Shooter,Nintendo,0.39,0.01,0.1,0.04,0.54
9667,Disney's Atlantis: The Lost Empire,GBA,2001,Platform,THQ,0.09,0.03,0,0,0.12
10217,Batman & Robin,PS,1998,Action,Acclaim Entertainment,0.06,0.04,0,0.01,0.11
14436,Nacho Libre,DS,2006,Action,Majesco Entertainment,0.03,0,0,0,0.03
7311,Ride,PS4,2015,Racing,Milestone S.r.l.,0.03,0.13,0.03,0.03,0.22
13917,Rabbids Land,WiiU,2012,Misc,Ubisoft,0.02,0.01,0,0,0.04
1597,Tom Clancy's Splinter Cell: Pandora Tomorrow,PS2,2004,Action,Ubisoft,0.52,0.56,0,0.17,1.25
15202,Natsuiro no Sunadokei,PS2,2002,Adventure,Princess Soft,0,0,0.02,0,0.02
7327,Teenage Mutant Ninja Turtles: Smash-Up,PS2,2009,Fighting,Ubisoft,0.11,0.08,0,0.03,0.21
9816,Zubo,DS,2008,Misc,Electronic Arts,0.09,0.03,0,0.01,0.12
1750,LEGO Star Wars III: The Clone Wars,DS,2011,Action,LucasArts,0.66,0.39,0,0.11,1.16
1658,LEGO Indiana Jones 2: The Adventure Continues,DS,2009,Action,Activision,0.66,0.43,0,0.12,1.21
8100,Sesame Street: Elmo's Letter Adventure,N64,1999,Misc,NewKidCo,0.14,0.04,0,0,0.18
14550,007: Quantum of Solace,PC,2008,Action,Activision,0.01,0.01,0,0,0.03
12609,Arcana Heart 3,PSV,2014,Fighting,Arc System Works,0.03,0,0.02,0.01,0.06
211,Uncharted: Drake's Fortune,PS3,2007,Action,Sony Computer Entertainment,2.31,1.73,0.12,0.78,4.94
14842,Metal Saga,PS2,2005,Role-Playing,Success,0.01,0.01,0,0,0.03
3586,Backyard NFL Football,GBA,2002,Sports,Infogrames,0.4,0.15,0,0.01,0.56
13873,Song of the Deep,XOne,2016,Action,Insomniac Games,0.03,0,0,0,0.04
11714,WRC 5: FIA World Rally Championship,PSV,2015,Sports,Bigben Interactive,0,0.06,0,0.02,0.08
11587,Striker 96,PS,1995,Sports,Time Warner Interactive,0.04,0.03,0,0.01,0.08
9717,Colony Wars III: Red Sun,PS,2000,Simulation,Psygnosis,0.07,0.05,0,0.01,0.12
3362,Mickey's Speedway USA,N64,2000,Racing,Nintendo,0.37,0.08,0.14,0.01,0.6
13075,Bakemonogatari Portable,PSP,2012,Action,Namco Bandai Games,0,0,0.05,0,0.05
2772,Mortal Kombat: Unchained,PSP,2006,Fighting,Midway Games,0.67,0.01,0,0.06,0.74
314,Sports Champions,PS3,2010,Sports,Sony Computer Entertainment,2.12,1.14,0.1,0.51,3.87
8865,Space Station Silicon Valley,N64,1997,Adventure,Take-Two Interactive,0.12,0.03,0,0,0.15
8190,LEGO Island 2: The Brickster's Revenge,PS,2001,Adventure,LEGO Media,0.1,0.07,0,0.01,0.18
3003,Mass Effect,PC,2008,Role-Playing,Electronic Arts,0,0.59,0,0.09,0.68
12048,Enemy Front,PS3,2014,Shooter,City Interactive,0.01,0.05,0,0.01,0.07
8953,Rayman Origins,3DS,2012,Platform,Ubisoft,0.06,0.08,0,0.01,0.15
5698,LEGO Marvel's Avengers,PS3,2016,Action,Warner Bros. Interactive Entertainment,0.1,0.17,0,0.05,0.32
13479,RollerCoaster Tycoon,PC,N/A,Strategy,Microprose,0.02,0.02,0,0.01,0.04
15345,Rinne no Lagrange: Kamogawa Days,PS3,2012,Adventure,Namco Bandai Games,0,0,0.02,0,0.02
2012,MotorStorm: Arctic Edge,PSP,2009,Racing,Sony Computer Entertainment,0.16,0.58,0,0.3,1.04
1427,Burnout Paradise,X360,2008,Racing,Electronic Arts,0.63,0.58,0.01,0.15,1.36
148,Final Fantasy XII,PS2,2006,Role-Playing,Square Enix,1.88,0,2.33,1.74,5.95
6098,PGA Tour 97,PS,1996,Sports,Electronic Arts,0.16,0.11,0,0.02,0.29
9805,Cory in the House,DS,2007,Action,Disney Interactive Studios,0.11,0,0,0.01,0.12
1313,Medal of Honor: Warfighter,PS3,2012,Action,Electronic Arts,0.47,0.65,0.06,0.28,1.46
14208,The Italian Job,GC,2003,Racing,Eidos Interactive,0.03,0.01,0,0,0.03
7132,3rd Super Robot Wars Z Jigoku Hen,PS3,2014,Role-Playing,Namco Bandai Games,0,0,0.23,0,0.23
4089,Children of Mana,DS,2006,Role-Playing,Nintendo,0.16,0.01,0.29,0.02,0.48
10844,Raven Squad: Operation Hidden Dagger,X360,2009,Shooter,Evolved Games,0.08,0.01,0,0.01,0.09
6421,Superman Returns,X360,2006,Action,Electronic Arts,0.23,0.02,0,0.02,0.27
16205,Hakuoki: Reimeiroku DS,DS,2012,Action,Idea Factory,0,0,0.01,0,0.01
7429,Famicom Mini: Ganbare Goemon! Karakuri Douchuu,GBA,2004,Platform,Konami Digital Entertainment,0,0,0.2,0.01,0.21
5397,Bank Heist,2600,1982,Action,20th Century Fox Video Games,0.32,0.02,0,0,0.34
15307,Hoppie,DS,2011,Platform,Jack of All Games,0.02,0,0,0,0.02
3744,ESPN NBA Basketball,PS2,2003,Sports,Sega,0.26,0.21,0,0.07,0.54
16096,Grand Theft Auto III,PC,2002,Action,Take-Two Interactive,0,0.01,0,0,0.01
7800,Supreme Commander 2,PC,2010,Strategy,Square Enix,0,0.15,0,0.04,0.19
1923,Red Dead Redemption: Undead Nightmare,X360,2010,Action,Take-Two Interactive,0.57,0.39,0.02,0.09,1.07
14630,Monsters vs. Aliens,PC,2009,Action,Activision,0.01,0.01,0,0,0.03
2866,Top Spin 4,PS3,2011,Sports,Take-Two Interactive,0.17,0.4,0,0.14,0.71
2479,Ben 10: Protector of Earth,PS2,2007,Action,D3Publisher,0.09,0,0,0.74,0.84
9626,Teenage Mutant Ninja Turtles: Arcade Attack,DS,2009,Action,Ubisoft,0.12,0,0,0.01,0.13
3976,Bleach: Soul Resurreccion,PS3,2011,Fighting,Nippon Ichi Software,0.27,0.11,0.07,0.05,0.5
5876,Dynasty Warriors 6,X360,2007,Action,Tecmo Koei,0.15,0.06,0.06,0.02,0.3
2718,FIFA 15,Wii,2014,Sports,Electronic Arts,0.24,0.46,0,0.06,0.76
3928,Harry Potter and the Half-Blood Prince,PSP,2009,Action,Electronic Arts,0.18,0.21,0,0.12,0.51
7866,Quake,N64,1998,Shooter,GT Interactive,0.15,0.04,0,0,0.19
5614,ESPN X-Games Pro Boarder,PS,1997,Sports,Sony Computer Entertainment,0.18,0.12,0,0.02,0.32
9658,Actua Tennis,PS,1997,Sports,Gremlin Interactive Ltd,0.07,0.05,0,0.01,0.13
497,Sega Superstars Tennis,X360,2008,Sports,Sega,1.75,0.86,0,0.28,2.9
14538,Robin Hood: Defender of the Crown,XB,2003,Strategy,Capcom,0.02,0.01,0,0,0.03
12854,Front Mission 2089: Border of Madness,DS,2008,Strategy,Square Enix,0,0,0.05,0,0.05
8643,F-Zero: GP Legend,GBA,2003,Racing,Nintendo,0.11,0.04,0,0,0.16
11992,GunParade Orchestra: Shiro no Shou,PS2,2006,Adventure,Sony Computer Entertainment,0,0,0.07,0,0.07
10643,Milo's Astro Lanes,N64,1998,Sports,Interplay,0.08,0.02,0,0,0.1
10886,Fishing Master World Tour,Wii,2009,Sports,Hudson Entertainment,0.09,0,0,0.01,0.09
5539,NCAA GameBreaker 2001,PS,2000,Sports,Sony Computer Entertainment,0.18,0.12,0,0.02,0.33
12017,Drake of the 99 Dragons,XB,N/A,Shooter,Unknown,0.05,0.01,0,0,0.07
16009,Secret Game Portable,PSP,2010,Adventure,Yeti,0,0,0.01,0,0.01
8793,Frogger's Adventures: The Rescue,GC,2003,Platform,Konami Digital Entertainment,0.12,0.03,0,0,0.15
14288,Disney's Hide & Sneak,GC,2003,Action,Capcom,0.03,0.01,0,0,0.03
10982,Space Invaders Extreme,PSP,2008,Shooter,Square Enix,0.06,0.01,0.01,0.01,0.09
14362,PriPara & Pretty Rhythm: PriPara de Tsukaeru Oshare Item 1450!,3DS,2015,Action,Namco Bandai Games,0,0,0.03,0,0.03
9614,X-Men: Next Dimension,GC,2002,Fighting,Activision,0.1,0.03,0,0,0.13
14357,Totally Spies!,GBA,2005,Platform,Atari,0.02,0.01,0,0,0.03
6556,Classic NES Series: Bomberman,GBA,2004,Action,Nintendo,0.1,0.04,0.11,0.01,0.26
6656,Madagascar: Escape 2 Africa,X360,2008,Action,Activision,0.12,0.1,0,0.03,0.25
9955,Rango: The Video Game,DS,2011,Action,Electronic Arts,0.07,0.03,0,0.01,0.12
468,Gears of War: Ultimate Edition,XOne,2015,Shooter,Microsoft Game Studios,2.38,0.32,0,0.31,3
1972,Dance on Broadway,Wii,2010,Misc,Ubisoft,0.27,0.66,0,0.12,1.05
9062,FIFA Soccer 2005,GC,2004,Sports,Electronic Arts,0.11,0.03,0,0,0.14
15113,School Days LxH,PS2,2008,Adventure,Interchannel,0,0,0.02,0,0.02
15210,Ballblazer Champions,PS,1997,Sports,CTO SpA,0.01,0.01,0,0,0.02
7,New Super Mario Bros.,DS,2006,Platform,Nintendo,11.38,9.23,6.5,2.9,30.01
6428,Rory McIlroy PGA Tour,XOne,2015,Action,Electronic Arts,0.15,0.09,0,0.02,0.27
8788,Blazing Angels 2: Secret Missions of WWII,PS3,2007,Simulation,Ubisoft,0.1,0.03,0,0.02,0.15
15885,Earth Defense Force 2017 (old JP sales),X360,2006,Shooter,D3Publisher,0,0,0.02,0,0.02
11085,MLB Superstars,Wii,2008,Sports,Take-Two Interactive,0.08,0,0,0.01,0.09
4781,NFL GameDay 2002,PS,2001,Sports,Sony Computer Entertainment,0.23,0.15,0,0.03,0.4
2041,Harry Potter and the Prisoner of Azkaban,PS2,2004,Action,Electronic Arts,0.5,0.39,0,0.13,1.02
8470,Vehicular Combat League presents Motor Mayhem,PS2,2001,Racing,Atari,0.08,0.06,0,0.02,0.16
8283,Space Battleship Yamato: Harukanaru Hoshi Iscandar,PS,1999,Strategy,Namco Bandai Games,0,0,0.16,0.01,0.17
8875,Sam & Max: Season One,Wii,2008,Adventure,JoWood Productions,0.13,0.01,0,0.01,0.15
12157,Cities XL 2012,PC,2011,Strategy,Focus Home Interactive,0.01,0.05,0,0.01,0.07
6351,Tohoku Daigaku Karei Igaku Kenkyuusho - Kawashima Ryuuta Kyouju Kanshuu - Mono Sugoku Nou o Kitaeru 5-Funkan no Oni Training,3DS,2012,Action,Nintendo,0,0,0.27,0,0.27
743,Saints Row,X360,2006,Action,THQ,1.17,0.78,0.02,0.22,2.19
16497,Legends of Oz: Dorothy's Return,3DS,2014,Puzzle,N/A,0,0.01,0,0,0.01
1162,The Legend of Zelda: Twilight Princess,GC,2006,Action,Nintendo,1.15,0.36,0.04,0.04,1.59
7936,The Munchables,Wii,2009,Action,Namco Bandai Games,0.17,0,0,0.01,0.19
6959,Wallace & Gromit in Project Zoo,PS2,2003,Platform,BAM! Entertainment,0.11,0.09,0,0.03,0.23
9218,Ninjatown,DS,2008,Strategy,SouthPeak Games,0.12,0,0,0.01,0.14
8966,"NewU Fitness First Mind Body, Yoga & Pilates Workout",Wii,2010,Sports,Black Bean Games,0.12,0.02,0,0.01,0.15
11575,Dead Island: Riptide,PC,N/A,Action,Deep Silver,0,0.07,0,0.01,0.08
5446,Fracture,X360,2008,Shooter,LucasArts,0.15,0.14,0,0.04,0.33
5776,Jampack Volume 12,PS2,2005,Misc,Sony Computer Entertainment,0.15,0.12,0,0.04,0.31
8124,SingStar Motown,PS3,2009,Misc,Sony Computer Entertainment,0,0.16,0,0.02,0.18
12165,Chuugaku Eitango Target 1800 DS,DS,2006,Misc,IE Institute,0,0,0.07,0,0.07
8287,SWAT: Global Strike Team,XB,2003,Shooter,Vivendi Games,0.13,0.04,0,0.01,0.17
2121,Far Cry 4,X360,2014,Shooter,Ubisoft,0.45,0.44,0,0.08,0.98
1615,Ninja Gaiden,XB,2004,Action,Microsoft Game Studios,0.92,0.2,0.07,0.04,1.23
14069,Sega Arcade Gallery,GBA,2003,Misc,THQ,0.03,0.01,0,0,0.04
13171,Baku Baku,SAT,1995,Puzzle,Sega,0,0,0.05,0,0.05
6486,Project Runway,Wii,2010,Simulation,Atari,0.24,0,0,0.02,0.26
13686,Yourself Fitness,PS2,2005,Sports,responDESIGN,0.02,0.02,0,0.01,0.04
8034,Casper: Friends Around the World,PS,2000,Action,TDK Core,0.1,0.07,0,0.01,0.18
8945,DrumMania,PS2,2000,Simulation,Konami Digital Entertainment,0,0,0.15,0,0.15
14853,Shakugan no Shana,PS2,2006,Adventure,Media Works,0,0,0.03,0,0.03
4304,Disney Guilty Party,Wii,2010,Misc,Disney Interactive Studios,0.43,0,0,0.03,0.46
5007,Ice Age,GBA,2002,Action,Ubisoft,0.27,0.1,0,0.01,0.38
3060,Tiger Woods PGA Tour 2000,PS,1998,Sports,Electronic Arts,0.37,0.25,0,0.04,0.66
10993,Jikkyou Powerful Pro Yakyuu 14 Ketteiban,PS2,2007,Sports,Konami Digital Entertainment,0,0,0.09,0,0.09
9469,The Oregon Trail,3DS,2011,Simulation,Crave Entertainment,0.12,0,0,0.01,0.13
6402,Deadly Premonition,X360,2010,Action,Rising Star Games,0.18,0.06,0,0.02,0.27
9206,Disney's Chicken Little,XB,2005,Platform,Disney Interactive Studios,0.1,0.03,0,0,0.14
15448,Battle Princess of Arcadias,PS3,2013,Role-Playing,Nippon Ichi Software,0,0,0.02,0,0.02
16250,Ultraman Fighting Evolution 0,PSP,2006,Fighting,Banpresto,0,0,0.01,0,0.01
3686,Top Gun: Fire at Will!,PS,1996,Misc,Microprose,0.3,0.21,0,0.04,0.55
11801,Mega Man Xtreme,GB,2000,Platform,Capcom,0,0,0.07,0,0.07
16397,Nova Usagi no Game de Ryuugaku!? DS,DS,2007,Misc,Konami Digital Entertainment,0,0,0.01,0,0.01
2965,Need for Speed: Shift 2 Unleashed,PS3,2011,Racing,Electronic Arts,0.2,0.36,0,0.13,0.69
13177,Virtua Tennis 3,X360,2007,Sports,Sega,0.03,0.02,0,0,0.05
5014,Marvel Nemesis: Rise of the Imperfects,GC,2005,Fighting,Electronic Arts,0.3,0.08,0,0.01,0.38
9852,4 Game Fun Pack: Monopoly / Boggle / Yahtzee / Battleship,DS,2005,Misc,Atari,0.11,0,0,0.01,0.12
3601,Hamtaro: Ham-Hams Unite!,GB,2001,Role-Playing,Nintendo,0,0,0.56,0,0.56
14906,Evangelion: Jo,PS2,2009,Action,Namco Bandai Games,0,0,0.03,0,0.03
494,FIFA 14,PS4,2013,Sports,Electronic Arts,0.61,1.85,0.11,0.33,2.9
15244,Maji de Manabu: LEC de Ukaru - DS Hishou Boki 3-Kyuu,DS,2008,Misc,Square Enix,0,0,0.02,0,0.02
86,Mario & Sonic at the Olympic Games,Wii,2007,Sports,Sega,2.58,3.9,0.66,0.91,8.06
9630,Kidz Sports: Crazy Golf,Wii,2008,Sports,Data Design Interactive,0.11,0,0,0.01,0.13
156,Tetris,NES,1988,Puzzle,Nintendo,2.97,0.69,1.81,0.11,5.58
1835,"Transformers: The Game (XBox 360, PS2, PS3, Wii & PC Versions)",PS2,2007,Action,Activision,0.63,0.37,0,0.11,1.11
9879,NBA 2K2,GC,2002,Sports,Sega,0.09,0.02,0,0,0.12
14460,S.L.A.I.: Steel Lancer Arena International,PS2,2005,Simulation,Konami Digital Entertainment,0.01,0.01,0,0,0.03
2207,The Witcher 2: Assassins of Kings,X360,2012,Action,Namco Bandai Games,0.48,0.36,0.02,0.08,0.94
10421,Squinkies 2: Adventure Mall Surprize!,DS,2011,Platform,Activision,0.1,0,0,0.01,0.1
13076,Sam & Max: Beyond Time and Space,Wii,2010,Adventure,Atari,0.05,0,0,0,0.05
11687,Brothers in Arms: Furious 4,PS3,2012,Shooter,Ubisoft,0.01,0.05,0,0.02,0.08
3309,Littlest Pet Shop: Garden,DS,2008,Simulation,Electronic Arts,0.31,0.24,0,0.06,0.61
2378,Gex,PS,1995,Platform,Crystal Dynamics,0.49,0.33,0,0.06,0.87
2668,Duke Nukem Forever,PS3,2011,Shooter,Take-Two Interactive,0.33,0.31,0,0.12,0.77
9120,Chicken Shoot,DS,2007,Action,Zoo Digital Publishing,0.13,0,0,0.01,0.14
10714,System Flaw,DS,2009,Shooter,Enjoy Gaming ltd.,0.09,0,0,0.01,0.1
4008,Super Robot Taisen Z,PS2,2008,Strategy,Namco Bandai Games,0,0,0.5,0,0.5
975,SpongeBob SquarePants: SuperSponge,PS,2001,Action,THQ,1.12,0.58,0,0.08,1.78
12329,Order Up!!,PS3,2011,Action,Funbox Media,0.04,0.01,0,0.01,0.06
1938,Hot Wheels Turbo Racing,PS,1999,Racing,Electronic Arts,0.59,0.4,0,0.07,1.07
292,Forza Motorsport 2,X360,2007,Racing,Microsoft Game Studios,2.35,1.28,0.03,0.41,4.06
3617,Soul Sacrifice,PSV,2013,Role-Playing,Sony Computer Entertainment,0.18,0.09,0.22,0.06,0.56
10729,Animal Planet: Vet Life,Wii,2009,Simulation,Activision,0.09,0,0,0.01,0.1
8748,Deponia,PC,2012,Adventure,Daedalic,0,0.13,0,0.03,0.15
2344,EA Sports UFC 2,PS4,2016,Sports,Electronic Arts,0.28,0.47,0,0.14,0.89
302,Left 4 Dead 2,X360,2009,Shooter,Electronic Arts,2.67,0.89,0.05,0.37,3.99
3041,Rock Band 3,Wii,2010,Misc,MTV Games,0.56,0.06,0,0.05,0.67
11310,101-in-1 Sports Megamix,DS,2010,Sports,Nordcurrent,0.08,0,0,0.01,0.08
15342,Homefront: The Revolution,PC,2016,Shooter,Deep Silver,0,0.02,0,0,0.02
3658,Assassin's Creed: Unity,PC,2014,Action,Ubisoft,0.17,0.33,0,0.05,0.55
11927,Vampire Legends: Power of Three,DS,2010,Adventure,THQ,0.07,0,0,0,0.07
3857,J-League Pro Soccer Club o Tsukurou! 3,PS2,2003,Sports,Sega,0,0,0.52,0,0.52
12,Mario Kart DS,DS,2005,Racing,Nintendo,9.81,7.57,4.13,1.92,23.42
908,LEGO Star Wars III: The Clone Wars,Wii,2011,Action,LucasArts,1.08,0.66,0,0.17,1.91
13237,Kekkon Zenya,SAT,1995,Adventure,Shogakukan,0,0,0.05,0,0.05
13501,Resident Evil 6,PC,2012,Shooter,Capcom,0,0.04,0,0.01,0.04
10249,Sakura Taisen Hanagumi Tsuushin,SAT,1997,Misc,Sega,0,0,0.11,0,0.11
4743,Disney Princess: Enchanting Storybooks,Wii,2011,Misc,THQ,0.26,0.11,0,0.04,0.41
7155,Gundam Battle Chronicle,PSP,2007,Action,Namco Bandai Games,0,0,0.22,0,0.22
12645,Jewel Master: Cradle of Persia,DS,2012,Puzzle,Rising Star Games,0,0.05,0,0.01,0.06
16161,Monkey Madness: Island Escape,DS,2010,Action,Storm City Games,0.01,0,0,0,0.01
13981,Gumby vs. the Astrobots,GBA,2005,Action,Namco Bandai Games,0.03,0.01,0,0,0.04
12282,Broken Sword 5: The Serpent's Curse,PS4,2015,Adventure,Revolution Software,0,0.06,0,0.01,0.06
15871,Shin Sangoku Musou Online: Souten Ranbu,PS3,2010,Action,Tecmo Koei,0,0,0.02,0,0.02
6441,Gallop Racer 2: One and Only Road to Victory,PS,1997,Sports,Tecmo Koei,0,0,0.25,0.02,0.27
1649,WCW Mayhem,PS,1998,Fighting,Electronic Arts,0.68,0.46,0,0.08,1.22
14380,Fullmetal Alchemist: Brotherhood,PSP,N/A,Action,Unknown,0,0,0.03,0,0.03
890,Virtua Fighter 2,SAT,1995,Fighting,Sega,0.34,0.26,1.3,0.03,1.93
14369,Lock On: Modern Air Combat,PC,2003,Simulation,Ubisoft,0,0.03,0,0.01,0.03
13421,Family Fortunes,DS,2009,Misc,Mindscape,0,0.04,0,0,0.05
8110,Horrid Henry: Missions of Mischief,DS,2010,Adventure,SouthPeak Games,0.01,0.15,0,0.02,0.18
9910,Sniper Elite,Wii,2010,Shooter,Reef Entertainment,0.08,0.03,0,0.01,0.12
937,Jak 3,PS2,2004,Platform,Sony Computer Entertainment,1.33,0.49,0,0.03,1.85
3229,Tiger Woods PGA Tour 12: The Masters,X360,2011,Sports,Electronic Arts,0.4,0.17,0,0.05,0.63
270,FIFA Soccer 06,PS2,2005,Sports,Electronic Arts,0.78,2.55,0.04,0.84,4.21
13677,Luxor: Pharaoh's Challenge,Wii,N/A,Puzzle,Funsta,0.01,0.03,0,0,0.04
9851,Famicom Mini: TwinBee,GBA,2004,Shooter,Konami Digital Entertainment,0,0,0.12,0,0.12
1952,Worms Armageddon,PS,1999,Strategy,Microprose,0.18,0.81,0,0.08,1.06
3974,Boogie,Wii,2007,Misc,Electronic Arts,0.43,0.03,0,0.04,0.5
2782,The Lord of the Rings: The Two Towers,GBA,2002,Action,Electronic Arts,0.53,0.2,0,0.01,0.74
13589,Free Running,Wii,2009,Sports,Reef Entertainment,0.02,0.02,0,0,0.04
1611,Star Wars Episode III: Revenge of the Sith,XB,2005,Action,Activision,0.82,0.38,0,0.04,1.24
1137,Rage,X360,2011,Shooter,Bethesda Softworks,0.82,0.61,0.03,0.15,1.62
5610,The Legend of Spyro: Dawn of the Dragon,X360,2008,Platform,Vivendi Games,0.16,0.13,0,0.03,0.32
6863,NBA Live 10,PSP,2009,Sports,Electronic Arts,0.21,0,0.01,0.02,0.24
16304,Fireman Sam: Action Stations,DS,2013,Action,Avanquest Software,0,0.01,0,0,0.01
5350,UEFA Euro 2008 Austria-Switzerland,X360,2008,Sports,Electronic Arts,0.08,0.23,0,0.03,0.35
2516,Killer Instinct Gold,N64,1996,Fighting,Nintendo,0.61,0.19,0,0.01,0.82
8573,Doctor Who: Evacuation Earth,DS,2010,Adventure,Asylum Entertainment,0,0.14,0,0.02,0.16
3799,X-Men Legends,GC,2004,Role-Playing,Activision,0.41,0.11,0,0.01,0.53
3705,Sonic & All-Stars Racing Transformed,PS3,2012,Racing,Sega,0.08,0.33,0.01,0.11,0.54
6872,Road Rash 64,N64,1999,Racing,THQ,0.19,0.05,0,0,0.24
8001,Hello Kitty: Birthday Adventures,DS,2010,Adventure,Namco Bandai Games,0.06,0.11,0,0.02,0.18
1990,Guinness World Records: The Videogame,Wii,2008,Action,Warner Bros. Interactive Entertainment,0.46,0.47,0,0.11,1.04
5588,Test Drive Unlimited,X360,2006,Racing,Atari,0.23,0.04,0.02,0.03,0.32
8400,Batman Beyond: Return of the Joker,PS,2000,Action,Ubisoft,0.09,0.06,0,0.01,0.17
11339,RTX Red Rock,PS2,2003,Shooter,LucasArts,0.04,0.03,0,0.01,0.08
1253,SoulCalibur II,GC,2003,Fighting,Namco Bandai Games,0.99,0.32,0.11,0.08,1.5
5625,Minute to Win It,X360,2011,Misc,Zoo Games,0.3,0,0,0.02,0.32
8229,Mark Davis Pro Bass Challenge,PS2,2002,Sports,Natsume,0.09,0.07,0,0.02,0.17
257,FIFA 14,X360,2013,Sports,Electronic Arts,0.92,2.93,0.01,0.46,4.31
1063,Jampack Winter '99,PS,1999,Misc,Sony Computer Entertainment,0.94,0.64,0,0.11,1.69
10705,Naruto Shippuden: Gekito Ninja Taisen! EX,Wii,2007,Fighting,Takara Tomy,0,0,0.1,0,0.1
16373,Gobliiins 4,PC,2009,Adventure,Kalypso Media,0,0.01,0,0,0.01
9366,Ben 10 Galactic Racing,3DS,2011,Racing,D3Publisher,0.07,0.06,0,0.01,0.13
15541,Guitar Freaks V3 & DrumMania V3,PS2,2007,Simulation,Konami Digital Entertainment,0,0,0.02,0,0.02
7716,Baldur's Gate: Dark Alliance,XB,2002,Role-Playing,Virgin Interactive,0.15,0.04,0,0.01,0.2
785,Dynasty Warriors 4,PS2,2003,Action,Tecmo Koei,0.63,0.21,1.13,0.13,2.11
13274,Saiyuki: Journey West,PS,1999,Strategy,Tecmo Koei,0.03,0.02,0,0,0.05
4275,Farming Simulator 2015,PS3,2015,Simulation,Koch Media,0.11,0.28,0,0.07,0.46
11532,Hidden Invasion,PS2,2001,Shooter,Swing! Entertainment,0.04,0.03,0,0.01,0.08
6909,Viva Pinata: Party Animals,X360,2007,Misc,Microsoft Game Studios,0.19,0.03,0,0.02,0.24
13027,Luminous Arc Infinity,PSV,2015,Action,Marvel Entertainment,0,0,0.05,0,0.05
14530,Muv-Luv Alternative: Total Eclipse,PS3,2013,Simulation,5pb,0,0,0.03,0,0.03
3335,New Play Control! Pikmin 2,Wii,2009,Strategy,Nintendo,0.11,0.14,0.33,0.02,0.6
1678,Ganbare Goemon! Karakuri Douchuu,NES,1986,Platform,Konami Digital Entertainment,0,0,1.2,0,1.2
16398,LMA Manager 2007,X360,2006,Sports,Codemasters,0,0.01,0,0,0.01
7532,Midnight Club 3: DUB Edition Remix,XB,2006,Racing,Take-Two Interactive,0.15,0.04,0,0.01,0.2
16226,Nyaruko-San: Nafushigatai Game no You na Mono,PSV,2013,Adventure,5pb,0,0,0.01,0,0.01
3058,MLB 2004,PS2,2003,Sports,Sony Computer Entertainment,0.32,0.25,0,0.08,0.66
11735,Yoru no Nai Kuni,PS4,2015,Role-Playing,Tecmo Koei,0,0,0.08,0,0.08
10408,Child of Light,PSV,2014,Role-Playing,Ubisoft,0,0.07,0.02,0.02,0.11
174,Final Fantasy IX,PS,2000,Role-Playing,SquareSoft,1.62,0.77,2.78,0.14,5.3
12164,Batman: Rise of Sin Tzu,GBA,2003,Action,Ubisoft,0.05,0.02,0,0,0.07
16203,Hyakka Yakou,PSV,2015,Action,Unknown,0,0,0.01,0,0.01
5123,Dungeon Siege III,X360,2011,Role-Playing,Square Enix,0.21,0.12,0.01,0.03,0.37
7847,Inazuma Eleven Strikers 2012 Xtreme,Wii,2011,Role-Playing,Level 5,0,0,0.19,0,0.19
8985,Cars: Mater-National Championship,X360,2007,Racing,THQ,0.13,0,0,0.01,0.15
3511,Far Cry Instincts,XB,2005,Shooter,Ubisoft,0.32,0.24,0,0.02,0.57
3264,Wipeout: The Game,DS,2010,Misc,Activision,0.58,0,0,0.04,0.62
5428,Persona 5,PS4,2016,Role-Playing,Atlus,0,0,0.34,0,0.34
6010,Imagine: Fashion Designer World Tour,DS,2009,Simulation,Ubisoft,0.27,0,0,0.02,0.29
9067,Record of Agarest War 2,PS3,2010,Role-Playing,Compile Heart,0.09,0,0.04,0.01,0.14
3842,Way of the Samurai 3,PS3,2008,Action,Gamebridge,0.18,0.08,0.22,0.04,0.52
4497,Dora the Explorer: Dora Puppy,DS,2009,Misc,Take-Two Interactive,0.39,0.01,0,0.03,0.43
1509,LEGO Battles,DS,2009,Strategy,Warner Bros. Interactive Entertainment,0.81,0.38,0,0.12,1.31
12231,Pocky & Rocky with Becky,GBA,2001,Shooter,Altron,0.05,0.02,0,0,0.07
14467,Dennou Senki Virtual-On Force,X360,2010,Fighting,Sega,0,0,0.03,0,0.03
13104,Medal of Honor: European Assault (weekly JP sales),PS2,2005,Shooter,Electronic Arts,0,0,0.05,0,0.05
4557,TRON: Evolution,PS3,2010,Action,Disney Interactive Studios,0.27,0.1,0,0.05,0.43
5043,DiRT 2,Wii,2009,Racing,Codemasters,0.11,0.23,0,0.04,0.38
2125,Madden NFL 16,X360,2015,Sports,Electronic Arts,0.82,0.05,0,0.1,0.98
5378,Radiant Historia,DS,2010,Role-Playing,Atlus,0.24,0,0.09,0.02,0.34
1448,The Simpsons: Hit & Run,XB,2003,Racing,Vivendi Games,0.7,0.58,0,0.07,1.35
2421,Madden Football 64,N64,1997,Sports,Electronic Arts,0.81,0.04,0,0.01,0.86
813,Dark Souls,PS3,2011,Role-Playing,Namco Bandai Games,0.75,0.54,0.54,0.23,2.07
887,Batman: Arkham Origins,X360,2013,Action,Warner Bros. Interactive Entertainment,1.15,0.61,0,0.17,1.93
10414,Fairy Tail: Portable Guild,PSP,2010,Fighting,Konami Digital Entertainment,0,0,0.11,0,0.11
13505,Heatseeker,PSP,2007,Action,Codemasters,0.04,0,0,0,0.04
3570,Classic NES Series: Dr. Mario,GBA,2004,Puzzle,Nintendo,0.31,0.11,0.13,0.01,0.56
766,R.C. Pro-Am,NES,1988,Racing,Nintendo,1.47,0.38,0.19,0.1,2.14
8855,Bakugan Battle Brawlers: Defenders of the Core,PSP,2010,Action,Activision,0.09,0.04,0,0.03,0.15
11697,One Piece: Gear Spirit,DS,2007,Fighting,Namco Bandai Games,0,0,0.08,0,0.08
4490,Dragon Ball Z: Shin Budokai - Another Road,PSP,2007,Fighting,Atari,0.19,0.09,0.08,0.07,0.44
5396,Off Road Challenge,N64,1998,Racing,GT Interactive,0.27,0.06,0,0,0.34
1652,Super Street Fighter IV: 3D Edition,3DS,2011,Fighting,Capcom,0.55,0.44,0.14,0.09,1.22
3900,Summoner,PS2,2000,Role-Playing,THQ,0.25,0.2,0,0.07,0.51
2146,LEGO Star Wars II: The Original Trilogy,GC,2006,Action,LucasArts,0.75,0.19,0,0.03,0.97
6370,Thoroughbred Breeder II,SNES,1994,Simulation,Hect,0,0,0.27,0,0.27
900,The Sims: Makin' Magic,PC,2003,Simulation,Electronic Arts,1.03,0.8,0,0.09,1.92
11187,Puss in Boots,PS3,2011,Action,THQ,0.07,0.01,0,0.01,0.09
8871,T'ai Fu: Wrath of the Tiger,PS,1998,Action,Activision,0.08,0.06,0,0.01,0.15
4500,Need for Speed Underground 2,GBA,2004,Racing,Electronic Arts,0.31,0.12,0,0.01,0.43
7384,Robotech: Battlecry,XB,N/A,Shooter,Unknown,0.16,0.05,0,0.01,0.21
11840,Mugen Souls Z,PS3,2013,Role-Playing,Nippon Ichi Software,0.02,0.01,0.04,0.01,0.07
2894,Jeopardy!,PS,1997,Misc,Hasbro Interactive,0.39,0.27,0,0.05,0.71
4438,50 Cent: Bulletproof,XB,2005,Action,Vivendi Games,0.33,0.1,0,0.02,0.44
14733,Greg Hastings' Tournament Paintball Max'd,GBA,2006,Shooter,Activision,0.02,0.01,0,0,0.03
12054,Higurashi no Naku Koro ni Matsuri: Kakera Asobi,PS2,2007,Adventure,Alchemist,0,0,0.07,0,0.07
11853,Alvin and the Chipmunks,PS2,2007,Misc,Brash Entertainment,0.04,0.03,0,0.01,0.07
6803,Cabela's Outdoor Adventures (2009),X360,2009,Sports,Activision Value,0.23,0,0,0.02,0.24
3811,Juiced,PS2,2005,Racing,THQ,0.26,0.2,0,0.07,0.53
12615,Dig Dug: Digging Strike,DS,2005,Puzzle,Atari,0.05,0,0,0,0.06
2823,SSX,X360,2012,Sports,Electronic Arts,0.38,0.28,0,0.06,0.72
14896,R-Type Delta,PS,1998,Shooter,Irem Software Engineering,0.01,0.01,0,0,0.03
8478,Alien Resurrection,PS,2000,Shooter,Fox Interactive,0.09,0.06,0,0.01,0.16
5080,The Golden Compass,PSP,N/A,Action,Sega,0.11,0.16,0,0.1,0.38
15053,Luxor: The Wrath of Set,PSP,2006,Puzzle,Mumbo Jumbo,0.02,0,0,0,0.02
1585,NBA Live 2001,PS,2000,Sports,Electronic Arts,0.7,0.47,0,0.08,1.25
10296,Rock Band: Metal Track Pack,PS2,2009,Misc,MTV Games,0.05,0.04,0,0.01,0.11
6187,Backyard Wrestling 2: There Goes the Neighborhood,PS2,2004,Fighting,Eidos Interactive,0.14,0.11,0,0.04,0.28
7340,College Hoops 2K7,X360,2006,Sports,Take-Two Interactive,0.2,0,0,0.02,0.21
3049,Borderlands: The Pre-Sequel,PS3,2014,Shooter,Take-Two Interactive,0.25,0.26,0.05,0.11,0.67
13747,Kikou Heidan J-Phoenix 2,PS2,2003,Action,Takara,0,0,0.04,0,0.04
16377,Cross Edge Dash,X360,2009,Role-Playing,Compile Heart,0,0,0.01,0,0.01
7094,World Soccer Winning Eleven 2010: Aoki Samurai no Chousen,PS3,2010,Sports,Konami Digital Entertainment,0,0,0.23,0,0.23
5557,Samurai Warriors 2: Xtreme Legends (JP sales),PS2,2007,Action,Tecmo Koei,0,0,0.33,0,0.33
2398,Brothers in Arms: Hell's Highway,X360,2008,Shooter,Ubisoft,0.47,0.31,0,0.09,0.87
10129,Funky Barn,3DS,2012,Simulation,Ubisoft,0.07,0.03,0,0.01,0.11
13640,Devil May Cry 4,PC,2008,Action,Capcom,0.01,0.02,0,0.01,0.04
8049,How to Train Your Dragon,PS3,2010,Action,Activision,0.12,0.04,0,0.02,0.18
9019,The Fifth Element,PS,1998,Action,Sony Computer Entertainment,0.08,0.05,0,0.01,0.14
6498,Jonah Lomu Rugby Challenge,PS3,N/A,Sports,Home Entertainment Suppliers,0,0.2,0,0.06,0.26
12246,Jewel Quest IV: Heritage,DS,2011,Puzzle,iWin,0,0.05,0,0.01,0.06
14400,Jikandia: The Timeless Land,PSP,2010,Role-Playing,Idea Factory,0.03,0,0,0,0.03
4882,Ultimate Spider-Man,XB,2005,Action,Activision,0.26,0.11,0,0.02,0.39
7293,SBK X: Superbike World Championship,PS3,2010,Racing,Black Bean Games,0.05,0.13,0,0.04,0.22
14972,Pony Luv,DS,2008,Simulation,GSP,0.02,0,0,0,0.02
3913,"Transformers: War for Cybertron (XBox 360, PS3, & PC Versions)",PS3,2010,Shooter,Activision,0.24,0.19,0,0.08,0.51
9432,Destruction Derby Arenas,PS2,2004,Racing,Sony Computer Entertainment,0.06,0.05,0,0.02,0.13
12908,Sitting Ducks,PS2,2003,Platform,LSP Games,0.03,0.02,0,0.01,0.05
8377,Reloaded,PS,1996,Action,Gremlin Interactive Ltd,0.09,0.06,0,0.01,0.17
731,Need for Speed: Hot Pursuit,X360,2010,Racing,Electronic Arts,1.03,0.98,0,0.21,2.22
4582,Guitar Hero: Smash Hits,X360,2009,Misc,Activision,0.23,0.15,0,0.04,0.42
14309,Sonic Boom: Fire & Ice,3DS,2016,Platform,Sega,0.03,0,0,0,0.03
3746,Over the Hedge,PS2,2006,Platform,Activision,0.45,0.02,0,0.07,0.54
12617,Brave: A Warrior's Tale,Wii,2009,Action,SouthPeak Games,0.05,0,0,0,0.06
673,LEGO Harry Potter: Years 1-4,DS,2010,Action,Warner Bros. Interactive Entertainment,1.07,1.05,0,0.23,2.35
15364,Prehistorik Man,GBA,2001,Platform,THQ,0.01,0.01,0,0,0.02
13457,National Geographic Panda (US sales),DS,2008,Simulation,Ubisoft,0.04,0,0,0,0.04
9074,MTV Music Generator 3: This Is the Remix,PS2,2004,Misc,Codemasters,0.07,0.05,0,0.02,0.14
12204,Tokobot,PSP,2005,Platform,Take-Two Interactive,0.06,0,0,0.01,0.07
395,LEGO Batman: The Videogame,X360,2008,Action,Warner Bros. Interactive Entertainment,2.03,1.03,0,0.32,3.38
14204,Dead or Alive Xtreme 3: Venus,PSV,2016,Sports,Tecmo Koei,0,0,0.03,0,0.03
12831,Medal of Honor: Airborne,PC,2007,Shooter,Electronic Arts,0,0.04,0,0.01,0.05
5571,Shin Nippon Pro Wrestling: Toukon Retsuden,PS,1995,Fighting,Tomy Corporation,0,0,0.3,0.02,0.33
13119,Nounai Aeshe: IQ Suppli DS 2 - Sukkiri King Ketteisen,DS,2007,Misc,Spike,0,0,0.05,0,0.05
15236,Dance! It's Your Stage,PS3,2011,Misc,DTP Entertainment,0,0.02,0,0.01,0.02
14534,Hakuouki,PS2,2008,Adventure,Idea Factory,0,0,0.03,0,0.03
10736,Power Stone Collection,PSP,2006,Action,Capcom,0.08,0,0,0.01,0.1
13669,Unison: Rebels of Rhythm & Dance,PS2,2000,Misc,Tecmo Koei,0.02,0.02,0,0.01,0.04
1726,Sonic Rush Adventure,DS,2007,Platform,Sega,0.54,0.49,0.01,0.12,1.17
16558,Codename: Panzers Complete Collection,PC,2016,Strategy,Nordic Games,0,0.01,0,0,0.01
110,Fallout 4,PS4,2015,Role-Playing,Bethesda Softworks,2.47,3.15,0.24,1.1,6.96
7591,Ogre Battle Saga Episode Five: The March of the Black Queen,PS,1996,Role-Playing,ArtDink,0.06,0.04,0.09,0.01,0.2
415,Monster Hunter X,3DS,2015,Action,Capcom,0.25,0.19,2.78,0.04,3.26
10814,Minority Report: Everybody Runs,XB,2002,Action,Activision,0.07,0.02,0,0,0.1
893,Watch Dogs,PS3,2014,Action,Ubisoft,0.56,0.89,0.1,0.37,1.93
16073,East India Company,PC,2009,Strategy,Paradox Interactive,0.01,0,0,0,0.01
7376,Metal Gear Solid V: The Phantom Pain,X360,2015,Action,Konami Digital Entertainment,0.12,0.08,0,0.02,0.21
1768,Kaboom!,2600,1980,Misc,Activision,1.07,0.07,0,0.01,1.15
2083,Dead Space 3,X360,2013,Action,Electronic Arts,0.64,0.28,0,0.08,0.99
9214,Cabela's African Safari,X360,2006,Sports,Activision Value,0.13,0,0,0.01,0.14
8956,Risen 2: Dark Waters,X360,2012,Role-Playing,Deep Silver,0.05,0.08,0,0.01,0.15
10697,F1 2014,PC,2014,Racing,Codemasters,0,0.09,0,0.01,0.1
14890,The Peanuts Movie: Snoopy's Grand Adventure,X360,2015,Action,Activision,0,0.02,0,0,0.03
16413,"Sakigake!! Otokojuku - Nihon yo, Kore ga Otoko Dearu!",PS3,2014,Fighting,Namco Bandai Games,0,0,0.01,0,0.01
6038,Turning Point: Fall of Liberty,X360,2008,Shooter,Codemasters,0.23,0.04,0,0.02,0.29
10132,Pac-Man Pinball Advance,GBA,2005,Misc,Zoo Digital Publishing,0.08,0.03,0,0,0.11
10749,Famicom Mini: Mappy,GBA,2004,Platform,Nintendo,0,0,0.09,0,0.1
1918,Marvel vs. Capcom 3: Fate of Two Worlds,X360,2011,Fighting,Capcom,0.79,0.18,0.03,0.07,1.08
4850,Nicktoons: Freeze Frame Frenzy,GBA,2004,Action,THQ,0.29,0.11,0,0.01,0.4
13786,Guild Wars Trilogy,PC,2005,Role-Playing,NCSoft,0,0.03,0,0.01,0.04
3169,Gravity Rush,PSV,2012,Action,Sony Computer Entertainment,0.26,0.2,0.09,0.1,0.64
12097,Secret Files: Tunguska,Wii,2008,Adventure,Koch Media,0.05,0.02,0,0.01,0.07
13777,The Legend of Heroes: Trails in the Sky First Chapter,PS3,2012,Role-Playing,Falcom Corporation,0,0,0.04,0,0.04
15077,Bottom of the 9th '97,PS,1997,Sports,Konami Digital Entertainment,0.01,0.01,0,0,0.02
7195,Rapala's Fishing Frenzy,Wii,2008,Sports,Activision,0.2,0,0,0.02,0.22
13351,Ore-Sama Kingdom: Koi no Manga mo Debut o Mokushise! Doki Doki Love Lesson,DS,2011,Action,Namco Bandai Games,0,0,0.05,0,0.05
5136,Kotoba no Puzzle: Mojipittan DS,DS,2007,Puzzle,Namco Bandai Games,0,0,0.37,0,0.37
15109,D.Gray-man: Sousha no Shikaku,PS2,2008,Adventure,Konami Digital Entertainment,0,0,0.02,0,0.02
6110,SingStar Country,PS2,2008,Misc,Sony Computer Entertainment,0.14,0.11,0,0.04,0.28
8917,Gallop & Ride!,Wii,2008,Sports,THQ,0.14,0,0,0.01,0.15
5672,The Conveni: Ano Machi wo Dokusen Seyo,PS,1997,Simulation,Human Entertainment,0,0,0.3,0.02,0.32
4686,Tomb Raider: The Last Revelation,PC,1998,Action,Eidos Interactive,0.41,0,0,0,0.41
2431,FIFA Soccer 08,DS,2007,Sports,Electronic Arts,0.1,0.65,0,0.11,0.85
7824,Dave Mirra Freestyle BMX 2,GBA,2001,Sports,Acclaim Entertainment,0.14,0.05,0,0,0.19
13038,Hakuoki: Stories of the Shinsengumi,PS3,2010,Adventure,Idea Factory,0.02,0,0.03,0,0.05
5339,Lunar 2: Eternal Blue Complete,PS,1999,Role-Playing,Kadokawa Shoten,0.19,0.13,0,0.02,0.35
4893,Danball Senki,PSP,2011,Role-Playing,Level 5,0,0,0.39,0,0.39
9051,Legend of the Guardians: The Owls of Ga'Hoole,DS,2010,Action,Warner Bros. Interactive Entertainment,0.11,0.02,0,0.01,0.14
4677,Zone of the Enders: The 2nd Runner,PS2,2003,Simulation,Konami Digital Entertainment,0.15,0.12,0.11,0.04,0.41
6956,Need For Speed: Undercover,DS,2008,Racing,Electronic Arts,0.18,0.03,0,0.02,0.23
5590,Madden NFL 13,PSV,2012,Sports,Electronic Arts,0.3,0,0,0.03,0.32
12435,Shonen Jump's Shaman King: Legacy of the Spirits - Soaring Hawk/Sprinting Wolf,GBA,2005,Action,Konami Digital Entertainment,0.04,0.02,0,0,0.06
1628,"WarioWare, Inc.: Mega MicroGame$",GBA,2003,Puzzle,Nintendo,0.4,0.11,0.7,0.02,1.23
3937,Dragon Ball Z: Supersonic Warriors,GBA,2004,Fighting,Atari,0.36,0.13,0,0.01,0.51
14220,Pachitte Chonmage Tatsujin 12: Pachinko Ultraman,PS2,2007,Misc,Hackberry,0,0,0.03,0,0.03
13270,Venus & Braves: Majo to Megami to Horobi no Yogen,PSP,2011,Role-Playing,Namco Bandai Games,0,0,0.05,0,0.05
9661,Sonic Jam,SAT,1997,Platform,Sega,0,0,0.12,0,0.12
12575,Atelier Sophie: The Alchemist of the Mysterious Book,PSV,2015,Role-Playing,Tecmo Koei,0,0,0.06,0,0.06
5581,Teenage Mutant Ninja Turtles 2: Battle Nexus,GBA,2004,Action,Konami Digital Entertainment,0.23,0.09,0,0.01,0.32
8879,BloodRayne 2,XB,2004,Shooter,THQ,0.11,0.03,0,0.01,0.15
2626,Personal Trainer: Walking,DS,2008,Sports,Nintendo,0.22,0.32,0.17,0.07,0.79
7113,Family Party: 30 Great Games Winter Fun,Wii,2010,Sports,D3Publisher,0.21,0,0,0.01,0.23
3724,Bust A Groove,PS,1998,Misc,Sony Computer Entertainment,0.09,0.06,0.35,0.04,0.54
1425,Tom Clancy's Ghost Recon 2,XB,2004,Shooter,Ubisoft,0.86,0.45,0,0.06,1.36
10315,Cats & Dogs: The Revenge of Kitty Galore,DS,2010,Action,505 Games,0.1,0,0,0.01,0.11
1568,Jet Li: Rise to Honor,PS2,2004,Action,Sony Computer Entertainment,0.62,0.48,0,0.16,1.27
14145,Gekiatsu!! Pachi Game Tamashi Max: Evangelion 7 x Seimei no Kodou,PS3,2012,Misc,Fields,0,0,0.03,0,0.03
300,Fallout 3,PS3,2008,Role-Playing,Bethesda Softworks,2.15,1.2,0.07,0.59,4.01
9985,Fantastic Four: Rise of the Silver Surfer,X360,2007,Action,Take-Two Interactive,0.1,0.01,0,0.01,0.12
12801,WWF Wrestlemania: The Arcade Game,PS,1995,Fighting,Acclaim Entertainment,0.03,0.02,0,0,0.06
429,Enter the Matrix,PS2,2003,Action,Atari,1.78,1.12,0.09,0.19,3.18
5769,Shrek's Carnival Craze Party Games,Wii,2008,Misc,Activision,0.28,0,0,0.02,0.31
7338,Akiba's Trip: Undead & Undressed,PSV,2013,Action,Nippon Ichi Software,0.09,0.02,0.08,0.03,0.21
22,Super Mario Land,GB,1989,Platform,Nintendo,10.83,2.71,4.18,0.42,18.14
11553,Johnny Test,DS,2011,Platform,505 Games,0.07,0,0,0.01,0.08
12770,Dreamer Series: Babysitter,DS,2009,Simulation,Deep Silver,0.05,0,0,0,0.06
2915,Madden NFL 2005,GC,2004,Sports,Electronic Arts,0.54,0.14,0,0.02,0.7
5870,Decathlete,SAT,1994,Sports,Sega,0,0,0.3,0,0.3
4254,Brothers In Arms: Earned in Blood,PS2,2005,Shooter,Ubisoft,0.38,0.01,0,0.06,0.46
232,The Legend of Zelda: A Link to the Past,SNES,1991,Action,Nintendo,2.42,0.91,1.15,0.13,4.61
14342,My Pet Shop (JP sales),DS,2008,Simulation,Square Enix,0,0,0.03,0,0.03
9600,Fit in Six,PS3,2011,Sports,Ubisoft,0.12,0,0,0.01,0.13
7919,Taiko no Tatsujin: Wii U Version!,WiiU,2013,Misc,Namco Bandai Games,0,0,0.19,0,0.19
696,Tomb Raider II,PC,1997,Action,Eidos Interactive,0.91,1.25,0,0.13,2.29
9964,Lunar 2: Eternal Blue,SAT,1998,Role-Playing,Kadokawa Shoten,0,0,0.12,0,0.12
840,Just Dance 3,X360,2011,Misc,Ubisoft,1.47,0.4,0,0.16,2.03
15041,Steins;Gate: Senkei Kousoku no Phonogram,X360,2013,Adventure,5pb,0,0,0.02,0,0.02
6430,Summer Sports 2: Island Sports Party,Wii,2008,Sports,Ubisoft,0.24,0,0,0.02,0.27
3713,Resident Evil: Revelations 2,PS4,2015,Action,Capcom,0.13,0.24,0.1,0.07,0.54
971,Beyond: Two Souls,PS3,2013,Adventure,Sony Computer Entertainment,0.52,0.88,0.06,0.34,1.79
9605,Deepak Chopra's Leela,X360,2011,Misc,THQ,0.07,0.05,0,0.01,0.13
4829,Top Gear Rally,N64,1997,Racing,Kemco,0.32,0.07,0,0,0.4
10164,Pinball Hall of Fame: The Williams Collection,PSP,2008,Misc,System 3 Arcade Software,0.09,0.01,0,0.01,0.11
4866,Command & Conquer,PS,1996,Strategy,Virgin Interactive,0.22,0.15,0,0.03,0.4
7674,Puzzle & Dragons X: God Chapter / Dragon Chapter,3DS,2016,Action,GungHo,0,0,0.2,0,0.2
2020,NCAA March Madness 2004,PS2,2003,Sports,Electronic Arts,0.5,0.39,0,0.13,1.03
14136,Daito Giken Premium Pachi-Slot Collection: Yoshimune,PS2,2006,Misc,Daito,0,0,0.03,0,0.03
7518,Sloane to MacHale no Nazo no Monogatari,DS,2009,Puzzle,Level 5,0,0,0.2,0,0.2
2570,Moto Racer,PS,1997,Racing,Electronic Arts,0.45,0.3,0,0.05,0.8
487,WWE SmackDown! vs. RAW 2006,PS2,2005,Fighting,THQ,1.45,1.11,0.04,0.33,2.94
9886,Jeremy McGrath Supercross World,GC,2002,Racing,Acclaim Entertainment,0.09,0.02,0,0,0.12
9143,Gungrave: Overdose,PS2,2004,Shooter,Play It,0.07,0.05,0,0.02,0.14
7796,Super Robot Taisen: Scramble Commander,PS2,2003,Strategy,Banpresto,0,0,0.19,0,0.19
3128,Star Ocean: First Departure,PSP,2007,Role-Playing,Square Enix,0.2,0.14,0.22,0.09,0.65
14209,Crazy Chicken: Star Karts,DS,2008,Racing,Phenomedia,0.03,0,0,0,0.03
12221,Top Gun,PS3,2011,Simulation,505 Games,0.06,0,0,0.01,0.07
855,Harry Potter and the Chamber of Secrets,GBA,2002,Action,Electronic Arts,1.21,0.64,0.05,0.09,1.99
2753,X-Men Origins: Wolverine - Uncaged Edition,PS3,2009,Action,Activision,0.31,0.32,0,0.13,0.75
4057,Epic Mickey: Power of Illusion,3DS,2012,Action,Disney Interactive Studios,0.36,0.04,0.04,0.04,0.49
6727,Prince of Persia: The Forgotten Sands,Wii,2010,Action,Ubisoft,0.11,0.11,0,0.02,0.25
8316,Hunter: The Reckoning Redeemer,XB,2003,Action,Interplay,0.13,0.04,0,0.01,0.17
12385,Blur,PC,2010,Racing,Activision,0.01,0.04,0,0.01,0.06
9662,Puella Magi Madoka Magica Portable,PSP,2012,Role-Playing,Namco Bandai Games,0,0,0.12,0,0.12
2906,Tony Hawk's Underground,GC,2003,Sports,Activision,0.54,0.14,0,0.02,0.7
12971,Metal Slug Anthology,PSP,2007,Shooter,Ignition Entertainment,0.02,0,0.02,0.01,0.05
11203,Knights in the Nightmare,PSP,2010,Role-Playing,Atlus,0.06,0,0.02,0.01,0.09
375,Kung Fu,NES,1985,Action,Nintendo,1.64,0.38,1.42,0.06,3.5
4028,Dragon Quest Heroes: The World's Tree Woe and the Blight Below,PS3,2015,Action,Square Enix,0,0,0.49,0,0.49
15515,Soukoku no Kusabi: Hiiro no Kakera 3 - Ashita e no Tobira,PSP,2012,Action,Idea Factory,0,0,0.02,0,0.02
3026,Need For Speed: Undercover,Wii,2008,Racing,Electronic Arts,0.27,0.32,0,0.07,0.67
16233,Hi Hi Puffy AmiYumi: The Genie & the Amp,DS,2006,Action,D3Publisher,0.01,0,0,0,0.01
6156,Kung Fu Chaos,XB,2003,Fighting,Microsoft Game Studios,0.21,0.06,0,0.01,0.28
8317,The Rise of the Argonauts,X360,2008,Role-Playing,Codemasters,0.03,0.12,0,0.01,0.17
984,Madden NFL 25,PS3,2013,Sports,Electronic Arts,1.59,0.03,0,0.15,1.77
11941,Fantasy Aquarium by DS,DS,2008,Simulation,Mercury Games,0.07,0,0,0.01,0.07
15128,Tokyo Mew Mew,PS,2002,Role-Playing,Takara,0,0,0.02,0,0.02
14757,Xblaze: Lost Memories,PSV,2015,Adventure,Arc System Works,0.02,0,0,0.01,0.03
4350,F.E.A.R. 3,X360,2011,Shooter,Warner Bros. Interactive Entertainment,0.3,0.11,0.01,0.04,0.45
4492,Star Wars: Jedi Starfighter,XB,2002,Simulation,Activision,0.35,0.07,0,0.02,0.44
3626,NCAA Football 07,XB,2006,Sports,Electronic Arts,0.42,0.12,0,0.01,0.56
8987,Drawn to Life Collection,DS,2010,Misc,THQ,0.14,0,0,0.01,0.15
2508,Tony Hawk's Underground 2 Remix,PSP,2005,Sports,Activision,0.46,0.21,0,0.15,0.82
12281,BMX XXX,GC,2002,Sports,Acclaim Entertainment,0.05,0.01,0,0,0.06
3618,G-Force,DS,2009,Action,Disney Interactive Studios,0.27,0.23,0,0.06,0.56
3908,Rugrats: Scavenger Hunt,N64,1999,Misc,THQ,0.41,0.09,0,0.01,0.51
7978,Little Battlers eXperience W,PSP,2012,Role-Playing,Level 5,0,0,0.19,0,0.19
479,The Sims 4,PC,2014,Simulation,Electronic Arts,0.96,1.72,0,0.29,2.97
6684,Mortal Kombat: Armageddon,Wii,2007,Fighting,Midway Games,0.21,0.02,0,0.02,0.25
6731,America's Army: Rise of a Soldier,XB,2005,Shooter,Ubisoft,0.19,0.05,0,0.01,0.25
4343,Sega Rally Revo,X360,2007,Racing,Sega,0.12,0.28,0,0.05,0.45
11226,FIFA 12,PS2,2011,Sports,Electronic Arts,0,0.02,0,0.06,0.09
11165,R: Racing Evolution,XB,2003,Racing,Namco Bandai Games,0.06,0.02,0,0,0.09
2079,Disney Infinity,PS3,2013,Action,Disney Interactive Studios,0.48,0.35,0,0.16,1
2381,Derby Stallion II,SNES,1994,Sports,ASCII Entertainment,0,0,0.87,0,0.87
7325,Crash 'N' Burn,PS2,2004,Racing,Eidos Interactive,0.11,0.08,0,0.03,0.21
13061,Yanya Caballista: City Skater,PS2,2001,Sports,Tecmo Koei,0.02,0.02,0,0.01,0.05
5082,Quake 4,X360,2005,Shooter,Activision,0.32,0.03,0,0.03,0.38
16063,"Pachi-Slot Teiou: Golgo 13 Las Vegas (JP sales, but wrong system)",PS2,2002,Misc,Media Entertainment,0,0,0.01,0,0.01
2728,Harvest Moon: Animal Parade,Wii,2008,Simulation,Rising Star Games,0.6,0.09,0.02,0.05,0.76
5240,U-Sing,Wii,2009,Misc,Mindscape,0,0.32,0,0.03,0.36
12482,World Series of Poker 2008: Battle for the Bracelets,DS,2007,Misc,Activision,0.05,0,0,0,0.06
1780,Tak and the Power of Juju,PS2,2003,Platform,THQ,0.56,0.44,0,0.15,1.15
9888,HardBall 5,PS,1996,Sports,SPS,0.07,0.04,0,0.01,0.12
14905,War Gods,PS,1996,Fighting,GT Interactive,0.01,0.01,0,0,0.03
7205,Barbie: Groom and Glam Pups,Wii,2010,Action,THQ,0.19,0.02,0,0.01,0.22
422,Baseball,NES,1983,Sports,Nintendo,0.73,0.1,2.35,0.02,3.2
3615,WWE 2K15,XOne,2014,Sports,Take-Two Interactive,0.28,0.23,0,0.04,0.56
6635,Game of Thrones,PS3,2012,Role-Playing,Focus Home Interactive,0.1,0.11,0,0.04,0.25
11304,Air Conflicts: Secret Wars,X360,2011,Simulation,bitComposer Games,0.06,0.02,0,0.01,0.08
14866,Open Season,PS2,2006,Platform,Ubisoft,0.01,0.01,0,0,0.03
14614,Race Driver 2006,PSP,2006,Racing,Codemasters,0.03,0,0,0,0.03
11603,Mission Runway,DS,2008,Simulation,Eidos Interactive,0.07,0.01,0,0.01,0.08
15764,One Piece Mansion,PS,2001,Action,Capcom,0.01,0.01,0,0,0.02
11334,SaGa 3: Jikuu no Hasha - Shadow or Light,DS,2011,Role-Playing,Square Enix,0,0,0.08,0,0.08
6332,Yu-Gi-Oh! The Sacred Cards (JP weekly sales),GBA,2002,Role-Playing,Konami Digital Entertainment,0,0,0.26,0.01,0.27
3851,IL-2 Sturmovik: Birds of Prey,X360,2009,Simulation,505 Games,0.23,0.24,0,0.05,0.52
4962,Super Famista 3,SNES,1994,Sports,Namco Bandai Games,0,0,0.39,0,0.39
2535,Ready 2 Rumble Boxing: Round 2,PS2,2000,Fighting,Midway Games,0.4,0.31,0,0.1,0.81
4182,"Warhammer 40,000: Dawn of War II",PC,2009,Strategy,THQ,0,0.45,0,0.02,0.47
1346,NCAA Football 2003,PS2,2002,Sports,Electronic Arts,1.16,0.08,0,0.19,1.44
15081,HatsuKare * Renai Debut Sengen!,PSP,2013,Adventure,FuRyu,0,0,0.02,0,0.02
5887,Monster Truck Madness 64,N64,1999,Racing,Take-Two Interactive,0.24,0.06,0,0,0.3
12761,Roogoo Twisted Towers,Wii,2009,Puzzle,SouthPeak Games,0.05,0,0,0,0.06
6999,Carnival Island,PS3,2011,Misc,Sony Computer Entertainment,0.13,0.06,0,0.04,0.23
14337,Classic Dungeon: Fuyoku no Masoujin,PSP,2010,Role-Playing,Nippon Ichi Software,0,0,0.03,0,0.03
15360,Saki: Achiga-Hen Portable,PSP,2013,Adventure,Alchemist,0,0,0.02,0,0.02
2316,Samba De Amigo,Wii,2008,Misc,Sega,0.42,0.37,0.01,0.1,0.9
128,The Legend of Zelda,NES,1986,Action,Nintendo,3.74,0.93,1.69,0.14,6.51
13882,Glacier2,Wii,2009,Racing,Zoo Games,0.04,0,0,0,0.04
1910,DiRT 3,PS3,2011,Racing,Codemasters,0.27,0.59,0.01,0.21,1.08
13172,Pro Cycling Manager 2016,PS4,2016,Sports,Focus Home Interactive,0,0.04,0,0.01,0.05
7810,Avatar: The Last Airbender - Into the Inferno,Wii,2008,Adventure,THQ,0.17,0.01,0,0.01,0.19
16550,Bookworm Deluxe,PC,2006,Puzzle,PopCap Games,0.01,0,0,0,0.01
5725,Barbie as The Island Princess,DS,2007,Adventure,Activision,0.28,0.01,0,0.02,0.31
5584,Batman: Arkham Origins,PC,2013,Action,Warner Bros. Interactive Entertainment,0.13,0.16,0,0.04,0.32
3566,Ms. Pac-Man Maze Madness,GBA,2004,Puzzle,Zoo Digital Publishing,0.4,0.15,0,0.01,0.56
7870,Tottadoo! Yoiko no Mujintou Seikatsu,DS,2008,Adventure,Namco Bandai Games,0,0,0.19,0,0.19
2461,Xenoblade Chronicles X,WiiU,2015,Role-Playing,Nintendo,0.36,0.28,0.14,0.06,0.84
13388,Fantastic Four: Rise of the Silver Surfer,Wii,2007,Action,Take-Two Interactive,0.04,0.01,0,0,0.05
14455,Peak Performance,PS,1997,Racing,JVC,0.02,0.01,0,0,0.03
1077,LEGO Batman 2: DC Super Heroes,X360,2012,Action,Warner Bros. Interactive Entertainment,0.9,0.64,0,0.15,1.68
104,Battlefield 3,PS3,2011,Shooter,Electronic Arts,2.85,2.93,0.35,1.1,7.23
10620,Choujikuu Yousai Macross: Ai Oboete Imasu ka,SAT,1997,Shooter,Namco Bandai Games,0,0,0.1,0,0.1
16317,Really? Really! DS,DS,2009,Adventure,Kadokawa Shoten,0,0,0.01,0,0.01
10738,Blast Chamber,PS,1996,Shooter,Activision,0.05,0.04,0,0.01,0.1
7914,Harry Potter and the Prisoner of Azkaban,XB,2004,Action,Electronic Arts,0.14,0.04,0,0.01,0.19
4214,World Series of Poker,PS2,2005,Misc,Activision,0.39,0.01,0,0.06,0.47
7647,Untold Legends: Dark Kingdom,PS3,2006,Role-Playing,Electronic Arts,0.14,0.02,0.02,0.02,0.2
2103,Shadow The Hedgehog,GC,2005,Platform,Sega,0.76,0.2,0,0.03,0.99
14948,Warhammer Online: Age of Reckoning,PC,2008,Role-Playing,GOA,0,0.02,0,0,0.02
8695,Kingdom Hearts: Birth by Sleep - Final Mix,PSP,2011,Role-Playing,Square Enix,0,0,0.16,0,0.16
12859,Saki: Zenkoku-hen,PSV,2015,Misc,Kaga Create,0,0,0.05,0,0.05
6994,Test Drive: Eve of Destruction,PS2,2004,Racing,Atari,0.11,0.09,0,0.03,0.23
4817,Samurai Shodown,SNES,1994,Fighting,Takara,0,0,0.4,0,0.4
9491,TRON: Evolution,PSP,2010,Action,Disney Interactive Studios,0.09,0.02,0,0.02,0.13
7596,Treasure World,DS,2009,Simulation,Aspyr,0.19,0,0,0.01,0.2
16392,WSC REAL 09: World Snooker Championship,X360,2009,Sports,Deep Silver,0,0.01,0,0,0.01
13267,2002 FIFA World Cup,GC,2002,Sports,Electronic Arts,0.04,0.01,0,0,0.05
4005,Dynasty Warriors: Gundam 2,PS3,2008,Action,Namco Bandai Games,0.09,0.07,0.32,0.03,0.5
15310,The Lord of the Rings Online: Mines of Moria,PC,2008,Role-Playing,Codemasters Online,0,0.02,0,0,0.02
16253,Strider (2014),PS3,2014,Platform,Capcom,0,0,0.01,0,0.01
7241,Nickelodeon Party Blast,XB,2002,Misc,Infogrames,0.16,0.05,0,0.01,0.22
12616,Dance Sensation!,Wii,2010,Misc,Majesco Entertainment,0.06,0,0,0,0.06
141,Gears of War 3,X360,2011,Shooter,Microsoft Game Studios,4.05,1.62,0.07,0.49,6.24
11005,DaGeDar,DS,2011,Action,GameMill Entertainment,0.09,0,0,0.01,0.09
9468,Sally's Salon,DS,2008,Simulation,Capcom,0.12,0,0,0.01,0.13
7923,Arcania: Gothic 4,PC,2010,Role-Playing,JoWood Productions,0.09,0.08,0,0.02,0.19
1119,Ghosts 'n Goblins,NES,1986,Action,Capcom,0.74,0.26,0.61,0.03,1.64
10704,Ride,XOne,2015,Racing,Milestone S.r.l.,0.04,0.05,0,0.01,0.1
8346,Time and Eternity,PS3,2012,Role-Playing,Nippon Ichi Software,0.06,0.03,0.06,0.02,0.17
11451,Kaidan Restaurant: Ura Menu 100-Sen,DS,2010,Misc,Namco Bandai Games,0,0,0.08,0,0.08
3871,Petz: Hamsterz Life 2,DS,2007,Misc,Ubisoft,0.48,0,0,0.04,0.52
13878,Holly Hobbie & Friends,DS,2007,Misc,Majesco Entertainment,0.04,0,0,0,0.04
13268,Colin McRae Rally 2005,XB,2004,Racing,Codemasters,0.04,0.01,0,0,0.05
12795,Imagine: Party Planner,DS,2009,Simulation,Ubisoft,0.05,0,0,0,0.06
11106,No More Heroes: Red Zone,PS3,2011,Action,Marvelous Interactive,0,0,0.09,0,0.09
10871,Field & Stream: Total Outdoorsman Challenge,X360,2010,Sports,505 Games,0.09,0,0,0.01,0.09
9058,Ford Racing Off Road,PSP,2008,Racing,Xplosiv,0.05,0.08,0,0.02,0.14
13320,Naruto: Uzumaki Chronicles 2 (JP sales),PS2,2006,Action,Namco Bandai Games,0,0,0.05,0,0.05
8029,Evolve,PC,2015,Shooter,Take-Two Interactive,0.07,0.1,0,0.01,0.18
5619,Naruto: Ultimate Ninja (JP sales),PS2,2003,Fighting,Atari,0,0,0.32,0,0.32
701,Yokai Watch Busters,3DS,2015,Action,Level 5,0,0,2.28,0,2.28
6062,Dynasty Tactics,PS2,2002,Strategy,Tecmo Koei,0.06,0.05,0.16,0.02,0.29
13872,Sega Rally 2006,PS2,N/A,Racing,Unknown,0,0,0.04,0,0.04
12973,Game no Kanzume Vol 2,SCD,1994,Misc,Sega,0,0,0.05,0,0.05
8549,Yu-Gi-Oh! 5D's Tag Force 6,PSP,2011,Strategy,Konami Digital Entertainment,0,0,0.16,0,0.16
6998,The Club,PS3,2008,Shooter,Sega,0.14,0.07,0,0.03,0.23
2073,NBA Live 97,PS,1996,Sports,Electronic Arts,0.55,0.38,0,0.07,1
7958,The Scorpion King: Sword of Osiris,GBA,2002,Action,Vivendi Games,0.13,0.05,0,0,0.19
9071,Monster Lab,DS,2008,Role-Playing,Eidos Interactive,0.12,0.01,0,0.01,0.14
12379,Star Trek: Tactical Assault,DS,2006,Strategy,Ubisoft,0.05,0.01,0,0,0.06
463,Rayman,PS,1995,Platform,Ubisoft,1.54,1.33,0,0.16,3.03
9911,Etrian Odyssey V,3DS,2016,Role-Playing,Atlus,0,0,0.12,0,0.12
14854,Monster Mayhem: Build and Battle,Wii,2009,Simulation,Zushi Games,0.02,0,0,0,0.03
14154,Trap Gunner: Countdown to Oblivion,PS,1998,Strategy,Konami Digital Entertainment,0.02,0.01,0,0,0.03
6367,Resident Evil: Revelations,X360,2013,Action,Capcom,0.12,0.11,0.02,0.02,0.27
4579,NHL 2K6,PS2,2005,Sports,Take-Two Interactive,0.21,0.16,0,0.05,0.42
12457,Big Bang Mini,DS,2009,Shooter,SouthPeak Games,0.05,0,0,0,0.06
6978,Saint Seiya: Sanctuary Battle,PS3,2011,Action,Namco Bandai Games,0,0.09,0.11,0.03,0.23
9462,Romance of the Three Kingdoms IV: Wall of Fire,PS,1995,Strategy,Tecmo Koei,0.05,0.03,0.04,0.01,0.13
6983,Cross Edge,PS3,2008,Role-Playing,Nippon Ichi Software,0.14,0.02,0.05,0.02,0.23
6631,World Series of Poker,XB,2005,Misc,Activision,0.19,0.05,0,0.01,0.25
1764,Omerta: City of Gangsters,PS3,2011,Simulation,Konami Digital Entertainment,0.52,0.46,0,0.17,1.15
8109,Burnout Legends,DS,2005,Racing,Electronic Arts,0.15,0.02,0,0.01,0.18
15751,Just Cause,PC,2006,Action,Eidos Interactive,0,0.01,0,0,0.02
14060,Cook Wars,Wii,2009,Misc,Ubisoft,0.03,0,0,0,0.04
1969,Skylanders: Trap Team,Wii,2014,Action,Activision,0.42,0.54,0,0.08,1.05
11174,Team Elimination Games,Wii,2009,Misc,Ubisoft,0.08,0,0,0.01,0.09
491,WarioWare: Smooth Moves,Wii,2006,Puzzle,Nintendo,0.87,1.06,0.73,0.26,2.92
9763,Megamind: Ultimate Showdown,X360,2010,Action,THQ,0.07,0.04,0,0.01,0.12
3405,BurgerTime,2600,1981,Puzzle,Mattel Interactive,0.55,0.03,0,0.01,0.59
8926,Pac-Man World 3,XB,2005,Platform,Namco Bandai Games,0.11,0.04,0,0.01,0.15
4461,Petz: Horsez 2,DS,2007,Simulation,Ubisoft,0.41,0,0,0.03,0.44
11525,Lost Dimension,PS3,2014,Role-Playing,Nippon Ichi Software,0.05,0.01,0,0.01,0.08
15205,Tale of a Hero,PC,2010,Adventure,Daedalic,0,0.02,0,0.01,0.02
419,Madden NFL 16,PS4,2015,Sports,Electronic Arts,2.33,0.3,0,0.59,3.22
15298,Casper: Spirit Dimensions,GC,2002,Platform,TDK Mediactive,0.02,0,0,0,0.02
8789,Bigfoot: Collision Course,DS,2009,Racing,Zoo Digital Publishing,0.14,0,0,0.01,0.15
3065,NHL 10,X360,2009,Sports,Electronic Arts,0.51,0.1,0,0.06,0.66
11016,Sega Casino,DS,2005,Misc,Sega,0.08,0,0,0.01,0.09
10034,Girl Time,DS,2009,Simulation,THQ,0.11,0,0,0.01,0.11
12029,Alpha and Omega,DS,2010,Action,Unknown,0.06,0,0,0,0.07
4243,Kessen II,PS2,2001,Strategy,THQ,0.13,0.1,0.2,0.03,0.46
15155,18 Wheels of Steel: Extreme Trucker,PC,2009,Racing,Rondomedia,0,0.02,0,0,0.02
10790,Castlevania Double Pack,GBA,2006,Platform,Konami Digital Entertainment,0.07,0.03,0,0,0.1
7217,Imagine: Boutique Owner,DS,2009,Simulation,Ubisoft,0.2,0,0,0.02,0.22
13492,Dead Island Definitive Collection,XOne,2016,Action,Deep Silver,0.02,0.02,0,0,0.04
8163,Tomb Raider: Underworld,PS2,2009,Action,Eidos Interactive,0.09,0.04,0,0.05,0.18
16491,Bomberman,Wii,2008,Puzzle,Hudson Entertainment,0,0,0.01,0,0.01
4534,Mischief Makers,N64,1997,Platform,Nintendo,0.25,0.06,0.07,0.06,0.43
7975,J-League Pro Soccer Club o Tsukurou! 5,PS2,2007,Sports,Sega,0,0,0.19,0,0.19
1012,Kirby's Adventure,NES,1993,Platform,Nintendo,0.79,0.14,0.8,0.02,1.75
1203,Spider-Man 2: Enter: Electro,PS,2001,Action,Activision,0.57,0.87,0.02,0.09,1.55
7895,Cabela's Survival: Shadows of Katmai,PS3,2011,Sports,Activision,0.11,0.05,0,0.03,0.19
163,Super Mario Advance,GBA,2001,Platform,Nintendo,3.14,1.24,0.91,0.2,5.49
9714,Wild ARMs 5 (jp sales),PS2,2006,Role-Playing,505 Games,0,0,0.12,0,0.12
5467,Ultimate Marvel vs. Capcom 3,PSV,2011,Fighting,Capcom,0.2,0.09,0,0.05,0.33
6357,Fantastic 4,XB,2005,Action,Activision,0.2,0.06,0,0.01,0.27
7317,Cabela's Big Game Hunter: Ultimate Challenge,PS,2001,Sports,Activision Value,0.12,0.08,0,0.01,0.21
3216,Metroid Prime: Trilogy,Wii,2009,Shooter,Nintendo,0.43,0.05,0,0.14,0.63
15355,Hakuoki: Shinkai - Furi no Shou,PSV,2015,Action,Idea Factory,0,0,0.02,0,0.02
12947,Dynamite Headdy,GEN,1993,Platform,Sega,0,0,0.05,0,0.05
12239,Hasbro Family Game Night Fun Pack,X360,2011,Misc,Electronic Arts,0.06,0,0,0,0.07
8648,Darksiders II,WiiU,2012,Action,THQ,0.07,0.07,0,0.01,0.16
9677,Disney Sing It: Party Hits,PS3,2010,Misc,Disney Interactive Studios,0.1,0.01,0,0.01,0.12
12774,Meitantei Conan: Tantei Ryoku Trainer,DS,2007,Misc,Namco Bandai Games,0,0,0.06,0,0.06
12803,Cabela's Big Game Hunter 2005 Adventures,GBA,2004,Sports,Activision,0.04,0.01,0,0,0.06
16334,Rondo of Swords (jp sales),DS,2007,Role-Playing,Success,0,0,0.01,0,0.01
15380,The Sims 2: Happy Holiday Stuff,PC,2006,Simulation,Electronic Arts,0.01,0.01,0,0,0.02
5008,Sega Superstars Tennis,PS2,2008,Sports,Sega,0.1,0,0,0.28,0.38
2928,Ape Escape: On the Loose,PSP,2005,Platform,Sony Computer Entertainment,0.52,0.01,0.12,0.05,0.7
8649,Dragon's Lair Trilogy,Wii,2010,Adventure,Destineer,0.15,0,0,0.01,0.16
11674,Pac-Man World 3,PSP,2005,Platform,Namco Bandai Games,0.07,0,0,0.01,0.08
11336,Phantom Brave: The Hermuda Triangle,PSP,2010,Role-Playing,Nippon Ichi Software,0.05,0,0.03,0.01,0.08
4395,Defender II,2600,1987,Shooter,Atari,0.42,0.02,0,0,0.45
9890,MLB Inside Pitch 2003,XB,2003,Sports,Microsoft Game Studios,0.09,0.03,0,0,0.12
11747,Boku no Natsuyasumi Portable 2: Nazo Nazo Shimai to Chinbotsusen no Himitsu,PSP,2010,Adventure,Sony Computer Entertainment,0,0,0.07,0,0.07
13536,Conflict: Desert Storm II - Back to Bagdhad,GC,2004,Shooter,SCi,0.03,0.01,0,0,0.04
2917,SplashDown,PS2,2001,Racing,Atari,0.34,0.27,0,0.09,0.7
15556,Super Dodge Ball,NG,1995,Sports,Technos Japan Corporation,0,0,0.02,0,0.02
11180,Escape Dead Island,X360,2014,Action,Deep Silver,0.03,0.05,0,0.01,0.09
8027,Dynasty Warriors 8: Empires,PS4,2014,Action,Tecmo Koei,0.06,0.07,0.03,0.02,0.18
7136,Legion: The Legend of Excalibur,PS2,2002,Action,Midway Games,0.11,0.09,0,0.03,0.22
4847,The Urbz: Sims in the City,GC,2004,Simulation,Electronic Arts,0.24,0.14,0,0.02,0.4
3484,NBA 2K7,X360,2006,Sports,Take-Two Interactive,0.53,0,0,0.04,0.58
11659,Katekyoo Hitman Reborn! DS: Flame Rumble Kaien Ring Soudatsuen!,DS,2007,Fighting,Takara Tomy,0,0,0.08,0,0.08
3785,Peter Jackson's King Kong: The Official Game of the Movie,XB,2005,Action,Ubisoft,0.34,0.17,0,0.02,0.53
11329,The Seven Deadly Sins: Unjust Sin,3DS,2015,Adventure,Namco Bandai Games,0,0,0.08,0,0.08
16464,Razor Freestyle Scooter,GBA,2001,Sports,Ubisoft,0.01,0,0,0,0.01
16165,Tiger Woods PGA Tour 2005,PC,2004,Sports,Electronic Arts,0,0.01,0,0,0.01
2654,Jr. Pac-Man,2600,1983,Puzzle,Atari,0.72,0.05,0,0.01,0.78
5331,NFL Street,GC,2004,Sports,Electronic Arts,0.27,0.07,0,0.01,0.35
15531,Rugby 06,XB,2006,Sports,Electronic Arts,0.01,0,0,0,0.02
1260,Madden NFL 2001,PS2,2000,Sports,Electronic Arts,1.19,0.07,0.05,0.2,1.5
12880,Dynasty Warriors 5,XB,2005,Action,Tecmo Koei,0.04,0.01,0,0,0.05
8844,Musashi: Samurai Legend,PS2,2005,Role-Playing,Atari,0.07,0.06,0,0.02,0.15
13596,Igor: The Game,DS,2008,Adventure,Legacy Interactive,0.04,0,0,0,0.04
15157,Winning Post 8 2015,PS3,2015,Action,Tecmo Koei,0,0,0.02,0,0.02
11101,Spider-Man: Edge of Time,Wii,2011,Action,Activision,0.06,0.02,0,0.01,0.09
1679,NFL 2K,DC,1999,Sports,Sega,1.12,0.05,0,0.02,1.2
10692,Happy Feet Two,X360,N/A,Action,Warner Bros. Interactive Entertainment,0.08,0.01,0,0.01,0.1
12787,Ken to Mahou to Gakuen Mono. 3D,3DS,2011,Role-Playing,Acquire,0,0,0.06,0,0.06
15241,The Idolmaster: Gravure For You! Vol.9,PS3,2012,Action,Namco Bandai Games,0,0,0.02,0,0.02
13222,Winter Sports 3: The Great Tournament,Wii,2010,Sports,Tradewest,0.02,0.02,0,0,0.05
9650,Power Pro Kun Pocket 13,DS,2010,Sports,Konami Digital Entertainment,0,0,0.13,0,0.13
3509,Spider-Man 3,X360,2007,Platform,Activision,0.49,0.04,0,0.04,0.57
12126,Cartoon Network: Punch Time Explosion XL,PS3,2011,Fighting,Crave Entertainment,0.06,0,0,0,0.07
10356,Jupiter Strike,PS,1994,Shooter,Acclaim Entertainment,0.06,0.04,0,0.01,0.11
3006,Turok,PS3,2008,Action,Touchstone,0.35,0.22,0.01,0.1,0.68
9560,Legends of Wrestling,GC,2002,Fighting,Acclaim Entertainment,0.1,0.03,0,0,0.13
721,Dissidia: Final Fantasy,PSP,2008,Fighting,Square Enix,0.51,0.51,0.91,0.32,2.25
5773,Mega Man Battle Network 2,GBA,2002,Action,Ubisoft,0.22,0.08,0,0.01,0.31
2656,Banjo-Kazooie: Nuts & Bolts,X360,2008,Platform,Microsoft Game Studios,0.32,0.36,0,0.09,0.78
10040,DiRT Rally,XOne,2016,Racing,Codemasters,0.03,0.08,0,0.01,0.11
9374,WipeOut 3 The Game,WiiU,2012,Action,Activision,0.12,0,0,0.01,0.13
15767,Soul Eater: Monotone Princess,Wii,2008,Action,Square Enix,0,0,0.02,0,0.02
2186,NCAA Football 2000,PS,1999,Sports,Electronic Arts,0.53,0.36,0,0.06,0.95
2119,Driver: San Francisco,PS3,2011,Racing,Ubisoft,0.24,0.54,0.01,0.18,0.98
2023,The Simpsons Game,Wii,2007,Action,Electronic Arts,0.45,0.47,0,0.11,1.03
10017,Mechanic Master,DS,2008,Puzzle,Midway Games,0.1,0,0,0.01,0.11
6706,Pro Yakyuu Team o Tsukurou!,SAT,1998,Sports,Sega,0,0,0.25,0,0.25
7269,Hasbro Family Game Night,DS,2009,Puzzle,Electronic Arts,0.01,0.19,0,0.02,0.22
1547,WWE '13,X360,2012,Action,THQ,0.72,0.45,0,0.11,1.28
5634,Kirby's Block Ball,GB,1995,Puzzle,Nintendo,0,0,0.32,0,0.32
4887,NHL 99,N64,1998,Sports,Electronic Arts,0.38,0.01,0,0,0.39
10255,Outlaw Golf: Nine Holes of Christmas,XB,2002,Sports,Simon & Schuster Interactive,0.08,0.02,0,0,0.11
9524,Nintendo Puzzle Collection,GC,N/A,Puzzle,Unknown,0,0,0.13,0,0.13
10696,CSI: Hard Evidence,X360,2007,Adventure,Ubisoft,0.07,0.02,0,0.01,0.1
4753,NBA 2K11,PS2,2010,Action,Take-Two Interactive,0.34,0.01,0,0.06,0.41
6800,Guitar Freaks,PS,1999,Simulation,Konami Digital Entertainment,0,0,0.23,0.02,0.24
13322,Snoopy vs the Red Baron,PSP,2006,Adventure,Namco Bandai Games,0.04,0,0,0,0.05
75,Mario Party DS,DS,2007,Misc,Nintendo,4.46,1.88,1.98,0.7,9.02
8527,Dancing With The Stars,PS2,2007,Misc,Activision,0.08,0.06,0,0.02,0.16
1513,Gold's Gym: Cardio Workout,Wii,2008,Sports,Ubisoft,1.11,0.04,0.06,0.09,1.31
3449,Q*bert,2600,1982,Puzzle,Parker Bros.,0.55,0.03,0,0.01,0.58
2101,WWE SmackDown vs Raw 2008,Wii,2007,Fighting,THQ,0.38,0.5,0,0.11,0.99
13161,Ty the Tasmanian Tiger 3: Night of the Quinkan,GBA,2005,Action,Zoo Digital Publishing,0.04,0.01,0,0,0.05
4580,Medal of Honor: Rising Sun,GC,2003,Shooter,Electronic Arts,0.33,0.09,0,0.01,0.42
3688,Dragon Ball Z: Shin Budokai,PSP,2006,Fighting,Atari,0.26,0.08,0.13,0.07,0.55
16194,Homeworld Remastered Collection,PC,N/A,Strategy,N/A,0,0.01,0,0,0.01
5639,Rally Cross,PS,1997,Racing,Sony Computer Entertainment,0.18,0.12,0,0.02,0.32
14768,Mahou Sensei Negima! Kagai Jugyou ~Otome no Dokidoki Beachside~,PS2,2006,Adventure,Konami Digital Entertainment,0,0,0.03,0,0.03
15028,Future Tactics: The Uprising,GC,2004,Strategy,JoWood Productions,0.02,0,0,0,0.02
956,The Sims: Hot Date,PC,2001,Simulation,Electronic Arts,1.81,0,0,0,1.82
7237,NBA Jam Extreme,PS,1996,Sports,Acclaim Entertainment,0.12,0.08,0,0.01,0.22
11259,Winter Sports 2: The Next Challenge,PS2,2008,Sports,Conspiracy Entertainment,0.04,0.03,0,0.01,0.08
6850,Luminous Arc,DS,2007,Role-Playing,Rising Star Games,0.16,0,0.06,0.01,0.24
13838,The Sims 4: Spa Day,PC,2015,Simulation,Electronic Arts,0,0.04,0,0,0.04
13128,Winning Post 7 2013,PS3,2013,Sports,Tecmo Koei,0,0,0.05,0,0.05
12886,Defendin' De Penguin,Wii,2008,Strategy,Zushi Games,0.05,0,0,0,0.05
16000,Black Cat,PS2,2006,Action,Capcom,0,0,0.01,0,0.01
145,Metal Gear Solid 4: Guns of the Patriots,PS3,2008,Action,Konami Digital Entertainment,2.63,1.74,0.83,0.83,6.03
3813,Batman: Arkham Origins Blackgate,PSV,2013,Action,Warner Bros. Interactive Entertainment,0.2,0.2,0,0.13,0.53
1495,Mega Man Battle Network 4: Red Sun / Blue Moon,GBA,2003,Role-Playing,Capcom,0.31,0.04,0.96,0.01,1.32
2671,Boxing,2600,1980,Fighting,Activision,0.72,0.04,0,0.01,0.77
10589,Alvin and the Chipmunks: Chipwrecked,X360,2011,Misc,505 Games,0.08,0.01,0,0.01,0.1
6579,Hunted: The Demon's Forge,PS3,2011,Action,Bethesda Softworks,0.12,0.08,0.02,0.04,0.26
8012,Indiana Jones and the Emperor's Tomb,XB,2003,Action,LucasArts,0.14,0.04,0,0.01,0.18
925,The Legend of Zelda: Oracle of Seasons,GB,2001,Adventure,Nintendo,0.87,0.52,0.41,0.06,1.86
16071,Mortal Kombat: Tournament Edition,GBA,2003,Fighting,Midway Games,0.01,0,0,0,0.01
1875,Yakuza 2,PS2,2006,Adventure,Sega,0.05,0.04,0.84,0.16,1.09
4891,Brunswick Pro Bowling,Wii,2007,Sports,505 Games,0.36,0.01,0,0.03,0.39
15772,Clock Zero: Shuuen no Ichibyou - ExTime,PSV,2015,Action,Idea Factory,0,0,0.02,0,0.02
6224,Dynasty Warriors: Gundam,PS2,2008,Action,Namco Bandai Games,0,0,0.28,0,0.28
11694,Stella Deus: The Gate of Eternity,PS2,2004,Strategy,505 Games,0.04,0.03,0,0.01,0.08
1839,Rock Band,PS2,N/A,Misc,Electronic Arts,0.71,0.06,0,0.35,1.11
16083,Virtua Tennis 3,PC,2007,Sports,Sega,0,0.01,0,0,0.01
4283,Command & Conquer: Red Alert 3,X360,2008,Strategy,Electronic Arts,0.18,0.23,0,0.05,0.46
12969,Taito Legends Power Up,PSP,2007,Action,Destineer,0.05,0,0,0,0.05
6654,Up,PS3,2009,Action,THQ,0.15,0.07,0,0.03,0.25
1040,Madden NFL 2005,XB,2004,Sports,Electronic Arts,1.61,0.03,0,0.08,1.72
12961,The Nightmare of Druaga: Fushigino Dungeon,PS2,2004,Role-Playing,Arika,0.03,0.02,0,0.01,0.05
10038,Primal Rage,PS,1994,Fighting,Time Warner Interactive,0.06,0.04,0,0.01,0.11
12411,Paws & Claws: Pampered Pets 2,DS,2011,Simulation,THQ,0.06,0,0,0,0.06
2247,Top Gun: Combat Zones,PS2,2001,Simulation,Titus,0.45,0.35,0,0.12,0.92
106,Tekken 3,PS,1998,Fighting,Sony Computer Entertainment,3.27,2.22,1.4,0.29,7.16
1389,Colin McRae Rally 3,PS2,2002,Racing,Codemasters,0.03,1.05,0.02,0.3,1.4
2977,Star Wars: Masters of Teras Kasi,PS,1997,Action,LucasArts,0.38,0.26,0,0.04,0.68
14094,Batman: A Telltale Game Series,PS4,2016,Adventure,Telltale Games,0.01,0.02,0,0.01,0.04
2411,Monster Strike 3DS,3DS,2015,Action,"mixi, Inc",0,0,0.86,0,0.86
16271,Dokuro,PSV,2012,Action,GungHo,0,0,0.01,0,0.01
8468,MLB 16: The Show,PS3,2016,Action,Sony Computer Entertainment,0.13,0,0,0.03,0.16
6847,PDC World Championship Darts 2008,Wii,2008,Sports,Oxygen Interactive,0.02,0.21,0,0.01,0.24
10693,Age of Empires II: The Age of Kings,PC,1999,Strategy,Microsoft Game Studios,0.01,0.08,0,0.02,0.1
6941,Rampage,2600,1988,Action,Activision,0.22,0.01,0,0,0.24
12189,The King of Fighters 02/03,PS2,2005,Fighting,SNK,0.03,0.03,0,0.01,0.07
10491,Castlevania: Lords of Shadow 2,X360,2014,Action,Konami Digital Entertainment,0.02,0.07,0,0.01,0.1
7472,SpongeBob SquarePants: Game Boy Advance Video Volume 3,GBA,2004,Misc,N/A,0.15,0.05,0,0,0.21
6186,Hot Wheels: Track Attack,DS,2010,Racing,THQ,0.18,0.08,0,0.02,0.28
8507,Kid Adventures: Sky Captain,Wii,2010,Action,Unknown,0.11,0.04,0,0.01,0.16
10711,Arcania: Gothic 4,X360,2010,Role-Playing,JoWood Productions,0.03,0.04,0.01,0.01,0.1
13746,Deadly Arts,N64,1998,Fighting,Konami Digital Entertainment,0.03,0.01,0,0,0.04
7005,Looney Tunes: Acme Arsenal,Wii,2007,Action,Warner Bros. Interactive Entertainment,0.21,0.01,0,0.02,0.23
13894,Richard Burns Rally,PC,2004,Racing,SCi,0,0.03,0,0.01,0.04
885,Tom Clancy's Ghost Recon,PS2,2002,Shooter,Ubisoft,1.42,0.4,0,0.12,1.94
13389,Big Air Freestyle,GC,2002,Racing,Atari,0.04,0.01,0,0,0.05
11475,Uta no Prince-Sama: All Star After Secret,PSP,2015,Action,Broccoli,0,0,0.08,0,0.08
6302,Gunship,PS,1996,Simulation,Microprose,0.15,0.1,0,0.02,0.27
10864,Terranigma,SNES,1995,Role-Playing,Nintendo,0,0,0.09,0,0.09
5716,Ganbare Goemon: KiraKira Douchuu - Boku ga Dancer ni Natta Riyuu,SNES,1995,Platform,Konami Digital Entertainment,0,0,0.31,0,0.31
4009,PoPoLoCrois Monogatari,PS,1996,Role-Playing,Sony Computer Entertainment,0,0,0.46,0.03,0.5
3709,LEGO Dimensions,PS3,2015,Action,Warner Bros. Interactive Entertainment,0.15,0.3,0,0.09,0.54
16308,Duel Masters: Shadow of the Code,GBA,2004,Misc,Atari,0.01,0,0,0,0.01
16493,SBK Superbike World Championship,PSP,2008,Racing,Black Bean Games,0.01,0,0,0,0.01
5046,Guitar Hero On Tour: Modern Hits,DS,2009,Misc,Activision,0.13,0.2,0,0.04,0.38
1367,Tomb Raider (2013),PS4,2014,Action,Square Enix,0.47,0.64,0.06,0.25,1.41
1647,SimCity 2000,PS,1996,Simulation,Maxis,0.68,0.46,0,0.08,1.22
10836,Barnyard,PS2,2006,Action,THQ,0.05,0.04,0,0.01,0.09
8454,Anarchy Reigns,X360,2012,Action,Sega,0.11,0.02,0.02,0.01,0.17
4435,Battlefield 2: Modern Combat,PS2,2005,Shooter,Electronic Arts,0.37,0.01,0,0.06,0.44
6171,Carol Vorderman's Sudoku,PS2,2006,Puzzle,Xplosiv,0,0.23,0,0.05,0.28
10542,The Destiny of Zorro,Wii,2009,Action,505 Games,0.1,0,0,0.01,0.1
854,Tennis,GB,1989,Sports,Nintendo,0.75,0.3,0.9,0.04,1.99
11458,Jikkyou Powerful Major League 2009,PS2,2009,Sports,Konami Digital Entertainment,0,0,0.08,0,0.08
709,Super Monkey Ball: Banana Blitz,Wii,2006,Misc,Sega,1.07,0.92,0.04,0.24,2.27
12503,Cabela's Big Game Hunter (2008),X360,2007,Sports,Activision Value,0.06,0,0,0,0.06
5205,NBA 2K6,XB,2005,Action,Take-Two Interactive,0.27,0.08,0,0.01,0.36
16444,G1 Jockey 4 2007,PS2,2007,Sports,Tecmo Koei,0,0,0.01,0,0.01
16380,Fullmetal Alchemist: Trading Card Game,DS,2007,Misc,Destineer,0.01,0,0,0,0.01
14777,Farm Frenzy 3,DS,2011,Strategy,Unknown,0,0.02,0,0,0.03
9558,Fuse (Insomniac),X360,2013,Shooter,Electronic Arts,0.08,0.04,0,0.01,0.13
1827,SOCOM: U.S. Navy SEALs Fireteam Bravo,PSP,2005,Shooter,Sony Computer Entertainment,1.03,0,0.01,0.08,1.12
2875,Silent Hill 3,PS2,2003,Action,Konami Digital Entertainment,0.35,0.27,0,0.09,0.71
15899,Truck Racer,Wii,2009,Racing,Nordic Games,0,0.01,0,0,0.02
8279,The King of Fighters '97,SAT,1998,Fighting,SNK,0,0,0.17,0,0.17
931,LittleBigPlanet 3,PS4,2014,Platform,Sony Computer Entertainment,0.64,0.92,0.01,0.29,1.86
870,Soccer,NES,1985,Sports,Nintendo,0.18,0.23,1.53,0.02,1.96
8826,Super Monkey Ball Adventure,GC,2006,Platform,Sega,0.12,0.03,0,0,0.15
1752,Jet Force Gemini,N64,1999,Shooter,Nintendo,0.78,0.28,0.07,0.02,1.16
7275,Naruto: Ninja Council,GBA,2003,Action,Tomy Corporation,0.16,0.06,0,0,0.22
14752,Warship Gunner 2,PS2,2006,Simulation,Tecmo Koei,0.01,0.01,0,0,0.03
11387,Kamen Rider: Travelers Senki,3DS,2013,Action,Seventh Chord,0,0,0.08,0,0.08
4830,NFL Quarterback Club 2000,N64,1999,Sports,Acclaim Entertainment,0.37,0.03,0,0,0.4
8936,NHL 2K10,X360,2009,Sports,Take-Two Interactive,0.11,0.02,0,0.01,0.15
11380,Iron Man / X-O Manowar in Heavy Metal,PS,1996,Platform,Acclaim Entertainment,0.05,0.03,0,0.01,0.08
14405,Zero Escape: Virtue's Last Reward,3DS,2012,Adventure,Rising Star Games,0.03,0,0,0,0.03
10180,Worms Forts: Under Siege,PS2,2004,Strategy,Acclaim Entertainment,0.05,0.04,0,0.01,0.11
13828,Draglade (JP sales),DS,2007,Fighting,505 Games,0,0,0.04,0,0.04
2818,Ratchet & Clank Collection,PS3,2012,Action,Sony Computer Entertainment,0.47,0.14,0.02,0.09,0.73
123,Big Brain Academy,DS,2005,Misc,Nintendo,1.67,2.78,1.6,0.62,6.67
3125,MX vs. ATV Untamed,PSP,2007,Racing,THQ,0.35,0.18,0,0.12,0.65
6366,The Incredible Hulk,PS3,2008,Action,Sega,0.22,0.03,0,0.03,0.27
1617,Driv3r,PS2,2004,Racing,Atari,0.6,0.47,0,0.16,1.23
8796,The Secret Saturdays: Beasts of the 5th Sun,PS2,2009,Action,D3Publisher,0.05,0.02,0,0.08,0.15
13598,Card Fight!! Vanguard G: Stride to Victory!!,3DS,2016,Misc,FuRyu,0,0,0.04,0,0.04
14793,DrumMania 7th Mix,PS2,2001,Simulation,Konami Digital Entertainment,0,0,0.03,0,0.03
13046,Street Fighter V,PC,2016,Fighting,Capcom,0,0.05,0,0,0.05
4153,Karate,2600,N/A,Fighting,Ultravision,0.44,0.03,0,0,0.47
1254,Resistance 3,PS3,2011,Shooter,Sony Computer Entertainment,0.64,0.58,0.05,0.23,1.5
16592,Chou Ezaru wa Akai Hana: Koi wa Tsuki ni Shirube Kareru,PSV,2016,Action,dramatic create,0,0,0.01,0,0.01
7646,Treasure Hunter G,SNES,1996,Role-Playing,SquareSoft,0,0,0.2,0,0.2
10263,Nicktoons: Unite!,DS,2006,Adventure,THQ,0.1,0,0,0.01,0.11
6456,Rune: Viking Warlord,PS2,2001,Action,Take-Two Interactive,0.13,0.1,0,0.03,0.26
1163,Soul Edge,PS,1996,Fighting,Sony Computer Entertainment,0.61,0.41,0.46,0.1,1.59
1420,Sonic Colors,DS,2010,Platform,Sega,0.74,0.5,0.01,0.13,1.37
11419,Ultimate Ghosts 'n Goblins,PSP,2006,Platform,Capcom,0.07,0.01,0,0.01,0.08
5738,Einhänder,PS,1997,Shooter,SquareSoft,0.1,0.07,0.13,0.02,0.31
10677,Micro Machines V3,PS,1997,Racing,Codemasters,0.06,0.04,0,0.01,0.1
9766,Ferrari Challenge Trofeo Pirelli,PS2,2008,Racing,System 3 Arcade Software,0.06,0.05,0,0.02,0.12
1487,Dark Souls II,PS3,2014,Role-Playing,Namco Bandai Games,0.4,0.36,0.4,0.17,1.32
3730,Valkyria Chronicles II,PSP,2010,Role-Playing,Sega,0.12,0.16,0.18,0.09,0.54
11655,Madden NFL 08,GC,2007,Sports,Electronic Arts,0.06,0.02,0,0,0.08
14226,The Sum of All Fears,GC,2003,Shooter,Ubisoft,0.03,0.01,0,0,0.03
8640,Konami Krazy Racers,GBA,2001,Racing,Konami Digital Entertainment,0.09,0.03,0.04,0,0.16
14435,Alia's Carnival! Sacrament,PSV,2015,Adventure,dramatic create,0,0,0.03,0,0.03
1935,Disney Universe,Wii,2011,Action,Disney Interactive Studios,0.67,0.3,0,0.1,1.07
254,Resistance: Fall of Man,PS3,2006,Shooter,Sony Computer Entertainment,1.73,1.73,0.14,0.75,4.35
10987,Pro Evolution Soccer 2012,PC,2011,Action,Konami Digital Entertainment,0,0.07,0,0.02,0.09
5894,Macross Digital Mission VF-X,PS,1997,Simulation,Namco Bandai Games,0,0,0.28,0.02,0.3
3567,Arena Football,PS2,2006,Sports,Electronic Arts,0.28,0.22,0,0.07,0.56
8667,Michael Jackson: The Experience,PSP,2010,Misc,Ubisoft,0.11,0.03,0,0.02,0.16
14544,Curious George,XB,2006,Action,Namco Bandai Games,0.02,0.01,0,0,0.03
4097,Silent Hill: Shattered Memories,Wii,2009,Action,Konami Digital Entertainment,0.23,0.19,0.01,0.05,0.48
8821,Kingdom of Paradise,PSP,2005,Role-Playing,Sony Computer Entertainment,0.14,0,0,0.01,0.15
13934,Suzumiya Haruhi no Tsuisou,PSP,2011,Adventure,Namco Bandai Games,0,0,0.04,0,0.04
14833,Senran Kagura: Bon Appétit!,PSV,2014,Misc,Marvelous Entertainment,0,0,0.03,0,0.03
16312,Rally Championship,GC,2003,Racing,SCi,0.01,0,0,0,0.01
14762,Demon Driver: Time to Burn Rubber!,GBA,2003,Racing,Ignition Entertainment,0.02,0.01,0,0,0.03
6078,Namco Museum Vol.2,PS,1996,Misc,Sony Computer Entertainment,0.03,0.02,0.21,0.02,0.29
5059,Saints Row: The Third,PC,2011,Action,THQ,0.16,0.16,0,0.06,0.38
4238,F.E.A.R. 3,PS3,2011,Shooter,Warner Bros. Interactive Entertainment,0.21,0.17,0.01,0.07,0.46
6280,Need for Speed: Most Wanted,DS,2005,Racing,Electronic Arts,0.24,0.01,0,0.02,0.27
7526,Major League Baseball 2K11,PS3,2011,Sports,Take-Two Interactive,0.15,0.03,0,0.02,0.2
5120,Rage,PC,2011,Shooter,Bethesda Softworks,0.14,0.18,0,0.06,0.37
15214,Koisuru Otome to Shugo no Tate: The Shield of AIGIS,PS2,2008,Adventure,Alchemist,0,0,0.02,0,0.02
16292,The Train Giant,PC,2012,Strategy,Ascaron Entertainment,0,0.01,0,0,0.01
8419,WRC 2: FIA World Rally Championship,PS3,2011,Racing,Ubisoft,0,0.13,0,0.04,0.17
15940,Oyaku de Asoberu DS Ehon: Ukkari Penelope,DS,2008,Simulation,Tecmo Koei,0,0,0.02,0,0.02
5987,Majin and the Forsaken Kingdom,PS3,2010,Adventure,Namco Bandai Games,0.09,0.14,0.01,0.05,0.29
13391,Rugby World Cup 2015,X360,2015,Sports,Ubisoft,0,0.04,0,0,0.05
8526,Heroes over Europe,PS3,2009,Simulation,Ubisoft,0.12,0.02,0,0.02,0.16
12036,Trick DS-han: Kakushi Kami no Sumukan,DS,2010,Misc,Konami Digital Entertainment,0,0,0.07,0,0.07
7061,Risen 2: Dark Waters,PC,2012,Role-Playing,Deep Silver,0,0.19,0,0.04,0.23
15681,50 Classic Games,3DS,2012,Misc,Avanquest Software,0,0.02,0,0,0.02
5411,Rayman Legends,XOne,2014,Platform,Ubisoft,0.13,0.18,0,0.03,0.34
5947,MLB SlugFest Loaded,PS2,2004,Sports,Midway Games,0.14,0.11,0,0.04,0.3
7832,Binary Domain,X360,2012,Action,Sega,0.09,0.07,0.02,0.02,0.19
6908,Dora the Explorer: Super Star Adventures,GBA,2004,Adventure,Game Factory,0.17,0.06,0,0,0.24
2296,Tiger Woods PGA Tour 2002,PS2,2002,Sports,Electronic Arts,0.44,0.35,0,0.12,0.9
1307,Super Monkey Ball,GC,2001,Puzzle,Atari,0.95,0.37,0.1,0.04,1.46
2885,LEGO Racers,N64,1999,Racing,LEGO Media,0.51,0.18,0,0.01,0.71
1240,Call of Duty 3,PS3,2006,Shooter,Activision,0.6,0.63,0.03,0.26,1.52
2068,UFC Undisputed 3,X360,2012,Action,THQ,0.72,0.21,0,0.07,1
13408,Wolfenstein,PC,2009,Shooter,Activision,0.01,0.03,0,0.01,0.05
14146,Rapala Tournament Fishing!,X360,2006,Sports,Activision,0.03,0,0,0,0.03
947,World of Warcraft: Mists of Pandaria,PC,2012,Role-Playing,Activision,0.84,0.76,0,0.23,1.83
6363,Etrian Odyssey II: Heroes of Lagaard,DS,2008,Role-Playing,Atlus,0.1,0,0.16,0.01,0.27
5873,Tom Clancy's Splinter Cell 3D,3DS,2011,Action,Ubisoft,0.14,0.07,0.07,0.02,0.3
6083,Tomba! 2: The Evil Swine Return,PS,1999,Platform,Sony Computer Entertainment,0.16,0.11,0,0.02,0.29
1319,Batman: Arkham Knight,XOne,2015,Action,Warner Bros. Interactive Entertainment,0.86,0.46,0,0.13,1.45
5534,The Black Eyed Peas Experience,X360,2011,Misc,Ubisoft,0.2,0.1,0,0.03,0.33
5533,MLB 08: The Show,PSP,2008,Sports,Sony Computer Entertainment,0.3,0,0,0.02,0.33
11230,Edna & Harvey: Harvey's New Eyes,PC,2011,Adventure,Rondomedia,0,0.07,0,0.01,0.09
4422,Disney Infinity 3.0,WiiU,2015,Action,Disney Interactive Studios,0.2,0.21,0,0.04,0.44
5951,Mah Jong Quest: Expeditions,DS,2007,Puzzle,Avanquest,0.02,0.26,0,0.01,0.3
11934,Vampire Knight DS,DS,2009,Adventure,D3Publisher,0,0,0.07,0,0.07
16463,"Horse Life 4: My Horse, My Friend, My Champion",3DS,2015,Action,Unknown,0,0.01,0,0,0.01
14967,Disney's Magical Quest 3 Starring Mickey and Donald,GBA,2003,Action,Capcom,0.02,0.01,0,0,0.02
6737,Dood's Big Adventure,Wii,2010,Platform,THQ,0.22,0.01,0,0.02,0.25
2243,Inazuma Eleven 3,DS,2010,Role-Playing,Level 5,0,0,0.93,0,0.93
4064,Sniper: Art of Victory,PC,2008,Shooter,City Interactive,0,0.45,0,0.03,0.49
6063,The Urbz: Sims In the City (US weekly sales),DS,2004,Simulation,Electronic Arts,0.27,0,0,0.02,0.29
8670,Kidou Senshi Gundam: Giren no Yabou - Axis no Kyoui,PSP,2008,Strategy,Namco Bandai Games,0,0,0.16,0,0.16
8251,Dungeon Siege III,PC,2011,Role-Playing,Square Enix,0.08,0.08,0,0.02,0.17
10712,Ben 10 Galactic Racing,X360,2011,Racing,D3Publisher,0.07,0.02,0,0.01,0.1
15864,Arcana Famiglia 2,PSP,2013,Adventure,Comfort,0,0,0.02,0,0.02
4697,Cool Boarders 2001,PS,2000,Sports,Sony Computer Entertainment,0.23,0.16,0,0.03,0.41
2518,Custer's Revenge,2600,1981,Action,Mystique,0.76,0.05,0,0.01,0.82
407,Star Wars Episode III: Revenge of the Sith,PS2,2005,Action,LucasArts,1.47,1.39,0.03,0.43,3.32
11488,Line Rider 2: Unbound,DS,2008,Puzzle,Deep Silver,0.07,0,0,0.01,0.08
9894,One Piece: Super Grand Battle! X,3DS,2014,Fighting,Namco Bandai Games,0,0,0.12,0,0.12
13063,Imagine: Artist,DS,2009,Misc,Ubisoft,0.05,0,0,0,0.05
13841,JASF: Jane's Advanced Strike Fighters,PC,2011,Simulation,Deep Silver,0.02,0.01,0,0,0.04
14312,Captain Morgane and the Golden Turtle,DS,2012,Adventure,Reef Entertainment,0,0.03,0,0,0.03
9993,Hasbro Family Game Night Fun Pack,Wii,2011,Misc,Electronic Arts,0.11,0,0,0.01,0.12
1781,Asteroids,PS,1998,Shooter,Success,0.64,0.43,0,0.07,1.15
67,Final Fantasy VII,PS,1997,Role-Playing,Sony Computer Entertainment,3.01,2.47,3.28,0.96,9.72
10145,Kousoku Card Battle: Card Hero,DS,2007,Strategy,Nintendo,0,0,0.11,0,0.11
11030,Agatha Christie: Evil Under the Sun,Wii,2008,Adventure,The Adventure Company,0.07,0.02,0,0.01,0.09
9489,Shimano Xtreme Fishing,Wii,2009,Sports,Mastiff,0.12,0,0,0.01,0.13
7559,Earth Defense Force: Insect Armageddon,PS3,2011,Shooter,D3Publisher,0.06,0.04,0.08,0.02,0.2
12856,Dual Hearts,PS2,2002,Role-Playing,Sony Computer Entertainment,0.03,0.02,0,0.01,0.05
10275,Animal Planet: Vet Life,DS,2009,Simulation,Activision,0.1,0,0,0.01,0.11
10254,Astro Boy: The Video Game,Wii,2009,Action,D3Publisher,0.1,0,0,0.01,0.11
14033,Stadium Games,GBA,2003,Sports,Ignition Entertainment,0.03,0.01,0,0,0.04
1034,Rockstar Games Double Pack: Grand Theft Auto III & Grand Theft Auto Vice City,PS2,2003,Action,Take-Two Interactive,0.85,0.66,0,0.22,1.72
1942,Freekstyle,PS2,2002,Racing,Electronic Arts,0.52,0.41,0,0.14,1.06
9220,Ultimate Muscle - The Kinnikuman Legacy: Legends vs New Generation,GC,2002,Fighting,Namco Bandai Games,0.04,0.01,0.08,0,0.14
13526,Puyo Puyo Tetris,PS3,2014,Puzzle,Sega,0,0,0.04,0,0.04
4875,Hitman: Blood Money,X360,2006,Action,Eidos Interactive,0.29,0.06,0.01,0.03,0.4
13544,Gormiti: The Lords of Nature!,Wii,2010,Adventure,Konami Digital Entertainment,0.04,0,0,0,0.04
6576,"SpongeBob SquarePants: Lights, Camera, Pants!",XB,2005,Misc,THQ,0.19,0.06,0,0.01,0.26
6282,Tiny Toon Adventures: Plucky's Big Adventure,PS,2001,Action,Conspiracy Entertainment,0.15,0.1,0,0.02,0.27
10165,Space Chimps,X360,2008,Platform,Brash Entertainment,0.1,0,0,0.01,0.11
14651,Tago Akira no Atama no Taisou Dai-2-Shuu: Ginga Oudan Nazotoki Adventure,DS,2009,Adventure,Level 5,0,0,0.03,0,0.03
4077,Crash of the Titans,DS,2007,Action,Vivendi Games,0.42,0.02,0,0.04,0.49
5594,Shin Megami Tensei: Devil Survivor 2,DS,2011,Role-Playing,Ghostlight,0.17,0.01,0.12,0.01,0.32
13486,Exist Archive: The Other Side of the Sky,PSV,2015,Role-Playing,Aksys Games,0,0,0.04,0,0.04
6636,Happy Feet,GC,2006,Action,Midway Games,0.2,0.05,0,0.01,0.25
3761,Clock Tower,PS,1996,Adventure,ASCII Entertainment,0.07,0.05,0.38,0.03,0.53
6802,Ace Combat: Assault Horizon Legacy,3DS,2011,Simulation,Namco Bandai Games,0.1,0.06,0.08,0.01,0.24
8810,Jikkyou Powerful Pro Yakyuu 2012,PSP,2012,Action,Konami Digital Entertainment,0,0,0.15,0,0.15
8388,Gunvalkyrie,XB,2002,Shooter,Infogrames,0.13,0.04,0,0.01,0.17
1515,Adventure,2600,N/A,Adventure,Atari,1.21,0.08,0,0.01,1.3
1838,Sunset Overdrive,XOne,2014,Shooter,Microsoft Game Studios,0.62,0.4,0,0.08,1.11
14662,Fireblade,GC,2002,Action,Midway Games,0.02,0.01,0,0,0.03
5394,Silent Hill HD Collection,PS3,2012,Action,Konami Digital Entertainment,0.15,0.11,0.03,0.05,0.34
4447,My Spanish Coach,DS,2007,Misc,Ubisoft,0.4,0.01,0,0.03,0.44
202,Resident Evil,PS,1996,Action,Virgin Interactive,2.05,1.16,1.11,0.73,5.05
8139,Commandos 2: Men of Courage,PS2,2002,Strategy,Eidos Interactive,0.09,0.07,0,0.02,0.18
9027,Ratatouille,GC,2007,Action,THQ,0.11,0.03,0,0,0.14
14963,LEGO Harry Potter: Years 1-4,PC,2010,Action,Warner Bros. Interactive Entertainment,0.01,0.01,0,0,0.02
8592,Buck Bumble,N64,1998,Action,Ubisoft,0.13,0.03,0,0,0.16
3437,Kirby's Dream Course,SNES,1994,Sports,Nintendo,0,0,0.59,0,0.59
3185,Red Steel 2,Wii,2010,Shooter,Ubisoft,0.36,0.21,0.01,0.06,0.63
12910,Animal Planet: Vet Collection,DS,2010,Simulation,Activision,0.05,0,0,0,0.05
10473,Boku no Natsuyasumi Portable: Mushi Mushi Hakase to Teppen-yama no Himitsu!!,PSP,2006,Adventure,Sony Computer Entertainment,0,0,0.1,0,0.1
12643,The History Channel: Battle for the Pacific,X360,2007,Shooter,Activision,0.05,0,0,0,0.06
16150,Chokkan! Asonde Relaxuma,DS,2008,Action,Rocket Company,0,0,0.01,0,0.01
7249,All-Star Baseball 2002,GC,2001,Sports,Acclaim Entertainment,0.17,0.04,0,0.01,0.22
6108,Ice Age: Dawn of the Dinosaurs,Wii,2009,Action,Activision,0.11,0.14,0,0.03,0.28
4173,Victorious Boxers: Ippo's Road to Glory,PS2,2000,Fighting,Empire Interactive,0.05,0.04,0.38,0.01,0.47
14505,Daibakushou: Jinsei Gekijou,SNES,1995,Misc,Taito,0,0,0.03,0,0.03
2348,Monster 4X4: World Circuit,Wii,2006,Racing,Ubisoft,0.81,0,0.01,0.07,0.89
6476,Crash Tag Team Racing,PSP,2005,Racing,Vivendi Games,0.16,0.06,0,0.04,0.26
4911,Dancing with the Stars: We Dance!,DS,2008,Misc,Activision,0.36,0,0,0.03,0.39
15292,NightTruth: Explanation of the Paranormal - The Making of Nighttruth: Voice Selection,SAT,1996,Misc,Sonnet,0,0,0.02,0,0.02
15676,Antiphona no Seikahime: Tenshi no Gakufu Op.A,PSP,2009,Role-Playing,Nippon Ichi Software,0,0,0.02,0,0.02
6185,Monopoly,DS,2010,Misc,Electronic Arts,0.16,0.1,0,0.03,0.28
11510,Akiba's Trip Plus,PSP,2012,Adventure,Acquire,0,0,0.08,0,0.08
600,Dragon Age: Origins,X360,2009,Role-Playing,Electronic Arts,1.76,0.56,0.03,0.22,2.57
14310,The Flintstones: Big Trouble in Bedrock,GBA,2001,Platform,Swing! Entertainment,0.02,0.01,0,0,0.03
13899,Story Hour: Fairy Tales,Wii,2008,Adventure,Zoo Digital Publishing,0.04,0,0,0,0.04
5666,Monster Lab,Wii,2008,Role-Playing,Eidos Interactive,0.28,0.02,0,0.02,0.32
12117,Lost Heroes 2,3DS,2015,Action,Namco Bandai Games,0,0,0.07,0,0.07
2358,Sleeping Dogs,X360,2012,Action,Square Enix,0.38,0.41,0.01,0.08,0.88
11765,Zumba Fitness Core,Wii,2012,Misc,505 Games,0,0.07,0,0.01,0.07
10645,Harry Potter and the Deathly Hallows - Part 1,PC,2010,Action,Electronic Arts,0.08,0.02,0,0.01,0.1
13337,Wing Island,Wii,2006,Simulation,Konami Digital Entertainment,0.03,0.01,0.01,0,0.05
10565,Hakuouki Portable,PSP,2009,Adventure,Idea Factory,0,0,0.1,0,0.1
11616,Cosmic Family,Wii,2007,Misc,Ubisoft,0.07,0,0,0.01,0.08
5974,Guardian Heroes,SAT,1995,Role-Playing,Sega,0,0,0.29,0,0.29
2060,Dead or Alive 2,PS2,2000,Fighting,Tecmo Koei,0.3,0.24,0.38,0.08,1
8750,Knockout Kings 2003,GC,2002,Sports,Electronic Arts,0.12,0.03,0,0,0.15
10514,Gouketuji Ichizoku 2: Chottodake Saikyou Densetsu,PS,1995,Fighting,Atlus,0,0,0.1,0.01,0.1
13606,Maken Shao: Demon Sword,PS2,2001,Action,Midas Interactive Entertainment,0,0,0.04,0,0.04
12702,Teenage Mutant Ninja Turtles: Tournament Fighters,SNES,1992,Fighting,Konami Digital Entertainment,0,0,0.06,0,0.06
8285,Dementium: The Ward,DS,2007,Shooter,SouthPeak Games,0.15,0.01,0,0.01,0.17
2343,NFL 2K2,PS2,2001,Sports,Sega,0.44,0.34,0,0.11,0.89
13955,Warriors Orochi 3,XOne,2014,Action,Tecmo Koei,0.01,0.03,0,0,0.04
9287,World Soccer Winning Eleven 9 Bonus Pack,PS2,2006,Sports,Konami Digital Entertainment,0,0,0.14,0,0.14
7378,G.I. Joe: The Rise of Cobra,PS3,2009,Action,Electronic Arts,0.11,0.07,0,0.03,0.21
10231,Street Fighter Collection,SAT,1996,Fighting,Capcom,0,0,0.11,0,0.11
5406,MVP 06 NCAA Baseball,XB,2006,Sports,Electronic Arts,0.25,0.07,0,0.01,0.34
14586,Battle vs. Chess,PC,N/A,Misc,TopWare Interactive,0,0.02,0,0.01,0.03
11854,Backyard Hockey,DS,2007,Sports,Atari,0.07,0,0,0.01,0.07
13752,Worms 4: Mayhem,XB,2005,Strategy,Codemasters,0.03,0.01,0,0,0.04
6580,Lemony Snicket's A Series of Unfortunate Events,GC,2004,Platform,Activision,0.2,0.05,0,0.01,0.26
2432,Army Men: Air Attack,PS,1999,Action,3DO,0.47,0.32,0,0.06,0.85
1079,Time Crisis,PS,1997,Shooter,Namco Bandai Games,0.38,0.87,0.33,0.1,1.68
15238,Dies Irae: Amantes Amentes,PSP,2012,Action,Views,0,0,0.02,0,0.02
5459,Deathtrap Dungeon,PS,1998,Action,Eidos Interactive,0.19,0.13,0,0.02,0.33
2988,Hot Shots Golf: Open Tee 2,PSP,2007,Sports,Sony Computer Entertainment,0.21,0.11,0.28,0.08,0.68
1147,Buzz! The Music Quiz,PS2,2005,Misc,Sony Computer Entertainment,0,1.18,0,0.43,1.61
12111,Ninja Warriors,SNES,1993,Action,Titus,0,0,0.07,0,0.07
13428,Toukiden Kiwami,PSP,2014,Action,Tecmo Koei,0,0,0.05,0,0.05
217,God of War III,PS3,2010,Action,Sony Computer Entertainment,2.74,1.36,0.12,0.63,4.84
10524,Culdcept DS,DS,2008,Strategy,Sega,0,0,0.1,0,0.1
14567,Real World Golf,XB,2006,Sports,Mad Catz,0.02,0.01,0,0,0.03
1693,SpongeBob SquarePants: Revenge of the Flying Dutchman,GBA,2002,Platform,THQ,0.92,0.23,0,0.04,1.19
4331,Dead or Alive: Dimensions,3DS,2011,Fighting,Ubisoft Annecy,0.13,0.21,0.07,0.03,0.45
8999,Mega Man Powered Up,PSP,2006,Platform,Capcom,0.12,0.01,0,0.02,0.14
6051,One Piece: Pirate Warriors 3,PS3,2015,Action,Namco Bandai Games,0,0.09,0.19,0.01,0.29
11865,Archer Maclean's 3D Pool,GBA,2003,Misc,Crave Entertainment,0.05,0.02,0,0,0.07
16325,Binary Star,PSV,2014,Adventure,Idea Factory,0,0,0.01,0,0.01
3611,Fatal Fury Special,SNES,1994,Fighting,Takara,0,0,0.56,0,0.56
6528,NCAA March Madness 08,PS2,2007,Sports,Electronic Arts,0.13,0.1,0,0.03,0.26
1191,Dark Souls III,PS4,2016,Role-Playing,Namco Bandai Games,0.58,0.44,0.33,0.21,1.56
8967,Backyard Sports: Sandlot Sluggers,DS,2010,Sports,Atari,0.14,0,0,0.01,0.15
9068,SBK 2011: FIM Superbike World Championship,PS3,2011,Racing,Black Bean Games,0.01,0.1,0,0.03,0.14
11321,TOCA Race Driver 3,PS2,2006,Racing,Codemasters,0.04,0.03,0,0.01,0.08
11597,Alien Syndrome,PSP,2007,Role-Playing,Sega,0.07,0,0,0.01,0.08
8912,Battle Stadium D.O.N,PS2,2006,Fighting,Namco Bandai Games,0,0,0.15,0,0.15
9628,Left Brain Right Brain 2,DS,2008,Misc,Majesco Entertainment,0.12,0,0,0.01,0.13
1787,Brave Fencer Musashi,PS,1998,Role-Playing,SquareSoft,0.25,0.17,0.65,0.07,1.14
7036,FIFA 14,PSP,2013,Sports,Electronic Arts,0,0.16,0,0.07,0.23
6242,Warpath: Jurassic Park,PS,1998,Fighting,Electronic Arts,0.15,0.1,0,0.02,0.28
4339,Ghostbusters,2600,1985,Puzzle,Activision,0.42,0.03,0,0,0.45
12356,R-Types,PS,1998,Shooter,Virgin Interactive,0.04,0.02,0,0,0.06
6924,PGA Tour 96,PS,1995,Sports,Electronic Arts,0.13,0.09,0,0.02,0.24
6111,DeathSmiles,X360,2009,Shooter,Rising Star Games,0.15,0.06,0.05,0.02,0.28
1732,Cabela's Dangerous Hunts,PS2,2003,Sports,Zoo Digital Publishing,0.57,0.45,0,0.15,1.17
594,Killzone: Shadow Fall,PS4,2013,Shooter,Sony Computer Entertainment,0.89,1.33,0.07,0.28,2.58
9795,Atelier Annie: Alchemists of Sera Island,DS,2009,Role-Playing,Gust,0.08,0,0.03,0.01,0.12
14744,Darius II,SAT,1995,Shooter,Taito,0,0,0.03,0,0.03
10637,Indy Racing 2000,N64,2000,Racing,Infogrames,0.08,0.02,0,0,0.1
6467,Skylanders: SuperChargers,Wii,2015,Action,Activision,0.05,0.19,0,0.02,0.26
7513,Frogger 3D,3DS,2011,Action,Konami Digital Entertainment,0.16,0.03,0,0.01,0.2
16280,Kono Aozora ni Yakusoku o: Melody of the Sun and Sea,PS2,2007,Adventure,Alchemist,0,0,0.01,0,0.01
3196,Monster Hunter 2,PS2,N/A,Role-Playing,Capcom,0,0,0.63,0,0.63
11018,Ghosthunter,PS2,2003,Action,Sony Computer Entertainment,0.04,0.03,0,0.01,0.09
2694,Mercenaries: Playground of Destruction,PS2,2005,Action,LucasArts,0.64,0.02,0,0.1,0.76
2178,SpongeBob SquarePants: Battle for Bikini Bottom,GC,2003,Platform,THQ,0.74,0.19,0,0.03,0.95
3171,White Knight Chronicles II,PS3,2010,Role-Playing,Sony Computer Entertainment,0.23,0.09,0.27,0.05,0.64
13901,Countdown Vampires,PS,1999,Adventure,Namco Bandai Games,0.02,0.01,0,0,0.04
9711,Echo Night,PS,1998,Adventure,From Software,0.03,0.02,0.07,0.01,0.12
11019,Junior Mystery Quest,DS,2011,Puzzle,GSP,0.07,0.01,0,0.01,0.09
13062,Expendable,PS,1999,Action,Infogrames,0.03,0.02,0,0,0.05
5734,Yu-Gi-Oh! The Dawn of Destiny,XB,2004,Strategy,Konami Digital Entertainment,0.23,0.07,0,0.01,0.31
14925,Clover no Kuni no Alice: Wonderful Wonder World,PS2,2010,Adventure,Prototype,0,0,0.02,0,0.02
2160,Star Soldier,NES,1986,Shooter,Hudson Soft,0.32,0.06,0.57,0.01,0.96
2325,The Biggest Loser: Ultimate Workout,X360,2010,Sports,THQ,0.73,0.1,0,0.06,0.9
12072,Hoppechan: Minna de Odekake! Waku Waku Hoppe Land!!,3DS,2014,Action,Nippon Columbia,0,0,0.07,0,0.07
12010,Reader Rabbit 1st Grade,Wii,2010,Misc,Graffiti,0.07,0,0,0,0.07
8311,Macross Ultimate Frontier,PSP,2009,Action,Namco Bandai Games,0,0,0.17,0,0.17
3161,Nicktoons Collection: Game Boy Advance Video Volume 1,GBA,2004,Misc,N/A,0.46,0.17,0,0.01,0.64
10891,Digimon World: Next Order,PSV,2016,Action,Namco Bandai Games,0,0,0.09,0,0.09
10605,Bejeweled Twist,DS,2010,Puzzle,PopCap Games,0,0.09,0,0.01,0.1
6862,Harvest Moon: Another Wonderful Life,GC,2004,Role-Playing,Marvelous Interactive,0.19,0.05,0,0.01,0.24
12073,Divinity: Original Sin,XOne,2015,Role-Playing,Focus Home Interactive,0.04,0.02,0,0.01,0.07
1588,Tom Clancy's Rainbow Six: Vegas,PS3,2007,Shooter,Ubisoft,0.47,0.53,0.03,0.22,1.25
2919,Jade Empire,XB,2005,Role-Playing,Microsoft Game Studios,0.48,0.19,0,0.03,0.7
1901,MySims Agents,DS,2009,Adventure,Electronic Arts,0.55,0.43,0,0.11,1.08
2913,Kill.Switch,PS2,2003,Shooter,Sony Computer Entertainment,0.34,0.27,0,0.09,0.7
553,Onimusha: Warlords,PS2,2001,Action,Virgin Interactive,0.99,0.48,1.09,0.14,2.7
11383,Exit,PSP,2005,Puzzle,Ubisoft,0.07,0,0,0.01,0.08
8993,Metal Slug 7,DS,2008,Shooter,Ignition Entertainment,0.13,0,0.01,0.01,0.15
5760,Doubutsu no Mori,N64,2001,Simulation,Nintendo,0,0,0.26,0.05,0.31
13355,Shaun the Sheep,DS,2008,Adventure,D3Publisher,0.04,0,0,0,0.05
12105,Grand Ages: Medieval,PS4,2015,Strategy,Kalypso Media,0,0.05,0.01,0.01,0.07
8762,Home Run,2600,N/A,Sports,Atari,0.14,0.01,0,0,0.15
1181,Spyro 2: Season of Flame,GBA,2002,Platform,Vivendi Games,0.85,0.65,0,0.08,1.58
13291,Cesar Millan's Dog Whisperer,DS,2008,Simulation,Ubisoft,0.04,0,0,0,0.05
5089,Alien: Isolation,PS3,2014,Shooter,Sega,0.12,0.19,0,0.07,0.37
9338,Nobunaga no Yabou: Tendou,PS3,2010,Strategy,Tecmo Koei,0,0,0.13,0,0.13
14974,Omega Quintet,PS4,2014,Role-Playing,Compile Heart,0,0,0.02,0,0.02
8873,Ford Racing 2,XB,2003,Racing,Empire Interactive,0.11,0.03,0,0.01,0.15
2354,SingStar Anthems,PS2,2006,Misc,Sony Computer Entertainment,0,0.68,0,0.2,0.89
14032,Jane's Hotel,DS,2010,Simulation,Unknown,0.03,0,0,0,0.04
15433,Heroes of the Pacific,PC,2005,Simulation,Codemasters,0,0.02,0,0,0.02
12815,SeaBlade,XB,2002,Shooter,TDK Mediactive,0.04,0.01,0,0,0.06
612,Dragon Warrior,NES,1986,Role-Playing,Capcom,0.49,0,0.52,1.51,2.52
5149,Shin Megami Tensei II,SNES,1994,Role-Playing,Atlus,0,0,0.37,0,0.37
774,Final Fantasy III,DS,2006,Role-Playing,Square Enix,0.91,0.05,1.07,0.09,2.12
9990,Die Hard: Vendetta,GC,2002,Shooter,NDA Productions,0.09,0.02,0,0,0.12
16478,Space Raiders,GC,2003,Shooter,Taito,0.01,0,0,0,0.01
4838,MLB 2006,PS2,2005,Sports,Sony Computer Entertainment,0.33,0.01,0,0.05,0.4
1416,Ridge Racer 7,PS3,2006,Racing,Namco Bandai Games,0.24,0.7,0.16,0.26,1.37
12827,Captain America: Super Soldier,DS,N/A,Action,Sega,0.05,0,0,0,0.05
9688,"Kilari: Na-san, Mon Meilleur Ami",DS,2006,Simulation,Konami Digital Entertainment,0,0,0.12,0,0.12
6855,Grand Slam Tennis 2,PS3,2012,Sports,Electronic Arts,0.09,0.11,0,0.04,0.24
5401,MX vs. ATV Untamed,Wii,2008,Racing,THQ,0.29,0.03,0,0.03,0.34
16587,Bust-A-Move 3000,GC,2003,Puzzle,Ubisoft,0.01,0,0,0,0.01
15439,Painkiller: Hell & Damnation,X360,2013,Shooter,Nordic Games,0,0.01,0,0,0.02
12304,Monster Madness: Grave Danger,PS3,2008,Shooter,SouthPeak Games,0.05,0.01,0,0.01,0.06
7086,Star Ocean,SNES,1996,Role-Playing,Enix Corporation,0,0,0.23,0,0.23
6271,Rapala Pro Bass Fishing 2010,PS3,2010,Sports,Activision,0.18,0.06,0,0.03,0.27
4502,Spec Ops: Covert Assault,PS,2001,Shooter,Take-Two Interactive,0.24,0.16,0,0.03,0.43
8479,World Tour Soccer 2005,PS2,2004,Sports,Sony Computer Entertainment,0.08,0.06,0,0.02,0.16
11994,Zettai Zetsumei Toshi 3: Kowareyuku Machi to Kanojyo no Uta,PSP,2009,Action,Irem Software Engineering,0,0,0.07,0,0.07
9439,Eat Lead: The Return of Matt Hazard,PS3,2009,Shooter,D3Publisher,0.09,0.02,0,0.01,0.13
2238,Teenage Mutant Ninja Turtles,GBA,2003,Action,Unknown,0.67,0.25,0,0.02,0.93
9559,Cabela's Dangerous Hunts 2009,PS3,2008,Sports,Activision Value,0.12,0,0,0.01,0.13
11105,Mad Dog McCree: Gunslinger Pack,Wii,2009,Shooter,Majesco Entertainment,0.08,0,0,0.01,0.09
11024,Doraemon: Nobita to Midori no Kyojinden DS,DS,2008,Platform,Sega,0,0,0.09,0,0.09
8886,Brain Boost: Gamma Wave,DS,2005,Puzzle,505 Games,0.14,0,0,0.01,0.15
999,Hitman: Absolution,X360,2012,Action,Square Enix,0.68,0.9,0.01,0.17,1.76
7917,Sudoku Gridmaster (JP sales),DS,2006,Puzzle,Nintendo,0,0,0.19,0,0.19
5755,Jikkyou Powerful Pro Yakyuu 4,N64,1997,Sports,Konami Digital Entertainment,0,0,0.26,0.05,0.31
7920,Monsters vs. Aliens,PS2,2009,Action,Activision,0.11,0,0,0.08,0.19
11453,Yamakawa Shuppansha Kanshuu: Shousetsu Sekaishi B,DS,2007,Misc,Namco Bandai Games,0,0,0.08,0,0.08
15972,Sid Meier's Civilization Revolution 2+,PSV,2015,Strategy,Take-Two Interactive,0,0,0.02,0,0.02
15735,Elkrone no Atelier: Dear for Otomate,PSP,2012,Action,Idea Factory,0,0,0.02,0,0.02
2851,MLB 09: The Show,PS3,2009,Sports,Sony Computer Entertainment,0.66,0,0,0.05,0.72
1878,Virtua Fighter 5,PS3,2007,Fighting,Sega,0.29,0.52,0.08,0.2,1.09
4803,Congo Bongo,2600,1982,Action,Sega,0.37,0.02,0,0,0.4
6385,Ratatouille,X360,2007,Action,THQ,0.23,0.02,0,0.02,0.27
2227,EA Sports Grand Slam Tennis,Wii,2009,Sports,Electronic Arts,0.29,0.52,0.02,0.11,0.93
12034,My Dress-Up,DS,2008,Misc,Oxygen Interactive,0.06,0.01,0,0.01,0.07
1136,Tony Hawk's American Wasteland (Old all region sales),PS2,2005,Sports,Activision,0.8,0.63,0.01,0.19,1.62
361,Grand Theft Auto: Liberty City Stories,PS2,2006,Action,Take-Two Interactive,1.56,1.4,0.07,0.5,3.54
11426,Toukiden 2,PS4,2016,Action,Tecmo Koei,0,0,0.08,0,0.08
5852,Puyo Puyo 7,DS,2009,Puzzle,Sega,0,0,0.3,0,0.3
6162,Tales of the World: Radiant Mythology 3,PSP,2011,Role-Playing,Namco Bandai Games,0,0,0.28,0,0.28
2388,Pictionary,Wii,2010,Puzzle,THQ,0.61,0.19,0,0.07,0.87
14013,World of Goo,PC,2008,Puzzle,2D Boy,0,0.03,0,0.01,0.04
4298,Mother 1+2,GBA,2003,Role-Playing,Nintendo,0,0,0.45,0.01,0.46
5888,Quake II,N64,1999,Shooter,Activision,0.24,0.06,0,0,0.3
4472,Taiko no Tatsujin: Doki! Shinkyoku Darake no Haru Matsuri,PS2,2003,Misc,Namco Bandai Games,0,0,0.44,0,0.44
14721,Aegis of Earth: Protonovus Assault,PS3,2016,Action,PQube,0.01,0.01,0,0,0.03
8325,Thief: Deadly Shadows,XB,2004,Action,Eidos Interactive,0.13,0.04,0,0.01,0.17
5470,The Sims 2,GC,2005,Simulation,Electronic Arts,0.26,0.07,0,0.01,0.33
9452,The Smurfs 2,X360,2013,Platform,Ubisoft,0.03,0.09,0,0.01,0.13
6741,"Ed, Edd n Eddy: The Mis-Edventures",GC,2005,Platform,Midway Games,0.19,0.05,0,0.01,0.25
16433,Golden Time: Vivid Memories,PSV,2014,Adventure,ASCII Media Works,0,0,0.01,0,0.01
6106,All Star Cheer Squad,DS,2008,Sports,THQ,0.26,0,0,0.02,0.28
13766,Hakuouki: Reimeiroku Portable,PSP,2011,Adventure,Idea Factory,0,0,0.04,0,0.04
14144,Tour de France 2014,PS4,2014,Sports,Focus Home Interactive,0,0.03,0,0,0.03
2553,DiRT 2,X360,2009,Racing,Codemasters,0.32,0.4,0,0.09,0.81
5657,7 Wonders II,DS,2009,Puzzle,Rondomedia,0.14,0.15,0,0.03,0.32
8260,NCAA Football 09 All-Play,Wii,2008,Sports,Electronic Arts,0.16,0,0,0.01,0.17
2319,FIFA Soccer 09 All-Play,Wii,2008,Sports,Electronic Arts,0.29,0.52,0,0.09,0.9
7259,You Don't Know Jack,Wii,2011,Misc,THQ,0.2,0,0,0.01,0.22
6216,iCarly 2: iJoin The Click!,DS,2010,Adventure,Activision,0.26,0.01,0,0.02,0.28
13585,Naruto Shippuuden: Shinobi Retsuden III,DS,2009,Action,Takara Tomy,0,0,0.04,0,0.04
685,Mario Tennis,N64,2000,Sports,Nintendo,0.78,0.4,1.06,0.07,2.32
15732,Goblin Commander: Unleash the Horde,GC,2003,Strategy,Jaleco,0.01,0,0,0,0.02
15377,Kawaii Koinu DS 3,DS,2010,Simulation,MTO,0,0,0.02,0,0.02
10797,Street Fighter Collection,PS,1997,Fighting,Capcom,0,0,0.09,0.01,0.1
13294,Jewel Quest Mysteries,DS,2009,Puzzle,Astragon,0.03,0.01,0,0,0.05
13730,Harley-Davidson: Road Trip,Wii,2010,Racing,Destineer,0.04,0,0,0,0.04
4079,Battlefield: Hardline,PS3,2015,Shooter,Electronic Arts,0.12,0.23,0.07,0.07,0.49
1031,Disney Infinity,Wii,2013,Action,Disney Interactive Studios,1.15,0.44,0,0.14,1.73
14736,Eco Creatures: Save The Forest,DS,2007,Adventure,Rising Star Games,0.03,0,0,0,0.03
12237,12-Sai. Honto no Kimochi,3DS,2014,Adventure,Happinet,0,0,0.07,0,0.07
8066,Bloody Roar: Primal Fury,GC,2002,Fighting,Activision,0.14,0.04,0,0,0.18
5606,Ben 10 Ultimate Alien: Cosmic Destruction,DS,2010,Platform,D3Publisher,0.22,0.08,0,0.03,0.32
8032,de Blob 2,Wii,2011,Platform,THQ,0.11,0.06,0,0.02,0.18
5040,Cabela's Big Game Hunter 2012,Wii,2011,Sports,Activision,0.34,0.02,0,0.02,0.38
3527,No More Heroes,Wii,2007,Action,Rising Star Games,0.3,0.17,0.04,0.05,0.57
2478,Time Crisis 4,PS3,2007,Shooter,Namco Bandai Games,0.32,0.33,0.05,0.14,0.84
12922,Venetica,PC,2009,Role-Playing,DTP Entertainment,0,0.04,0,0.01,0.05
570,Hannah Montana,DS,2006,Action,Disney Interactive Studios,1.59,0.8,0,0.26,2.65
5042,Iron Man 2,PSP,2010,Action,Sega,0.18,0.12,0,0.07,0.38
14242,Yumeiro Patissiere: My Sweets Cooking,DS,2010,Simulation,Konami Digital Entertainment,0,0,0.03,0,0.03
15749,Summer Challenge: Athletics Tournament,Wii,2011,Sports,PQube,0,0.01,0,0,0.02
2339,Finding Nemo,GC,2003,Action,THQ,0.69,0.18,0,0.02,0.89
9262,SNK vs. Capcom: The Match of the Millennium,PS2,2006,Fighting,Sega,0,0.02,0,0.12,0.14
8808,Metal Slug Anthology,Wii,2006,Shooter,Ignition Entertainment,0.12,0.01,0,0.01,0.15
4873,Naruto: Path of the Ninja,DS,2007,Role-Playing,D3Publisher,0.37,0,0,0.03,0.4
5536,Spy Kids 3-D: Game Over,GBA,2003,Platform,Disney Interactive Studios,0.24,0.09,0,0.01,0.33
12816,Jikkyou Powerful Pro Yakyuu DreamCast Edition,DC,2000,Sports,Konami Digital Entertainment,0,0,0.06,0,0.06
6692,Gex 64: Enter the Gecko,N64,1998,Action,GT Interactive,0.2,0.05,0,0,0.25
15100,Enchanted Arms (JP sales),X360,2006,Role-Playing,Ubisoft,0,0,0.02,0,0.02
4558,Midway Arcade Treasures,XB,2003,Misc,Midway Games,0.33,0.08,0,0.01,0.43
6144,F/A-18F Super Hornet,GBA,2004,Simulation,Majesco Entertainment,0.2,0.08,0,0.01,0.28
6650,Cartoon Network Collection: Game Boy Advance Video Volume 1,GBA,2004,Misc,N/A,0.18,0.07,0,0,0.25
5422,Herbie: Fully Loaded,GBA,2005,Racing,Disney Interactive Studios,0.24,0.09,0,0.01,0.34
4270,The Mark of Kri,PS2,2002,Action,Sony Computer Entertainment,0.22,0.18,0,0.06,0.46
14726,Dakar 2: The World's Ultimate Rally,GC,2003,Racing,Acclaim Entertainment,0.02,0.01,0,0,0.03
5153,Need for Speed: The Run,PC,2011,Action,Electronic Arts,0.09,0.21,0,0.07,0.37
1109,Mario Party 6,GC,2004,Misc,Nintendo,0.9,0.11,0.6,0.05,1.65
1624,Vigilante 8,PS,1998,Racing,Activision,0.68,0.47,0,0.08,1.23
1028,Overwatch,PS4,2016,Shooter,Activision,0.64,0.68,0.14,0.26,1.73
4387,NBA Live 10,X360,2009,Sports,Electronic Arts,0.4,0.02,0,0.03,0.45
6975,Star Wars: The Force Unleashed II,DS,2010,Action,LucasArts,0.18,0.04,0,0.02,0.23
1641,Parfait: Chocolat Second Style,PS2,2006,Adventure,Alchemist,0.59,0.46,0.01,0.15,1.22
7245,Shellshock: Nam '67,XB,2004,Shooter,Eidos Interactive,0.16,0.05,0,0.01,0.22
1756,Test Drive: Off Road,PS,1997,Racing,Eidos Interactive,0.65,0.44,0,0.08,1.16
3397,Iron Man,Wii,2008,Action,Sega,0.31,0.22,0,0.06,0.59
5682,Cabela's Dangerous Hunts 2011,X360,2010,Sports,Activision,0.28,0.01,0,0.02,0.32
12109,Super Real Mahjong Graffiti,SAT,1995,Misc,Seta Corporation,0,0,0.07,0,0.07
14192,Batman Forever: The Arcade Game,PS,1996,Action,Acclaim Entertainment,0.02,0.01,0,0,0.03
9944,The Lord of the Rings: Aragorn's Quest,PSP,2010,Action,Warner Bros. Interactive Entertainment,0.07,0.02,0,0.02,0.12
11270,Disgaea Infinite,PSP,2010,Adventure,Nippon Ichi Software,0.07,0,0.01,0.01,0.08
11770,Boxing,PS,2000,Fighting,Midas Interactive Entertainment,0.04,0.03,0,0,0.07
10708,Little League World Series Baseball 2010,X360,2010,Sports,Activision,0.09,0,0,0.01,0.1
5903,NBA Live 2003,GC,N/A,Sports,Electronic Arts,0.23,0.06,0,0.01,0.3
10242,Breakout,PS,1999,Puzzle,Hasbro Interactive,0.06,0.04,0,0.01,0.11
1402,The Sims 2,PSP,2005,Simulation,Electronic Arts,0.49,0.56,0,0.33,1.38
10155,Spyborgs,Wii,2009,Action,Capcom,0.1,0.01,0,0.01,0.11
14141,World Series of Poker: Tournament of Champions 2007 Edition,PS2,2006,Misc,Activision,0.02,0.01,0,0,0.03
230,Tomb Raider,PS,1996,Action,Eidos Interactive,2.29,1.97,0.13,0.24,4.63
932,NBA Live 2002,PS2,2001,Sports,Electronic Arts,0.91,0.71,0,0.24,1.86
12890,MLB SlugFest 2006,XB,2006,Sports,Midway Games,0.04,0.01,0,0,0.05
14899,Psycho-Pass: Mandatory Happiness,PS4,2016,Adventure,Nippon Ichi Software,0.02,0,0,0,0.03
14775,My Frogger: Toy Trials,DS,2006,Action,Konami Digital Entertainment,0.02,0,0,0,0.03
7159,Conflict: Vietnam,XB,2004,Shooter,SCi,0.17,0.05,0,0.01,0.22
8118,MindJack,PS3,2011,Shooter,Square Enix,0.07,0.08,0,0.03,0.18
13156,Pirates vs Ninja Dodgeball,Wii,2009,Sports,SouthPeak Games,0.05,0,0,0,0.05
13661,Mazes of Fate DS,DS,2008,Role-Playing,Graffiti,0.04,0,0,0,0.04
15846,Otona no Renai Shousetsu: Harlequin Selection,DS,2010,Misc,Nintendo,0,0,0.02,0,0.02
4265,Deadpool,X360,2013,Action,Activision,0.26,0.16,0,0.04,0.46
1085,SSX 3,PS2,2003,Sports,Electronic Arts,0.93,0.52,0,0.22,1.67
11450,Smuggler's Run: Warzones,GC,2002,Misc,Take-Two Interactive,0.06,0.02,0,0,0.08
4399,Walt Disney World Quest: Magical Racing Tour,PS,2000,Racing,Eidos Interactive,0.25,0.17,0,0.03,0.45
11198,My Make-Up,DS,2008,Misc,Oxygen Interactive,0.08,0,0,0.01,0.09
4724,SpongeBob SquigglePants,Wii,2011,Misc,THQ,0.36,0.03,0,0.03,0.41
13832,BlazBlue: Chrono Phantasma Extend,PS3,2015,Action,PQube,0,0,0.04,0,0.04
13440,Activision Anthology,GBA,2003,Misc,Activision,0.03,0.01,0,0,0.05
10324,Patapon 2,PSP,2008,Misc,Sony Computer Entertainment,0,0.03,0.06,0.01,0.11
6381,Fire Emblem: Shin Monshou no Nazo Hikari to Kage no Eiyuu,DS,2010,Strategy,Nintendo,0,0,0.27,0,0.27
9691,Obscure: The Aftermath,Wii,2008,Action,Playlogic Game Factory,0.12,0,0,0.01,0.12
10630,Record of Agarest War Zero,X360,2010,Strategy,Compile Heart,0.09,0,0,0.01,0.1
4514,Bionicle,PS2,2003,Action,Electronic Arts,0.21,0.17,0,0.06,0.43
9971,Stolen Song,PS,1998,Adventure,Sony Computer Entertainment,0,0,0.11,0.01,0.12
2536,Kamaitachi no Yoru,SNES,1994,Adventure,ChunSoft,0,0,0.81,0,0.81
5398,Harry Potter and the Half-Blood Prince,PS3,2009,Action,Electronic Arts,0.15,0.13,0,0.06,0.34
9579,Rock Band Track Pack Volume 2,PS3,2008,Misc,MTV Games,0.11,0,0,0.01,0.13
5167,GoldenEye: Rogue Agent,GC,2004,Shooter,Electronic Arts,0.28,0.07,0,0.01,0.36
1859,Lode Runner,NES,1984,Puzzle,Hudson Soft,0,0,1.1,0,1.1
4505,FIFA 14,PC,2013,Sports,Electronic Arts,0.01,0.36,0,0.06,0.43
761,Volleyball,NES,1987,Sports,Nintendo,0.14,0.03,1.98,0,2.15
9867,Medarot 4: Kabuto / Kuwagata Version,GB,2001,Role-Playing,Imagineer,0,0,0.12,0,0.12
10418,D,PS,1995,Adventure,Acclaim Entertainment,0,0,0.1,0.01,0.11
3805,Tiger Woods PGA Tour 11,X360,2010,Sports,Electronic Arts,0.28,0.2,0,0.05,0.53
5293,Stunt Race FX,SNES,1993,Racing,Nintendo,0,0,0.35,0,0.35
3353,LEGO The Hobbit,PS4,2014,Action,Warner Bros. Interactive Entertainment,0.12,0.37,0,0.1,0.6
1483,Pokemon Ranger: Guardian Signs,DS,2010,Role-Playing,Nintendo,0.51,0.17,0.58,0.06,1.33
8535,Ready 2 Rumble Revolution,Wii,2009,Sports,Atari,0.15,0,0,0.01,0.16
9767,Virtua Fighter CG Portrait Series Vol.4: Pai Chan,SAT,1995,Misc,Sega,0,0,0.12,0,0.12
205,Warzone 2100,PS,1999,Strategy,Eidos Interactive,2.79,1.89,0,0.33,5.01
856,Harry Potter and the Chamber of Secrets,PS,2002,Action,Electronic Arts,0.75,1.09,0.02,0.12,1.98
9992,F1 2002,PS2,2002,Racing,Electronic Arts,0.05,0.04,0.02,0.01,0.12
15068,F1 Race Stars,PC,2012,Racing,Codemasters,0,0.02,0,0,0.02
10537,Math Blaster in the Prime Adventure,DS,2009,Misc,Majesco Entertainment,0.09,0,0,0.01,0.1
1197,Dishonored,PS3,2012,Action,Bethesda Softworks,0.72,0.54,0.04,0.25,1.55
2960,NFL Xtreme,PS,1998,Sports,Sony Computer Entertainment,0.38,0.26,0,0.05,0.69
13484,Bionicle Heroes,Wii,2007,Shooter,Eidos Interactive,0.04,0,0,0,0.04
7858,The Amazing Spider-Man (Console Version),3DS,2012,Action,Activision,0.15,0.03,0,0.01,0.19
3139,Spyro: A Hero's Tail,PS2,2004,Platform,Vivendi Games,0.32,0.25,0,0.08,0.64
3827,The Grinch,PS,1999,Adventure,Konami Digital Entertainment,0.29,0.2,0,0.03,0.52
11212,L: the proLogue to DEATH NOTE - Rasen no Wana,DS,2008,Adventure,Konami Digital Entertainment,0,0,0.09,0,0.09
1653,Cars,PS2,2006,Racing,THQ,1.01,0.04,0,0.16,1.21
1201,BioShock 2,PS3,2010,Shooter,Take-Two Interactive,0.85,0.47,0.02,0.22,1.55
14446,Dancing Blade II: Tears of Eden,PS,1999,Adventure,Konami Digital Entertainment,0,0,0.03,0,0.03
13877,Shonen Jump's One Piece: Grand Adventure,GC,2006,Fighting,Namco Bandai Games,0.03,0.01,0,0,0.04
14818,Renegade Racers,PS,1999,Racing,Interplay,0.01,0.01,0,0,0.03
2901,Ratchet & Clank: Into the Nexus,PS3,2013,Shooter,Sony Computer Entertainment,0.3,0.29,0,0.11,0.71
16435,Shinseiki Evangelion: Koutetsu no Girlfriend 2nd Portable,PSP,2009,Adventure,CyberFront,0,0,0.01,0,0.01
5993,Jikkyou Powerful Pro Yakyuu 2000 Kaimakuban,PS,2000,Sports,Konami Digital Entertainment,0,0,0.27,0.02,0.29
3372,Xena: Warrior Princess,PS,1998,Adventure,Electronic Arts,0.33,0.23,0,0.04,0.6
5544,Despicable Me: The Game,Wii,2010,Platform,D3Publisher,0.19,0.12,0,0.03,0.33
15604,Command & Conquer 3: Kane's Wrath,PC,2008,Strategy,Electronic Arts,0,0.01,0,0,0.02
15967,Curse of the Amsterdam Diamond,DS,2012,Puzzle,Easy Interactive,0,0.01,0,0,0.02
4453,Bomberman II,NES,1991,Puzzle,Hudson Soft,0.16,0.03,0.15,0.1,0.44
12525,Destiny: The Collection,PS4,2016,Shooter,Activision,0.01,0.04,0,0.01,0.06
8538,TimeSplitters: Future Perfect,XB,2005,Shooter,Electronic Arts,0.12,0.03,0,0.01,0.16
5675,NFL Fever 2004,XB,2003,Sports,Microsoft Game Studios,0.24,0.07,0,0.01,0.32
6552,MLB 09: The Show,PSP,2009,Sports,Sony Computer Entertainment,0.24,0,0,0.02,0.26
11845,Utawarerumono: Itsuwari no Kamen,PSV,2015,Adventure,Aqua Plus,0,0,0.07,0,0.07
99,Call of Duty: World at War,X360,2008,Shooter,Activision,4.79,1.9,0,0.69,7.37
788,Scooby-Doo! Night of 100 Frights,PS2,2002,Platform,THQ,1.17,0.72,0,0.22,2.1
4851,Diner Dash: Sizzle & Serve,DS,2007,Puzzle,Eidos Interactive,0.34,0.03,0,0.03,0.4
11042,Bass Pro Shops: The Hunt,X360,2010,Sports,Griffin International,0.08,0,0,0.01,0.09
6903,4x4 EVO 2,XB,2001,Racing,Gathering of Developers,0.18,0.05,0,0.01,0.24
11507,Samurai Shodown III,NG,1995,Fighting,SNK,0,0,0.08,0,0.08
5918,Capcom Classics Collection Remixed,PSP,2006,Misc,Capcom,0.27,0,0,0.03,0.3
9282,Yu-Gi-Oh! GX: Tag Force,PSP,2006,Strategy,Konami Digital Entertainment,0.09,0.03,0,0.02,0.14
3434,Harvest Moon: Friends of Mineral Town,GBA,2003,Simulation,Ubisoft,0.34,0.13,0.11,0.01,0.59
5628,Dance Dance Revolution Universe,X360,2007,Simulation,Konami Digital Entertainment,0.3,0,0,0.02,0.32
3474,Prince of Persia: The Two Thrones,XB,2005,Action,Ubisoft,0.33,0.22,0,0.03,0.58
13523,Disney's Meet the Robinsons,GC,2007,Action,Disney Interactive Studios,0.03,0.01,0,0,0.04
13448,Trigger Man,XB,2004,Shooter,Crave Entertainment,0.03,0.01,0,0,0.05
4455,Sin and Punishment: Star Successor,Wii,2009,Shooter,Nintendo,0.2,0.14,0.06,0.04,0.44
2914,Lalaloopsy,DS,2011,Simulation,Activision,0.54,0.1,0,0.06,0.7
288,Fallout 4,XOne,2015,Role-Playing,Bethesda Softworks,2.45,1.26,0.01,0.37,4.09
7393,HBO Boxing,PS,2000,Fighting,Acclaim Entertainment,0.12,0.08,0,0.01,0.21
10251,Tornado Outbreak,Wii,2009,Action,Konami Digital Entertainment,0.1,0,0,0.01,0.11
7812,Mace Griffin: Bounty Hunter,PS2,2003,Shooter,Electronic Arts,0.09,0.07,0,0.02,0.19
10365,Lego Star Wars: The Force Awakens,X360,2016,Action,Warner Bros. Interactive Entertainment,0.04,0.06,0,0.01,0.11
738,Wario Land 3,GB,2000,Platform,Nintendo,1.11,0.51,0.34,0.23,2.2
2726,Monopoly Streets,Wii,2010,Misc,Electronic Arts,0.24,0.44,0,0.08,0.76
1230,Dead Space 2,X360,2011,Shooter,Electronic Arts,0.94,0.45,0,0.13,1.52
12462,Coded Arms: Contagion,PSP,2007,Shooter,Konami Digital Entertainment,0.05,0,0,0.01,0.06
10163,Mobile Suit Gundam: MS Sensen 0079,Wii,2007,Simulation,Namco Bandai Games,0,0,0.11,0,0.11
3926,Final Fantasy II Anniversary Edition,PSP,2007,Role-Playing,Square Enix,0.36,0.03,0.07,0.04,0.51
2118,South Park: The Stick of Truth,PS3,2014,Role-Playing,Ubisoft,0.42,0.38,0,0.17,0.98
6713,Disgaea 2: Dark Hero Days,PSP,2009,Role-Playing,Nippon Ichi Software,0.1,0.01,0.12,0.02,0.25
9060,Front Mission Alternative,PS,1997,Strategy,SquareSoft,0,0,0.13,0.01,0.14
7638,The Witch and the Hundred Knight,PS3,2013,Role-Playing,Nippon Ichi Software,0.06,0.02,0.1,0.01,0.2
14672,Betty Boop's Double Shift,DS,2007,Puzzle,Zoo Digital Publishing,0.03,0,0,0,0.03
1876,Skate 2,X360,2009,Sports,Electronic Arts,0.82,0.17,0.01,0.09,1.09
16144,Furious Karting,XB,2003,Racing,Atari,0.01,0,0,0,0.01
11860,Model * Oshare Audition: Dream Girl,3DS,2013,Misc,Alchemist,0,0,0.07,0,0.07
4244,Crayon Shin-Chan: Arashi o Yobu Enji,SNES,1993,Platform,Namco Bandai Games,0,0,0.46,0,0.46
7527,Mobile Suit Gundam: Crossfire,PS3,2006,Simulation,Namco Bandai Games,0.06,0,0.14,0.01,0.2
2436,Far Cry: Primal,XOne,2016,Action,Ubisoft,0.46,0.32,0,0.07,0.85
13727,Hanaoni: Yume no Tsudzuki,PSP,2012,Action,Idea Factory,0,0,0.04,0,0.04
2175,Wheel of Fortune,PS2,N/A,Misc,Unknown,0.47,0.36,0,0.12,0.95
6898,Checkers,2600,1980,Misc,Atari,0.22,0.01,0,0,0.24
12951,Persona 2: Eternal Punishment,PSP,2012,Role-Playing,Atlus,0,0,0.05,0,0.05
2714,Assassin's Creed: Revelations,PC,2011,Action,Ubisoft,0.14,0.48,0,0.14,0.76
8248,The Grim Adventures of Billy & Mandy,GC,2006,Action,Midway Games,0.13,0.03,0,0,0.17
9354,Suikoden: Tsumugareshi Hyakunen no Toki,PSP,2012,Role-Playing,Konami Digital Entertainment,0,0,0.13,0,0.13
2769,Tom Clancy's Rainbow Six: Vegas,PSP,2007,Shooter,Ubisoft,0.42,0.19,0,0.14,0.74
16492,Micro Machines V4,PS2,2006,Racing,Codemasters,0.01,0,0,0,0.01
1124,Until Dawn,PS4,2015,Adventure,Sony Computer Entertainment Europe,0.44,0.89,0.05,0.25,1.64
6897,Divinity II: Ego Draconis,X360,2009,Role-Playing,DTP Entertainment,0.18,0.04,0,0.02,0.24
2166,Tom Clancy's Ghost Recon: Future Soldier,PS3,2012,Shooter,Ubisoft,0.41,0.33,0.09,0.12,0.96
4309,Persona 4: Dancing All Night,PSV,2015,Misc,Nippon Ichi Software,0.13,0.1,0.15,0.07,0.46
598,Ratchet & Clank: Up Your Arsenal,PS2,2004,Platform,Sony Computer Entertainment,1.31,0.74,0.31,0.22,2.57
15879,Dinotopia: The Sunstone Odyssey,GC,N/A,Action,Unknown,0.01,0,0,0,0.02
2675,Conker's Bad Fur Day,N64,2001,Platform,THQ,0.53,0.22,0,0.02,0.77
1861,Famicom Jump: Eiyuu Retsuden,NES,1989,Role-Playing,Namco Bandai Games,0,0,1.1,0,1.1
10795,Glory Days 2,DS,2007,Strategy,Ghostlight,0.08,0,0,0.01,0.1
1931,SoulCalibur III,PS2,2005,Fighting,Namco Bandai Games,0.74,0.15,0.13,0.05,1.07
12949,Choujikuu Yousai Macross: Do You Remember Love,PS3,2012,Shooter,Namco Bandai Games,0,0,0.05,0,0.05
1422,LEGO Harry Potter: Years 1-4,PS3,2010,Action,Warner Bros. Interactive Entertainment,0.55,0.6,0,0.22,1.37
10046,Monster Madness: Battle for Suburbia,X360,2007,Shooter,SouthPeak Games,0.1,0,0,0.01,0.11
2733,Wall-E,PS2,2008,Platform,THQ,0.21,0,0,0.54,0.75
3664,Mega Man Zero,GBA,2002,Platform,Capcom,0.22,0.08,0.24,0.01,0.55
5814,Spin Jam,PS,2000,Puzzle,Empire Interactive,0.17,0.12,0,0.02,0.31
2433,Need for Speed: Nitro,Wii,2009,Racing,Electronic Arts,0.46,0.31,0,0.08,0.85
1976,Derby Stallion 96,SNES,1996,Sports,ASCII Entertainment,0,0,1.04,0.01,1.05
13821,Stuntman,GBA,2003,Racing,Atari,0.03,0.01,0,0,0.04
13788,Deadliest Warrior: Ancient Combat,PS3,2012,Fighting,Cloud Imperium Games Corporation,0.04,0,0,0,0.04
8449,Jikkyou Powerful Pro Yakyuu 2014,PS3,2014,Sports,Konami Digital Entertainment,0,0,0.17,0,0.17
13895,WRC: FIA World Rally Championship,PSP,2005,Racing,Sony Computer Entertainment,0.02,0.01,0,0.01,0.04
15479,Yu-Gi-Oh! 5D's Wheelie Breakers (JP sales),Wii,N/A,Racing,Unknown,0,0,0.02,0,0.02
13116,Dual Heroes,N64,1997,Fighting,Hudson Soft,0.04,0.01,0,0,0.05
